id_evento,data_inicio,id_estacao
66955,2021-10-15 22:11:46+00:00,24
67278,2021-10-24 16:34:17+00:00,29
67280,2021-10-24 16:45:02+00:00,29
67279,2021-10-24 16:39:46+00:00,29
66613,2021-10-03 17:29:02+00:00,21
66622,2021-10-03 19:26:26+00:00,18
67113,2021-10-20 09:49:37+00:00,31
67283,2021-10-24 17:14:51+00:00,31
66616,2021-10-03 17:52:16+00:00,31
67282,2021-10-24 17:02:59+00:00,31
66618,2021-10-03 18:26:00+00:00,31
67124,2021-10-20 11:33:27+00:00,31
66608,2021-10-03 17:06:43+00:00,16
67286,2021-10-24 19:44:24+00:00,29
67287,2021-10-24 20:18:35+00:00,26
66611,2021-10-03 17:22:17+00:00,21
66619,2021-10-03 18:29:39+00:00,21
67093,2021-10-20 05:32:42+00:00,18
67276,2021-10-24 16:23:34+00:00,28
67426,2021-10-29 06:42:13+00:00,2
67273,2021-10-24 10:46:45+00:00,1
66951,2021-10-15 20:43:49+00:00,24
66617,2021-10-03 18:20:32+00:00,21
66610,2021-10-03 17:15:40+00:00,21
66623,2021-10-03 20:21:34+00:00,21
67281,2021-10-24 16:59:57+00:00,28
67418,2021-10-28 22:54:31+00:00,11
67111,2021-10-20 09:23:03+00:00,11
67047,2021-10-19 06:52:13+00:00,15
67424,2021-10-29 04:07:27+00:00,11
67483,2021-10-31 18:39:44+00:00,11
66612,2021-10-03 17:24:55+00:00,21
67486,2021-10-31 19:38:43+00:00,3
67485,2021-10-31 19:39:15+00:00,3
66615,2021-10-03 17:45:52+00:00,24
66614,2021-10-03 17:33:31+00:00,32
67491,2021-10-31 21:54:12+00:00,4
67490,2021-10-31 21:50:17+00:00,5
67488,2021-10-31 21:37:52+00:00,5
66956,2021-10-15 22:16:21+00:00,24
67277,2021-10-24 16:26:48+00:00,22
67092,2021-10-20 05:07:24+00:00,11
67412,2021-10-28 21:41:27+00:00,11
67417,2021-10-28 22:45:02+00:00,11
67419,2021-10-28 23:03:03+00:00,11
67270,2021-10-24 10:15:32+00:00,11
66798,2021-10-11 05:08:06+00:00,11
66950,2021-10-15 20:40:34+00:00,24
66953,2021-10-15 21:00:54+00:00,24
66954,2021-10-15 21:37:48+00:00,24
66949,2021-10-15 20:34:46+00:00,24
67272,2021-10-24 10:39:17+00:00,8
67268,2021-10-24 09:51:03+00:00,8
67269,2021-10-24 10:01:42+00:00,8
67103,2021-10-20 07:56:36+00:00,21
66620,2021-10-03 18:45:06+00:00,18
66621,2021-10-03 18:57:52+00:00,18
67100,2021-10-20 07:07:11+00:00,15
2447,2015-12-07 08:55:31+00:00,10
2440,2015-12-07 08:06:22+00:00,21
2452,2015-12-07 09:01:58+00:00,10
2450,2015-12-07 08:56:29+00:00,11
2449,2015-12-07 08:56:12+00:00,10
2445,2015-12-07 08:54:57+00:00,32
2441,2015-12-07 08:53:20+00:00,10
2451,2015-12-07 08:57:01+00:00,10
2448,2015-12-07 08:55:54+00:00,10
2456,2015-12-07 10:09:54+00:00,24
2454,2015-12-07 09:12:46+00:00,24
2444,2015-12-07 08:54:39+00:00,21
2442,2015-12-07 08:53:45+00:00,2
2446,2015-12-07 08:55:12+00:00,32
2443,2015-12-07 08:54:18+00:00,10
52454,2020-03-21 07:21:58+00:00,24
52471,2020-03-21 11:06:46+00:00,24
51761,2020-03-01 00:39:14+00:00,24
52427,2020-03-20 20:05:00+00:00,7
51770,2020-03-01 02:49:31+00:00,7
51759,2020-03-01 00:15:03+00:00,29
51806,2020-03-01 07:43:28+00:00,28
51758,2020-03-01 00:11:26+00:00,29
51767,2020-03-01 02:13:18+00:00,29
51832,2020-03-01 09:00:30+00:00,18
51763,2020-03-01 00:50:34+00:00,29
51814,2020-03-01 07:52:55+00:00,22
51756,2020-03-01 00:02:32+00:00,22
51827,2020-03-01 08:38:09+00:00,16
52464,2020-03-21 08:37:42+00:00,18
51784,2020-03-01 04:42:12+00:00,32
51773,2020-03-01 03:03:16+00:00,22
51782,2020-03-01 04:33:39+00:00,13
51780,2020-03-01 04:03:16+00:00,13
51836,2020-03-01 09:35:41+00:00,13
51811,2020-03-01 07:50:37+00:00,15
51820,2020-03-01 08:06:58+00:00,7
51781,2020-03-01 04:31:12+00:00,1
52374,2020-03-17 20:33:44+00:00,12
51830,2020-03-01 08:44:29+00:00,12
51944,2020-03-02 14:52:09+00:00,12
51777,2020-03-01 03:48:42+00:00,12
51778,2020-03-01 03:57:04+00:00,12
52428,2020-03-20 20:40:53+00:00,15
51793,2020-03-01 06:25:22+00:00,23
51968,2020-03-03 07:50:31+00:00,15
52430,2020-03-20 21:29:22+00:00,15
52460,2020-03-21 08:03:35+00:00,11
52426,2020-03-20 19:26:35+00:00,3
51860,2020-03-01 11:06:59+00:00,3
51911,2020-03-01 19:01:51+00:00,31
51779,2020-03-01 03:59:52+00:00,16
51880,2020-03-01 12:33:41+00:00,15
51762,2020-03-01 00:44:43+00:00,7
51789,2020-03-01 05:45:46+00:00,24
51757,2020-03-01 00:07:25+00:00,22
52485,2020-03-21 15:52:39+00:00,12
51833,2020-03-01 09:03:54+00:00,19
51966,2020-03-03 07:02:35+00:00,6
52467,2020-03-21 10:03:02+00:00,18
51923,2020-03-02 06:22:24+00:00,13
52492,2020-03-21 22:05:52+00:00,13
51879,2020-03-01 12:28:57+00:00,11
52450,2020-03-21 06:57:34+00:00,11
51783,2020-03-01 04:38:43+00:00,11
52378,2020-03-17 21:38:43+00:00,11
52453,2020-03-21 07:10:06+00:00,11
51766,2020-03-01 01:54:26+00:00,11
52438,2020-03-20 22:46:08+00:00,11
51760,2020-03-01 00:22:52+00:00,11
52486,2020-03-21 15:58:55+00:00,16
52377,2020-03-17 21:26:53+00:00,16
51776,2020-03-01 03:17:31+00:00,16
51764,2020-03-01 00:55:59+00:00,29
52463,2020-03-21 08:33:33+00:00,18
51790,2020-03-01 05:49:04+00:00,24
52435,2020-03-20 22:20:00+00:00,18
51829,2020-03-01 08:41:31+00:00,17
51926,2020-03-02 08:50:47+00:00,8
52455,2020-03-21 07:37:43+00:00,10
52484,2020-03-21 15:50:18+00:00,18
51838,2020-03-01 09:50:49+00:00,16
51862,2020-03-01 12:13:18+00:00,7
51869,2020-03-01 12:19:07+00:00,7
51815,2020-03-01 07:54:04+00:00,7
51896,2020-03-01 13:41:10+00:00,4
51822,2020-03-01 08:15:49+00:00,16
51828,2020-03-01 08:40:52+00:00,16
51799,2020-03-01 07:30:16+00:00,16
51807,2020-03-01 07:45:17+00:00,16
51810,2020-03-01 07:48:41+00:00,16
51808,2020-03-01 07:46:45+00:00,16
51792,2020-03-01 06:01:59+00:00,16
51801,2020-03-01 07:38:31+00:00,16
51877,2020-03-01 12:25:37+00:00,13
51852,2020-03-01 10:58:33+00:00,9
51868,2020-03-01 12:18:11+00:00,9
51823,2020-03-01 08:16:41+00:00,9
51791,2020-03-01 05:52:50+00:00,9
51846,2020-03-01 09:54:41+00:00,19
51786,2020-03-01 05:02:14+00:00,13
51855,2020-03-01 11:02:58+00:00,13
51955,2020-03-02 18:27:01+00:00,13
51816,2020-03-01 07:55:32+00:00,13
51870,2020-03-01 12:19:52+00:00,13
51854,2020-03-01 11:02:10+00:00,13
51837,2020-03-01 09:46:17+00:00,13
51858,2020-03-01 11:05:46+00:00,15
51802,2020-03-01 07:39:24+00:00,18
51842,2020-03-01 09:52:44+00:00,7
51871,2020-03-01 12:20:33+00:00,7
51843,2020-03-01 09:53:00+00:00,23
51851,2020-03-01 10:58:13+00:00,7
51821,2020-03-01 08:14:48+00:00,7
51890,2020-03-01 13:30:16+00:00,7
51861,2020-03-01 12:12:29+00:00,7
51848,2020-03-01 09:57:17+00:00,7
51917,2020-03-01 21:46:59+00:00,2
51991,2020-03-03 17:58:12+00:00,4
51913,2020-03-01 19:39:42+00:00,1
51874,2020-03-01 12:22:36+00:00,4
51853,2020-03-01 10:59:17+00:00,4
51857,2020-03-01 11:04:55+00:00,4
51818,2020-03-01 07:58:52+00:00,2
51982,2020-03-03 16:15:45+00:00,1
51916,2020-03-01 21:44:36+00:00,4
51885,2020-03-01 13:25:22+00:00,4
51872,2020-03-01 12:21:07+00:00,11
51875,2020-03-01 12:23:14+00:00,3
51889,2020-03-01 13:29:44+00:00,1
51893,2020-03-01 13:36:34+00:00,3
51891,2020-03-01 13:31:13+00:00,3
51863,2020-03-01 12:14:19+00:00,3
51867,2020-03-01 12:17:15+00:00,3
51895,2020-03-01 13:40:36+00:00,1
51903,2020-03-01 16:18:25+00:00,2
51866,2020-03-01 12:16:43+00:00,3
51894,2020-03-01 13:40:03+00:00,3
51847,2020-03-01 09:55:54+00:00,3
51884,2020-03-01 13:22:44+00:00,5
51897,2020-03-01 13:42:02+00:00,4
51996,2020-03-03 20:25:01+00:00,5
51888,2020-03-01 13:28:08+00:00,5
51865,2020-03-01 12:15:53+00:00,4
51886,2020-03-01 13:26:29+00:00,4
51840,2020-03-01 09:51:59+00:00,5
51887,2020-03-01 13:27:11+00:00,5
51845,2020-03-01 09:54:04+00:00,16
51844,2020-03-01 09:53:32+00:00,7
51859,2020-03-01 11:07:17+00:00,6
51921,2020-03-01 22:35:44+00:00,6
51856,2020-03-01 11:03:57+00:00,6
51800,2020-03-01 07:34:13+00:00,6
51849,2020-03-01 10:56:33+00:00,16
51841,2020-03-01 09:52:25+00:00,16
51883,2020-03-01 13:22:16+00:00,16
51805,2020-03-01 07:41:33+00:00,16
51817,2020-03-01 07:57:17+00:00,16
51839,2020-03-01 09:51:18+00:00,16
51803,2020-03-01 07:40:15+00:00,16
51864,2020-03-01 12:15:22+00:00,16
51825,2020-03-01 08:30:31+00:00,13
51878,2020-03-01 12:27:11+00:00,8
51882,2020-03-01 13:21:29+00:00,8
51922,2020-03-02 06:05:48+00:00,10
51765,2020-03-01 01:44:37+00:00,10
51850,2020-03-01 10:57:04+00:00,8
51918,2020-03-01 21:48:34+00:00,6
51873,2020-03-01 12:22:04+00:00,8
51771,2020-03-01 02:53:27+00:00,7
51831,2020-03-01 08:47:53+00:00,13
51804,2020-03-01 07:40:53+00:00,13
51769,2020-03-01 02:45:50+00:00,7
99995,2023-07-28 23:09:06+00:00,21
99994,2023-07-28 23:05:53+00:00,18
100001,2023-07-29 00:13:30+00:00,18
9203,2016-08-21 08:42:58+00:00,21
23280,2018-01-02 19:09:20+00:00,16
23283,2018-01-02 19:21:13+00:00,21
23279,2018-01-02 19:05:01+00:00,21
23276,2018-01-02 18:46:41+00:00,21
23278,2018-01-02 18:58:48+00:00,21
23291,2018-01-02 20:58:59+00:00,16
23277,2018-01-02 18:52:12+00:00,7
23367,2018-01-04 09:54:29+00:00,16
23358,2018-01-04 07:47:20+00:00,16
23371,2018-01-04 11:12:52+00:00,8
23356,2018-01-04 07:13:41+00:00,27
23354,2018-01-04 06:56:21+00:00,15
23353,2018-01-04 06:53:38+00:00,29
23351,2018-01-04 05:15:46+00:00,24
23445,2018-01-07 10:20:55+00:00,5
23460,2018-01-07 21:08:36+00:00,10
23463,2018-01-07 22:08:16+00:00,12
23462,2018-01-07 21:45:39+00:00,11
23458,2018-01-07 20:51:05+00:00,10
23446,2018-01-07 11:40:16+00:00,7
23438,2018-01-07 07:48:43+00:00,13
23465,2018-01-07 22:24:48+00:00,11
23457,2018-01-07 20:40:58+00:00,21
23456,2018-01-07 20:21:43+00:00,4
23441,2018-01-07 08:56:14+00:00,21
23440,2018-01-07 08:26:46+00:00,1
23484,2018-01-08 06:15:41+00:00,12
23535,2018-01-08 21:03:56+00:00,24
23494,2018-01-08 07:25:52+00:00,31
23534,2018-01-08 20:59:34+00:00,16
23477,2018-01-08 05:20:38+00:00,12
23530,2018-01-08 20:38:30+00:00,24
23490,2018-01-08 07:06:47+00:00,29
23503,2018-01-08 08:24:18+00:00,17
23539,2018-01-08 23:02:54+00:00,4
23495,2018-01-08 07:27:45+00:00,17
23475,2018-01-08 02:21:03+00:00,24
23485,2018-01-08 06:21:43+00:00,12
23482,2018-01-08 06:04:31+00:00,19
23508,2018-01-08 09:26:27+00:00,24
23497,2018-01-08 07:33:39+00:00,23
23491,2018-01-08 07:09:07+00:00,13
23474,2018-01-08 00:37:08+00:00,16
23500,2018-01-08 07:50:20+00:00,19
23498,2018-01-08 07:45:11+00:00,21
23533,2018-01-08 20:54:52+00:00,16
23481,2018-01-08 05:49:00+00:00,7
23504,2018-01-08 08:38:57+00:00,21
23525,2018-01-08 16:16:33+00:00,4
23618,2018-01-12 17:05:49+00:00,24
23617,2018-01-12 16:33:34+00:00,24
23615,2018-01-12 16:19:58+00:00,17
23606,2018-01-12 15:44:12+00:00,19
23611,2018-01-12 16:03:11+00:00,24
23604,2018-01-12 15:38:40+00:00,24
23666,2018-01-13 20:01:26+00:00,7
23869,2018-01-20 20:52:29+00:00,17
23868,2018-01-20 20:49:38+00:00,17
23864,2018-01-20 19:36:55+00:00,13
23867,2018-01-20 20:05:00+00:00,12
23904,2018-01-22 19:34:11+00:00,7
23909,2018-01-22 20:10:58+00:00,7
24019,2018-01-26 12:12:03+00:00,24
24045,2018-01-26 21:44:35+00:00,25
24008,2018-01-26 09:48:42+00:00,31
24037,2018-01-26 19:19:42+00:00,12
24044,2018-01-26 20:20:43+00:00,17
24040,2018-01-26 20:01:09+00:00,21
24021,2018-01-26 12:56:11+00:00,24
24007,2018-01-26 09:23:46+00:00,24
24046,2018-01-26 21:47:05+00:00,21
23998,2018-01-26 06:07:31+00:00,4
24043,2018-01-26 20:09:23+00:00,19
24039,2018-01-26 19:55:03+00:00,4
24096,2018-01-27 18:09:00+00:00,24
24078,2018-01-27 13:02:08+00:00,18
24058,2018-01-27 08:00:46+00:00,18
24089,2018-01-27 16:34:45+00:00,31
24070,2018-01-27 10:53:20+00:00,24
24060,2018-01-27 08:41:43+00:00,18
24067,2018-01-27 10:08:37+00:00,25
24077,2018-01-27 12:24:44+00:00,18
24073,2018-01-27 11:18:30+00:00,24
24062,2018-01-27 09:04:32+00:00,12
24066,2018-01-27 09:46:42+00:00,18
24075,2018-01-27 12:15:13+00:00,12
24063,2018-01-27 09:06:31+00:00,17
24074,2018-01-27 12:11:23+00:00,18
24097,2018-01-27 18:12:14+00:00,24
24065,2018-01-27 09:45:34+00:00,18
24068,2018-01-27 10:41:17+00:00,25
24069,2018-01-27 10:46:21+00:00,23
24079,2018-01-27 13:09:26+00:00,25
24088,2018-01-27 16:00:14+00:00,25
24192,2018-01-30 18:39:50+00:00,24
24018,2018-01-26 11:47:59+00:00,21
24103,2018-01-27 19:36:35+00:00,32
23520,2018-01-08 11:55:53+00:00,15
23492,2018-01-08 07:14:13+00:00,24
23519,2018-01-08 11:26:56+00:00,16
23499,2018-01-08 07:47:36+00:00,12
23517,2018-01-08 11:11:25+00:00,16
23501,2018-01-08 07:55:37+00:00,10
23907,2018-01-22 19:54:07+00:00,7
23912,2018-01-22 20:35:05+00:00,7
23910,2018-01-22 20:19:09+00:00,7
23915,2018-01-22 21:25:27+00:00,7
23908,2018-01-22 19:59:41+00:00,7
23916,2018-01-22 22:35:08+00:00,7
23901,2018-01-22 19:13:02+00:00,7
23902,2018-01-22 19:16:04+00:00,7
23919,2018-01-22 23:02:55+00:00,7
84478,2022-11-16 08:51:57+00:00,10
83612,2022-11-01 15:53:41+00:00,29
83631,2022-11-02 00:00:22+00:00,29
83611,2022-11-01 15:50:35+00:00,29
85188,2022-11-28 13:39:14+00:00,32
85200,2022-11-28 14:29:06+00:00,31
85187,2022-11-28 13:35:11+00:00,30
84777,2022-11-21 17:26:38+00:00,31
83622,2022-11-01 18:11:26+00:00,30
84100,2022-11-09 15:33:55+00:00,27
83678,2022-11-02 15:55:40+00:00,18
85186,2022-11-28 13:33:46+00:00,32
85189,2022-11-28 13:40:46+00:00,32
83617,2022-11-01 16:34:31+00:00,28
84264,2022-11-11 21:53:20+00:00,9
85191,2022-11-28 13:46:30+00:00,32
85194,2022-11-28 13:54:48+00:00,32
83595,2022-11-01 14:02:37+00:00,10
83596,2022-11-01 14:03:32+00:00,10
85198,2022-11-28 14:21:31+00:00,30
85197,2022-11-28 14:16:27+00:00,32
85203,2022-11-28 14:49:24+00:00,32
85206,2022-11-28 15:31:30+00:00,32
84101,2022-11-09 15:37:09+00:00,1
83616,2022-11-01 16:32:09+00:00,33
85196,2022-11-28 14:03:23+00:00,28
84505,2022-11-16 10:09:30+00:00,23
83698,2022-11-02 22:59:20+00:00,25
84263,2022-11-11 21:52:01+00:00,19
84482,2022-11-16 09:07:08+00:00,23
84035,2022-11-08 17:12:34+00:00,22
84480,2022-11-16 08:59:21+00:00,10
84479,2022-11-16 08:56:03+00:00,10
84109,2022-11-09 16:36:26+00:00,10
83701,2022-11-03 01:56:06+00:00,11
84034,2022-11-08 17:09:18+00:00,11
84278,2022-11-11 22:51:02+00:00,19
84516,2022-11-16 10:52:04+00:00,17
39226,2019-02-04 23:16:49+00:00,28
39201,2019-02-04 16:40:28+00:00,13
39217,2019-02-04 21:00:22+00:00,13
39218,2019-02-04 21:19:19+00:00,3
39219,2019-02-04 22:15:42+00:00,11
39222,2019-02-04 22:49:38+00:00,29
39198,2019-02-04 16:14:03+00:00,13
39221,2019-02-04 22:42:20+00:00,29
39216,2019-02-04 20:34:52+00:00,7
39229,2019-02-04 23:40:17+00:00,29
39215,2019-02-04 20:17:23+00:00,27
39196,2019-02-04 16:08:53+00:00,13
39220,2019-02-04 22:34:53+00:00,1
39223,2019-02-04 22:53:49+00:00,22
39195,2019-02-04 16:00:52+00:00,13
39227,2019-02-04 23:19:54+00:00,28
39224,2019-02-04 23:04:35+00:00,11
39225,2019-02-04 23:13:15+00:00,28
39203,2019-02-04 16:46:47+00:00,13
39228,2019-02-04 23:27:44+00:00,32
39200,2019-02-04 16:35:35+00:00,13
39231,2019-02-04 23:50:53+00:00,10
39295,2019-02-05 18:58:01+00:00,21
39268,2019-02-05 08:14:12+00:00,8
39269,2019-02-05 08:18:03+00:00,8
39250,2019-02-05 04:25:47+00:00,22
39258,2019-02-05 06:49:53+00:00,29
39235,2019-02-05 00:28:27+00:00,11
39288,2019-02-05 13:53:26+00:00,31
39272,2019-02-05 08:35:01+00:00,29
39244,2019-02-05 03:38:10+00:00,29
39246,2019-02-05 03:47:45+00:00,11
39240,2019-02-05 01:13:22+00:00,22
39247,2019-02-05 03:55:48+00:00,29
39248,2019-02-05 04:01:55+00:00,29
39264,2019-02-05 08:07:08+00:00,18
39241,2019-02-05 01:25:46+00:00,7
39277,2019-02-05 09:33:44+00:00,28
39242,2019-02-05 02:34:27+00:00,22
39280,2019-02-05 10:33:38+00:00,24
39276,2019-02-05 09:03:00+00:00,18
39254,2019-02-05 05:33:22+00:00,15
39253,2019-02-05 04:55:54+00:00,10
39236,2019-02-05 00:32:44+00:00,11
39249,2019-02-05 04:19:40+00:00,29
39232,2019-02-05 00:03:01+00:00,10
39245,2019-02-05 03:43:11+00:00,22
39251,2019-02-05 04:31:10+00:00,11
39255,2019-02-05 05:45:11+00:00,22
39252,2019-02-05 04:36:18+00:00,29
39261,2019-02-05 07:48:46+00:00,8
39234,2019-02-05 00:16:57+00:00,5
39239,2019-02-05 01:09:57+00:00,18
39271,2019-02-05 08:23:34+00:00,6
39332,2019-02-06 21:01:49+00:00,32
39326,2019-02-06 20:34:21+00:00,15
39344,2019-02-06 22:03:13+00:00,28
39338,2019-02-06 21:26:16+00:00,32
39323,2019-02-06 19:13:37+00:00,22
39330,2019-02-06 20:56:54+00:00,29
39328,2019-02-06 20:45:32+00:00,12
39337,2019-02-06 21:19:48+00:00,32
39334,2019-02-06 21:06:23+00:00,32
39335,2019-02-06 21:13:12+00:00,32
39327,2019-02-06 20:39:54+00:00,11
39364,2019-02-06 23:53:01+00:00,32
39333,2019-02-06 21:05:51+00:00,29
39329,2019-02-06 20:49:23+00:00,15
39331,2019-02-06 20:59:40+00:00,24
39336,2019-02-06 21:15:22+00:00,27
39372,2019-02-07 01:13:22+00:00,29
39386,2019-02-07 02:53:53+00:00,28
39366,2019-02-07 00:25:06+00:00,15
39436,2019-02-07 09:18:49+00:00,22
39368,2019-02-07 00:50:53+00:00,11
39513,2019-02-08 11:46:44+00:00,15
39500,2019-02-08 07:45:42+00:00,22
39638,2019-02-12 23:23:36+00:00,17
39637,2019-02-12 22:58:26+00:00,24
39633,2019-02-12 22:39:58+00:00,7
39641,2019-02-12 23:54:21+00:00,19
39636,2019-02-12 22:51:50+00:00,32
39640,2019-02-12 23:36:39+00:00,29
39630,2019-02-12 22:20:22+00:00,23
39635,2019-02-12 22:53:03+00:00,7
39632,2019-02-12 22:34:29+00:00,8
39631,2019-02-12 22:27:00+00:00,6
39629,2019-02-12 22:12:49+00:00,11
39634,2019-02-12 22:42:20+00:00,28
39639,2019-02-12 23:32:18+00:00,32
39684,2019-02-13 09:05:03+00:00,23
39676,2019-02-13 08:09:49+00:00,7
39648,2019-02-13 03:19:43+00:00,11
39675,2019-02-13 07:57:41+00:00,18
39657,2019-02-13 04:49:01+00:00,32
39679,2019-02-13 08:28:39+00:00,31
39660,2019-02-13 05:00:26+00:00,24
39661,2019-02-13 05:15:45+00:00,32
39674,2019-02-13 07:53:06+00:00,23
39692,2019-02-13 10:09:35+00:00,7
39663,2019-02-13 06:34:07+00:00,12
39669,2019-02-13 06:54:11+00:00,31
39678,2019-02-13 08:15:05+00:00,31
39659,2019-02-13 04:56:43+00:00,23
39698,2019-02-13 11:12:29+00:00,31
39658,2019-02-13 04:53:29+00:00,11
39649,2019-02-13 03:43:27+00:00,11
39666,2019-02-13 06:40:06+00:00,5
39677,2019-02-13 08:15:03+00:00,24
39652,2019-02-13 04:08:05+00:00,24
39653,2019-02-13 04:12:44+00:00,29
39703,2019-02-13 12:53:24+00:00,18
39651,2019-02-13 03:58:56+00:00,29
39691,2019-02-13 10:06:38+00:00,25
39656,2019-02-13 04:39:24+00:00,21
39665,2019-02-13 06:37:50+00:00,22
39680,2019-02-13 08:39:36+00:00,23
39828,2019-02-17 21:59:43+00:00,31
39836,2019-02-17 22:37:02+00:00,27
39818,2019-02-17 21:21:55+00:00,19
39831,2019-02-17 22:16:43+00:00,19
39817,2019-02-17 21:14:22+00:00,8
39825,2019-02-17 21:48:19+00:00,7
39829,2019-02-17 22:04:02+00:00,15
39819,2019-02-17 21:27:09+00:00,25
39835,2019-02-17 22:34:17+00:00,27
39820,2019-02-17 21:30:22+00:00,25
39840,2019-02-17 23:09:08+00:00,7
39830,2019-02-17 22:12:16+00:00,19
39842,2019-02-17 23:27:04+00:00,18
39832,2019-02-17 22:19:32+00:00,19
39826,2019-02-17 21:50:46+00:00,24
39839,2019-02-17 23:04:27+00:00,16
39838,2019-02-17 22:50:48+00:00,24
39821,2019-02-17 21:33:11+00:00,25
39827,2019-02-17 21:55:41+00:00,32
39824,2019-02-17 21:45:59+00:00,24
39823,2019-02-17 21:42:52+00:00,12
39845,2019-02-18 02:20:55+00:00,12
39865,2019-02-18 21:12:33+00:00,24
39962,2019-02-22 21:20:24+00:00,13
40041,2019-02-25 17:21:42+00:00,21
40068,2019-02-25 19:35:39+00:00,10
40067,2019-02-25 19:32:52+00:00,10
40062,2019-02-25 19:12:41+00:00,12
40138,2019-02-26 19:41:03+00:00,11
40140,2019-02-26 20:03:11+00:00,32
40139,2019-02-26 19:45:05+00:00,10
40133,2019-02-26 19:19:56+00:00,11
40134,2019-02-26 19:23:47+00:00,32
40132,2019-02-26 19:18:10+00:00,28
40142,2019-02-26 20:28:15+00:00,10
40136,2019-02-26 19:27:56+00:00,22
40137,2019-02-26 19:28:50+00:00,22
40135,2019-02-26 19:25:56+00:00,22
40196,2019-02-28 23:26:00+00:00,7
40190,2019-02-28 22:23:40+00:00,21
40194,2019-02-28 22:54:14+00:00,24
40192,2019-02-28 22:38:45+00:00,7
40189,2019-02-28 22:08:04+00:00,21
40193,2019-02-28 22:42:22+00:00,7
40195,2019-02-28 23:23:10+00:00,7
40191,2019-02-28 22:33:07+00:00,7
39278,2019-02-05 09:56:58+00:00,24
39378,2019-02-07 01:54:58+00:00,11
39389,2019-02-07 03:34:28+00:00,29
39381,2019-02-07 02:25:46+00:00,11
39455,2019-02-07 13:03:10+00:00,11
39422,2019-02-07 08:10:12+00:00,15
39520,2019-02-08 16:56:25+00:00,11
39711,2019-02-13 17:58:36+00:00,15
39707,2019-02-13 14:43:01+00:00,17
39670,2019-02-13 06:57:02+00:00,24
39709,2019-02-13 16:41:00+00:00,17
39822,2019-02-17 21:36:36+00:00,13
39856,2019-02-18 09:41:10+00:00,19
40141,2019-02-26 20:24:27+00:00,32
52746,2020-04-08 05:10:29+00:00,13
52749,2020-04-08 06:24:53+00:00,15
52737,2020-04-07 17:58:25+00:00,19
52792,2020-04-09 16:49:23+00:00,18
52791,2020-04-09 16:46:35+00:00,24
63653,2021-05-31 16:58:23+00:00,24
63221,2021-05-13 05:26:42+00:00,24
63594,2021-05-30 20:37:34+00:00,29
63073,2021-05-07 14:42:56+00:00,29
63050,2021-05-07 12:07:37+00:00,29
63054,2021-05-07 12:33:18+00:00,28
63121,2021-05-09 08:35:58+00:00,29
63047,2021-05-07 11:49:46+00:00,29
63607,2021-05-30 22:41:09+00:00,29
63586,2021-05-30 19:40:56+00:00,29
63064,2021-05-07 13:54:09+00:00,32
63585,2021-05-30 19:34:13+00:00,32
63040,2021-05-07 10:49:50+00:00,32
63217,2021-05-13 05:06:46+00:00,32
63649,2021-05-31 13:06:52+00:00,31
63069,2021-05-07 14:05:12+00:00,31
63212,2021-05-13 03:02:41+00:00,31
63211,2021-05-13 03:00:20+00:00,31
63610,2021-05-30 23:24:08+00:00,31
63062,2021-05-07 13:41:32+00:00,22
63627,2021-05-31 06:32:28+00:00,22
62994,2021-05-06 05:45:46+00:00,22
63219,2021-05-13 05:16:12+00:00,16
63590,2021-05-30 20:08:00+00:00,29
63045,2021-05-07 11:40:50+00:00,25
63251,2021-05-13 16:56:17+00:00,31
63588,2021-05-30 19:53:05+00:00,30
63599,2021-05-30 21:18:31+00:00,32
63595,2021-05-30 20:45:13+00:00,29
63206,2021-05-12 21:12:36+00:00,28
63635,2021-05-31 08:44:51+00:00,17
63070,2021-05-07 14:06:09+00:00,32
63049,2021-05-07 11:59:18+00:00,32
63057,2021-05-07 13:05:19+00:00,32
63591,2021-05-30 20:13:42+00:00,32
63053,2021-05-07 12:25:51+00:00,32
63584,2021-05-30 19:28:41+00:00,32
63593,2021-05-30 20:31:40+00:00,32
63637,2021-05-31 08:51:08+00:00,17
63634,2021-05-31 08:38:47+00:00,9
63589,2021-05-30 19:58:56+00:00,1
63632,2021-05-31 08:13:43+00:00,12
63638,2021-05-31 08:52:51+00:00,12
63060,2021-05-07 13:30:05+00:00,24
63587,2021-05-30 19:49:33+00:00,28
63055,2021-05-07 12:39:12+00:00,28
63252,2021-05-13 17:15:51+00:00,11
63068,2021-05-07 14:04:24+00:00,11
63218,2021-05-13 05:10:20+00:00,24
63222,2021-05-13 05:29:32+00:00,21
63059,2021-05-07 13:27:28+00:00,24
63067,2021-05-07 14:02:10+00:00,31
63044,2021-05-07 11:32:04+00:00,15
63239,2021-05-13 10:20:12+00:00,15
63051,2021-05-07 12:14:40+00:00,26
63065,2021-05-07 13:57:23+00:00,22
63597,2021-05-30 21:03:12+00:00,22
63611,2021-05-30 23:53:49+00:00,22
63113,2021-05-08 20:25:53+00:00,8
63613,2021-05-31 00:47:50+00:00,15
63063,2021-05-07 13:46:35+00:00,15
63210,2021-05-13 02:23:31+00:00,15
63601,2021-05-30 21:40:04+00:00,15
63644,2021-05-31 10:43:56+00:00,21
63238,2021-05-13 10:12:36+00:00,10
63614,2021-05-31 00:59:30+00:00,10
63207,2021-05-12 21:37:03+00:00,11
63596,2021-05-30 20:57:00+00:00,10
63582,2021-05-30 18:45:47+00:00,11
63602,2021-05-30 21:42:58+00:00,11
63581,2021-05-30 18:34:03+00:00,11
63066,2021-05-07 14:00:13+00:00,11
63036,2021-05-07 10:37:14+00:00,11
63097,2021-05-08 09:41:58+00:00,24
63220,2021-05-13 05:21:04+00:00,24
63633,2021-05-31 08:20:01+00:00,24
63636,2021-05-31 08:48:38+00:00,17
63631,2021-05-31 07:46:45+00:00,18
63058,2021-05-07 13:08:48+00:00,32
63225,2021-05-13 06:33:23+00:00,15
63630,2021-05-31 06:56:16+00:00,11
10280,2016-09-20 02:55:50+00:00,24
10298,2016-09-20 09:06:50+00:00,19
10273,2016-09-20 01:48:34+00:00,31
10281,2016-09-20 03:00:08+00:00,31
10277,2016-09-20 02:04:11+00:00,24
10290,2016-09-20 06:40:29+00:00,31
10276,2016-09-20 02:02:07+00:00,31
10274,2016-09-20 01:56:29+00:00,24
10312,2016-09-20 14:58:57+00:00,31
10284,2016-09-20 05:55:39+00:00,24
10292,2016-09-20 07:38:42+00:00,24
10279,2016-09-20 02:26:02+00:00,24
10275,2016-09-20 02:00:44+00:00,31
10283,2016-09-20 05:52:18+00:00,24
10278,2016-09-20 02:09:04+00:00,30
10302,2016-09-20 10:36:41+00:00,31
40227,2019-03-01 20:50:21+00:00,10
40243,2019-03-01 21:33:57+00:00,24
40224,2019-03-01 19:25:58+00:00,17
40228,2019-03-01 20:53:02+00:00,22
40225,2019-03-01 20:41:35+00:00,22
40257,2019-03-01 23:38:21+00:00,18
40242,2019-03-01 21:28:21+00:00,27
40252,2019-03-01 22:10:28+00:00,27
40245,2019-03-01 21:38:05+00:00,11
40235,2019-03-01 21:12:30+00:00,32
40231,2019-03-01 20:58:27+00:00,23
40247,2019-03-01 21:46:03+00:00,23
40258,2019-03-01 23:39:42+00:00,18
40233,2019-03-01 21:08:30+00:00,28
40241,2019-03-01 21:25:41+00:00,24
40226,2019-03-01 20:43:39+00:00,22
40229,2019-03-01 20:55:44+00:00,16
40234,2019-03-01 21:09:47+00:00,24
40244,2019-03-01 21:36:07+00:00,32
40267,2019-03-02 03:47:48+00:00,11
40337,2019-03-03 20:23:10+00:00,10
40325,2019-03-03 18:45:24+00:00,31
40314,2019-03-03 18:09:48+00:00,24
40341,2019-03-03 21:43:14+00:00,29
40318,2019-03-03 18:21:25+00:00,7
40338,2019-03-03 21:14:14+00:00,29
40342,2019-03-03 22:11:59+00:00,29
40315,2019-03-03 18:11:44+00:00,29
40317,2019-03-03 18:18:07+00:00,29
40334,2019-03-03 19:28:08+00:00,25
40348,2019-03-04 02:07:21+00:00,27
40352,2019-03-04 07:09:54+00:00,23
40354,2019-03-04 08:15:45+00:00,18
40355,2019-03-04 08:34:26+00:00,31
40351,2019-03-04 07:00:01+00:00,26
40350,2019-03-04 06:31:05+00:00,24
40428,2019-03-06 17:59:05+00:00,18
40463,2019-03-06 19:49:24+00:00,27
40449,2019-03-06 18:55:30+00:00,24
40438,2019-03-06 18:30:06+00:00,24
40435,2019-03-06 18:27:00+00:00,18
40458,2019-03-06 19:29:42+00:00,24
40553,2019-03-07 17:08:51+00:00,24
40649,2019-03-11 08:19:46+00:00,17
40648,2019-03-11 08:16:31+00:00,31
40630,2019-03-11 06:08:52+00:00,32
40650,2019-03-11 08:25:20+00:00,27
40641,2019-03-11 07:19:06+00:00,24
40645,2019-03-11 07:57:25+00:00,17
40647,2019-03-11 08:12:32+00:00,13
40643,2019-03-11 07:45:14+00:00,28
40644,2019-03-11 07:47:25+00:00,28
40646,2019-03-11 08:01:27+00:00,27
40632,2019-03-11 06:22:18+00:00,11
40631,2019-03-11 06:17:05+00:00,11
40636,2019-03-11 06:49:56+00:00,30
40635,2019-03-11 06:45:49+00:00,24
40657,2019-03-11 10:03:47+00:00,27
40628,2019-03-11 04:52:49+00:00,3
40721,2019-03-13 17:03:16+00:00,24
40715,2019-03-13 16:43:05+00:00,21
40718,2019-03-13 16:58:25+00:00,19
40720,2019-03-13 17:03:46+00:00,21
40811,2019-03-15 21:08:33+00:00,32
40788,2019-03-15 12:17:52+00:00,21
40795,2019-03-15 13:32:57+00:00,3
40785,2019-03-15 11:18:10+00:00,24
40784,2019-03-15 11:10:20+00:00,24
40783,2019-03-15 11:05:56+00:00,24
40797,2019-03-15 14:12:19+00:00,24
40794,2019-03-15 13:31:26+00:00,16
40808,2019-03-15 20:11:43+00:00,16
40793,2019-03-15 13:26:37+00:00,21
40812,2019-03-15 21:35:54+00:00,19
40790,2019-03-15 12:47:43+00:00,21
40816,2019-03-15 22:52:06+00:00,31
40789,2019-03-15 12:22:17+00:00,21
40835,2019-03-16 15:06:55+00:00,21
40852,2019-03-16 20:39:10+00:00,22
40855,2019-03-16 21:04:39+00:00,29
40858,2019-03-16 21:13:07+00:00,28
40861,2019-03-16 22:04:38+00:00,8
40837,2019-03-16 15:26:09+00:00,9
40860,2019-03-16 21:52:15+00:00,29
40829,2019-03-16 10:27:17+00:00,17
40853,2019-03-16 20:42:06+00:00,11
40854,2019-03-16 20:44:23+00:00,11
40836,2019-03-16 15:12:30+00:00,18
40859,2019-03-16 21:15:53+00:00,22
40862,2019-03-16 22:44:56+00:00,28
40883,2019-03-17 18:37:44+00:00,18
40885,2019-03-17 19:37:00+00:00,24
40864,2019-03-17 01:03:42+00:00,27
40947,2019-03-19 22:49:16+00:00,22
40946,2019-03-19 22:45:09+00:00,11
40943,2019-03-19 22:11:30+00:00,8
40951,2019-03-19 23:26:36+00:00,11
40950,2019-03-19 23:12:42+00:00,11
40945,2019-03-19 22:40:19+00:00,11
40949,2019-03-19 23:09:00+00:00,28
40968,2019-03-20 09:01:04+00:00,28
40958,2019-03-20 06:48:58+00:00,22
40999,2019-03-20 23:26:59+00:00,30
40998,2019-03-20 23:07:17+00:00,8
40966,2019-03-20 08:55:42+00:00,18
41033,2019-03-21 18:44:33+00:00,28
41002,2019-03-21 00:45:21+00:00,32
41007,2019-03-21 06:23:34+00:00,15
41019,2019-03-21 09:38:59+00:00,25
41003,2019-03-21 00:47:03+00:00,30
41004,2019-03-21 00:55:58+00:00,31
41039,2019-03-21 20:17:04+00:00,32
41037,2019-03-21 19:55:04+00:00,28
41005,2019-03-21 01:56:37+00:00,24
41025,2019-03-21 11:48:36+00:00,11
41046,2019-03-22 06:57:28+00:00,18
41206,2019-03-28 01:39:14+00:00,11
41236,2019-03-28 16:37:25+00:00,11
41209,2019-03-28 02:00:41+00:00,11
41205,2019-03-28 01:28:00+00:00,22
41208,2019-03-28 01:52:29+00:00,11
41249,2019-03-28 22:07:55+00:00,11
41207,2019-03-28 01:42:33+00:00,26
41237,2019-03-28 16:41:55+00:00,11
41250,2019-03-28 22:10:16+00:00,11
41215,2019-03-28 08:13:16+00:00,8
41252,2019-03-28 22:39:38+00:00,32
41269,2019-03-29 07:48:44+00:00,9
41268,2019-03-29 07:12:25+00:00,21
41259,2019-03-29 06:00:26+00:00,29
41266,2019-03-29 06:35:53+00:00,28
41263,2019-03-29 06:22:47+00:00,29
41261,2019-03-29 06:14:01+00:00,29
41260,2019-03-29 06:09:58+00:00,11
41267,2019-03-29 07:04:58+00:00,8
41262,2019-03-29 06:15:35+00:00,11
40239,2019-03-01 21:23:30+00:00,30
40236,2019-03-01 21:16:05+00:00,10
40254,2019-03-01 22:35:21+00:00,14
40256,2019-03-01 23:17:04+00:00,13
40250,2019-03-01 22:00:44+00:00,19
40246,2019-03-01 21:40:21+00:00,19
40240,2019-03-01 21:25:50+00:00,24
40263,2019-03-02 00:53:10+00:00,1
40439,2019-03-06 18:32:15+00:00,18
40655,2019-03-11 09:44:21+00:00,15
40654,2019-03-11 09:35:29+00:00,15
40786,2019-03-15 11:45:02+00:00,21
40863,2019-03-16 22:48:17+00:00,28
40857,2019-03-16 21:09:20+00:00,28
40842,2019-03-16 15:59:10+00:00,9
40851,2019-03-16 20:35:17+00:00,28
40839,2019-03-16 15:38:56+00:00,12
40846,2019-03-16 16:52:45+00:00,9
40833,2019-03-16 14:28:42+00:00,7
40834,2019-03-16 14:46:00+00:00,9
40848,2019-03-16 17:15:12+00:00,9
40838,2019-03-16 15:31:03+00:00,16
40850,2019-03-16 19:54:36+00:00,4
40871,2019-03-17 10:55:22+00:00,24
40948,2019-03-19 22:52:47+00:00,22
40952,2019-03-19 23:31:39+00:00,28
41061,2019-03-22 15:34:24+00:00,24
41041,2019-03-21 21:01:43+00:00,15
83355,2022-10-28 16:36:56+00:00,16
83357,2022-10-28 16:43:56+00:00,16
83545,2022-10-31 19:05:50+00:00,17
83526,2022-10-31 16:35:00+00:00,3
82379,2022-10-11 22:06:57+00:00,13
83364,2022-10-28 18:04:36+00:00,16
83541,2022-10-31 18:04:44+00:00,12
50679,2020-02-03 08:20:51+00:00,24
51539,2020-02-22 00:24:41+00:00,24
50677,2020-02-03 08:04:59+00:00,24
51523,2020-02-21 20:33:10+00:00,33
51750,2020-02-29 23:37:43+00:00,7
50723,2020-02-03 18:59:40+00:00,29
51064,2020-02-10 18:52:45+00:00,29
50615,2020-02-02 20:33:56+00:00,29
51528,2020-02-21 21:16:55+00:00,29
50616,2020-02-02 20:53:37+00:00,29
51027,2020-02-10 15:59:42+00:00,28
51114,2020-02-11 05:39:07+00:00,29
51044,2020-02-10 17:06:02+00:00,21
50813,2020-02-05 18:09:42+00:00,21
50754,2020-02-04 09:34:46+00:00,21
51036,2020-02-10 16:42:45+00:00,21
51035,2020-02-10 16:35:22+00:00,21
51051,2020-02-10 17:22:55+00:00,21
50574,2020-02-01 18:04:12+00:00,21
51097,2020-02-10 22:23:15+00:00,18
51755,2020-02-29 23:57:09+00:00,32
51048,2020-02-10 17:12:58+00:00,32
51524,2020-02-21 20:38:10+00:00,32
50716,2020-02-03 18:19:18+00:00,31
51084,2020-02-10 19:42:07+00:00,31
51086,2020-02-10 19:44:59+00:00,31
51533,2020-02-21 22:02:54+00:00,31
51040,2020-02-10 16:55:29+00:00,31
51081,2020-02-10 19:36:03+00:00,31
50848,2020-02-06 07:33:19+00:00,31
50718,2020-02-03 18:26:04+00:00,31
51038,2020-02-10 16:52:47+00:00,31
50655,2020-02-03 01:22:21+00:00,31
50661,2020-02-03 01:48:29+00:00,31
50841,2020-02-05 22:31:36+00:00,31
51046,2020-02-10 17:09:55+00:00,31
50715,2020-02-03 18:15:49+00:00,31
51073,2020-02-10 19:17:46+00:00,31
50736,2020-02-03 22:51:52+00:00,24
50757,2020-02-04 13:07:10+00:00,31
50720,2020-02-03 18:35:43+00:00,31
50717,2020-02-03 18:21:52+00:00,31
50654,2020-02-03 01:16:57+00:00,31
51515,2020-02-21 18:34:27+00:00,31
51534,2020-02-21 22:11:55+00:00,31
50800,2020-02-05 17:42:09+00:00,23
51108,2020-02-11 01:29:43+00:00,29
51521,2020-02-21 20:26:35+00:00,29
51739,2020-02-29 21:15:19+00:00,29
51066,2020-02-10 19:03:44+00:00,29
51748,2020-02-29 23:24:27+00:00,16
51336,2020-02-16 21:13:31+00:00,16
51033,2020-02-10 16:30:21+00:00,16
50667,2020-02-03 04:57:11+00:00,16
50608,2020-02-02 19:08:23+00:00,16
51107,2020-02-11 01:26:35+00:00,29
50622,2020-02-02 21:30:33+00:00,19
50727,2020-02-03 19:30:14+00:00,19
50794,2020-02-05 17:29:14+00:00,21
51043,2020-02-10 17:02:50+00:00,21
51054,2020-02-10 17:30:29+00:00,21
50670,2020-02-03 06:21:18+00:00,13
50609,2020-02-02 19:29:12+00:00,27
51041,2020-02-10 16:58:05+00:00,27
51065,2020-02-10 19:00:06+00:00,27
50801,2020-02-05 17:46:42+00:00,27
50613,2020-02-02 20:15:04+00:00,25
50611,2020-02-02 19:43:05+00:00,25
50731,2020-02-03 19:56:43+00:00,27
51010,2020-02-10 14:55:59+00:00,25
50817,2020-02-05 18:16:29+00:00,25
50612,2020-02-02 19:51:05+00:00,25
51103,2020-02-11 00:27:56+00:00,27
50614,2020-02-02 20:27:22+00:00,25
51068,2020-02-10 19:07:39+00:00,25
51078,2020-02-10 19:28:37+00:00,24
50722,2020-02-03 18:55:44+00:00,9
50666,2020-02-03 04:31:08+00:00,21
50577,2020-02-01 18:19:42+00:00,21
51105,2020-02-11 01:17:18+00:00,32
51511,2020-02-21 17:30:06+00:00,32
50719,2020-02-03 18:28:58+00:00,30
51560,2020-02-22 19:03:48+00:00,32
51106,2020-02-11 01:22:31+00:00,32
51092,2020-02-10 20:11:37+00:00,32
51751,2020-02-29 23:41:04+00:00,28
51104,2020-02-11 00:48:18+00:00,28
51525,2020-02-21 20:42:07+00:00,28
51526,2020-02-21 20:52:23+00:00,29
50726,2020-02-03 19:26:19+00:00,17
51022,2020-02-10 15:30:10+00:00,22
51069,2020-02-10 19:07:39+00:00,19
50678,2020-02-03 08:10:10+00:00,13
51060,2020-02-10 18:33:59+00:00,13
51062,2020-02-10 18:46:33+00:00,15
50721,2020-02-03 18:51:20+00:00,32
50822,2020-02-05 18:42:08+00:00,32
50752,2020-02-04 08:58:31+00:00,32
50867,2020-02-06 14:47:06+00:00,32
51077,2020-02-10 19:28:59+00:00,32
50818,2020-02-05 18:19:30+00:00,32
50672,2020-02-03 06:31:00+00:00,7
51095,2020-02-10 20:37:05+00:00,9
50792,2020-02-05 17:09:40+00:00,9
51028,2020-02-10 16:04:31+00:00,1
51753,2020-02-29 23:49:31+00:00,1
50711,2020-02-03 17:32:00+00:00,4
50710,2020-02-03 17:25:26+00:00,4
51112,2020-02-11 05:23:36+00:00,4
50624,2020-02-02 21:34:46+00:00,12
51076,2020-02-10 19:24:39+00:00,24
50824,2020-02-05 18:44:37+00:00,27
51090,2020-02-10 20:00:19+00:00,24
51082,2020-02-10 19:39:06+00:00,24
50809,2020-02-05 17:59:41+00:00,24
51063,2020-02-10 18:48:59+00:00,15
51012,2020-02-10 15:08:37+00:00,19
51057,2020-02-10 17:38:52+00:00,21
51093,2020-02-10 20:20:26+00:00,28
51088,2020-02-10 19:54:51+00:00,28
51070,2020-02-10 19:11:22+00:00,28
51024,2020-02-10 15:37:47+00:00,15
51126,2020-02-11 08:32:41+00:00,11
51701,2020-02-28 06:11:36+00:00,15
50733,2020-02-03 20:23:18+00:00,11
51744,2020-02-29 22:27:07+00:00,11
51102,2020-02-11 00:18:10+00:00,11
50572,2020-02-01 17:36:48+00:00,21
51335,2020-02-16 21:10:52+00:00,21
50808,2020-02-05 17:58:38+00:00,24
50668,2020-02-03 05:17:44+00:00,24
50799,2020-02-05 17:41:21+00:00,24
50797,2020-02-05 17:36:41+00:00,24
50575,2020-02-01 18:10:23+00:00,21
51530,2020-02-21 21:40:09+00:00,24
50798,2020-02-05 17:39:09+00:00,3
51045,2020-02-10 17:08:51+00:00,18
51059,2020-02-10 18:16:31+00:00,18
50791,2020-02-05 16:47:26+00:00,3
51120,2020-02-11 06:42:47+00:00,3
50744,2020-02-04 05:31:22+00:00,24
51075,2020-02-10 19:21:49+00:00,31
50659,2020-02-03 01:41:20+00:00,31
51529,2020-02-21 21:29:40+00:00,31
50734,2020-02-03 20:35:10+00:00,24
50698,2020-02-03 12:57:46+00:00,24
51071,2020-02-10 19:11:58+00:00,31
51543,2020-02-22 00:53:26+00:00,16
51738,2020-02-29 20:56:55+00:00,13
50793,2020-02-05 17:22:42+00:00,12
51752,2020-02-29 23:44:27+00:00,5
51332,2020-02-16 20:55:24+00:00,23
51121,2020-02-11 07:02:00+00:00,23
50732,2020-02-03 20:11:26+00:00,23
50804,2020-02-05 17:51:05+00:00,23
50803,2020-02-05 17:49:20+00:00,25
51072,2020-02-10 19:13:47+00:00,23
51067,2020-02-10 19:05:44+00:00,23
51749,2020-02-29 23:34:18+00:00,5
50638,2020-02-02 23:14:01+00:00,19
50795,2020-02-05 17:33:16+00:00,23
51754,2020-02-29 23:53:11+00:00,19
51053,2020-02-10 17:30:24+00:00,18
51015,2020-02-10 15:19:25+00:00,15
51050,2020-02-10 17:19:04+00:00,15
51013,2020-02-10 15:07:21+00:00,10
51334,2020-02-16 21:08:05+00:00,7
51532,2020-02-21 21:55:11+00:00,31
51061,2020-02-10 18:42:56+00:00,24
50843,2020-02-06 01:47:39+00:00,24
51113,2020-02-11 05:33:32+00:00,22
51023,2020-02-10 15:33:56+00:00,22
50747,2020-02-04 06:50:10+00:00,22
50656,2020-02-03 01:26:42+00:00,9
50724,2020-02-03 19:03:28+00:00,9
50825,2020-02-05 18:47:03+00:00,19
50826,2020-02-05 18:48:50+00:00,19
51138,2020-02-11 18:28:24+00:00,15
51746,2020-02-29 22:46:17+00:00,15
51745,2020-02-29 22:37:27+00:00,16
50671,2020-02-03 06:27:46+00:00,13
50576,2020-02-01 18:12:37+00:00,21
51039,2020-02-10 16:53:11+00:00,21
51031,2020-02-10 16:27:38+00:00,21
51034,2020-02-10 16:31:55+00:00,11
51742,2020-02-29 22:09:21+00:00,11
51099,2020-02-10 23:54:58+00:00,11
51026,2020-02-10 15:55:07+00:00,11
51030,2020-02-10 16:23:45+00:00,11
51519,2020-02-21 19:51:42+00:00,11
51100,2020-02-11 00:06:22+00:00,11
50645,2020-02-03 00:00:58+00:00,11
50860,2020-02-06 10:12:48+00:00,10
50737,2020-02-03 23:21:36+00:00,10
50625,2020-02-02 21:40:53+00:00,11
51520,2020-02-21 20:23:19+00:00,11
51021,2020-02-10 15:28:46+00:00,11
51018,2020-02-10 15:26:38+00:00,11
50630,2020-02-02 22:18:39+00:00,11
51101,2020-02-11 00:13:26+00:00,11
51115,2020-02-11 05:41:38+00:00,11
50834,2020-02-05 20:13:48+00:00,11
51025,2020-02-10 15:42:28+00:00,11
50730,2020-02-03 19:51:09+00:00,11
50617,2020-02-02 21:03:48+00:00,10
50585,2020-02-01 19:47:39+00:00,16
50746,2020-02-04 06:35:07+00:00,16
51055,2020-02-10 17:34:48+00:00,18
51096,2020-02-10 21:13:26+00:00,24
51083,2020-02-10 19:41:24+00:00,24
50806,2020-02-05 17:54:02+00:00,24
51079,2020-02-10 19:33:42+00:00,24
51333,2020-02-16 20:59:50+00:00,19
51127,2020-02-11 09:30:15+00:00,8
51085,2020-02-10 19:45:39+00:00,18
50573,2020-02-01 17:45:50+00:00,21
50675,2020-02-03 07:21:12+00:00,16
51056,2020-02-10 17:37:30+00:00,18
51091,2020-02-10 20:09:30+00:00,31
51080,2020-02-10 19:35:35+00:00,31
51089,2020-02-10 19:58:41+00:00,7
51029,2020-02-10 16:08:15+00:00,4
51032,2020-02-10 16:29:01+00:00,4
51087,2020-02-10 19:46:38+00:00,24
50646,2020-02-03 00:07:23+00:00,7
50637,2020-02-02 23:07:24+00:00,7
50642,2020-02-02 23:47:34+00:00,7
51098,2020-02-10 22:38:43+00:00,31
50631,2020-02-02 22:32:09+00:00,16
50811,2020-02-05 18:05:28+00:00,19
50650,2020-02-03 00:35:00+00:00,16
50669,2020-02-03 06:06:57+00:00,16
50820,2020-02-05 18:26:03+00:00,24
50648,2020-02-03 00:23:04+00:00,32
50647,2020-02-03 00:17:45+00:00,32
50673,2020-02-03 06:35:40+00:00,19
50810,2020-02-05 18:00:28+00:00,25
50649,2020-02-03 00:28:09+00:00,7
50636,2020-02-02 23:03:57+00:00,1
50819,2020-02-05 18:23:11+00:00,24
50665,2020-02-03 03:26:56+00:00,24
50652,2020-02-03 00:42:33+00:00,24
50837,2020-02-05 21:43:05+00:00,24
50796,2020-02-05 17:35:13+00:00,13
50814,2020-02-05 18:13:37+00:00,23
50815,2020-02-05 18:12:16+00:00,19
50830,2020-02-05 19:29:18+00:00,7
50643,2020-02-02 23:52:32+00:00,12
50641,2020-02-02 23:44:06+00:00,12
50658,2020-02-03 01:33:44+00:00,12
50651,2020-02-03 00:37:43+00:00,12
50653,2020-02-03 00:56:30+00:00,7
50823,2020-02-05 18:44:54+00:00,19
50802,2020-02-05 17:46:31+00:00,24
50816,2020-02-05 18:14:56+00:00,24
50805,2020-02-05 17:53:07+00:00,24
50821,2020-02-05 18:32:48+00:00,24
50833,2020-02-05 20:11:47+00:00,24
50827,2020-02-05 19:08:52+00:00,24
50696,2020-02-03 12:03:32+00:00,7
50812,2020-02-05 18:05:54+00:00,24
62798,2021-04-29 01:20:41+00:00,24
62627,2021-04-22 11:43:57+00:00,24
62180,2021-04-03 20:41:11+00:00,11
62799,2021-04-29 02:34:45+00:00,29
62790,2021-04-28 23:21:56+00:00,29
62787,2021-04-28 22:59:28+00:00,29
62801,2021-04-29 04:50:47+00:00,29
62794,2021-04-28 23:37:28+00:00,32
62548,2021-04-21 03:21:43+00:00,32
62818,2021-04-29 08:57:58+00:00,31
62805,2021-04-29 06:09:32+00:00,29
62785,2021-04-28 22:50:34+00:00,29
62813,2021-04-29 07:44:15+00:00,30
62561,2021-04-21 07:21:15+00:00,29
62365,2021-04-13 07:38:57+00:00,29
62786,2021-04-28 22:55:54+00:00,28
62797,2021-04-29 00:51:05+00:00,29
62545,2021-04-21 02:53:31+00:00,29
62793,2021-04-28 23:33:18+00:00,32
62804,2021-04-29 05:57:07+00:00,32
62859,2021-04-30 09:54:06+00:00,32
62795,2021-04-28 23:41:28+00:00,32
62792,2021-04-28 23:29:16+00:00,32
62796,2021-04-29 00:19:20+00:00,32
62354,2021-04-13 04:16:31+00:00,24
62129,2021-04-01 07:17:59+00:00,29
62810,2021-04-29 07:05:42+00:00,29
62369,2021-04-13 08:09:12+00:00,13
62749,2021-04-27 22:32:37+00:00,12
62238,2021-04-07 00:56:18+00:00,1
62625,2021-04-22 11:34:38+00:00,4
62746,2021-04-27 22:08:19+00:00,12
62791,2021-04-28 23:25:13+00:00,28
62789,2021-04-28 23:13:59+00:00,28
62788,2021-04-28 23:08:44+00:00,28
62750,2021-04-27 22:58:12+00:00,11
62745,2021-04-27 21:50:13+00:00,3
62351,2021-04-12 21:30:00+00:00,24
62822,2021-04-29 10:00:59+00:00,19
62609,2021-04-22 06:47:20+00:00,15
62621,2021-04-22 10:46:38+00:00,10
62826,2021-04-29 12:46:26+00:00,24
62748,2021-04-27 22:22:16+00:00,15
62620,2021-04-22 10:26:57+00:00,15
62747,2021-04-27 22:12:13+00:00,15
62553,2021-04-21 05:53:51+00:00,10
62754,2021-04-28 02:04:38+00:00,8
62803,2021-04-29 05:40:30+00:00,11
62179,2021-04-03 20:33:39+00:00,11
62546,2021-04-21 02:58:01+00:00,11
62744,2021-04-27 21:28:59+00:00,11
62758,2021-04-28 06:51:51+00:00,11
62554,2021-04-21 06:12:08+00:00,11
62760,2021-04-28 06:58:37+00:00,11
62547,2021-04-21 03:06:11+00:00,29
62144,2021-04-01 18:38:59+00:00,18
13317,2017-01-03 20:25:08+00:00,1
13314,2017-01-03 18:33:53+00:00,9
13364,2017-01-05 20:59:18+00:00,1
13377,2017-01-05 21:54:01+00:00,32
13370,2017-01-05 21:35:42+00:00,6
13365,2017-01-05 21:07:45+00:00,10
13366,2017-01-05 21:19:48+00:00,9
13367,2017-01-05 21:22:03+00:00,9
13378,2017-01-05 21:58:20+00:00,32
13427,2017-01-07 19:26:21+00:00,1
13519,2017-01-11 17:29:40+00:00,16
13527,2017-01-11 18:09:40+00:00,29
13581,2017-01-12 13:58:11+00:00,31
13593,2017-01-12 14:39:07+00:00,32
13587,2017-01-12 14:23:11+00:00,31
13592,2017-01-12 14:34:36+00:00,31
13590,2017-01-12 14:25:35+00:00,31
13584,2017-01-12 14:18:40+00:00,32
13591,2017-01-12 14:26:53+00:00,31
13589,2017-01-12 14:24:51+00:00,31
13583,2017-01-12 14:11:30+00:00,32
13588,2017-01-12 14:24:08+00:00,31
13580,2017-01-12 13:50:39+00:00,25
13579,2017-01-12 13:42:02+00:00,31
13585,2017-01-12 14:17:41+00:00,32
13624,2017-01-13 12:01:06+00:00,32
13616,2017-01-13 10:51:59+00:00,19
13613,2017-01-13 10:17:38+00:00,19
13619,2017-01-13 11:21:25+00:00,23
13623,2017-01-13 11:53:26+00:00,32
13617,2017-01-13 10:56:36+00:00,32
13796,2017-01-19 20:56:25+00:00,15
13780,2017-01-19 15:15:43+00:00,16
13798,2017-01-19 22:20:22+00:00,5
13799,2017-01-19 22:23:13+00:00,9
13814,2017-01-20 19:36:35+00:00,11
13822,2017-01-21 18:10:34+00:00,16
13843,2017-01-22 21:05:27+00:00,21
13849,2017-01-22 21:42:00+00:00,19
13920,2017-01-25 18:45:35+00:00,22
13917,2017-01-25 18:10:49+00:00,22
14074,2017-01-31 19:24:05+00:00,27
14076,2017-01-31 19:33:34+00:00,29
14077,2017-01-31 19:52:03+00:00,22
14078,2017-01-31 20:01:31+00:00,10
106480,2023-11-19 10:22:31+00:00,5
106481,2023-11-19 10:24:02+00:00,3
106478,2023-11-19 10:19:29+00:00,3
106477,2023-11-19 10:18:20+00:00,3
106479,2023-11-19 10:21:38+00:00,5
106474,2023-11-19 10:11:49+00:00,5
106475,2023-11-19 10:12:56+00:00,5
106476,2023-11-19 10:13:43+00:00,4
105478,2023-11-03 20:40:08+00:00,13
24395,2018-02-05 23:19:07+00:00,32
24393,2018-02-05 22:12:44+00:00,29
24617,2018-02-14 21:47:34+00:00,11
24596,2018-02-14 00:29:35+00:00,11
24666,2018-02-15 08:16:30+00:00,24
24628,2018-02-15 02:04:30+00:00,24
24678,2018-02-15 09:53:25+00:00,12
24709,2018-02-15 19:14:22+00:00,12
24627,2018-02-15 02:01:43+00:00,15
24630,2018-02-15 02:09:32+00:00,24
24637,2018-02-15 03:07:28+00:00,24
24633,2018-02-15 02:22:59+00:00,19
24635,2018-02-15 02:35:37+00:00,10
24629,2018-02-15 02:07:49+00:00,21
24626,2018-02-15 01:52:15+00:00,10
24636,2018-02-15 02:53:30+00:00,24
24632,2018-02-15 02:19:13+00:00,24
24930,2018-02-21 21:37:29+00:00,17
24933,2018-02-21 21:55:52+00:00,23
24931,2018-02-21 21:41:36+00:00,15
24929,2018-02-21 20:44:54+00:00,6
24987,2018-02-22 16:40:08+00:00,24
24951,2018-02-22 01:24:27+00:00,32
24949,2018-02-22 01:12:39+00:00,24
24959,2018-02-22 04:57:45+00:00,29
24967,2018-02-22 07:19:11+00:00,17
24960,2018-02-22 06:09:36+00:00,15
24950,2018-02-22 01:20:46+00:00,11
24962,2018-02-22 06:17:11+00:00,24
24984,2018-02-22 15:49:39+00:00,17
25043,2018-02-23 19:01:12+00:00,24
25024,2018-02-23 12:56:37+00:00,24
25020,2018-02-23 12:25:28+00:00,7
25003,2018-02-23 07:43:55+00:00,11
24995,2018-02-23 05:09:10+00:00,29
24997,2018-02-23 05:44:03+00:00,28
25002,2018-02-23 07:00:48+00:00,28
24996,2018-02-23 05:14:40+00:00,32
25014,2018-02-23 09:34:35+00:00,11
25004,2018-02-23 07:47:37+00:00,29
25023,2018-02-23 12:41:37+00:00,28
25028,2018-02-23 14:01:01+00:00,22
25010,2018-02-23 09:09:57+00:00,16
25042,2018-02-23 18:55:26+00:00,25
24994,2018-02-23 05:00:27+00:00,29
25026,2018-02-23 13:09:57+00:00,32
25146,2018-02-27 19:50:03+00:00,29
25145,2018-02-27 19:41:59+00:00,30
25144,2018-02-27 19:37:04+00:00,32
25148,2018-02-27 20:10:53+00:00,29
25138,2018-02-27 17:43:57+00:00,5
25142,2018-02-27 19:16:42+00:00,32
25160,2018-02-28 07:42:16+00:00,16
24624,2018-02-15 01:31:31+00:00,19
24664,2018-02-15 08:02:32+00:00,15
24622,2018-02-15 01:06:23+00:00,10
24747,2018-02-16 08:02:08+00:00,19
24819,2018-02-17 17:34:51+00:00,12
24935,2018-02-21 22:08:16+00:00,10
24943,2018-02-21 23:54:47+00:00,28
24938,2018-02-21 22:26:48+00:00,30
24937,2018-02-21 22:22:43+00:00,32
24940,2018-02-21 22:49:28+00:00,29
24934,2018-02-21 21:59:30+00:00,10
25006,2018-02-23 08:08:10+00:00,11
25048,2018-02-23 20:20:00+00:00,18
25009,2018-02-23 08:47:31+00:00,12
25007,2018-02-23 08:10:30+00:00,15
1638,2015-10-05 10:44:02+00:00,22
74008,2022-05-05 16:28:39+00:00,33
74272,2022-05-12 08:10:49+00:00,29
74263,2022-05-12 06:53:58+00:00,21
73974,2022-05-04 20:42:08+00:00,30
74555,2022-05-16 15:45:06+00:00,32
73972,2022-05-04 20:27:07+00:00,32
74570,2022-05-16 17:44:17+00:00,31
74576,2022-05-16 19:44:22+00:00,31
74553,2022-05-16 15:30:06+00:00,23
73977,2022-05-04 21:23:54+00:00,23
74269,2022-05-12 07:45:52+00:00,16
74266,2022-05-12 07:26:18+00:00,16
74265,2022-05-12 07:21:26+00:00,9
74267,2022-05-12 07:29:27+00:00,16
74554,2022-05-16 15:36:25+00:00,27
74001,2022-05-05 13:18:03+00:00,24
73980,2022-05-04 22:37:16+00:00,31
73962,2022-05-04 16:33:05+00:00,29
73976,2022-05-04 20:59:51+00:00,19
73985,2022-05-05 07:21:15+00:00,30
74556,2022-05-16 15:47:41+00:00,30
73979,2022-05-04 21:51:56+00:00,24
74557,2022-05-16 15:58:10+00:00,24
74770,2022-05-20 06:53:31+00:00,15
74552,2022-05-16 15:19:01+00:00,3
74551,2022-05-16 14:42:46+00:00,3
73975,2022-05-04 20:52:46+00:00,25
74577,2022-05-16 19:53:49+00:00,13
74579,2022-05-16 20:09:30+00:00,24
73973,2022-05-04 20:34:09+00:00,24
73978,2022-05-04 21:42:52+00:00,24
74561,2022-05-16 16:20:10+00:00,24
74568,2022-05-16 17:18:05+00:00,24
105172,2023-10-29 23:47:58+00:00,29
105163,2023-10-29 22:15:20+00:00,12
105155,2023-10-29 18:23:00+00:00,7
104947,2023-10-26 07:25:15+00:00,5
104951,2023-10-26 07:35:41+00:00,19
104978,2023-10-26 09:49:06+00:00,28
104943,2023-10-26 07:09:18+00:00,4
104964,2023-10-26 08:05:14+00:00,24
104944,2023-10-26 07:17:23+00:00,8
103948,2023-10-09 14:48:23+00:00,1
103860,2023-10-08 13:07:37+00:00,10
103839,2023-10-08 00:39:21+00:00,29
103838,2023-10-08 00:27:06+00:00,31
103846,2023-10-08 04:36:27+00:00,12
103832,2023-10-07 22:48:58+00:00,32
103829,2023-10-07 22:21:50+00:00,31
103825,2023-10-07 21:59:27+00:00,29
103830,2023-10-07 22:25:42+00:00,32
103831,2023-10-07 22:44:16+00:00,33
103826,2023-10-07 22:07:17+00:00,30
103833,2023-10-07 23:05:07+00:00,24
103720,2023-10-05 20:11:58+00:00,21
103702,2023-10-05 19:25:41+00:00,21
103701,2023-10-05 19:21:56+00:00,16
103705,2023-10-05 19:28:15+00:00,12
103511,2023-10-02 20:55:23+00:00,32
104115,2023-10-13 00:52:24+00:00,24
103827,2023-10-07 22:12:58+00:00,31
103828,2023-10-07 22:19:17+00:00,31
103706,2023-10-05 19:35:33+00:00,31
103835,2023-10-07 23:18:24+00:00,29
103834,2023-10-07 23:14:46+00:00,29
11782,2016-11-05 17:29:18+00:00,30
11787,2016-11-05 18:12:55+00:00,22
11784,2016-11-05 17:38:51+00:00,29
11783,2016-11-05 17:31:54+00:00,33
11777,2016-11-05 16:56:01+00:00,32
11781,2016-11-05 17:20:36+00:00,15
11780,2016-11-05 17:04:49+00:00,29
11830,2016-11-07 17:54:29+00:00,33
11993,2016-11-13 05:13:46+00:00,24
34456,2018-08-26 13:02:01+00:00,10
32026,2018-08-01 23:34:05+00:00,11
32021,2018-08-01 22:08:46+00:00,22
32027,2018-08-01 23:58:15+00:00,29
32020,2018-08-01 22:05:07+00:00,11
32040,2018-08-02 04:31:54+00:00,24
32159,2018-08-02 20:32:34+00:00,3
32575,2018-08-06 16:55:58+00:00,24
32566,2018-08-06 16:31:16+00:00,24
32572,2018-08-06 16:50:36+00:00,21
32573,2018-08-06 16:52:52+00:00,21
32574,2018-08-06 16:57:12+00:00,16
32570,2018-08-06 16:44:22+00:00,16
32591,2018-08-06 17:53:28+00:00,10
32576,2018-08-06 16:59:19+00:00,21
32562,2018-08-06 15:28:40+00:00,21
32569,2018-08-06 16:40:31+00:00,16
32571,2018-08-06 16:46:43+00:00,24
32567,2018-08-06 16:37:08+00:00,24
33846,2018-08-17 23:11:57+00:00,10
33845,2018-08-17 23:07:02+00:00,10
45926,2019-09-05 11:36:53+00:00,11
45831,2019-09-02 10:10:33+00:00,7
45869,2019-09-03 18:50:11+00:00,29
46543,2019-09-26 14:59:33+00:00,31
45866,2019-09-03 18:41:10+00:00,29
45867,2019-09-03 18:45:25+00:00,32
45868,2019-09-03 18:47:49+00:00,32
46546,2019-09-26 17:41:31+00:00,17
45872,2019-09-03 20:22:59+00:00,17
45925,2019-09-05 11:34:20+00:00,22
45813,2019-09-01 21:05:48+00:00,18
45871,2019-09-03 18:56:45+00:00,11
45870,2019-09-03 18:56:45+00:00,11
45816,2019-09-01 22:54:34+00:00,16
60612,2021-02-05 18:04:57+00:00,7
60721,2021-02-08 10:21:04+00:00,29
60707,2021-02-08 09:00:08+00:00,28
60716,2021-02-08 10:05:01+00:00,29
60718,2021-02-08 10:11:21+00:00,29
60715,2021-02-08 09:59:47+00:00,29
60631,2021-02-05 20:09:14+00:00,21
61104,2021-02-22 13:00:50+00:00,21
60604,2021-02-05 17:27:22+00:00,18
60634,2021-02-05 21:26:17+00:00,18
60619,2021-02-05 18:27:36+00:00,18
60587,2021-02-05 15:37:52+00:00,32
61097,2021-02-22 12:13:05+00:00,32
60660,2021-02-06 14:28:00+00:00,32
61099,2021-02-22 12:21:05+00:00,32
60590,2021-02-05 16:08:11+00:00,32
61109,2021-02-22 13:31:05+00:00,31
60922,2021-02-14 14:24:34+00:00,31
61110,2021-02-22 13:33:06+00:00,31
60596,2021-02-05 16:57:16+00:00,31
60598,2021-02-05 17:05:00+00:00,31
61111,2021-02-22 13:56:06+00:00,23
60662,2021-02-06 14:33:16+00:00,23
60719,2021-02-08 10:15:26+00:00,29
60588,2021-02-05 15:49:01+00:00,16
60586,2021-02-05 15:27:15+00:00,16
60839,2021-02-11 17:37:43+00:00,16
60674,2021-02-06 15:46:11+00:00,9
60679,2021-02-06 16:22:46+00:00,27
61106,2021-02-22 13:06:33+00:00,27
60630,2021-02-05 20:09:29+00:00,24
60658,2021-02-06 13:21:49+00:00,18
61103,2021-02-22 12:56:31+00:00,18
60594,2021-02-05 16:40:26+00:00,31
61096,2021-02-22 11:58:09+00:00,19
60710,2021-02-08 09:24:11+00:00,28
60708,2021-02-08 09:04:34+00:00,29
60678,2021-02-06 16:20:44+00:00,29
60661,2021-02-06 14:29:55+00:00,19
60668,2021-02-06 14:57:54+00:00,17
60688,2021-02-06 23:56:23+00:00,13
60666,2021-02-06 14:50:49+00:00,13
61256,2021-02-26 22:42:52+00:00,9
60675,2021-02-06 15:50:03+00:00,9
61100,2021-02-22 12:24:19+00:00,32
60711,2021-02-08 09:27:43+00:00,32
60717,2021-02-08 10:11:42+00:00,32
60712,2021-02-08 09:31:44+00:00,32
60731,2021-02-08 12:05:21+00:00,7
60736,2021-02-08 13:43:04+00:00,7
60729,2021-02-08 11:14:33+00:00,12
60616,2021-02-05 18:17:45+00:00,1
60636,2021-02-05 22:10:16+00:00,4
60840,2021-02-11 17:40:03+00:00,12
60728,2021-02-08 11:07:20+00:00,12
60726,2021-02-08 11:04:38+00:00,12
61107,2021-02-22 13:10:31+00:00,24
60611,2021-02-05 17:59:52+00:00,24
60622,2021-02-05 18:49:12+00:00,24
60615,2021-02-05 18:13:56+00:00,13
60676,2021-02-06 15:54:29+00:00,13
60723,2021-02-08 10:30:31+00:00,28
60720,2021-02-08 10:18:11+00:00,28
60664,2021-02-06 14:42:36+00:00,28
60670,2021-02-06 15:09:30+00:00,11
60618,2021-02-05 18:24:12+00:00,11
61083,2021-02-21 22:01:27+00:00,11
60680,2021-02-06 16:28:25+00:00,24
61065,2021-02-20 21:40:11+00:00,24
60591,2021-02-05 16:17:33+00:00,24
61112,2021-02-22 13:55:58+00:00,24
60614,2021-02-05 18:12:54+00:00,24
60844,2021-02-11 18:28:13+00:00,3
60843,2021-02-11 18:20:13+00:00,3
60849,2021-02-11 21:50:30+00:00,3
61101,2021-02-22 12:46:33+00:00,24
61102,2021-02-22 12:50:33+00:00,31
60623,2021-02-05 18:54:51+00:00,24
61098,2021-02-22 12:17:57+00:00,32
60659,2021-02-06 14:23:25+00:00,13
60627,2021-02-05 19:45:22+00:00,13
60663,2021-02-06 14:35:45+00:00,23
60609,2021-02-05 17:54:42+00:00,25
60608,2021-02-05 17:49:32+00:00,23
60625,2021-02-05 19:02:23+00:00,4
60624,2021-02-05 18:58:12+00:00,4
60613,2021-02-05 18:12:45+00:00,4
60912,2021-02-14 01:18:26+00:00,23
60742,2021-02-08 15:18:56+00:00,7
60669,2021-02-06 14:59:50+00:00,21
60629,2021-02-05 20:06:04+00:00,15
61124,2021-02-22 18:19:04+00:00,18
60665,2021-02-06 14:47:42+00:00,13
60667,2021-02-06 14:52:24+00:00,12
60673,2021-02-06 15:40:05+00:00,11
61082,2021-02-21 21:52:56+00:00,11
60639,2021-02-06 01:18:45+00:00,11
60606,2021-02-05 17:35:02+00:00,10
60605,2021-02-05 17:33:32+00:00,29
60696,2021-02-07 18:06:00+00:00,24
60620,2021-02-05 18:33:46+00:00,24
61113,2021-02-22 14:06:52+00:00,24
60724,2021-02-08 10:42:17+00:00,19
61257,2021-02-26 22:48:02+00:00,9
60646,2021-02-06 09:40:35+00:00,6
60621,2021-02-05 18:38:51+00:00,24
60,2015-04-10 15:59:39+00:00,29
49816,2020-01-13 05:30:41+00:00,24
49809,2020-01-13 05:06:25+00:00,24
49554,2020-01-03 11:25:05+00:00,24
49977,2020-01-17 06:16:59+00:00,24
49973,2020-01-17 05:50:44+00:00,24
49976,2020-01-17 06:11:57+00:00,24
50001,2020-01-17 10:42:15+00:00,29
49825,2020-01-13 06:49:55+00:00,29
49821,2020-01-13 06:24:59+00:00,29
49838,2020-01-13 07:59:12+00:00,28
49855,2020-01-13 09:47:20+00:00,29
49993,2020-01-17 08:21:14+00:00,18
49823,2020-01-13 06:39:26+00:00,32
49819,2020-01-13 06:12:43+00:00,32
50447,2020-01-30 20:51:54+00:00,31
50450,2020-01-30 21:06:56+00:00,31
50456,2020-01-30 21:18:46+00:00,31
50510,2020-01-31 08:23:04+00:00,31
50417,2020-01-30 16:51:34+00:00,24
49983,2020-01-17 06:44:05+00:00,31
50449,2020-01-30 20:57:28+00:00,31
49833,2020-01-13 07:29:18+00:00,31
49994,2020-01-17 09:10:02+00:00,29
50180,2020-01-23 15:02:47+00:00,16
50182,2020-01-23 15:17:22+00:00,16
49808,2020-01-13 03:57:41+00:00,18
50487,2020-01-31 00:38:09+00:00,27
49839,2020-01-13 08:02:02+00:00,27
50445,2020-01-30 20:38:30+00:00,25
50416,2020-01-30 16:48:15+00:00,27
50493,2020-01-31 02:31:59+00:00,27
49974,2020-01-17 05:57:09+00:00,27
50442,2020-01-30 20:28:01+00:00,27
49555,2020-01-03 11:30:44+00:00,21
50455,2020-01-30 21:12:32+00:00,32
50438,2020-01-30 20:16:21+00:00,32
49834,2020-01-13 07:31:01+00:00,28
49999,2020-01-17 09:52:47+00:00,28
49822,2020-01-13 06:31:29+00:00,29
49824,2020-01-13 06:42:20+00:00,22
49827,2020-01-13 06:59:49+00:00,22
49828,2020-01-13 07:04:06+00:00,22
49868,2020-01-13 12:32:54+00:00,32
49992,2020-01-17 08:12:08+00:00,32
49982,2020-01-17 06:37:27+00:00,32
50461,2020-01-30 21:50:19+00:00,24
50000,2020-01-17 10:18:36+00:00,28
49826,2020-01-13 06:56:10+00:00,28
50460,2020-01-30 21:46:57+00:00,24
49579,2020-01-03 18:28:35+00:00,24
49580,2020-01-03 18:34:22+00:00,24
49814,2020-01-13 05:25:22+00:00,21
49556,2020-01-03 11:35:20+00:00,24
49815,2020-01-13 05:27:38+00:00,24
49810,2020-01-13 05:12:22+00:00,24
49997,2020-01-17 09:37:08+00:00,3
50440,2020-01-30 20:22:11+00:00,24
50441,2020-01-30 20:24:23+00:00,24
49984,2020-01-17 06:53:46+00:00,24
49986,2020-01-17 07:05:48+00:00,32
49813,2020-01-13 05:20:13+00:00,5
50452,2020-01-30 21:09:50+00:00,23
49548,2020-01-03 10:29:37+00:00,4
49549,2020-01-03 10:40:55+00:00,4
49550,2020-01-03 10:50:06+00:00,4
49618,2020-01-06 02:51:57+00:00,15
49853,2020-01-13 09:30:03+00:00,24
49552,2020-01-03 11:00:50+00:00,15
49561,2020-01-03 13:01:24+00:00,18
49991,2020-01-17 08:09:07+00:00,18
49812,2020-01-13 05:17:56+00:00,16
49811,2020-01-13 05:14:56+00:00,16
49621,2020-01-06 04:31:50+00:00,10
49980,2020-01-17 06:23:53+00:00,10
49619,2020-01-06 02:59:06+00:00,11
49620,2020-01-06 03:54:29+00:00,11
50181,2020-01-23 15:14:16+00:00,16
49817,2020-01-13 05:51:21+00:00,29
50443,2020-01-30 20:31:13+00:00,29
49553,2020-01-03 11:19:25+00:00,24
50464,2020-01-30 22:04:00+00:00,24
50467,2020-01-30 22:17:24+00:00,24
49560,2020-01-03 12:43:33+00:00,24
49557,2020-01-03 11:46:25+00:00,24
49551,2020-01-03 10:54:22+00:00,20
49829,2020-01-13 07:07:38+00:00,24
49559,2020-01-03 12:37:12+00:00,10
50468,2020-01-30 22:25:24+00:00,33
50439,2020-01-30 20:21:48+00:00,32
50463,2020-01-30 22:01:25+00:00,32
49830,2020-01-13 07:15:29+00:00,28
50444,2020-01-30 20:36:50+00:00,32
49837,2020-01-13 07:49:16+00:00,18
49562,2020-01-03 13:04:34+00:00,18
96149,2023-05-10 10:28:28+00:00,19
97070,2023-05-29 07:03:07+00:00,27
96161,2023-05-10 12:09:03+00:00,4
97057,2023-05-29 04:52:13+00:00,32
61510,2021-03-06 23:03:51+00:00,24
61506,2021-03-06 22:34:05+00:00,7
61504,2021-03-06 22:24:22+00:00,7
62099,2021-03-30 19:17:49+00:00,29
61502,2021-03-06 22:06:39+00:00,28
61758,2021-03-16 15:25:30+00:00,21
61757,2021-03-16 15:22:54+00:00,21
61771,2021-03-16 16:39:59+00:00,18
62066,2021-03-30 02:59:24+00:00,32
62111,2021-03-30 22:30:39+00:00,31
62096,2021-03-30 19:12:46+00:00,29
62098,2021-03-30 19:17:04+00:00,29
61490,2021-03-06 21:22:17+00:00,16
61454,2021-03-05 17:21:24+00:00,16
61768,2021-03-16 16:32:11+00:00,18
61501,2021-03-06 22:03:39+00:00,32
61486,2021-03-06 19:13:06+00:00,28
61488,2021-03-06 20:10:29+00:00,28
62063,2021-03-30 02:09:08+00:00,28
62124,2021-03-31 23:41:53+00:00,28
62125,2021-03-31 23:49:49+00:00,29
61765,2021-03-16 16:14:35+00:00,18
62101,2021-03-30 19:45:01+00:00,22
61494,2021-03-06 21:29:40+00:00,19
61492,2021-03-06 21:26:30+00:00,13
61503,2021-03-06 22:11:32+00:00,9
61491,2021-03-06 21:22:33+00:00,12
61767,2021-03-16 16:28:24+00:00,9
61515,2021-03-06 23:54:34+00:00,9
61489,2021-03-06 21:09:53+00:00,12
61505,2021-03-06 22:29:12+00:00,24
61507,2021-03-06 22:39:07+00:00,24
61762,2021-03-16 16:05:01+00:00,21
61496,2021-03-06 21:36:06+00:00,17
62126,2021-03-31 23:59:43+00:00,28
62100,2021-03-30 19:36:42+00:00,28
62071,2021-03-30 04:12:23+00:00,28
62068,2021-03-30 03:23:40+00:00,11
62065,2021-03-30 02:51:04+00:00,11
61761,2021-03-16 15:55:52+00:00,19
61493,2021-03-06 21:26:48+00:00,24
61524,2021-03-07 06:46:07+00:00,24
61500,2021-03-06 22:00:28+00:00,3
61759,2021-03-16 15:37:12+00:00,3
62104,2021-03-30 19:58:45+00:00,3
62070,2021-03-30 03:47:45+00:00,3
61509,2021-03-06 22:51:11+00:00,23
61527,2021-03-07 11:08:21+00:00,3
61499,2021-03-06 21:56:07+00:00,4
61495,2021-03-06 21:31:11+00:00,9
61514,2021-03-06 23:50:22+00:00,7
61769,2021-03-16 16:34:55+00:00,18
62069,2021-03-30 03:30:29+00:00,22
61780,2021-03-16 18:16:43+00:00,16
62109,2021-03-30 22:26:21+00:00,11
62106,2021-03-30 20:18:50+00:00,10
62062,2021-03-30 01:04:02+00:00,11
62077,2021-03-30 06:38:53+00:00,11
62061,2021-03-30 00:59:22+00:00,11
61760,2021-03-16 15:48:56+00:00,21
61498,2021-03-06 21:44:47+00:00,7
62074,2021-03-30 04:52:36+00:00,29
61764,2021-03-16 16:10:18+00:00,18
61518,2021-03-07 00:38:21+00:00,18
61517,2021-03-07 00:19:22+00:00,16
72959,2022-04-02 09:58:41+00:00,32
72913,2022-04-01 23:33:42+00:00,15
72818,2022-04-01 10:03:04+00:00,24
73819,2022-04-30 08:59:53+00:00,7
72919,2022-04-02 01:06:36+00:00,7
73773,2022-04-30 01:31:47+00:00,7
72831,2022-04-01 16:07:30+00:00,29
72901,2022-04-01 22:11:19+00:00,29
72934,2022-04-02 06:03:47+00:00,29
72813,2022-04-01 07:37:07+00:00,29
72789,2022-04-01 00:48:22+00:00,29
72829,2022-04-01 16:01:40+00:00,29
72803,2022-04-01 05:18:01+00:00,29
72806,2022-04-01 06:20:06+00:00,29
72896,2022-04-01 21:58:10+00:00,29
73345,2022-04-14 20:11:00+00:00,28
73006,2022-04-03 11:00:52+00:00,28
72897,2022-04-01 22:00:41+00:00,29
73364,2022-04-14 22:22:47+00:00,21
73344,2022-04-14 20:06:54+00:00,32
72836,2022-04-01 16:40:50+00:00,32
73200,2022-04-09 02:30:29+00:00,32
73343,2022-04-14 20:01:10+00:00,30
73352,2022-04-14 20:44:23+00:00,31
72790,2022-04-01 01:40:58+00:00,31
73204,2022-04-09 03:13:28+00:00,31
73340,2022-04-14 19:39:42+00:00,31
72804,2022-04-01 05:31:16+00:00,29
73778,2022-04-30 05:05:58+00:00,16
73855,2022-04-30 15:33:10+00:00,16
73835,2022-04-30 10:32:30+00:00,16
73762,2022-04-29 23:33:15+00:00,19
72848,2022-04-01 17:42:27+00:00,27
73209,2022-04-09 06:09:25+00:00,27
72858,2022-04-01 18:02:37+00:00,25
72875,2022-04-01 19:50:33+00:00,27
72807,2022-04-01 06:22:27+00:00,25
72859,2022-04-01 18:04:27+00:00,27
72814,2022-04-01 08:15:21+00:00,27
73350,2022-04-14 20:33:24+00:00,27
72852,2022-04-01 17:54:21+00:00,25
73813,2022-04-30 08:45:04+00:00,25
73360,2022-04-14 21:50:39+00:00,27
72850,2022-04-01 17:50:55+00:00,27
72847,2022-04-01 17:42:19+00:00,27
73201,2022-04-09 02:33:15+00:00,32
73311,2022-04-14 04:28:39+00:00,28
72996,2022-04-03 06:30:39+00:00,28
73199,2022-04-09 02:26:51+00:00,28
73098,2022-04-06 01:42:16+00:00,28
72832,2022-04-01 16:28:10+00:00,28
72973,2022-04-02 14:45:11+00:00,17
72969,2022-04-02 13:35:03+00:00,17
73767,2022-04-29 23:57:58+00:00,19
73764,2022-04-29 23:48:03+00:00,25
73197,2022-04-09 02:20:24+00:00,25
72843,2022-04-01 17:03:24+00:00,32
72837,2022-04-01 16:38:49+00:00,32
73348,2022-04-14 20:30:18+00:00,32
72902,2022-04-01 22:24:26+00:00,32
72840,2022-04-01 16:55:32+00:00,32
72834,2022-04-01 16:34:24+00:00,32
72800,2022-04-01 03:57:49+00:00,32
73349,2022-04-14 20:31:09+00:00,32
72835,2022-04-01 16:37:26+00:00,32
72841,2022-04-01 16:58:25+00:00,32
73341,2022-04-14 19:50:15+00:00,10
72870,2022-04-01 19:27:44+00:00,10
72833,2022-04-01 16:32:09+00:00,32
72907,2022-04-01 22:56:33+00:00,7
72940,2022-04-02 07:58:31+00:00,1
73780,2022-04-30 05:40:21+00:00,12
72785,2022-04-01 00:00:38+00:00,17
72975,2022-04-02 15:08:47+00:00,12
73777,2022-04-30 05:00:32+00:00,4
72905,2022-04-01 22:36:44+00:00,4
73771,2022-04-30 00:55:07+00:00,4
73782,2022-04-30 06:29:53+00:00,4
73787,2022-04-30 07:02:38+00:00,4
73816,2022-04-30 08:52:16+00:00,4
73307,2022-04-14 02:23:41+00:00,4
73783,2022-04-30 06:45:33+00:00,4
73786,2022-04-30 06:59:09+00:00,4
72895,2022-04-01 21:45:56+00:00,4
73339,2022-04-14 19:13:35+00:00,12
73806,2022-04-30 08:16:53+00:00,12
72817,2022-04-01 09:22:56+00:00,12
73205,2022-04-09 03:30:00+00:00,24
73353,2022-04-14 20:48:58+00:00,24
72877,2022-04-01 20:02:41+00:00,24
72862,2022-04-01 18:16:13+00:00,27
72856,2022-04-01 18:00:32+00:00,24
72970,2022-04-02 13:52:13+00:00,17
73812,2022-04-30 08:40:58+00:00,18
73825,2022-04-30 09:17:43+00:00,21
73823,2022-04-30 09:09:45+00:00,21
73824,2022-04-30 09:14:10+00:00,21
72787,2022-04-01 00:05:28+00:00,19
73820,2022-04-30 09:00:49+00:00,17
72838,2022-04-01 16:44:46+00:00,28
73203,2022-04-09 02:42:10+00:00,28
73357,2022-04-14 21:00:48+00:00,28
72937,2022-04-02 07:10:34+00:00,11
72860,2022-04-01 18:05:25+00:00,11
72797,2022-04-01 03:30:37+00:00,15
72910,2022-04-01 23:29:32+00:00,11
73246,2022-04-11 12:08:59+00:00,11
73372,2022-04-15 00:12:47+00:00,15
72977,2022-04-02 16:16:23+00:00,11
73207,2022-04-09 04:03:54+00:00,24
73789,2022-04-30 07:09:59+00:00,3
72951,2022-04-02 08:56:15+00:00,3
72971,2022-04-02 14:25:50+00:00,3
72867,2022-04-01 18:44:08+00:00,24
72788,2022-04-01 00:27:23+00:00,24
73202,2022-04-09 02:36:00+00:00,24
73805,2022-04-30 08:09:54+00:00,12
73794,2022-04-30 07:22:53+00:00,12
73807,2022-04-30 08:20:05+00:00,13
73802,2022-04-30 08:03:37+00:00,13
73808,2022-04-30 08:22:28+00:00,12
73792,2022-04-30 07:16:54+00:00,13
73791,2022-04-30 07:15:22+00:00,12
73803,2022-04-30 08:08:21+00:00,13
73198,2022-04-09 02:22:31+00:00,25
73194,2022-04-09 02:08:20+00:00,23
73769,2022-04-30 00:11:24+00:00,25
73196,2022-04-09 02:17:54+00:00,23
73770,2022-04-30 00:13:27+00:00,23
73765,2022-04-29 23:50:59+00:00,25
73195,2022-04-09 02:15:09+00:00,23
73766,2022-04-29 23:54:02+00:00,25
72890,2022-04-01 21:12:25+00:00,4
73801,2022-04-30 07:55:15+00:00,4
73788,2022-04-30 07:06:32+00:00,4
73785,2022-04-30 06:55:44+00:00,4
73342,2022-04-14 19:55:46+00:00,15
72906,2022-04-01 22:43:07+00:00,15
72912,2022-04-01 23:31:29+00:00,15
73382,2022-04-15 07:15:03+00:00,10
73101,2022-04-06 03:32:58+00:00,22
72826,2022-04-01 15:32:40+00:00,22
72801,2022-04-01 04:39:15+00:00,22
72846,2022-04-01 17:31:58+00:00,22
72828,2022-04-01 15:57:30+00:00,22
72827,2022-04-01 15:37:39+00:00,22
73831,2022-04-30 10:10:54+00:00,9
73781,2022-04-30 05:49:28+00:00,21
72918,2022-04-02 01:04:09+00:00,13
73381,2022-04-15 06:44:56+00:00,13
72960,2022-04-02 10:04:33+00:00,8
73815,2022-04-30 08:50:52+00:00,16
72891,2022-04-01 21:16:11+00:00,12
73838,2022-04-30 10:54:45+00:00,12
73346,2022-04-14 20:21:55+00:00,12
73347,2022-04-14 20:24:57+00:00,12
73361,2022-04-14 21:53:11+00:00,12
72888,2022-04-01 21:08:22+00:00,12
72894,2022-04-01 21:40:54+00:00,12
73784,2022-04-30 06:51:20+00:00,13
72929,2022-04-02 03:38:43+00:00,11
72845,2022-04-01 17:28:37+00:00,11
73102,2022-04-06 03:49:38+00:00,11
73383,2022-04-15 08:05:42+00:00,10
72885,2022-04-01 21:02:36+00:00,10
73192,2022-04-09 01:54:00+00:00,11
73309,2022-04-14 03:42:22+00:00,10
72796,2022-04-01 03:04:19+00:00,11
72839,2022-04-01 16:46:25+00:00,11
72844,2022-04-01 17:09:40+00:00,11
72927,2022-04-02 03:30:39+00:00,11
72802,2022-04-01 04:51:47+00:00,11
73308,2022-04-14 03:25:23+00:00,11
72892,2022-04-01 21:19:10+00:00,15
73097,2022-04-06 01:11:59+00:00,11
72978,2022-04-02 16:26:59+00:00,15
72928,2022-04-02 03:33:10+00:00,11
72942,2022-04-02 08:15:42+00:00,11
72965,2022-04-02 11:06:59+00:00,6
73828,2022-04-30 09:55:22+00:00,21
72886,2022-04-01 21:04:50+00:00,19
72830,2022-04-01 16:04:35+00:00,29
72872,2022-04-01 19:34:55+00:00,29
72869,2022-04-01 19:23:23+00:00,29
73822,2022-04-30 09:06:36+00:00,5
72794,2022-04-01 02:08:56+00:00,24
73827,2022-04-30 09:42:34+00:00,24
73206,2022-04-09 04:01:16+00:00,24
73354,2022-04-14 20:55:12+00:00,24
72855,2022-04-01 17:58:45+00:00,24
73821,2022-04-30 09:03:32+00:00,17
72974,2022-04-02 15:08:17+00:00,17
73818,2022-04-30 08:55:46+00:00,17
73768,2022-04-30 00:08:37+00:00,24
72898,2022-04-01 22:02:16+00:00,6
73317,2022-04-14 07:53:50+00:00,8
72909,2022-04-01 23:11:45+00:00,14
72786,2022-04-01 00:03:47+00:00,14
73351,2022-04-14 20:38:18+00:00,15
73355,2022-04-14 20:55:49+00:00,18
72904,2022-04-01 22:35:05+00:00,14
72922,2022-04-02 01:50:41+00:00,16
73834,2022-04-30 10:23:41+00:00,16
73800,2022-04-30 07:50:56+00:00,16
72851,2022-04-01 17:52:25+00:00,29
73796,2022-04-30 07:28:28+00:00,4
72917,2022-04-02 00:59:07+00:00,9
73843,2022-04-30 11:57:12+00:00,16
72865,2022-04-01 18:34:14+00:00,27
73829,2022-04-30 10:00:24+00:00,18
73008,2022-04-03 12:41:41+00:00,32
73845,2022-04-30 12:07:03+00:00,19
72916,2022-04-02 00:51:12+00:00,13
73799,2022-04-30 07:47:25+00:00,9
72878,2022-04-01 20:06:16+00:00,9
72853,2022-04-01 17:55:48+00:00,25
72911,2022-04-01 23:29:51+00:00,15
72915,2022-04-02 00:41:51+00:00,15
73847,2022-04-30 12:20:02+00:00,9
72882,2022-04-01 20:39:06+00:00,1
73763,2022-04-29 23:44:05+00:00,12
72861,2022-04-01 18:11:18+00:00,27
72887,2022-04-01 21:06:57+00:00,15
73809,2022-04-30 08:25:27+00:00,16
73848,2022-04-30 12:33:38+00:00,16
73842,2022-04-30 11:53:15+00:00,12
72879,2022-04-01 20:25:00+00:00,5
72881,2022-04-01 20:36:53+00:00,4
73839,2022-04-30 11:01:31+00:00,5
72883,2022-04-01 20:42:32+00:00,5
72874,2022-04-01 19:47:21+00:00,6
72868,2022-04-01 18:52:44+00:00,6
72955,2022-04-02 09:38:15+00:00,8
72889,2022-04-01 21:10:50+00:00,12
73859,2022-04-30 16:09:02+00:00,16
73837,2022-04-30 10:37:54+00:00,16
72864,2022-04-01 18:20:42+00:00,24
72964,2022-04-02 10:28:36+00:00,8
73814,2022-04-30 08:48:56+00:00,18
1961,2015-11-03 05:01:17+00:00,11
1990,2015-11-04 22:12:32+00:00,28
2036,2015-11-07 23:27:07+00:00,11
2045,2015-11-08 02:30:31+00:00,31
2040,2015-11-08 01:35:53+00:00,24
2041,2015-11-08 01:36:50+00:00,28
2037,2015-11-08 00:31:24+00:00,32
2039,2015-11-08 00:40:15+00:00,21
2047,2015-11-08 07:04:49+00:00,31
2038,2015-11-08 00:35:08+00:00,32
2042,2015-11-08 01:38:03+00:00,31
2044,2015-11-08 02:29:58+00:00,29
2237,2015-11-23 07:47:47+00:00,24
2235,2015-11-23 07:36:48+00:00,24
2232,2015-11-23 05:44:51+00:00,16
2231,2015-11-23 05:39:20+00:00,31
2230,2015-11-23 05:38:13+00:00,31
2229,2015-11-23 05:36:39+00:00,29
2234,2015-11-23 07:35:13+00:00,24
2233,2015-11-23 05:48:19+00:00,24
2346,2015-11-29 17:37:51+00:00,31
2340,2015-11-29 16:41:44+00:00,24
2353,2015-11-29 17:48:58+00:00,31
2335,2015-11-29 16:24:51+00:00,24
2351,2015-11-29 17:44:01+00:00,30
2336,2015-11-29 16:25:29+00:00,24
2347,2015-11-29 17:38:26+00:00,30
2343,2015-11-29 17:08:46+00:00,32
2350,2015-11-29 17:41:42+00:00,30
2354,2015-11-29 17:59:08+00:00,31
2345,2015-11-29 17:35:57+00:00,31
2355,2015-11-29 19:25:23+00:00,31
2339,2015-11-29 16:40:40+00:00,24
2342,2015-11-29 17:00:25+00:00,31
2352,2015-11-29 17:44:57+00:00,31
2344,2015-11-29 17:09:24+00:00,24
2349,2015-11-29 17:41:08+00:00,31
2348,2015-11-29 17:39:08+00:00,31
2338,2015-11-29 16:40:18+00:00,24
2337,2015-11-29 16:35:15+00:00,24
17907,2017-06-19 23:56:53+00:00,25
17906,2017-06-19 23:41:08+00:00,25
17905,2017-06-19 23:33:35+00:00,25
17904,2017-06-19 23:21:29+00:00,25
17959,2017-06-20 19:15:21+00:00,27
17914,2017-06-20 03:58:30+00:00,27
17963,2017-06-20 19:32:39+00:00,23
17975,2017-06-20 22:21:11+00:00,10
17916,2017-06-20 04:06:58+00:00,24
17965,2017-06-20 19:37:05+00:00,32
17943,2017-06-20 16:45:06+00:00,32
17908,2017-06-20 00:09:19+00:00,27
17942,2017-06-20 16:42:07+00:00,29
17946,2017-06-20 16:59:30+00:00,32
17969,2017-06-20 20:27:06+00:00,32
17941,2017-06-20 16:30:40+00:00,32
17911,2017-06-20 03:33:10+00:00,25
17945,2017-06-20 16:56:17+00:00,29
17952,2017-06-20 17:53:23+00:00,29
17958,2017-06-20 19:11:36+00:00,28
17954,2017-06-20 18:34:09+00:00,29
17964,2017-06-20 19:34:47+00:00,29
17977,2017-06-20 23:06:42+00:00,31
17974,2017-06-20 21:51:28+00:00,25
17939,2017-06-20 16:24:46+00:00,32
17972,2017-06-20 21:32:51+00:00,15
17978,2017-06-20 23:10:49+00:00,24
17940,2017-06-20 16:28:38+00:00,32
17953,2017-06-20 18:12:09+00:00,32
17960,2017-06-20 19:19:05+00:00,32
17913,2017-06-20 03:55:22+00:00,27
17957,2017-06-20 18:51:25+00:00,29
17976,2017-06-20 22:44:22+00:00,29
17912,2017-06-20 03:40:20+00:00,27
17922,2017-06-20 08:20:23+00:00,29
17910,2017-06-20 03:27:34+00:00,27
17921,2017-06-20 08:08:18+00:00,29
17983,2017-06-21 05:32:14+00:00,29
17989,2017-06-21 06:41:06+00:00,24
17998,2017-06-21 08:01:52+00:00,21
17987,2017-06-21 06:32:40+00:00,21
17990,2017-06-21 06:43:24+00:00,24
17995,2017-06-21 07:44:19+00:00,8
18041,2017-06-21 22:58:32+00:00,33
17997,2017-06-21 07:50:15+00:00,29
18022,2017-06-21 12:40:09+00:00,29
18006,2017-06-21 09:13:49+00:00,15
18021,2017-06-21 12:11:25+00:00,15
17988,2017-06-21 06:34:47+00:00,24
18043,2017-06-21 23:26:58+00:00,32
17996,2017-06-21 07:47:46+00:00,10
17986,2017-06-21 06:29:22+00:00,16
17985,2017-06-21 06:22:35+00:00,21
18057,2017-06-22 09:09:38+00:00,11
18051,2017-06-22 07:41:14+00:00,8
18059,2017-06-22 09:49:08+00:00,32
18046,2017-06-22 06:09:11+00:00,11
18091,2017-06-23 06:49:40+00:00,11
18093,2017-06-23 08:13:15+00:00,8
18092,2017-06-23 06:56:21+00:00,11
56452,2020-09-23 06:18:22+00:00,15
56377,2020-09-22 00:02:28+00:00,24
56410,2020-09-22 10:42:06+00:00,29
56371,2020-09-21 22:53:29+00:00,28
56420,2020-09-22 12:02:20+00:00,29
56386,2020-09-22 06:50:26+00:00,29
56221,2020-09-17 09:54:20+00:00,29
56413,2020-09-22 10:55:14+00:00,32
56467,2020-09-23 11:28:11+00:00,23
56436,2020-09-22 14:15:26+00:00,27
56411,2020-09-22 10:45:50+00:00,32
56334,2020-09-20 23:00:04+00:00,29
56387,2020-09-22 07:20:03+00:00,32
56404,2020-09-22 10:19:37+00:00,1
56416,2020-09-22 11:25:17+00:00,28
56405,2020-09-22 10:22:38+00:00,11
56462,2020-09-23 09:32:27+00:00,11
56448,2020-09-23 01:38:47+00:00,11
56378,2020-09-22 00:10:36+00:00,24
56375,2020-09-21 23:55:56+00:00,24
56482,2020-09-24 06:32:16+00:00,5
55802,2020-09-02 06:27:49+00:00,15
56417,2020-09-22 11:32:02+00:00,22
56372,2020-09-21 23:12:21+00:00,22
56373,2020-09-21 23:40:39+00:00,26
56399,2020-09-22 09:59:38+00:00,6
56425,2020-09-22 12:32:27+00:00,15
56422,2020-09-22 12:19:42+00:00,13
56396,2020-09-22 09:52:02+00:00,11
56180,2020-09-16 04:38:49+00:00,11
56333,2020-09-20 22:53:57+00:00,11
56368,2020-09-21 22:36:58+00:00,11
56381,2020-09-22 02:44:12+00:00,10
56403,2020-09-22 10:18:52+00:00,11
56394,2020-09-22 08:51:50+00:00,11
56370,2020-09-21 22:44:56+00:00,11
56400,2020-09-22 10:03:37+00:00,11
56395,2020-09-22 09:34:20+00:00,11
56376,2020-09-21 23:59:09+00:00,16
56415,2020-09-22 11:07:42+00:00,29
56412,2020-09-22 10:49:58+00:00,29
56414,2020-09-22 11:00:19+00:00,29
22983,2017-12-21 23:45:54+00:00,29
22980,2017-12-21 22:28:44+00:00,18
22981,2017-12-21 22:35:06+00:00,18
23003,2017-12-22 16:30:45+00:00,29
23001,2017-12-22 16:27:27+00:00,32
23002,2017-12-22 16:29:17+00:00,22
23000,2017-12-22 16:25:06+00:00,4
23004,2017-12-22 16:32:09+00:00,30
23043,2017-12-23 22:58:43+00:00,22
23044,2017-12-23 23:20:44+00:00,11
23068,2017-12-24 18:31:17+00:00,12
23056,2017-12-24 11:01:32+00:00,29
23047,2017-12-24 01:11:26+00:00,29
23073,2017-12-24 19:21:52+00:00,21
23050,2017-12-24 05:19:52+00:00,29
23097,2017-12-26 00:25:21+00:00,16
23197,2017-12-29 18:31:18+00:00,16
23199,2017-12-29 18:36:33+00:00,23
23189,2017-12-29 17:40:53+00:00,16
23200,2017-12-29 18:49:01+00:00,12
23196,2017-12-29 18:28:16+00:00,16
23198,2017-12-29 18:34:40+00:00,9
23188,2017-12-29 17:37:41+00:00,16
23205,2017-12-29 19:59:14+00:00,12
23193,2017-12-29 18:03:12+00:00,17
23191,2017-12-29 17:47:29+00:00,15
23195,2017-12-29 18:16:15+00:00,27
23224,2017-12-30 15:59:16+00:00,31
34698,2018-09-04 04:42:39+00:00,4
35391,2018-09-27 20:25:35+00:00,28
35144,2018-09-18 19:55:36+00:00,24
35154,2018-09-19 13:01:41+00:00,24
35387,2018-09-27 19:48:10+00:00,29
35386,2018-09-27 19:25:53+00:00,29
34699,2018-09-04 04:47:56+00:00,10
35141,2018-09-18 18:01:19+00:00,24
35383,2018-09-27 18:17:36+00:00,11
34696,2018-09-03 22:09:58+00:00,11
35140,2018-09-18 17:04:17+00:00,24
13237,2016-12-30 18:58:15+00:00,13
13236,2016-12-30 18:39:54+00:00,12
13234,2016-12-30 18:23:58+00:00,17
13233,2016-12-30 18:21:16+00:00,17
12467,2016-12-01 06:38:55+00:00,15
12767,2016-12-12 18:40:31+00:00,21
12784,2016-12-12 21:05:20+00:00,24
12782,2016-12-12 21:03:01+00:00,31
12787,2016-12-12 21:15:49+00:00,31
12765,2016-12-12 18:29:34+00:00,21
12786,2016-12-12 21:13:59+00:00,24
12783,2016-12-12 21:04:23+00:00,24
12780,2016-12-12 20:54:54+00:00,24
12768,2016-12-12 18:49:41+00:00,24
12764,2016-12-12 18:23:18+00:00,21
12766,2016-12-12 18:35:28+00:00,21
12836,2016-12-14 19:48:55+00:00,24
12834,2016-12-14 18:36:05+00:00,24
12832,2016-12-14 18:23:19+00:00,27
13037,2016-12-22 15:34:55+00:00,9
12785,2016-12-12 21:06:49+00:00,24
21308,2017-10-22 20:39:52+00:00,21
21425,2017-10-26 13:19:20+00:00,8
21429,2017-10-26 14:56:01+00:00,21
4210,2016-03-12 20:04:01+00:00,24
4209,2016-03-12 19:59:44+00:00,31
4211,2016-03-12 20:04:24+00:00,31
4212,2016-03-12 20:05:05+00:00,24
4331,2016-03-16 14:59:53+00:00,10
4323,2016-03-16 14:41:45+00:00,32
4341,2016-03-16 15:28:41+00:00,29
4319,2016-03-16 14:28:52+00:00,32
4336,2016-03-16 15:14:18+00:00,10
4339,2016-03-16 15:21:32+00:00,32
4325,2016-03-16 14:46:28+00:00,11
4346,2016-03-16 16:23:23+00:00,32
4337,2016-03-16 15:16:39+00:00,32
4327,2016-03-16 14:49:28+00:00,32
4340,2016-03-16 15:23:59+00:00,28
4320,2016-03-16 14:36:37+00:00,5
4356,2016-03-16 17:15:46+00:00,31
4349,2016-03-16 16:40:26+00:00,31
4352,2016-03-16 16:57:36+00:00,31
4351,2016-03-16 16:42:59+00:00,24
4344,2016-03-16 15:58:34+00:00,32
4350,2016-03-16 16:40:56+00:00,31
4347,2016-03-16 16:27:06+00:00,29
4342,2016-03-16 15:51:32+00:00,28
4322,2016-03-16 14:40:03+00:00,12
4321,2016-03-16 14:38:39+00:00,33
4345,2016-03-16 16:07:54+00:00,31
4324,2016-03-16 14:44:55+00:00,11
4330,2016-03-16 14:59:00+00:00,32
4338,2016-03-16 15:19:34+00:00,33
4326,2016-03-16 14:48:06+00:00,32
4316,2016-03-16 13:38:01+00:00,12
4353,2016-03-16 16:59:36+00:00,27
4334,2016-03-16 15:07:08+00:00,10
4348,2016-03-16 16:39:46+00:00,31
4317,2016-03-16 13:56:49+00:00,12
4335,2016-03-16 15:09:04+00:00,32
4496,2016-03-23 23:37:42+00:00,21
4500,2016-03-24 00:11:53+00:00,19
4501,2016-03-24 00:12:22+00:00,19
4508,2016-03-24 01:57:38+00:00,18
4506,2016-03-24 00:41:21+00:00,17
4504,2016-03-24 00:13:59+00:00,31
4497,2016-03-24 00:01:43+00:00,31
4505,2016-03-24 00:14:32+00:00,24
4498,2016-03-24 00:11:11+00:00,31
4502,2016-03-24 00:12:43+00:00,31
4503,2016-03-24 00:13:11+00:00,24
4507,2016-03-24 01:13:24+00:00,18
4499,2016-03-24 00:11:26+00:00,31
4223,2016-03-12 20:46:20+00:00,31
4225,2016-03-12 20:50:12+00:00,31
4222,2016-03-12 20:44:45+00:00,31
4420,2016-03-19 20:33:13+00:00,28
4224,2016-03-12 20:49:26+00:00,31
1259,2015-09-12 22:13:35+00:00,19
1258,2015-09-12 20:12:42+00:00,32
1269,2015-09-13 14:30:27+00:00,29
1271,2015-09-13 15:35:41+00:00,29
1270,2015-09-13 14:33:14+00:00,22
1264,2015-09-13 08:21:47+00:00,10
1473,2015-09-27 22:22:52+00:00,19
1474,2015-09-27 22:56:38+00:00,10
1475,2015-09-27 23:00:00+00:00,10
1263,2015-09-13 06:30:26+00:00,24
1260,2015-09-12 22:15:52+00:00,29
1261,2015-09-12 22:16:47+00:00,29
44191,2019-07-04 15:41:09+00:00,29
44274,2019-07-06 07:28:40+00:00,29
44285,2019-07-06 20:09:02+00:00,26
44189,2019-07-04 15:09:39+00:00,22
44179,2019-07-04 12:04:14+00:00,32
44180,2019-07-04 12:10:06+00:00,33
44182,2019-07-04 12:41:15+00:00,28
44275,2019-07-06 07:54:23+00:00,22
44228,2019-07-05 11:46:01+00:00,22
44181,2019-07-04 12:11:58+00:00,29
44278,2019-07-06 09:27:12+00:00,8
2936,2016-01-13 17:26:38+00:00,16
2961,2016-01-14 18:11:12+00:00,16
2942,2016-01-14 07:02:25+00:00,11
2974,2016-01-15 17:56:51+00:00,12
2972,2016-01-15 17:36:05+00:00,18
2977,2016-01-15 18:26:51+00:00,32
2982,2016-01-15 19:30:17+00:00,19
2981,2016-01-15 19:09:37+00:00,13
2980,2016-01-15 19:02:48+00:00,18
2973,2016-01-15 17:55:16+00:00,17
2975,2016-01-15 18:12:30+00:00,16
2978,2016-01-15 18:33:50+00:00,12
2979,2016-01-15 18:50:20+00:00,10
3009,2016-01-16 12:25:45+00:00,18
2987,2016-01-16 04:25:24+00:00,31
3010,2016-01-16 12:28:47+00:00,18
2992,2016-01-16 04:57:43+00:00,21
2993,2016-01-16 04:59:02+00:00,6
2995,2016-01-16 05:50:08+00:00,11
2991,2016-01-16 04:57:07+00:00,31
2989,2016-01-16 04:56:18+00:00,32
3011,2016-01-16 12:30:24+00:00,18
2986,2016-01-16 04:24:55+00:00,24
2998,2016-01-16 08:57:03+00:00,24
2990,2016-01-16 04:56:49+00:00,21
3014,2016-01-16 15:01:50+00:00,29
3008,2016-01-16 12:20:58+00:00,18
3064,2016-01-19 15:01:52+00:00,15
3063,2016-01-19 14:54:27+00:00,11
3207,2016-01-28 15:14:19+00:00,5
3205,2016-01-28 15:09:15+00:00,7
3199,2016-01-28 14:42:59+00:00,17
3204,2016-01-28 15:05:32+00:00,31
3200,2016-01-28 14:44:51+00:00,19
3201,2016-01-28 14:45:44+00:00,16
3202,2016-01-28 14:48:05+00:00,7
22060,2017-11-19 15:56:59+00:00,16
22059,2017-11-19 15:51:42+00:00,21
22089,2017-11-20 08:27:23+00:00,30
22092,2017-11-20 08:34:59+00:00,10
22093,2017-11-20 08:38:36+00:00,8
22090,2017-11-20 08:29:22+00:00,31
94445,2023-04-08 12:52:54+00:00,33
94430,2023-04-08 09:22:58+00:00,29
94818,2023-04-14 17:06:21+00:00,21
94819,2023-04-14 17:10:38+00:00,21
94821,2023-04-14 17:27:50+00:00,21
94822,2023-04-14 17:34:53+00:00,21
95450,2023-04-26 21:16:45+00:00,18
94411,2023-04-08 06:58:07+00:00,31
95600,2023-04-28 18:17:22+00:00,31
94468,2023-04-08 22:13:28+00:00,31
94523,2023-04-09 18:11:22+00:00,31
94393,2023-04-08 03:42:14+00:00,19
94403,2023-04-08 04:30:36+00:00,32
94405,2023-04-08 04:37:40+00:00,32
94414,2023-04-08 07:31:35+00:00,32
94418,2023-04-08 07:44:16+00:00,28
95585,2023-04-28 11:42:07+00:00,28
94395,2023-04-08 03:49:42+00:00,17
94401,2023-04-08 04:22:56+00:00,32
94426,2023-04-08 08:54:50+00:00,32
94429,2023-04-08 09:18:26+00:00,32
94514,2023-04-09 14:53:07+00:00,7
94507,2023-04-09 13:19:37+00:00,12
95553,2023-04-28 05:57:37+00:00,1
95557,2023-04-28 06:38:22+00:00,2
94493,2023-04-09 10:15:37+00:00,12
94509,2023-04-09 13:29:52+00:00,12
94417,2023-04-08 07:40:50+00:00,27
95452,2023-04-26 21:32:21+00:00,18
94413,2023-04-08 07:25:09+00:00,28
94048,2023-04-02 01:33:56+00:00,28
94410,2023-04-08 06:53:29+00:00,11
95548,2023-04-28 04:58:49+00:00,31
94467,2023-04-08 22:09:54+00:00,31
94404,2023-04-08 04:35:00+00:00,24
94406,2023-04-08 04:55:20+00:00,10
94438,2023-04-08 10:59:37+00:00,31
95550,2023-04-28 05:38:15+00:00,24
95572,2023-04-28 09:07:10+00:00,13
94415,2023-04-08 07:34:38+00:00,10
94045,2023-04-01 22:59:51+00:00,10
94402,2023-04-08 04:27:59+00:00,11
94421,2023-04-08 08:22:04+00:00,29
94817,2023-04-14 16:58:30+00:00,18
94827,2023-04-14 17:45:25+00:00,18
95448,2023-04-26 20:51:55+00:00,18
3556,2016-02-17 19:43:03+00:00,7
3477,2016-02-15 18:35:41+00:00,30
3479,2016-02-15 18:44:25+00:00,31
3478,2016-02-15 18:39:32+00:00,25
3480,2016-02-15 18:55:28+00:00,19
3513,2016-02-16 19:40:00+00:00,19
3516,2016-02-16 19:54:00+00:00,24
3519,2016-02-16 20:05:16+00:00,16
3517,2016-02-16 19:56:08+00:00,31
3514,2016-02-16 19:43:29+00:00,17
3512,2016-02-16 19:37:40+00:00,25
3536,2016-02-17 18:37:10+00:00,19
3671,2016-02-20 21:04:20+00:00,32
3665,2016-02-20 20:30:03+00:00,31
3670,2016-02-20 20:56:27+00:00,32
3666,2016-02-20 20:32:22+00:00,31
3667,2016-02-20 20:32:52+00:00,31
3688,2016-02-21 18:44:12+00:00,21
3687,2016-02-21 18:25:32+00:00,16
3697,2016-02-21 20:01:47+00:00,31
3698,2016-02-21 20:15:48+00:00,31
3732,2016-02-22 20:12:07+00:00,32
3735,2016-02-22 20:29:50+00:00,24
3731,2016-02-22 20:11:25+00:00,31
3730,2016-02-22 20:09:28+00:00,24
3733,2016-02-22 20:29:03+00:00,31
3728,2016-02-22 20:04:43+00:00,32
3734,2016-02-22 20:29:25+00:00,24
3727,2016-02-22 20:00:42+00:00,32
3736,2016-02-22 20:30:21+00:00,31
3738,2016-02-22 20:48:26+00:00,25
3729,2016-02-22 20:09:21+00:00,32
3742,2016-02-22 21:14:04+00:00,32
3780,2016-02-23 20:28:43+00:00,31
3781,2016-02-23 20:29:27+00:00,24
3779,2016-02-23 20:27:10+00:00,31
3776,2016-02-23 20:15:20+00:00,31
3918,2016-02-29 16:50:38+00:00,24
3902,2016-02-29 14:48:31+00:00,10
3898,2016-02-29 14:13:18+00:00,11
3910,2016-02-29 16:25:50+00:00,31
3920,2016-02-29 16:51:37+00:00,24
3914,2016-02-29 16:40:50+00:00,32
3922,2016-02-29 16:55:42+00:00,31
3901,2016-02-29 14:44:50+00:00,11
3925,2016-02-29 17:23:31+00:00,32
3895,2016-02-29 13:04:04+00:00,21
3917,2016-02-29 16:47:18+00:00,24
3927,2016-02-29 17:41:07+00:00,32
3912,2016-02-29 16:28:33+00:00,31
3904,2016-02-29 14:55:25+00:00,11
3903,2016-02-29 14:52:22+00:00,11
3926,2016-02-29 17:26:59+00:00,32
3911,2016-02-29 16:27:17+00:00,24
3913,2016-02-29 16:32:23+00:00,31
3932,2016-02-29 18:16:19+00:00,29
3919,2016-02-29 16:49:13+00:00,24
3915,2016-02-29 16:43:00+00:00,21
3899,2016-02-29 14:28:43+00:00,11
3921,2016-02-29 16:53:52+00:00,31
26933,2018-05-16 11:39:49+00:00,11
27020,2018-05-19 19:50:27+00:00,32
27026,2018-05-19 21:12:34+00:00,19
45510,2019-08-20 21:53:01+00:00,29
45040,2019-08-04 05:26:26+00:00,22
45066,2019-08-04 19:00:54+00:00,22
45512,2019-08-20 22:14:54+00:00,24
45049,2019-08-04 09:16:07+00:00,22
45063,2019-08-04 17:14:41+00:00,18
45039,2019-08-04 05:10:25+00:00,11
45509,2019-08-20 21:16:07+00:00,11
54187,2020-06-29 04:00:51+00:00,28
53704,2020-06-04 19:49:26+00:00,22
53706,2020-06-04 20:09:36+00:00,22
54154,2020-06-27 16:41:54+00:00,10
53898,2020-06-16 00:04:52+00:00,11
53703,2020-06-04 19:43:09+00:00,11
53897,2020-06-15 23:58:54+00:00,11
53708,2020-06-05 06:27:17+00:00,11
54191,2020-06-29 07:15:16+00:00,10
54184,2020-06-29 01:01:11+00:00,11
54159,2020-06-27 17:13:29+00:00,10
54186,2020-06-29 03:23:34+00:00,24
92569,2023-03-10 16:31:18+00:00,21
92400,2023-03-07 15:33:21+00:00,21
92243,2023-03-05 17:16:15+00:00,25
92397,2023-03-07 15:25:40+00:00,12
93930,2023-03-30 21:55:29+00:00,19
93916,2023-03-30 21:05:58+00:00,21
93672,2023-03-27 05:12:22+00:00,28
93934,2023-03-30 22:40:10+00:00,12
92504,2023-03-09 16:59:08+00:00,5
92652,2023-03-11 19:36:25+00:00,4
92651,2023-03-11 19:35:33+00:00,4
93680,2023-03-27 06:29:59+00:00,15
92681,2023-03-12 07:41:43+00:00,11
92658,2023-03-11 19:43:04+00:00,4
93897,2023-03-30 19:44:17+00:00,24
92398,2023-03-07 15:28:17+00:00,9
71255,2022-02-17 21:39:01+00:00,7
70899,2022-02-07 15:35:07+00:00,7
71370,2022-02-21 19:09:36+00:00,7
71239,2022-02-17 18:14:58+00:00,18
71240,2022-02-17 18:16:50+00:00,18
71253,2022-02-17 21:30:05+00:00,4
70900,2022-02-07 15:40:53+00:00,23
70896,2022-02-07 15:12:03+00:00,23
70901,2022-02-07 15:45:43+00:00,23
71236,2022-02-17 17:54:06+00:00,16
71369,2022-02-21 16:54:50+00:00,16
70865,2022-02-06 15:42:06+00:00,16
70968,2022-02-09 02:22:41+00:00,29
70906,2022-02-07 16:18:23+00:00,9
70916,2022-02-07 17:38:54+00:00,9
71247,2022-02-17 19:30:36+00:00,18
71261,2022-02-18 06:22:07+00:00,29
70914,2022-02-07 17:33:21+00:00,28
70934,2022-02-07 20:25:12+00:00,15
70905,2022-02-07 16:14:52+00:00,10
70907,2022-02-07 16:19:57+00:00,10
71292,2022-02-18 20:38:21+00:00,32
71376,2022-02-21 21:18:45+00:00,7
70869,2022-02-07 06:00:24+00:00,2
71372,2022-02-21 19:41:15+00:00,4
70933,2022-02-07 20:12:29+00:00,4
71371,2022-02-21 19:25:40+00:00,4
71251,2022-02-17 21:24:38+00:00,4
70902,2022-02-07 15:58:42+00:00,12
71238,2022-02-17 18:12:52+00:00,18
71241,2022-02-17 18:18:29+00:00,18
71283,2022-02-18 18:31:11+00:00,28
70911,2022-02-07 16:48:58+00:00,15
70994,2022-02-09 20:59:46+00:00,11
71257,2022-02-17 23:04:44+00:00,11
70988,2022-02-09 18:19:20+00:00,11
71366,2022-02-21 15:42:24+00:00,24
71243,2022-02-17 18:31:03+00:00,18
71244,2022-02-17 18:33:17+00:00,18
70939,2022-02-07 21:32:37+00:00,3
71246,2022-02-17 18:43:26+00:00,18
70910,2022-02-07 16:27:16+00:00,16
70895,2022-02-07 15:04:59+00:00,25
71375,2022-02-21 21:11:02+00:00,4
71379,2022-02-21 22:06:54+00:00,5
71373,2022-02-21 20:32:52+00:00,4
71252,2022-02-17 21:27:25+00:00,4
71248,2022-02-17 21:10:29+00:00,4
71099,2022-02-12 22:52:49+00:00,19
71013,2022-02-10 11:22:33+00:00,15
70915,2022-02-07 17:35:00+00:00,13
70924,2022-02-07 18:27:41+00:00,1
71254,2022-02-17 21:33:24+00:00,10
71386,2022-02-22 07:26:28+00:00,11
71285,2022-02-18 19:02:23+00:00,29
71284,2022-02-18 18:50:19+00:00,29
71286,2022-02-18 19:51:59+00:00,29
71245,2022-02-17 18:39:33+00:00,18
71377,2022-02-21 21:35:36+00:00,4
70913,2022-02-07 17:10:13+00:00,8
71014,2022-02-10 12:02:02+00:00,15
71242,2022-02-17 18:20:28+00:00,18
71291,2022-02-18 20:29:08+00:00,29
71288,2022-02-18 20:03:09+00:00,15
71287,2022-02-18 20:00:05+00:00,15
71293,2022-02-18 20:55:21+00:00,15
71289,2022-02-18 20:16:37+00:00,15
70927,2022-02-07 18:42:49+00:00,4
70918,2022-02-07 17:41:00+00:00,4
71256,2022-02-17 22:06:56+00:00,4
71249,2022-02-17 21:14:51+00:00,4
71294,2022-02-18 20:59:18+00:00,15
71295,2022-02-18 21:23:26+00:00,15
54526,2020-07-14 12:00:21+00:00,28
54917,2020-07-30 10:47:59+00:00,28
54535,2020-07-14 13:04:31+00:00,31
54300,2020-07-02 21:20:41+00:00,19
54910,2020-07-30 10:06:59+00:00,27
54915,2020-07-30 10:30:19+00:00,32
54916,2020-07-30 10:43:05+00:00,33
54924,2020-07-30 13:28:00+00:00,32
54970,2020-07-31 10:24:39+00:00,29
54930,2020-07-30 15:18:36+00:00,11
54951,2020-07-31 04:50:52+00:00,10
54950,2020-07-31 01:50:57+00:00,11
54938,2020-07-30 16:59:06+00:00,11
54567,2020-07-15 09:12:41+00:00,11
54551,2020-07-15 06:24:49+00:00,10
10782,2016-10-04 04:51:25+00:00,18
10790,2016-10-04 08:49:57+00:00,11
10788,2016-10-04 07:55:28+00:00,8
10792,2016-10-04 09:21:37+00:00,30
11509,2016-10-29 07:58:01+00:00,26
88954,2023-01-20 21:50:15+00:00,24
89552,2023-01-28 17:20:46+00:00,7
88955,2023-01-20 22:31:45+00:00,21
88947,2023-01-20 19:26:29+00:00,21
88129,2023-01-11 17:09:35+00:00,18
87502,2023-01-03 17:41:08+00:00,31
87496,2023-01-03 17:18:41+00:00,31
87498,2023-01-03 17:24:30+00:00,31
89189,2023-01-23 15:14:06+00:00,16
88223,2023-01-12 22:52:08+00:00,27
88216,2023-01-12 21:37:00+00:00,27
89611,2023-01-29 16:05:46+00:00,19
87424,2023-01-02 17:23:39+00:00,9
88220,2023-01-12 22:01:51+00:00,32
89206,2023-01-23 16:13:53+00:00,12
89173,2023-01-23 14:32:53+00:00,15
88130,2023-01-11 17:13:19+00:00,18
87522,2023-01-03 19:01:19+00:00,21
87520,2023-01-03 18:52:17+00:00,21
88218,2023-01-12 21:52:21+00:00,33
88222,2023-01-12 22:17:17+00:00,33
88224,2023-01-13 00:27:03+00:00,28
87503,2023-01-03 17:42:57+00:00,30
89739,2023-01-30 18:59:57+00:00,23
89726,2023-01-30 17:39:49+00:00,5
89643,2023-01-29 17:55:13+00:00,12
89642,2023-01-29 17:54:17+00:00,16
89736,2023-01-30 18:32:25+00:00,11
89653,2023-01-29 18:44:39+00:00,16
87494,2023-01-03 17:12:05+00:00,24
87529,2023-01-03 19:50:52+00:00,7
47939,2019-11-11 15:12:49+00:00,15
47896,2019-11-11 11:25:59+00:00,28
47925,2019-11-11 13:06:44+00:00,31
47941,2019-11-11 15:41:30+00:00,31
47903,2019-11-11 12:04:19+00:00,31
47905,2019-11-11 12:08:47+00:00,31
47949,2019-11-11 16:57:22+00:00,31
48292,2019-11-23 21:23:32+00:00,16
47971,2019-11-12 08:09:35+00:00,29
47934,2019-11-11 14:06:21+00:00,25
47901,2019-11-11 11:57:18+00:00,32
47951,2019-11-11 17:41:44+00:00,31
47920,2019-11-11 12:49:58+00:00,28
47908,2019-11-11 12:21:28+00:00,32
47904,2019-11-11 12:07:01+00:00,32
47916,2019-11-11 12:43:23+00:00,32
47929,2019-11-11 13:50:05+00:00,32
47921,2019-11-11 12:52:48+00:00,32
47909,2019-11-11 12:23:26+00:00,32
47910,2019-11-11 12:25:19+00:00,32
47917,2019-11-11 12:45:19+00:00,29
47935,2019-11-11 14:34:11+00:00,4
48285,2019-11-23 19:59:43+00:00,4
48287,2019-11-23 20:36:15+00:00,12
48137,2019-11-19 00:07:40+00:00,11
47945,2019-11-11 16:16:18+00:00,15
47898,2019-11-11 11:41:38+00:00,24
47902,2019-11-11 11:59:53+00:00,32
47923,2019-11-11 12:58:39+00:00,4
47915,2019-11-11 12:35:26+00:00,23
48452,2019-11-28 17:08:07+00:00,15
47911,2019-11-11 12:27:53+00:00,30
47893,2019-11-11 11:14:18+00:00,11
48289,2019-11-23 20:58:34+00:00,16
48141,2019-11-19 04:40:49+00:00,16
47900,2019-11-11 11:53:15+00:00,29
47937,2019-11-11 15:08:42+00:00,24
47942,2019-11-11 15:44:56+00:00,10
14134,2017-02-02 19:30:32+00:00,8
14256,2017-02-08 01:30:34+00:00,13
55435,2020-08-21 12:16:03+00:00,15
55474,2020-08-22 03:15:56+00:00,28
55478,2020-08-22 06:55:16+00:00,28
55466,2020-08-21 23:04:41+00:00,24
55467,2020-08-21 23:23:28+00:00,31
55469,2020-08-21 23:34:37+00:00,31
55468,2020-08-21 23:29:52+00:00,31
55457,2020-08-21 19:30:56+00:00,27
55472,2020-08-22 03:08:27+00:00,32
55473,2020-08-22 03:11:39+00:00,32
55455,2020-08-21 19:11:47+00:00,32
55523,2020-08-23 15:11:19+00:00,31
55456,2020-08-21 19:16:16+00:00,32
55485,2020-08-22 08:34:47+00:00,18
55470,2020-08-22 00:59:43+00:00,7
55465,2020-08-21 22:37:04+00:00,24
55561,2020-08-24 23:56:13+00:00,24
55462,2020-08-21 20:54:00+00:00,31
55459,2020-08-21 19:47:38+00:00,24
55451,2020-08-21 17:46:54+00:00,10
55450,2020-08-21 17:36:21+00:00,15
55458,2020-08-21 19:36:26+00:00,13
55434,2020-08-21 11:26:32+00:00,16
55489,2020-08-22 08:49:21+00:00,16
55488,2020-08-22 08:47:39+00:00,8
55479,2020-08-22 07:10:05+00:00,11
55477,2020-08-22 06:29:38+00:00,10
55562,2020-08-24 23:59:14+00:00,16
55460,2020-08-21 20:02:27+00:00,24
55487,2020-08-22 08:44:47+00:00,6
55544,2020-08-24 10:15:29+00:00,8
77822,2022-07-14 04:02:07+00:00,29
77819,2022-07-14 03:44:16+00:00,29
77809,2022-07-14 00:48:55+00:00,29
77818,2022-07-14 03:37:28+00:00,29
77805,2022-07-14 00:09:41+00:00,29
77812,2022-07-14 01:12:56+00:00,29
77835,2022-07-14 07:33:07+00:00,28
77848,2022-07-14 09:29:11+00:00,29
77843,2022-07-14 08:20:19+00:00,29
77810,2022-07-14 01:01:27+00:00,29
77833,2022-07-14 07:24:23+00:00,29
77838,2022-07-14 07:53:18+00:00,11
77811,2022-07-14 01:09:49+00:00,29
77824,2022-07-14 04:33:23+00:00,27
78614,2022-07-29 16:28:24+00:00,21
77817,2022-07-14 02:55:15+00:00,32
77816,2022-07-14 02:51:29+00:00,32
77832,2022-07-14 07:22:24+00:00,28
77840,2022-07-14 08:00:52+00:00,28
77820,2022-07-14 03:51:04+00:00,32
77823,2022-07-14 04:23:32+00:00,32
77807,2022-07-14 00:21:55+00:00,32
77852,2022-07-14 11:41:00+00:00,32
77853,2022-07-14 12:22:32+00:00,32
77831,2022-07-14 07:12:44+00:00,15
78612,2022-07-29 15:50:10+00:00,3
78613,2022-07-29 16:19:56+00:00,13
77827,2022-07-14 06:22:44+00:00,22
77837,2022-07-14 07:49:45+00:00,26
77842,2022-07-14 08:14:58+00:00,10
77834,2022-07-14 07:26:35+00:00,10
77808,2022-07-14 00:42:57+00:00,29
77804,2022-07-14 00:03:50+00:00,29
77821,2022-07-14 03:58:19+00:00,29
77857,2022-07-14 13:48:51+00:00,8
17035,2017-05-19 10:42:20+00:00,16
72329,2022-03-20 20:27:29+00:00,24
72779,2022-03-31 23:48:18+00:00,24
72754,2022-03-31 22:46:30+00:00,24
72778,2022-03-31 23:46:15+00:00,24
72770,2022-03-31 23:29:49+00:00,24
72771,2022-03-31 23:32:16+00:00,24
72776,2022-03-31 23:44:39+00:00,24
72314,2022-03-20 18:28:56+00:00,16
72333,2022-03-20 21:20:42+00:00,16
72304,2022-03-20 17:27:56+00:00,7
72296,2022-03-20 16:47:35+00:00,7
72339,2022-03-20 22:50:45+00:00,7
72291,2022-03-20 16:15:51+00:00,7
72763,2022-03-31 23:03:06+00:00,29
72327,2022-03-20 19:53:04+00:00,21
72766,2022-03-31 23:17:11+00:00,21
72774,2022-03-31 23:39:29+00:00,21
72773,2022-03-31 23:37:32+00:00,21
72745,2022-03-31 22:29:23+00:00,32
72310,2022-03-20 18:04:07+00:00,9
72768,2022-03-31 23:24:38+00:00,25
72346,2022-03-21 01:52:19+00:00,27
72748,2022-03-31 22:35:54+00:00,27
72317,2022-03-20 18:55:07+00:00,27
72331,2022-03-20 20:53:03+00:00,27
72749,2022-03-31 22:39:37+00:00,24
72345,2022-03-21 01:44:53+00:00,27
72348,2022-03-21 02:11:43+00:00,27
72290,2022-03-20 16:12:49+00:00,27
72349,2022-03-21 02:19:11+00:00,25
72294,2022-03-20 16:23:02+00:00,9
72744,2022-03-31 22:26:19+00:00,19
72328,2022-03-20 19:57:52+00:00,19
72313,2022-03-20 18:19:34+00:00,9
72311,2022-03-20 18:06:26+00:00,9
72298,2022-03-20 17:03:46+00:00,9
72312,2022-03-20 18:17:59+00:00,9
72300,2022-03-20 17:11:51+00:00,9
72784,2022-03-31 23:54:35+00:00,32
72777,2022-03-31 23:43:32+00:00,32
72750,2022-03-31 22:41:18+00:00,32
72332,2022-03-20 21:01:09+00:00,7
72295,2022-03-20 16:28:29+00:00,7
72302,2022-03-20 17:18:37+00:00,7
72303,2022-03-20 17:22:25+00:00,7
72305,2022-03-20 17:31:55+00:00,7
72318,2022-03-20 18:56:37+00:00,1
72741,2022-03-31 21:52:02+00:00,12
72299,2022-03-20 17:08:16+00:00,9
72740,2022-03-31 21:33:14+00:00,12
72319,2022-03-20 18:58:12+00:00,27
72755,2022-03-31 22:47:26+00:00,24
72760,2022-03-31 22:54:59+00:00,15
72330,2022-03-20 20:33:41+00:00,21
72762,2022-03-31 22:58:00+00:00,28
72761,2022-03-31 22:56:29+00:00,28
72334,2022-03-20 21:26:31+00:00,28
72765,2022-03-31 23:15:18+00:00,11
72688,2022-03-31 06:04:31+00:00,15
72781,2022-03-31 23:50:46+00:00,24
72321,2022-03-20 19:05:45+00:00,24
72757,2022-03-31 22:51:16+00:00,25
72756,2022-03-31 22:48:54+00:00,24
72325,2022-03-20 19:23:59+00:00,24
72775,2022-03-31 23:41:20+00:00,24
72372,2022-03-21 10:36:56+00:00,3
72742,2022-03-31 22:15:50+00:00,30
72324,2022-03-20 19:23:23+00:00,16
72753,2022-03-31 22:45:22+00:00,32
72783,2022-03-31 23:52:42+00:00,25
72780,2022-03-31 23:48:40+00:00,23
72315,2022-03-20 18:33:17+00:00,9
72353,2022-03-21 05:51:03+00:00,13
72625,2022-03-29 00:21:03+00:00,10
72782,2022-03-31 23:51:55+00:00,11
72690,2022-03-31 06:42:29+00:00,10
72519,2022-03-25 04:56:49+00:00,11
72691,2022-03-31 06:48:07+00:00,6
72684,2022-03-31 03:45:07+00:00,10
72767,2022-03-31 23:21:09+00:00,11
72624,2022-03-29 00:04:42+00:00,10
72769,2022-03-31 23:26:39+00:00,11
72772,2022-03-31 23:35:11+00:00,10
72297,2022-03-20 16:53:30+00:00,9
72292,2022-03-20 16:19:09+00:00,7
72752,2022-03-31 22:44:06+00:00,29
72746,2022-03-31 22:30:22+00:00,24
72751,2022-03-31 22:43:00+00:00,24
72323,2022-03-20 19:11:20+00:00,24
72747,2022-03-31 22:32:17+00:00,24
72759,2022-03-31 22:53:41+00:00,24
72758,2022-03-31 22:52:41+00:00,24
72293,2022-03-20 16:21:38+00:00,9
72307,2022-03-20 17:46:15+00:00,9
72308,2022-03-20 17:47:49+00:00,9
72326,2022-03-20 19:24:47+00:00,9
72683,2022-03-31 03:36:27+00:00,8
72623,2022-03-28 23:55:01+00:00,8
72335,2022-03-20 21:32:56+00:00,30
72565,2022-03-27 05:58:22+00:00,11
79641,2022-08-20 11:13:28+00:00,29
79640,2022-08-20 11:06:06+00:00,29
79642,2022-08-20 11:17:11+00:00,29
79654,2022-08-20 12:21:22+00:00,28
79645,2022-08-20 11:40:01+00:00,29
79644,2022-08-20 11:26:15+00:00,29
79132,2022-08-10 06:12:40+00:00,2
79133,2022-08-10 06:16:04+00:00,28
79643,2022-08-20 11:21:55+00:00,22
37456,2018-12-07 17:59:29+00:00,27
37430,2018-12-07 04:52:11+00:00,7
37429,2018-12-07 03:58:49+00:00,7
37490,2018-12-08 11:48:33+00:00,16
37469,2018-12-08 04:35:54+00:00,29
37475,2018-12-08 06:27:38+00:00,21
37709,2018-12-16 10:35:50+00:00,16
37926,2018-12-24 12:53:25+00:00,22
37927,2018-12-24 12:59:06+00:00,11
37950,2018-12-24 15:38:09+00:00,27
37944,2018-12-24 14:18:31+00:00,24
37938,2018-12-24 13:51:58+00:00,15
37941,2018-12-24 14:12:29+00:00,13
37930,2018-12-24 13:11:18+00:00,24
37937,2018-12-24 13:45:37+00:00,32
37931,2018-12-24 13:20:15+00:00,24
37933,2018-12-24 13:31:45+00:00,18
37952,2018-12-24 15:42:50+00:00,18
37946,2018-12-24 14:24:47+00:00,32
37923,2018-12-24 12:29:24+00:00,24
37922,2018-12-24 12:23:31+00:00,13
37934,2018-12-24 13:36:55+00:00,32
37932,2018-12-24 13:26:51+00:00,24
37942,2018-12-24 14:10:07+00:00,31
37928,2018-12-24 12:59:37+00:00,28
37945,2018-12-24 14:29:14+00:00,31
37939,2018-12-24 14:01:51+00:00,32
37949,2018-12-24 15:15:05+00:00,24
37948,2018-12-24 14:58:03+00:00,10
37940,2018-12-24 14:09:16+00:00,24
37936,2018-12-24 13:42:21+00:00,23
37935,2018-12-24 13:38:16+00:00,21
37965,2018-12-25 12:57:15+00:00,28
37998,2018-12-26 19:24:00+00:00,25
37924,2018-12-24 12:35:22+00:00,21
998159,2024-03-25 09:43:47+00:00,31
998160,2024-03-26 05:58:38+00:00,29
7985,2024-03-22 09:57:59+00:00,28
7035,2024-03-05 21:13:04+00:00,7
8126,2024-03-24 12:57:58+00:00,28
8047,2024-03-22 21:05:22+00:00,12
8133,2024-03-24 15:30:03+00:00,9
8109,2024-03-24 08:18:31+00:00,3
8046,2024-03-22 19:49:51+00:00,31
8035,2024-03-22 17:22:21+00:00,18
8037,2024-03-22 17:31:29+00:00,18
8012,2024-03-22 13:20:36+00:00,18
8043,2024-03-22 18:21:05+00:00,33
8034,2024-03-22 17:18:41+00:00,18
8033,2024-03-22 16:49:45+00:00,18
8013,2024-03-22 13:23:27+00:00,18
8017,2024-03-22 14:09:55+00:00,25
8009,2024-03-22 13:09:08+00:00,18
8027,2024-03-22 15:31:47+00:00,32
8021,2024-03-22 14:42:49+00:00,18
8022,2024-03-22 14:54:48+00:00,31
8007,2024-03-22 12:53:41+00:00,18
8025,2024-03-22 15:18:23+00:00,31
8023,2024-03-22 15:09:50+00:00,32
8019,2024-03-22 14:36:37+00:00,31
8024,2024-03-22 15:15:17+00:00,31
8011,2024-03-22 13:16:35+00:00,18
8016,2024-03-22 13:41:22+00:00,18
8014,2024-03-22 13:27:25+00:00,18
7948,2024-03-21 21:14:54+00:00,18
7935,2024-03-21 18:04:08+00:00,12
7272,2024-03-09 21:05:54+00:00,16
7262,2024-03-09 20:03:00+00:00,24
7258,2024-03-09 19:45:02+00:00,18
7049,2024-03-05 23:08:04+00:00,4
7038,2024-03-05 21:21:14+00:00,3
7040,2024-03-05 21:31:43+00:00,4
7028,2024-03-05 20:26:43+00:00,13
7027,2024-03-05 20:25:00+00:00,28
7026,2024-03-05 20:22:24+00:00,13
7029,2024-03-05 20:32:39+00:00,13
7024,2024-03-05 20:02:42+00:00,27
7025,2024-03-05 20:08:38+00:00,25
7268,2024-03-09 20:28:45+00:00,32
7257,2024-03-09 19:38:15+00:00,21
7031,2024-03-05 20:37:50+00:00,27
7032,2024-03-05 20:37:51+00:00,27
8030,2024-03-22 16:17:02+00:00,18
8015,2024-03-22 13:36:07+00:00,18
7259,2024-03-09 19:47:01+00:00,12
7265,2024-03-09 20:20:21+00:00,21
7260,2024-03-09 19:57:50+00:00,18
7102,2024-03-06 21:25:59+00:00,11
7048,2024-03-05 23:04:43+00:00,11
7267,2024-03-09 20:26:09+00:00,21
7950,2024-03-21 21:43:17+00:00,24
7949,2024-03-21 21:30:09+00:00,24
998156,2024-03-26 10:55:17+00:00,11
7030,2024-03-05 20:35:00+00:00,15
8130,2024-03-24 14:46:13+00:00,7
7264,2024-03-09 20:08:32+00:00,24
7263,2024-03-09 20:06:35+00:00,24
998158,2024-03-26 09:48:33+00:00,2
38844,2019-01-25 17:19:31+00:00,32
38832,2019-01-25 16:40:13+00:00,19
38836,2019-01-25 16:55:24+00:00,27
38837,2019-01-25 16:58:24+00:00,27
38861,2019-01-25 18:08:56+00:00,24
38840,2019-01-25 17:08:47+00:00,32
38871,2019-01-25 20:11:05+00:00,1
38868,2019-01-25 19:40:52+00:00,29
38851,2019-01-25 17:31:28+00:00,28
38838,2019-01-25 17:03:20+00:00,32
38862,2019-01-25 18:28:25+00:00,24
38841,2019-01-25 17:10:57+00:00,32
38860,2019-01-25 18:03:15+00:00,32
38848,2019-01-25 17:25:58+00:00,32
38846,2019-01-25 17:21:24+00:00,33
38847,2019-01-25 17:24:33+00:00,29
38850,2019-01-25 17:30:37+00:00,15
38842,2019-01-25 17:11:56+00:00,32
38835,2019-01-25 16:53:52+00:00,27
38853,2019-01-25 17:37:59+00:00,29
38856,2019-01-25 17:53:40+00:00,25
38852,2019-01-25 17:36:05+00:00,29
38843,2019-01-25 17:13:44+00:00,32
38849,2019-01-25 17:28:42+00:00,32
38086,2019-01-01 18:45:58+00:00,12
38168,2019-01-05 20:11:53+00:00,18
38163,2019-01-05 19:53:43+00:00,18
38145,2019-01-05 00:23:40+00:00,8
38161,2019-01-05 19:50:12+00:00,18
38167,2019-01-05 20:04:58+00:00,18
38166,2019-01-05 20:01:07+00:00,25
38162,2019-01-05 19:52:24+00:00,18
38174,2019-01-05 21:10:36+00:00,24
38171,2019-01-05 20:21:42+00:00,18
38173,2019-01-05 21:03:39+00:00,21
38169,2019-01-05 20:14:29+00:00,18
38165,2019-01-05 20:01:59+00:00,18
38559,2019-01-16 20:40:43+00:00,21
38558,2019-01-16 20:27:14+00:00,16
38556,2019-01-16 19:48:55+00:00,24
35593,2018-10-05 08:49:32+00:00,29
35594,2018-10-05 08:57:52+00:00,29
35762,2018-10-10 18:33:59+00:00,24
35750,2018-10-10 17:01:35+00:00,30
35769,2018-10-10 20:09:08+00:00,7
35752,2018-10-10 17:15:24+00:00,24
35756,2018-10-10 17:49:34+00:00,32
35760,2018-10-10 18:11:35+00:00,30
35754,2018-10-10 17:31:33+00:00,19
35755,2018-10-10 17:47:05+00:00,31
35773,2018-10-10 21:43:56+00:00,24
35787,2018-10-11 09:23:45+00:00,24
35786,2018-10-11 09:19:11+00:00,24
35839,2018-10-13 19:55:51+00:00,29
35850,2018-10-13 21:51:03+00:00,24
35840,2018-10-13 20:04:10+00:00,11
35852,2018-10-13 22:10:02+00:00,16
36163,2018-10-25 04:05:58+00:00,24
36162,2018-10-25 03:42:45+00:00,16
36164,2018-10-25 04:10:57+00:00,11
35813,2018-10-12 11:58:23+00:00,18
101989,2023-09-05 12:25:31+00:00,16
5023,2024-01-31 18:20:48+00:00,4
5032,2024-01-31 18:42:09+00:00,19
5038,2024-01-31 19:04:38+00:00,19
5028,2024-01-31 18:32:11+00:00,18
5024,2024-01-31 18:22:38+00:00,18
5011,2024-01-31 17:50:04+00:00,18
5013,2024-01-31 17:55:19+00:00,18
5019,2024-01-31 18:11:25+00:00,21
5020,2024-01-31 18:14:16+00:00,24
5030,2024-01-31 18:36:31+00:00,24
5014,2024-01-31 17:57:17+00:00,18
5027,2024-01-31 18:30:38+00:00,31
5039,2024-01-31 19:10:22+00:00,21
5047,2024-01-31 19:48:57+00:00,5
5037,2024-01-31 19:03:53+00:00,19
5042,2024-01-31 19:25:24+00:00,19
5043,2024-01-31 19:30:39+00:00,17
5046,2024-01-31 19:45:39+00:00,18
5048,2024-01-31 19:49:38+00:00,18
5016,2024-01-31 18:02:52+00:00,18
5029,2024-01-31 18:36:09+00:00,25
5012,2024-01-31 17:52:30+00:00,18
5045,2024-01-31 19:42:54+00:00,19
5022,2024-01-31 18:17:57+00:00,24
5034,2024-01-31 18:49:00+00:00,19
5033,2024-01-31 18:43:18+00:00,28
5017,2024-01-31 18:05:08+00:00,24
5036,2024-01-31 18:58:24+00:00,22
5018,2024-01-31 18:07:53+00:00,18
5021,2024-01-31 18:14:40+00:00,18
5015,2024-01-31 18:00:03+00:00,24
4551,2024-01-24 05:15:27+00:00,32
4698,2024-01-26 08:14:42+00:00,15
4839,2024-01-28 18:52:33+00:00,18
4857,2024-01-29 05:48:27+00:00,24
4861,2024-01-29 06:27:20+00:00,24
27602,2018-06-18 05:42:15+00:00,11
27601,2018-06-18 05:10:39+00:00,11
5926,2024-02-15 08:11:03+00:00,21
6639,2024-02-28 04:49:28+00:00,11
6292,2024-02-21 23:19:43+00:00,7
5964,2024-02-15 15:52:36+00:00,18
5949,2024-02-15 11:32:17+00:00,18
6300,2024-02-22 02:42:47+00:00,7
6298,2024-02-22 00:23:58+00:00,7
6297,2024-02-22 00:19:52+00:00,7
6295,2024-02-21 23:54:36+00:00,5
6291,2024-02-21 23:17:27+00:00,7
6284,2024-02-21 22:08:35+00:00,7
6285,2024-02-21 22:11:08+00:00,7
6286,2024-02-21 22:36:17+00:00,5
6181,2024-02-20 14:33:44+00:00,5
5965,2024-02-15 16:21:09+00:00,18
5984,2024-02-15 18:48:01+00:00,13
5977,2024-02-15 17:10:33+00:00,15
5980,2024-02-15 17:47:30+00:00,24
5967,2024-02-15 16:36:27+00:00,10
5962,2024-02-15 15:25:32+00:00,4
5951,2024-02-15 11:43:28+00:00,19
5960,2024-02-15 14:11:23+00:00,19
5975,2024-02-15 17:05:18+00:00,16
5970,2024-02-15 16:49:07+00:00,10
5978,2024-02-15 17:14:32+00:00,13
5979,2024-02-15 17:18:32+00:00,8
5966,2024-02-15 16:31:21+00:00,8
5948,2024-02-15 11:10:04+00:00,4
5929,2024-02-15 10:15:39+00:00,19
5933,2024-02-15 10:20:59+00:00,18
5932,2024-02-15 10:19:45+00:00,18
5930,2024-02-15 10:17:08+00:00,19
5939,2024-02-15 10:28:33+00:00,18
5940,2024-02-15 10:30:21+00:00,18
5942,2024-02-15 10:32:33+00:00,24
5941,2024-02-15 10:31:35+00:00,18
5943,2024-02-15 10:33:45+00:00,24
5945,2024-02-15 10:35:41+00:00,27
5936,2024-02-15 10:23:52+00:00,24
5935,2024-02-15 10:22:45+00:00,18
5934,2024-02-15 10:21:51+00:00,18
5937,2024-02-15 10:24:58+00:00,24
5947,2024-02-15 10:37:14+00:00,21
5973,2024-02-15 16:59:40+00:00,16
5946,2024-02-15 10:36:54+00:00,19
5901,2024-02-14 23:02:21+00:00,21
5900,2024-02-14 22:54:12+00:00,21
5903,2024-02-14 23:10:01+00:00,18
5907,2024-02-14 23:54:29+00:00,7
5908,2024-02-14 23:56:23+00:00,31
5906,2024-02-14 23:53:10+00:00,21
5794,2024-02-12 18:17:35+00:00,4
5061,2024-02-01 01:50:23+00:00,18
5950,2024-02-15 11:36:34+00:00,18
6293,2024-02-21 23:24:24+00:00,7
5957,2024-02-15 13:29:36+00:00,24
5904,2024-02-14 23:12:52+00:00,18
5902,2024-02-14 23:05:40+00:00,18
5931,2024-02-15 10:18:28+00:00,21
5944,2024-02-15 10:34:39+00:00,24
5938,2024-02-15 10:26:42+00:00,24
64936,2021-07-30 05:55:59+00:00,29
64873,2021-07-28 11:30:33+00:00,29
64864,2021-07-28 09:38:24+00:00,28
64879,2021-07-28 13:52:27+00:00,32
64863,2021-07-28 09:31:29+00:00,32
64866,2021-07-28 09:43:42+00:00,28
64896,2021-07-28 18:08:03+00:00,28
64867,2021-07-28 09:46:22+00:00,31
64869,2021-07-28 09:55:11+00:00,24
64562,2021-07-14 07:48:50+00:00,19
42767,2019-05-15 01:00:19+00:00,7
42765,2019-05-15 00:46:49+00:00,7
42861,2019-05-16 20:18:36+00:00,32
42862,2019-05-16 20:21:35+00:00,30
42785,2019-05-15 06:26:57+00:00,31
42568,2019-05-07 08:46:20+00:00,31
42591,2019-05-07 19:10:38+00:00,31
42594,2019-05-07 20:05:24+00:00,31
42565,2019-05-07 08:13:08+00:00,31
42596,2019-05-07 21:21:29+00:00,25
42863,2019-05-16 20:26:56+00:00,27
42597,2019-05-07 21:24:51+00:00,25
42772,2019-05-15 02:34:27+00:00,32
42773,2019-05-15 02:36:08+00:00,32
42588,2019-05-07 18:45:59+00:00,32
42589,2019-05-07 18:56:35+00:00,32
42834,2019-05-16 00:06:59+00:00,28
42764,2019-05-15 00:19:53+00:00,22
42796,2019-05-15 07:45:29+00:00,15
42890,2019-05-17 09:41:40+00:00,32
42770,2019-05-15 01:12:19+00:00,21
42778,2019-05-15 04:10:22+00:00,30
42570,2019-05-07 09:00:06+00:00,24
42892,2019-05-17 10:16:05+00:00,11
42832,2019-05-15 23:21:06+00:00,11
42898,2019-05-17 11:17:43+00:00,11
42599,2019-05-07 22:22:29+00:00,24
42603,2019-05-08 04:56:23+00:00,24
42600,2019-05-07 22:27:31+00:00,24
42766,2019-05-15 00:52:21+00:00,24
42884,2019-05-17 08:05:56+00:00,31
42602,2019-05-08 02:59:03+00:00,24
42560,2019-05-07 07:02:36+00:00,25
42885,2019-05-17 08:08:07+00:00,15
42814,2019-05-15 15:02:13+00:00,13
42769,2019-05-15 01:08:38+00:00,16
42768,2019-05-15 01:03:49+00:00,16
42895,2019-05-17 10:28:32+00:00,11
42874,2019-05-17 00:53:17+00:00,11
42894,2019-05-17 10:26:02+00:00,11
42776,2019-05-15 03:20:40+00:00,11
42833,2019-05-15 23:54:32+00:00,29
42608,2019-05-08 09:14:45+00:00,24
42592,2019-05-07 19:33:07+00:00,31
49264,2019-12-23 14:58:53+00:00,24
49226,2019-12-22 21:32:02+00:00,11
49287,2019-12-23 15:49:25+00:00,29
48698,2019-12-05 22:20:15+00:00,24
49270,2019-12-23 15:10:47+00:00,21
48893,2019-12-12 16:53:39+00:00,21
49247,2019-12-23 13:39:18+00:00,29
49282,2019-12-23 15:41:27+00:00,32
49296,2019-12-23 16:10:25+00:00,31
49292,2019-12-23 15:57:40+00:00,31
49223,2019-12-22 21:23:24+00:00,31
49254,2019-12-23 14:38:11+00:00,16
48892,2019-12-12 16:39:34+00:00,16
49253,2019-12-23 14:35:40+00:00,16
48821,2019-12-10 19:31:57+00:00,16
49319,2019-12-24 11:30:16+00:00,19
49272,2019-12-23 15:13:27+00:00,21
49263,2019-12-23 14:58:37+00:00,21
49216,2019-12-22 20:14:30+00:00,21
48690,2019-12-05 19:32:45+00:00,27
49259,2019-12-23 14:49:07+00:00,24
49298,2019-12-23 16:39:04+00:00,19
48693,2019-12-05 20:00:04+00:00,32
49283,2019-12-23 15:42:24+00:00,28
49220,2019-12-22 20:55:00+00:00,29
48692,2019-12-05 19:40:17+00:00,19
49267,2019-12-23 15:06:25+00:00,32
48683,2019-12-05 19:15:48+00:00,12
48685,2019-12-05 19:18:50+00:00,12
48694,2019-12-05 20:25:48+00:00,27
48897,2019-12-12 17:12:47+00:00,21
48695,2019-12-05 20:35:37+00:00,21
48896,2019-12-12 17:07:23+00:00,21
48902,2019-12-12 18:00:31+00:00,24
49261,2019-12-23 14:53:20+00:00,24
49228,2019-12-22 21:40:42+00:00,24
49299,2019-12-23 16:46:41+00:00,24
49219,2019-12-22 20:30:23+00:00,24
48895,2019-12-12 17:04:41+00:00,3
48828,2019-12-10 22:04:17+00:00,3
49300,2019-12-23 16:59:19+00:00,24
48689,2019-12-05 19:28:51+00:00,13
49301,2019-12-23 17:28:39+00:00,13
48687,2019-12-05 19:25:27+00:00,13
48686,2019-12-05 19:23:17+00:00,13
49289,2019-12-23 15:52:03+00:00,25
49269,2019-12-23 15:08:09+00:00,19
49288,2019-12-23 15:49:55+00:00,19
48688,2019-12-05 19:26:36+00:00,13
49258,2019-12-23 14:49:27+00:00,10
49280,2019-12-23 15:34:54+00:00,10
49215,2019-12-22 20:00:18+00:00,10
48824,2019-12-10 20:48:04+00:00,18
49286,2019-12-23 15:43:01+00:00,24
49227,2019-12-22 21:36:35+00:00,22
49273,2019-12-23 15:16:33+00:00,22
49290,2019-12-23 15:55:01+00:00,19
49257,2019-12-23 14:44:03+00:00,21
48825,2019-12-10 20:52:01+00:00,18
49233,2019-12-23 07:49:46+00:00,18
49473,2019-12-30 19:46:22+00:00,18
49256,2019-12-23 14:42:52+00:00,21
48827,2019-12-10 21:58:39+00:00,16
49225,2019-12-22 21:28:53+00:00,8
49214,2019-12-22 19:56:34+00:00,11
49110,2019-12-18 19:54:16+00:00,10
48911,2019-12-12 20:30:39+00:00,16
49222,2019-12-22 21:16:06+00:00,16
48826,2019-12-10 21:49:52+00:00,18
49271,2019-12-23 15:14:57+00:00,24
49281,2019-12-23 15:37:01+00:00,24
49293,2019-12-23 16:04:13+00:00,24
49279,2019-12-23 15:30:58+00:00,24
49265,2019-12-23 15:00:46+00:00,24
49295,2019-12-23 16:08:41+00:00,24
49268,2019-12-23 15:08:36+00:00,21
49251,2019-12-23 14:22:58+00:00,11
49249,2019-12-23 14:02:05+00:00,18
49291,2019-12-23 15:55:54+00:00,15
48901,2019-12-12 17:53:03+00:00,24
48905,2019-12-12 18:39:28+00:00,21
48900,2019-12-12 17:35:44+00:00,16
48899,2019-12-12 17:19:25+00:00,18
48907,2019-12-12 19:09:44+00:00,21
49305,2019-12-23 18:25:09+00:00,11
48898,2019-12-12 17:16:26+00:00,18
49250,2019-12-23 14:06:09+00:00,25
49238,2019-12-23 09:00:50+00:00,16
49308,2019-12-23 18:59:42+00:00,18
70011,2022-01-09 06:46:33+00:00,29
70621,2022-01-29 23:35:44+00:00,29
70217,2022-01-16 19:51:31+00:00,29
69944,2022-01-07 10:33:28+00:00,18
70218,2022-01-16 19:58:34+00:00,18
69937,2022-01-07 09:35:33+00:00,18
69935,2022-01-07 09:26:44+00:00,18
70095,2022-01-11 17:21:44+00:00,18
69928,2022-01-07 08:14:11+00:00,18
70653,2022-01-30 20:38:08+00:00,18
70119,2022-01-11 18:59:42+00:00,18
69929,2022-01-07 08:18:00+00:00,18
70213,2022-01-16 19:41:18+00:00,18
69930,2022-01-07 08:21:59+00:00,18
70087,2022-01-11 17:05:23+00:00,18
70212,2022-01-16 19:37:50+00:00,30
70591,2022-01-29 15:32:46+00:00,32
70211,2022-01-16 19:26:38+00:00,32
70221,2022-01-16 20:17:17+00:00,31
70220,2022-01-16 20:07:46+00:00,31
70106,2022-01-11 18:06:52+00:00,31
70104,2022-01-11 17:57:10+00:00,29
70094,2022-01-11 17:19:23+00:00,29
70604,2022-01-29 16:37:06+00:00,16
70080,2022-01-11 16:12:26+00:00,16
70583,2022-01-29 15:01:23+00:00,16
70216,2022-01-16 19:49:13+00:00,29
69963,2022-01-07 19:24:44+00:00,29
70097,2022-01-11 17:28:18+00:00,19
70083,2022-01-11 16:56:32+00:00,21
70032,2022-01-10 07:50:18+00:00,9
70606,2022-01-29 16:43:09+00:00,27
69945,2022-01-07 10:36:32+00:00,27
70224,2022-01-16 20:46:04+00:00,18
70215,2022-01-16 19:45:47+00:00,18
70585,2022-01-29 15:18:08+00:00,18
70658,2022-01-30 21:13:35+00:00,18
70240,2022-01-17 06:46:46+00:00,31
70100,2022-01-11 17:39:36+00:00,30
70660,2022-01-30 21:28:54+00:00,28
70086,2022-01-11 17:04:29+00:00,28
69970,2022-01-08 01:30:46+00:00,28
70596,2022-01-29 15:53:58+00:00,13
70593,2022-01-29 15:45:51+00:00,9
69994,2022-01-08 14:12:05+00:00,9
70110,2022-01-11 18:19:43+00:00,25
70085,2022-01-11 17:00:47+00:00,32
69969,2022-01-08 01:27:19+00:00,29
69949,2022-01-07 11:31:27+00:00,7
69832,2022-01-03 18:48:09+00:00,6
70528,2022-01-27 17:06:17+00:00,12
69968,2022-01-08 01:15:40+00:00,12
69934,2022-01-07 09:15:29+00:00,18
70219,2022-01-16 20:01:34+00:00,18
70229,2022-01-16 21:03:24+00:00,18
70225,2022-01-16 20:53:45+00:00,18
70099,2022-01-11 17:39:59+00:00,21
70084,2022-01-11 17:00:15+00:00,17
70093,2022-01-11 17:18:02+00:00,28
70222,2022-01-16 20:35:34+00:00,28
70622,2022-01-29 23:40:18+00:00,28
69998,2022-01-08 17:32:28+00:00,28
69971,2022-01-08 01:53:33+00:00,28
70587,2022-01-29 15:23:10+00:00,21
70088,2022-01-11 17:08:24+00:00,24
69959,2022-01-07 18:06:54+00:00,24
70592,2022-01-29 15:38:29+00:00,24
70584,2022-01-29 15:11:13+00:00,21
70214,2022-01-16 19:42:17+00:00,18
70209,2022-01-16 17:01:28+00:00,3
70107,2022-01-11 18:08:49+00:00,30
70098,2022-01-11 17:37:29+00:00,31
70586,2022-01-29 15:19:52+00:00,24
70610,2022-01-29 17:47:28+00:00,13
70589,2022-01-29 15:28:21+00:00,13
70046,2022-01-10 12:36:54+00:00,21
70082,2022-01-11 16:52:11+00:00,23
70091,2022-01-11 17:15:01+00:00,25
70652,2022-01-30 20:25:36+00:00,19
70654,2022-01-30 20:49:53+00:00,19
70081,2022-01-11 16:47:09+00:00,19
69943,2022-01-07 10:32:33+00:00,31
69917,2022-01-06 20:24:17+00:00,15
70612,2022-01-29 17:59:37+00:00,15
69923,2022-01-07 06:48:04+00:00,15
70601,2022-01-29 16:21:40+00:00,12
69932,2022-01-07 08:40:43+00:00,13
69947,2022-01-07 11:15:40+00:00,13
70599,2022-01-29 16:09:47+00:00,13
70120,2022-01-11 19:32:28+00:00,13
69948,2022-01-07 11:17:16+00:00,13
70570,2022-01-28 21:21:27+00:00,12
70569,2022-01-28 20:42:49+00:00,12
69918,2022-01-06 20:31:24+00:00,10
69931,2022-01-07 08:24:28+00:00,10
69927,2022-01-07 08:02:06+00:00,10
70096,2022-01-11 17:24:03+00:00,8
69836,2022-01-03 20:13:25+00:00,6
70661,2022-01-30 22:09:33+00:00,21
70103,2022-01-11 17:54:08+00:00,19
70090,2022-01-11 17:13:19+00:00,18
70226,2022-01-16 20:56:20+00:00,18
69978,2022-01-08 06:22:25+00:00,24
70101,2022-01-11 17:41:53+00:00,24
70228,2022-01-16 20:58:17+00:00,18
70223,2022-01-16 20:40:22+00:00,18
69987,2022-01-08 09:45:12+00:00,8
69902,2022-01-06 15:20:52+00:00,14
70595,2022-01-29 15:50:31+00:00,14
70594,2022-01-29 15:47:48+00:00,15
69909,2022-01-06 17:01:09+00:00,15
69926,2022-01-07 07:47:21+00:00,18
70089,2022-01-11 17:09:22+00:00,18
70230,2022-01-16 21:31:37+00:00,18
70657,2022-01-30 21:10:44+00:00,18
70590,2022-01-29 15:30:31+00:00,18
70102,2022-01-11 17:47:47+00:00,21
70118,2022-01-11 18:54:04+00:00,18
70108,2022-01-11 18:13:07+00:00,18
70114,2022-01-11 18:27:08+00:00,21
70092,2022-01-11 17:16:38+00:00,25
70115,2022-01-11 18:37:27+00:00,15
70117,2022-01-11 18:47:34+00:00,18
70111,2022-01-11 18:19:47+00:00,18
70109,2022-01-11 18:17:11+00:00,18
70116,2022-01-11 18:41:16+00:00,18
70112,2022-01-11 18:23:40+00:00,18
65317,2021-08-14 12:46:26+00:00,28
65650,2021-08-29 20:21:17+00:00,29
65661,2021-08-30 03:09:57+00:00,12
65285,2021-08-13 17:05:53+00:00,11
65665,2021-08-30 06:19:19+00:00,11
65282,2021-08-13 16:18:38+00:00,11
65304,2021-08-13 22:41:51+00:00,11
65659,2021-08-30 01:37:34+00:00,11
65721,2021-08-31 10:53:10+00:00,24
65725,2021-08-31 12:01:25+00:00,7
65283,2021-08-13 16:25:29+00:00,11
65718,2021-08-31 10:39:17+00:00,11
65660,2021-08-30 01:59:43+00:00,11
65313,2021-08-14 11:24:55+00:00,11
65303,2021-08-13 22:54:04+00:00,11
65645,2021-08-29 18:33:14+00:00,11
65266,2021-08-13 06:22:47+00:00,11
65692,2021-08-31 05:44:00+00:00,11
65657,2021-08-29 22:43:38+00:00,11
65305,2021-08-14 00:51:06+00:00,11
65649,2021-08-29 20:07:03+00:00,11
65280,2021-08-13 15:37:59+00:00,11
65656,2021-08-29 21:29:22+00:00,11
25247,2018-03-03 12:54:53+00:00,24
25239,2018-03-03 11:49:10+00:00,24
25236,2018-03-03 11:22:41+00:00,21
25237,2018-03-03 11:26:31+00:00,32
25238,2018-03-03 11:44:35+00:00,17
25243,2018-03-03 12:19:13+00:00,25
25244,2018-03-03 12:23:48+00:00,32
25242,2018-03-03 12:02:10+00:00,24
25349,2018-03-08 09:46:54+00:00,10
25358,2018-03-08 11:15:02+00:00,11
25531,2018-03-15 04:17:56+00:00,31
25714,2018-03-22 06:04:08+00:00,32
25731,2018-03-22 10:29:38+00:00,32
25720,2018-03-22 06:51:18+00:00,29
25712,2018-03-22 05:35:28+00:00,32
25718,2018-03-22 06:30:25+00:00,32
25706,2018-03-22 04:08:48+00:00,29
25717,2018-03-22 06:22:22+00:00,29
25716,2018-03-22 06:18:05+00:00,29
25703,2018-03-22 03:14:21+00:00,28
25715,2018-03-22 06:12:38+00:00,32
25737,2018-03-22 11:13:24+00:00,28
25750,2018-03-22 14:36:40+00:00,11
25733,2018-03-22 10:44:15+00:00,32
25780,2018-03-23 18:42:02+00:00,18
57528,2020-10-30 00:21:07+00:00,7
57564,2020-10-30 18:09:50+00:00,29
56910,2020-10-07 23:52:01+00:00,28
57555,2020-10-30 16:34:27+00:00,27
57556,2020-10-30 16:44:18+00:00,32
57526,2020-10-30 00:07:15+00:00,28
57581,2020-10-30 23:09:04+00:00,22
57561,2020-10-30 17:28:49+00:00,28
56983,2020-10-09 22:05:02+00:00,11
57383,2020-10-26 05:18:06+00:00,11
57529,2020-10-30 00:24:13+00:00,11
57525,2020-10-29 23:59:53+00:00,31
57563,2020-10-30 17:50:28+00:00,32
56955,2020-10-09 07:37:02+00:00,13
57527,2020-10-30 00:15:03+00:00,22
57557,2020-10-30 16:55:59+00:00,15
57532,2020-10-30 06:26:24+00:00,11
56792,2020-10-04 17:43:11+00:00,11
57530,2020-10-30 00:41:35+00:00,11
57566,2020-10-30 18:20:34+00:00,10
57558,2020-10-30 16:55:59+00:00,11
59548,2021-01-03 04:35:26+00:00,24
59525,2021-01-02 15:09:23+00:00,29
59500,2021-01-02 11:07:49+00:00,29
59498,2021-01-02 10:41:47+00:00,28
59515,2021-01-02 13:11:52+00:00,29
59544,2021-01-03 02:43:13+00:00,29
59545,2021-01-03 02:45:28+00:00,28
59517,2021-01-02 14:10:20+00:00,29
59529,2021-01-02 16:15:51+00:00,29
59539,2021-01-02 21:09:39+00:00,32
59535,2021-01-02 17:20:03+00:00,31
59559,2021-01-03 07:41:21+00:00,31
59536,2021-01-02 17:23:07+00:00,31
59504,2021-01-02 11:23:52+00:00,29
59505,2021-01-02 11:28:07+00:00,19
59930,2021-01-15 17:34:10+00:00,27
59528,2021-01-02 15:46:35+00:00,25
59807,2021-01-12 00:20:03+00:00,18
59503,2021-01-02 11:19:05+00:00,28
59549,2021-01-03 05:26:27+00:00,28
59546,2021-01-03 02:57:26+00:00,28
59543,2021-01-03 02:39:21+00:00,28
59520,2021-01-02 14:22:43+00:00,19
59569,2021-01-03 10:17:30+00:00,9
59502,2021-01-02 11:17:00+00:00,32
59574,2021-01-03 12:43:24+00:00,32
59572,2021-01-03 11:58:29+00:00,32
59512,2021-01-02 12:16:23+00:00,12
59522,2021-01-02 14:45:24+00:00,12
59497,2021-01-02 10:29:15+00:00,1
59519,2021-01-02 14:20:15+00:00,12
59805,2021-01-11 23:06:21+00:00,12
59511,2021-01-02 12:14:12+00:00,12
59518,2021-01-02 14:13:24+00:00,17
59533,2021-01-02 16:57:04+00:00,31
59542,2021-01-02 23:37:00+00:00,11
59568,2021-01-03 09:57:27+00:00,15
59552,2021-01-03 06:14:35+00:00,11
59547,2021-01-03 03:09:44+00:00,11
59664,2021-01-06 16:53:46+00:00,24
59763,2021-01-09 22:01:54+00:00,3
59571,2021-01-03 11:23:38+00:00,12
59586,2021-01-03 20:32:53+00:00,13
59530,2021-01-02 16:26:06+00:00,25
59513,2021-01-02 12:21:50+00:00,19
59580,2021-01-03 15:20:36+00:00,23
59510,2021-01-02 12:04:57+00:00,15
59499,2021-01-02 10:49:49+00:00,22
59501,2021-01-02 11:10:42+00:00,22
59514,2021-01-02 12:30:48+00:00,22
59550,2021-01-03 05:34:46+00:00,22
59509,2021-01-02 12:02:47+00:00,15
59541,2021-01-02 23:14:35+00:00,11
59540,2021-01-02 22:38:29+00:00,11
59558,2021-01-03 07:34:06+00:00,10
59551,2021-01-03 06:01:34+00:00,11
59495,2021-01-02 10:18:46+00:00,29
59506,2021-01-02 11:37:49+00:00,19
59508,2021-01-02 11:51:57+00:00,22
59638,2021-01-05 19:29:27+00:00,32
59493,2021-01-02 09:51:10+00:00,32
59588,2021-01-03 21:01:28+00:00,32
59507,2021-01-02 11:44:38+00:00,17
14811,2017-03-02 18:17:21+00:00,32
14813,2017-03-02 18:24:17+00:00,32
14809,2017-03-02 18:07:52+00:00,32
14807,2017-03-02 17:57:00+00:00,28
14818,2017-03-02 18:40:00+00:00,32
14815,2017-03-02 18:36:09+00:00,32
14817,2017-03-02 18:40:16+00:00,30
14820,2017-03-02 18:44:18+00:00,28
14814,2017-03-02 18:27:09+00:00,32
14812,2017-03-02 18:21:40+00:00,32
14808,2017-03-02 18:04:33+00:00,32
14816,2017-03-02 18:39:50+00:00,28
14848,2017-03-03 18:20:28+00:00,30
14921,2017-03-06 19:24:22+00:00,9
14979,2017-03-08 12:51:50+00:00,10
14985,2017-03-08 16:34:09+00:00,11
14983,2017-03-08 14:49:34+00:00,15
14993,2017-03-09 06:21:41+00:00,15
15095,2017-03-14 02:31:45+00:00,32
15098,2017-03-14 02:48:51+00:00,24
15102,2017-03-14 05:19:43+00:00,29
15114,2017-03-14 08:16:56+00:00,8
15107,2017-03-14 07:21:40+00:00,11
15097,2017-03-14 02:47:29+00:00,31
15126,2017-03-14 13:24:19+00:00,15
15106,2017-03-14 07:15:58+00:00,24
15284,2017-03-19 06:37:58+00:00,21
15278,2017-03-19 05:49:49+00:00,24
15309,2017-03-20 03:00:52+00:00,32
15541,2017-03-28 20:05:35+00:00,15
15540,2017-03-28 20:02:48+00:00,10
15538,2017-03-28 19:58:22+00:00,11
15542,2017-03-28 20:07:40+00:00,10
15539,2017-03-28 20:00:42+00:00,11
15532,2017-03-28 16:48:04+00:00,7
15561,2017-03-29 10:24:35+00:00,26
15599,2017-03-30 20:55:56+00:00,15
15574,2017-03-30 07:44:01+00:00,8
15602,2017-03-30 21:58:35+00:00,24
15600,2017-03-30 21:36:41+00:00,24
15601,2017-03-30 21:42:38+00:00,24
15653,2017-04-01 20:05:00+00:00,31
15652,2017-04-01 19:49:22+00:00,24
15650,2017-04-01 19:37:58+00:00,29
15659,2017-04-02 00:08:58+00:00,24
15831,2017-04-07 23:32:15+00:00,8
15832,2017-04-07 23:46:16+00:00,8
15829,2017-04-07 22:29:02+00:00,25
15828,2017-04-07 22:26:10+00:00,23
15830,2017-04-07 23:05:15+00:00,25
15847,2017-04-08 06:39:09+00:00,10
15842,2017-04-08 04:11:38+00:00,24
15835,2017-04-08 00:59:18+00:00,15
15838,2017-04-08 02:12:08+00:00,1
15836,2017-04-08 01:53:28+00:00,28
15834,2017-04-08 00:36:56+00:00,10
16285,2017-04-23 19:53:07+00:00,16
16286,2017-04-23 19:58:37+00:00,24
16287,2017-04-23 20:10:12+00:00,31
16400,2017-04-28 04:20:53+00:00,24
16397,2017-04-28 02:55:17+00:00,22
16395,2017-04-28 02:19:29+00:00,29
16399,2017-04-28 03:35:39+00:00,11
16398,2017-04-28 03:16:04+00:00,11
16396,2017-04-28 02:48:17+00:00,22
57664,2020-11-02 18:55:19+00:00,29
58150,2020-11-18 22:02:12+00:00,29
58149,2020-11-18 22:01:16+00:00,32
58284,2020-11-22 19:34:32+00:00,31
58153,2020-11-18 22:09:27+00:00,31
58160,2020-11-18 22:48:09+00:00,31
58166,2020-11-19 01:29:49+00:00,31
58151,2020-11-18 22:05:43+00:00,31
57841,2020-11-08 21:02:42+00:00,16
58163,2020-11-18 23:50:16+00:00,18
58145,2020-11-18 21:53:31+00:00,32
58282,2020-11-22 19:09:21+00:00,32
58144,2020-11-18 21:50:01+00:00,32
58281,2020-11-22 19:06:26+00:00,32
58197,2020-11-19 23:43:11+00:00,32
58199,2020-11-20 00:32:04+00:00,32
57748,2020-11-05 14:26:56+00:00,19
58142,2020-11-18 21:31:29+00:00,12
58147,2020-11-18 21:55:06+00:00,27
58210,2020-11-20 06:48:20+00:00,11
58167,2020-11-19 01:38:39+00:00,11
58285,2020-11-22 19:36:56+00:00,24
58158,2020-11-18 22:43:06+00:00,24
58162,2020-11-18 22:55:08+00:00,24
58159,2020-11-18 22:43:21+00:00,31
58154,2020-11-18 22:12:21+00:00,31
58209,2020-11-20 06:44:45+00:00,31
58203,2020-11-20 04:00:44+00:00,15
58157,2020-11-18 22:40:50+00:00,7
58202,2020-11-20 02:19:29+00:00,22
57744,2020-11-05 13:42:42+00:00,11
57745,2020-11-05 13:46:11+00:00,11
58200,2020-11-20 01:24:28+00:00,11
57746,2020-11-05 13:58:52+00:00,11
58201,2020-11-20 01:58:49+00:00,11
58143,2020-11-18 21:42:00+00:00,11
57743,2020-11-05 13:39:53+00:00,10
58141,2020-11-18 20:57:47+00:00,11
58287,2020-11-22 19:55:35+00:00,16
58196,2020-11-19 23:38:26+00:00,29
58155,2020-11-18 22:17:19+00:00,29
58213,2020-11-20 07:46:01+00:00,24
81341,2022-09-28 15:58:58+00:00,29
81436,2022-09-29 15:38:34+00:00,28
80689,2022-09-16 05:08:09+00:00,29
81477,2022-09-30 04:59:23+00:00,29
80227,2022-09-04 00:37:13+00:00,29
80691,2022-09-16 05:38:40+00:00,29
80685,2022-09-16 04:57:48+00:00,29
80229,2022-09-04 00:59:11+00:00,29
80686,2022-09-16 05:00:49+00:00,29
80688,2022-09-16 05:06:00+00:00,29
80687,2022-09-16 05:03:38+00:00,29
80228,2022-09-04 00:50:33+00:00,29
81396,2022-09-29 11:32:19+00:00,29
81444,2022-09-29 16:45:25+00:00,31
80209,2022-09-03 11:44:58+00:00,31
81349,2022-09-28 20:56:45+00:00,28
80711,2022-09-16 09:57:09+00:00,28
81361,2022-09-29 07:12:40+00:00,29
81392,2022-09-29 11:07:58+00:00,32
81466,2022-09-29 18:46:03+00:00,29
80700,2022-09-16 07:52:35+00:00,28
81348,2022-09-28 20:51:03+00:00,28
80720,2022-09-16 13:12:41+00:00,5
80714,2022-09-16 11:14:54+00:00,22
81357,2022-09-29 04:56:01+00:00,11
81372,2022-09-29 08:37:52+00:00,29
81405,2022-09-29 13:07:39+00:00,8
80715,2022-09-16 11:46:48+00:00,8
81409,2022-09-29 13:27:30+00:00,6
67516,2021-11-01 11:06:11+00:00,29
68052,2021-11-19 08:59:06+00:00,29
68064,2021-11-19 10:49:57+00:00,29
68053,2021-11-19 09:04:29+00:00,29
67505,2021-11-01 08:43:07+00:00,29
67547,2021-11-01 14:04:56+00:00,24
67535,2021-11-01 12:48:25+00:00,18
67528,2021-11-01 12:11:17+00:00,18
67522,2021-11-01 11:49:52+00:00,18
67523,2021-11-01 11:54:39+00:00,18
67537,2021-11-01 13:02:10+00:00,31
68061,2021-11-19 10:15:19+00:00,31
68072,2021-11-19 11:55:21+00:00,27
67519,2021-11-01 11:33:14+00:00,27
67527,2021-11-01 12:07:20+00:00,30
67542,2021-11-01 13:23:34+00:00,28
68368,2021-11-28 04:39:40+00:00,28
67559,2021-11-01 16:40:18+00:00,28
67539,2021-11-01 13:09:20+00:00,9
68070,2021-11-19 11:45:54+00:00,32
67546,2021-11-01 14:04:11+00:00,19
67560,2021-11-01 17:06:23+00:00,4
67552,2021-11-01 14:39:16+00:00,24
67530,2021-11-01 12:19:14+00:00,24
67532,2021-11-01 12:24:49+00:00,18
67540,2021-11-01 13:12:26+00:00,18
67531,2021-11-01 12:21:27+00:00,21
68371,2021-11-28 05:30:07+00:00,28
67506,2021-11-01 08:52:03+00:00,15
67861,2021-11-12 07:52:52+00:00,11
67555,2021-11-01 15:02:16+00:00,11
67507,2021-11-01 08:54:05+00:00,11
67875,2021-11-12 19:49:32+00:00,11
67541,2021-11-01 13:18:45+00:00,11
67517,2021-11-01 11:08:01+00:00,24
67520,2021-11-01 11:36:40+00:00,18
67533,2021-11-01 12:27:07+00:00,31
67529,2021-11-01 12:15:01+00:00,25
67545,2021-11-01 14:01:50+00:00,23
68367,2021-11-28 04:39:14+00:00,15
68066,2021-11-19 10:57:26+00:00,24
67558,2021-11-01 15:34:01+00:00,12
68366,2021-11-28 04:32:42+00:00,11
67511,2021-11-01 10:17:40+00:00,10
67571,2021-11-02 04:15:51+00:00,11
67548,2021-11-01 14:08:07+00:00,7
67525,2021-11-01 12:00:33+00:00,24
68050,2021-11-19 08:15:19+00:00,8
67544,2021-11-01 13:52:11+00:00,24
67551,2021-11-01 14:31:10+00:00,16
68047,2021-11-19 07:54:22+00:00,4
67504,2021-11-01 08:33:09+00:00,4
68083,2021-11-19 16:04:49+00:00,4
67550,2021-11-01 14:26:38+00:00,16
67554,2021-11-01 14:57:42+00:00,6
36552,2018-11-07 21:57:59+00:00,7
36556,2018-11-07 22:27:53+00:00,32
36557,2018-11-07 22:33:51+00:00,13
36551,2018-11-07 21:53:25+00:00,31
36553,2018-11-07 22:08:33+00:00,31
36550,2018-11-07 21:49:08+00:00,30
36548,2018-11-07 21:38:54+00:00,24
36591,2018-11-08 10:00:54+00:00,32
36583,2018-11-08 07:52:27+00:00,30
36613,2018-11-08 15:50:11+00:00,29
36575,2018-11-08 07:05:20+00:00,23
36603,2018-11-08 12:05:38+00:00,19
36560,2018-11-08 03:16:08+00:00,7
36572,2018-11-08 06:17:43+00:00,8
36581,2018-11-08 07:48:09+00:00,24
36568,2018-11-08 05:34:49+00:00,19
36586,2018-11-08 08:40:32+00:00,12
36573,2018-11-08 06:47:26+00:00,32
36561,2018-11-08 03:25:15+00:00,11
36587,2018-11-08 08:44:48+00:00,31
36562,2018-11-08 04:26:43+00:00,7
36565,2018-11-08 04:59:53+00:00,15
36576,2018-11-08 07:07:40+00:00,8
36582,2018-11-08 07:49:59+00:00,24
36571,2018-11-08 06:12:06+00:00,8
36585,2018-11-08 08:36:23+00:00,15
36588,2018-11-08 08:47:58+00:00,24
36649,2018-11-09 16:18:02+00:00,11
36921,2018-11-19 16:50:40+00:00,32
36924,2018-11-19 17:06:38+00:00,16
36925,2018-11-19 17:31:30+00:00,28
36935,2018-11-19 20:05:05+00:00,32
36947,2018-11-20 07:41:45+00:00,31
36942,2018-11-20 05:22:39+00:00,24
37073,2018-11-23 19:39:18+00:00,8
37123,2018-11-25 23:26:21+00:00,13
37124,2018-11-25 23:56:00+00:00,13
37125,2018-11-26 00:00:16+00:00,13
37167,2018-11-26 11:10:46+00:00,29
37144,2018-11-26 06:43:45+00:00,29
37134,2018-11-26 05:38:48+00:00,32
37153,2018-11-26 07:26:02+00:00,33
37172,2018-11-26 13:15:34+00:00,11
37129,2018-11-26 01:45:29+00:00,13
37150,2018-11-26 07:10:54+00:00,22
37151,2018-11-26 07:13:43+00:00,11
37149,2018-11-26 07:06:18+00:00,29
37148,2018-11-26 07:02:45+00:00,32
37152,2018-11-26 07:16:41+00:00,32
37171,2018-11-26 13:08:00+00:00,9
37145,2018-11-26 06:49:23+00:00,32
37137,2018-11-26 05:53:37+00:00,29
37136,2018-11-26 05:51:16+00:00,29
37127,2018-11-26 00:11:08+00:00,13
37143,2018-11-26 06:40:54+00:00,29
37165,2018-11-26 10:33:56+00:00,29
37142,2018-11-26 06:30:06+00:00,32
37135,2018-11-26 05:47:43+00:00,29
37147,2018-11-26 06:59:03+00:00,29
37166,2018-11-26 10:50:19+00:00,29
37156,2018-11-26 08:04:36+00:00,29
37133,2018-11-26 05:29:25+00:00,32
37128,2018-11-26 01:41:05+00:00,13
37126,2018-11-26 00:04:39+00:00,13
37138,2018-11-26 05:57:51+00:00,29
37132,2018-11-26 05:19:28+00:00,32
37122,2018-11-25 23:20:48+00:00,13
37139,2018-11-26 06:01:56+00:00,32
69252,2021-12-17 16:23:06+00:00,21
69723,2021-12-30 17:13:05+00:00,15
69535,2021-12-23 06:45:26+00:00,24
69755,2021-12-30 20:36:53+00:00,16
69746,2021-12-30 19:34:33+00:00,16
69263,2021-12-17 17:11:38+00:00,7
69754,2021-12-30 20:26:59+00:00,7
69092,2021-12-14 16:10:11+00:00,7
69722,2021-12-30 17:08:29+00:00,7
69260,2021-12-17 17:01:12+00:00,7
69485,2021-12-22 23:31:28+00:00,7
68717,2021-12-07 21:17:29+00:00,28
68682,2021-12-07 13:39:09+00:00,28
69522,2021-12-23 03:57:58+00:00,29
68622,2021-12-05 23:58:49+00:00,29
69510,2021-12-23 02:56:38+00:00,29
68708,2021-12-07 19:04:55+00:00,29
69511,2021-12-23 02:58:27+00:00,29
68699,2021-12-07 17:34:39+00:00,29
68621,2021-12-05 23:52:31+00:00,29
69186,2021-12-16 18:06:00+00:00,21
69175,2021-12-16 17:44:03+00:00,21
69176,2021-12-16 17:45:30+00:00,12
69719,2021-12-30 16:43:40+00:00,18
69716,2021-12-30 16:38:20+00:00,18
69244,2021-12-17 15:59:49+00:00,18
69245,2021-12-17 16:06:17+00:00,18
69711,2021-12-30 16:14:47+00:00,18
69717,2021-12-30 16:40:38+00:00,18
69241,2021-12-17 15:53:38+00:00,18
69168,2021-12-16 17:38:33+00:00,18
69242,2021-12-17 15:54:59+00:00,18
68716,2021-12-07 21:14:31+00:00,32
69514,2021-12-23 03:24:48+00:00,32
69689,2021-12-29 21:31:05+00:00,32
69498,2021-12-23 01:36:45+00:00,32
69515,2021-12-23 03:25:51+00:00,32
69496,2021-12-23 01:32:58+00:00,32
69688,2021-12-29 21:27:55+00:00,32
68700,2021-12-07 17:42:14+00:00,32
68723,2021-12-08 00:23:39+00:00,31
69253,2021-12-17 16:27:33+00:00,31
68718,2021-12-07 22:26:19+00:00,31
69518,2021-12-23 03:46:23+00:00,31
69516,2021-12-23 03:39:09+00:00,31
68724,2021-12-08 01:19:59+00:00,31
69542,2021-12-23 08:47:02+00:00,31
69502,2021-12-23 01:57:57+00:00,31
69500,2021-12-23 01:47:46+00:00,31
69509,2021-12-23 02:53:06+00:00,31
69528,2021-12-23 04:33:38+00:00,31
69521,2021-12-23 03:57:55+00:00,23
68999,2021-12-13 06:15:21+00:00,29
69517,2021-12-23 03:42:58+00:00,22
68613,2021-12-05 19:29:56+00:00,16
69194,2021-12-16 19:05:38+00:00,16
69174,2021-12-16 17:43:21+00:00,16
69173,2021-12-16 17:42:54+00:00,16
69177,2021-12-16 17:45:55+00:00,16
69270,2021-12-17 17:51:41+00:00,19
69733,2021-12-30 18:36:54+00:00,19
69750,2021-12-30 20:02:38+00:00,16
69491,2021-12-23 01:21:40+00:00,25
69290,2021-12-17 22:31:11+00:00,27
69249,2021-12-17 16:14:53+00:00,27
69108,2021-12-14 21:15:34+00:00,27
69268,2021-12-17 17:30:00+00:00,25
69492,2021-12-23 01:23:03+00:00,27
69545,2021-12-23 09:14:36+00:00,27
69493,2021-12-23 01:24:53+00:00,27
69264,2021-12-17 17:15:21+00:00,25
69262,2021-12-17 17:09:21+00:00,27
69734,2021-12-30 18:42:51+00:00,25
69250,2021-12-17 16:16:43+00:00,27
69293,2021-12-17 23:37:59+00:00,27
69495,2021-12-23 01:29:40+00:00,27
69738,2021-12-30 19:00:00+00:00,25
69266,2021-12-17 17:22:22+00:00,27
68938,2021-12-12 17:40:07+00:00,24
69243,2021-12-17 15:57:37+00:00,18
69228,2021-12-17 13:33:40+00:00,21
69232,2021-12-17 13:55:01+00:00,18
69256,2021-12-17 16:39:38+00:00,21
68711,2021-12-07 19:38:20+00:00,30
68706,2021-12-07 18:14:22+00:00,30
69475,2021-12-22 20:04:58+00:00,28
68698,2021-12-07 17:20:57+00:00,28
69183,2021-12-16 17:59:38+00:00,28
68623,2021-12-06 00:08:48+00:00,28
69167,2021-12-16 17:37:13+00:00,18
69483,2021-12-22 23:00:18+00:00,17
69274,2021-12-17 18:26:18+00:00,17
69526,2021-12-23 04:21:23+00:00,22
69513,2021-12-23 03:11:28+00:00,22
69751,2021-12-30 20:06:02+00:00,13
69169,2021-12-16 17:39:06+00:00,13
69163,2021-12-16 16:46:45+00:00,13
69179,2021-12-16 17:47:50+00:00,13
68701,2021-12-07 17:46:54+00:00,13
69165,2021-12-16 17:01:09+00:00,13
69107,2021-12-14 20:51:22+00:00,15
69548,2021-12-23 11:20:57+00:00,9
69219,2021-12-17 10:24:58+00:00,9
69319,2021-12-18 16:12:46+00:00,9
68702,2021-12-07 17:48:16+00:00,25
68933,2021-12-12 17:27:03+00:00,32
69523,2021-12-23 04:16:11+00:00,32
68705,2021-12-07 18:07:42+00:00,32
69185,2021-12-16 18:02:46+00:00,32
69030,2021-12-13 10:56:35+00:00,32
69162,2021-12-16 16:27:32+00:00,12
69481,2021-12-22 22:32:10+00:00,12
69166,2021-12-16 17:03:59+00:00,21
69105,2021-12-14 20:46:12+00:00,15
69106,2021-12-14 20:48:55+00:00,15
69230,2021-12-17 13:39:02+00:00,32
68684,2021-12-07 13:48:24+00:00,32
69530,2021-12-23 06:19:10+00:00,32
69771,2021-12-31 06:48:45+00:00,32
69730,2021-12-30 18:13:43+00:00,7
69095,2021-12-14 17:55:21+00:00,7
69261,2021-12-17 17:08:35+00:00,7
69292,2021-12-17 23:20:15+00:00,7
69549,2021-12-23 11:32:20+00:00,7
69505,2021-12-23 02:11:31+00:00,7
68721,2021-12-08 00:05:46+00:00,7
69271,2021-12-17 17:55:15+00:00,12
69190,2021-12-16 18:27:40+00:00,9
69767,2021-12-31 01:51:01+00:00,16
69291,2021-12-17 22:39:25+00:00,1
69295,2021-12-18 00:57:20+00:00,1
69277,2021-12-17 18:58:33+00:00,4
69519,2021-12-23 03:53:04+00:00,4
69287,2021-12-17 22:15:33+00:00,4
68899,2021-12-12 16:04:08+00:00,4
69507,2021-12-23 02:20:48+00:00,4
69487,2021-12-23 00:18:53+00:00,4
69161,2021-12-16 16:23:49+00:00,12
68948,2021-12-12 18:03:07+00:00,24
68940,2021-12-12 17:42:40+00:00,24
68937,2021-12-12 17:35:38+00:00,24
69756,2021-12-30 20:40:44+00:00,24
69257,2021-12-17 16:44:15+00:00,24
69265,2021-12-17 17:20:07+00:00,25
69288,2021-12-17 22:20:02+00:00,15
69713,2021-12-30 16:19:33+00:00,18
69710,2021-12-30 16:14:22+00:00,18
69240,2021-12-17 15:52:24+00:00,18
69191,2021-12-16 18:30:21+00:00,18
69706,2021-12-30 16:08:58+00:00,18
69279,2021-12-17 19:06:43+00:00,21
69199,2021-12-16 20:34:16+00:00,19
69499,2021-12-23 01:45:30+00:00,28
69527,2021-12-23 04:26:31+00:00,28
69284,2021-12-17 21:53:45+00:00,28
69520,2021-12-23 03:53:33+00:00,28
69184,2021-12-16 18:01:05+00:00,28
68719,2021-12-07 22:33:33+00:00,28
69529,2021-12-23 04:33:35+00:00,28
69512,2021-12-23 03:13:54+00:00,28
68732,2021-12-08 04:21:29+00:00,15
69749,2021-12-30 20:00:25+00:00,11
68703,2021-12-07 18:01:03+00:00,11
69696,2021-12-29 23:45:42+00:00,11
69729,2021-12-30 17:55:13+00:00,15
69690,2021-12-29 21:57:42+00:00,11
69276,2021-12-17 18:46:41+00:00,24
69638,2021-12-27 18:42:25+00:00,24
68970,2021-12-12 19:59:08+00:00,21
68669,2021-12-07 06:18:23+00:00,24
69744,2021-12-30 19:23:04+00:00,24
68725,2021-12-08 01:33:37+00:00,24
68668,2021-12-07 06:15:25+00:00,24
69286,2021-12-17 22:07:58+00:00,3
69489,2021-12-23 00:42:13+00:00,3
68714,2021-12-07 20:28:48+00:00,3
69486,2021-12-23 00:14:01+00:00,3
68713,2021-12-07 20:00:42+00:00,3
69247,2021-12-17 16:09:58+00:00,24
69251,2021-12-17 16:19:22+00:00,31
69544,2021-12-23 09:11:51+00:00,31
69503,2021-12-23 02:02:09+00:00,31
69494,2021-12-23 01:26:00+00:00,24
69748,2021-12-30 19:59:31+00:00,16
69195,2021-12-16 19:20:56+00:00,16
68712,2021-12-07 19:48:02+00:00,12
69164,2021-12-16 16:50:59+00:00,13
68942,2021-12-12 17:47:38+00:00,13
69272,2021-12-17 18:13:44+00:00,13
69726,2021-12-30 17:29:36+00:00,13
69187,2021-12-16 18:08:19+00:00,12
69737,2021-12-30 18:54:10+00:00,25
69267,2021-12-17 17:25:52+00:00,25
69739,2021-12-30 19:02:48+00:00,23
69735,2021-12-30 18:46:24+00:00,23
69736,2021-12-30 18:49:14+00:00,23
68919,2021-12-12 17:00:50+00:00,25
69742,2021-12-30 19:16:33+00:00,25
68659,2021-12-07 00:56:21+00:00,5
69504,2021-12-23 02:02:07+00:00,5
68663,2021-12-07 01:58:27+00:00,4
69732,2021-12-30 18:24:24+00:00,4
69189,2021-12-16 18:21:51+00:00,19
69484,2021-12-22 23:04:23+00:00,19
69269,2021-12-17 17:47:46+00:00,19
68963,2021-12-12 18:48:29+00:00,15
69478,2021-12-22 20:39:29+00:00,15
69353,2021-12-20 13:02:53+00:00,15
69691,2021-12-29 22:08:02+00:00,15
69115,2021-12-15 06:53:26+00:00,10
69632,2021-12-27 17:10:32+00:00,15
69762,2021-12-30 22:07:14+00:00,12
69724,2021-12-30 17:16:10+00:00,7
68691,2021-12-07 15:45:00+00:00,7
69524,2021-12-23 04:09:26+00:00,22
69138,2021-12-15 18:09:10+00:00,22
69725,2021-12-30 17:24:19+00:00,12
69171,2021-12-16 17:40:34+00:00,16
69180,2021-12-16 17:49:30+00:00,16
69170,2021-12-16 17:39:29+00:00,13
69635,2021-12-27 17:41:19+00:00,13
69727,2021-12-30 17:39:47+00:00,13
69764,2021-12-30 23:21:08+00:00,13
69534,2021-12-23 06:42:22+00:00,13
68626,2021-12-06 06:35:50+00:00,13
69254,2021-12-17 16:32:33+00:00,16
69172,2021-12-16 17:41:51+00:00,12
69728,2021-12-30 17:50:07+00:00,12
68967,2021-12-12 19:15:45+00:00,12
69178,2021-12-16 17:47:18+00:00,12
69765,2021-12-31 00:10:46+00:00,10
69693,2021-12-29 22:36:45+00:00,10
68620,2021-12-05 23:32:36+00:00,15
69501,2021-12-23 01:54:42+00:00,10
68667,2021-12-07 05:16:16+00:00,11
69692,2021-12-29 22:13:33+00:00,10
68666,2021-12-07 03:09:10+00:00,10
69685,2021-12-29 21:14:43+00:00,11
69686,2021-12-29 21:19:30+00:00,11
69683,2021-12-29 20:15:53+00:00,11
68730,2021-12-08 03:10:34+00:00,11
68729,2021-12-08 02:57:51+00:00,11
69296,2021-12-18 01:26:06+00:00,11
69227,2021-12-17 13:29:01+00:00,15
68665,2021-12-07 03:05:07+00:00,11
68707,2021-12-07 18:54:54+00:00,10
69508,2021-12-23 02:44:08+00:00,11
69233,2021-12-17 14:06:42+00:00,15
69182,2021-12-16 17:50:34+00:00,16
69238,2021-12-17 15:35:23+00:00,16
69237,2021-12-17 15:24:59+00:00,16
69714,2021-12-30 16:31:19+00:00,9
69490,2021-12-23 00:59:08+00:00,29
69709,2021-12-30 16:12:40+00:00,18
69712,2021-12-30 16:17:56+00:00,18
69740,2021-12-30 19:08:00+00:00,18
69193,2021-12-16 18:45:03+00:00,18
69708,2021-12-30 16:11:25+00:00,18
69715,2021-12-30 16:36:38+00:00,18
69707,2021-12-30 16:10:30+00:00,18
69281,2021-12-17 19:47:14+00:00,4
69745,2021-12-30 19:34:04+00:00,24
69757,2021-12-30 20:44:41+00:00,24
69282,2021-12-17 19:49:45+00:00,24
69752,2021-12-30 20:11:48+00:00,24
69275,2021-12-17 18:44:34+00:00,24
69741,2021-12-30 19:08:56+00:00,20
69488,2021-12-23 00:36:57+00:00,7
69248,2021-12-17 16:13:13+00:00,24
69258,2021-12-17 16:48:23+00:00,18
69747,2021-12-30 19:54:04+00:00,18
69236,2021-12-17 15:16:36+00:00,18
69231,2021-12-17 13:46:23+00:00,18
69196,2021-12-16 19:30:56+00:00,9
69197,2021-12-16 19:59:18+00:00,9
69181,2021-12-16 17:50:04+00:00,9
69283,2021-12-17 19:55:28+00:00,8
69308,2021-12-18 09:44:53+00:00,8
68683,2021-12-07 13:43:25+00:00,8
69633,2021-12-27 17:19:29+00:00,15
69482,2021-12-22 22:53:49+00:00,15
69103,2021-12-14 19:59:31+00:00,15
69097,2021-12-14 18:04:10+00:00,15
69246,2021-12-17 16:07:11+00:00,18
69718,2021-12-30 16:42:46+00:00,18
69188,2021-12-16 18:09:27+00:00,18
69200,2021-12-16 20:40:56+00:00,16
68968,2021-12-12 19:29:18+00:00,21
69198,2021-12-16 20:27:51+00:00,9
68924,2021-12-12 17:09:06+00:00,15
69015,2021-12-13 08:57:09+00:00,32
68923,2021-12-12 17:07:41+00:00,15
69192,2021-12-16 18:40:22+00:00,12
68905,2021-12-12 16:24:04+00:00,19
69203,2021-12-16 21:10:37+00:00,21
69302,2021-12-18 07:47:22+00:00,6
69321,2021-12-18 17:27:21+00:00,8
69731,2021-12-30 18:16:26+00:00,12
69753,2021-12-30 20:22:41+00:00,16
69259,2021-12-17 16:55:16+00:00,24
68925,2021-12-12 17:11:20+00:00,24
90514,2023-02-07 23:25:02+00:00,18
90398,2023-02-07 17:35:34+00:00,32
90440,2023-02-07 19:06:56+00:00,32
90043,2023-02-03 15:44:10+00:00,31
90393,2023-02-07 17:22:28+00:00,16
90932,2023-02-13 20:30:12+00:00,27
90738,2023-02-10 18:22:23+00:00,27
90944,2023-02-13 21:10:44+00:00,24
90047,2023-02-03 16:13:47+00:00,18
91528,2023-02-21 22:41:30+00:00,21
90721,2023-02-10 17:12:18+00:00,18
91126,2023-02-15 20:25:45+00:00,21
90441,2023-02-07 19:08:02+00:00,25
90442,2023-02-07 19:10:02+00:00,32
90557,2023-02-08 15:07:04+00:00,32
89844,2023-02-01 22:14:14+00:00,4
90747,2023-02-10 19:08:20+00:00,4
90367,2023-02-07 15:15:34+00:00,12
90428,2023-02-07 18:51:16+00:00,24
90725,2023-02-10 17:37:54+00:00,27
90511,2023-02-07 23:19:49+00:00,18
91952,2023-02-28 23:08:16+00:00,24
91125,2023-02-15 20:23:30+00:00,24
90832,2023-02-11 20:58:10+00:00,24
90041,2023-02-03 15:38:25+00:00,30
90431,2023-02-07 18:56:30+00:00,31
90748,2023-02-10 19:11:11+00:00,13
90567,2023-02-08 20:02:07+00:00,23
90737,2023-02-10 18:21:10+00:00,23
90926,2023-02-13 20:03:50+00:00,25
90739,2023-02-10 18:24:14+00:00,4
90927,2023-02-13 20:12:07+00:00,7
91530,2023-02-21 22:51:49+00:00,7
90433,2023-02-07 18:59:27+00:00,18
90434,2023-02-07 19:00:51+00:00,18
90493,2023-02-07 20:42:01+00:00,12
89966,2023-02-02 18:56:58+00:00,7
91122,2023-02-15 20:19:15+00:00,24
91124,2023-02-15 20:23:30+00:00,24
90856,2023-02-12 05:21:00+00:00,24
91138,2023-02-15 21:11:15+00:00,24
91123,2023-02-15 20:19:58+00:00,24
90168,2023-02-05 16:41:01+00:00,18
90171,2023-02-05 16:46:08+00:00,18
90159,2023-02-05 15:44:17+00:00,16
90506,2023-02-07 22:25:32+00:00,18
91539,2023-02-22 02:56:35+00:00,31
90768,2023-02-10 21:20:23+00:00,4
90756,2023-02-10 20:00:45+00:00,3
90757,2023-02-10 20:03:26+00:00,9
90501,2023-02-07 21:23:41+00:00,19
91536,2023-02-22 00:56:31+00:00,19
41578,2019-04-08 19:26:54+00:00,25
41574,2019-04-08 19:19:42+00:00,25
41600,2019-04-08 22:02:05+00:00,32
41611,2019-04-08 23:00:54+00:00,33
41607,2019-04-08 22:43:59+00:00,28
41576,2019-04-08 19:22:15+00:00,32
41582,2019-04-08 19:44:21+00:00,22
41575,2019-04-08 19:21:07+00:00,25
41579,2019-04-08 19:30:59+00:00,32
41588,2019-04-08 20:07:04+00:00,24
41563,2019-04-08 18:06:52+00:00,29
41605,2019-04-08 22:23:32+00:00,32
41567,2019-04-08 18:30:32+00:00,28
41599,2019-04-08 21:52:16+00:00,32
41584,2019-04-08 19:54:50+00:00,33
41592,2019-04-08 21:09:55+00:00,15
41562,2019-04-08 17:38:14+00:00,22
41557,2019-04-08 16:19:22+00:00,18
41580,2019-04-08 19:37:57+00:00,28
41565,2019-04-08 18:13:33+00:00,29
41571,2019-04-08 19:02:08+00:00,32
41586,2019-04-08 20:00:34+00:00,11
41581,2019-04-08 19:40:57+00:00,10
41615,2019-04-08 23:49:05+00:00,18
41609,2019-04-08 22:47:53+00:00,33
41604,2019-04-08 22:19:08+00:00,11
41564,2019-04-08 18:09:52+00:00,29
41573,2019-04-08 19:13:34+00:00,29
41566,2019-04-08 18:25:47+00:00,28
41568,2019-04-08 18:48:18+00:00,32
41587,2019-04-08 20:04:20+00:00,27
41694,2019-04-09 15:28:35+00:00,28
41634,2019-04-09 06:39:36+00:00,32
41645,2019-04-09 07:37:50+00:00,32
41644,2019-04-09 07:26:54+00:00,19
41651,2019-04-09 08:43:07+00:00,24
41640,2019-04-09 07:05:22+00:00,29
41648,2019-04-09 08:26:24+00:00,24
41636,2019-04-09 06:51:26+00:00,29
41672,2019-04-09 12:36:56+00:00,10
41631,2019-04-09 06:32:12+00:00,32
41633,2019-04-09 06:36:42+00:00,32
41630,2019-04-09 06:29:58+00:00,32
41635,2019-04-09 06:43:50+00:00,32
41621,2019-04-09 03:51:24+00:00,24
41618,2019-04-09 01:45:31+00:00,32
41619,2019-04-09 02:23:44+00:00,29
41701,2019-04-09 19:49:05+00:00,28
41616,2019-04-09 00:16:50+00:00,8
41656,2019-04-09 09:46:37+00:00,28
41658,2019-04-09 09:56:05+00:00,11
41699,2019-04-09 18:47:05+00:00,29
41649,2019-04-09 08:30:39+00:00,24
41637,2019-04-09 06:54:54+00:00,15
41617,2019-04-09 00:21:06+00:00,33
41740,2019-04-10 12:12:50+00:00,31
41742,2019-04-10 12:29:43+00:00,29
41745,2019-04-10 12:50:39+00:00,11
41726,2019-04-10 09:27:25+00:00,24
41707,2019-04-10 01:50:03+00:00,18
41727,2019-04-10 09:28:56+00:00,8
41770,2019-04-10 22:36:04+00:00,21
41739,2019-04-10 11:52:54+00:00,24
41894,2019-04-14 20:54:05+00:00,15
41911,2019-04-15 20:12:17+00:00,3
42096,2019-04-23 20:13:07+00:00,32
42097,2019-04-23 20:50:17+00:00,31
42235,2019-04-28 20:48:11+00:00,22
41627,2019-04-09 06:12:43+00:00,25
41638,2019-04-09 06:58:30+00:00,22
41596,2019-04-08 21:43:13+00:00,10
41595,2019-04-08 21:26:50+00:00,11
41594,2019-04-08 21:24:16+00:00,10
41608,2019-04-08 22:46:27+00:00,33
41577,2019-04-08 19:24:23+00:00,27
41610,2019-04-08 22:52:36+00:00,10
41612,2019-04-08 23:15:53+00:00,29
41589,2019-04-08 20:22:19+00:00,29
41590,2019-04-08 20:54:32+00:00,22
41585,2019-04-08 19:57:03+00:00,22
41700,2019-04-09 19:04:37+00:00,10
41620,2019-04-09 02:27:36+00:00,11
41669,2019-04-09 11:56:00+00:00,4
41709,2019-04-10 02:13:58+00:00,18
41711,2019-04-10 02:21:41+00:00,18
41731,2019-04-10 09:38:42+00:00,9
41725,2019-04-10 09:16:11+00:00,24
41712,2019-04-10 02:33:44+00:00,18
41708,2019-04-10 01:59:52+00:00,18
41710,2019-04-10 02:16:59+00:00,18
41771,2019-04-11 01:14:12+00:00,27
42101,2019-04-24 07:02:07+00:00,11
42259,2019-04-28 22:39:52+00:00,19
41597,2019-04-08 21:45:26+00:00,25
65824,2021-09-04 06:42:11+00:00,31
65749,2021-09-01 06:54:42+00:00,28
65766,2021-09-01 17:47:51+00:00,13
65750,2021-09-01 06:58:41+00:00,28
59392,2020-12-27 09:47:54+00:00,24
58826,2020-12-08 07:07:25+00:00,24
58932,2020-12-11 06:14:00+00:00,24
59360,2020-12-26 06:28:14+00:00,24
58804,2020-12-07 23:45:44+00:00,24
59348,2020-12-25 21:15:32+00:00,28
58809,2020-12-08 00:08:19+00:00,29
59337,2020-12-25 20:15:30+00:00,21
58877,2020-12-09 23:04:59+00:00,32
58909,2020-12-10 11:48:49+00:00,32
58879,2020-12-09 23:13:10+00:00,32
58878,2020-12-09 23:08:21+00:00,32
58798,2020-12-07 23:09:58+00:00,32
58800,2020-12-07 23:24:35+00:00,31
58887,2020-12-10 00:55:01+00:00,31
59350,2020-12-25 21:25:21+00:00,31
59362,2020-12-26 07:05:49+00:00,31
59349,2020-12-25 21:17:54+00:00,31
59361,2020-12-26 06:44:11+00:00,31
59331,2020-12-25 19:45:06+00:00,31
58911,2020-12-10 12:16:33+00:00,31
59368,2020-12-26 08:23:54+00:00,31
59328,2020-12-25 19:29:38+00:00,23
59320,2020-12-25 18:41:10+00:00,29
59309,2020-12-25 16:02:16+00:00,16
58799,2020-12-07 23:13:45+00:00,16
58868,2020-12-09 13:11:11+00:00,16
59211,2020-12-22 10:14:44+00:00,27
59210,2020-12-22 10:02:19+00:00,27
59365,2020-12-26 07:18:10+00:00,27
58808,2020-12-07 23:58:55+00:00,18
59212,2020-12-22 10:24:00+00:00,18
58769,2020-12-07 08:30:22+00:00,18
58822,2020-12-08 06:24:42+00:00,18
59311,2020-12-25 17:01:51+00:00,18
59307,2020-12-25 13:30:17+00:00,18
58885,2020-12-10 00:45:29+00:00,30
58747,2020-12-06 21:03:12+00:00,22
59323,2020-12-25 19:16:16+00:00,32
58886,2020-12-10 00:49:36+00:00,32
58594,2020-12-01 20:23:46+00:00,12
58776,2020-12-07 09:22:15+00:00,12
59386,2020-12-27 01:56:12+00:00,12
59366,2020-12-26 07:22:35+00:00,24
58815,2020-12-08 00:46:05+00:00,21
58993,2020-12-13 12:01:44+00:00,11
58884,2020-12-10 00:40:51+00:00,11
59318,2020-12-25 18:33:02+00:00,11
58761,2020-12-07 07:04:09+00:00,11
58820,2020-12-08 05:05:03+00:00,24
58805,2020-12-07 23:50:08+00:00,24
58814,2020-12-08 00:39:12+00:00,24
58772,2020-12-07 08:53:57+00:00,18
58770,2020-12-07 08:43:09+00:00,24
58910,2020-12-10 12:01:39+00:00,31
59466,2020-12-31 16:25:28+00:00,24
59329,2020-12-25 19:31:13+00:00,30
59354,2020-12-25 22:24:41+00:00,32
58824,2020-12-08 06:42:57+00:00,12
59335,2020-12-25 20:00:51+00:00,23
59327,2020-12-25 19:26:29+00:00,25
58810,2020-12-08 00:14:47+00:00,19
58778,2020-12-07 10:10:11+00:00,24
59304,2020-12-25 10:02:29+00:00,22
58801,2020-12-07 23:35:16+00:00,15
58767,2020-12-07 08:03:52+00:00,13
59256,2020-12-23 11:01:00+00:00,16
59315,2020-12-25 18:22:16+00:00,11
58762,2020-12-07 07:09:16+00:00,11
59300,2020-12-25 09:56:39+00:00,11
58744,2020-12-06 20:37:25+00:00,11
58991,2020-12-13 11:26:18+00:00,11
58741,2020-12-06 20:07:29+00:00,11
59369,2020-12-26 08:28:32+00:00,11
58748,2020-12-06 21:10:06+00:00,11
59322,2020-12-25 19:10:16+00:00,10
58803,2020-12-07 23:39:21+00:00,10
58807,2020-12-07 23:55:56+00:00,11
59316,2020-12-25 18:24:16+00:00,11
58994,2020-12-13 12:03:44+00:00,11
58882,2020-12-09 23:45:35+00:00,11
58806,2020-12-07 23:48:43+00:00,11
59317,2020-12-25 18:28:47+00:00,11
59319,2020-12-25 18:35:23+00:00,11
59302,2020-12-25 09:59:52+00:00,11
59303,2020-12-25 10:01:25+00:00,11
59301,2020-12-25 09:59:01+00:00,11
58883,2020-12-09 23:52:25+00:00,11
58802,2020-12-07 23:39:04+00:00,11
59321,2020-12-25 18:54:34+00:00,11
59342,2020-12-25 20:36:03+00:00,29
59336,2020-12-25 20:05:26+00:00,29
58992,2020-12-13 11:44:20+00:00,29
59352,2020-12-25 21:43:07+00:00,24
58912,2020-12-10 12:23:22+00:00,24
59332,2020-12-25 19:50:55+00:00,24
59325,2020-12-25 19:22:37+00:00,24
59339,2020-12-25 20:22:43+00:00,18
59333,2020-12-25 19:54:38+00:00,32
59330,2020-12-25 19:37:56+00:00,25
59324,2020-12-25 19:20:20+00:00,27
59340,2020-12-25 20:26:36+00:00,19
58823,2020-12-08 06:35:33+00:00,23
59334,2020-12-25 19:56:37+00:00,25
59347,2020-12-25 20:57:52+00:00,18
58817,2020-12-08 01:00:17+00:00,24
59346,2020-12-25 20:51:09+00:00,18
100741,2023-08-13 19:51:23+00:00,22
101638,2023-08-29 20:21:04+00:00,27
101095,2023-08-20 13:56:26+00:00,23
101482,2023-08-27 04:09:43+00:00,11
53159,2020-05-02 21:18:51+00:00,15
53246,2020-05-07 03:14:38+00:00,30
53270,2020-05-07 09:37:03+00:00,15
53393,2020-05-15 06:38:01+00:00,24
53166,2020-05-02 22:27:36+00:00,24
53164,2020-05-02 22:17:25+00:00,24
53244,2020-05-07 02:51:27+00:00,11
53388,2020-05-15 03:22:08+00:00,29
53169,2020-05-02 23:38:58+00:00,31
53251,2020-05-07 03:50:22+00:00,31
53240,2020-05-07 02:29:22+00:00,31
53401,2020-05-15 09:45:19+00:00,31
53512,2020-05-24 17:56:27+00:00,16
53170,2020-05-03 00:31:51+00:00,27
53242,2020-05-07 02:42:07+00:00,32
53384,2020-05-15 02:56:10+00:00,31
53280,2020-05-08 01:31:43+00:00,29
53241,2020-05-07 02:35:18+00:00,29
53263,2020-05-07 08:06:20+00:00,32
53243,2020-05-07 02:44:52+00:00,32
53400,2020-05-15 09:29:00+00:00,32
53250,2020-05-07 03:44:24+00:00,12
53245,2020-05-07 02:54:41+00:00,28
53266,2020-05-07 09:00:43+00:00,11
53383,2020-05-15 01:01:24+00:00,11
53237,2020-05-07 02:03:00+00:00,11
53167,2020-05-02 22:30:26+00:00,24
53165,2020-05-02 22:24:42+00:00,24
53160,2020-05-02 21:23:10+00:00,15
53168,2020-05-02 22:32:41+00:00,7
53390,2020-05-15 06:00:39+00:00,7
53528,2020-05-25 09:29:39+00:00,24
53408,2020-05-15 19:47:09+00:00,24
53238,2020-05-07 02:07:09+00:00,22
53382,2020-05-15 00:45:28+00:00,13
53162,2020-05-02 22:00:51+00:00,13
53163,2020-05-02 22:07:05+00:00,13
53249,2020-05-07 03:40:15+00:00,11
53178,2020-05-03 09:03:22+00:00,10
53179,2020-05-03 10:05:07+00:00,10
53254,2020-05-07 04:11:27+00:00,11
53386,2020-05-15 03:04:42+00:00,11
53385,2020-05-15 02:59:18+00:00,11
53236,2020-05-07 01:56:42+00:00,11
53149,2020-05-02 18:58:02+00:00,11
53185,2020-05-03 16:46:14+00:00,11
53161,2020-05-02 21:27:44+00:00,10
53239,2020-05-07 02:19:25+00:00,11
53176,2020-05-03 07:15:17+00:00,11
53511,2020-05-24 17:47:08+00:00,16
43823,2019-06-20 20:58:51+00:00,28
43362,2019-06-03 18:38:53+00:00,32
43363,2019-06-03 18:45:03+00:00,31
43826,2019-06-20 21:39:52+00:00,25
43324,2019-06-02 10:17:37+00:00,32
43360,2019-06-03 18:26:34+00:00,32
43321,2019-06-02 09:50:32+00:00,29
43323,2019-06-02 10:08:52+00:00,24
43326,2019-06-02 10:59:02+00:00,28
43831,2019-06-21 04:10:51+00:00,24
43825,2019-06-20 21:36:45+00:00,25
43348,2019-06-03 14:03:04+00:00,22
43353,2019-06-03 16:42:55+00:00,22
43322,2019-06-02 10:01:18+00:00,15
43319,2019-06-02 09:36:05+00:00,11
43827,2019-06-20 21:45:57+00:00,24
43824,2019-06-20 21:22:53+00:00,24
43511,2019-06-08 11:13:50+00:00,31
46881,2019-10-09 08:56:49+00:00,24
46875,2019-10-09 08:08:06+00:00,11
46874,2019-10-09 08:03:33+00:00,29
46909,2019-10-09 12:30:50+00:00,29
46897,2019-10-09 10:45:21+00:00,29
46896,2019-10-09 10:31:04+00:00,24
46883,2019-10-09 09:02:51+00:00,18
46914,2019-10-09 15:31:51+00:00,31
46876,2019-10-09 08:13:14+00:00,22
47450,2019-10-25 20:28:02+00:00,16
46890,2019-10-09 09:52:13+00:00,16
46868,2019-10-09 07:33:29+00:00,32
46898,2019-10-09 10:52:53+00:00,28
46901,2019-10-09 11:15:16+00:00,19
46865,2019-10-09 07:11:18+00:00,32
46877,2019-10-09 08:29:46+00:00,32
46882,2019-10-09 09:01:23+00:00,32
46873,2019-10-09 08:01:34+00:00,29
46889,2019-10-09 09:47:33+00:00,7
46888,2019-10-09 09:25:44+00:00,24
46879,2019-10-09 08:45:24+00:00,15
46892,2019-10-09 10:17:10+00:00,24
46869,2019-10-09 07:38:35+00:00,24
46887,2019-10-09 09:25:11+00:00,16
46899,2019-10-09 11:04:10+00:00,5
46893,2019-10-09 10:22:20+00:00,22
47451,2019-10-25 20:49:05+00:00,16
46857,2019-10-08 19:18:19+00:00,15
46908,2019-10-09 12:23:54+00:00,18
46867,2019-10-09 07:25:51+00:00,13
46878,2019-10-09 08:38:43+00:00,11
46884,2019-10-09 09:05:41+00:00,16
47452,2019-10-25 20:57:44+00:00,16
46910,2019-10-09 12:38:48+00:00,24
47126,2019-10-15 21:05:46+00:00,31
26038,2018-04-03 21:25:10+00:00,31
26041,2018-04-03 21:53:02+00:00,11
26034,2018-04-03 20:57:20+00:00,7
26040,2018-04-03 21:43:10+00:00,24
26031,2018-04-03 20:26:47+00:00,7
26035,2018-04-03 21:05:46+00:00,32
26043,2018-04-03 22:10:37+00:00,24
26033,2018-04-03 20:50:16+00:00,19
26039,2018-04-03 21:37:13+00:00,25
26037,2018-04-03 21:17:35+00:00,23
26044,2018-04-03 22:26:26+00:00,13
26036,2018-04-03 21:12:22+00:00,27
26092,2018-04-05 22:42:57+00:00,24
26093,2018-04-05 22:58:36+00:00,10
26095,2018-04-06 00:56:50+00:00,11
26319,2018-04-15 11:08:22+00:00,24
26309,2018-04-15 03:35:35+00:00,7
26042,2018-04-03 21:57:13+00:00,12
63968,2021-06-17 06:15:49+00:00,11
63982,2021-06-17 11:44:12+00:00,29
63966,2021-06-17 03:44:21+00:00,29
63816,2021-06-09 06:59:09+00:00,29
63978,2021-06-17 09:59:39+00:00,29
63820,2021-06-09 07:12:57+00:00,32
63821,2021-06-09 07:25:33+00:00,30
63990,2021-06-17 15:31:41+00:00,29
63819,2021-06-09 07:10:49+00:00,29
63815,2021-06-09 06:55:32+00:00,28
63823,2021-06-09 08:42:54+00:00,29
63818,2021-06-09 07:04:21+00:00,28
63817,2021-06-09 07:02:45+00:00,28
63661,2021-06-01 06:41:53+00:00,15
63981,2021-06-17 10:51:45+00:00,11
64084,2021-06-23 08:45:21+00:00,15
63789,2021-06-07 22:36:57+00:00,11
63965,2021-06-17 03:34:11+00:00,11
63967,2021-06-17 06:04:48+00:00,11
86809,2022-12-21 21:28:17+00:00,15
86403,2022-12-16 19:01:24+00:00,24
86493,2022-12-18 04:56:00+00:00,31
86805,2022-12-21 20:34:10+00:00,18
87326,2022-12-30 19:06:06+00:00,32
87299,2022-12-30 11:58:11+00:00,13
87325,2022-12-30 18:46:34+00:00,15
85769,2022-12-07 15:44:39+00:00,25
86806,2022-12-21 20:42:47+00:00,10
87112,2022-12-27 16:14:17+00:00,19
87117,2022-12-27 17:39:19+00:00,16
87127,2022-12-27 19:58:05+00:00,4
87301,2022-12-30 12:05:08+00:00,4
87122,2022-12-27 18:40:56+00:00,21
87312,2022-12-30 15:41:58+00:00,3
86651,2022-12-20 13:15:06+00:00,32
87120,2022-12-27 18:00:45+00:00,13
87306,2022-12-30 12:59:53+00:00,4
86815,2022-12-22 00:52:29+00:00,13
86811,2022-12-21 21:47:29+00:00,10
87125,2022-12-27 19:36:30+00:00,17
85770,2022-12-07 15:48:19+00:00,24
87106,2022-12-27 15:16:21+00:00,14
87105,2022-12-27 15:11:00+00:00,14
