time_step,time_step_col,antecedent_days,a,b,c,POD,FAR,PPV,score,full_POD,full_FAR,full_PPV,id_estacao
1/6,I_15min,1,44.316735,-0.010000,51.461224,0.333333,0.000000,1.000000,0.333333,0.250000,0.010959,0.200000,4
1/6,I_15min,2,60.215510,-0.010000,50.389116,0.333333,0.000000,1.000000,0.333333,0.250000,0.011019,0.200000,4
1/6,I_15min,3,54.915918,-0.010000,52.533333,0.333333,0.005155,0.500000,0.165808,0.250000,0.013889,0.166667,4
1/6,I_15min,4,60.215510,-0.010000,50.389116,0.333333,0.005155,0.500000,0.165808,0.250000,0.013889,0.166667,4
1/6,I_15min,5,60.215510,-0.010000,51.461224,0.333333,0.005155,0.500000,0.165808,0.250000,0.013889,0.166667,4
1/6,I_15min,6,60.215510,-0.010000,52.533333,0.333333,0.005181,0.500000,0.165803,0.250000,0.014045,0.166667,4
1/6,I_15min,7,65.515102,-0.010000,52.533333,0.333333,0.005236,0.500000,0.165794,0.250000,0.014124,0.166667,4
1/6,I_15min,8,70.814694,-0.010000,51.461224,0.333333,0.005236,0.500000,0.165794,0.250000,0.014124,0.166667,4
1/6,I_15min,9,70.814694,-0.010000,51.461224,0.333333,0.005236,0.500000,0.165794,0.250000,0.014164,0.166667,4
1/6,I_15min,10,70.814694,-0.010000,51.461224,0.333333,0.005236,0.500000,0.165794,0.250000,0.014164,0.166667,4
1/2,I_30min,1,31.611429,-0.010000,43.600000,0.333333,0.000000,1.000000,0.333333,0.250000,0.010959,0.200000,4
1/2,I_30min,2,48.600816,-0.010000,42.710204,0.333333,0.000000,1.000000,0.333333,0.250000,0.008264,0.250000,4
1/2,I_30min,3,48.600816,-0.010000,43.600000,0.333333,0.004587,0.500000,0.165902,0.250000,0.011111,0.200000,4
1/2,I_30min,4,52.848163,-0.010000,41.820408,0.333333,0.004587,0.500000,0.165902,0.250000,0.011111,0.200000,4
1/2,I_30min,5,52.848163,-0.010000,41.820408,0.333333,0.004587,0.500000,0.165902,0.250000,0.011111,0.200000,4
1/2,I_30min,6,31.611429,-0.010000,43.600000,0.333333,0.009302,0.333333,0.110078,0.250000,0.014045,0.166667,4
1/2,I_30min,7,31.611429,-0.010000,43.600000,0.333333,0.009390,0.333333,0.110068,0.250000,0.014124,0.166667,4
1/2,I_30min,8,31.611429,-0.010000,43.600000,0.333333,0.009390,0.333333,0.110068,0.250000,0.014124,0.166667,4
1/2,I_30min,9,31.611429,-0.010000,43.600000,0.333333,0.009434,0.333333,0.110063,0.250000,0.014164,0.166667,4
1/2,I_30min,10,35.858776,-0.010000,40.930612,0.333333,0.009434,0.333333,0.110063,0.250000,0.014164,0.166667,4
1,I_1h,1,10.279592,-0.010000,25.273469,0.500000,0.036290,0.100000,0.048185,0.500000,0.035616,0.133333,4
1,I_1h,2,10.279592,-0.010000,25.800000,0.500000,0.036437,0.100000,0.048178,0.500000,0.033058,0.142857,4
1,I_1h,3,10.279592,-0.010000,25.800000,0.500000,0.040650,0.090909,0.043607,0.500000,0.036111,0.133333,4
1,I_1h,4,10.279592,-0.010000,25.800000,0.500000,0.044715,0.083333,0.039804,0.500000,0.038889,0.125000,4
1,I_1h,5,10.279592,-0.010000,24.746939,0.500000,0.052846,0.071429,0.033827,0.500000,0.044444,0.111111,4
1,I_1h,6,10.279592,-0.010000,24.746939,0.500000,0.053498,0.071429,0.033804,0.500000,0.044944,0.111111,4
1,I_1h,7,10.279592,-0.010000,25.273469,0.500000,0.053942,0.071429,0.033788,0.500000,0.045198,0.111111,4
1,I_1h,8,10.279592,-0.010000,25.273469,0.500000,0.058091,0.066667,0.031397,0.500000,0.048023,0.105263,4
1,I_1h,9,10.279592,-0.010000,25.800000,0.500000,0.058333,0.066667,0.031389,0.500000,0.048159,0.105263,4
1,I_1h,10,10.279592,-0.010000,25.800000,0.500000,0.058333,0.066667,0.031389,0.500000,0.048159,0.105263,4
2,I_2h,1,13.841633,-0.010000,21.028571,0.333333,0.000000,1.000000,0.333333,0.250000,0.010959,0.200000,4
2,I_2h,2,13.841633,-0.010000,21.485714,0.333333,0.000000,1.000000,0.333333,0.250000,0.008264,0.250000,4
2,I_2h,3,13.841633,-0.010000,21.485714,0.333333,0.000000,1.000000,0.333333,0.250000,0.008333,0.250000,4
2,I_2h,4,13.841633,-0.010000,21.485714,0.333333,0.000000,1.000000,0.333333,0.250000,0.008333,0.250000,4
2,I_2h,5,13.841633,-0.010000,21.485714,0.333333,0.000000,1.000000,0.333333,0.250000,0.008333,0.250000,4
2,I_2h,6,13.841633,-0.010000,21.485714,0.333333,0.000000,1.000000,0.333333,0.250000,0.008427,0.250000,4
2,I_2h,7,13.841633,-0.010000,21.485714,0.333333,0.000000,1.000000,0.333333,0.250000,0.008475,0.250000,4
2,I_2h,8,13.841633,-0.010000,21.485714,0.333333,0.000000,1.000000,0.333333,0.250000,0.008475,0.250000,4
2,I_2h,9,13.841633,-0.010000,21.485714,0.333333,0.000000,1.000000,0.333333,0.250000,0.008499,0.250000,4
2,I_2h,10,13.841633,-0.010000,21.485714,0.333333,0.000000,1.000000,0.333333,0.250000,0.008499,0.250000,4
3,I_3h,1,6.029932,-0.166316,10.193878,1.000000,0.113445,0.068966,0.061142,0.750000,0.084932,0.088235,4
3,I_3h,2,6.029932,-0.114211,9.918367,1.000000,0.118143,0.066667,0.058790,0.750000,0.085399,0.088235,4
3,I_3h,3,6.029932,-0.114211,10.193878,1.000000,0.127119,0.062500,0.054555,0.750000,0.091667,0.083333,4
3,I_3h,4,6.029932,-0.114211,10.193878,1.000000,0.139831,0.057143,0.049153,0.750000,0.100000,0.076923,4
3,I_3h,5,4.031293,-0.166316,10.193878,1.000000,0.148305,0.054054,0.046038,0.750000,0.105556,0.073171,4
3,I_3h,6,4.031293,-0.166316,10.193878,1.000000,0.153846,0.052632,0.044534,0.750000,0.109551,0.071429,4
3,I_3h,7,4.031293,-0.166316,10.193878,1.000000,0.155172,0.052632,0.044465,0.750000,0.110169,0.071429,4
3,I_3h,8,5.030612,-0.062105,9.918367,1.000000,0.155172,0.052632,0.044465,0.750000,0.110169,0.071429,4
3,I_3h,9,4.031293,-0.062105,10.193878,1.000000,0.155844,0.052632,0.044429,0.750000,0.110482,0.071429,4
3,I_3h,10,4.031293,-0.062105,10.193878,1.000000,0.155844,0.052632,0.044429,0.750000,0.110482,0.071429,4
6,I_6h,1,6.464082,-0.010000,11.244444,0.333333,0.000000,1.000000,0.333333,0.250000,0.010959,0.200000,4
6,I_6h,2,7.411429,-0.010000,10.556009,0.333333,0.000000,1.000000,0.333333,0.250000,0.011019,0.200000,4
6,I_6h,3,7.411429,-0.010000,10.556009,0.333333,0.000000,1.000000,0.333333,0.250000,0.011111,0.200000,4
6,I_6h,4,7.411429,-0.010000,10.556009,0.333333,0.000000,1.000000,0.333333,0.250000,0.011111,0.200000,4
6,I_6h,5,7.411429,-0.010000,10.556009,0.333333,0.000000,1.000000,0.333333,0.250000,0.011111,0.200000,4
6,I_6h,6,7.411429,-0.010000,10.556009,0.333333,0.000000,1.000000,0.333333,0.250000,0.011236,0.200000,4
6,I_6h,7,7.411429,-0.010000,10.785488,0.333333,0.000000,1.000000,0.333333,0.250000,0.011299,0.200000,4
6,I_6h,8,7.411429,-0.010000,10.785488,0.333333,0.000000,1.000000,0.333333,0.250000,0.011299,0.200000,4
6,I_6h,9,7.411429,-0.010000,10.785488,0.333333,0.000000,1.000000,0.333333,0.250000,0.011331,0.200000,4
6,I_6h,10,7.411429,-0.010000,10.785488,0.333333,0.000000,1.000000,0.333333,0.250000,0.011331,0.200000,4
8,I_8h,1,1.619337,-0.062105,6.160459,1.000000,0.104712,0.090909,0.081390,0.750000,0.065753,0.111111,4
8,I_8h,2,23.400000,-0.114211,6.160459,0.500000,0.021164,0.200000,0.097884,0.500000,0.022039,0.200000,4
8,I_8h,3,2.546173,-0.010000,5.108673,1.000000,0.101064,0.095238,0.085613,0.750000,0.063889,0.115385,4
8,I_8h,4,2.546173,-0.010000,5.108673,1.000000,0.101064,0.095238,0.085613,0.750000,0.063889,0.115385,4
8,I_8h,5,2.546173,-0.010000,5.108673,1.000000,0.101064,0.095238,0.085613,0.750000,0.063889,0.115385,4
8,I_8h,6,2.082755,-0.010000,5.409184,1.000000,0.107527,0.090909,0.081134,0.750000,0.067416,0.111111,4
8,I_8h,7,2.546173,-0.010000,5.108673,1.000000,0.108696,0.090909,0.081028,0.750000,0.067797,0.111111,4
8,I_8h,8,1.619337,-0.010000,5.859949,1.000000,0.114130,0.086957,0.077032,0.750000,0.070621,0.107143,4
8,I_8h,9,22.009745,-0.062105,6.160459,0.500000,0.021858,0.200000,0.097814,0.500000,0.022663,0.200000,4
8,I_8h,10,22.009745,-0.062105,6.160459,0.500000,0.027322,0.166667,0.081056,0.500000,0.025496,0.181818,4
10,I_10h,1,0.931837,-0.062105,5.324898,1.000000,0.125000,0.083333,0.072917,0.750000,0.071233,0.103448,4
10,I_10h,2,2.419184,-0.010000,3.751633,1.000000,0.109195,0.095238,0.084839,0.750000,0.063361,0.115385,4
10,I_10h,3,2.047347,-0.010000,4.114694,1.000000,0.109827,0.095238,0.084778,0.750000,0.063889,0.115385,4
10,I_10h,4,2.047347,-0.010000,4.114694,1.000000,0.115607,0.090909,0.080399,0.750000,0.066667,0.111111,4
10,I_10h,5,2.047347,-0.010000,4.114694,1.000000,0.115607,0.090909,0.080399,0.750000,0.066667,0.111111,4
10,I_10h,6,2.047347,-0.010000,4.114694,1.000000,0.116279,0.090909,0.080338,0.750000,0.067416,0.111111,4
10,I_10h,7,2.047347,-0.010000,4.114694,1.000000,0.123529,0.086957,0.076215,0.750000,0.070621,0.107143,4
10,I_10h,8,1.675510,-0.010000,4.477755,1.000000,0.123529,0.086957,0.076215,0.750000,0.070621,0.107143,4
10,I_10h,9,1.303673,-0.010000,4.840816,1.000000,0.117647,0.090909,0.080214,0.750000,0.067989,0.111111,4
10,I_10h,10,1.303673,-0.010000,4.840816,1.000000,0.123529,0.086957,0.076215,0.750000,0.070822,0.107143,4
12,I_12h,1,0.468333,-1.000000,4.646939,1.000000,0.142012,0.076923,0.065999,0.750000,0.076712,0.096774,4
12,I_12h,2,0.468333,-0.322632,4.646939,1.000000,0.131737,0.083333,0.072355,0.750000,0.071625,0.103448,4
12,I_12h,3,1.707653,-0.010000,3.434694,1.000000,0.126506,0.086957,0.075956,0.750000,0.069444,0.107143,4
12,I_12h,4,1.707653,-0.010000,3.434694,1.000000,0.126506,0.086957,0.075956,0.750000,0.069444,0.107143,4
12,I_12h,5,1.707653,-0.010000,3.434694,1.000000,0.126506,0.086957,0.075956,0.750000,0.069444,0.107143,4
12,I_12h,6,1.707653,-0.010000,3.434694,1.000000,0.127273,0.086957,0.075889,0.750000,0.070225,0.107143,4
12,I_12h,7,1.707653,-0.010000,3.434694,1.000000,0.134969,0.083333,0.072086,0.750000,0.073446,0.103448,4
12,I_12h,8,1.397823,-0.010000,3.737755,1.000000,0.141104,0.080000,0.068712,0.750000,0.076271,0.100000,4
12,I_12h,9,1.087993,-0.010000,4.040816,1.000000,0.141104,0.080000,0.068712,0.750000,0.076487,0.100000,4
12,I_12h,10,0.468333,-0.114211,4.646939,1.000000,0.147239,0.076923,0.065597,0.750000,0.079320,0.096774,4
24,I_24h,1,0.277500,-0.010000,2.471769,1.000000,0.164384,0.076923,0.064278,0.750000,0.082111,0.096774,4
24,I_24h,2,0.277500,-0.010000,2.356803,1.000000,0.165517,0.076923,0.064191,0.750000,0.082353,0.096774,4
24,I_24h,3,0.277500,-0.010000,2.414286,1.000000,0.166667,0.076923,0.064103,0.750000,0.083086,0.096774,4
24,I_24h,4,0.277500,-0.010000,2.414286,1.000000,0.166667,0.076923,0.064103,0.750000,0.083086,0.096774,4
24,I_24h,5,0.277500,-0.010000,2.414286,1.000000,0.166667,0.076923,0.064103,0.750000,0.083086,0.096774,4
24,I_24h,6,0.277500,-0.010000,2.414286,1.000000,0.169014,0.076923,0.063922,0.750000,0.084084,0.096774,4
24,I_24h,7,0.277500,-0.010000,2.414286,1.000000,0.170213,0.076923,0.063830,0.750000,0.084337,0.096774,4
24,I_24h,8,0.277500,-0.010000,2.414286,1.000000,0.170213,0.076923,0.063830,0.750000,0.084337,0.096774,4
24,I_24h,9,5.526939,-0.062105,2.644218,0.500000,0.042553,0.142857,0.068389,0.500000,0.030120,0.166667,4
24,I_24h,10,0.277500,-0.010000,2.414286,1.000000,0.170213,0.076923,0.063830,0.750000,0.084337,0.096774,4
1/6,I_15min,1,56.463673,-1.000000,8.620408,1.000000,0.490798,0.024390,0.012420,1.000000,0.241379,0.023256,5
1/6,I_15min,2,56.463673,-1.000000,8.620408,1.000000,0.592593,0.020408,0.008314,1.000000,0.288184,0.019608,5
1/6,I_15min,3,56.463673,-1.000000,8.620408,1.000000,0.652174,0.018692,0.006501,1.000000,0.315942,0.018018,5
1/6,I_15min,4,57.600000,-0.218421,7.053061,1.000000,0.583851,0.020833,0.008670,1.000000,0.284058,0.020000,5
1/6,I_15min,5,57.600000,-0.114211,11.363265,1.000000,0.534161,0.022727,0.010587,1.000000,0.260870,0.021739,5
1/6,I_15min,6,55.327347,-0.114211,12.146939,1.000000,0.584906,0.021053,0.008739,1.000000,0.284457,0.020202,5
1/6,I_15min,7,50.782041,-0.114211,12.930612,1.000000,0.594937,0.020833,0.008439,1.000000,0.289086,0.020000,5
1/6,I_15min,8,51.918367,-0.114211,12.930612,1.000000,0.626582,0.019802,0.007394,1.000000,0.303835,0.019048,5
1/6,I_15min,9,51.918367,-0.114211,12.930612,1.000000,0.651899,0.019048,0.006631,1.000000,0.316568,0.018349,5
1/6,I_15min,10,53.054694,-0.114211,12.930612,1.000000,0.664557,0.018692,0.006270,1.000000,0.322485,0.018018,5
1/6,I_15min,1,130.533878,-0.218421,34.612245,0.428571,0.089655,0.187500,0.073153,0.375000,0.054839,0.150000,7
1/6,I_15min,2,144.806531,-0.218421,33.746939,0.428571,0.125000,0.142857,0.053571,0.375000,0.071429,0.120000,7
1/6,I_15min,3,201.897143,-0.166316,4.326531,0.714286,0.340278,0.092593,0.043632,0.625000,0.173203,0.086207,7
1/6,I_15min,4,30.625306,-0.166316,34.612245,0.571429,0.298611,0.085106,0.034110,0.500000,0.153595,0.078431,7
1/6,I_15min,5,73.443265,-0.062105,32.016327,0.428571,0.159722,0.115385,0.041552,0.375000,0.088235,0.100000,7
1/6,I_15min,6,73.443265,-0.062105,32.016327,0.428571,0.176056,0.107143,0.037834,0.375000,0.096026,0.093750,7
1/6,I_15min,7,192.382041,-0.114211,35.477551,0.428571,0.156028,0.120000,0.043404,0.375000,0.086667,0.103448,7
1/6,I_15min,8,225.684898,-0.114211,35.477551,0.428571,0.184397,0.103448,0.036160,0.375000,0.100000,0.090909,7
1/6,I_15min,9,216.169796,-0.114211,35.477551,0.428571,0.198582,0.096774,0.033239,0.375000,0.107023,0.085714,7
1/6,I_15min,10,182.866939,-0.062105,29.420408,0.428571,0.170213,0.111111,0.039514,0.375000,0.093645,0.096774,7
1/2,I_30min,1,72.393469,-0.166316,30.026822,0.428571,0.051948,0.272727,0.110811,0.375000,0.038710,0.200000,7
1/2,I_30min,2,51.642449,-0.166316,29.294461,0.428571,0.091503,0.176471,0.068710,0.375000,0.058442,0.142857,7
1/2,I_30min,3,138.796735,-0.218421,30.759184,0.428571,0.111842,0.150000,0.057096,0.375000,0.068627,0.125000,7
1/2,I_30min,4,18.440816,-0.062105,28.562099,0.571429,0.210526,0.111111,0.050125,0.500000,0.117647,0.100000,7
1/2,I_30min,5,64.093061,-0.062105,27.829738,0.428571,0.118421,0.142857,0.053974,0.375000,0.071895,0.120000,7
1/2,I_30min,6,113.895510,-0.062105,10.253061,0.571429,0.200000,0.117647,0.053782,0.500000,0.112583,0.105263,7
1/2,I_30min,7,109.745306,-0.062105,13.182507,0.571429,0.174497,0.133333,0.062895,0.500000,0.100000,0.117647,7
1/2,I_30min,8,142.946939,-0.062105,12.450146,0.571429,0.194631,0.121212,0.055783,0.500000,0.110000,0.108108,7
1/2,I_30min,9,188.599184,-0.062105,0.732362,0.714286,0.275168,0.108696,0.056276,0.625000,0.150502,0.100000,7
1/2,I_30min,10,188.599184,-0.062105,0.732362,0.714286,0.275168,0.108696,0.056276,0.625000,0.150502,0.100000,7
1,I_1h,1,61.811429,-0.166316,15.559184,0.571429,0.087248,0.235294,0.122723,0.500000,0.054839,0.190476,7
1,I_1h,2,38.843265,-0.166316,16.114869,0.571429,0.128378,0.173913,0.086621,0.500000,0.074675,0.148148,7
1,I_1h,3,61.811429,-0.114211,13.892128,0.571429,0.149660,0.153846,0.074755,0.500000,0.084967,0.133333,7
1,I_1h,4,64.682449,-0.114211,13.892128,0.571429,0.163265,0.142857,0.068305,0.500000,0.091503,0.125000,7
1,I_1h,5,7.262041,-0.010000,17.781924,0.714286,0.238095,0.125000,0.068027,0.625000,0.127451,0.113636,7
1,I_1h,6,99.134694,-0.114211,12.780758,0.714286,0.200000,0.147059,0.084034,0.625000,0.109272,0.131579,7
1,I_1h,7,136.457959,-0.114211,12.225073,0.714286,0.194444,0.151515,0.087181,0.625000,0.106667,0.135135,7
1,I_1h,8,127.844898,-0.062105,17.781924,0.428571,0.083333,0.200000,0.078571,0.375000,0.053333,0.157895,7
1,I_1h,9,24.488163,-0.010000,0.000000,1.000000,0.368056,0.116667,0.073727,0.875000,0.190635,0.109375,7
1,I_1h,10,24.488163,-0.010000,0.000000,1.000000,0.368056,0.116667,0.073727,0.875000,0.190635,0.109375,7
2,I_2h,1,35.809796,-0.114211,9.485423,0.571429,0.069364,0.250000,0.132948,0.500000,0.051613,0.200000,7
2,I_2h,2,20.109388,-0.062105,12.295918,0.428571,0.058480,0.230769,0.093117,0.375000,0.045455,0.176471,7
2,I_2h,3,49.765714,-0.166316,11.241983,0.571429,0.111765,0.173913,0.088272,0.500000,0.075163,0.148148,7
2,I_2h,4,28.831837,-0.114211,10.539359,0.571429,0.123529,0.160000,0.080134,0.500000,0.081699,0.137931,7
2,I_2h,5,6.153469,-0.062105,10.188047,0.857143,0.252941,0.122449,0.078409,0.750000,0.153595,0.113208,7
2,I_2h,6,70.699592,-0.114211,8.431487,0.714286,0.173653,0.147059,0.086801,0.625000,0.109272,0.131579,7
2,I_2h,7,70.699592,-0.114211,8.782799,0.714286,0.169697,0.151515,0.089860,0.625000,0.106667,0.135135,7
2,I_2h,8,65.466122,-0.062105,11.593294,0.428571,0.066667,0.214286,0.085714,0.375000,0.050000,0.166667,7
2,I_2h,9,49.765714,-0.062105,7.026239,0.714286,0.187879,0.138889,0.080568,0.625000,0.117057,0.125000,7
2,I_2h,10,49.765714,-0.062105,7.026239,0.714286,0.187879,0.138889,0.080568,0.625000,0.117057,0.125000,7
3,I_3h,1,25.324082,-0.166316,9.643732,0.571429,0.057143,0.285714,0.153936,0.500000,0.045161,0.222222,7
3,I_3h,2,13.022041,-0.166316,9.904373,0.571429,0.080925,0.222222,0.116708,0.500000,0.058442,0.181818,7
3,I_3h,3,5.640816,-0.062105,9.122449,0.714286,0.145349,0.166667,0.101744,0.625000,0.094771,0.147059,7
3,I_3h,4,5.640816,-0.062105,9.122449,0.714286,0.151163,0.161290,0.097792,0.625000,0.098039,0.142857,7
3,I_3h,5,1.950204,-0.114211,9.904373,0.857143,0.215116,0.139535,0.093873,0.750000,0.133987,0.127660,7
3,I_3h,6,1.950204,-0.114211,9.904373,0.857143,0.218935,0.139535,0.093416,0.750000,0.135762,0.127660,7
3,I_3h,7,30.244898,-0.062105,5.473469,0.714286,0.155689,0.161290,0.097271,0.625000,0.100000,0.142857,7
3,I_3h,8,11.791837,-0.010000,0.000000,1.000000,0.281437,0.129630,0.093147,0.875000,0.170000,0.120690,7
3,I_3h,9,56.079184,-0.062105,4.691545,0.714286,0.155689,0.161290,0.097271,0.625000,0.100334,0.142857,7
3,I_3h,10,40.086531,-0.062105,11.468222,0.285714,0.023952,0.333333,0.092957,0.250000,0.026756,0.200000,7
6,I_6h,1,4.713333,-0.114211,6.705539,0.714286,0.057325,0.357143,0.240478,0.625000,0.041935,0.277778,7
6,I_6h,2,4.713333,-0.114211,6.705539,0.714286,0.064516,0.333333,0.222734,0.625000,0.045455,0.263158,7
6,I_6h,3,4.006667,-0.062105,6.537901,0.714286,0.077922,0.294118,0.193714,0.625000,0.052288,0.238095,7
6,I_6h,4,4.006667,-0.062105,6.537901,0.714286,0.077922,0.294118,0.193714,0.625000,0.052288,0.238095,7
6,I_6h,5,4.006667,-0.062105,6.537901,0.714286,0.084416,0.277778,0.181664,0.625000,0.055556,0.227273,7
6,I_6h,6,4.006667,-0.062105,6.537901,0.714286,0.099338,0.250000,0.160833,0.625000,0.062914,0.208333,7
6,I_6h,7,3.300000,-0.062105,6.705539,0.714286,0.107383,0.238095,0.151806,0.625000,0.066667,0.200000,7
6,I_6h,8,4.006667,-0.062105,6.705539,0.714286,0.107383,0.238095,0.151806,0.625000,0.066667,0.200000,7
6,I_6h,9,4.006667,-0.062105,6.705539,0.714286,0.107383,0.238095,0.151806,0.625000,0.066890,0.200000,7
6,I_6h,10,5.420000,-0.010000,5.867347,0.428571,0.033557,0.375000,0.155321,0.375000,0.030100,0.250000,7
8,I_8h,1,3.762704,-0.583158,5.278644,0.857143,0.087591,0.333333,0.260688,0.750000,0.051613,0.272727,7
8,I_8h,2,3.762704,-0.583158,5.278644,0.857143,0.088889,0.333333,0.260317,0.750000,0.051948,0.272727,7
8,I_8h,3,3.762704,-0.062105,5.143294,0.714286,0.074627,0.333333,0.220327,0.625000,0.045752,0.263158,7
8,I_8h,4,3.762704,-0.062105,5.143294,0.714286,0.074627,0.333333,0.220327,0.625000,0.045752,0.263158,7
8,I_8h,5,3.762704,-0.062105,5.143294,0.714286,0.082090,0.312500,0.204891,0.625000,0.049020,0.250000,7
8,I_8h,6,3.762704,-0.062105,5.143294,0.857143,0.098485,0.315789,0.244019,0.750000,0.056291,0.260870,7
8,I_8h,7,3.762704,-0.062105,5.278644,0.857143,0.092308,0.333333,0.259341,0.750000,0.053333,0.272727,7
8,I_8h,8,7.067908,-0.062105,5.143294,0.714286,0.069231,0.357143,0.237441,0.625000,0.043333,0.277778,7
8,I_8h,9,11.474847,-0.062105,5.007945,0.714286,0.061538,0.384615,0.257819,0.625000,0.040134,0.294118,7
8,I_8h,10,12.576582,-0.062105,4.872595,0.714286,0.061538,0.384615,0.257819,0.625000,0.040134,0.294118,7
10,I_10h,1,3.039551,-0.062105,4.103440,0.714286,0.056338,0.384615,0.259248,0.625000,0.038710,0.294118,7
10,I_10h,2,2.593959,-0.374737,4.325248,0.857143,0.092857,0.315789,0.245542,0.750000,0.055195,0.260870,7
10,I_10h,3,3.039551,-0.062105,4.103440,0.714286,0.071942,0.333333,0.220966,0.625000,0.045752,0.263158,7
10,I_10h,4,3.039551,-0.062105,4.103440,0.714286,0.071942,0.333333,0.220966,0.625000,0.045752,0.263158,7
10,I_10h,5,3.039551,-0.062105,4.103440,0.714286,0.079137,0.312500,0.205550,0.625000,0.049020,0.250000,7
10,I_10h,6,3.039551,-0.062105,4.214344,0.857143,0.087591,0.333333,0.260688,0.750000,0.052980,0.272727,7
10,I_10h,7,3.039551,-0.062105,4.214344,0.857143,0.088889,0.333333,0.260317,0.750000,0.053333,0.272727,7
10,I_10h,8,9.277837,-0.062105,3.992536,0.714286,0.059259,0.384615,0.258445,0.625000,0.040000,0.294118,7
10,I_10h,9,9.277837,-0.062105,3.992536,0.714286,0.059259,0.384615,0.258445,0.625000,0.040134,0.294118,7
10,I_10h,10,5.713102,-0.010000,1.109038,0.857143,0.088889,0.333333,0.260317,0.750000,0.053512,0.272727,7
12,I_12h,1,2.532959,-0.687368,3.627114,0.857143,0.104167,0.285714,0.219388,0.750000,0.061290,0.240000,7
12,I_12h,2,2.532959,-0.687368,3.627114,0.857143,0.105634,0.285714,0.219028,0.750000,0.061688,0.240000,7
12,I_12h,3,2.532959,-0.687368,3.627114,0.857143,0.127660,0.250000,0.186930,0.750000,0.071895,0.214286,7
12,I_12h,4,4.389592,-0.010000,1.023032,0.714286,0.078014,0.312500,0.205800,0.625000,0.049020,0.250000,7
12,I_12h,5,5.503571,-0.010000,0.372012,0.714286,0.078014,0.312500,0.205800,0.625000,0.049020,0.250000,7
12,I_12h,6,4.389592,-0.010000,1.023032,0.857143,0.093525,0.315789,0.245362,0.750000,0.056291,0.260870,7
12,I_12h,7,7.731531,-0.062105,3.348105,0.714286,0.051095,0.416667,0.282412,0.625000,0.036667,0.312500,7
12,I_12h,8,7.731531,-0.062105,3.348105,0.714286,0.058394,0.384615,0.258683,0.625000,0.040000,0.294118,7
12,I_12h,9,7.731531,-0.062105,3.348105,0.714286,0.058394,0.384615,0.258683,0.625000,0.040134,0.294118,7
12,I_12h,10,8.102857,-0.062105,3.348105,0.714286,0.058394,0.384615,0.258683,0.625000,0.040134,0.294118,7
24,I_24h,1,0.895153,-0.531053,1.955296,0.857143,0.115942,0.272727,0.206663,0.750000,0.063973,0.240000,7
24,I_24h,2,1.080816,-0.739474,1.955296,0.857143,0.117647,0.272727,0.206264,0.750000,0.064407,0.240000,7
24,I_24h,3,1.080816,-0.062105,1.955296,0.714286,0.096296,0.277778,0.179306,0.625000,0.054608,0.238095,7
24,I_24h,4,0.895153,-0.791579,2.004179,0.857143,0.140741,0.240000,0.176762,0.750000,0.075085,0.214286,7
24,I_24h,5,0.895153,-0.635263,2.004179,0.857143,0.148148,0.230769,0.168498,0.750000,0.078498,0.206897,7
24,I_24h,6,0.895153,-0.062105,1.955296,0.857143,0.134328,0.250000,0.185501,0.750000,0.072414,0.222222,7
24,I_24h,7,7.950357,-0.114211,1.955296,0.714286,0.068182,0.357143,0.237709,0.625000,0.041667,0.294118,7
24,I_24h,8,4.237092,-0.062105,1.808649,0.714286,0.075758,0.333333,0.220058,0.625000,0.045139,0.277778,7
24,I_24h,9,7.950357,-0.114211,1.955296,0.714286,0.083333,0.312500,0.204613,0.625000,0.048611,0.263158,7
24,I_24h,10,8.693010,-0.114211,1.955296,0.714286,0.083333,0.312500,0.204613,0.625000,0.048611,0.263158,7
1/6,I_15min,1,142.089796,-0.166316,37.355102,0.333333,0.006993,0.500000,0.165501,0.250000,0.015504,0.200000,9
1/6,I_15min,2,145.126531,-0.114211,22.568707,0.666667,0.070423,0.166667,0.103286,0.500000,0.050781,0.133333,9
1/6,I_15min,3,81.355102,-0.062105,21.012245,0.666667,0.099291,0.125000,0.075059,0.500000,0.066929,0.105263,9
1/6,I_15min,4,78.318367,-0.062105,21.790476,0.666667,0.142857,0.090909,0.051948,0.500000,0.090909,0.080000,9
1/6,I_15min,5,84.391837,-0.062105,21.012245,0.666667,0.157143,0.083333,0.046825,0.500000,0.098814,0.074074,9
1/6,I_15min,6,102.612245,-0.062105,21.012245,0.666667,0.144928,0.090909,0.051823,0.500000,0.092369,0.080000,9
1/6,I_15min,7,102.612245,-0.062105,21.012245,0.666667,0.138686,0.095238,0.054687,0.500000,0.089069,0.083333,9
1/6,I_15min,8,96.538776,-0.062105,21.012245,0.666667,0.155556,0.086957,0.048953,0.500000,0.097959,0.076923,9
1/6,I_15min,9,142.089796,-0.062105,20.234014,0.666667,0.134328,0.100000,0.057711,0.500000,0.086066,0.086957,9
1/6,I_15min,10,126.906122,-0.062105,20.234014,0.666667,0.156716,0.086957,0.048886,0.500000,0.098361,0.076923,9
1/2,I_30min,1,86.561633,-0.114211,18.459864,0.666667,0.045113,0.250000,0.159148,0.500000,0.034884,0.181818,9
1/2,I_30min,2,111.713469,-0.114211,18.459864,0.666667,0.083333,0.153846,0.094017,0.500000,0.054688,0.125000,9
1/2,I_30min,3,102.567347,-0.114211,19.036735,0.666667,0.106061,0.125000,0.074495,0.500000,0.066929,0.105263,9
1/2,I_30min,4,102.567347,-0.114211,19.036735,0.666667,0.152672,0.090909,0.051353,0.500000,0.090909,0.080000,9
1/2,I_30min,5,61.409796,-0.062105,17.882993,0.666667,0.167939,0.083333,0.046226,0.500000,0.098814,0.074074,9
1/2,I_30min,6,61.409796,-0.062105,17.882993,0.666667,0.171875,0.083333,0.046007,0.500000,0.100402,0.074074,9
1/2,I_30min,7,63.696327,-0.062105,17.882993,0.666667,0.165354,0.086957,0.048385,0.500000,0.097166,0.076923,9
1/2,I_30min,8,72.842449,-0.062105,17.306122,0.666667,0.168000,0.086957,0.048232,0.500000,0.097959,0.076923,9
1/2,I_30min,9,107.140408,-0.062105,15.575510,0.666667,0.153226,0.095238,0.053763,0.500000,0.090164,0.083333,9
1/2,I_30min,10,107.140408,-0.062105,15.575510,0.666667,0.161290,0.090909,0.050831,0.500000,0.094262,0.080000,9
1,I_1h,1,86.057143,-0.114211,11.167347,0.666667,0.054054,0.250000,0.157658,0.500000,0.034884,0.181818,9
1,I_1h,2,57.771429,-0.062105,7.444898,0.666667,0.109091,0.142857,0.084848,0.500000,0.058594,0.117647,9
1,I_1h,3,59.657143,-0.062105,9.926531,0.666667,0.119266,0.133333,0.078287,0.500000,0.062992,0.111111,9
1,I_1h,4,59.657143,-0.062105,9.926531,0.666667,0.155963,0.105263,0.059231,0.500000,0.079051,0.090909,9
1,I_1h,5,61.542857,-0.062105,9.926531,0.666667,0.155963,0.105263,0.059231,0.500000,0.079051,0.090909,9
1,I_1h,6,70.971429,-0.062105,9.926531,0.666667,0.160377,0.105263,0.058921,0.500000,0.080321,0.090909,9
1,I_1h,7,74.742857,-0.062105,9.926531,0.666667,0.152381,0.111111,0.062787,0.500000,0.076923,0.095238,9
1,I_1h,8,74.742857,-0.062105,9.926531,0.666667,0.174757,0.100000,0.055016,0.500000,0.085714,0.086957,9
1,I_1h,9,93.600000,-0.062105,9.512925,0.666667,0.147059,0.117647,0.066897,0.500000,0.073770,0.100000,9
1,I_1h,10,93.600000,-0.062105,9.512925,0.666667,0.147059,0.117647,0.066897,0.500000,0.073770,0.100000,9
2,I_2h,1,17.770204,-0.062105,11.357143,0.333333,0.008929,0.500000,0.165179,0.250000,0.015504,0.200000,9
2,I_2h,2,16.642857,-0.062105,12.114286,0.333333,0.027027,0.250000,0.081081,0.250000,0.023438,0.142857,9
2,I_2h,3,43.699184,-0.114211,12.114286,0.333333,0.054545,0.142857,0.045022,0.250000,0.035433,0.100000,9
2,I_2h,4,18.897551,-0.062105,12.366667,0.333333,0.072727,0.111111,0.034343,0.250000,0.043478,0.083333,9
2,I_2h,5,25.661633,-0.062105,10.600000,0.333333,0.072727,0.111111,0.034343,0.250000,0.043478,0.083333,9
2,I_2h,6,49.335918,-0.114211,12.366667,0.333333,0.074766,0.111111,0.034268,0.250000,0.044177,0.083333,9
2,I_2h,7,49.335918,-0.114211,12.366667,0.333333,0.084906,0.100000,0.030503,0.250000,0.048583,0.076923,9
2,I_2h,8,7.624082,-0.010000,12.366667,0.333333,0.104762,0.083333,0.024868,0.250000,0.057143,0.066667,9
2,I_2h,9,23.406939,-0.010000,0.504762,0.333333,0.076923,0.111111,0.034188,0.250000,0.045082,0.083333,9
2,I_2h,10,8.751429,-0.010000,11.861905,0.333333,0.086538,0.100000,0.030449,0.250000,0.049180,0.076923,9
3,I_3h,1,16.942313,-0.062105,6.546939,0.333333,0.017094,0.333333,0.109212,0.250000,0.019380,0.166667,9
3,I_3h,2,16.126531,-0.062105,7.092517,0.333333,0.034483,0.200000,0.064368,0.250000,0.027344,0.125000,9
3,I_3h,3,13.679184,-0.062105,8.729252,0.333333,0.052174,0.142857,0.045135,0.250000,0.035433,0.100000,9
3,I_3h,4,9.600272,-0.010000,5.455782,0.333333,0.069565,0.111111,0.034461,0.250000,0.043478,0.083333,9
3,I_3h,5,5.521361,-0.010000,8.911111,0.333333,0.078261,0.100000,0.030725,0.250000,0.047431,0.076923,9
3,I_3h,6,5.521361,-0.010000,8.911111,0.333333,0.071429,0.111111,0.034392,0.250000,0.044177,0.083333,9
3,I_3h,7,5.521361,-0.010000,8.911111,0.333333,0.072072,0.111111,0.034368,0.250000,0.044534,0.083333,9
3,I_3h,8,8.784490,-0.010000,6.365079,0.333333,0.063636,0.125000,0.039015,0.250000,0.040816,0.090909,9
3,I_3h,9,7.968707,-0.010000,7.274376,0.333333,0.064220,0.125000,0.038991,0.250000,0.040984,0.090909,9
3,I_3h,10,7.968707,-0.010000,7.274376,0.333333,0.073394,0.111111,0.034319,0.250000,0.045082,0.083333,9
6,I_6h,1,10.160204,-0.114211,5.077778,0.333333,0.020270,0.250000,0.081644,0.250000,0.023256,0.142857,9
6,I_6h,2,6.146939,-0.062105,4.974150,0.333333,0.040816,0.142857,0.045675,0.250000,0.035156,0.100000,9
6,I_6h,3,6.592857,-0.062105,5.077778,0.333333,0.041096,0.142857,0.045662,0.250000,0.035433,0.100000,9
6,I_6h,4,6.592857,-0.062105,5.077778,0.333333,0.061644,0.100000,0.031279,0.250000,0.047431,0.076923,9
6,I_6h,5,7.038776,-0.062105,5.077778,0.333333,0.061644,0.100000,0.031279,0.250000,0.047431,0.076923,9
6,I_6h,6,8.376531,-0.062105,4.974150,0.333333,0.048951,0.125000,0.039627,0.250000,0.040161,0.090909,9
6,I_6h,7,8.376531,-0.062105,4.974150,0.333333,0.056738,0.111111,0.034936,0.250000,0.044534,0.083333,9
6,I_6h,8,7.484694,-0.062105,5.077778,0.333333,0.071429,0.090909,0.028139,0.250000,0.053061,0.071429,9
6,I_6h,9,11.052041,-0.062105,5.077778,0.333333,0.050360,0.125000,0.039568,0.250000,0.040984,0.090909,9
6,I_6h,10,11.052041,-0.062105,5.077778,0.333333,0.057554,0.111111,0.034905,0.250000,0.045082,0.083333,9
8,I_8h,1,8.929592,-0.114211,3.804082,0.333333,0.025806,0.200000,0.064946,0.250000,0.027132,0.125000,9
8,I_8h,2,4.769388,-0.062105,3.883333,0.333333,0.045455,0.125000,0.039773,0.250000,0.039062,0.090909,9
8,I_8h,3,12.743112,-0.114211,3.883333,0.333333,0.045752,0.125000,0.039760,0.250000,0.039370,0.090909,9
8,I_8h,4,3.729337,-0.010000,2.615306,0.333333,0.065359,0.090909,0.028322,0.250000,0.051383,0.071429,9
8,I_8h,5,6.156122,-0.062105,3.804082,0.333333,0.065359,0.090909,0.028322,0.250000,0.051383,0.071429,9
8,I_8h,6,6.502806,-0.062105,3.883333,0.333333,0.053333,0.111111,0.035062,0.250000,0.044177,0.083333,9
8,I_8h,7,6.502806,-0.062105,3.883333,0.333333,0.054054,0.111111,0.035035,0.250000,0.044534,0.083333,9
8,I_8h,8,6.502806,-0.062105,3.883333,0.333333,0.061224,0.100000,0.031293,0.250000,0.048980,0.076923,9
8,I_8h,9,7.196173,-0.062105,3.883333,0.333333,0.061644,0.100000,0.031279,0.250000,0.049180,0.076923,9
8,I_8h,10,2.342602,-0.010000,3.883333,0.333333,0.068493,0.090909,0.028227,0.250000,0.053279,0.071429,9
10,I_10h,1,7.266122,-0.114211,3.069388,0.333333,0.031646,0.166667,0.053797,0.250000,0.031008,0.111111,9
10,I_10h,2,3.879184,-0.062105,3.133333,0.333333,0.044586,0.125000,0.039809,0.250000,0.039062,0.090909,9
10,I_10h,3,10.088571,-0.114211,3.133333,0.333333,0.044872,0.125000,0.039797,0.250000,0.039370,0.090909,9
10,I_10h,4,5.008163,-0.062105,3.005442,0.333333,0.057692,0.100000,0.031410,0.250000,0.047431,0.076923,9
10,I_10h,5,5.008163,-0.062105,3.005442,0.333333,0.064103,0.090909,0.028361,0.250000,0.051383,0.071429,9
10,I_10h,6,5.854898,-0.062105,3.005442,0.333333,0.052288,0.111111,0.035100,0.250000,0.044177,0.083333,9
10,I_10h,7,5.854898,-0.062105,3.005442,0.333333,0.052980,0.111111,0.035075,0.250000,0.044534,0.083333,9
10,I_10h,8,5.854898,-0.062105,3.005442,0.333333,0.060000,0.100000,0.031333,0.250000,0.048980,0.076923,9
10,I_10h,9,9.524082,-0.062105,2.685714,0.333333,0.053691,0.111111,0.035048,0.250000,0.045082,0.083333,9
10,I_10h,10,5.854898,-0.062105,3.005442,0.333333,0.067114,0.090909,0.028269,0.250000,0.053279,0.071429,9
12,I_12h,1,6.080612,-0.114211,2.563265,0.333333,0.030864,0.166667,0.053841,0.250000,0.031008,0.111111,9
12,I_12h,2,3.245918,-0.062105,2.616667,0.333333,0.043478,0.125000,0.039855,0.250000,0.039062,0.090909,9
12,I_12h,3,8.915306,-0.114211,2.616667,0.333333,0.050000,0.111111,0.035185,0.250000,0.043307,0.083333,9
12,I_12h,4,4.190816,-0.062105,2.509864,0.333333,0.068750,0.083333,0.025868,0.250000,0.055336,0.066667,9
12,I_12h,5,10.805102,-0.114211,2.616667,0.333333,0.068750,0.083333,0.025868,0.250000,0.055336,0.066667,9
12,I_12h,6,4.427041,-0.062105,2.563265,0.333333,0.063694,0.090909,0.028373,0.250000,0.052209,0.071429,9
12,I_12h,7,4.427041,-0.062105,2.563265,0.333333,0.064516,0.090909,0.028348,0.250000,0.052632,0.071429,9
12,I_12h,8,4.427041,-0.062105,2.563265,0.333333,0.071429,0.083333,0.025794,0.250000,0.057143,0.066667,9
12,I_12h,9,7.970408,-0.062105,2.242857,0.333333,0.052288,0.111111,0.035100,0.250000,0.045082,0.083333,9
12,I_12h,10,4.899490,-0.062105,2.616667,0.333333,0.065359,0.090909,0.028322,0.250000,0.053279,0.071429,9
24,I_24h,1,3.722959,-0.114211,1.397222,0.333333,0.023392,0.200000,0.065107,0.250000,0.028926,0.125000,9
24,I_24h,2,2.112755,-0.062105,1.397222,0.333333,0.041176,0.125000,0.039951,0.250000,0.041494,0.090909,9
24,I_24h,3,2.246939,-0.062105,1.368707,0.333333,0.053254,0.100000,0.031558,0.250000,0.050209,0.076923,9
24,I_24h,4,1.039286,-0.010000,1.311678,0.333333,0.065089,0.083333,0.025970,0.250000,0.058577,0.066667,9
24,I_24h,5,1.978571,-0.010000,0.570295,0.333333,0.059172,0.090909,0.028510,0.250000,0.054393,0.071429,9
24,I_24h,6,2.381122,-0.010000,0.256633,0.333333,0.047904,0.111111,0.035263,0.250000,0.046610,0.083333,9
24,I_24h,7,2.917857,-0.062105,1.397222,0.333333,0.054545,0.100000,0.031515,0.250000,0.051282,0.076923,9
24,I_24h,8,1.844388,-0.010000,0.712868,0.333333,0.060976,0.090909,0.028455,0.250000,0.056034,0.071429,9
24,I_24h,9,3.722959,-0.062105,1.397222,0.333333,0.049080,0.111111,0.035219,0.250000,0.047619,0.083333,9
24,I_24h,10,3.722959,-0.062105,1.397222,0.333333,0.049080,0.111111,0.035219,0.250000,0.047619,0.083333,9
1/6,I_15min,1,103.861224,-0.583158,11.265306,0.500000,0.277778,0.090909,0.032828,0.461538,0.226619,0.086957,11
1/6,I_15min,2,81.404082,-0.426842,11.755102,0.583333,0.381395,0.078652,0.028382,0.538462,0.307971,0.076087,11
1/6,I_15min,3,71.779592,-0.374737,11.755102,0.583333,0.460094,0.066667,0.020996,0.538462,0.368613,0.064815,11
1/6,I_15min,4,155.191837,-0.322632,11.265306,0.500000,0.424528,0.062500,0.017983,0.461538,0.340659,0.060606,11
1/6,I_15min,5,100.653061,-0.531053,11.265306,0.750000,0.556604,0.070866,0.023566,0.692308,0.443223,0.069231,11
1/6,I_15min,6,126.318367,-0.322632,11.265306,0.666667,0.492823,0.072072,0.024369,0.615385,0.394052,0.070175,11
1/6,I_15min,7,142.359184,-0.478947,23.510204,0.416667,0.307692,0.072464,0.020903,0.384615,0.250936,0.069444,11
1/6,I_15min,8,113.485714,-0.062105,0.000000,0.416667,0.302885,0.073529,0.021358,0.384615,0.247191,0.070423,11
1/6,I_15min,9,116.693878,-0.062105,0.000000,0.416667,0.310680,0.072464,0.020813,0.384615,0.252830,0.069444,11
1/6,I_15min,10,142.359184,-0.114211,19.591837,0.333333,0.218447,0.081633,0.021267,0.307692,0.181132,0.076923,11
1/2,I_30min,1,78.984490,-0.531053,9.591156,0.500000,0.265403,0.096774,0.035545,0.461538,0.212230,0.092308,11
1/2,I_30min,2,71.182041,-0.426842,9.591156,0.583333,0.357143,0.085366,0.032012,0.538462,0.282609,0.082353,11
1/2,I_30min,3,52.976327,-0.322632,9.591156,0.583333,0.437500,0.071429,0.023438,0.538462,0.343066,0.069307,11
1/2,I_30min,4,21.766531,-0.062105,7.089116,0.583333,0.478261,0.066038,0.020098,0.538462,0.373626,0.064220,11
1/2,I_30min,5,78.984490,-0.687368,20.016327,0.416667,0.260870,0.084746,0.026099,0.384615,0.208791,0.080645,11
1/2,I_30min,6,65.980408,-0.374737,20.016327,0.416667,0.230392,0.096154,0.030834,0.384615,0.185874,0.090909,11
1/2,I_30min,7,84.186122,-0.426842,20.433333,0.416667,0.264706,0.084746,0.025964,0.384615,0.209738,0.081967,11
1/2,I_30min,8,89.387755,-0.166316,20.016327,0.333333,0.186275,0.095238,0.025833,0.307692,0.149813,0.090909,11
1/2,I_30min,9,107.593469,-0.166316,20.433333,0.333333,0.183168,0.097561,0.026564,0.307692,0.147170,0.093023,11
1/2,I_30min,10,73.782857,-0.114211,18.765306,0.333333,0.183168,0.097561,0.026564,0.307692,0.147170,0.093023,11
1,I_1h,1,39.546122,-0.270526,8.409524,0.500000,0.230769,0.117647,0.045249,0.461538,0.172662,0.111111,11
1,I_1h,2,36.031020,-0.218421,8.709864,0.583333,0.237113,0.132075,0.058776,0.538462,0.177536,0.125000,11
1,I_1h,3,36.031020,-0.218421,8.709864,0.583333,0.307292,0.106061,0.042857,0.538462,0.226277,0.101449,11
1,I_1h,4,36.031020,-0.218421,8.709864,0.583333,0.350785,0.094595,0.035824,0.538462,0.256410,0.090909,11
1,I_1h,5,37.788571,-0.218421,8.709864,0.666667,0.397906,0.095238,0.038228,0.615385,0.289377,0.091954,11
1,I_1h,6,57.121633,-0.218421,8.409524,0.666667,0.388298,0.098765,0.040277,0.615385,0.282528,0.095238,11
1,I_1h,7,57.121633,-0.218421,8.709864,0.666667,0.430851,0.089888,0.034106,0.615385,0.310861,0.087912,11
1,I_1h,8,25.485714,-0.114211,12.914626,0.416667,0.250000,0.096154,0.030048,0.384615,0.183521,0.092593,11
1,I_1h,9,60.636735,-0.114211,12.914626,0.333333,0.166667,0.114286,0.031746,0.307692,0.124528,0.108108,11
1,I_1h,10,60.636735,-0.114211,12.914626,0.333333,0.166667,0.114286,0.031746,0.307692,0.124528,0.108108,11
2,I_2h,1,21.966735,-0.166316,4.885204,0.416667,0.153488,0.131579,0.046410,0.384615,0.129496,0.121951,11
2,I_2h,2,22.942041,-0.166316,5.080612,0.500000,0.187793,0.130435,0.052970,0.461538,0.155797,0.122449,11
2,I_2h,3,23.917347,-0.166316,5.080612,0.500000,0.245283,0.103448,0.039037,0.461538,0.200730,0.098361,11
2,I_2h,4,28.793878,-0.166316,4.885204,0.500000,0.279621,0.092308,0.033248,0.461538,0.227106,0.088235,11
2,I_2h,5,27.818571,-0.478947,8.011735,0.500000,0.241706,0.105263,0.039910,0.461538,0.197802,0.100000,11
2,I_2h,6,37.571633,-0.374737,8.011735,0.500000,0.206731,0.122449,0.048568,0.461538,0.171004,0.115385,11
2,I_2h,7,40.497551,-0.374737,8.011735,0.500000,0.236715,0.109091,0.041634,0.461538,0.191011,0.105263,11
2,I_2h,8,18.065510,-0.062105,9.379592,0.333333,0.101449,0.160000,0.047923,0.307692,0.086142,0.148148,11
2,I_2h,9,18.065510,-0.062105,9.184184,0.333333,0.107317,0.153846,0.045779,0.307692,0.090566,0.142857,11
2,I_2h,10,21.966735,-0.062105,9.184184,0.333333,0.097561,0.166667,0.050136,0.307692,0.083019,0.153846,11
3,I_3h,1,7.250204,-0.114211,3.030952,0.666667,0.277056,0.111111,0.053551,0.615385,0.241007,0.106667,11
3,I_3h,2,27.289796,-0.218421,3.608277,0.500000,0.183406,0.125000,0.051037,0.461538,0.163043,0.117647,11
3,I_3h,3,3.795102,-0.010000,6.350567,0.416667,0.171053,0.113636,0.039249,0.384615,0.153285,0.106383,11
3,I_3h,4,3.795102,-0.010000,6.350567,0.416667,0.171806,0.113636,0.039214,0.384615,0.153846,0.106383,11
3,I_3h,5,3.795102,-0.010000,6.350567,0.416667,0.171806,0.113636,0.039214,0.384615,0.153846,0.106383,11
3,I_3h,6,18.997551,-0.322632,6.061905,0.500000,0.208889,0.113208,0.044780,0.461538,0.182156,0.109091,11
3,I_3h,7,18.997551,-0.322632,6.061905,0.500000,0.227679,0.105263,0.040648,0.461538,0.194757,0.103448,11
3,I_3h,8,13.469388,-0.062105,7.072222,0.333333,0.098214,0.153846,0.046245,0.307692,0.086142,0.148148,11
3,I_3h,9,13.469388,-0.062105,7.072222,0.333333,0.103604,0.148148,0.044266,0.307692,0.090566,0.142857,11
3,I_3h,10,13.469388,-0.062105,7.072222,0.333333,0.103604,0.148148,0.044266,0.307692,0.090566,0.142857,11
6,I_6h,1,3.802177,-0.062105,1.992290,0.583333,0.221344,0.111111,0.050468,0.538462,0.212230,0.106061,11
6,I_6h,2,12.420680,-0.791579,3.984580,0.416667,0.119522,0.142857,0.052409,0.384615,0.119565,0.131579,11
6,I_6h,3,2.441361,-0.166316,3.811338,0.500000,0.204819,0.105263,0.041852,0.461538,0.197080,0.100000,11
6,I_6h,4,2.441361,-0.166316,3.811338,0.500000,0.217742,0.100000,0.039113,0.461538,0.208791,0.095238,11
6,I_6h,5,14.688707,-0.791579,3.984580,0.500000,0.177419,0.120000,0.049355,0.461538,0.172161,0.113208,11
6,I_6h,6,11.967075,-0.426842,3.984580,0.500000,0.162602,0.130435,0.054613,0.461538,0.156134,0.125000,11
6,I_6h,7,11.967075,-0.426842,3.984580,0.500000,0.183673,0.117647,0.048019,0.461538,0.172285,0.115385,11
6,I_6h,8,21.946395,-0.114211,4.157823,0.333333,0.077551,0.173913,0.053475,0.307692,0.074906,0.166667,11
6,I_6h,9,21.946395,-0.114211,4.244444,0.333333,0.078189,0.173913,0.053438,0.307692,0.075472,0.166667,11
6,I_6h,10,21.946395,-0.114211,4.244444,0.333333,0.078189,0.173913,0.053438,0.307692,0.075472,0.166667,11
8,I_8h,1,2.749286,-0.062105,1.628571,0.583333,0.217391,0.112903,0.051543,0.538462,0.208633,0.107692,11
8,I_8h,2,9.851990,-0.895789,3.325000,0.416667,0.111554,0.151515,0.056089,0.384615,0.112319,0.138889,11
8,I_8h,3,1.627806,-0.322632,3.325000,0.500000,0.192771,0.111111,0.044846,0.461538,0.186131,0.105263,11
8,I_8h,4,1.253980,-0.218421,3.325000,0.500000,0.205645,0.105263,0.041808,0.461538,0.197802,0.100000,11
8,I_8h,5,14.337908,-1.000000,3.325000,0.500000,0.169355,0.125000,0.051915,0.461538,0.164835,0.117647,11
8,I_8h,6,10.599643,-0.531053,3.325000,0.500000,0.154472,0.136364,0.057650,0.461538,0.148699,0.130435,11
8,I_8h,7,10.599643,-0.531053,3.325000,0.500000,0.175510,0.122449,0.050479,0.461538,0.164794,0.120000,11
8,I_8h,8,16.580867,-0.114211,3.325000,0.333333,0.073469,0.181818,0.056153,0.307692,0.071161,0.173913,11
8,I_8h,9,16.580867,-0.114211,3.325000,0.333333,0.074074,0.181818,0.056117,0.307692,0.071698,0.173913,11
8,I_8h,10,16.207041,-0.114211,3.257143,0.333333,0.078189,0.173913,0.053438,0.307692,0.075472,0.166667,11
10,I_10h,1,7.648653,-0.114211,0.332653,0.500000,0.159292,0.142857,0.060051,0.461538,0.140288,0.133333,11
10,I_10h,2,7.046041,-0.166316,0.997959,0.583333,0.227679,0.120690,0.054373,0.538462,0.195652,0.114754,11
10,I_10h,3,14.880000,-0.114211,0.887075,0.416667,0.153153,0.128205,0.045238,0.384615,0.135036,0.119048,11
10,I_10h,4,0.718612,-0.062105,2.661224,0.500000,0.226244,0.107143,0.041451,0.461538,0.194139,0.101695,11
10,I_10h,5,8.552571,-0.947895,2.716667,0.500000,0.199095,0.120000,0.048054,0.461538,0.172161,0.113208,11
10,I_10h,6,7.648653,-0.531053,2.716667,0.500000,0.178082,0.133333,0.054795,0.461538,0.152416,0.127660,11
10,I_10h,7,8.853878,-0.583158,2.716667,0.500000,0.201835,0.120000,0.047890,0.461538,0.168539,0.117647,11
10,I_10h,8,10.661714,-0.166316,2.550340,0.416667,0.123853,0.156250,0.057041,0.384615,0.104869,0.151515,11
10,I_10h,9,8.552571,-0.166316,2.661224,0.416667,0.138889,0.142857,0.051257,0.384615,0.116981,0.138889,11
10,I_10h,10,8.552571,-0.166316,2.661224,0.416667,0.143519,0.138889,0.049565,0.384615,0.120755,0.135135,11
12,I_12h,1,6.376327,-0.114211,0.236111,0.500000,0.179724,0.133333,0.054685,0.461538,0.151079,0.125000,11
12,I_12h,2,10.392109,-0.114211,0.000000,0.500000,0.195349,0.125000,0.050291,0.461538,0.163043,0.117647,11
12,I_12h,3,12.400000,-0.114211,0.802778,0.416667,0.164319,0.125000,0.043525,0.384615,0.138686,0.116279,11
12,I_12h,4,0.352653,-0.010000,2.313889,0.500000,0.240566,0.105263,0.039970,0.461538,0.197802,0.100000,11
12,I_12h,5,7.129286,-0.947895,2.266667,0.500000,0.216981,0.115385,0.045174,0.461538,0.179487,0.109091,11
12,I_12h,6,6.376327,-0.531053,2.266667,0.500000,0.190476,0.130435,0.052795,0.461538,0.156134,0.125000,11
12,I_12h,7,7.380272,-0.583158,2.313889,0.500000,0.215311,0.117647,0.046158,0.461538,0.172285,0.115385,11
12,I_12h,8,8.886190,-0.166316,2.219444,0.416667,0.133971,0.151515,0.054674,0.384615,0.108614,0.147059,11
12,I_12h,9,6.878299,-0.166316,2.266667,0.416667,0.149758,0.138889,0.049204,0.384615,0.120755,0.135135,11
12,I_12h,10,12.149014,-0.114211,2.313889,0.333333,0.096618,0.166667,0.050188,0.307692,0.079245,0.160000,11
24,I_24h,1,0.473469,-0.010000,1.309028,0.416667,0.127358,0.156250,0.056813,0.384615,0.115385,0.142857,11
24,I_24h,2,2.340816,-0.478947,1.309028,0.416667,0.119048,0.166667,0.061177,0.384615,0.108527,0.151515,11
24,I_24h,3,0.473469,-0.010000,1.309028,0.416667,0.129808,0.156250,0.056653,0.384615,0.117188,0.142857,11
24,I_24h,4,0.473469,-0.010000,1.309028,0.416667,0.134615,0.151515,0.054633,0.384615,0.121094,0.138889,11
24,I_24h,5,3.710204,-0.635263,1.309028,0.500000,0.173077,0.142857,0.059066,0.461538,0.152344,0.133333,11
24,I_24h,6,3.710204,-0.374737,1.309028,0.500000,0.151220,0.162162,0.068820,0.461538,0.130952,0.153846,11
24,I_24h,7,0.597959,-0.010000,1.309028,0.416667,0.112745,0.178571,0.066016,0.384615,0.096000,0.172414,11
24,I_24h,8,0.597959,-0.010000,1.309028,0.416667,0.112745,0.178571,0.066016,0.384615,0.096000,0.172414,11
24,I_24h,9,0.597959,-0.010000,1.309028,0.416667,0.113861,0.178571,0.065933,0.384615,0.096774,0.172414,11
24,I_24h,10,0.597959,-0.010000,1.309028,0.416667,0.113861,0.178571,0.065933,0.384615,0.096774,0.172414,11
1/6,I_15min,1,97.028571,-0.062105,44.146939,0.333333,0.025974,0.333333,0.108225,0.285714,0.023973,0.222222,12
1/6,I_15min,2,112.045714,-0.062105,45.066667,0.333333,0.032895,0.285714,0.092105,0.285714,0.027586,0.200000,12
1/6,I_15min,3,77.005714,-0.010000,18.394558,0.333333,0.039474,0.250000,0.080044,0.285714,0.031142,0.181818,12
1/6,I_15min,4,107.040000,-0.010000,10.117007,0.166667,0.006579,0.500000,0.082785,0.142857,0.013841,0.200000,12
1/6,I_15min,5,102.034286,-0.010000,14.715646,0.166667,0.006579,0.500000,0.082785,0.142857,0.013841,0.200000,12
1/6,I_15min,6,51.977143,-0.010000,36.789116,0.333333,0.060000,0.181818,0.056970,0.285714,0.041958,0.142857,12
1/6,I_15min,7,122.057143,-0.062105,45.066667,0.333333,0.053691,0.200000,0.063087,0.285714,0.038732,0.153846,12
1/6,I_15min,8,51.977143,-0.010000,36.789116,0.333333,0.060403,0.181818,0.056945,0.285714,0.042403,0.142857,12
1/6,I_15min,9,56.982857,-0.010000,34.029932,0.333333,0.060811,0.181818,0.056921,0.285714,0.042553,0.142857,12
1/6,I_15min,10,56.982857,-0.010000,34.029932,0.333333,0.060811,0.181818,0.056921,0.285714,0.042553,0.142857,12
1/2,I_30min,1,54.457143,-0.062105,32.587755,0.333333,0.032258,0.285714,0.092166,0.285714,0.027397,0.200000,12
1/2,I_30min,2,54.457143,-0.062105,32.587755,0.333333,0.039216,0.250000,0.080065,0.285714,0.031034,0.181818,12
1/2,I_30min,3,62.042449,-0.010000,11.541497,0.333333,0.045752,0.222222,0.070685,0.285714,0.034602,0.166667,12
1/2,I_30min,4,31.701224,-0.010000,31.229932,0.333333,0.052288,0.200000,0.063181,0.285714,0.038062,0.153846,12
1/2,I_30min,5,92.383673,-0.010000,8.825850,0.166667,0.006536,0.500000,0.082789,0.142857,0.013841,0.200000,12
1/2,I_30min,6,31.701224,-0.010000,31.908844,0.333333,0.052980,0.200000,0.063135,0.285714,0.038462,0.153846,12
1/2,I_30min,7,31.701224,-0.010000,31.908844,0.333333,0.053333,0.200000,0.063111,0.285714,0.038732,0.153846,12
1/2,I_30min,8,31.701224,-0.010000,31.908844,0.333333,0.053333,0.200000,0.063111,0.285714,0.038869,0.153846,12
1/2,I_30min,9,31.701224,-0.010000,31.908844,0.333333,0.060403,0.181818,0.056945,0.285714,0.042553,0.142857,12
1/2,I_30min,10,31.701224,-0.010000,32.587755,0.333333,0.060403,0.181818,0.056945,0.285714,0.042553,0.142857,12
1,I_1h,1,80.376327,-0.062105,23.366667,0.333333,0.028571,0.285714,0.092517,0.285714,0.027397,0.200000,12
1,I_1h,2,53.857551,-0.010000,1.430612,0.333333,0.034682,0.250000,0.080443,0.285714,0.031034,0.181818,12
1,I_1h,3,50.911020,-0.010000,4.291837,0.333333,0.034682,0.250000,0.080443,0.285714,0.031142,0.181818,12
1,I_1h,4,45.017959,-0.010000,10.968027,0.333333,0.028902,0.285714,0.092486,0.285714,0.027682,0.200000,12
1,I_1h,5,45.017959,-0.010000,11.444898,0.333333,0.028902,0.285714,0.092486,0.285714,0.027682,0.200000,12
1,I_1h,6,36.178367,-0.010000,16.690476,0.333333,0.035088,0.250000,0.080409,0.285714,0.031469,0.181818,12
1,I_1h,7,36.178367,-0.010000,16.690476,0.333333,0.035294,0.250000,0.080392,0.285714,0.031690,0.181818,12
1,I_1h,8,36.178367,-0.010000,16.690476,0.333333,0.035294,0.250000,0.080392,0.285714,0.031802,0.181818,12
1,I_1h,9,36.178367,-0.010000,16.690476,0.333333,0.035503,0.250000,0.080375,0.285714,0.031915,0.181818,12
1,I_1h,10,36.178367,-0.010000,16.690476,0.333333,0.035503,0.250000,0.080375,0.285714,0.031915,0.181818,12
2,I_2h,1,80.363878,-0.062105,12.885714,0.333333,0.015306,0.400000,0.131293,0.285714,0.020548,0.250000,12
2,I_2h,2,69.273061,-0.062105,14.142857,0.333333,0.015464,0.400000,0.131271,0.285714,0.020690,0.250000,12
2,I_2h,3,62.618571,-0.062105,14.771429,0.333333,0.015544,0.400000,0.131261,0.285714,0.020761,0.250000,12
2,I_2h,4,60.400408,-0.062105,15.400000,0.333333,0.015544,0.400000,0.131261,0.285714,0.020761,0.250000,12
2,I_2h,5,64.836735,-0.062105,15.400000,0.333333,0.015544,0.400000,0.131261,0.285714,0.020761,0.250000,12
2,I_2h,6,64.836735,-0.062105,15.400000,0.333333,0.015707,0.400000,0.131239,0.285714,0.020979,0.250000,12
2,I_2h,7,64.836735,-0.062105,15.400000,0.333333,0.010526,0.500000,0.164912,0.285714,0.017606,0.285714,12
2,I_2h,8,31.564286,-0.010000,2.828571,0.333333,0.015789,0.400000,0.131228,0.285714,0.021201,0.250000,12
2,I_2h,9,31.564286,-0.010000,2.828571,0.333333,0.015873,0.400000,0.131217,0.285714,0.021277,0.250000,12
2,I_2h,10,31.564286,-0.010000,2.828571,0.333333,0.021164,0.333333,0.108760,0.285714,0.024823,0.222222,12
3,I_3h,1,20.990204,-0.218421,11.390476,0.500000,0.038095,0.272727,0.131169,0.428571,0.037671,0.214286,12
3,I_3h,2,70.846531,-0.426842,11.390476,0.500000,0.043062,0.250000,0.119617,0.428571,0.041379,0.200000,12
3,I_3h,3,62.250612,-0.062105,10.152381,0.333333,0.019231,0.333333,0.108974,0.285714,0.024221,0.222222,12
3,I_3h,4,55.373878,-0.062105,10.895238,0.333333,0.019231,0.333333,0.108974,0.285714,0.024221,0.222222,12
3,I_3h,5,53.654694,-0.062105,11.142857,0.333333,0.019231,0.333333,0.108974,0.285714,0.024221,0.222222,12
3,I_3h,6,53.654694,-0.062105,11.142857,0.333333,0.019417,0.333333,0.108954,0.285714,0.024476,0.222222,12
3,I_3h,7,53.654694,-0.062105,11.142857,0.333333,0.014706,0.400000,0.131373,0.285714,0.021127,0.250000,12
3,I_3h,8,27.866939,-0.010000,0.000000,0.333333,0.019608,0.333333,0.108932,0.285714,0.024735,0.222222,12
3,I_3h,9,27.866939,-0.010000,0.000000,0.333333,0.019704,0.333333,0.108922,0.285714,0.024823,0.222222,12
3,I_3h,10,27.866939,-0.010000,0.000000,0.333333,0.024631,0.285714,0.092892,0.285714,0.028369,0.200000,12
6,I_6h,1,9.845306,-0.010000,5.791837,0.166667,0.000000,1.000000,0.166667,0.142857,0.010274,0.250000,12
6,I_6h,2,9.845306,-0.010000,6.061224,0.166667,0.000000,1.000000,0.166667,0.142857,0.010345,0.250000,12
6,I_6h,3,17.745102,-0.270526,6.330612,0.500000,0.052632,0.214286,0.101504,0.428571,0.048443,0.176471,12
6,I_6h,4,17.745102,-0.062105,6.195918,0.333333,0.023923,0.285714,0.092960,0.285714,0.027682,0.200000,12
6,I_6h,5,15.989592,-0.062105,6.330612,0.333333,0.023923,0.285714,0.092960,0.285714,0.027682,0.200000,12
6,I_6h,6,15.989592,-0.062105,6.330612,0.333333,0.024155,0.285714,0.092938,0.285714,0.027972,0.200000,12
6,I_6h,7,15.989592,-0.062105,6.330612,0.333333,0.019512,0.333333,0.108943,0.285714,0.024648,0.222222,12
6,I_6h,8,26.522653,-0.062105,6.330612,0.333333,0.019512,0.333333,0.108943,0.285714,0.024735,0.222222,12
6,I_6h,9,26.522653,-0.062105,6.330612,0.333333,0.024510,0.285714,0.092904,0.285714,0.028369,0.200000,12
6,I_6h,10,27.400408,-0.062105,6.330612,0.333333,0.024510,0.285714,0.092904,0.285714,0.028369,0.200000,12
8,I_8h,1,18.389388,-0.270526,3.688061,0.400000,0.041284,0.181818,0.069725,0.428571,0.041096,0.200000,12
8,I_8h,2,10.016020,-0.166316,3.688061,0.400000,0.064815,0.125000,0.046759,0.428571,0.058621,0.150000,12
8,I_8h,3,7.553265,-0.010000,0.784694,0.400000,0.069767,0.117647,0.043776,0.428571,0.062284,0.142857,12
8,I_8h,4,6.568163,-0.010000,1.726327,0.400000,0.065116,0.125000,0.046744,0.428571,0.058824,0.150000,12
8,I_8h,5,7.060714,-0.010000,1.412449,0.400000,0.065116,0.125000,0.046744,0.428571,0.058824,0.150000,12
8,I_8h,6,6.568163,-0.010000,1.883265,0.400000,0.061033,0.133333,0.050078,0.428571,0.055944,0.157895,12
8,I_8h,7,6.568163,-0.010000,1.883265,0.400000,0.056872,0.142857,0.053893,0.428571,0.052817,0.166667,12
8,I_8h,8,6.075612,-0.010000,2.197143,0.400000,0.061611,0.133333,0.050047,0.428571,0.056537,0.157895,12
8,I_8h,9,6.075612,-0.010000,2.197143,0.400000,0.066667,0.125000,0.046667,0.428571,0.060284,0.150000,12
8,I_8h,10,6.075612,-0.010000,2.197143,0.400000,0.066667,0.125000,0.046667,0.428571,0.060284,0.150000,12
10,I_10h,1,14.317469,-0.270526,3.156000,0.400000,0.044248,0.166667,0.063717,0.428571,0.044521,0.187500,12
10,I_10h,2,14.317469,-0.270526,3.156000,0.400000,0.062500,0.125000,0.046875,0.428571,0.058621,0.150000,12
10,I_10h,3,5.254531,-0.010000,1.416980,0.400000,0.062780,0.125000,0.046861,0.428571,0.058824,0.150000,12
10,I_10h,4,4.466449,-0.010000,2.189878,0.400000,0.062780,0.125000,0.046861,0.428571,0.058824,0.150000,12
10,I_10h,5,4.860490,-0.010000,1.867837,0.400000,0.062780,0.125000,0.046861,0.428571,0.058824,0.150000,12
10,I_10h,6,4.860490,-0.010000,1.867837,0.400000,0.063063,0.125000,0.046847,0.428571,0.055944,0.157895,12
10,I_10h,7,4.860490,-0.010000,1.867837,0.400000,0.059091,0.133333,0.050182,0.428571,0.052817,0.166667,12
10,I_10h,8,4.466449,-0.010000,2.189878,0.400000,0.063636,0.125000,0.046818,0.428571,0.056537,0.157895,12
10,I_10h,9,4.466449,-0.010000,2.189878,0.400000,0.068493,0.117647,0.043836,0.428571,0.060284,0.150000,12
10,I_10h,10,4.466449,-0.010000,2.189878,0.400000,0.068493,0.117647,0.043836,0.428571,0.060284,0.150000,12
12,I_12h,1,11.932551,-0.270526,2.643333,0.400000,0.039648,0.181818,0.069844,0.428571,0.041096,0.200000,12
12,I_12h,2,11.932551,-0.270526,2.643333,0.400000,0.062222,0.125000,0.046889,0.428571,0.058621,0.150000,12
12,I_12h,3,4.382449,-0.010000,1.132857,0.400000,0.062500,0.125000,0.046875,0.428571,0.058824,0.150000,12
12,I_12h,4,4.054184,-0.010000,1.510476,0.400000,0.062500,0.125000,0.046875,0.428571,0.058824,0.150000,12
12,I_12h,5,3.725918,-0.010000,1.834150,0.400000,0.066964,0.117647,0.043908,0.428571,0.062284,0.142857,12
12,I_12h,6,3.725918,-0.010000,1.834150,0.400000,0.063063,0.125000,0.046847,0.428571,0.059441,0.150000,12
12,I_12h,7,3.725918,-0.010000,1.834150,0.400000,0.059091,0.133333,0.050182,0.428571,0.056338,0.157895,12
12,I_12h,8,3.725918,-0.010000,1.834150,0.400000,0.059091,0.133333,0.050182,0.428571,0.056537,0.157895,12
12,I_12h,9,3.725918,-0.010000,1.834150,0.400000,0.063927,0.125000,0.046804,0.428571,0.060284,0.150000,12
12,I_12h,10,3.725918,-0.010000,1.834150,0.400000,0.063927,0.125000,0.046804,0.428571,0.060284,0.150000,12
24,I_24h,1,3.166327,-0.062105,2.000000,0.333333,0.008889,0.500000,0.165185,0.285714,0.017794,0.285714,12
24,I_24h,2,3.166327,-0.062105,2.000000,0.333333,0.013453,0.400000,0.131540,0.285714,0.021505,0.250000,12
24,I_24h,3,7.459184,-0.062105,2.041667,0.333333,0.013514,0.400000,0.131532,0.285714,0.021583,0.250000,12
24,I_24h,4,4.699490,-0.010000,0.041667,0.333333,0.013514,0.400000,0.131532,0.285714,0.021583,0.250000,12
24,I_24h,5,5.006122,-0.010000,0.083333,0.333333,0.013514,0.400000,0.131532,0.285714,0.021583,0.250000,12
24,I_24h,6,5.006122,-0.010000,0.083333,0.333333,0.013699,0.400000,0.131507,0.285714,0.021818,0.250000,12
24,I_24h,7,5.006122,-0.010000,0.083333,0.333333,0.013825,0.400000,0.131490,0.285714,0.021978,0.250000,12
24,I_24h,8,5.006122,-0.010000,0.125000,0.333333,0.013825,0.400000,0.131490,0.285714,0.022059,0.250000,12
24,I_24h,9,5.006122,-0.010000,0.125000,0.333333,0.013889,0.400000,0.131481,0.285714,0.022140,0.250000,12
24,I_24h,10,3.779592,-0.010000,0.666667,0.333333,0.018519,0.333333,0.109053,0.285714,0.025830,0.222222,12
1/6,I_15min,1,129.397551,-0.114211,18.265306,0.375000,0.111940,0.166667,0.055504,0.333333,0.067416,0.142857,13
1/6,I_15min,2,132.920816,-0.374737,25.571429,0.500000,0.225564,0.117647,0.045555,0.444444,0.124528,0.108108,13
1/6,I_15min,3,76.548571,-1.000000,22.648980,0.750000,0.488722,0.084507,0.032405,0.666667,0.258555,0.081081,13
1/6,I_15min,4,132.920816,-0.374737,25.571429,0.625000,0.368421,0.092593,0.036550,0.555556,0.197719,0.087719,13
1/6,I_15min,5,13.129796,-0.531053,29.955102,0.750000,0.511278,0.081081,0.029720,0.666667,0.269962,0.077922,13
1/6,I_15min,6,136.444082,-0.843684,25.571429,0.875000,0.549618,0.088608,0.034919,0.777778,0.289575,0.085366,13
1/6,I_15min,7,90.641633,-0.322632,24.840816,0.875000,0.484615,0.100000,0.045096,0.777778,0.256809,0.095890,13
1/6,I_15min,8,44.839184,-0.374737,25.571429,1.000000,0.584615,0.095238,0.039560,0.888889,0.307393,0.091954,13
1/6,I_15min,9,157.583673,-0.374737,24.840816,0.875000,0.538462,0.090909,0.036713,0.777778,0.284047,0.087500,13
1/6,I_15min,10,157.583673,-0.374737,24.840816,0.875000,0.546154,0.089744,0.035639,0.777778,0.287938,0.086420,13
1/2,I_30min,1,110.569796,-0.114211,10.527551,0.375000,0.107692,0.176471,0.059050,0.333333,0.063670,0.150000,13
1/2,I_30min,2,73.528163,-0.947895,16.622449,0.625000,0.356589,0.098039,0.039425,0.555556,0.184906,0.092593,13
1/2,I_30min,3,73.528163,-0.947895,16.622449,0.750000,0.449612,0.093750,0.038699,0.666667,0.231939,0.089552,13
1/2,I_30min,4,61.952653,-0.895789,17.176531,0.875000,0.527132,0.093333,0.038618,0.777778,0.269962,0.089744,13
1/2,I_30min,5,61.952653,-0.895789,17.176531,0.875000,0.581395,0.085366,0.031268,0.777778,0.296578,0.082353,13
1/2,I_30min,6,50.377143,-0.426842,17.176531,0.875000,0.563492,0.089744,0.034277,0.777778,0.285714,0.086420,13
1/2,I_30min,7,75.843265,-0.478947,17.176531,1.000000,0.576000,0.100000,0.042400,0.888889,0.291829,0.096386,13
1/2,I_30min,8,75.843265,-0.478947,17.176531,1.000000,0.608000,0.095238,0.037333,0.888889,0.307393,0.091954,13
1/2,I_30min,9,80.473469,-0.478947,17.176531,1.000000,0.624000,0.093023,0.034977,0.888889,0.315175,0.089888,13
1/2,I_30min,10,80.473469,-0.478947,17.176531,1.000000,0.624000,0.093023,0.034977,0.888889,0.315175,0.089888,13
1,I_1h,1,73.906122,-0.114211,7.521429,0.375000,0.093333,0.176471,0.060000,0.333333,0.063670,0.150000,13
1,I_1h,2,55.659592,-0.114211,9.312245,0.375000,0.140940,0.125000,0.040268,0.333333,0.090566,0.111111,13
1,I_1h,3,0.920000,-0.531053,17.550000,0.625000,0.342282,0.089286,0.036703,0.555556,0.205323,0.084746,13
1,I_1h,4,10.872653,-1.000000,17.550000,0.625000,0.288591,0.104167,0.046316,0.555556,0.174905,0.098039,13
1,I_1h,5,7.555102,-0.895789,17.550000,0.625000,0.308725,0.098039,0.042358,0.555556,0.186312,0.092593,13
1,I_1h,6,12.531429,-1.000000,17.550000,0.625000,0.308219,0.100000,0.043236,0.555556,0.185328,0.094340,13
1,I_1h,7,39.071837,-0.478947,17.550000,0.625000,0.262069,0.116279,0.053629,0.555556,0.159533,0.108696,13
1,I_1h,8,39.071837,-0.478947,17.550000,0.625000,0.268966,0.113636,0.051920,0.555556,0.163424,0.106383,13
1,I_1h,9,39.071837,-0.478947,17.550000,0.625000,0.268966,0.113636,0.051920,0.555556,0.163424,0.106383,13
1,I_1h,10,39.071837,-0.478947,17.550000,0.625000,0.268966,0.113636,0.051920,0.555556,0.163424,0.106383,13
2,I_2h,1,38.659592,-0.166316,11.183163,0.375000,0.058824,0.250000,0.088235,0.333333,0.044944,0.200000,13
2,I_2h,2,1.638367,-0.114211,11.669388,0.750000,0.243421,0.139535,0.079177,0.666667,0.150943,0.130435,13
2,I_2h,3,1.638367,-0.114211,11.669388,0.750000,0.256579,0.133333,0.074342,0.666667,0.159696,0.125000,13
2,I_2h,4,2.666735,-0.062105,11.183163,0.750000,0.230263,0.146341,0.084483,0.666667,0.144487,0.136364,13
2,I_2h,5,2.666735,-0.062105,11.183163,0.750000,0.250000,0.136364,0.076705,0.666667,0.155894,0.127660,13
2,I_2h,6,2.666735,-0.062105,11.183163,0.750000,0.261745,0.133333,0.073826,0.666667,0.162162,0.125000,13
2,I_2h,7,31.461020,-0.843684,11.426276,0.750000,0.243243,0.142857,0.081081,0.666667,0.151751,0.133333,13
2,I_2h,8,36.602857,-0.166316,10.696939,0.625000,0.182432,0.156250,0.079841,0.555556,0.116732,0.142857,13
2,I_2h,9,31.461020,-0.843684,11.426276,0.750000,0.256757,0.136364,0.076014,0.666667,0.159533,0.127660,13
2,I_2h,10,31.461020,-0.843684,11.426276,0.750000,0.256757,0.136364,0.076014,0.666667,0.159533,0.127660,13
3,I_3h,1,22.270612,-0.166316,8.888435,0.375000,0.057143,0.230769,0.081593,0.333333,0.048689,0.187500,13
3,I_3h,2,34.036327,-0.166316,8.699320,0.375000,0.069364,0.200000,0.069798,0.333333,0.056604,0.166667,13
3,I_3h,3,1.260408,-0.062105,7.942857,0.750000,0.265896,0.115385,0.063528,0.666667,0.186312,0.109091,13
3,I_3h,4,18.068571,-0.687368,9.077551,0.625000,0.167630,0.147059,0.076505,0.555556,0.121673,0.135135,13
3,I_3h,5,18.068571,-0.687368,9.077551,0.625000,0.179191,0.138889,0.071251,0.555556,0.129278,0.128205,13
3,I_3h,6,0.420000,-0.114211,9.077551,0.750000,0.241176,0.127660,0.072653,0.666667,0.169884,0.120000,13
3,I_3h,7,32.355510,-0.322632,8.699320,0.625000,0.160714,0.156250,0.081961,0.555556,0.116732,0.142857,13
3,I_3h,8,10.504898,-0.895789,8.888435,0.750000,0.226190,0.136364,0.079140,0.666667,0.159533,0.127660,13
3,I_3h,9,37.397959,-0.166316,8.321088,0.625000,0.160714,0.156250,0.081961,0.555556,0.116732,0.142857,13
3,I_3h,10,2.941224,-0.010000,6.808163,0.750000,0.232143,0.133333,0.076786,0.666667,0.163424,0.125000,13
6,I_6h,1,22.431020,-0.114211,3.385799,0.375000,0.049751,0.230769,0.082233,0.333333,0.048689,0.187500,13
6,I_6h,2,20.411837,-0.218421,4.786820,0.375000,0.070352,0.176471,0.061521,0.333333,0.064151,0.150000,13
6,I_6h,3,17.719592,-0.843684,4.903571,0.500000,0.121212,0.142857,0.062771,0.444444,0.102662,0.129032,13
6,I_6h,4,10.315918,-0.583158,4.553316,0.625000,0.171717,0.128205,0.066369,0.555556,0.140684,0.119048,13
6,I_6h,5,10.315918,-0.583158,4.553316,0.625000,0.186869,0.119048,0.060501,0.555556,0.152091,0.111111,13
6,I_6h,6,0.220000,-0.062105,4.086310,0.875000,0.312821,0.102941,0.061897,0.777778,0.247104,0.098592,13
6,I_6h,7,20.411837,-0.374737,4.436565,0.625000,0.170984,0.131579,0.068176,0.555556,0.140078,0.121951,13
6,I_6h,8,31.853878,-0.270526,4.203061,0.625000,0.160622,0.138889,0.072863,0.555556,0.132296,0.128205,13
6,I_6h,9,23.104082,-0.166316,4.203061,0.625000,0.150259,0.147059,0.078101,0.555556,0.124514,0.135135,13
6,I_6h,10,11.662041,-1.000000,4.203061,0.875000,0.259067,0.122807,0.079618,0.777778,0.206226,0.116667,13
8,I_8h,1,0.524082,-0.062105,2.923324,0.857143,0.370370,0.090909,0.049062,0.777778,0.235955,0.100000,13
8,I_8h,2,0.524082,-0.010000,2.923324,0.857143,0.368750,0.092308,0.049945,0.777778,0.233962,0.101449,13
8,I_8h,3,0.524082,-0.010000,2.923324,0.857143,0.371069,0.092308,0.049762,0.777778,0.235741,0.101449,13
8,I_8h,4,1.578827,-0.010000,2.054227,0.857143,0.339623,0.100000,0.056604,0.777778,0.216730,0.109375,13
8,I_8h,5,1.578827,-0.010000,2.054227,0.857143,0.339623,0.100000,0.056604,0.777778,0.216730,0.109375,13
8,I_8h,6,1.578827,-0.010000,2.054227,0.857143,0.339744,0.101695,0.057553,0.777778,0.216216,0.111111,13
8,I_8h,7,0.524082,-0.270526,3.397376,0.857143,0.337662,0.103448,0.058729,0.777778,0.214008,0.112903,13
8,I_8h,8,0.524082,-0.270526,3.397376,0.857143,0.344156,0.101695,0.057168,0.777778,0.217899,0.111111,13
8,I_8h,9,1.227245,-0.010000,2.449271,0.857143,0.337662,0.103448,0.058729,0.777778,0.214008,0.112903,13
8,I_8h,10,4.039898,-1.000000,3.397376,0.857143,0.331169,0.105263,0.060346,0.777778,0.210117,0.114754,13
10,I_10h,1,0.453551,-0.010000,2.306122,0.857143,0.371257,0.088235,0.047552,0.777778,0.243446,0.097222,13
10,I_10h,2,0.138000,-1.000000,2.635569,0.857143,0.363636,0.090909,0.049587,0.777778,0.237736,0.100000,13
10,I_10h,3,0.138000,-1.000000,2.635569,0.857143,0.371951,0.089552,0.048208,0.777778,0.243346,0.098592,13
10,I_10h,4,1.400204,-0.010000,1.515452,0.857143,0.347561,0.095238,0.053260,0.777778,0.228137,0.104478,13
10,I_10h,5,0.138000,-0.062105,2.701458,0.857143,0.353659,0.093750,0.051938,0.777778,0.231939,0.102941,13
10,I_10h,6,0.138000,-0.062105,2.701458,0.857143,0.354037,0.095238,0.052732,0.777778,0.231660,0.104478,13
10,I_10h,7,0.453551,-1.000000,2.701458,0.857143,0.339623,0.100000,0.056604,0.777778,0.221790,0.109375,13
10,I_10h,8,0.453551,-1.000000,2.701458,0.857143,0.345912,0.098361,0.055146,0.777778,0.225681,0.107692,13
10,I_10h,9,0.453551,-1.000000,2.701458,0.857143,0.345912,0.098361,0.055146,0.777778,0.225681,0.107692,13
10,I_10h,10,7.080122,-0.218421,2.701458,0.714286,0.245283,0.113636,0.061259,0.666667,0.163424,0.125000,13
12,I_12h,1,0.115000,-0.114211,2.171429,0.750000,0.380952,0.085714,0.039796,0.777778,0.250936,0.094595,13
12,I_12h,2,0.115000,-0.114211,2.171429,0.750000,0.379518,0.086957,0.040466,0.777778,0.249057,0.095890,13
12,I_12h,3,0.115000,-0.062105,2.171429,0.750000,0.381818,0.086957,0.040316,0.777778,0.250951,0.095890,13
12,I_12h,4,0.115000,-0.114211,2.274830,0.750000,0.363636,0.090909,0.043388,0.777778,0.239544,0.100000,13
12,I_12h,5,0.115000,-0.114211,2.274830,0.750000,0.363636,0.090909,0.043388,0.777778,0.239544,0.100000,13
12,I_12h,6,0.115000,-0.114211,2.274830,0.750000,0.358025,0.093750,0.045139,0.777778,0.235521,0.102941,13
12,I_12h,7,0.391224,-1.000000,2.223129,0.750000,0.343750,0.098361,0.048412,0.777778,0.225681,0.107692,13
12,I_12h,8,0.391224,-1.000000,2.223129,0.750000,0.350000,0.096774,0.047177,0.777778,0.229572,0.106061,13
12,I_12h,9,0.391224,-1.000000,2.223129,0.750000,0.350000,0.096774,0.047177,0.777778,0.229572,0.106061,13
12,I_12h,10,2.601020,-0.895789,2.223129,0.750000,0.331250,0.101695,0.051006,0.777778,0.217899,0.111111,13
24,I_24h,1,7.044898,-0.114211,0.817347,0.285714,0.068323,0.153846,0.040953,0.333333,0.054688,0.176471,13
24,I_24h,2,0.269388,-0.010000,0.877891,0.857143,0.446541,0.077922,0.036966,0.777778,0.291339,0.086420,13
24,I_24h,3,0.100000,-0.010000,1.029252,0.857143,0.462025,0.075949,0.035022,0.777778,0.301587,0.084337,13
24,I_24h,4,0.100000,-0.426842,1.120068,0.857143,0.424051,0.082192,0.040576,0.777778,0.277778,0.090909,13
24,I_24h,5,0.100000,-0.426842,1.120068,0.857143,0.424051,0.082192,0.040576,0.777778,0.277778,0.090909,13
24,I_24h,6,0.100000,-0.426842,1.120068,0.857143,0.416667,0.084507,0.042254,0.777778,0.273092,0.093333,13
24,I_24h,7,0.269388,-1.000000,1.120068,0.857143,0.402597,0.088235,0.045182,0.777778,0.263158,0.097222,13
24,I_24h,8,0.269388,-1.000000,1.120068,0.857143,0.409091,0.086957,0.044043,0.777778,0.267206,0.095890,13
24,I_24h,9,0.269388,-1.000000,1.120068,0.857143,0.409091,0.086957,0.044043,0.777778,0.267206,0.095890,13
24,I_24h,10,8.061224,-0.270526,1.120068,0.714286,0.272727,0.106383,0.055264,0.666667,0.182186,0.117647,13
1/6,I_15min,1,110.400000,-0.062105,2.476190,0.666667,0.148148,0.058824,0.033406,0.500000,0.096257,0.052632,16
1/6,I_15min,2,105.965714,-0.062105,2.971429,0.666667,0.210280,0.042553,0.022403,0.500000,0.131720,0.039216,16
1/6,I_15min,3,105.965714,-0.062105,2.971429,0.666667,0.254717,0.035714,0.017745,0.500000,0.157182,0.033333,16
1/6,I_15min,4,99.314286,-0.062105,6.438095,0.666667,0.268868,0.033898,0.016523,0.500000,0.165312,0.031746,16
1/6,I_15min,5,99.314286,-0.062105,6.438095,0.666667,0.306604,0.029851,0.013799,0.500000,0.186992,0.028169,16
1/6,I_15min,6,108.182857,-0.062105,5.942857,0.666667,0.323810,0.028571,0.012880,0.500000,0.197260,0.027027,16
1/6,I_15min,7,101.531429,-0.062105,6.933333,1.000000,0.365385,0.037975,0.024099,0.750000,0.220386,0.036145,16
1/6,I_15min,8,101.531429,-0.062105,6.933333,1.000000,0.399038,0.034884,0.020964,0.750000,0.240997,0.033333,16
1/6,I_15min,9,110.400000,-0.062105,5.942857,1.000000,0.403846,0.034483,0.020557,0.750000,0.245125,0.032967,16
1/6,I_15min,10,99.314286,-0.062105,8.419048,1.000000,0.413462,0.033708,0.019771,0.750000,0.251397,0.032258,16
1/2,I_30min,1,64.800000,-0.062105,1.942857,0.666667,0.188679,0.038462,0.020803,0.500000,0.144385,0.035714,16
1/2,I_30min,2,64.800000,-0.062105,1.942857,0.666667,0.250951,0.029412,0.014687,0.500000,0.188172,0.027778,16
1/2,I_30min,3,64.800000,-0.062105,1.942857,0.666667,0.280769,0.026667,0.012786,0.500000,0.208672,0.025316,16
1/2,I_30min,4,63.500408,-0.062105,3.885714,0.666667,0.296154,0.025316,0.011879,0.500000,0.219512,0.024096,16
1/2,I_30min,5,63.500408,-0.062105,3.885714,0.666667,0.361538,0.020833,0.008868,0.500000,0.265583,0.020000,16
1/2,I_30min,6,63.500408,-0.062105,3.885714,0.666667,0.389105,0.019608,0.007986,0.500000,0.284932,0.018868,16
1/2,I_30min,7,63.500408,-0.062105,3.885714,1.000000,0.407843,0.028037,0.016603,0.750000,0.297521,0.027027,16
1/2,I_30min,8,63.500408,-0.062105,3.885714,1.000000,0.439216,0.026087,0.014629,0.750000,0.321330,0.025210,16
1/2,I_30min,9,64.800000,-0.062105,3.885714,1.000000,0.439216,0.026087,0.014629,0.750000,0.323120,0.025210,16
1/2,I_30min,10,62.200816,-0.062105,4.857143,1.000000,0.439216,0.026087,0.014629,0.750000,0.324022,0.025210,16
1,I_1h,1,38.593469,-0.062105,2.840816,0.666667,0.197952,0.033333,0.017823,0.500000,0.165775,0.031250,16
1,I_1h,2,38.593469,-0.062105,2.840816,0.666667,0.250859,0.026667,0.013318,0.500000,0.206989,0.025316,16
1,I_1h,3,36.183673,-0.895789,8.285714,1.000000,0.447917,0.022727,0.012547,0.750000,0.360434,0.022059,16
1,I_1h,4,38.593469,-0.062105,4.024490,0.666667,0.281250,0.024096,0.011546,0.500000,0.230352,0.022989,16
1,I_1h,5,32.167347,-0.791579,8.285714,1.000000,0.520833,0.019608,0.009395,0.750000,0.417344,0.019108,16
1,I_1h,6,34.577143,-0.635263,8.285714,1.000000,0.524648,0.019737,0.009382,0.750000,0.419178,0.019231,16
1,I_1h,7,38.593469,-0.062105,4.024490,1.000000,0.375887,0.027523,0.017177,0.750000,0.303030,0.026549,16
1,I_1h,8,38.593469,-0.062105,4.024490,1.000000,0.398577,0.026087,0.015689,0.750000,0.321330,0.025210,16
1,I_1h,9,38.593469,-0.062105,4.024490,1.000000,0.402135,0.025862,0.015462,0.750000,0.325905,0.025000,16
1,I_1h,10,36.986939,-0.062105,4.497959,1.000000,0.405694,0.025641,0.015239,0.750000,0.329609,0.024793,16
2,I_2h,1,25.200000,-0.114211,4.995918,0.666667,0.173780,0.033898,0.018672,0.500000,0.163102,0.031746,16
2,I_2h,2,24.697551,-0.114211,4.995918,0.666667,0.214724,0.027778,0.014542,0.500000,0.198925,0.026316,16
2,I_2h,3,18.165714,-1.000000,5.583673,1.000000,0.417957,0.021739,0.012653,0.750000,0.376694,0.021127,16
2,I_2h,4,24.195102,-0.114211,5.289796,0.666667,0.260062,0.023256,0.011472,0.500000,0.238482,0.022222,16
2,I_2h,5,15.151020,-0.947895,5.730612,1.000000,0.476780,0.019108,0.009998,0.750000,0.428184,0.018634,16
2,I_2h,6,24.697551,-0.895789,5.730612,1.000000,0.473354,0.019481,0.010259,0.750000,0.424658,0.018987,16
2,I_2h,7,25.200000,-0.114211,5.289796,1.000000,0.337539,0.027273,0.018067,0.750000,0.305785,0.026316,16
2,I_2h,8,25.200000,-0.114211,5.289796,1.000000,0.360759,0.025641,0.016391,0.750000,0.326870,0.024793,16
2,I_2h,9,23.692653,-0.114211,5.289796,1.000000,0.365079,0.025424,0.016142,0.750000,0.331476,0.024590,16
2,I_2h,10,22.185306,-0.062105,3.526531,1.000000,0.369427,0.025210,0.015897,0.750000,0.335196,0.024390,16
3,I_3h,1,20.930068,-0.114211,4.286621,0.666667,0.181159,0.038462,0.020996,0.500000,0.144385,0.035714,16
3,I_3h,2,21.365034,-0.114211,4.160544,0.666667,0.233577,0.030303,0.015483,0.500000,0.182796,0.028571,16
3,I_3h,3,20.930068,-0.114211,4.286621,0.666667,0.261029,0.027397,0.013497,0.500000,0.203252,0.025974,16
3,I_3h,4,21.365034,-0.114211,4.412698,0.666667,0.279412,0.025641,0.012318,0.500000,0.216802,0.024390,16
3,I_3h,5,16.580408,-1.000000,4.790930,1.000000,0.500000,0.021583,0.010791,0.750000,0.379404,0.020979,16
3,I_3h,6,16.580408,-0.791579,4.790930,1.000000,0.516729,0.021127,0.010210,0.750000,0.391781,0.020548,16
3,I_3h,7,21.800000,-0.114211,4.412698,1.000000,0.344569,0.031579,0.020698,0.750000,0.264463,0.030303,16
3,I_3h,8,21.365034,-0.114211,4.412698,1.000000,0.370787,0.029412,0.018506,0.750000,0.285319,0.028302,16
3,I_3h,9,21.365034,-0.114211,4.412698,1.000000,0.378277,0.028846,0.017934,0.750000,0.292479,0.027778,16
3,I_3h,10,21.365034,-0.062105,2.647619,1.000000,0.387218,0.028302,0.017343,0.750000,0.298883,0.027273,16
6,I_6h,1,17.836803,-0.062105,1.661451,0.666667,0.118721,0.071429,0.041966,0.500000,0.080214,0.062500,16
6,I_6h,2,16.384014,-0.114211,3.811565,0.666667,0.198157,0.044444,0.023758,0.500000,0.126344,0.040816,16
6,I_6h,3,17.836803,-0.114211,3.713832,0.666667,0.218605,0.040816,0.021262,0.500000,0.138211,0.037736,16
6,I_6h,4,17.836803,-0.062105,2.247846,0.666667,0.213953,0.041667,0.021835,0.500000,0.135501,0.038462,16
6,I_6h,5,17.836803,-0.062105,2.247846,0.666667,0.241860,0.037037,0.018719,0.500000,0.151762,0.034483,16
6,I_6h,6,18.200000,-0.114211,3.909297,0.666667,0.273585,0.033333,0.016143,0.500000,0.169863,0.031250,16
6,I_6h,7,18.200000,-0.166316,3.713832,1.000000,0.357143,0.038462,0.024725,0.750000,0.217631,0.036585,16
6,I_6h,8,16.747211,-0.166316,3.811565,1.000000,0.357143,0.038462,0.024725,0.750000,0.218837,0.036585,16
6,I_6h,9,17.473605,-0.166316,3.811565,1.000000,0.357143,0.038462,0.024725,0.750000,0.220056,0.036585,16
6,I_6h,10,17.836803,-0.166316,3.811565,1.000000,0.373206,0.037037,0.023215,0.750000,0.229050,0.035294,16
8,I_8h,1,13.068980,-0.062105,1.295238,0.666667,0.142857,0.057143,0.032653,0.500000,0.098930,0.051282,16
8,I_8h,2,14.850000,-0.114211,2.666667,0.666667,0.187773,0.044444,0.024066,0.500000,0.126344,0.040816,16
8,I_8h,3,14.553163,-0.114211,2.742857,0.666667,0.211454,0.040000,0.021028,0.500000,0.140921,0.037037,16
8,I_8h,4,13.365816,-0.062105,1.676190,0.666667,0.229075,0.037037,0.019035,0.500000,0.151762,0.034483,16
8,I_8h,5,14.553163,-0.114211,2.895238,0.666667,0.255507,0.033333,0.016544,0.500000,0.168022,0.031250,16
8,I_8h,6,12.475306,-0.114211,2.971429,0.666667,0.281250,0.030769,0.014744,0.500000,0.183562,0.028986,16
8,I_8h,7,13.662653,-0.166316,2.819048,1.000000,0.351351,0.037037,0.024024,0.750000,0.225895,0.035294,16
8,I_8h,8,13.959490,-0.166316,2.895238,1.000000,0.355856,0.036585,0.023566,0.750000,0.229917,0.034884,16
8,I_8h,9,9.210102,-0.114211,2.666667,1.000000,0.364865,0.035714,0.022683,0.750000,0.236769,0.034091,16
8,I_8h,10,13.959490,-0.166316,2.895238,1.000000,0.375566,0.034884,0.021783,0.750000,0.243017,0.033333,16
10,I_10h,1,11.635265,-0.062105,3.013333,0.333333,0.041667,0.090909,0.029040,0.250000,0.037433,0.066667,16
10,I_10h,2,11.635265,-0.114211,2.213878,0.666667,0.184874,0.043478,0.023627,0.500000,0.129032,0.040000,16
10,I_10h,3,12.120000,-0.114211,2.213878,0.666667,0.207627,0.039216,0.020716,0.500000,0.143631,0.036364,16
10,I_10h,4,12.120000,-0.114211,2.336871,0.666667,0.228814,0.035714,0.018362,0.500000,0.157182,0.033333,16
10,I_10h,5,11.877633,-0.114211,2.336871,0.666667,0.245763,0.033333,0.016761,0.500000,0.168022,0.031250,16
10,I_10h,6,11.877633,-0.114211,2.336871,0.666667,0.274678,0.030303,0.014653,0.500000,0.186301,0.028571,16
10,I_10h,7,11.877633,-0.166316,2.213878,1.000000,0.359307,0.034884,0.022350,0.750000,0.239669,0.033333,16
10,I_10h,8,10.908163,-0.166316,2.336871,1.000000,0.363636,0.034483,0.021944,0.750000,0.243767,0.032967,16
10,I_10h,9,10.181061,-0.166316,2.336871,1.000000,0.372294,0.033708,0.021159,0.750000,0.250696,0.032258,16
10,I_10h,10,10.908163,-0.166316,2.336871,1.000000,0.386957,0.032609,0.019991,0.750000,0.259777,0.031250,16
12,I_12h,1,10.750000,-0.062105,2.583333,0.333333,0.040650,0.090909,0.029071,0.250000,0.037433,0.066667,16
12,I_12h,2,10.319524,-0.114211,1.845238,0.666667,0.180328,0.043478,0.023759,0.500000,0.129032,0.040000,16
12,I_12h,3,9.673810,-0.114211,1.845238,0.666667,0.206612,0.038462,0.020343,0.500000,0.146341,0.035714,16
12,I_12h,4,9.889048,-0.114211,1.950680,0.666667,0.227273,0.035088,0.018075,0.500000,0.159892,0.032787,16
12,I_12h,5,9.889048,-0.114211,1.950680,0.666667,0.239669,0.033333,0.016896,0.500000,0.168022,0.031250,16
12,I_12h,6,9.889048,-0.114211,1.950680,0.666667,0.268908,0.030303,0.014770,0.500000,0.186301,0.028571,16
12,I_12h,7,10.319524,-0.270526,2.003401,1.000000,0.364407,0.033708,0.021424,0.750000,0.247934,0.032258,16
12,I_12h,8,10.534762,-0.166316,1.897959,1.000000,0.355932,0.034483,0.022209,0.750000,0.243767,0.032967,16
12,I_12h,9,8.597619,-0.166316,1.950680,1.000000,0.364407,0.033708,0.021424,0.750000,0.250696,0.032258,16
12,I_12h,10,8.812857,-0.166316,1.950680,1.000000,0.378723,0.032609,0.020259,0.750000,0.259777,0.031250,16
24,I_24h,1,5.892041,-0.062105,0.464286,0.666667,0.132159,0.062500,0.036160,0.500000,0.095506,0.055556,16
24,I_24h,2,6.700000,-0.114211,1.114286,0.666667,0.173333,0.048780,0.026883,0.500000,0.121469,0.044444,16
24,I_24h,3,6.700000,-0.114211,1.114286,0.666667,0.205357,0.041667,0.022073,0.500000,0.142450,0.038462,16
24,I_24h,4,6.565340,-0.114211,1.176190,0.666667,0.209821,0.040816,0.021501,0.500000,0.145299,0.037736,16
24,I_24h,5,6.565340,-0.114211,1.176190,0.666667,0.232143,0.037037,0.018959,0.500000,0.159544,0.034483,16
24,I_24h,6,6.565340,-0.114211,1.176190,0.666667,0.257919,0.033898,0.016770,0.500000,0.175287,0.031746,16
24,I_24h,7,6.430680,-0.166316,0.897619,1.000000,0.410959,0.032258,0.019001,0.750000,0.271676,0.030928,16
24,I_24h,8,5.892041,-0.166316,0.959524,1.000000,0.420091,0.031579,0.018313,0.750000,0.278261,0.030303,16
24,I_24h,9,4.410782,-0.010000,0.154762,0.333333,0.068493,0.062500,0.019406,0.250000,0.055233,0.050000,16
24,I_24h,10,4.410782,-0.010000,0.154762,0.333333,0.068807,0.062500,0.019400,0.250000,0.055394,0.050000,16
1/6,I_15min,1,33.273469,-1.000000,18.838305,0.615385,0.273543,0.115942,0.051832,0.571429,0.227758,0.111111,18
1/6,I_15min,2,33.273469,-0.947895,18.838305,0.692308,0.324324,0.111111,0.051975,0.642857,0.265233,0.108434,18
1/6,I_15min,3,166.775510,-0.374737,16.954474,0.692308,0.211712,0.160714,0.087708,0.642857,0.176259,0.155172,18
1/6,I_15min,4,166.775510,-0.374737,16.954474,0.692308,0.252252,0.138462,0.071678,0.642857,0.209386,0.134328,18
1/6,I_15min,5,51.314286,-0.166316,19.466248,0.692308,0.243243,0.142857,0.074844,0.642857,0.202166,0.138462,18
1/6,I_15min,6,47.706122,-0.114211,17.582418,0.692308,0.259091,0.136364,0.069946,0.642857,0.215328,0.132353,18
1/6,I_15min,7,101.828571,-0.270526,28.257457,0.538462,0.155963,0.170732,0.077594,0.500000,0.132353,0.162791,18
1/6,I_15min,8,69.355102,-0.218421,28.885400,0.538462,0.165138,0.162791,0.073181,0.500000,0.139706,0.155556,18
1/6,I_15min,9,134.302041,-0.114211,16.326531,0.615385,0.201835,0.153846,0.075566,0.571429,0.169118,0.148148,18
1/6,I_15min,10,148.734694,-0.114211,20.094192,0.538462,0.155963,0.170732,0.077594,0.500000,0.132353,0.162791,18
1/2,I_30min,1,23.328980,-0.166316,18.065934,0.461538,0.168224,0.142857,0.054842,0.428571,0.138790,0.133333,18
1/2,I_30min,2,71.373061,-0.426842,20.130612,0.384615,0.112676,0.172414,0.058841,0.357143,0.093190,0.161290,18
1/2,I_30min,3,122.243265,-0.374737,16.517425,0.615385,0.173709,0.177778,0.090398,0.571429,0.140288,0.170213,18
1/2,I_30min,4,119.417143,-0.374737,17.549765,0.615385,0.192488,0.163265,0.081131,0.571429,0.155235,0.156863,18
1/2,I_30min,5,37.459592,-0.166316,17.033595,0.692308,0.244131,0.147541,0.077207,0.642857,0.194946,0.142857,18
1/2,I_30min,6,40.285714,-0.166316,17.549765,0.692308,0.241706,0.150000,0.078746,0.642857,0.193431,0.145161,18
1/2,I_30min,7,60.068571,-0.166316,17.549765,0.692308,0.219048,0.163636,0.088472,0.642857,0.176471,0.157895,18
1/2,I_30min,8,60.068571,-0.166316,17.549765,0.692308,0.238095,0.152542,0.080462,0.642857,0.191176,0.147541,18
1/2,I_30min,9,74.199184,-0.166316,17.549765,0.692308,0.242857,0.150000,0.078626,0.642857,0.194853,0.145161,18
1/2,I_30min,10,119.417143,-0.114211,13.936578,0.615385,0.190476,0.166667,0.083028,0.571429,0.154412,0.160000,18
1,I_1h,1,16.525714,-0.062105,10.514286,0.461538,0.133971,0.176471,0.070536,0.428571,0.110320,0.162162,18
1,I_1h,2,32.471429,-0.270526,15.020408,0.384615,0.086538,0.217391,0.076376,0.357143,0.071685,0.200000,18
1,I_1h,3,64.362857,-0.478947,9.387755,0.769231,0.251208,0.161290,0.092902,0.714286,0.194245,0.156250,18
1,I_1h,4,105.366122,-0.478947,9.387755,0.769231,0.280193,0.147059,0.081426,0.714286,0.216606,0.142857,18
1,I_1h,5,43.861224,-0.374737,9.387755,0.846154,0.333333,0.137500,0.077564,0.785714,0.256318,0.134146,18
1,I_1h,6,59.806939,-0.426842,9.387755,0.846154,0.360976,0.129412,0.069975,0.785714,0.277372,0.126437,18
1,I_1h,7,23.359592,-0.062105,13.893878,0.461538,0.098522,0.230769,0.096015,0.428571,0.080882,0.214286,18
1,I_1h,8,37.027347,-0.062105,13.518367,0.384615,0.064039,0.277778,0.099996,0.357143,0.055147,0.250000,18
1,I_1h,9,37.027347,-0.062105,13.518367,0.461538,0.073892,0.285714,0.122124,0.428571,0.062500,0.260870,18
1,I_1h,10,37.027347,-0.062105,13.518367,0.461538,0.083744,0.260870,0.110318,0.428571,0.069853,0.240000,18
2,I_2h,1,9.641633,-0.010000,6.908948,0.461538,0.097087,0.230769,0.096168,0.428571,0.081851,0.206897,18
2,I_2h,2,14.222449,-0.322632,12.538462,0.384615,0.063415,0.277778,0.100063,0.357143,0.053763,0.250000,18
2,I_2h,3,14.222449,-0.114211,12.026688,0.384615,0.068627,0.263158,0.094268,0.357143,0.057554,0.238095,18
2,I_2h,4,5.060816,-0.010000,11.514914,0.461538,0.102941,0.222222,0.092006,0.428571,0.083032,0.206897,18
2,I_2h,5,6.587755,-0.010000,10.235479,0.461538,0.102941,0.222222,0.092006,0.428571,0.083032,0.206897,18
2,I_2h,6,6.587755,-0.010000,10.235479,0.461538,0.099010,0.230769,0.095963,0.428571,0.080292,0.214286,18
2,I_2h,7,14.222449,-0.010000,4.094192,0.461538,0.075000,0.285714,0.121978,0.428571,0.062500,0.260870,18
2,I_2h,8,12.695510,-0.062105,12.282575,0.461538,0.060000,0.333333,0.144615,0.428571,0.051471,0.300000,18
2,I_2h,9,14.222449,-0.062105,12.282575,0.461538,0.060000,0.333333,0.144615,0.428571,0.051471,0.300000,18
2,I_2h,10,14.222449,-0.062105,12.282575,0.461538,0.060000,0.333333,0.144615,0.428571,0.051471,0.300000,18
3,I_3h,1,10.238095,-0.270526,9.825641,0.384615,0.051402,0.312500,0.114014,0.357143,0.049822,0.263158,18
3,I_3h,2,23.857143,-0.426842,9.825641,0.384615,0.056338,0.294118,0.106749,0.357143,0.050179,0.263158,18
3,I_3h,3,10.238095,-0.374737,9.825641,0.461538,0.084906,0.250000,0.105588,0.428571,0.071942,0.230769,18
3,I_3h,4,10.238095,-0.374737,9.825641,0.461538,0.094340,0.230769,0.096461,0.428571,0.079422,0.214286,18
3,I_3h,5,32.523810,-1.000000,9.825641,0.538462,0.117925,0.218750,0.103898,0.500000,0.097473,0.205882,18
3,I_3h,6,15.190476,-0.583158,9.825641,0.538462,0.119048,0.218750,0.103766,0.500000,0.098540,0.205882,18
3,I_3h,7,16.428571,-0.166316,9.825641,0.461538,0.067308,0.300000,0.129142,0.428571,0.058824,0.272727,18
3,I_3h,8,15.190476,-0.114211,9.825641,0.461538,0.062500,0.315789,0.136640,0.428571,0.055147,0.285714,18
3,I_3h,9,9.000000,-0.062105,9.023548,0.461538,0.067308,0.300000,0.129142,0.428571,0.058824,0.272727,18
3,I_3h,10,9.000000,-0.062105,9.224071,0.461538,0.067308,0.300000,0.129142,0.428571,0.058824,0.272727,18
6,I_6h,1,2.718776,-0.062105,6.133752,0.461538,0.051282,0.333333,0.145957,0.428571,0.053381,0.285714,18
6,I_6h,2,2.718776,-0.062105,6.133752,0.461538,0.051502,0.333333,0.145923,0.428571,0.050179,0.300000,18
6,I_6h,3,3.568367,-0.062105,6.133752,0.461538,0.043103,0.375000,0.165617,0.428571,0.043165,0.333333,18
6,I_6h,4,3.568367,-0.062105,6.133752,0.461538,0.047619,0.352941,0.155139,0.428571,0.046931,0.315789,18
6,I_6h,5,3.568367,-0.062105,6.133752,0.461538,0.047619,0.352941,0.155139,0.428571,0.046931,0.315789,18
6,I_6h,6,3.568367,-0.062105,6.133752,0.461538,0.052402,0.333333,0.145784,0.428571,0.051095,0.300000,18
6,I_6h,7,3.568367,-0.062105,6.133752,0.461538,0.052863,0.333333,0.145713,0.428571,0.051471,0.300000,18
6,I_6h,8,13.763469,-0.218421,6.005965,0.538462,0.070485,0.304348,0.152329,0.500000,0.066176,0.280000,18
6,I_6h,9,25.657755,-0.322632,6.133752,0.538462,0.079295,0.280000,0.138814,0.500000,0.073529,0.259259,18
6,I_6h,10,3.568367,-0.062105,6.261538,0.461538,0.061674,0.300000,0.129922,0.428571,0.058824,0.272727,18
8,I_8h,1,2.719133,-0.114211,4.913462,0.461538,0.049793,0.333333,0.146186,0.428571,0.053381,0.285714,18
8,I_8h,2,2.719133,-1.000000,4.712912,0.538462,0.075000,0.280000,0.139462,0.500000,0.071685,0.259259,18
8,I_8h,3,2.719133,-0.687368,4.712912,0.538462,0.079498,0.269231,0.133446,0.500000,0.075540,0.250000,18
8,I_8h,4,1.423316,-0.010000,4.813187,0.461538,0.063025,0.285714,0.123557,0.428571,0.061372,0.260870,18
8,I_8h,5,4.014949,-0.114211,4.813187,0.461538,0.054622,0.315789,0.137788,0.428571,0.054152,0.285714,18
8,I_8h,6,4.014949,-0.114211,4.813187,0.461538,0.055319,0.315789,0.137686,0.428571,0.054745,0.285714,18
8,I_8h,7,5.958673,-0.166316,4.412088,0.538462,0.072961,0.291667,0.145593,0.500000,0.069853,0.269231,18
8,I_8h,8,7.254490,-0.166316,4.412088,0.538462,0.072961,0.291667,0.145593,0.500000,0.069853,0.269231,18
8,I_8h,9,4.662857,-0.166316,4.512363,0.538462,0.081545,0.269231,0.133149,0.500000,0.077206,0.250000,18
8,I_8h,10,7.254490,-0.166316,4.412088,0.538462,0.085837,0.259259,0.127618,0.500000,0.080882,0.241379,18
10,I_10h,1,2.693633,-0.322632,4.055385,0.461538,0.044898,0.352941,0.155582,0.428571,0.049822,0.300000,18
10,I_10h,2,2.175306,-0.739474,3.724333,0.538462,0.073770,0.280000,0.139647,0.500000,0.071685,0.259259,18
10,I_10h,3,2.693633,-0.114211,4.055385,0.461538,0.053498,0.315789,0.137952,0.428571,0.053957,0.285714,18
10,I_10h,4,2.693633,-0.114211,4.055385,0.461538,0.057851,0.300000,0.130451,0.428571,0.057762,0.272727,18
10,I_10h,5,3.730286,-0.114211,3.807096,0.461538,0.045455,0.352941,0.155492,0.428571,0.046931,0.315789,18
10,I_10h,6,4.248612,-0.166316,4.055385,0.461538,0.046025,0.352941,0.155399,0.428571,0.047445,0.315789,18
10,I_10h,7,7.876898,-0.218421,3.641570,0.538462,0.071730,0.291667,0.145786,0.500000,0.069853,0.269231,18
10,I_10h,8,7.876898,-0.218421,3.641570,0.538462,0.071730,0.291667,0.145786,0.500000,0.069853,0.269231,18
10,I_10h,9,11.505184,-0.270526,3.724333,0.538462,0.075949,0.280000,0.139318,0.500000,0.073529,0.259259,18
10,I_10h,10,5.285265,-0.166316,3.558807,0.538462,0.088608,0.250000,0.122687,0.500000,0.084559,0.233333,18
12,I_12h,1,2.258163,-0.426842,3.510256,0.461538,0.044643,0.375000,0.165350,0.428571,0.046263,0.315789,18
12,I_12h,2,2.258163,-0.114211,3.510256,0.461538,0.044843,0.375000,0.165316,0.428571,0.043011,0.333333,18
12,I_12h,3,2.258163,-0.114211,3.510256,0.461538,0.049550,0.352941,0.154825,0.428571,0.046763,0.315789,18
12,I_12h,4,2.258163,-0.114211,3.510256,0.461538,0.054299,0.333333,0.145493,0.428571,0.050542,0.300000,18
12,I_12h,5,2.689796,-0.114211,3.510256,0.461538,0.045249,0.375000,0.165245,0.428571,0.043321,0.333333,18
12,I_12h,6,3.121429,-0.114211,3.510256,0.461538,0.045872,0.375000,0.165138,0.428571,0.043796,0.333333,18
12,I_12h,7,5.711224,-0.166316,3.510256,0.461538,0.050926,0.352941,0.154600,0.428571,0.047794,0.315789,18
12,I_12h,8,3.984694,-0.114211,3.510256,0.461538,0.050926,0.352941,0.154600,0.428571,0.047794,0.315789,18
12,I_12h,9,3.984694,-0.114211,3.510256,0.461538,0.055556,0.333333,0.145299,0.428571,0.051471,0.300000,18
12,I_12h,10,3.984694,-0.114211,3.510256,0.461538,0.060185,0.315789,0.136977,0.428571,0.055147,0.285714,18
24,I_24h,1,0.941837,-0.739474,1.955416,0.461538,0.060914,0.333333,0.144475,0.428571,0.055762,0.285714,18
24,I_24h,2,0.941837,-0.166316,1.955416,0.461538,0.061224,0.333333,0.144427,0.428571,0.052434,0.300000,18
24,I_24h,3,0.941837,-0.322632,1.955416,0.461538,0.066667,0.315789,0.136032,0.428571,0.056391,0.285714,18
24,I_24h,4,0.941837,-0.322632,1.955416,0.461538,0.071795,0.300000,0.128521,0.428571,0.060377,0.272727,18
24,I_24h,5,1.222449,-0.166316,1.996154,0.461538,0.056410,0.352941,0.153707,0.428571,0.049057,0.315789,18
24,I_24h,6,1.503061,-0.218421,1.996154,0.461538,0.057292,0.352941,0.153563,0.428571,0.049618,0.315789,18
24,I_24h,7,2.064286,-0.166316,1.996154,0.461538,0.063158,0.333333,0.144130,0.428571,0.053846,0.300000,18
24,I_24h,8,2.344898,-0.166316,1.996154,0.461538,0.063158,0.333333,0.144130,0.428571,0.053846,0.300000,18
24,I_24h,9,2.064286,-0.166316,1.996154,0.461538,0.068421,0.315789,0.135777,0.428571,0.057692,0.285714,18
24,I_24h,10,2.064286,-0.166316,1.996154,0.461538,0.073684,0.300000,0.128259,0.428571,0.061538,0.272727,18
1/6,I_15min,1,109.851429,-0.062105,7.677551,0.500000,0.113636,0.166667,0.073864,0.500000,0.043210,0.125000,19
1/6,I_15min,2,113.417143,-0.062105,8.530612,0.500000,0.160920,0.125000,0.052443,0.500000,0.055901,0.100000,19
1/6,I_15min,3,120.548571,-0.062105,5.118367,0.500000,0.229885,0.090909,0.035005,0.500000,0.075235,0.076923,19
1/6,I_15min,4,177.600000,-0.114211,5.971429,0.750000,0.275862,0.111111,0.060345,0.750000,0.087774,0.096774,19
1/6,I_15min,5,177.600000,-0.114211,15.355102,0.750000,0.275862,0.111111,0.060345,0.750000,0.087774,0.096774,19
1/6,I_15min,6,177.600000,-0.114211,15.355102,0.750000,0.341176,0.093750,0.046324,0.750000,0.104430,0.083333,19
1/6,I_15min,7,92.022857,-0.062105,5.118367,0.750000,0.404762,0.081081,0.036197,0.750000,0.121019,0.073171,19
1/6,I_15min,8,92.022857,-0.062105,5.118367,1.000000,0.428571,0.100000,0.057143,1.000000,0.127389,0.090909,19
1/6,I_15min,9,166.902857,-0.114211,16.208163,1.000000,0.440476,0.097561,0.054588,1.000000,0.130990,0.088889,19
1/6,I_15min,10,156.205714,-0.114211,17.061224,1.000000,0.452381,0.095238,0.052154,1.000000,0.134185,0.086957,19
1/2,I_30min,1,76.994286,-0.114211,20.244898,0.666667,0.101124,0.181818,0.108955,0.500000,0.040123,0.133333,19
1/2,I_30min,2,123.146939,-0.062105,2.530612,0.666667,0.136364,0.142857,0.082251,0.500000,0.049689,0.111111,19
1/2,I_30min,3,119.596735,-0.062105,3.374150,0.666667,0.181818,0.111111,0.060606,0.500000,0.062696,0.090909,19
1/2,I_30min,4,119.596735,-0.062105,3.374150,0.666667,0.193182,0.105263,0.056619,0.500000,0.065831,0.086957,19
1/2,I_30min,5,108.946122,-0.062105,8.435374,0.666667,0.181818,0.111111,0.060606,0.500000,0.062696,0.090909,19
1/2,I_30min,6,144.448163,-0.947895,39.646259,0.666667,0.139535,0.142857,0.081949,0.500000,0.050633,0.111111,19
1/2,I_30min,7,140.897959,-0.947895,39.646259,0.666667,0.174419,0.117647,0.064751,0.500000,0.060510,0.095238,19
1/2,I_30min,8,62.793469,-0.478947,40.489796,0.666667,0.162791,0.125000,0.069767,0.500000,0.057325,0.100000,19
1/2,I_30min,9,84.094694,-0.114211,21.931973,1.000000,0.313953,0.100000,0.068605,0.750000,0.099042,0.088235,19
1/2,I_30min,10,84.094694,-0.114211,21.931973,1.000000,0.337209,0.093750,0.062137,0.750000,0.105431,0.083333,19
1,I_1h,1,102.311020,-0.114211,10.963265,0.666667,0.094737,0.181818,0.109729,0.500000,0.040123,0.133333,19
1,I_1h,2,24.325714,-0.010000,31.600000,0.333333,0.021277,0.333333,0.108747,0.250000,0.018634,0.142857,19
1,I_1h,3,24.325714,-0.010000,31.600000,0.333333,0.021277,0.333333,0.108747,0.250000,0.018809,0.142857,19
1,I_1h,4,24.325714,-0.010000,31.600000,0.333333,0.021277,0.333333,0.108747,0.250000,0.018809,0.142857,19
1,I_1h,5,24.325714,-0.010000,31.600000,0.333333,0.021277,0.333333,0.108747,0.250000,0.018809,0.142857,19
1,I_1h,6,24.325714,-0.010000,31.600000,0.333333,0.021739,0.333333,0.108696,0.250000,0.018987,0.142857,19
1,I_1h,7,24.325714,-0.010000,31.600000,0.333333,0.021739,0.333333,0.108696,0.250000,0.019108,0.142857,19
1,I_1h,8,24.325714,-0.010000,31.600000,0.333333,0.021739,0.333333,0.108696,0.250000,0.019108,0.142857,19
1,I_1h,9,24.325714,-0.010000,31.600000,0.333333,0.021739,0.333333,0.108696,0.250000,0.019169,0.142857,19
1,I_1h,10,24.325714,-0.010000,31.600000,0.333333,0.021739,0.333333,0.108696,0.250000,0.019169,0.142857,19
2,I_2h,1,21.060408,-1.000000,0.245918,1.000000,0.511111,0.041667,0.020370,0.750000,0.154321,0.056604,19
2,I_2h,2,2.653878,-0.843684,11.066327,1.000000,0.584270,0.037037,0.015397,0.750000,0.173913,0.050847,19
2,I_2h,3,2.653878,-0.843684,11.066327,1.000000,0.584270,0.037037,0.015397,0.750000,0.175549,0.050847,19
2,I_2h,4,2.653878,-0.062105,10.328571,1.000000,0.561798,0.038462,0.016854,0.750000,0.169279,0.052632,19
2,I_2h,5,2.653878,-0.062105,10.328571,1.000000,0.561798,0.038462,0.016854,0.750000,0.169279,0.052632,19
2,I_2h,6,35.632245,-0.583158,11.066327,1.000000,0.436782,0.050000,0.028161,0.750000,0.132911,0.066667,19
2,I_2h,7,35.632245,-0.583158,11.066327,1.000000,0.448276,0.048780,0.026913,0.750000,0.136943,0.065217,19
2,I_2h,8,21.060408,-0.218421,10.820408,1.000000,0.402299,0.054054,0.032308,0.750000,0.124204,0.071429,19
2,I_2h,9,24.895102,-0.166316,10.574490,1.000000,0.425287,0.051282,0.029472,0.750000,0.130990,0.068182,19
2,I_2h,10,26.428980,-0.166316,10.574490,1.000000,0.436782,0.050000,0.028161,0.750000,0.134185,0.066667,19
3,I_3h,1,1.794830,-1.000000,7.500000,1.000000,0.551402,0.032787,0.014708,0.750000,0.194444,0.045455,19
3,I_3h,2,1.794830,-1.000000,7.500000,1.000000,0.561905,0.032787,0.014364,0.750000,0.195652,0.045455,19
3,I_3h,3,1.794830,-1.000000,7.500000,1.000000,0.571429,0.032258,0.013825,0.750000,0.200627,0.044776,19
3,I_3h,4,2.816327,-1.000000,7.666667,1.000000,0.552381,0.033333,0.014921,0.750000,0.194357,0.046154,19
3,I_3h,5,25.289252,-0.218421,7.500000,0.500000,0.247619,0.037037,0.013933,0.500000,0.094044,0.062500,19
3,I_3h,6,16.606531,-0.531053,7.500000,1.000000,0.446602,0.041667,0.023058,0.750000,0.158228,0.056604,19
3,I_3h,7,15.074286,-0.531053,7.500000,1.000000,0.456311,0.040816,0.022191,0.750000,0.162420,0.055556,19
3,I_3h,8,23.757007,-0.270526,7.500000,1.000000,0.378641,0.048780,0.030310,0.750000,0.136943,0.065217,19
3,I_3h,9,19.671020,-0.218421,7.500000,1.000000,0.398058,0.046512,0.027997,0.750000,0.143770,0.062500,19
3,I_3h,10,22.735510,-0.218421,7.500000,1.000000,0.417476,0.044444,0.025890,0.750000,0.150160,0.060000,19
6,I_6h,1,5.186939,-0.010000,8.108844,0.333333,0.009346,0.500000,0.165109,0.250000,0.015432,0.166667,19
6,I_6h,2,5.186939,-0.010000,8.108844,0.333333,0.009524,0.500000,0.165079,0.250000,0.015528,0.166667,19
6,I_6h,3,6.146327,-0.010000,7.602041,0.333333,0.009524,0.500000,0.165079,0.250000,0.015674,0.166667,19
6,I_6h,4,6.146327,-0.010000,7.939909,0.333333,0.009524,0.500000,0.165079,0.250000,0.015674,0.166667,19
6,I_6h,5,6.146327,-0.010000,7.939909,0.333333,0.009524,0.500000,0.165079,0.250000,0.015674,0.166667,19
6,I_6h,6,7.105714,-0.010000,8.108844,0.333333,0.009709,0.500000,0.165049,0.250000,0.015823,0.166667,19
6,I_6h,7,7.105714,-0.010000,8.108844,0.333333,0.009804,0.500000,0.165033,0.250000,0.015924,0.166667,19
6,I_6h,8,7.105714,-0.010000,8.108844,0.333333,0.009804,0.500000,0.165033,0.250000,0.015924,0.166667,19
6,I_6h,9,7.105714,-0.010000,8.108844,0.333333,0.009804,0.500000,0.165033,0.250000,0.015974,0.166667,19
6,I_6h,10,7.105714,-0.010000,8.108844,0.333333,0.009804,0.500000,0.165033,0.250000,0.015974,0.166667,19
8,I_8h,1,5.329286,-0.010000,6.475000,0.333333,0.009804,0.500000,0.165033,0.250000,0.015432,0.166667,19
8,I_8h,2,5.329286,-0.010000,6.475000,0.333333,0.010000,0.500000,0.165000,0.250000,0.015528,0.166667,19
8,I_8h,3,5.329286,-0.010000,6.475000,0.333333,0.010000,0.500000,0.165000,0.250000,0.015674,0.166667,19
8,I_8h,4,5.329286,-0.010000,6.475000,0.333333,0.010000,0.500000,0.165000,0.250000,0.015674,0.166667,19
8,I_8h,5,5.329286,-0.010000,6.475000,0.333333,0.010000,0.500000,0.165000,0.250000,0.015674,0.166667,19
8,I_8h,6,6.048827,-0.010000,6.475000,0.333333,0.010204,0.500000,0.164966,0.250000,0.015823,0.166667,19
8,I_8h,7,6.048827,-0.010000,6.475000,0.333333,0.010204,0.500000,0.164966,0.250000,0.015924,0.166667,19
8,I_8h,8,6.048827,-0.010000,6.475000,0.333333,0.010204,0.500000,0.164966,0.250000,0.015924,0.166667,19
8,I_8h,9,6.048827,-0.010000,6.475000,0.333333,0.010204,0.500000,0.164966,0.250000,0.015974,0.166667,19
8,I_8h,10,6.048827,-0.010000,6.475000,0.333333,0.010204,0.500000,0.164966,0.250000,0.015974,0.166667,19
10,I_10h,1,3.739224,-0.010000,4.885714,0.333333,0.017857,0.333333,0.109127,0.250000,0.018519,0.142857,19
10,I_10h,2,3.739224,-0.010000,4.885714,0.333333,0.018182,0.333333,0.109091,0.250000,0.018634,0.142857,19
10,I_10h,3,3.739224,-0.010000,4.885714,0.333333,0.018182,0.333333,0.109091,0.250000,0.018809,0.142857,19
10,I_10h,4,3.739224,-0.010000,4.885714,0.333333,0.018182,0.333333,0.109091,0.250000,0.018809,0.142857,19
10,I_10h,5,3.739224,-0.010000,4.994286,0.333333,0.018182,0.333333,0.109091,0.250000,0.018809,0.142857,19
10,I_10h,6,3.155020,-0.010000,5.320000,0.333333,0.037037,0.200000,0.064198,0.250000,0.025316,0.111111,19
10,I_10h,7,3.155020,-0.010000,5.320000,0.333333,0.037037,0.200000,0.064198,0.250000,0.025478,0.111111,19
10,I_10h,8,3.739224,-0.010000,4.994286,0.333333,0.037037,0.200000,0.064198,0.250000,0.025478,0.111111,19
10,I_10h,9,3.739224,-0.010000,4.994286,0.333333,0.037037,0.200000,0.064198,0.250000,0.025559,0.111111,19
10,I_10h,10,3.739224,-0.010000,4.994286,0.333333,0.037037,0.200000,0.064198,0.250000,0.025559,0.111111,19
12,I_12h,1,2.782245,-0.010000,4.650000,0.333333,0.016949,0.333333,0.109228,0.250000,0.018519,0.142857,19
12,I_12h,2,2.782245,-0.010000,4.650000,0.333333,0.017241,0.333333,0.109195,0.250000,0.018634,0.142857,19
12,I_12h,3,2.782245,-0.010000,4.650000,0.333333,0.017241,0.333333,0.109195,0.250000,0.018809,0.142857,19
12,I_12h,4,2.782245,-0.010000,4.650000,0.333333,0.017241,0.333333,0.109195,0.250000,0.018809,0.142857,19
12,I_12h,5,2.782245,-0.010000,4.650000,0.333333,0.017241,0.333333,0.109195,0.250000,0.018809,0.142857,19
12,I_12h,6,3.817143,-0.010000,4.650000,0.333333,0.026549,0.250000,0.081121,0.250000,0.022152,0.125000,19
12,I_12h,7,3.817143,-0.010000,4.650000,0.333333,0.026786,0.250000,0.081101,0.250000,0.022293,0.125000,19
12,I_12h,8,3.817143,-0.010000,4.650000,0.333333,0.026786,0.250000,0.081101,0.250000,0.022293,0.125000,19
12,I_12h,9,3.817143,-0.010000,4.650000,0.333333,0.026786,0.250000,0.081101,0.250000,0.022364,0.125000,19
12,I_12h,10,3.817143,-0.010000,4.650000,0.333333,0.026786,0.250000,0.081101,0.250000,0.022364,0.125000,19
24,I_24h,1,4.793878,-0.062105,0.120408,0.500000,0.110236,0.066667,0.029659,0.500000,0.057878,0.100000,19
24,I_24h,2,5.263265,-0.062105,0.030102,0.500000,0.192000,0.040000,0.016160,0.500000,0.090615,0.066667,19
24,I_24h,3,1.156122,-0.062105,0.782653,1.000000,0.528000,0.029412,0.013882,0.750000,0.228758,0.041096,19
24,I_24h,4,1.273469,-0.062105,0.752551,1.000000,0.512000,0.030303,0.014788,0.750000,0.222222,0.042254,19
24,I_24h,5,1.156122,-0.062105,0.812755,1.000000,0.544000,0.028571,0.013029,0.750000,0.235294,0.040000,19
24,I_24h,6,1.625510,-0.062105,0.752551,1.000000,0.483607,0.032787,0.016931,0.750000,0.207921,0.045455,19
24,I_24h,7,1.625510,-0.062105,0.752551,1.000000,0.528926,0.030303,0.014275,0.750000,0.225914,0.042254,19
24,I_24h,8,3.855102,-0.114211,0.872959,1.000000,0.446281,0.035714,0.019776,0.750000,0.192691,0.049180,19
24,I_24h,9,5.380612,-0.114211,0.842857,1.000000,0.404959,0.039216,0.023335,0.750000,0.176080,0.053571,19
24,I_24h,10,5.497959,-0.114211,0.842857,1.000000,0.413223,0.038462,0.022568,0.750000,0.179402,0.052632,19
1/6,I_15min,1,23.693061,-0.791579,27.785423,0.857143,0.288344,0.113208,0.069056,0.750000,0.152239,0.105263,21
1/6,I_15min,2,23.693061,-0.374737,27.785423,0.857143,0.304348,0.109091,0.065048,0.750000,0.159159,0.101695,21
1/6,I_15min,3,150.440816,-0.114211,20.207580,0.571429,0.142857,0.148148,0.072562,0.500000,0.082067,0.129032,21
1/6,I_15min,4,150.440816,-0.114211,21.049563,0.571429,0.161491,0.133333,0.063886,0.500000,0.091185,0.117647,21
1/6,I_15min,5,216.000000,-0.166316,27.785423,0.714286,0.167702,0.156250,0.092890,0.625000,0.094225,0.138889,21
1/6,I_15min,6,154.811429,-0.114211,23.575510,0.714286,0.201258,0.135135,0.077099,0.625000,0.110429,0.121951,21
1/6,I_15min,7,216.000000,-0.166316,27.785423,0.714286,0.208861,0.131579,0.074355,0.625000,0.114198,0.119048,21
1/6,I_15min,8,211.629388,-0.166316,27.785423,0.714286,0.227848,0.121951,0.067261,0.625000,0.123457,0.111111,21
1/6,I_15min,9,207.258776,-0.114211,26.943440,0.714286,0.196203,0.138889,0.079742,0.625000,0.108025,0.125000,21
1/6,I_15min,10,181.035102,-0.114211,27.785423,0.714286,0.202532,0.135135,0.076976,0.625000,0.111111,0.121951,21
1/2,I_30min,1,33.888980,-1.000000,21.727114,0.714286,0.157068,0.142857,0.086013,0.625000,0.104478,0.125000,21
1/2,I_30min,2,53.598367,-0.895789,21.727114,0.714286,0.174603,0.131579,0.077575,0.625000,0.114114,0.116279,21
1/2,I_30min,3,162.000000,-0.166316,19.624490,0.571429,0.105820,0.166667,0.085160,0.500000,0.075988,0.137931,21
1/2,I_30min,4,109.441633,-0.114211,21.026239,0.571429,0.100529,0.173913,0.089388,0.500000,0.072948,0.142857,21
1/2,I_30min,5,112.726531,-0.114211,21.026239,0.714286,0.111111,0.192308,0.122100,0.625000,0.079027,0.161290,21
1/2,I_30min,6,129.151020,-0.114211,21.026239,0.714286,0.117647,0.185185,0.116713,0.625000,0.082822,0.156250,21
1/2,I_30min,7,145.575510,-0.114211,21.026239,0.714286,0.123656,0.178571,0.111779,0.625000,0.086420,0.151515,21
1/2,I_30min,8,63.453061,-0.062105,18.222741,0.714286,0.145161,0.156250,0.095406,0.625000,0.098765,0.135135,21
1/2,I_30min,9,40.458776,-0.062105,19.624490,0.857143,0.182796,0.150000,0.105069,0.750000,0.120370,0.133333,21
1/2,I_30min,10,119.296327,-0.062105,17.521866,0.714286,0.129032,0.172414,0.107262,0.625000,0.089506,0.147059,21
1,I_1h,1,40.203265,-0.114211,15.310204,0.428571,0.063725,0.187500,0.075236,0.375000,0.050746,0.150000,21
1,I_1h,2,16.954286,-0.374737,12.346939,0.857143,0.262376,0.101695,0.064297,0.750000,0.171171,0.095238,21
1,I_1h,3,16.954286,-0.010000,23.706122,0.285714,0.024876,0.285714,0.079602,0.250000,0.027356,0.181818,21
1,I_1h,4,16.954286,-0.010000,23.706122,0.285714,0.024876,0.285714,0.079602,0.250000,0.027356,0.181818,21
1,I_1h,5,109.950204,-0.114211,11.853061,0.714286,0.134328,0.156250,0.096615,0.625000,0.094225,0.138889,21
1,I_1h,6,109.950204,-0.114211,11.853061,0.714286,0.145729,0.147059,0.089734,0.625000,0.101227,0.131579,21
1,I_1h,7,58.802449,-0.062105,24.200000,0.428571,0.040404,0.272727,0.112161,0.375000,0.037037,0.200000,21
1,I_1h,8,40.203265,-0.010000,5.926531,0.428571,0.040404,0.272727,0.112161,0.375000,0.037037,0.200000,21
1,I_1h,9,40.203265,-0.010000,5.926531,0.428571,0.050505,0.230769,0.093906,0.375000,0.043210,0.176471,21
1,I_1h,10,40.203265,-0.010000,5.926531,0.428571,0.050505,0.230769,0.093906,0.375000,0.043210,0.176471,21
2,I_2h,1,12.456735,-0.062105,6.751701,0.666667,0.130612,0.111111,0.064399,0.625000,0.107463,0.121951,21
2,I_2h,2,6.438367,-0.010000,13.233333,0.500000,0.078189,0.136364,0.062851,0.500000,0.069069,0.148148,21
2,I_2h,3,6.438367,-0.010000,13.233333,0.500000,0.079167,0.136364,0.062784,0.500000,0.069909,0.148148,21
2,I_2h,4,6.438367,-0.010000,13.233333,0.500000,0.079167,0.136364,0.062784,0.500000,0.069909,0.148148,21
2,I_2h,5,6.438367,-0.010000,13.233333,0.500000,0.079167,0.136364,0.062784,0.500000,0.069909,0.148148,21
2,I_2h,6,6.438367,-0.010000,13.233333,0.500000,0.079832,0.136364,0.062739,0.500000,0.070552,0.148148,21
2,I_2h,7,6.438367,-0.010000,13.233333,0.500000,0.076271,0.142857,0.065981,0.500000,0.067901,0.153846,21
2,I_2h,8,7.642041,-0.010000,12.423129,0.500000,0.072034,0.150000,0.069597,0.500000,0.064815,0.160000,21
2,I_2h,9,7.642041,-0.010000,12.693197,0.500000,0.072034,0.150000,0.069597,0.500000,0.064815,0.160000,21
2,I_2h,10,7.642041,-0.010000,12.693197,0.500000,0.072034,0.150000,0.069597,0.500000,0.064815,0.160000,21
3,I_3h,1,8.225850,-0.114211,6.010204,0.666667,0.148760,0.100000,0.056749,0.625000,0.119403,0.111111,21
3,I_3h,2,5.632789,-0.010000,7.755102,0.500000,0.100000,0.111111,0.050000,0.500000,0.084084,0.125000,21
3,I_3h,3,6.497143,-0.010000,7.367347,0.500000,0.088608,0.125000,0.056962,0.500000,0.075988,0.137931,21
3,I_3h,4,6.497143,-0.010000,7.367347,0.500000,0.088608,0.125000,0.056962,0.500000,0.075988,0.137931,21
3,I_3h,5,4.768435,-0.010000,9.112245,0.500000,0.092827,0.120000,0.054430,0.500000,0.079027,0.133333,21
3,I_3h,6,4.768435,-0.010000,9.112245,0.500000,0.093617,0.120000,0.054383,0.500000,0.079755,0.133333,21
3,I_3h,7,4.768435,-0.010000,9.112245,0.500000,0.094421,0.120000,0.054335,0.500000,0.080247,0.133333,21
3,I_3h,8,4.768435,-0.010000,9.306122,0.500000,0.085837,0.130435,0.059619,0.500000,0.074074,0.142857,21
3,I_3h,9,4.768435,-0.010000,9.500000,0.500000,0.085837,0.130435,0.059619,0.500000,0.074074,0.142857,21
3,I_3h,10,4.768435,-0.010000,9.500000,0.500000,0.085837,0.130435,0.059619,0.500000,0.074074,0.142857,21
6,I_6h,1,4.589864,-0.687368,4.055556,0.666667,0.171642,0.080000,0.044179,0.625000,0.149254,0.090909,21
6,I_6h,2,4.045714,-0.322632,4.055556,0.666667,0.180451,0.076923,0.042028,0.625000,0.156156,0.087719,21
6,I_6h,3,4.045714,-0.062105,3.244444,0.666667,0.201521,0.070175,0.037356,0.625000,0.173252,0.080645,21
6,I_6h,4,1.324966,-0.010000,5.561905,0.500000,0.125475,0.083333,0.036439,0.500000,0.112462,0.097561,21
6,I_6h,5,12.207959,-0.062105,5.561905,0.333333,0.041825,0.153846,0.049137,0.375000,0.045593,0.166667,21
6,I_6h,6,12.752109,-0.062105,5.561905,0.333333,0.045977,0.142857,0.045430,0.375000,0.049080,0.157895,21
6,I_6h,7,17.105306,-0.062105,5.677778,0.333333,0.046332,0.142857,0.045413,0.375000,0.049383,0.157895,21
6,I_6h,8,4.045714,-0.010000,5.677778,0.333333,0.050193,0.133333,0.042214,0.375000,0.052469,0.150000,21
6,I_6h,9,24.179252,-0.062105,5.677778,0.333333,0.042471,0.153846,0.049104,0.375000,0.046296,0.166667,21
6,I_6h,10,6.222313,-0.010000,4.750794,0.333333,0.038610,0.166667,0.053411,0.375000,0.043210,0.176471,21
8,I_8h,1,3.055714,-0.791579,3.281633,0.666667,0.180392,0.080000,0.043712,0.625000,0.149254,0.090909,21
8,I_8h,2,3.466888,-0.531053,3.281633,0.666667,0.193676,0.075472,0.040570,0.625000,0.159159,0.086207,21
8,I_8h,3,3.466888,-0.478947,2.917007,0.833333,0.272000,0.068493,0.041553,0.750000,0.218845,0.076923,21
8,I_8h,4,3.466888,-0.374737,3.008163,0.833333,0.280000,0.066667,0.040000,0.750000,0.224924,0.075000,21
8,I_8h,5,8.812143,-0.062105,4.466667,0.333333,0.052000,0.133333,0.042133,0.375000,0.051672,0.150000,21
8,I_8h,6,9.223316,-0.062105,4.466667,0.333333,0.056452,0.125000,0.039315,0.375000,0.055215,0.142857,21
8,I_8h,7,15.802092,-0.062105,3.828571,0.333333,0.056911,0.125000,0.039295,0.375000,0.055556,0.142857,21
8,I_8h,8,14.568571,-0.374737,3.008163,0.833333,0.276423,0.068493,0.041300,0.750000,0.222222,0.076923,21
8,I_8h,9,6.345102,-0.114211,3.190476,0.666667,0.186992,0.080000,0.043360,0.625000,0.154321,0.090909,21
8,I_8h,10,3.466888,-0.010000,4.375510,0.333333,0.044715,0.153846,0.048989,0.375000,0.046296,0.166667,21
10,I_10h,1,2.910653,-1.000000,2.684082,0.666667,0.184211,0.075472,0.041046,0.625000,0.158209,0.086207,21
10,I_10h,2,2.910653,-0.635263,2.684082,0.666667,0.185606,0.075472,0.040976,0.625000,0.159159,0.086207,21
10,I_10h,3,3.256735,-0.531053,2.385850,0.833333,0.249042,0.071429,0.044700,0.750000,0.209726,0.080000,21
10,I_10h,4,2.910653,-0.426842,2.460408,0.833333,0.275862,0.064935,0.039185,0.750000,0.231003,0.073171,21
10,I_10h,5,9.140122,-0.062105,3.653333,0.333333,0.049808,0.133333,0.042231,0.375000,0.051672,0.150000,21
10,I_10h,6,9.140122,-0.062105,3.653333,0.333333,0.050193,0.133333,0.042214,0.375000,0.052147,0.150000,21
10,I_10h,7,3.256735,-0.478947,2.460408,0.833333,0.295720,0.061728,0.036228,0.750000,0.246914,0.069767,21
10,I_10h,8,10.524449,-0.374737,2.460408,0.833333,0.268482,0.067568,0.041189,0.750000,0.225309,0.075949,21
10,I_10h,9,13.639184,-0.322632,2.385850,0.833333,0.272374,0.066667,0.040424,0.750000,0.228395,0.075000,21
10,I_10h,10,2.564571,-0.010000,3.653333,0.333333,0.050584,0.133333,0.042196,0.375000,0.052469,0.150000,21
12,I_12h,1,2.425544,-1.000000,2.238776,0.666667,0.188192,0.072727,0.039360,0.625000,0.164179,0.083333,21
12,I_12h,2,2.425544,-0.635263,2.238776,0.666667,0.193309,0.071429,0.038414,0.625000,0.168168,0.081967,21
12,I_12h,3,2.713946,-0.531053,1.990023,0.833333,0.244361,0.071429,0.044979,0.750000,0.209726,0.080000,21
12,I_12h,4,2.425544,-0.426842,2.052211,0.833333,0.270677,0.064935,0.039466,0.750000,0.231003,0.073171,21
12,I_12h,5,7.616769,-0.062105,3.047222,0.333333,0.052632,0.125000,0.039474,0.375000,0.054711,0.142857,21
12,I_12h,6,2.713946,-0.478947,2.052211,0.833333,0.280303,0.063291,0.037959,0.750000,0.239264,0.071429,21
12,I_12h,7,2.713946,-0.478947,2.052211,0.833333,0.290076,0.061728,0.036519,0.750000,0.246914,0.069767,21
12,I_12h,8,5.309558,-0.270526,1.990023,0.833333,0.270992,0.065789,0.039968,0.750000,0.231481,0.074074,21
12,I_12h,9,10.789184,-0.322632,1.990023,0.833333,0.270992,0.065789,0.039968,0.750000,0.231481,0.074074,21
12,I_12h,10,8.193571,-0.322632,1.990023,0.833333,0.278626,0.064103,0.038535,0.750000,0.237654,0.072289,21
24,I_24h,1,1.246939,-1.000000,1.112103,0.666667,0.233083,0.060606,0.030987,0.625000,0.204334,0.070423,21
24,I_24h,2,1.246939,-0.635263,1.112103,0.666667,0.231061,0.061538,0.031546,0.625000,0.202492,0.071429,21
24,I_24h,3,1.246939,-0.635263,1.016780,0.833333,0.306513,0.058824,0.033994,0.750000,0.264984,0.066667,21
24,I_24h,4,1.246939,-0.114211,0.667262,1.000000,0.406130,0.053571,0.031814,0.875000,0.347003,0.059829,21
24,I_24h,5,3.684184,-0.062105,1.556944,0.333333,0.065134,0.105263,0.032802,0.375000,0.066246,0.125000,21
24,I_24h,6,1.390306,-0.478947,1.016780,0.833333,0.329457,0.055556,0.031044,0.750000,0.283439,0.063158,21
24,I_24h,7,1.390306,-0.478947,1.016780,0.833333,0.339844,0.054348,0.029898,0.750000,0.291667,0.061856,21
24,I_24h,8,2.823980,-0.270526,0.985006,0.833333,0.320312,0.057471,0.032552,0.750000,0.275641,0.065217,21
24,I_24h,9,6.981633,-0.374737,1.016780,0.833333,0.312500,0.058824,0.033701,0.750000,0.269231,0.066667,21
24,I_24h,10,6.838265,-0.062105,1.556944,0.333333,0.066406,0.105263,0.032758,0.375000,0.067308,0.125000,21
1/6,I_15min,1,39.771429,-0.166316,57.678367,0.400000,0.000000,1.000000,0.400000,0.333333,0.018519,0.250000,22
1/6,I_15min,2,39.771429,-0.062105,56.476735,0.400000,0.000000,1.000000,0.400000,0.333333,0.018634,0.250000,22
1/6,I_15min,3,60.669388,-0.062105,54.073469,0.400000,0.000000,1.000000,0.400000,0.333333,0.018692,0.250000,22
1/6,I_15min,4,60.669388,-0.062105,54.073469,0.400000,0.000000,1.000000,0.400000,0.333333,0.018692,0.250000,22
1/6,I_15min,5,60.669388,-0.062105,54.073469,0.400000,0.000000,1.000000,0.400000,0.333333,0.018692,0.250000,22
1/6,I_15min,6,60.669388,-0.062105,54.073469,0.400000,0.000000,1.000000,0.400000,0.333333,0.018927,0.250000,22
1/6,I_15min,7,118.138776,-0.062105,51.670204,0.400000,0.000000,1.000000,0.400000,0.333333,0.018987,0.250000,22
1/6,I_15min,8,107.689796,-0.062105,55.275102,0.400000,0.000000,1.000000,0.400000,0.333333,0.018987,0.250000,22
1/6,I_15min,9,102.465306,-0.062105,56.476735,0.400000,0.000000,1.000000,0.400000,0.333333,0.018987,0.250000,22
1/6,I_15min,10,102.465306,-0.062105,56.476735,0.400000,0.000000,1.000000,0.400000,0.333333,0.019048,0.250000,22
1/2,I_30min,1,28.331429,-0.218421,45.400000,0.500000,0.000000,1.000000,0.500000,0.500000,0.012346,0.428571,22
1/2,I_30min,2,28.331429,-0.166316,45.400000,0.500000,0.000000,1.000000,0.500000,0.500000,0.012422,0.428571,22
1/2,I_30min,3,28.331429,-0.062105,43.546939,0.500000,0.000000,1.000000,0.500000,0.500000,0.012461,0.428571,22
1/2,I_30min,4,32.640000,-0.062105,44.473469,0.500000,0.000000,1.000000,0.500000,0.500000,0.012461,0.428571,22
1/2,I_30min,5,45.565714,-0.062105,44.473469,0.500000,0.000000,1.000000,0.500000,0.500000,0.012461,0.428571,22
1/2,I_30min,6,45.565714,-0.062105,44.473469,0.500000,0.000000,1.000000,0.500000,0.500000,0.012618,0.428571,22
1/2,I_30min,7,62.800000,-0.010000,14.824490,0.500000,0.000000,1.000000,0.500000,0.500000,0.012658,0.428571,22
1/2,I_30min,8,54.182857,-0.010000,22.236735,0.500000,0.000000,1.000000,0.500000,0.500000,0.012658,0.428571,22
1/2,I_30min,9,54.182857,-0.010000,24.089796,0.500000,0.000000,1.000000,0.500000,0.500000,0.012658,0.428571,22
1/2,I_30min,10,62.800000,-0.010000,19.457143,0.500000,0.000000,1.000000,0.500000,0.500000,0.012698,0.428571,22
1,I_1h,1,21.805714,-0.010000,28.081633,0.333333,0.000000,1.000000,0.333333,0.500000,0.012346,0.428571,22
1,I_1h,2,21.805714,-0.010000,26.911565,0.333333,0.000000,1.000000,0.333333,0.500000,0.012422,0.428571,22
1,I_1h,3,21.805714,-0.010000,26.911565,0.333333,0.000000,1.000000,0.333333,0.500000,0.012461,0.428571,22
1,I_1h,4,21.805714,-0.010000,26.911565,0.333333,0.000000,1.000000,0.333333,0.500000,0.012461,0.428571,22
1,I_1h,5,21.805714,-0.010000,26.911565,0.333333,0.000000,1.000000,0.333333,0.500000,0.012461,0.428571,22
1,I_1h,6,27.538776,-0.010000,27.496599,0.333333,0.000000,1.000000,0.333333,0.500000,0.012618,0.428571,22
1,I_1h,7,27.538776,-0.010000,27.496599,0.333333,0.000000,1.000000,0.333333,0.500000,0.012658,0.428571,22
1,I_1h,8,27.538776,-0.010000,27.496599,0.333333,0.000000,1.000000,0.333333,0.500000,0.012658,0.428571,22
1,I_1h,9,27.538776,-0.010000,27.496599,0.333333,0.000000,1.000000,0.333333,0.500000,0.012658,0.428571,22
1,I_1h,10,27.538776,-0.010000,27.496599,0.333333,0.000000,1.000000,0.333333,0.500000,0.012698,0.428571,22
2,I_2h,1,7.521837,-1.000000,6.924490,1.000000,0.402235,0.027027,0.016156,0.833333,0.234568,0.061728,22
2,I_2h,2,7.521837,-1.000000,6.924490,1.000000,0.474860,0.022989,0.012072,0.833333,0.273292,0.053763,22
2,I_2h,3,0.970000,-1.000000,9.312245,1.000000,0.500000,0.021978,0.010989,0.833333,0.286604,0.051546,22
2,I_2h,4,21.444490,-1.000000,11.700000,0.500000,0.168539,0.032258,0.013411,0.666667,0.102804,0.108108,22
2,I_2h,5,8.340816,-0.895789,8.595918,1.000000,0.449438,0.024390,0.013428,0.833333,0.258567,0.056818,22
2,I_2h,6,37.824082,-0.426842,9.551020,1.000000,0.262857,0.041667,0.030714,0.833333,0.154574,0.092593,22
2,I_2h,7,37.824082,-0.426842,9.551020,1.000000,0.268571,0.040816,0.029854,0.833333,0.158228,0.090909,22
2,I_2h,8,30.453265,-0.218421,9.551020,1.000000,0.251429,0.043478,0.032547,0.833333,0.148734,0.096154,22
2,I_2h,9,25.539388,-0.166316,9.551020,1.000000,0.257143,0.042553,0.031611,0.833333,0.151899,0.094340,22
2,I_2h,10,34.548163,-0.166316,9.551020,1.000000,0.240000,0.045455,0.034545,0.833333,0.142857,0.100000,22
3,I_3h,1,3.846531,-1.000000,7.976871,1.000000,0.278146,0.045455,0.032812,0.833333,0.141975,0.098039,22
3,I_3h,2,3.846531,-1.000000,7.976871,1.000000,0.311258,0.040816,0.028112,0.833333,0.155280,0.090909,22
3,I_3h,3,2.675918,-1.000000,8.365986,1.000000,0.333333,0.038462,0.025641,0.833333,0.165109,0.086207,22
3,I_3h,4,2.090612,-1.000000,8.949660,1.000000,0.313333,0.040816,0.028027,0.833333,0.155763,0.090909,22
3,I_3h,5,10.284898,-1.000000,8.365986,1.000000,0.273333,0.046512,0.033798,0.833333,0.137072,0.102041,22
3,I_3h,6,13.796735,-0.635263,8.755102,1.000000,0.217687,0.058824,0.046018,0.833333,0.110410,0.125000,22
3,I_3h,7,16.137959,-0.687368,8.755102,1.000000,0.231293,0.055556,0.042706,0.833333,0.117089,0.119048,22
3,I_3h,8,20.235102,-0.426842,8.755102,1.000000,0.231293,0.055556,0.042706,0.833333,0.117089,0.119048,22
3,I_3h,9,17.893878,-0.322632,8.755102,1.000000,0.244898,0.052632,0.039742,0.833333,0.123418,0.113636,22
3,I_3h,10,20.820408,-0.478947,9.144218,1.000000,0.244898,0.052632,0.039742,0.833333,0.123810,0.113636,22
6,I_6h,1,15.224150,-1.000000,0.000000,1.000000,0.363014,0.036364,0.023163,0.833333,0.175926,0.080645,22
6,I_6h,2,0.476667,-1.000000,4.563265,1.000000,0.400000,0.033333,0.020000,0.833333,0.192547,0.074627,22
6,I_6h,3,1.147007,-0.895789,4.351020,1.000000,0.409722,0.032787,0.019353,0.833333,0.196262,0.073529,22
6,I_6h,4,2.487687,-1.000000,4.563265,1.000000,0.354167,0.037736,0.024371,0.833333,0.171340,0.083333,22
6,I_6h,5,5.169048,-1.000000,4.351020,1.000000,0.347222,0.038462,0.025107,0.833333,0.168224,0.084746,22
6,I_6h,6,11.537279,-0.895789,4.669388,1.000000,0.269504,0.050000,0.036525,0.833333,0.132492,0.106383,22
6,I_6h,7,11.537279,-0.895789,4.669388,1.000000,0.283688,0.047619,0.034110,0.833333,0.139241,0.102041,22
6,I_6h,8,12.542789,-0.531053,4.669388,1.000000,0.283688,0.047619,0.034110,0.833333,0.139241,0.102041,22
6,I_6h,9,12.877959,-0.426842,4.669388,1.000000,0.290780,0.046512,0.032987,0.833333,0.142405,0.100000,22
6,I_6h,10,9.191088,-0.374737,4.669388,1.000000,0.319149,0.042553,0.028972,0.833333,0.155556,0.092593,22
8,I_8h,1,6.330000,-0.062105,6.845238,0.333333,0.000000,1.000000,0.333333,0.500000,0.012346,0.428571,22
8,I_8h,2,3.771429,-0.010000,6.547619,0.333333,0.000000,1.000000,0.333333,0.500000,0.012422,0.428571,22
8,I_8h,3,3.771429,-0.010000,6.696429,0.333333,0.000000,1.000000,0.333333,0.500000,0.012461,0.428571,22
8,I_8h,4,5.477143,-0.010000,7.291667,0.333333,0.000000,1.000000,0.333333,0.500000,0.012461,0.428571,22
8,I_8h,5,5.477143,-0.010000,7.291667,0.333333,0.000000,1.000000,0.333333,0.500000,0.012461,0.428571,22
8,I_8h,6,3.771429,-0.010000,6.994048,0.333333,0.000000,1.000000,0.333333,0.500000,0.012618,0.428571,22
8,I_8h,7,3.771429,-0.010000,7.142857,0.333333,0.000000,1.000000,0.333333,0.500000,0.012658,0.428571,22
8,I_8h,8,3.771429,-0.010000,7.142857,0.333333,0.000000,1.000000,0.333333,0.500000,0.012658,0.428571,22
8,I_8h,9,3.771429,-0.010000,7.142857,0.333333,0.000000,1.000000,0.333333,0.500000,0.012658,0.428571,22
8,I_8h,10,3.771429,-0.010000,7.291667,0.333333,0.000000,1.000000,0.333333,0.500000,0.012698,0.428571,22
10,I_10h,1,5.777837,-0.062105,5.707755,0.333333,0.000000,1.000000,0.333333,0.500000,0.012346,0.428571,22
10,I_10h,2,2.362939,-0.010000,5.831837,0.333333,0.000000,1.000000,0.333333,0.500000,0.012422,0.428571,22
10,I_10h,3,2.362939,-0.010000,5.955918,0.333333,0.000000,1.000000,0.333333,0.500000,0.012461,0.428571,22
10,I_10h,4,4.411878,-0.010000,5.831837,0.333333,0.000000,1.000000,0.333333,0.500000,0.012461,0.428571,22
10,I_10h,5,4.411878,-0.010000,5.831837,0.333333,0.000000,1.000000,0.333333,0.500000,0.012461,0.428571,22
10,I_10h,6,3.045918,-0.010000,5.583673,0.333333,0.000000,1.000000,0.333333,0.500000,0.012618,0.428571,22
10,I_10h,7,3.045918,-0.010000,5.583673,0.333333,0.000000,1.000000,0.333333,0.500000,0.012658,0.428571,22
10,I_10h,8,3.045918,-0.010000,5.707755,0.333333,0.000000,1.000000,0.333333,0.500000,0.012658,0.428571,22
10,I_10h,9,3.045918,-0.010000,5.707755,0.333333,0.000000,1.000000,0.333333,0.500000,0.012658,0.428571,22
10,I_10h,10,3.045918,-0.010000,5.831837,0.333333,0.000000,1.000000,0.333333,0.500000,0.012698,0.428571,22
12,I_12h,1,4.814864,-0.010000,4.653061,0.333333,0.000000,1.000000,0.333333,0.500000,0.012346,0.428571,22
12,I_12h,2,1.969116,-0.010000,4.859864,0.333333,0.000000,1.000000,0.333333,0.500000,0.012422,0.428571,22
12,I_12h,3,1.969116,-0.010000,5.066667,0.333333,0.000000,1.000000,0.333333,0.500000,0.012461,0.428571,22
12,I_12h,4,3.676565,-0.010000,5.066667,0.333333,0.000000,1.000000,0.333333,0.500000,0.012461,0.428571,22
12,I_12h,5,3.676565,-0.010000,5.066667,0.333333,0.000000,1.000000,0.333333,0.500000,0.012461,0.428571,22
12,I_12h,6,2.538265,-0.010000,4.653061,0.333333,0.000000,1.000000,0.333333,0.500000,0.012618,0.428571,22
12,I_12h,7,2.538265,-0.010000,4.653061,0.333333,0.000000,1.000000,0.333333,0.500000,0.012658,0.428571,22
12,I_12h,8,2.538265,-0.010000,4.756463,0.333333,0.000000,1.000000,0.333333,0.500000,0.012658,0.428571,22
12,I_12h,9,2.538265,-0.010000,4.756463,0.333333,0.000000,1.000000,0.333333,0.500000,0.012658,0.428571,22
12,I_12h,10,2.538265,-0.010000,4.859864,0.333333,0.000000,1.000000,0.333333,0.500000,0.012698,0.428571,22
24,I_24h,1,4.154405,-1.000000,0.029762,1.000000,0.436090,0.033333,0.018797,0.833333,0.201299,0.074627,22
24,I_24h,2,4.154405,-1.000000,0.029762,1.000000,0.522727,0.028169,0.013444,0.833333,0.235294,0.064935,22
24,I_24h,3,0.130833,-1.000000,1.250000,1.000000,0.534351,0.027778,0.012935,0.833333,0.239344,0.064103,22
24,I_24h,4,0.609830,-0.947895,1.250000,1.000000,0.465649,0.031746,0.016964,0.833333,0.209836,0.072464,22
24,I_24h,5,1.376224,-1.000000,1.190476,1.000000,0.480916,0.030769,0.015972,0.833333,0.216393,0.070423,22
24,I_24h,6,3.867007,-0.791579,1.250000,1.000000,0.379845,0.039216,0.024320,0.833333,0.172185,0.087719,22
24,I_24h,7,3.867007,-0.791579,1.250000,1.000000,0.390625,0.038462,0.023438,0.833333,0.176080,0.086207,22
24,I_24h,8,3.196412,-0.426842,1.250000,1.000000,0.390625,0.038462,0.023438,0.833333,0.176080,0.086207,22
24,I_24h,9,3.867007,-0.322632,1.220238,1.000000,0.398438,0.037736,0.022700,0.833333,0.179402,0.084746,22
24,I_24h,10,4.537602,-0.270526,1.160714,1.000000,0.406250,0.037037,0.021991,0.833333,0.182724,0.083333,22
1/6,I_15min,1,57.404082,-0.010000,15.435418,0.322581,0.063636,0.416667,0.125855,0.333333,0.059211,0.379310,24
1/6,I_15min,2,57.404082,-0.010000,15.435418,0.322581,0.063927,0.416667,0.125816,0.333333,0.059603,0.379310,24
1/6,I_15min,3,38.669388,-1.000000,41.766425,0.483871,0.157407,0.306122,0.124808,0.484848,0.127090,0.296296,24
1/6,I_15min,4,38.669388,-0.010000,31.778802,0.322581,0.074419,0.384615,0.114836,0.333333,0.067114,0.354839,24
1/6,I_15min,5,32.424490,-0.010000,37.226596,0.322581,0.074419,0.384615,0.114836,0.333333,0.067114,0.354839,24
1/6,I_15min,6,32.424490,-0.010000,37.226596,0.322581,0.070423,0.400000,0.119945,0.333333,0.064189,0.366667,24
1/6,I_15min,7,51.159184,-0.010000,30.870836,0.258065,0.033019,0.533333,0.133090,0.272727,0.037415,0.450000,24
1/6,I_15min,8,51.159184,-0.010000,30.870836,0.258065,0.037736,0.500000,0.124163,0.272727,0.040816,0.428571,24
1/6,I_15min,9,38.669388,-0.010000,34.502699,0.322581,0.070755,0.400000,0.119903,0.333333,0.064626,0.366667,24
1/6,I_15min,10,57.404082,-0.010000,13.619487,0.387097,0.099057,0.363636,0.126819,0.393939,0.085034,0.342105,24
1/2,I_30min,1,143.867755,-0.947895,30.412517,0.300000,0.080189,0.346154,0.095519,0.333333,0.069079,0.343750,24
1/2,I_30min,2,19.469388,-0.062105,29.765442,0.333333,0.113744,0.294118,0.086888,0.363636,0.092715,0.300000,24
1/2,I_30min,3,24.076735,-0.687368,30.412517,0.433333,0.177885,0.260000,0.092625,0.454545,0.137124,0.267857,24
1/2,I_30min,4,37.898776,-0.531053,29.118367,0.466667,0.207729,0.245614,0.090810,0.484848,0.157718,0.253968,24
1/2,I_30min,5,47.113469,-0.531053,29.118367,0.466667,0.212560,0.241379,0.088700,0.484848,0.161074,0.250000,24
1/2,I_30min,6,28.684082,-0.010000,23.294694,0.300000,0.087805,0.333333,0.091220,0.333333,0.074324,0.333333,24
1/2,I_30min,7,28.684082,-0.010000,23.941769,0.300000,0.088235,0.333333,0.091176,0.333333,0.074830,0.333333,24
1/2,I_30min,8,24.076735,-0.010000,26.530068,0.300000,0.093137,0.321429,0.087447,0.333333,0.078231,0.323529,24
1/2,I_30min,9,153.082449,-0.114211,27.177143,0.366667,0.127451,0.297297,0.095116,0.393939,0.102041,0.302326,24
1/2,I_30min,10,162.297143,-0.114211,27.824218,0.366667,0.117647,0.314286,0.101681,0.393939,0.095238,0.317073,24
1,I_1h,1,43.371429,-0.739474,21.144828,0.310345,0.087156,0.321429,0.091060,0.333333,0.075658,0.323529,24
1,I_1h,2,6.813061,-0.166316,19.418719,0.448276,0.193548,0.236364,0.085448,0.454545,0.152318,0.245902,24
1,I_1h,3,6.813061,-0.635263,21.144828,0.482759,0.191589,0.254545,0.099341,0.484848,0.150502,0.262295,24
1,I_1h,4,9.859592,-0.218421,18.124138,0.517241,0.224299,0.238095,0.095530,0.515152,0.171141,0.250000,24
1,I_1h,5,37.278367,-0.739474,18.555665,0.482759,0.200935,0.245614,0.094747,0.484848,0.154362,0.258065,24
1,I_1h,6,34.231837,-0.426842,18.555665,0.482759,0.211268,0.237288,0.090352,0.484848,0.158784,0.253968,24
1,I_1h,7,31.185306,-0.062105,18.987192,0.344828,0.108491,0.303030,0.093157,0.363636,0.085034,0.324324,24
1,I_1h,8,31.185306,-0.062105,19.418719,0.344828,0.113208,0.294118,0.089938,0.363636,0.088435,0.315789,24
1,I_1h,9,31.185306,-0.114211,20.281773,0.413793,0.146226,0.279070,0.098591,0.424242,0.112245,0.297872,24
1,I_1h,10,31.185306,-0.062105,18.987192,0.379310,0.122642,0.297297,0.098938,0.393939,0.095238,0.317073,24
2,I_2h,1,23.591429,-0.114211,12.317382,0.241379,0.022624,0.583333,0.137619,0.272727,0.029605,0.500000,24
2,I_2h,2,25.694286,-0.531053,12.317382,0.344828,0.068182,0.400000,0.128527,0.363636,0.062914,0.387097,24
2,I_2h,3,23.591429,-0.843684,11.246305,0.448276,0.129032,0.317073,0.123796,0.454545,0.107023,0.319149,24
2,I_2h,4,21.488571,-1.000000,12.317382,0.448276,0.143519,0.295455,0.113437,0.454545,0.117450,0.300000,24
2,I_2h,5,21.488571,-0.426842,12.317382,0.448276,0.138889,0.302326,0.116702,0.454545,0.114094,0.306122,24
2,I_2h,6,6.768571,-0.114211,12.049613,0.448276,0.148837,0.288889,0.110227,0.454545,0.118243,0.300000,24
2,I_2h,7,17.282857,-0.166316,12.049613,0.448276,0.140845,0.302326,0.116437,0.454545,0.112245,0.312500,24
2,I_2h,8,13.077143,-0.114211,12.317382,0.448276,0.136150,0.309524,0.119861,0.454545,0.108844,0.319149,24
2,I_2h,9,69.854286,-0.114211,8.033075,0.482759,0.154930,0.297872,0.121521,0.484848,0.122449,0.307692,24
2,I_2h,10,32.002857,-0.114211,10.978536,0.448276,0.136150,0.309524,0.119861,0.454545,0.108844,0.319149,24
3,I_3h,1,25.245714,-0.114211,5.401633,0.300000,0.030568,0.562500,0.163592,0.303030,0.036184,0.476190,24
3,I_3h,2,17.464762,-0.062105,7.063673,0.266667,0.026316,0.571429,0.148371,0.272727,0.033113,0.473684,24
3,I_3h,3,19.020952,-0.843684,7.686939,0.466667,0.133333,0.318182,0.128687,0.454545,0.113712,0.306122,24
3,I_3h,4,17.464762,-0.843684,7.686939,0.500000,0.169643,0.283019,0.117503,0.484848,0.140940,0.275862,24
3,I_3h,5,20.577143,-0.687368,7.479184,0.533333,0.183036,0.280702,0.122306,0.515152,0.151007,0.274194,24
3,I_3h,6,3.459048,-0.062105,8.310204,0.466667,0.152466,0.291667,0.115359,0.454545,0.125000,0.288462,24
3,I_3h,7,29.914286,-0.218421,7.894694,0.500000,0.144796,0.319149,0.136469,0.484848,0.119048,0.313725,24
3,I_3h,8,15.908571,-0.114211,7.894694,0.500000,0.126697,0.348837,0.152320,0.484848,0.105442,0.340426,24
3,I_3h,9,15.908571,-0.114211,7.894694,0.500000,0.131222,0.340909,0.148087,0.484848,0.108844,0.333333,24
3,I_3h,10,17.464762,-0.114211,7.479184,0.533333,0.158371,0.313725,0.140822,0.515152,0.129252,0.309091,24
6,I_6h,1,11.840680,-0.114211,4.629361,0.322581,0.020661,0.666667,0.210611,0.303030,0.029605,0.526316,24
6,I_6h,2,10.781224,-0.947895,5.015142,0.451613,0.087500,0.400000,0.164839,0.424242,0.082781,0.358974,24
6,I_6h,3,11.840680,-1.000000,5.015142,0.483871,0.109705,0.365854,0.157605,0.454545,0.100334,0.333333,24
6,I_6h,4,5.483946,-0.322632,5.015142,0.483871,0.122881,0.340909,0.144686,0.454545,0.110738,0.312500,24
6,I_6h,5,8.662313,-0.687368,5.015142,0.516129,0.127119,0.347826,0.156702,0.484848,0.114094,0.320000,24
6,I_6h,6,8.662313,-0.374737,4.500768,0.580645,0.174468,0.305085,0.146240,0.545455,0.148649,0.290323,24
6,I_6h,7,12.900136,-0.218421,5.272328,0.451613,0.098712,0.378378,0.154013,0.424242,0.088435,0.350000,24
6,I_6h,8,9.721769,-0.114211,5.015142,0.483871,0.094421,0.405405,0.177642,0.454545,0.085034,0.375000,24
6,I_6h,9,5.483946,-0.062105,4.886548,0.451613,0.090129,0.400000,0.164364,0.424242,0.081633,0.368421,24
6,I_6h,10,6.543401,-0.062105,4.886548,0.451613,0.090129,0.400000,0.164364,0.424242,0.081633,0.368421,24
8,I_8h,1,9.144643,-0.114211,3.267262,0.300000,0.024194,0.600000,0.175645,0.303030,0.032895,0.500000,24
8,I_8h,2,13.002704,-1.000000,3.827364,0.466667,0.085366,0.400000,0.170732,0.454545,0.082781,0.375000,24
8,I_8h,3,8.501633,-0.947895,3.827364,0.500000,0.115226,0.348837,0.154321,0.484848,0.107023,0.333333,24
8,I_8h,4,0.785510,-1.000000,3.827364,0.600000,0.169421,0.305085,0.152038,0.575758,0.151007,0.296875,24
8,I_8h,5,5.929592,-0.531053,3.827364,0.533333,0.132231,0.333333,0.154270,0.515152,0.120805,0.320755,24
8,I_8h,6,14.931735,-0.687368,3.827364,0.533333,0.136929,0.326531,0.150303,0.515152,0.121622,0.320755,24
8,I_8h,7,13.002704,-0.374737,3.827364,0.533333,0.129707,0.340426,0.158011,0.515152,0.115646,0.333333,24
8,I_8h,8,22.647857,-0.426842,3.827364,0.533333,0.129707,0.340426,0.158011,0.515152,0.115646,0.333333,24
8,I_8h,9,7.215612,-0.322632,3.827364,0.533333,0.142259,0.320000,0.146388,0.515152,0.125850,0.314815,24
8,I_8h,10,6.572602,-0.114211,4.014065,0.433333,0.092050,0.371429,0.146137,0.424242,0.085034,0.358974,24
10,I_10h,1,7.832898,-0.166316,3.029116,0.300000,0.029046,0.562500,0.163849,0.303030,0.036184,0.476190,24
10,I_10h,2,9.375878,-1.000000,3.104844,0.466667,0.100000,0.368421,0.154737,0.454545,0.092715,0.348837,24
10,I_10h,3,6.804245,-1.000000,3.104844,0.500000,0.130802,0.326087,0.141717,0.484848,0.117057,0.313725,24
10,I_10h,4,10.404531,-0.895789,3.256299,0.466667,0.118644,0.333333,0.137100,0.454545,0.107383,0.319149,24
10,I_10h,5,4.746939,-0.635263,3.256299,0.500000,0.127119,0.333333,0.145480,0.484848,0.114094,0.320000,24
10,I_10h,6,11.433184,-0.687368,3.256299,0.500000,0.131915,0.326087,0.141536,0.484848,0.114865,0.320000,24
10,I_10h,7,10.404531,-0.322632,3.104844,0.533333,0.141631,0.326531,0.149485,0.515152,0.122449,0.320755,24
10,I_10h,8,8.347224,-0.166316,3.256299,0.433333,0.090129,0.382353,0.150753,0.424242,0.081633,0.368421,24
10,I_10h,9,6.804245,-0.114211,3.104844,0.466667,0.107296,0.358974,0.149547,0.454545,0.095238,0.348837,24
10,I_10h,10,3.718286,-0.062105,3.104844,0.433333,0.094421,0.371429,0.145755,0.424242,0.085034,0.358974,24
12,I_12h,1,14.140816,-0.687368,2.297143,0.433333,0.081633,0.393939,0.156772,0.424242,0.078947,0.368421,24
12,I_12h,2,8.436735,-0.947895,2.488571,0.466667,0.102459,0.358974,0.150357,0.454545,0.096026,0.340909,24
12,I_12h,3,10.191837,-1.000000,2.488571,0.500000,0.136929,0.312500,0.134855,0.484848,0.123746,0.301887,24
12,I_12h,4,0.977551,-0.010000,1.850476,0.566667,0.179167,0.283333,0.131789,0.545455,0.157718,0.276923,24
12,I_12h,5,4.048980,-0.426842,2.424762,0.566667,0.166667,0.298246,0.140838,0.545455,0.147651,0.290323,24
12,I_12h,6,0.977551,-0.062105,2.233333,0.600000,0.192469,0.281250,0.136271,0.575758,0.165541,0.279412,24
12,I_12h,7,11.946939,-0.270526,2.360952,0.566667,0.156118,0.314815,0.150544,0.545455,0.136054,0.310345,24
12,I_12h,8,11.946939,-0.270526,2.360952,0.566667,0.156118,0.314815,0.150544,0.545455,0.136054,0.310345,24
12,I_12h,9,3.171429,-0.166316,2.360952,0.566667,0.172996,0.293103,0.137359,0.545455,0.149660,0.290323,24
12,I_12h,10,5.365306,-0.114211,2.871429,0.400000,0.088608,0.363636,0.132566,0.393939,0.081633,0.351351,24
24,I_24h,1,3.506633,-0.843684,1.397942,0.466667,0.101266,0.368421,0.154519,0.454545,0.094406,0.357143,24
24,I_24h,2,3.196939,-0.791579,1.577166,0.400000,0.080851,0.387097,0.142320,0.393939,0.077465,0.371429,24
24,I_24h,3,1.338776,-1.000000,1.397942,0.566667,0.159483,0.314815,0.149944,0.545455,0.142349,0.310345,24
24,I_24h,4,1.338776,-1.000000,1.397942,0.566667,0.159483,0.314815,0.149944,0.545455,0.142349,0.310345,24
24,I_24h,5,1.029082,-0.687368,1.397942,0.600000,0.172414,0.310345,0.154102,0.575758,0.153025,0.306452,24
24,I_24h,6,1.029082,-0.635263,1.397942,0.600000,0.168831,0.315789,0.157485,0.575758,0.146953,0.316667,24
24,I_24h,7,3.816327,-0.374737,1.433787,0.533333,0.131004,0.347826,0.161205,0.515152,0.115523,0.346939,24
24,I_24h,8,4.126020,-0.270526,1.397942,0.533333,0.126638,0.355556,0.165615,0.515152,0.111913,0.354167,24
24,I_24h,9,2.887245,-0.270526,1.433787,0.533333,0.135371,0.340426,0.156982,0.515152,0.119134,0.340000,24
24,I_24h,10,0.719388,-0.218421,1.433787,0.566667,0.157205,0.320755,0.153187,0.545455,0.137184,0.321429,24
1/6,I_15min,1,44.434286,-0.322632,69.600000,0.600000,0.015544,0.500000,0.295337,0.500000,0.018325,0.300000,25
1/6,I_15min,2,136.306939,-0.426842,68.179592,0.600000,0.020833,0.428571,0.251786,0.500000,0.018421,0.300000,25
1/6,I_15min,3,210.953469,-0.531053,69.600000,0.600000,0.026042,0.375000,0.219141,0.500000,0.021108,0.272727,25
1/6,I_15min,4,210.953469,-0.531053,69.600000,0.600000,0.026042,0.375000,0.219141,0.500000,0.021164,0.272727,25
1/6,I_15min,5,44.434286,-0.166316,69.600000,0.600000,0.020833,0.428571,0.251786,0.500000,0.018519,0.300000,25
1/6,I_15min,6,27.208163,-0.114211,69.600000,0.600000,0.026455,0.375000,0.219048,0.500000,0.021390,0.272727,25
1/6,I_15min,7,27.208163,-0.062105,65.338776,0.600000,0.031746,0.333333,0.193651,0.500000,0.024129,0.250000,25
1/6,I_15min,8,27.208163,-0.062105,66.759184,0.600000,0.031746,0.333333,0.193651,0.500000,0.024194,0.250000,25
1/6,I_15min,9,147.791020,-0.166316,69.600000,0.600000,0.026596,0.375000,0.219016,0.500000,0.021563,0.272727,25
1/6,I_15min,10,101.854694,-0.114211,66.759184,0.600000,0.026596,0.375000,0.219016,0.500000,0.021563,0.272727,25
1/2,I_30min,1,79.714286,-0.010000,36.897959,0.250000,0.000000,1.000000,0.250000,0.333333,0.010471,0.333333,25
1/2,I_30min,2,4.040000,-1.000000,54.193878,0.750000,0.049383,0.272727,0.194444,0.666667,0.028947,0.266667,25
1/2,I_30min,3,4.040000,-1.000000,54.193878,0.750000,0.049383,0.272727,0.194444,0.666667,0.029024,0.266667,25
1/2,I_30min,4,4.040000,-1.000000,54.193878,0.750000,0.049383,0.272727,0.194444,0.666667,0.029101,0.266667,25
1/2,I_30min,5,163.354286,-0.374737,54.193878,0.750000,0.030864,0.375000,0.272569,0.666667,0.021164,0.333333,25
1/2,I_30min,6,163.354286,-0.374737,54.193878,0.750000,0.031447,0.375000,0.272406,0.666667,0.021390,0.333333,25
1/2,I_30min,7,163.354286,-0.374737,54.193878,0.750000,0.031447,0.375000,0.272406,0.666667,0.021448,0.333333,25
1/2,I_30min,8,131.491429,-0.322632,54.193878,0.750000,0.037736,0.333333,0.240566,0.666667,0.024194,0.307692,25
1/2,I_30min,9,83.697143,-0.218421,54.193878,0.750000,0.037975,0.333333,0.240506,0.666667,0.024259,0.307692,25
1/2,I_30min,10,67.765714,-0.114211,53.040816,0.750000,0.031646,0.375000,0.272350,0.666667,0.021563,0.333333,25
1,I_1h,1,16.616327,-1.000000,45.158367,0.600000,0.015748,0.600000,0.354331,0.500000,0.015707,0.333333,25
1,I_1h,2,164.635918,-0.583158,44.197551,0.600000,0.015873,0.600000,0.354286,0.500000,0.013158,0.375000,25
1,I_1h,3,3.160000,-1.000000,44.197551,0.800000,0.047619,0.400000,0.304762,0.666667,0.023747,0.307692,25
1,I_1h,4,3.160000,-1.000000,44.197551,0.800000,0.047619,0.400000,0.304762,0.666667,0.023810,0.307692,25
1,I_1h,5,107.446531,-0.374737,41.315102,0.800000,0.031746,0.500000,0.387302,0.666667,0.018519,0.363636,25
1,I_1h,6,6.524082,-0.843684,46.119184,0.800000,0.040650,0.444444,0.341102,0.666667,0.021390,0.333333,25
1,I_1h,7,6.524082,-0.843684,46.119184,0.800000,0.040650,0.444444,0.341102,0.666667,0.021448,0.333333,25
1,I_1h,8,117.538776,-0.426842,44.197551,0.800000,0.032520,0.500000,0.386992,0.666667,0.018817,0.363636,25
1,I_1h,9,73.805714,-0.322632,44.197551,0.800000,0.032787,0.500000,0.386885,0.666667,0.018868,0.363636,25
1,I_1h,10,73.805714,-0.322632,44.197551,0.800000,0.032787,0.500000,0.386885,0.666667,0.018868,0.363636,25
2,I_2h,1,8.493878,-0.010000,26.377551,0.333333,0.000000,1.000000,0.333333,0.500000,0.010471,0.428571,25
2,I_2h,2,14.787755,-0.687368,25.255102,0.666667,0.026087,0.400000,0.259710,0.666667,0.015789,0.400000,25
2,I_2h,3,12.689796,-0.531053,25.255102,0.666667,0.034783,0.333333,0.214493,0.666667,0.018470,0.363636,25
2,I_2h,4,12.689796,-0.531053,25.255102,0.666667,0.034783,0.333333,0.214493,0.666667,0.018519,0.363636,25
2,I_2h,5,12.689796,-0.531053,25.255102,0.666667,0.043478,0.285714,0.182195,0.666667,0.021164,0.333333,25
2,I_2h,6,6.395918,-1.000000,25.255102,0.666667,0.044643,0.285714,0.181973,0.666667,0.021390,0.333333,25
2,I_2h,7,6.395918,-1.000000,25.255102,0.666667,0.045045,0.285714,0.181896,0.666667,0.021448,0.333333,25
2,I_2h,8,8.493878,-0.010000,27.500000,0.333333,0.000000,1.000000,0.333333,0.500000,0.008065,0.500000,25
2,I_2h,9,8.493878,-0.010000,27.500000,0.333333,0.000000,1.000000,0.333333,0.500000,0.008086,0.500000,25
2,I_2h,10,8.493878,-0.010000,27.500000,0.333333,0.000000,1.000000,0.333333,0.500000,0.008086,0.500000,25
3,I_3h,1,8.044898,-1.000000,16.789796,0.750000,0.042735,0.375000,0.269231,0.666667,0.023560,0.307692,25
3,I_3h,2,1.720000,-0.218421,16.789796,1.000000,0.094828,0.266667,0.241379,0.833333,0.036842,0.263158,25
3,I_3h,3,1.720000,-0.426842,16.789796,1.000000,0.103448,0.250000,0.224138,0.833333,0.039578,0.250000,25
3,I_3h,4,1.720000,-0.426842,16.789796,1.000000,0.103448,0.250000,0.224138,0.833333,0.039683,0.250000,25
3,I_3h,5,6.463673,-0.114211,21.650000,0.500000,0.017241,0.500000,0.245690,0.500000,0.013228,0.375000,25
3,I_3h,6,3.301224,-0.114211,21.650000,0.500000,0.017857,0.500000,0.245536,0.500000,0.013369,0.375000,25
3,I_3h,7,3.301224,-0.114211,21.650000,0.500000,0.018018,0.500000,0.245495,0.500000,0.013405,0.375000,25
3,I_3h,8,3.301224,-0.114211,21.650000,0.500000,0.018018,0.500000,0.245495,0.500000,0.013441,0.375000,25
3,I_3h,9,8.044898,-1.000000,16.789796,1.000000,0.090909,0.285714,0.259740,0.833333,0.035040,0.277778,25
3,I_3h,10,45.994286,-0.426842,16.789796,1.000000,0.081818,0.307692,0.282517,0.833333,0.032345,0.294118,25
6,I_6h,1,3.516871,-0.270526,11.325000,0.500000,0.027586,0.333333,0.162069,0.500000,0.020942,0.272727,25
6,I_6h,2,4.396939,-1.000000,11.093878,0.500000,0.027778,0.333333,0.162037,0.500000,0.018421,0.300000,25
6,I_6h,3,4.396939,-1.000000,11.093878,0.500000,0.027778,0.333333,0.162037,0.500000,0.018470,0.300000,25
6,I_6h,4,4.396939,-0.739474,11.325000,0.500000,0.034965,0.285714,0.137862,0.500000,0.021164,0.272727,25
6,I_6h,5,4.396939,-0.218421,11.325000,0.500000,0.027972,0.333333,0.162005,0.500000,0.018519,0.300000,25
6,I_6h,6,4.396939,-0.166316,11.325000,0.500000,0.028571,0.333333,0.161905,0.500000,0.016043,0.333333,25
6,I_6h,7,4.396939,-0.166316,11.325000,0.500000,0.028777,0.333333,0.161871,0.500000,0.016086,0.333333,25
6,I_6h,8,4.396939,-0.114211,11.093878,0.500000,0.028777,0.333333,0.161871,0.500000,0.016129,0.333333,25
6,I_6h,9,4.396939,-0.114211,11.325000,0.500000,0.028986,0.333333,0.161836,0.500000,0.016173,0.333333,25
6,I_6h,10,9.677347,-0.114211,11.093878,0.500000,0.028986,0.333333,0.161836,0.500000,0.016173,0.333333,25
8,I_8h,1,2.637653,-0.270526,8.531250,0.500000,0.030120,0.285714,0.138554,0.500000,0.023560,0.250000,25
8,I_8h,2,2.637653,-0.218421,8.531250,0.500000,0.030303,0.285714,0.138528,0.500000,0.021053,0.272727,25
8,I_8h,3,3.297704,-1.000000,8.531250,0.500000,0.030488,0.285714,0.138502,0.500000,0.021108,0.272727,25
8,I_8h,4,3.297704,-1.000000,8.531250,0.500000,0.030675,0.285714,0.138475,0.500000,0.021164,0.272727,25
8,I_8h,5,4.617806,-0.218421,8.531250,0.500000,0.024540,0.333333,0.162577,0.500000,0.018519,0.300000,25
8,I_8h,6,3.297704,-0.531053,8.531250,0.500000,0.025157,0.333333,0.162474,0.500000,0.018717,0.300000,25
8,I_8h,7,3.297704,-0.531053,8.531250,0.500000,0.025316,0.333333,0.162447,0.500000,0.018767,0.300000,25
8,I_8h,8,3.297704,-0.531053,8.531250,0.500000,0.025316,0.333333,0.162447,0.500000,0.018817,0.300000,25
8,I_8h,9,3.297704,-0.531053,8.531250,0.500000,0.025478,0.333333,0.162420,0.500000,0.018868,0.300000,25
8,I_8h,10,6.597959,-0.114211,8.531250,0.500000,0.025478,0.333333,0.162420,0.500000,0.018868,0.300000,25
10,I_10h,1,2.110122,-0.270526,6.825000,0.500000,0.038251,0.222222,0.106861,0.500000,0.028796,0.214286,25
10,I_10h,2,2.110122,-0.218421,6.825000,0.500000,0.038462,0.222222,0.106838,0.500000,0.026316,0.230769,25
10,I_10h,3,2.110122,-0.426842,6.825000,0.500000,0.044199,0.200000,0.095580,0.500000,0.029024,0.214286,25
10,I_10h,4,2.638163,-0.426842,6.825000,0.500000,0.044444,0.200000,0.095556,0.500000,0.029101,0.214286,25
10,I_10h,5,4.222286,-0.166316,6.825000,0.500000,0.022222,0.333333,0.162963,0.500000,0.018519,0.300000,25
10,I_10h,6,4.750327,-0.166316,6.825000,0.500000,0.022727,0.333333,0.162879,0.500000,0.018717,0.300000,25
10,I_10h,7,4.222286,-0.114211,6.825000,0.500000,0.022857,0.333333,0.162857,0.500000,0.018767,0.300000,25
10,I_10h,8,4.222286,-0.114211,6.825000,0.500000,0.022857,0.333333,0.162857,0.500000,0.018817,0.300000,25
10,I_10h,9,4.222286,-0.114211,6.825000,0.500000,0.022989,0.333333,0.162835,0.500000,0.018868,0.300000,25
10,I_10h,10,5.806408,-0.114211,6.825000,0.500000,0.022989,0.333333,0.162835,0.500000,0.018868,0.300000,25
12,I_12h,1,0.438333,-1.000000,4.294643,1.000000,0.171123,0.111111,0.092097,0.833333,0.094241,0.121951,25
12,I_12h,2,0.438333,-0.426842,4.294643,1.000000,0.177419,0.108108,0.088928,0.833333,0.094737,0.121951,25
12,I_12h,3,0.438333,-1.000000,4.294643,1.000000,0.189189,0.102564,0.083160,0.833333,0.100264,0.116279,25
12,I_12h,4,0.438333,-1.000000,4.294643,1.000000,0.190217,0.102564,0.083055,0.833333,0.100529,0.116279,25
12,I_12h,5,4.398639,-0.166316,5.687500,0.500000,0.032609,0.250000,0.120924,0.500000,0.023810,0.250000,25
12,I_12h,6,4.398639,-0.166316,5.687500,0.500000,0.038889,0.222222,0.106790,0.500000,0.026738,0.230769,25
12,I_12h,7,21.119932,-0.218421,5.687500,0.500000,0.033520,0.250000,0.120810,0.500000,0.024129,0.250000,25
12,I_12h,8,13.639354,-0.166316,5.687500,0.500000,0.033520,0.250000,0.120810,0.500000,0.024194,0.250000,25
12,I_12h,9,13.639354,-0.166316,5.687500,0.500000,0.033708,0.250000,0.120787,0.500000,0.024259,0.250000,25
12,I_12h,10,14.079388,-0.166316,5.687500,0.500000,0.033708,0.250000,0.120787,0.500000,0.024259,0.250000,25
24,I_24h,1,0.440510,-0.166316,2.034226,1.000000,0.231959,0.081633,0.062697,0.833333,0.134986,0.092593,25
24,I_24h,2,0.440510,-0.166316,2.034226,1.000000,0.233161,0.081633,0.062599,0.833333,0.132964,0.094340,25
24,I_24h,3,0.220000,-1.000000,2.150468,1.000000,0.244792,0.078431,0.059232,0.833333,0.138889,0.090909,25
24,I_24h,4,0.220000,-1.000000,2.150468,1.000000,0.246073,0.078431,0.059132,0.833333,0.139276,0.090909,25
24,I_24h,5,2.425102,-0.166316,2.847917,0.500000,0.052356,0.166667,0.078970,0.500000,0.036212,0.187500,25
24,I_24h,6,2.425102,-0.166316,2.847917,0.500000,0.058824,0.153846,0.072398,0.500000,0.039437,0.176471,25
24,I_24h,7,2.425102,-0.114211,2.847917,0.500000,0.053763,0.166667,0.078853,0.500000,0.036723,0.187500,25
24,I_24h,8,2.425102,-0.114211,2.847917,0.500000,0.053763,0.166667,0.078853,0.500000,0.036723,0.187500,25
24,I_24h,9,2.425102,-0.114211,2.847917,0.500000,0.054054,0.166667,0.078829,0.500000,0.036827,0.187500,25
24,I_24h,10,5.732755,-0.426842,2.150468,1.000000,0.172973,0.111111,0.091892,0.833333,0.099150,0.125000,25
1/6,I_15min,1,17.740408,-0.010000,58.400000,0.333333,0.000000,1.000000,0.333333,0.250000,0.011628,0.250000,27
1/6,I_15min,2,17.740408,-0.010000,58.400000,0.333333,0.000000,1.000000,0.333333,0.250000,0.011719,0.250000,27
1/6,I_15min,3,17.740408,-0.010000,58.400000,0.333333,0.000000,1.000000,0.333333,0.250000,0.011765,0.250000,27
1/6,I_15min,4,17.740408,-0.010000,58.400000,0.333333,0.000000,1.000000,0.333333,0.250000,0.011765,0.250000,27
1/6,I_15min,5,21.893878,-0.010000,54.824490,0.333333,0.000000,1.000000,0.333333,0.250000,0.011765,0.250000,27
1/6,I_15min,6,21.893878,-0.010000,54.824490,0.333333,0.000000,1.000000,0.333333,0.250000,0.011952,0.250000,27
1/6,I_15min,7,21.893878,-0.010000,54.824490,0.333333,0.000000,1.000000,0.333333,0.250000,0.012000,0.250000,27
1/6,I_15min,8,21.893878,-0.010000,54.824490,0.333333,0.000000,1.000000,0.333333,0.250000,0.012000,0.250000,27
1/6,I_15min,9,71.735510,-0.218421,52.440816,0.666667,0.071429,0.666667,0.412698,0.500000,0.016000,0.333333,27
1/6,I_15min,10,63.428571,-0.166316,52.440816,0.666667,0.071429,0.666667,0.412698,0.500000,0.016000,0.333333,27
1/2,I_30min,1,40.577143,-1.000000,39.292517,1.000000,0.136364,0.500000,0.431818,0.750000,0.023256,0.333333,27
1/2,I_30min,2,29.760000,-0.895789,44.462585,1.000000,0.181818,0.428571,0.350649,0.750000,0.027344,0.300000,27
1/2,I_30min,3,18.942857,-0.062105,50.666667,0.333333,0.000000,1.000000,0.333333,0.250000,0.011765,0.250000,27
1/2,I_30min,4,18.942857,-0.062105,50.666667,0.333333,0.000000,1.000000,0.333333,0.250000,0.011765,0.250000,27
1/2,I_30min,5,119.902857,-0.531053,42.394558,1.000000,0.181818,0.428571,0.350649,0.750000,0.027451,0.300000,27
1/2,I_30min,6,40.577143,-0.062105,41.360544,0.666667,0.000000,1.000000,0.666667,0.500000,0.011952,0.400000,27
1/2,I_30min,7,36.971429,-0.062105,42.394558,0.666667,0.000000,1.000000,0.666667,0.500000,0.012000,0.400000,27
1/2,I_30min,8,36.971429,-0.062105,42.394558,0.666667,0.000000,1.000000,0.666667,0.500000,0.012000,0.400000,27
1/2,I_30min,9,36.971429,-0.114211,42.394558,1.000000,0.050000,0.750000,0.712500,0.750000,0.016000,0.428571,27
1/2,I_30min,10,36.971429,-0.062105,40.326531,1.000000,0.050000,0.750000,0.712500,0.750000,0.016000,0.428571,27
1,I_1h,1,18.065306,-0.010000,37.066667,0.333333,0.000000,1.000000,0.333333,0.250000,0.011628,0.250000,27
1,I_1h,2,18.065306,-0.010000,37.066667,0.333333,0.000000,1.000000,0.333333,0.250000,0.011719,0.250000,27
1,I_1h,3,18.065306,-0.010000,37.066667,0.333333,0.000000,1.000000,0.333333,0.250000,0.011765,0.250000,27
1,I_1h,4,18.065306,-0.010000,37.066667,0.333333,0.000000,1.000000,0.333333,0.250000,0.011765,0.250000,27
1,I_1h,5,18.065306,-0.010000,37.066667,0.333333,0.000000,1.000000,0.333333,0.250000,0.011765,0.250000,27
1,I_1h,6,88.285714,-0.166316,27.232653,1.000000,0.120000,0.500000,0.440000,0.750000,0.023904,0.333333,27
1,I_1h,7,88.285714,-0.166316,27.232653,1.000000,0.160000,0.428571,0.360000,0.750000,0.028000,0.300000,27
1,I_1h,8,97.444898,-0.166316,27.232653,1.000000,0.160000,0.428571,0.360000,0.750000,0.028000,0.300000,27
1,I_1h,9,91.338776,-0.114211,26.476190,1.000000,0.080000,0.600000,0.552000,0.750000,0.020000,0.375000,27
1,I_1h,10,91.338776,-0.114211,26.476190,1.000000,0.080000,0.600000,0.552000,0.750000,0.020000,0.375000,27
2,I_2h,1,15.373673,-1.000000,22.892517,0.333333,0.000000,1.000000,0.333333,0.250000,0.011628,0.250000,27
2,I_2h,2,15.373673,-0.426842,23.379592,0.333333,0.000000,1.000000,0.333333,0.250000,0.011719,0.250000,27
2,I_2h,3,15.373673,-0.010000,22.405442,0.333333,0.000000,1.000000,0.333333,0.250000,0.011765,0.250000,27
2,I_2h,4,15.373673,-0.010000,22.405442,0.333333,0.000000,1.000000,0.333333,0.250000,0.011765,0.250000,27
2,I_2h,5,15.373673,-0.010000,22.405442,0.333333,0.000000,1.000000,0.333333,0.250000,0.011765,0.250000,27
2,I_2h,6,15.373673,-0.270526,23.866667,0.333333,0.000000,1.000000,0.333333,0.250000,0.011952,0.250000,27
2,I_2h,7,15.373673,-0.218421,23.379592,0.333333,0.000000,1.000000,0.333333,0.250000,0.012000,0.250000,27
2,I_2h,8,15.373673,-0.218421,23.866667,0.333333,0.000000,1.000000,0.333333,0.250000,0.012000,0.250000,27
2,I_2h,9,15.373673,-0.062105,22.892517,0.333333,0.000000,1.000000,0.333333,0.250000,0.012000,0.250000,27
2,I_2h,10,15.373673,-0.062105,22.892517,0.333333,0.000000,1.000000,0.333333,0.250000,0.012000,0.250000,27
3,I_3h,1,18.894966,-1.000000,10.267347,1.000000,0.315789,0.250000,0.171053,0.750000,0.034884,0.250000,27
3,I_3h,2,17.363810,-1.000000,11.583673,1.000000,0.444444,0.200000,0.111111,0.750000,0.042969,0.214286,27
3,I_3h,3,17.363810,-1.000000,11.583673,1.000000,0.555556,0.166667,0.074074,0.750000,0.050980,0.187500,27
3,I_3h,4,17.363810,-1.000000,11.583673,1.000000,0.555556,0.166667,0.074074,0.750000,0.050980,0.187500,27
3,I_3h,5,25.019592,-0.218421,6.844898,1.000000,0.444444,0.200000,0.111111,0.750000,0.043137,0.214286,27
3,I_3h,6,25.785170,-0.062105,4.475510,1.000000,0.250000,0.333333,0.250000,0.750000,0.027888,0.300000,27
3,I_3h,7,25.785170,-0.062105,4.475510,1.000000,0.312500,0.285714,0.196429,0.750000,0.032000,0.272727,27
3,I_3h,8,25.785170,-0.062105,4.475510,1.000000,0.375000,0.250000,0.156250,0.750000,0.036000,0.250000,27
3,I_3h,9,24.254014,-0.062105,7.371429,1.000000,0.312500,0.285714,0.196429,0.750000,0.032000,0.272727,27
3,I_3h,10,19.660544,-0.062105,10.267347,1.000000,0.312500,0.285714,0.196429,0.750000,0.032000,0.272727,27
6,I_6h,1,2.420680,-0.010000,10.201361,0.500000,0.105263,0.333333,0.149123,0.500000,0.019380,0.285714,27
6,I_6h,2,2.420680,-0.010000,10.201361,0.500000,0.111111,0.333333,0.148148,0.500000,0.019531,0.285714,27
6,I_6h,3,1.663673,-0.010000,10.644898,0.500000,0.166667,0.250000,0.104167,0.500000,0.023529,0.250000,27
6,I_6h,4,1.663673,-0.010000,10.644898,0.500000,0.166667,0.250000,0.104167,0.500000,0.023529,0.250000,27
6,I_6h,5,2.420680,-0.010000,10.423129,0.500000,0.111111,0.333333,0.148148,0.500000,0.019608,0.285714,27
6,I_6h,6,2.420680,-0.010000,10.423129,0.500000,0.125000,0.333333,0.145833,0.500000,0.019920,0.285714,27
6,I_6h,7,2.420680,-0.010000,10.423129,0.500000,0.125000,0.333333,0.145833,0.500000,0.020000,0.285714,27
6,I_6h,8,2.420680,-0.010000,10.423129,0.500000,0.125000,0.333333,0.145833,0.500000,0.020000,0.285714,27
6,I_6h,9,2.420680,-0.010000,10.423129,0.500000,0.125000,0.333333,0.145833,0.500000,0.020000,0.285714,27
6,I_6h,10,2.420680,-0.010000,10.423129,0.500000,0.125000,0.333333,0.145833,0.500000,0.020000,0.285714,27
8,I_8h,1,0.830000,-0.010000,7.275510,1.000000,0.300000,0.250000,0.175000,0.750000,0.034884,0.250000,27
8,I_8h,2,0.830000,-0.010000,7.457398,1.000000,0.315789,0.250000,0.171053,0.750000,0.035156,0.250000,27
8,I_8h,3,0.830000,-0.010000,7.457398,1.000000,0.315789,0.250000,0.171053,0.750000,0.035294,0.250000,27
8,I_8h,4,0.830000,-0.010000,7.457398,1.000000,0.421053,0.200000,0.115789,0.750000,0.043137,0.214286,27
8,I_8h,5,3.094898,-0.166316,8.912500,0.500000,0.105263,0.333333,0.149123,0.500000,0.019608,0.285714,27
8,I_8h,6,3.094898,-0.166316,8.912500,0.500000,0.117647,0.333333,0.147059,0.500000,0.019920,0.285714,27
8,I_8h,7,3.094898,-0.166316,8.912500,0.500000,0.117647,0.333333,0.147059,0.500000,0.020000,0.285714,27
8,I_8h,8,3.094898,-0.166316,8.912500,0.500000,0.117647,0.333333,0.147059,0.500000,0.020000,0.285714,27
8,I_8h,9,3.094898,-0.166316,8.912500,0.500000,0.117647,0.333333,0.147059,0.500000,0.020000,0.285714,27
8,I_8h,10,3.094898,-0.166316,8.912500,0.500000,0.117647,0.333333,0.147059,0.500000,0.020000,0.285714,27
10,I_10h,1,2.030449,-0.010000,4.682449,1.000000,0.350000,0.222222,0.144444,0.750000,0.038760,0.230769,27
10,I_10h,2,2.030449,-0.010000,4.682449,1.000000,0.315789,0.250000,0.171053,0.750000,0.035156,0.250000,27
10,I_10h,3,0.672000,-0.010000,5.999388,1.000000,0.368421,0.222222,0.140351,0.750000,0.039216,0.230769,27
10,I_10h,4,0.672000,-0.010000,5.999388,1.000000,0.473684,0.181818,0.095694,0.750000,0.047059,0.200000,27
10,I_10h,5,2.483265,-0.114211,7.170000,0.500000,0.157895,0.250000,0.105263,0.500000,0.023529,0.250000,27
10,I_10h,6,0.672000,-0.010000,5.999388,1.000000,0.470588,0.200000,0.105882,0.750000,0.043825,0.214286,27
10,I_10h,7,0.672000,-0.010000,5.999388,1.000000,0.470588,0.200000,0.105882,0.750000,0.044000,0.214286,27
10,I_10h,8,0.672000,-0.010000,5.999388,1.000000,0.470588,0.200000,0.105882,0.750000,0.044000,0.214286,27
10,I_10h,9,0.672000,-0.010000,5.999388,1.000000,0.470588,0.200000,0.105882,0.750000,0.044000,0.214286,27
10,I_10h,10,0.672000,-0.010000,5.999388,1.000000,0.470588,0.200000,0.105882,0.750000,0.044000,0.214286,27
12,I_12h,1,1.692041,-0.010000,3.902041,1.000000,0.318182,0.222222,0.151515,0.750000,0.038760,0.230769,27
12,I_12h,2,1.692041,-0.010000,3.902041,1.000000,0.285714,0.250000,0.178571,0.750000,0.035156,0.250000,27
12,I_12h,3,0.560000,-0.010000,4.999490,1.000000,0.333333,0.222222,0.148148,0.750000,0.039216,0.230769,27
12,I_12h,4,0.560000,-0.010000,4.999490,1.000000,0.428571,0.181818,0.103896,0.750000,0.047059,0.200000,27
12,I_12h,5,2.446735,-0.114211,5.975000,0.500000,0.142857,0.250000,0.107143,0.500000,0.023529,0.250000,27
12,I_12h,6,0.560000,-0.010000,4.999490,1.000000,0.421053,0.200000,0.115789,0.750000,0.043825,0.214286,27
12,I_12h,7,0.560000,-0.010000,4.999490,1.000000,0.421053,0.200000,0.115789,0.750000,0.044000,0.214286,27
12,I_12h,8,0.560000,-0.010000,4.999490,1.000000,0.421053,0.200000,0.115789,0.750000,0.044000,0.214286,27
12,I_12h,9,0.560000,-0.010000,4.999490,1.000000,0.421053,0.200000,0.115789,0.750000,0.044000,0.214286,27
12,I_12h,10,0.560000,-0.010000,4.999490,1.000000,0.421053,0.200000,0.115789,0.750000,0.044000,0.214286,27
24,I_24h,1,0.280000,-0.010000,2.499745,1.000000,0.480000,0.142857,0.074286,0.750000,0.062762,0.166667,27
24,I_24h,2,0.280000,-0.010000,2.499745,1.000000,0.458333,0.153846,0.083333,0.750000,0.058824,0.176471,27
24,I_24h,3,0.280000,-0.010000,2.499745,1.000000,0.500000,0.142857,0.071429,0.750000,0.063291,0.166667,27
24,I_24h,4,0.846020,-0.010000,1.951020,1.000000,0.500000,0.142857,0.071429,0.750000,0.063291,0.166667,27
24,I_24h,5,0.846020,-0.010000,1.951020,1.000000,0.500000,0.142857,0.071429,0.750000,0.063291,0.166667,27
24,I_24h,6,0.280000,-0.010000,2.438776,1.000000,0.545455,0.142857,0.064935,0.750000,0.064378,0.166667,27
24,I_24h,7,0.280000,-0.010000,2.438776,1.000000,0.545455,0.142857,0.064935,0.750000,0.064655,0.166667,27
24,I_24h,8,0.280000,-0.010000,2.438776,1.000000,0.545455,0.142857,0.064935,0.750000,0.064655,0.166667,27
24,I_24h,9,0.280000,-0.010000,2.438776,1.000000,0.545455,0.142857,0.064935,0.750000,0.064655,0.166667,27
24,I_24h,10,0.280000,-0.010000,2.438776,1.000000,0.545455,0.142857,0.064935,0.750000,0.064655,0.166667,27
1/6,I_15min,1,1.760000,-0.010000,32.995918,0.714286,0.408333,0.048544,0.020515,0.666667,0.203922,0.054545,28
1/6,I_15min,2,5.250612,-0.322632,28.391837,0.857143,0.459916,0.052174,0.024153,0.777778,0.226824,0.057377,28
1/6,I_15min,3,5.250612,-0.270526,28.391837,0.857143,0.463830,0.052174,0.023978,0.777778,0.228628,0.057377,28
1/6,I_15min,4,5.250612,-0.322632,28.391837,0.857143,0.482906,0.050420,0.022347,0.777778,0.237525,0.055556,28
1/6,I_15min,5,99.497143,-0.322632,35.297959,0.571429,0.222222,0.071429,0.031746,0.555556,0.116000,0.079365,28
1/6,I_15min,6,99.497143,-0.322632,35.297959,0.571429,0.245690,0.065574,0.028265,0.555556,0.127016,0.073529,28
1/6,I_15min,7,99.497143,-0.322632,35.297959,0.571429,0.251082,0.064516,0.027610,0.555556,0.129555,0.072464,28
1/6,I_15min,8,148.365714,-0.062105,35.297959,0.428571,0.112554,0.103448,0.039345,0.444444,0.064909,0.111111,28
1/6,I_15min,9,148.365714,-0.062105,35.297959,0.428571,0.121212,0.096774,0.036447,0.444444,0.069388,0.105263,28
1/6,I_15min,10,158.837551,-0.062105,35.297959,0.428571,0.116883,0.100000,0.037848,0.444444,0.067485,0.108108,28
1/2,I_30min,1,1.240000,-1.000000,26.253061,0.857143,0.364662,0.058252,0.031723,0.777778,0.201961,0.063636,28
1/2,I_30min,2,1.240000,-0.583158,26.878134,0.857143,0.342205,0.062500,0.035239,0.777778,0.189349,0.067961,28
1/2,I_30min,3,1.240000,-1.000000,26.878134,0.857143,0.348659,0.061856,0.034534,0.777778,0.192843,0.067308,28
1/2,I_30min,4,1.240000,-0.166316,26.878134,0.857143,0.350000,0.061856,0.034462,0.777778,0.193613,0.067308,28
1/2,I_30min,5,119.147755,-0.635263,26.878134,0.714286,0.226923,0.078125,0.043140,0.666667,0.130000,0.084507,28
1/2,I_30min,6,78.017143,-0.426842,26.253061,0.714286,0.249027,0.072464,0.038870,0.666667,0.141129,0.078947,28
1/2,I_30min,7,6.724082,-1.000000,26.878134,0.857143,0.332031,0.065934,0.037750,0.777778,0.184211,0.071429,28
1/2,I_30min,8,12.208163,-1.000000,26.878134,0.857143,0.320312,0.068182,0.039722,0.777778,0.178499,0.073684,28
1/2,I_30min,9,31.402449,-1.000000,26.878134,0.857143,0.305882,0.071429,0.042497,0.777778,0.171429,0.076923,28
1/2,I_30min,10,99.953469,-0.478947,26.878134,0.857143,0.286275,0.075949,0.046463,0.777778,0.161554,0.081395,28
1,I_1h,1,8.902041,-0.635263,19.125364,0.714286,0.223404,0.073529,0.040788,0.666667,0.135294,0.080000,28
1,I_1h,2,8.902041,-0.635263,19.125364,0.714286,0.218638,0.075758,0.042281,0.666667,0.132150,0.082192,28
1,I_1h,3,2.855510,-0.166316,18.169096,0.857143,0.307971,0.065934,0.039110,0.777778,0.180915,0.071429,28
1,I_1h,4,2.855510,-0.114211,18.169096,0.857143,0.305455,0.066667,0.039688,0.777778,0.179641,0.072165,28
1,I_1h,5,81.460408,-0.270526,18.647230,0.714286,0.156364,0.104167,0.062771,0.666667,0.098000,0.109091,28
1,I_1h,6,51.227755,-0.218421,19.125364,0.714286,0.173432,0.096154,0.056770,0.666667,0.106855,0.101695,28
1,I_1h,7,39.134694,-0.166316,19.125364,0.714286,0.182156,0.092593,0.054090,0.666667,0.111336,0.098361,28
1,I_1h,8,37.119184,-0.166316,19.125364,0.714286,0.189591,0.089286,0.051684,0.666667,0.115619,0.095238,28
1,I_1h,9,39.134694,-0.166316,19.125364,0.714286,0.190299,0.089286,0.051639,0.666667,0.116327,0.095238,28
1,I_1h,10,95.568980,-0.270526,19.125364,0.857143,0.205224,0.098361,0.067007,0.777778,0.124744,0.102941,28
2,I_2h,1,0.590000,-0.583158,13.764431,0.857143,0.222997,0.085714,0.057086,0.777778,0.137255,0.090909,28
2,I_2h,2,0.590000,-0.583158,13.764431,0.857143,0.218310,0.088235,0.059119,0.777778,0.134122,0.093333,28
2,I_2h,3,0.590000,-0.583158,13.764431,0.857143,0.224199,0.086957,0.057824,0.777778,0.137177,0.092105,28
2,I_2h,4,0.590000,-0.583158,13.764431,0.857143,0.225000,0.086957,0.057764,0.777778,0.137725,0.092105,28
2,I_2h,5,32.003673,-0.374737,13.764431,0.714286,0.135714,0.116279,0.071785,0.666667,0.088000,0.120000,28
2,I_2h,6,27.349796,-0.218421,13.764431,0.714286,0.141304,0.113636,0.069699,0.666667,0.090726,0.117647,28
2,I_2h,7,52.946122,-0.270526,13.764431,0.714286,0.145985,0.111111,0.067779,0.666667,0.093117,0.115385,28
2,I_2h,8,5.243878,-1.000000,13.764431,0.857143,0.200730,0.098361,0.067386,0.777778,0.123732,0.102941,28
2,I_2h,9,12.224694,-1.000000,13.764431,0.857143,0.194139,0.101695,0.070245,0.777778,0.120408,0.106061,28
2,I_2h,10,41.311429,-0.270526,13.764431,0.857143,0.172161,0.113208,0.080329,0.777778,0.108384,0.116667,28
3,I_3h,1,0.473333,-0.322632,11.462002,0.857143,0.189103,0.092308,0.064159,0.777778,0.127451,0.097222,28
3,I_3h,2,0.473333,-0.166316,11.462002,0.857143,0.184466,0.095238,0.066574,0.777778,0.124260,0.100000,28
3,I_3h,3,0.473333,-0.166316,11.462002,0.857143,0.185668,0.095238,0.066476,0.777778,0.125249,0.100000,28
3,I_3h,4,0.473333,-0.166316,11.462002,0.857143,0.186275,0.095238,0.066427,0.777778,0.125749,0.100000,28
3,I_3h,5,40.097279,-0.687368,12.209524,0.714286,0.124183,0.116279,0.072742,0.666667,0.088000,0.120000,28
3,I_3h,6,0.473333,-0.166316,11.462002,0.857143,0.182119,0.098361,0.068955,0.777778,0.122984,0.102941,28
3,I_3h,7,0.473333,-1.000000,11.960350,0.857143,0.176667,0.101695,0.071768,0.777778,0.119433,0.106061,28
3,I_3h,8,3.174966,-1.000000,11.711176,0.857143,0.166667,0.107143,0.076531,0.777778,0.113590,0.111111,28
3,I_3h,9,6.777143,-1.000000,11.711176,0.857143,0.163880,0.109091,0.078183,0.777778,0.112245,0.112903,28
3,I_3h,10,41.898367,-0.322632,11.462002,0.857143,0.154362,0.115385,0.083634,0.777778,0.106339,0.118644,28
6,I_6h,1,0.266667,-1.000000,7.111662,0.857143,0.194286,0.081081,0.055996,0.777778,0.145098,0.086420,28
6,I_6h,2,0.266667,-1.000000,7.111662,0.857143,0.190202,0.083333,0.057843,0.777778,0.142012,0.088608,28
6,I_6h,3,0.266667,-1.000000,7.111662,0.857143,0.188953,0.084507,0.058748,0.777778,0.141153,0.089744,28
6,I_6h,4,0.266667,-1.000000,7.111662,0.857143,0.188953,0.084507,0.058748,0.777778,0.141717,0.089744,28
6,I_6h,5,0.266667,-1.000000,7.262974,0.857143,0.186047,0.085714,0.059801,0.777778,0.140000,0.090909,28
6,I_6h,6,0.266667,-1.000000,7.262974,0.857143,0.185294,0.086957,0.060723,0.777778,0.139113,0.092105,28
6,I_6h,7,2.914286,-1.000000,7.111662,0.857143,0.177515,0.090909,0.064090,0.777778,0.133603,0.095890,28
6,I_6h,8,4.238095,-1.000000,7.111662,0.857143,0.171598,0.093750,0.066568,0.777778,0.129817,0.098592,28
6,I_6h,9,13.504762,-1.000000,7.111662,0.857143,0.169139,0.095238,0.067825,0.777778,0.128571,0.100000,28
6,I_6h,10,14.828571,-0.426842,7.111662,0.857143,0.169643,0.095238,0.067784,0.777778,0.128834,0.100000,28
8,I_8h,1,0.202500,-0.010000,5.372449,0.857143,0.216000,0.068966,0.046345,0.777778,0.170588,0.074468,28
8,I_8h,2,0.711122,-0.895789,5.611224,0.857143,0.188172,0.078947,0.054936,0.777778,0.149901,0.084337,28
8,I_8h,3,0.711122,-0.010000,5.133673,0.857143,0.186992,0.080000,0.055749,0.777778,0.149105,0.085366,28
8,I_8h,4,0.711122,-0.010000,5.133673,0.857143,0.189702,0.078947,0.054832,0.777778,0.151697,0.084337,28
8,I_8h,5,0.711122,-0.062105,5.611224,0.857143,0.181572,0.082192,0.057658,0.777778,0.146000,0.087500,28
8,I_8h,6,0.711122,-0.062105,5.611224,0.857143,0.183562,0.082192,0.057518,0.777778,0.147177,0.087500,28
8,I_8h,7,0.711122,-0.062105,5.611224,0.857143,0.181818,0.083333,0.058442,0.777778,0.145749,0.088608,28
8,I_8h,8,0.711122,-0.062105,5.611224,0.857143,0.181818,0.083333,0.058442,0.777778,0.146045,0.088608,28
8,I_8h,9,0.711122,-0.062105,5.611224,0.857143,0.182320,0.083333,0.058406,0.777778,0.146939,0.088608,28
8,I_8h,10,13.935306,-0.322632,5.611224,0.857143,0.180055,0.084507,0.059392,0.777778,0.145194,0.089744,28
10,I_10h,1,0.164000,-0.010000,4.323032,0.857143,0.242820,0.060606,0.039334,0.777778,0.194118,0.066038,28
10,I_10h,2,0.581878,-0.478947,4.519534,0.857143,0.202632,0.072289,0.049407,0.777778,0.163708,0.077778,28
10,I_10h,3,0.581878,-0.478947,4.519534,0.857143,0.204244,0.072289,0.049307,0.777778,0.165010,0.077778,28
10,I_10h,4,0.581878,-0.166316,4.519534,0.857143,0.207447,0.071429,0.048524,0.777778,0.167665,0.076923,28
10,I_10h,5,1.417633,-0.010000,3.635277,0.857143,0.204787,0.072289,0.049273,0.777778,0.166000,0.077778,28
10,I_10h,6,1.417633,-0.010000,3.635277,0.857143,0.204301,0.073171,0.049904,0.777778,0.165323,0.078652,28
10,I_10h,7,1.417633,-0.010000,3.635277,0.857143,0.202703,0.074074,0.050622,0.777778,0.163968,0.079545,28
10,I_10h,8,1.417633,-0.010000,3.635277,0.857143,0.205405,0.073171,0.049835,0.777778,0.166329,0.078652,28
10,I_10h,9,1.417633,-0.010000,3.635277,0.857143,0.203252,0.074074,0.050587,0.777778,0.165306,0.079545,28
10,I_10h,10,2.671265,-0.166316,4.519534,0.857143,0.206522,0.073171,0.049765,0.777778,0.167689,0.078652,28
12,I_12h,1,0.484898,-0.010000,3.288630,0.857143,0.257732,0.056604,0.036013,0.777778,0.207843,0.061947,28
12,I_12h,2,0.484898,-0.374737,3.781924,0.857143,0.228571,0.063830,0.042206,0.777778,0.185404,0.069307,28
12,I_12h,3,1.181361,-0.010000,2.959767,0.857143,0.227749,0.064516,0.042705,0.777778,0.184891,0.070000,28
12,I_12h,4,1.181361,-0.010000,2.959767,0.857143,0.233596,0.063158,0.041490,0.777778,0.189621,0.068627,28
12,I_12h,5,1.181361,-0.010000,3.041983,0.857143,0.230971,0.063830,0.042075,0.777778,0.188000,0.069307,28
12,I_12h,6,1.181361,-0.010000,2.959767,0.857143,0.233422,0.063830,0.041940,0.777778,0.189516,0.069307,28
12,I_12h,7,2.226054,-1.000000,3.781924,0.857143,0.221333,0.067416,0.044995,0.777778,0.180162,0.072917,28
12,I_12h,8,3.618980,-1.000000,3.781924,0.857143,0.221333,0.067416,0.044995,0.777778,0.180527,0.072917,28
12,I_12h,9,3.967211,-0.739474,3.781924,0.857143,0.224599,0.066667,0.044309,0.777778,0.183673,0.072165,28
12,I_12h,10,2.226054,-0.166316,3.781924,0.857143,0.217158,0.068966,0.046276,0.777778,0.177914,0.074468,28
24,I_24h,1,0.446939,-0.010000,1.438144,0.857143,0.294710,0.048780,0.029489,0.777778,0.248980,0.054264,28
24,I_24h,2,0.273469,-0.166316,1.861127,0.857143,0.263959,0.054545,0.034412,0.777778,0.223819,0.060345,28
24,I_24h,3,0.273469,-0.062105,1.861127,0.857143,0.258312,0.056075,0.035649,0.777778,0.219462,0.061947,28
24,I_24h,4,0.273469,-0.062105,1.861127,0.857143,0.258974,0.056075,0.035617,0.777778,0.220374,0.061947,28
24,I_24h,5,0.620408,-0.010000,1.480442,0.857143,0.261538,0.055556,0.035165,0.777778,0.222917,0.061404,28
24,I_24h,6,0.620408,-0.010000,1.480442,0.857143,0.258398,0.056604,0.035981,0.777778,0.220126,0.062500,28
24,I_24h,7,0.446939,-0.062105,1.861127,0.857143,0.249351,0.058824,0.037848,0.777778,0.212632,0.064815,28
24,I_24h,8,0.446939,-0.062105,1.861127,0.857143,0.249351,0.058824,0.037848,0.777778,0.212632,0.064815,28
24,I_24h,9,0.446939,-0.062105,1.861127,0.857143,0.251948,0.058252,0.037351,0.777778,0.215645,0.064220,28
24,I_24h,10,4.089796,-0.270526,1.861127,0.857143,0.244792,0.060000,0.038839,0.777778,0.209746,0.066038,28
1/6,I_15min,1,50.775510,-0.010000,19.116327,0.250000,0.021352,0.400000,0.097865,0.235294,0.032362,0.285714,29
1/6,I_15min,2,67.487347,-0.010000,11.206122,0.187500,0.007168,0.600000,0.111694,0.176471,0.019544,0.333333,29
1/6,I_15min,3,67.487347,-0.010000,11.865306,0.187500,0.007220,0.600000,0.111688,0.176471,0.019672,0.333333,29
1/6,I_15min,4,61.916735,-0.010000,16.479592,0.187500,0.014440,0.428571,0.079197,0.176471,0.026230,0.272727,29
1/6,I_15min,5,45.204898,-0.010000,24.389796,0.250000,0.043321,0.250000,0.059792,0.235294,0.052459,0.200000,29
1/6,I_15min,6,50.775510,-0.010000,20.434694,0.250000,0.043796,0.250000,0.059763,0.235294,0.052980,0.200000,29
1/6,I_15min,7,50.775510,-0.010000,20.434694,0.250000,0.044118,0.250000,0.059743,0.235294,0.053333,0.200000,29
1/6,I_15min,8,45.204898,-0.010000,25.048980,0.250000,0.047970,0.235294,0.056002,0.235294,0.056856,0.190476,29
1/6,I_15min,9,45.204898,-0.010000,25.708163,0.250000,0.048148,0.235294,0.055991,0.235294,0.057047,0.190476,29
1/6,I_15min,10,45.204898,-0.010000,25.708163,0.250000,0.048148,0.235294,0.055991,0.235294,0.057047,0.190476,29
1/2,I_30min,1,39.565714,-0.062105,13.516190,0.400000,0.076125,0.214286,0.079189,0.411765,0.084142,0.212121,29
1/2,I_30min,2,39.565714,-0.062105,13.516190,0.400000,0.087108,0.193548,0.070676,0.411765,0.094463,0.194444,29
1/2,I_30min,3,39.565714,-0.062105,13.516190,0.400000,0.108772,0.162162,0.057809,0.411765,0.114754,0.166667,29
1/2,I_30min,4,70.834286,-0.062105,13.033469,0.333333,0.080702,0.178571,0.054720,0.352941,0.088525,0.181818,29
1/2,I_30min,5,66.925714,-0.062105,13.033469,0.333333,0.105263,0.142857,0.042607,0.352941,0.111475,0.150000,29
1/2,I_30min,6,70.834286,-0.062105,13.033469,0.400000,0.109929,0.162162,0.057734,0.411765,0.115894,0.166667,29
1/2,I_30min,7,74.742857,-0.062105,12.550748,0.400000,0.114286,0.157895,0.055940,0.411765,0.120000,0.162791,29
1/2,I_30min,8,66.925714,-0.062105,13.033469,0.400000,0.125448,0.146341,0.051193,0.411765,0.130435,0.152174,29
1/2,I_30min,9,70.834286,-0.062105,13.033469,0.400000,0.136691,0.136364,0.047090,0.411765,0.140940,0.142857,29
1/2,I_30min,10,74.742857,-0.062105,12.550748,0.400000,0.140288,0.133333,0.045851,0.411765,0.144295,0.140000,29
1,I_1h,1,40.401224,-0.062105,12.896939,0.312500,0.034965,0.333333,0.100524,0.294118,0.045307,0.263158,29
1,I_1h,2,37.066122,-0.062105,16.414286,0.312500,0.038596,0.312500,0.093887,0.294118,0.045603,0.263158,29
1,I_1h,3,33.731020,-0.114211,19.150000,0.312500,0.056338,0.238095,0.070213,0.294118,0.062295,0.208333,29
1,I_1h,4,37.066122,-0.062105,16.414286,0.312500,0.059859,0.227273,0.066771,0.294118,0.065574,0.200000,29
1,I_1h,5,37.066122,-0.062105,16.414286,0.312500,0.063380,0.217391,0.063629,0.294118,0.068852,0.192308,29
1,I_1h,6,37.066122,-0.062105,16.414286,0.375000,0.060498,0.260870,0.091908,0.352941,0.066225,0.230769,29
1,I_1h,7,37.066122,-0.062105,16.414286,0.375000,0.064516,0.250000,0.087702,0.352941,0.070000,0.222222,29
1,I_1h,8,33.731020,-0.062105,17.195918,0.375000,0.071942,0.230769,0.080313,0.352941,0.076923,0.206897,29
1,I_1h,9,33.731020,-0.062105,17.195918,0.375000,0.079422,0.214286,0.073975,0.352941,0.083893,0.193548,29
1,I_1h,10,33.731020,-0.062105,17.195918,0.375000,0.083032,0.206897,0.071144,0.352941,0.087248,0.187500,29
2,I_2h,1,20.729388,-0.062105,9.442449,0.266667,0.036364,0.285714,0.073420,0.294118,0.045307,0.263158,29
2,I_2h,2,70.800612,-0.062105,2.854694,0.333333,0.065693,0.217391,0.067703,0.352941,0.068404,0.222222,29
2,I_2h,3,74.509592,-0.062105,2.854694,0.333333,0.069597,0.208333,0.064611,0.352941,0.072131,0.214286,29
2,I_2h,4,18.874898,-0.010000,0.658776,0.333333,0.095238,0.161290,0.048643,0.352941,0.095082,0.171429,29
2,I_2h,5,11.456939,-0.010000,9.881633,0.266667,0.062271,0.190476,0.047631,0.294118,0.065574,0.200000,29
2,I_2h,6,18.874898,-0.010000,0.658776,0.400000,0.095941,0.187500,0.067804,0.411765,0.096026,0.194444,29
2,I_2h,7,52.255714,-0.062105,9.442449,0.266667,0.040892,0.266667,0.068203,0.294118,0.046667,0.263158,29
2,I_2h,8,18.874898,-0.010000,0.658776,0.400000,0.097015,0.187500,0.067724,0.411765,0.096990,0.194444,29
2,I_2h,9,18.874898,-0.010000,0.658776,0.400000,0.097378,0.187500,0.067697,0.411765,0.097315,0.194444,29
2,I_2h,10,18.874898,-0.062105,10.760000,0.333333,0.071161,0.208333,0.064503,0.352941,0.073826,0.214286,29
3,I_3h,1,44.074286,-0.062105,8.022222,0.133333,0.007326,0.500000,0.066178,0.176471,0.019417,0.333333,29
3,I_3h,2,26.548571,-0.010000,0.000000,0.066667,0.000000,1.000000,0.066667,0.117647,0.013029,0.333333,29
3,I_3h,3,12.778367,-0.010000,1.800907,0.333333,0.074074,0.200000,0.061728,0.352941,0.078689,0.200000,29
3,I_3h,4,12.778367,-0.010000,1.800907,0.333333,0.077778,0.192308,0.059117,0.352941,0.081967,0.193548,29
3,I_3h,5,12.778367,-0.010000,1.800907,0.333333,0.081481,0.185185,0.056699,0.352941,0.085246,0.187500,29
3,I_3h,6,46.577959,-0.062105,6.876190,0.266667,0.029851,0.333333,0.086235,0.294118,0.039735,0.294118,29
3,I_3h,7,45.326122,-0.062105,7.039909,0.266667,0.026316,0.363636,0.094418,0.294118,0.036667,0.312500,29
3,I_3h,8,50.333469,-0.062105,6.548753,0.266667,0.033962,0.307692,0.079265,0.294118,0.043478,0.277778,29
3,I_3h,9,54.088980,-0.062105,6.385034,0.266667,0.037879,0.285714,0.073304,0.294118,0.046980,0.263158,29
3,I_3h,10,9.022857,-0.010000,4.256689,0.400000,0.094697,0.193548,0.070088,0.411765,0.097315,0.194444,29
6,I_6h,1,15.143401,-0.062105,4.868889,0.200000,0.003521,0.750000,0.149472,0.235294,0.016181,0.444444,29
6,I_6h,2,21.665170,-0.062105,4.868889,0.200000,0.010638,0.500000,0.098936,0.235294,0.022801,0.363636,29
6,I_6h,3,23.621701,-0.062105,4.868889,0.200000,0.014235,0.428571,0.084494,0.235294,0.026230,0.333333,29
6,I_6h,4,2.752041,-0.010000,4.868889,0.400000,0.074733,0.222222,0.082246,0.411765,0.081967,0.218750,29
6,I_6h,5,2.752041,-0.010000,4.868889,0.400000,0.074733,0.222222,0.082246,0.411765,0.081967,0.218750,29
6,I_6h,6,24.273878,-0.062105,4.868889,0.266667,0.017921,0.444444,0.116395,0.294118,0.029801,0.357143,29
6,I_6h,7,23.621701,-0.062105,4.868889,0.266667,0.021661,0.400000,0.104356,0.294118,0.033333,0.333333,29
6,I_6h,8,23.621701,-0.062105,4.868889,0.266667,0.025362,0.363636,0.094510,0.294118,0.036789,0.312500,29
6,I_6h,9,25.578231,-0.062105,4.868889,0.266667,0.025455,0.363636,0.094501,0.294118,0.036913,0.312500,29
6,I_6h,10,4.708571,-0.010000,3.775873,0.400000,0.065455,0.250000,0.093455,0.411765,0.073826,0.241379,29
8,I_8h,1,10.412857,-0.062105,3.896667,0.200000,0.006897,0.600000,0.119172,0.235294,0.019417,0.400000,29
8,I_8h,2,21.696939,-0.062105,3.896667,0.200000,0.006920,0.600000,0.119170,0.235294,0.016287,0.444444,29
8,I_8h,3,22.678163,-0.062105,3.896667,0.200000,0.013889,0.428571,0.084524,0.235294,0.022951,0.363636,29
8,I_8h,4,2.072449,-0.010000,3.658095,0.400000,0.079861,0.206897,0.076149,0.411765,0.085246,0.212121,29
8,I_8h,5,2.072449,-0.010000,3.658095,0.400000,0.079861,0.206897,0.076149,0.411765,0.085246,0.212121,29
8,I_8h,6,22.187551,-0.062105,3.896667,0.266667,0.020979,0.400000,0.104429,0.294118,0.029801,0.357143,29
8,I_8h,7,22.187551,-0.062105,3.896667,0.266667,0.021127,0.400000,0.104413,0.294118,0.030000,0.357143,29
8,I_8h,8,23.659388,-0.062105,3.896667,0.266667,0.024735,0.363636,0.094571,0.294118,0.033445,0.333333,29
8,I_8h,9,2.563061,-0.010000,3.737619,0.400000,0.067376,0.240000,0.089532,0.411765,0.073826,0.241379,29
8,I_8h,10,2.563061,-0.010000,3.737619,0.400000,0.067376,0.240000,0.089532,0.411765,0.073826,0.241379,29
10,I_10h,1,15.397551,-0.062105,3.100082,0.200000,0.006944,0.600000,0.119167,0.235294,0.019481,0.400000,29
10,I_10h,2,18.927755,-0.062105,3.232000,0.200000,0.010453,0.500000,0.098955,0.235294,0.019608,0.400000,29
10,I_10h,3,1.668980,-0.010000,3.232000,0.400000,0.077193,0.214286,0.079098,0.411765,0.082237,0.218750,29
10,I_10h,4,1.668980,-0.010000,3.232000,0.400000,0.080702,0.206897,0.076080,0.411765,0.085526,0.212121,29
10,I_10h,5,1.668980,-0.010000,3.232000,0.400000,0.080702,0.206897,0.076080,0.411765,0.085526,0.212121,29
10,I_10h,6,16.182041,-0.062105,3.232000,0.266667,0.024735,0.363636,0.094571,0.294118,0.033223,0.333333,29
10,I_10h,7,3.630204,-0.010000,2.638367,0.333333,0.039146,0.312500,0.100089,0.352941,0.046823,0.300000,29
10,I_10h,8,3.630204,-0.010000,2.638367,0.333333,0.042857,0.294118,0.093838,0.352941,0.050336,0.285714,29
10,I_10h,9,3.237959,-0.010000,2.902204,0.333333,0.046595,0.277778,0.088278,0.352941,0.053872,0.272727,29
10,I_10h,10,3.237959,-0.010000,2.902204,0.333333,0.046595,0.277778,0.088278,0.352941,0.053872,0.272727,29
12,I_12h,1,12.834694,-0.062105,2.818889,0.200000,0.006780,0.600000,0.119186,0.235294,0.019481,0.400000,29
12,I_12h,2,13.814286,-0.062105,2.818889,0.200000,0.010204,0.500000,0.098980,0.235294,0.019608,0.400000,29
12,I_12h,3,15.773469,-0.062105,2.818889,0.200000,0.013699,0.428571,0.084540,0.235294,0.023026,0.363636,29
12,I_12h,4,1.406122,-0.010000,2.646304,0.400000,0.082192,0.200000,0.073425,0.411765,0.088816,0.205882,29
12,I_12h,5,1.406122,-0.010000,2.646304,0.400000,0.082192,0.200000,0.073425,0.411765,0.088816,0.205882,29
12,I_12h,6,14.140816,-0.062105,2.818889,0.266667,0.027586,0.333333,0.086437,0.294118,0.036545,0.312500,29
12,I_12h,7,3.038776,-0.010000,2.186077,0.333333,0.041667,0.294118,0.093954,0.352941,0.050167,0.285714,29
12,I_12h,8,3.038776,-0.010000,2.186077,0.333333,0.045296,0.277778,0.088399,0.352941,0.053691,0.272727,29
12,I_12h,9,1.406122,-0.010000,2.646304,0.400000,0.076923,0.214286,0.079121,0.411765,0.084175,0.218750,29
12,I_12h,10,1.406122,-0.010000,2.646304,0.400000,0.076923,0.214286,0.079121,0.411765,0.084175,0.218750,29
24,I_24h,1,2.243878,-0.010000,1.140000,0.200000,0.011070,0.500000,0.098893,0.235294,0.020690,0.400000,29
24,I_24h,2,2.438776,-0.010000,1.140000,0.200000,0.011111,0.500000,0.098889,0.235294,0.017361,0.444444,29
24,I_24h,3,2.048980,-0.010000,1.361667,0.200000,0.014925,0.428571,0.084435,0.235294,0.020979,0.400000,29
24,I_24h,4,2.048980,-0.010000,1.361667,0.200000,0.014925,0.428571,0.084435,0.235294,0.020979,0.400000,29
24,I_24h,5,2.048980,-0.010000,1.361667,0.200000,0.014925,0.428571,0.084435,0.235294,0.020979,0.400000,29
24,I_24h,6,2.048980,-0.010000,1.361667,0.200000,0.015094,0.428571,0.084420,0.235294,0.021201,0.400000,29
24,I_24h,7,2.048980,-0.010000,1.361667,0.200000,0.015209,0.428571,0.084411,0.235294,0.021352,0.400000,29
24,I_24h,8,2.243878,-0.010000,1.235000,0.200000,0.015267,0.428571,0.084406,0.235294,0.021429,0.400000,29
24,I_24h,9,2.243878,-0.010000,1.266667,0.200000,0.015326,0.428571,0.084401,0.235294,0.021505,0.400000,29
24,I_24h,10,2.243878,-0.010000,1.266667,0.200000,0.019157,0.375000,0.073563,0.235294,0.025090,0.363636,29
1/6,I_15min,1,13.622857,-0.895789,36.318912,0.600000,0.159091,0.243243,0.122727,0.588235,0.097859,0.238095,31
1/6,I_15min,2,13.622857,-1.000000,36.636735,0.642857,0.177143,0.225000,0.119020,0.625000,0.107362,0.222222,31
1/6,I_15min,3,13.622857,-1.000000,36.636735,0.642857,0.189655,0.214286,0.111629,0.625000,0.114198,0.212766,31
1/6,I_15min,4,13.622857,-0.635263,35.804082,0.642857,0.189655,0.214286,0.111629,0.625000,0.114198,0.212766,31
1/6,I_15min,5,70.102857,-0.895789,35.804082,0.642857,0.155172,0.250000,0.135776,0.625000,0.095679,0.243902,31
1/6,I_15min,6,41.862857,-1.000000,35.804082,0.714286,0.170588,0.256410,0.151907,0.687500,0.103125,0.250000,31
1/6,I_15min,7,37.828571,-0.583158,39.967347,0.642857,0.136905,0.281250,0.156051,0.625000,0.084906,0.270270,31
1/6,I_15min,8,37.828571,-0.583158,39.967347,0.642857,0.149701,0.264706,0.144694,0.625000,0.091483,0.256410,31
1/6,I_15min,9,41.862857,-0.531053,39.967347,0.642857,0.149701,0.264706,0.144694,0.625000,0.091772,0.256410,31
1/6,I_15min,10,33.794286,-0.478947,39.967347,0.642857,0.161677,0.250000,0.134731,0.625000,0.098101,0.243902,31
1/2,I_30min,1,18.811429,-0.687368,22.315102,0.666667,0.191710,0.212766,0.114651,0.647059,0.128440,0.207547,31
1/2,I_30min,2,4.594286,-0.426842,23.258309,0.785714,0.265625,0.177419,0.102373,0.750000,0.171779,0.176471,31
1/2,I_30min,3,4.594286,-0.426842,23.258309,0.785714,0.277487,0.171875,0.097572,0.750000,0.179012,0.171429,31
1/2,I_30min,4,4.594286,-0.687368,23.258309,0.785714,0.287958,0.166667,0.093244,0.750000,0.185185,0.166667,31
1/2,I_30min,5,22.365714,-0.739474,23.258309,0.785714,0.251309,0.186441,0.109675,0.750000,0.163580,0.184615,31
1/2,I_30min,6,22.365714,-0.739474,23.258309,0.785714,0.256684,0.186441,0.108888,0.750000,0.165625,0.184615,31
1/2,I_30min,7,36.582857,-0.270526,26.488630,0.571429,0.140541,0.235294,0.115558,0.562500,0.097484,0.225000,31
1/2,I_30min,8,40.137143,-0.166316,23.258309,0.642857,0.179348,0.214286,0.113049,0.625000,0.119874,0.208333,31
1/2,I_30min,9,47.245714,-0.426842,26.488630,0.642857,0.158470,0.236842,0.128128,0.625000,0.107595,0.227273,31
1/2,I_30min,10,25.920000,-0.114211,23.258309,0.714286,0.191257,0.222222,0.128372,0.687500,0.126582,0.215686,31
1,I_1h,1,7.822041,-0.583158,15.002915,0.857143,0.247423,0.200000,0.129013,0.823529,0.159021,0.212121,31
1,I_1h,2,3.127347,-1.000000,15.735008,0.923077,0.290155,0.176471,0.115631,0.875000,0.184049,0.189189,31
1,I_1h,3,5.474694,-1.000000,15.735008,0.923077,0.286458,0.179104,0.117968,0.875000,0.182099,0.191781,31
1,I_1h,4,5.474694,-1.000000,15.735008,0.923077,0.291667,0.176471,0.115385,0.875000,0.185185,0.189189,31
1,I_1h,5,21.906122,-1.000000,15.735008,0.846154,0.250000,0.186441,0.118318,0.812500,0.160494,0.200000,31
1,I_1h,6,10.169388,-0.426842,17.586185,0.769231,0.223404,0.192308,0.114881,0.750000,0.143750,0.206897,31
1,I_1h,7,3.127347,-0.062105,16.660597,0.846154,0.263441,0.183333,0.114261,0.812500,0.166667,0.196970,31
1,I_1h,8,33.642857,-0.947895,15.735008,0.846154,0.259459,0.186441,0.116826,0.812500,0.164038,0.200000,31
1,I_1h,9,111.105306,-0.947895,17.586185,0.769231,0.221622,0.196078,0.117402,0.750000,0.142405,0.210526,31
1,I_1h,10,111.105306,-0.947895,17.586185,0.769231,0.221622,0.196078,0.117402,0.750000,0.142405,0.210526,31
2,I_2h,1,2.249388,-0.218421,15.130612,0.562500,0.120253,0.321429,0.159061,0.529412,0.070336,0.281250,31
2,I_2h,2,3.858776,-1.000000,10.506259,0.933333,0.312102,0.222222,0.142675,0.875000,0.162577,0.208955,31
2,I_2h,3,3.858776,-0.426842,10.506259,0.933333,0.314103,0.222222,0.142260,0.875000,0.163580,0.208955,31
2,I_2h,4,3.858776,-0.426842,10.506259,0.933333,0.314103,0.222222,0.142260,0.875000,0.163580,0.208955,31
2,I_2h,5,10.296327,-1.000000,10.506259,0.933333,0.294872,0.233333,0.153561,0.875000,0.154321,0.218750,31
2,I_2h,6,10.296327,-1.000000,11.184082,0.866667,0.256579,0.250000,0.161075,0.812500,0.134375,0.232143,31
2,I_2h,7,10.296327,-1.000000,11.184082,0.866667,0.266667,0.245283,0.155891,0.812500,0.138365,0.228070,31
2,I_2h,8,10.296327,-1.000000,11.184082,0.866667,0.268456,0.245283,0.155511,0.812500,0.138801,0.228070,31
2,I_2h,9,5.468163,-0.062105,10.167347,0.866667,0.261745,0.250000,0.159955,0.812500,0.136076,0.232143,31
2,I_2h,10,7.077551,-0.062105,9.828435,0.866667,0.255034,0.254902,0.164574,0.812500,0.132911,0.236364,31
3,I_3h,1,3.117823,-0.010000,12.983333,0.312500,0.033058,0.555556,0.167872,0.294118,0.024465,0.384615,31
3,I_3h,2,4.383401,-0.010000,12.893333,0.266667,0.025000,0.571429,0.148571,0.250000,0.021472,0.363636,31
3,I_3h,3,4.383401,-0.010000,12.893333,0.266667,0.025000,0.571429,0.148571,0.250000,0.021605,0.363636,31
3,I_3h,4,4.383401,-0.010000,12.893333,0.266667,0.025000,0.571429,0.148571,0.250000,0.021605,0.363636,31
3,I_3h,5,4.383401,-0.010000,12.893333,0.266667,0.025000,0.571429,0.148571,0.250000,0.021605,0.363636,31
3,I_3h,6,6.914558,-1.000000,11.051429,0.600000,0.155172,0.333333,0.168966,0.562500,0.068750,0.290323,31
3,I_3h,7,4.383401,-0.895789,11.051429,0.600000,0.166667,0.321429,0.160714,0.562500,0.072327,0.281250,31
3,I_3h,8,4.383401,-0.843684,11.051429,0.600000,0.166667,0.321429,0.160714,0.562500,0.072555,0.281250,31
3,I_3h,9,4.383401,-0.635263,11.051429,0.600000,0.166667,0.321429,0.160714,0.562500,0.072785,0.281250,31
3,I_3h,10,4.383401,-0.895789,11.051429,0.600000,0.175439,0.310345,0.153539,0.562500,0.075949,0.272727,31
6,I_6h,1,1.167347,-1.000000,5.770408,0.812500,0.341176,0.309524,0.165686,0.764706,0.100917,0.282609,31
6,I_6h,2,1.153061,-0.166316,5.715283,0.733333,0.309524,0.297297,0.150536,0.687500,0.092025,0.268293,31
6,I_6h,3,1.153061,-0.478947,5.715283,0.800000,0.357143,0.285714,0.146939,0.750000,0.104938,0.260870,31
6,I_6h,4,1.153061,-0.478947,5.715283,0.800000,0.357143,0.285714,0.146939,0.750000,0.104938,0.260870,31
6,I_6h,5,4.751701,-0.739474,5.715283,0.733333,0.273810,0.323529,0.172292,0.687500,0.083333,0.289474,31
6,I_6h,6,4.751701,-0.739474,5.715283,0.800000,0.283951,0.342857,0.196402,0.750000,0.084375,0.307692,31
6,I_6h,7,4.751701,-0.739474,5.715283,0.800000,0.316456,0.324324,0.177352,0.750000,0.091195,0.292683,31
6,I_6h,8,4.751701,-0.739474,5.715283,0.800000,0.316456,0.324324,0.177352,0.750000,0.091483,0.292683,31
6,I_6h,9,4.751701,-0.739474,5.715283,0.800000,0.316456,0.324324,0.177352,0.750000,0.091772,0.292683,31
6,I_6h,10,2.592517,-0.062105,5.560816,0.733333,0.291139,0.323529,0.168181,0.687500,0.085443,0.289474,31
8,I_8h,1,0.937959,-0.166316,4.378348,0.750000,0.311828,0.292683,0.151062,0.705882,0.100917,0.266667,31
8,I_8h,2,0.937959,-0.218421,4.465170,0.733333,0.304348,0.282051,0.143887,0.687500,0.098160,0.255814,31
8,I_8h,3,0.937959,-0.322632,4.465170,0.733333,0.336957,0.261905,0.127346,0.687500,0.108025,0.239130,31
8,I_8h,4,0.937959,-0.322632,4.465170,0.733333,0.336957,0.261905,0.127346,0.687500,0.108025,0.239130,31
8,I_8h,5,3.359796,-1.000000,4.827211,0.533333,0.184783,0.320000,0.139130,0.500000,0.064815,0.275862,31
8,I_8h,6,3.965255,-1.000000,4.465170,0.733333,0.280899,0.305556,0.161132,0.687500,0.090625,0.275000,31
8,I_8h,7,4.570714,-1.000000,4.465170,0.733333,0.287356,0.305556,0.159685,0.687500,0.091195,0.275000,31
8,I_8h,8,2.148878,-0.218421,4.465170,0.733333,0.287356,0.305556,0.159685,0.687500,0.091483,0.275000,31
8,I_8h,9,2.148878,-0.114211,4.465170,0.733333,0.275862,0.314286,0.166897,0.687500,0.088608,0.282051,31
8,I_8h,10,2.148878,-0.114211,4.465170,0.733333,0.275862,0.314286,0.166897,0.687500,0.088608,0.282051,31
10,I_10h,1,0.723429,-0.218421,3.571592,0.733333,0.319588,0.261905,0.130682,0.705882,0.107034,0.255319,31
10,I_10h,2,0.266000,-1.000000,4.287464,0.571429,0.250000,0.250000,0.107143,0.562500,0.085890,0.243243,31
10,I_10h,3,0.266000,-1.000000,4.287464,0.571429,0.250000,0.250000,0.107143,0.562500,0.086420,0.243243,31
10,I_10h,4,0.266000,-1.000000,4.287464,0.571429,0.250000,0.250000,0.107143,0.562500,0.086420,0.243243,31
10,I_10h,5,0.266000,-1.000000,4.287464,0.571429,0.250000,0.250000,0.107143,0.562500,0.086420,0.243243,31
10,I_10h,6,1.171061,-1.000000,4.287464,0.571429,0.225806,0.275862,0.122040,0.562500,0.078125,0.264706,31
10,I_10h,7,1.171061,-1.000000,4.287464,0.571429,0.230769,0.275862,0.121258,0.562500,0.078616,0.264706,31
10,I_10h,8,2.528653,-1.000000,4.287464,0.571429,0.208791,0.296296,0.133961,0.562500,0.072555,0.281250,31
10,I_10h,9,3.886245,-0.270526,3.525248,0.714286,0.296703,0.270270,0.135772,0.687500,0.098101,0.261905,31
10,I_10h,10,3.886245,-0.270526,3.525248,0.714286,0.296703,0.270270,0.135772,0.687500,0.098101,0.261905,31
12,I_12h,1,0.608980,-0.114211,2.923810,0.733333,0.360000,0.234043,0.109844,0.705882,0.122324,0.230769,31
12,I_12h,2,0.608980,-0.166316,2.971866,0.714286,0.343434,0.227273,0.106585,0.687500,0.116564,0.224490,31
12,I_12h,3,0.608980,-0.166316,2.971866,0.714286,0.373737,0.212766,0.095177,0.687500,0.126543,0.211538,31
12,I_12h,4,1.770918,-0.010000,3.775073,0.285714,0.070707,0.363636,0.096550,0.312500,0.033951,0.312500,31
12,I_12h,5,1.770918,-0.010000,3.855394,0.285714,0.060606,0.400000,0.107359,0.312500,0.030864,0.333333,31
12,I_12h,6,2.545544,-1.000000,2.971866,0.714286,0.333333,0.238095,0.113379,0.687500,0.112500,0.234043,31
12,I_12h,7,0.996293,-0.114211,2.971866,0.714286,0.340426,0.238095,0.112173,0.687500,0.113208,0.234043,31
12,I_12h,8,2.158231,-1.000000,3.614431,0.571429,0.223404,0.275862,0.122419,0.562500,0.078864,0.264706,31
12,I_12h,9,1.770918,-0.166316,2.971866,0.714286,0.308511,0.256410,0.126646,0.687500,0.104430,0.250000,31
12,I_12h,10,2.932857,-0.270526,2.971866,0.714286,0.308511,0.256410,0.126646,0.687500,0.104430,0.250000,31
24,I_24h,1,0.358878,-0.270526,1.529615,0.800000,0.462366,0.218182,0.093842,0.764706,0.150160,0.216667,31
24,I_24h,2,0.317551,-0.010000,1.489371,0.714286,0.413043,0.208333,0.087345,0.687500,0.134615,0.207547,31
24,I_24h,3,0.317551,-0.010000,1.489371,0.714286,0.413043,0.208333,0.087345,0.687500,0.135484,0.207547,31
24,I_24h,4,1.477857,-0.010000,1.361710,0.357143,0.119565,0.312500,0.098263,0.375000,0.048387,0.285714,31
24,I_24h,5,1.477857,-0.010000,1.361710,0.357143,0.119565,0.312500,0.098263,0.375000,0.048387,0.285714,31
24,I_24h,6,0.510935,-1.000000,1.787245,0.714286,0.370787,0.232558,0.104521,0.687500,0.120915,0.229167,31
24,I_24h,7,0.510935,-1.000000,1.787245,0.714286,0.379310,0.232558,0.103105,0.687500,0.121711,0.229167,31
24,I_24h,8,1.091088,-1.000000,1.787245,0.714286,0.344828,0.250000,0.116995,0.687500,0.112211,0.244444,31
24,I_24h,9,1.091088,-1.000000,1.787245,0.714286,0.344828,0.250000,0.116995,0.687500,0.112211,0.244444,31
24,I_24h,10,1.671241,-0.635263,1.829798,0.642857,0.310345,0.250000,0.110837,0.625000,0.102310,0.243902,31
1/6,I_15min,1,24.342857,-0.270526,31.516735,0.400000,0.155000,0.205128,0.069333,0.363636,0.126866,0.190476,32
1/6,I_15min,2,24.342857,-0.114211,34.033083,0.421053,0.155000,0.205128,0.072982,0.380952,0.127341,0.190476,32
1/6,I_15min,3,24.342857,-0.114211,34.033083,0.421053,0.170854,0.190476,0.066498,0.380952,0.139623,0.177778,32
1/6,I_15min,4,18.537143,-0.010000,39.843609,0.315789,0.120603,0.200000,0.055541,0.285714,0.101887,0.181818,32
1/6,I_15min,5,18.537143,-0.010000,39.843609,0.315789,0.120603,0.200000,0.055541,0.285714,0.101887,0.181818,32
1/6,I_15min,6,18.537143,-0.010000,39.843609,0.315789,0.122449,0.200000,0.055424,0.285714,0.103448,0.181818,32
1/6,I_15min,7,18.537143,-0.010000,39.843609,0.315789,0.123077,0.200000,0.055385,0.285714,0.104247,0.181818,32
1/6,I_15min,8,18.537143,-0.010000,39.843609,0.315789,0.123711,0.200000,0.055345,0.285714,0.104651,0.181818,32
1/6,I_15min,9,18.537143,-0.010000,40.673684,0.315789,0.123711,0.200000,0.055345,0.285714,0.104651,0.181818,32
1/6,I_15min,10,18.537143,-0.010000,40.673684,0.315789,0.123711,0.200000,0.055345,0.285714,0.104651,0.181818,32
1/2,I_30min,1,14.272653,-0.322632,32.920000,0.400000,0.138298,0.235294,0.081101,0.363636,0.108209,0.216216,32
1/2,I_30min,2,14.272653,-0.270526,33.326316,0.421053,0.138298,0.235294,0.085370,0.380952,0.108614,0.216216,32
1/2,I_30min,3,14.272653,-0.270526,33.326316,0.421053,0.149733,0.222222,0.079557,0.380952,0.116981,0.205128,32
1/2,I_30min,4,5.397551,-0.114211,31.966058,0.473684,0.208556,0.187500,0.070293,0.428571,0.158491,0.176471,32
1/2,I_30min,5,5.397551,-0.114211,31.966058,0.473684,0.213904,0.183673,0.068393,0.428571,0.162264,0.173077,32
1/2,I_30min,6,5.397551,-0.062105,31.966058,0.473684,0.201087,0.195652,0.074041,0.428571,0.153257,0.183673,32
1/2,I_30min,7,23.147755,-0.114211,33.326316,0.421053,0.163934,0.210526,0.074111,0.380952,0.127413,0.195122,32
1/2,I_30min,8,5.397551,-0.062105,31.966058,0.473684,0.203297,0.195652,0.073836,0.428571,0.155039,0.183673,32
1/2,I_30min,9,5.397551,-0.062105,31.966058,0.473684,0.203297,0.195652,0.073836,0.428571,0.155039,0.183673,32
1/2,I_30min,10,5.397551,-0.062105,31.966058,0.473684,0.203297,0.195652,0.073836,0.428571,0.155039,0.183673,32
1,I_1h,1,10.187755,-0.114211,14.171429,0.500000,0.222798,0.173077,0.067258,0.500000,0.171642,0.192982,32
1,I_1h,2,24.269388,-0.010000,0.802881,0.529412,0.203125,0.187500,0.079102,0.523810,0.157303,0.207547,32
1,I_1h,3,24.269388,-0.010000,0.401441,0.529412,0.209424,0.183673,0.076875,0.523810,0.162264,0.203704,32
1,I_1h,4,21.922449,-0.010000,2.408643,0.529412,0.225131,0.173077,0.071000,0.523810,0.173585,0.192982,32
1,I_1h,5,24.269388,-0.010000,0.802881,0.529412,0.225131,0.173077,0.071000,0.523810,0.173585,0.192982,32
1,I_1h,6,24.269388,-0.010000,0.802881,0.529412,0.223404,0.176471,0.072554,0.523810,0.172414,0.196429,32
1,I_1h,7,24.269388,-0.010000,0.802881,0.529412,0.231183,0.173077,0.070446,0.523810,0.177606,0.192982,32
1,I_1h,8,21.922449,-0.010000,2.408643,0.529412,0.243243,0.166667,0.066773,0.523810,0.186047,0.186441,32
1,I_1h,9,21.922449,-0.010000,2.408643,0.529412,0.248649,0.163636,0.065090,0.523810,0.189922,0.183333,32
1,I_1h,10,21.922449,-0.010000,2.408643,0.529412,0.248649,0.163636,0.065090,0.523810,0.189922,0.183333,32
2,I_2h,1,4.448980,-0.739474,10.161678,0.500000,0.182648,0.183673,0.075063,0.500000,0.160448,0.203704,32
2,I_2h,2,4.448980,-0.010000,6.865066,0.647059,0.252294,0.166667,0.080635,0.619048,0.217228,0.183099,32
2,I_2h,3,4.448980,-0.010000,6.865066,0.647059,0.253456,0.166667,0.080510,0.619048,0.218868,0.183099,32
2,I_2h,4,1.916327,-0.062105,9.407683,0.647059,0.262673,0.161765,0.077177,0.619048,0.226415,0.178082,32
2,I_2h,5,4.448980,-0.010000,6.865066,0.647059,0.262673,0.161765,0.077177,0.619048,0.226415,0.178082,32
2,I_2h,6,4.448980,-0.010000,6.865066,0.647059,0.257009,0.166667,0.080126,0.619048,0.222222,0.183099,32
2,I_2h,7,4.448980,-0.010000,6.865066,0.647059,0.259434,0.166667,0.079865,0.619048,0.223938,0.183099,32
2,I_2h,8,4.448980,-0.010000,6.865066,0.647059,0.270142,0.161765,0.076395,0.619048,0.232558,0.178082,32
2,I_2h,9,4.448980,-0.010000,6.865066,0.647059,0.270142,0.161765,0.076395,0.619048,0.232558,0.178082,32
2,I_2h,10,4.448980,-0.010000,6.865066,0.647059,0.270142,0.161765,0.076395,0.619048,0.232558,0.178082,32
3,I_3h,1,1.386939,-0.010000,6.642177,0.611111,0.263415,0.169231,0.076177,0.590909,0.212687,0.185714,32
3,I_3h,2,1.386939,-0.062105,6.624650,0.705882,0.303922,0.162162,0.079678,0.666667,0.243446,0.177215,32
3,I_3h,3,1.386939,-0.062105,6.624650,0.705882,0.305419,0.162162,0.079507,0.666667,0.245283,0.177215,32
3,I_3h,4,4.187755,-0.010000,3.785514,0.705882,0.315271,0.157895,0.076317,0.666667,0.252830,0.172840,32
3,I_3h,5,1.386939,-0.062105,6.624650,0.705882,0.320197,0.155844,0.074784,0.666667,0.256604,0.170732,32
3,I_3h,6,1.386939,-0.062105,6.624650,0.705882,0.315000,0.160000,0.077365,0.666667,0.252874,0.175000,32
3,I_3h,7,1.386939,-0.062105,6.624650,0.705882,0.318182,0.160000,0.077005,0.666667,0.254826,0.175000,32
3,I_3h,8,1.386939,-0.010000,6.624650,0.647059,0.284264,0.164179,0.076035,0.619048,0.228682,0.180556,32
3,I_3h,9,1.386939,-0.010000,6.624650,0.647059,0.284264,0.164179,0.076035,0.619048,0.228682,0.180556,32
3,I_3h,10,1.386939,-0.010000,6.624650,0.647059,0.284264,0.164179,0.076035,0.619048,0.228682,0.180556,32
6,I_6h,1,0.240000,-0.010000,4.009524,0.777778,0.311881,0.181818,0.097310,0.727273,0.246269,0.195122,32
6,I_6h,2,0.240000,-0.218421,4.824810,0.647059,0.223881,0.196429,0.098645,0.619048,0.179775,0.213115,32
6,I_6h,3,0.240000,-0.218421,4.824810,0.647059,0.225000,0.196429,0.098503,0.619048,0.181132,0.213115,32
6,I_6h,4,0.240000,-0.478947,4.824810,0.647059,0.235000,0.189655,0.093879,0.619048,0.188679,0.206349,32
6,I_6h,5,0.240000,-0.374737,4.824810,0.647059,0.240000,0.186441,0.091685,0.619048,0.192453,0.203125,32
6,I_6h,6,0.240000,-0.374737,4.824810,0.647059,0.238579,0.189655,0.093440,0.619048,0.191571,0.206349,32
6,I_6h,7,0.240000,-0.374737,4.824810,0.647059,0.241026,0.189655,0.093140,0.619048,0.193050,0.206349,32
6,I_6h,8,0.794286,-0.531053,3.478351,0.941176,0.402062,0.170213,0.095790,0.857143,0.313953,0.181818,32
6,I_6h,9,0.794286,-0.531053,3.478351,0.941176,0.402062,0.170213,0.095790,0.857143,0.313953,0.181818,32
6,I_6h,10,0.794286,-0.322632,3.478351,0.941176,0.402062,0.170213,0.095790,0.857143,0.313953,0.181818,32
8,I_8h,1,0.180000,-0.010000,3.358333,0.722222,0.277512,0.183099,0.095540,0.681818,0.227612,0.197368,32
8,I_8h,2,0.180000,-0.062105,3.646639,0.647059,0.225962,0.189655,0.094988,0.619048,0.187266,0.206349,32
8,I_8h,3,0.180000,-0.010000,3.646639,0.647059,0.227053,0.189655,0.094855,0.619048,0.188679,0.206349,32
8,I_8h,4,0.180000,-0.010000,3.646639,0.647059,0.231884,0.186441,0.092664,0.619048,0.192453,0.203125,32
8,I_8h,5,0.180000,-0.010000,3.646639,0.647059,0.231884,0.186441,0.092664,0.619048,0.192453,0.203125,32
8,I_8h,6,0.180000,-0.010000,3.646639,0.647059,0.225490,0.192982,0.096714,0.619048,0.187739,0.209677,32
8,I_8h,7,0.180000,-0.010000,3.646639,0.647059,0.227723,0.192982,0.096435,0.619048,0.189189,0.209677,32
8,I_8h,8,0.180000,-0.010000,3.646639,0.647059,0.228856,0.192982,0.096294,0.619048,0.189922,0.209677,32
8,I_8h,9,0.180000,-0.010000,3.646639,0.647059,0.228856,0.192982,0.096294,0.619048,0.189922,0.209677,32
8,I_8h,10,0.180000,-0.010000,3.646639,0.647059,0.228856,0.192982,0.096294,0.619048,0.189922,0.209677,32
10,I_10h,1,0.144000,-0.010000,2.682019,0.736842,0.297030,0.189189,0.097996,0.681818,0.235075,0.192308,32
10,I_10h,2,0.144000,-0.010000,2.862494,0.666667,0.253731,0.190476,0.094764,0.619048,0.202247,0.194030,32
10,I_10h,3,0.144000,-0.010000,2.862494,0.666667,0.255000,0.190476,0.094603,0.619048,0.203774,0.194030,32
10,I_10h,4,0.144000,-0.114211,2.862494,0.666667,0.260000,0.187500,0.092500,0.619048,0.207547,0.191176,32
10,I_10h,5,0.144000,-0.010000,2.862494,0.666667,0.260000,0.187500,0.092500,0.619048,0.207547,0.191176,32
10,I_10h,6,0.144000,-0.010000,2.862494,0.666667,0.248731,0.196721,0.098527,0.619048,0.199234,0.200000,32
10,I_10h,7,0.144000,-0.010000,2.862494,0.666667,0.251282,0.196721,0.098193,0.619048,0.200772,0.200000,32
10,I_10h,8,0.144000,-0.010000,2.862494,0.666667,0.252577,0.196721,0.098023,0.619048,0.201550,0.200000,32
10,I_10h,9,0.144000,-0.010000,2.862494,0.666667,0.252577,0.196721,0.098023,0.619048,0.201550,0.200000,32
10,I_10h,10,0.144000,-0.010000,2.862494,0.666667,0.252577,0.196721,0.098023,0.619048,0.201550,0.200000,32
12,I_12h,1,0.892653,-0.270526,2.630827,0.473684,0.153846,0.230769,0.092495,0.454545,0.123134,0.232558,32
12,I_12h,2,0.892653,-0.114211,2.344312,0.555556,0.190722,0.212766,0.095659,0.523810,0.149813,0.215686,32
12,I_12h,3,0.120000,-0.010000,2.407672,0.666667,0.264249,0.190476,0.093429,0.619048,0.203774,0.194030,32
12,I_12h,4,0.120000,-0.010000,2.407672,0.666667,0.264249,0.190476,0.093429,0.619048,0.203774,0.194030,32
12,I_12h,5,0.120000,-0.010000,2.407672,0.666667,0.264249,0.190476,0.093429,0.619048,0.203774,0.194030,32
12,I_12h,6,0.120000,-0.010000,2.407672,0.666667,0.252632,0.200000,0.099649,0.619048,0.195402,0.203125,32
12,I_12h,7,0.120000,-0.010000,2.407672,0.666667,0.255319,0.200000,0.099291,0.619048,0.196911,0.203125,32
12,I_12h,8,0.120000,-0.010000,2.407672,0.666667,0.256684,0.200000,0.099109,0.619048,0.197674,0.203125,32
12,I_12h,9,0.120000,-0.010000,2.407672,0.666667,0.256684,0.200000,0.099109,0.619048,0.197674,0.203125,32
12,I_12h,10,0.120000,-0.010000,2.407672,0.666667,0.256684,0.200000,0.099109,0.619048,0.197674,0.203125,32
24,I_24h,1,0.100000,-1.000000,1.445113,0.631579,0.218750,0.222222,0.109649,0.590909,0.177866,0.224138,32
24,I_24h,2,0.301020,-1.000000,1.467054,0.555556,0.188482,0.217391,0.098009,0.523810,0.154762,0.220000,32
24,I_24h,3,0.100000,-1.000000,1.467054,0.611111,0.226316,0.203704,0.096313,0.571429,0.184000,0.206897,32
24,I_24h,4,0.100000,-1.000000,1.467054,0.611111,0.226316,0.203704,0.096313,0.571429,0.184000,0.206897,32
24,I_24h,5,0.100000,-1.000000,1.467054,0.611111,0.226316,0.203704,0.096313,0.571429,0.184000,0.206897,32
24,I_24h,6,0.301020,-1.000000,1.467054,0.611111,0.208556,0.220000,0.106405,0.571429,0.170040,0.222222,32
24,I_24h,7,0.301020,-1.000000,1.467054,0.611111,0.210811,0.220000,0.106102,0.571429,0.171429,0.222222,32
24,I_24h,8,0.301020,-1.000000,1.467054,0.611111,0.210811,0.220000,0.106102,0.571429,0.172131,0.222222,32
24,I_24h,9,0.301020,-1.000000,1.467054,0.611111,0.210811,0.220000,0.106102,0.571429,0.172131,0.222222,32
24,I_24h,10,0.301020,-1.000000,1.467054,0.611111,0.216216,0.215686,0.103309,0.571429,0.176230,0.218182,32
