I_15min,I_30min,I_1h,I_2h,I_3h,I_6h,I_8h,I_10h,I_12h,I_24h,date,id_estacao,daily_total_mm
4.8,4.8,4.0,2.7,2.066666666666667,1.0666666666666667,0.8,0.66,0.55,0.4666666666666666,2015-04-22,22,11.2
20.8,16.4,12.6,6.5,4.866666666666667,2.5333333333333337,2.0,1.6,1.366666666666667,0.6833333333333335,2015-05-05,22,16.400000000000002
19.2,14.399999999999999,7.199999999999999,3.5999999999999996,2.466666666666667,1.633333333333333,1.225,0.9800000000000001,1.0166666666666666,0.5166666666666667,2015-05-13,22,12.400000000000002
4.0,3.2,2.8,2.3,1.9333333333333336,1.5333333333333334,1.25,1.02,0.8666666666666667,0.43333333333333335,2015-06-15,22,10.4
19.2,15.6,8.4,5.7,4.666666666666667,3.0666666666666664,2.6,2.3200000000000003,1.9666666666666668,1.4749999999999999,2015-06-19,22,35.400000000000006
19.2,12.399999999999999,10.0,8.3,5.733333333333333,2.8666666666666667,2.15,1.7399999999999998,1.45,0.7999999999999999,2015-09-08,22,19.2
16.0,15.6,9.4,6.0,4.6000000000000005,2.3666666666666667,1.775,1.42,1.1833333333333333,0.8666666666666667,2015-09-11,22,20.8
4.8,4.0,3.2,2.7,2.6666666666666665,2.0,1.675,1.4,1.1833333333333333,0.6,2015-09-13,22,14.399999999999999
5.6,4.8,2.8,2.5,2.1333333333333333,1.4333333333333333,1.075,0.86,0.7166666666666667,0.6166666666666667,2015-11-02,22,14.8
31.2,17.2,9.4,5.0,3.4000000000000004,1.8,1.35,1.08,0.9,0.4583333333333333,2015-11-06,22,11.0
50.4,38.4,24.8,12.7,8.733333333333333,4.433333333333333,3.3249999999999997,2.6599999999999997,2.2166666666666663,1.1083333333333332,2015-11-21,22,26.6
57.6,30.8,15.6,7.800000000000001,10.266666666666667,5.433333333333334,4.075,3.2600000000000002,2.716666666666667,1.4000000000000001,2015-11-23,22,33.6
71.2,61.2,59.0,36.1,24.733333333333334,12.4,9.3,7.44,6.2,3.1,2015-11-28,22,74.4
12.8,9.600000000000001,6.8,5.0,4.2,2.833333333333334,2.55,2.46,2.1833333333333336,1.3083333333333333,2015-11-30,22,31.400000000000002
20.0,15.2,9.8,5.1000000000000005,3.8666666666666667,2.2666666666666666,1.7,1.3599999999999999,1.1333333333333333,0.5666666666666667,2015-12-06,22,13.6
8.8,6.800000000000001,5.4,3.3000000000000003,2.266666666666667,1.866666666666667,1.65,1.4,1.1833333333333333,0.775,2015-12-07,22,18.6
96.8,73.19999999999999,45.199999999999996,25.3,17.266666666666666,8.766666666666666,6.574999999999999,5.26,4.383333333333333,2.1916666666666664,2015-12-12,22,52.6
76.0,41.6,22.6,11.4,7.6000000000000005,3.8000000000000003,2.85,2.2800000000000002,1.9000000000000001,0.9500000000000001,2015-12-21,22,22.8
11.2,8.8,6.8,5.3999999999999995,3.8000000000000003,2.2666666666666666,1.7,1.3599999999999999,1.1333333333333333,0.5666666666666667,2016-01-01,22,13.6
16.0,8.4,5.6,4.6000000000000005,4.266666666666667,2.5,1.875,1.5,1.25,0.9166666666666666,2016-01-12,22,22.0
62.4,46.0,31.6,17.3,12.200000000000001,6.933333333333334,5.2,4.16,3.466666666666667,1.7583333333333335,2016-01-14,22,42.199999999999996
20.8,20.0,17.0,11.700000000000001,9.866666666666667,6.666666666666667,5.5,4.4,3.6666666666666665,1.875,2016-01-15,22,45.0
10.4,10.0,8.8,7.0,6.6000000000000005,5.666666666666667,4.6000000000000005,3.7,3.1,1.55,2016-01-16,22,37.2
4.8,2.8,2.0,1.7000000000000002,1.3333333333333333,1.0,0.925,0.8200000000000001,0.7166666666666668,0.5666666666666668,2016-01-19,22,13.600000000000001
11.2,5.6,3.0,2.1,1.7333333333333332,0.9333333333333332,0.75,0.74,0.6333333333333333,0.44166666666666665,2016-01-22,22,10.6
11.2,10.0,7.999999999999999,4.6,3.0666666666666664,1.5999999999999999,1.2,1.04,0.9,0.525,2016-02-11,22,12.600000000000001
9.6,7.999999999999999,5.199999999999999,4.8,4.066666666666666,2.033333333333333,1.525,1.22,1.0166666666666666,0.5166666666666667,2016-02-16,22,12.399999999999999
55.2,44.400000000000006,27.8,14.0,9.333333333333334,4.666666666666667,3.5,2.8,2.3333333333333335,1.1666666666666667,2016-02-20,22,28.0
21.6,15.200000000000001,8.8,5.2,3.5333333333333337,1.7666666666666668,1.3250000000000002,1.06,0.8833333333333334,0.4416666666666667,2016-02-21,22,10.600000000000001
24.8,20.800000000000004,20.4,15.6,12.066666666666668,7.7,5.8,4.64,3.8833333333333333,1.95,2016-02-29,22,46.8
9.6,6.8,6.0,5.3,4.133333333333334,2.566666666666667,2.05,1.6600000000000001,1.3833333333333335,0.7083333333333334,2016-03-01,22,17.0
14.4,12.4,11.6,9.2,6.333333333333333,3.4000000000000004,2.575,2.06,1.7333333333333334,0.8666666666666667,2016-03-16,22,20.8
40.0,28.0,14.2,7.2,4.866666666666666,2.433333333333333,1.825,1.46,1.2166666666666666,0.6083333333333333,2016-03-17,22,14.6
6.4,5.6,5.6,5.0,3.733333333333334,2.3666666666666667,1.7750000000000001,1.4200000000000002,1.1833333333333333,0.5916666666666667,2016-03-23,22,14.2
4.8,4.4,4.0,3.1999999999999997,3.1333333333333333,2.0000000000000004,1.5250000000000001,1.2200000000000002,1.0166666666666668,0.5083333333333334,2016-04-29,22,12.200000000000001
17.6,15.600000000000001,9.600000000000001,5.0,3.9333333333333336,2.1666666666666665,1.625,1.3,1.1833333333333333,0.6083333333333333,2016-05-18,22,14.6
24.8,16.0,10.8,6.800000000000001,6.066666666666667,3.833333333333334,2.95,2.4,2.0166666666666666,1.0083333333333333,2016-06-05,22,24.200000000000003
12.8,8.4,7.0,5.1000000000000005,3.6666666666666665,3.4333333333333336,2.6,2.08,1.7333333333333334,1.1416666666666668,2016-06-07,22,27.400000000000002
12.0,9.2,6.0,5.0,3.733333333333334,2.1333333333333333,1.8250000000000002,1.54,1.2833333333333334,0.6416666666666667,2016-08-21,22,15.4
12.0,8.8,6.199999999999999,3.6999999999999997,2.6666666666666665,1.8666666666666665,1.525,1.26,1.05,0.5416666666666666,2016-08-22,22,13.0
48.0,24.8,14.0,8.8,6.0,3.0,2.25,1.8,1.5,0.75,2016-08-31,22,18.0
10.4,7.600000000000001,6.0,5.2,3.866666666666667,2.8666666666666667,2.325,1.8800000000000001,1.5666666666666667,0.8083333333333332,2016-10-04,22,19.4
12.8,11.600000000000001,9.0,7.2,5.2,2.9,2.45,2.12,1.8499999999999999,1.2249999999999999,2016-11-04,22,29.400000000000002
12.0,11.2,7.4,5.1000000000000005,3.6,2.0,1.55,1.26,1.05,0.6083333333333333,2016-11-05,22,14.6
27.2,23.6,18.8,12.0,8.666666666666666,4.733333333333333,3.7,3.04,2.6333333333333333,1.4000000000000001,2016-11-13,22,33.6
8.0,5.200000000000001,4.0,3.3,3.466666666666667,2.8333333333333335,2.65,2.4200000000000004,2.1,1.175,2016-11-14,22,28.200000000000003
79.2,46.800000000000004,25.000000000000004,13.3,8.933333333333334,4.466666666666667,3.35,2.68,2.2333333333333334,1.1166666666666667,2016-12-03,22,26.800000000000004
50.4,26.0,13.4,9.2,6.133333333333333,3.0999999999999996,2.375,1.92,1.5999999999999999,0.8333333333333334,2016-12-04,22,20.0
72.0,48.0,28.8,14.6,9.866666666666667,4.933333333333334,3.7,2.96,2.466666666666667,1.2333333333333334,2016-12-21,22,29.599999999999998
95.2,73.6,50.4,28.6,19.26666666666667,9.633333333333335,7.2250000000000005,5.78,4.816666666666667,2.4083333333333337,2017-01-03,22,57.8
34.4,24.4,14.799999999999999,7.5,5.0,2.533333333333333,1.9,1.52,1.2666666666666666,0.6333333333333333,2017-01-05,22,15.2
44.8,26.4,13.799999999999999,6.8999999999999995,4.6,2.3,1.7249999999999999,1.38,1.15,0.575,2017-01-26,22,13.799999999999999
51.2,36.8,22.6,12.700000000000001,9.200000000000001,4.666666666666667,3.5,2.8,2.3333333333333335,1.1666666666666667,2017-03-03,22,28.0
24.0,15.6,8.2,4.2,2.8666666666666667,1.4666666666666668,1.1,0.8800000000000001,0.7333333333333334,0.42500000000000004,2017-03-07,22,10.200000000000001
19.2,10.799999999999999,5.6,3.4,2.3333333333333335,1.1666666666666667,0.8999999999999999,0.8,0.75,0.4166666666666667,2017-03-14,22,10.0
29.6,23.6,18.0,14.1,11.266666666666667,5.966666666666668,4.4750000000000005,3.5800000000000005,2.983333333333334,1.5166666666666668,2017-03-18,22,36.400000000000006
7.2,6.800000000000001,5.6,4.2,3.266666666666667,2.2333333333333334,1.9000000000000001,1.58,1.3333333333333333,1.0083333333333333,2017-03-19,22,24.2
10.4,9.2,7.2,4.5,3.533333333333333,2.1666666666666665,1.625,1.3,1.0833333333333333,0.5416666666666666,2017-03-20,22,13.0
28.0,23.6,19.2,14.4,9.6,4.8,3.6,2.88,2.4,1.2,2017-03-28,22,28.8
27.2,25.6,23.6,16.1,10.866666666666667,5.466666666666666,4.1,3.28,2.733333333333333,1.5083333333333335,2017-04-07,22,36.2
22.4,20.799999999999997,13.0,10.0,7.8,4.333333333333333,3.275,2.62,2.183333333333333,1.1083333333333332,2017-04-08,22,26.6
17.6,11.600000000000001,7.4,4.2,3.6666666666666665,1.8333333333333333,1.475,1.3800000000000001,1.1500000000000001,0.5750000000000001,2017-04-12,22,13.8
11.2,8.8,4.999999999999999,3.5,2.3333333333333335,1.3666666666666665,1.575,1.3800000000000001,1.1500000000000001,0.5833333333333334,2017-04-13,22,14.0
8.0,7.2,5.8,3.8000000000000003,2.8666666666666667,1.666666666666667,1.5750000000000002,1.36,1.1666666666666667,0.5833333333333334,2017-04-23,22,14.0
8.0,7.2,4.4,2.5,1.6666666666666667,1.4000000000000001,1.3,1.04,0.8666666666666667,0.43333333333333335,2017-04-27,22,10.4
6.4,5.200000000000001,4.2,3.0000000000000004,2.4,1.7000000000000002,1.35,1.12,0.9333333333333335,0.46666666666666673,2017-04-28,22,11.2
16.0,12.4,8.4,4.7,4.333333333333333,2.733333333333333,2.05,1.64,1.3666666666666665,0.6833333333333332,2017-05-11,22,16.400000000000002
14.4,12.8,7.999999999999999,4.7,4.6,3.466666666666667,3.0749999999999997,2.72,2.4833333333333334,1.3,2017-05-19,22,31.200000000000003
7.2,6.4,5.6000000000000005,4.6,4.066666666666667,2.1999999999999997,1.65,1.3199999999999998,1.0999999999999999,0.5499999999999999,2017-06-13,22,13.2
14.4,9.6,8.0,5.2,3.733333333333333,1.8666666666666665,1.4,1.1199999999999999,0.9333333333333332,0.4666666666666666,2017-06-20,22,11.2
22.4,20.4,19.8,13.1,9.133333333333335,4.9,3.85,3.1599999999999997,2.6999999999999997,1.3499999999999999,2017-06-21,22,32.400000000000006
20.8,12.399999999999999,10.0,5.1,3.466666666666667,1.8666666666666665,1.4,1.1199999999999999,0.9333333333333332,0.4666666666666666,2017-06-22,22,11.2
12.8,9.2,4.800000000000001,3.0,2.466666666666667,1.6333333333333335,1.25,1.22,1.1,0.6666666666666666,2017-07-02,22,16.0
7.2,5.6,4.8,3.1,2.6,1.7999999999999998,1.55,1.32,1.1166666666666667,0.5583333333333333,2017-08-21,22,13.4
4.0,4.0,3.6,2.4000000000000004,2.4,1.5333333333333334,1.1500000000000001,0.9800000000000001,0.8333333333333335,0.44166666666666665,2017-09-30,22,10.6
5.6,4.0,3.6,2.9,2.533333333333333,2.2333333333333334,1.9500000000000002,1.6600000000000001,1.3833333333333335,0.7166666666666667,2017-10-03,22,17.2
8.0,5.6000000000000005,5.2,4.8,3.866666666666667,2.3666666666666667,1.95,2.0799999999999996,1.9166666666666667,1.1833333333333333,2017-10-23,22,28.4
16.0,10.8,6.800000000000001,4.2,3.533333333333333,1.9333333333333333,1.45,1.16,0.9666666666666667,0.5666666666666667,2017-11-18,22,13.600000000000001
36.0,30.800000000000004,24.199999999999996,13.899999999999999,9.6,5.1000000000000005,3.825,3.06,2.5500000000000003,1.3583333333333334,2017-11-19,22,32.6
23.2,18.8,14.2,12.0,11.6,8.1,6.4,5.8,5.033333333333333,2.5749999999999997,2017-11-20,22,61.8
8.8,8.0,6.6000000000000005,5.5,4.533333333333334,3.0666666666666664,2.625,2.1,1.8833333333333335,1.1,2017-11-22,22,26.400000000000002
12.0,8.8,4.8,4.0,3.266666666666667,1.7333333333333334,1.3,1.04,0.8833333333333333,0.45,2017-11-23,22,10.8
55.2,42.8,24.6,14.4,9.933333333333334,5.0,3.75,3.0,2.5,1.25,2017-12-21,22,30.0
28.0,28.0,14.6,7.4,4.933333333333334,2.466666666666667,1.85,1.48,1.2333333333333334,0.6166666666666667,2017-12-23,22,14.799999999999999
44.0,29.2,15.2,7.9,6.6000000000000005,6.166666666666667,4.625,4.18,3.483333333333333,1.7416666666666665,2018-01-03,22,41.8
10.4,10.4,6.6000000000000005,4.0,2.9333333333333336,2.0333333333333337,1.5250000000000001,1.2200000000000002,1.0166666666666668,0.5583333333333333,2018-01-04,22,13.400000000000002
7.2,6.4,6.2,5.5,4.733333333333333,2.6333333333333333,1.975,1.5799999999999998,1.3166666666666667,0.6749999999999999,2018-01-05,22,16.2
48.0,39.6,28.8,17.1,13.200000000000001,12.466666666666667,9.475,7.58,6.316666666666666,4.5249999999999995,2018-01-07,22,108.6
17.6,16.000000000000004,14.4,11.8,8.6,4.3,3.225,2.58,2.15,2.1416666666666666,2018-01-08,22,51.400000000000006
68.8,68.8,36.599999999999994,29.4,20.0,10.0,7.5,6.0,5.0,2.5416666666666665,2018-01-26,22,61.0
20.0,11.6,6.2,3.1,2.066666666666667,1.1666666666666667,1.4500000000000002,1.26,1.05,0.525,2018-01-27,22,12.6
16.8,13.600000000000001,10.2,9.4,7.333333333333333,5.766666666666667,4.375,3.8,3.1833333333333336,1.7750000000000001,2018-01-30,22,42.6
52.8,52.39999999999999,32.4,19.4,18.73333333333333,10.966666666666667,8.549999999999999,6.859999999999999,5.716666666666666,4.233333333333333,2018-02-14,22,101.6
44.8,30.0,15.999999999999998,9.0,6.133333333333333,3.0999999999999996,2.3249999999999997,1.8599999999999999,1.5499999999999998,0.7749999999999999,2018-02-15,22,18.599999999999998
31.2,29.6,22.8,12.9,9.200000000000001,4.6000000000000005,3.5,3.16,2.6333333333333333,1.3166666666666667,2018-02-21,22,31.6
13.6,10.4,7.2,5.800000000000001,5.333333333333333,3.9000000000000004,3.975,3.2399999999999998,2.933333333333333,2.125,2018-03-08,22,51.0
5.6,4.8,4.0,3.0,2.6,1.5,1.2,0.9800000000000001,0.8333333333333334,0.42500000000000004,2018-03-22,22,10.200000000000001
72.8,61.6,46.4,26.5,18.46666666666667,10.5,7.875,6.3,5.25,2.9583333333333335,2018-04-03,22,71.0
33.6,30.4,22.4,12.299999999999999,8.733333333333333,5.3,4.0,3.22,2.6999999999999997,1.4000000000000001,2018-04-15,22,33.6
43.2,39.2,24.000000000000004,12.4,8.266666666666667,4.133333333333334,3.1,2.48,2.066666666666667,1.0333333333333334,2018-05-19,22,24.8
6.4,5.200000000000001,4.2,3.3,3.1999999999999997,2.2666666666666666,1.975,1.58,1.3166666666666667,0.6916666666666668,2018-06-15,22,16.6
8.0,6.0,3.6,3.5,2.6,2.0000000000000004,1.675,1.3599999999999999,1.1333333333333335,0.5750000000000001,2018-07-10,22,13.8
11.2,7.200000000000001,4.2,3.1,3.1333333333333333,2.5,1.9,1.92,1.8166666666666664,1.0250000000000001,2018-08-01,22,24.6
2.4,2.4,2.0,1.9000000000000001,1.866666666666667,1.3,1.1,1.02,0.8500000000000001,0.42500000000000004,2018-08-03,22,10.2
12.8,10.8,6.0,4.2,4.066666666666667,2.1999999999999997,1.925,1.56,1.3,0.65,2018-08-06,22,15.600000000000001
36.8,19.2,11.0,5.5,3.8666666666666667,2.1666666666666665,1.625,1.3,1.0833333333333333,0.5416666666666666,2018-09-03,22,13.0
16.0,12.4,10.0,7.300000000000001,6.2,3.533333333333333,2.65,2.12,1.7666666666666666,0.8833333333333333,2018-09-14,22,21.200000000000003
9.6,7.6,4.0,2.6,1.8,1.7,1.275,1.02,0.85,0.425,2018-09-27,22,10.2
16.0,11.6,8.0,5.3,3.6666666666666665,1.8333333333333333,1.375,1.1,0.9166666666666666,0.4583333333333333,2018-10-06,22,11.0
81.6,63.199999999999996,45.4,24.0,16.0,8.0,6.0,4.8,4.0,2.0,2018-10-13,22,48.0
10.4,8.4,7.800000000000001,5.3,4.333333333333334,2.566666666666667,1.925,1.54,1.2833333333333334,0.6416666666666667,2018-10-19,22,15.4
5.6,4.8,3.4,2.9,2.4,1.8666666666666665,1.55,1.28,1.0666666666666667,0.6,2018-10-25,22,14.4
51.2,42.8,23.0,12.8,9.266666666666667,4.666666666666667,3.5,2.8,2.3333333333333335,1.1916666666666667,2018-11-04,22,28.6
30.4,22.0,13.4,6.7,4.466666666666667,2.2333333333333334,1.675,1.34,1.1166666666666667,0.5583333333333333,2018-11-07,22,13.4
12.8,10.0,6.6000000000000005,4.2,3.1333333333333333,2.533333333333333,2.25,1.9600000000000002,1.7333333333333334,1.4166666666666667,2018-11-08,22,34.0
17.6,12.8,9.6,8.0,6.666666666666667,4.466666666666667,3.925,3.4,3.1500000000000004,1.7750000000000001,2018-11-19,22,42.6
89.6,66.8,44.8,26.7,17.866666666666667,9.333333333333334,7.1,5.68,4.733333333333333,2.375,2018-11-26,22,57.0
42.4,24.4,12.4,6.2,4.133333333333334,2.1,1.575,1.2799999999999998,1.1500000000000001,0.7666666666666666,2018-12-07,22,18.4
9.6,5.6,5.0,4.1,3.0,1.866666666666667,1.6,1.32,1.1333333333333333,0.5666666666666667,2018-12-08,22,13.600000000000001
11.2,9.2,6.6,4.5,3.266666666666666,1.6666666666666667,1.25,1.0,0.8333333333333334,0.4166666666666667,2018-12-24,22,10.0
23.2,22.4,11.4,5.9,3.9333333333333336,2.466666666666667,1.85,1.48,1.2333333333333334,0.6166666666666667,2019-01-04,22,14.799999999999999
15.2,13.2,10.6,6.8999999999999995,5.2,2.6333333333333333,1.9749999999999999,1.5799999999999998,1.3166666666666667,0.6583333333333333,2019-01-05,22,15.799999999999999
96.0,67.2,44.2,23.900000000000002,17.533333333333335,9.3,6.9750000000000005,5.58,4.65,2.325,2019-01-25,22,55.800000000000004
64.8,50.4,37.2,34.8,27.46666666666667,18.6,14.450000000000001,11.74,9.783333333333333,5.1000000000000005,2019-02-04,22,122.4
14.4,10.8,6.0,3.9,3.3333333333333335,2.3333333333333335,2.375,2.04,1.7333333333333334,0.8666666666666667,2019-02-05,22,20.8
28.8,26.8,17.200000000000003,10.1,7.066666666666667,3.6,2.7,2.16,1.8,0.9,2019-02-06,22,21.6
18.4,16.4,12.0,8.399999999999999,7.8,4.533333333333333,3.425,2.7600000000000002,2.3000000000000003,1.1500000000000001,2019-02-13,22,27.6
22.4,16.4,11.6,7.9,5.466666666666666,2.8000000000000003,2.125,1.7,1.4166666666666667,0.7166666666666667,2019-02-17,22,17.2
6.4,5.6,4.8,3.9,3.4,1.8666666666666665,1.4,1.1199999999999999,0.9333333333333332,0.525,2019-02-28,22,12.600000000000001
32.0,31.2,24.4,17.2,16.333333333333332,10.833333333333334,8.125,6.5,5.416666666666667,2.733333333333333,2019-03-01,22,65.6
6.4,5.6,4.0,3.3,2.9333333333333336,1.8,1.4,1.24,1.0333333333333334,0.5750000000000001,2019-03-02,22,13.8
18.4,14.799999999999997,9.999999999999998,5.8,5.133333333333334,3.1,2.35,1.8800000000000001,1.5666666666666667,0.7916666666666666,2019-03-03,22,19.0
83.2,69.6,50.2,33.0,22.26666666666667,11.433333333333335,8.7,7.1,5.916666666666667,2.9583333333333335,2019-03-11,22,71.0
96.0,77.6,46.800000000000004,23.6,16.26666666666667,9.366666666666667,7.025,5.62,4.683333333333334,2.341666666666667,2019-03-17,22,56.199999999999996
16.0,14.0,7.2,4.2,2.8000000000000003,1.4000000000000001,1.175,0.9400000000000001,1.0833333333333333,0.9333333333333335,2019-03-20,22,22.4
36.0,23.2,14.0,8.700000000000001,6.666666666666667,6.3999999999999995,5.4,4.720000000000001,3.9499999999999997,2.9,2019-03-21,22,69.60000000000001
20.0,18.400000000000002,14.000000000000002,7.5,5.0,2.6666666666666665,2.125,1.7,1.4166666666666667,0.7166666666666667,2019-03-29,22,17.2
86.4,85.6,61.2,45.5,38.4,21.2,17.0,13.6,11.333333333333334,5.666666666666667,2019-04-08,22,136.0
20.8,20.0,18.8,14.2,11.066666666666668,6.8999999999999995,5.5,4.5200000000000005,3.8000000000000003,2.1583333333333337,2019-04-09,22,51.8
26.4,22.799999999999997,15.2,8.0,5.333333333333333,2.6666666666666665,2.0,1.6,1.3333333333333333,0.6749999999999999,2019-04-29,22,16.2
30.4,16.4,9.0,4.5,3.266666666666667,1.6666666666666667,1.25,1.0,0.8333333333333334,0.4333333333333333,2019-05-07,22,10.399999999999999
48.8,29.599999999999998,15.6,7.8,5.2,2.6,1.95,1.56,1.3,0.6583333333333333,2019-05-14,22,15.8
8.8,6.800000000000001,3.4000000000000004,1.9,2.0000000000000004,1.1666666666666667,0.925,0.78,0.7333333333333334,0.5333333333333333,2019-05-15,22,12.799999999999999
19.2,15.2,10.2,5.8,3.8666666666666667,1.9666666666666666,1.4749999999999999,1.18,1.1500000000000001,0.5750000000000001,2019-05-16,22,13.799999999999999
16.0,14.4,12.2,9.3,7.199999999999999,4.066666666666667,3.075,2.46,2.066666666666667,1.0416666666666667,2019-05-17,22,25.000000000000004
23.2,20.799999999999997,14.0,9.8,6.6000000000000005,3.3000000000000003,2.475,1.98,1.6500000000000001,0.8250000000000001,2019-06-01,22,19.799999999999997
11.2,8.0,6.199999999999999,3.8,2.933333333333333,1.7,1.275,1.02,0.8666666666666667,0.43333333333333335,2019-06-03,22,10.399999999999999
9.6,7.6000000000000005,5.6,4.1,3.6666666666666665,2.1,1.6500000000000001,1.34,1.1166666666666667,0.5916666666666667,2019-06-05,22,14.200000000000001
5.6,4.4,3.8,2.4,2.4,1.5999999999999999,1.3499999999999999,1.1400000000000001,1.0833333333333333,0.775,2019-07-05,22,18.6
7.2,6.800000000000001,5.6000000000000005,5.0,3.866666666666667,2.5,2.0500000000000003,1.7600000000000002,1.5333333333333332,0.9333333333333335,2019-08-03,22,22.4
6.4,5.200000000000001,3.4000000000000004,2.4,1.9333333333333336,1.4666666666666668,1.25,1.0000000000000002,0.9,0.75,2019-08-04,22,18.0
12.0,8.0,7.2,4.4,2.9333333333333336,1.4666666666666668,1.1,0.8800000000000001,0.7333333333333334,0.5666666666666667,2019-08-20,22,13.599999999999998
13.6,8.799999999999999,4.8,4.4,3.266666666666666,2.1999999999999997,1.65,1.3199999999999998,1.0999999999999999,0.5499999999999999,2019-09-01,22,13.2
12.8,12.8,9.4,6.000000000000001,4.266666666666667,2.1333333333333333,2.075,1.7400000000000002,1.5166666666666666,0.7583333333333333,2019-09-02,22,18.200000000000003
21.6,18.0,11.200000000000001,5.6000000000000005,3.8000000000000003,1.9666666666666668,1.475,1.1800000000000002,0.9833333333333334,0.4916666666666667,2019-09-04,22,11.8
3.2,2.8,2.0,1.4000000000000001,1.0666666666666667,1.0,0.925,0.76,0.6666666666666666,0.5416666666666666,2019-09-22,22,13.0
2.4,2.0,1.6,1.2000000000000002,1.1333333333333335,1.1,1.05,0.9200000000000002,0.9166666666666666,0.5333333333333333,2019-09-26,22,12.8
32.8,28.0,20.599999999999998,13.0,9.733333333333333,5.0,3.75,3.0,2.5,1.2583333333333333,2019-10-08,22,30.2
13.6,8.799999999999999,6.199999999999999,4.3,3.533333333333333,3.2999999999999994,3.0,2.56,2.216666666666667,1.1333333333333333,2019-10-09,22,27.200000000000003
56.8,34.0,19.2,11.5,8.066666666666666,4.066666666666667,3.0500000000000003,2.4400000000000004,2.0333333333333337,1.0166666666666668,2019-11-11,22,24.4
24.8,24.4,13.6,9.6,6.666666666666667,3.5666666666666664,2.675,2.1399999999999997,1.7833333333333332,0.8916666666666666,2019-11-23,22,21.4
7.2,6.0,4.6,4.1,3.533333333333333,2.8666666666666667,2.875,2.6399999999999997,2.2666666666666666,1.1333333333333333,2019-11-28,22,27.200000000000003
8.8,7.6000000000000005,5.200000000000001,3.3000000000000003,2.4000000000000004,1.566666666666667,1.25,1.02,0.8500000000000001,0.43333333333333335,2019-12-12,22,10.4
24.0,16.0,9.4,6.8,5.3999999999999995,4.066666666666666,3.05,2.44,2.033333333333333,1.0166666666666666,2019-12-22,22,24.4
6.4,5.6000000000000005,4.6,3.3000000000000003,2.6666666666666665,1.9333333333333333,1.75,1.44,1.2166666666666666,0.6083333333333333,2019-12-23,22,14.600000000000001
22.4,15.6,8.0,4.0,4.133333333333334,2.6999999999999997,2.025,1.64,1.366666666666667,0.6916666666666668,2020-01-03,22,16.6
16.0,9.2,6.0,4.6000000000000005,3.4000000000000004,1.7333333333333334,1.3,1.04,0.8666666666666667,0.45,2020-01-06,22,10.799999999999999
14.4,8.4,5.800000000000001,4.4,3.8666666666666667,2.3666666666666667,1.975,1.6,1.3333333333333333,0.6749999999999999,2020-01-17,22,16.2
29.6,24.8,17.0,8.8,5.933333333333334,4.266666666666667,3.2,2.56,2.1333333333333333,1.0666666666666667,2020-02-02,22,25.6
12.8,10.000000000000002,8.4,6.5,5.733333333333334,4.333333333333333,3.4250000000000003,2.74,2.283333333333333,1.1500000000000001,2020-02-03,22,27.6
56.0,39.2,21.0,12.1,8.266666666666667,4.2,3.175,2.54,2.1166666666666667,1.0833333333333333,2020-02-05,22,25.999999999999996
63.2,59.6,45.6,23.4,16.133333333333333,8.966666666666667,7.025,6.1,5.083333333333333,2.5416666666666665,2020-02-10,22,60.99999999999999
29.6,27.200000000000003,20.400000000000002,14.6,10.6,5.3999999999999995,4.325,3.5800000000000005,3.0500000000000003,1.7583333333333335,2020-02-11,22,42.2
5.6,4.0,3.1999999999999997,2.1999999999999997,1.5999999999999999,0.9333333333333332,0.8250000000000001,0.76,0.6666666666666666,0.5,2020-02-12,22,12.0
36.0,22.4,12.4,6.6,5.0,3.5666666666666664,2.825,2.2800000000000002,2.1166666666666667,1.0583333333333333,2020-02-21,22,25.4
22.4,13.6,8.2,4.6000000000000005,3.5333333333333337,2.533333333333333,2.6750000000000003,2.32,1.9333333333333333,1.1583333333333334,2020-02-22,22,27.799999999999997
30.4,23.2,18.2,17.3,14.266666666666666,7.133333333333333,5.35,4.279999999999999,3.5666666666666664,1.7833333333333332,2020-02-29,22,42.8
60.0,55.2,47.4,37.0,34.53333333333333,19.666666666666668,17.125,13.98,11.9,6.55,2020-03-01,22,157.2
33.6,19.6,11.8,7.0,4.666666666666667,2.3333333333333335,1.75,1.4,1.1666666666666667,0.5833333333333334,2020-03-17,22,14.0
45.6,34.0,21.6,12.7,12.0,6.333333333333333,4.75,3.8,3.1666666666666665,1.5833333333333333,2020-03-20,22,38.0
12.0,9.6,5.2,3.5,2.4,1.8333333333333337,1.7750000000000001,1.7,1.4833333333333334,0.875,2020-03-21,22,21.0
8.0,4.3999999999999995,3.0,2.1,1.7333333333333334,1.5666666666666667,1.375,1.28,1.0666666666666667,0.625,2020-04-08,22,15.0
16.0,15.2,8.6,4.6,3.1333333333333333,2.5,1.875,1.5,1.25,0.625,2020-05-02,22,15.0
32.0,25.6,17.4,11.8,8.266666666666667,4.633333333333334,3.475,2.7800000000000002,2.35,1.1833333333333333,2020-05-07,22,28.4
25.6,16.0,9.8,7.3,5.800000000000001,3.1666666666666665,2.375,1.9,1.5833333333333333,0.7916666666666666,2020-05-14,22,19.0
10.4,6.800000000000001,3.6,2.4,2.2666666666666666,1.9333333333333333,1.675,1.5,1.2666666666666666,0.7166666666666667,2020-07-30,22,17.200000000000003
24.8,20.799999999999997,15.0,10.6,9.266666666666667,5.866666666666666,4.5,3.6,3.1166666666666667,1.8333333333333333,2020-08-21,22,44.0
17.6,11.200000000000001,7.4,4.6000000000000005,4.733333333333333,3.9333333333333336,3.575,3.2399999999999998,2.883333333333333,1.7416666666666665,2020-08-22,22,41.800000000000004
3.2,3.2,2.4,2.0,1.866666666666667,1.5333333333333334,1.25,1.06,0.8833333333333333,0.44166666666666665,2020-09-20,22,10.6
26.4,22.799999999999997,15.2,11.2,11.466666666666667,6.333333333333333,4.75,3.8,3.1666666666666665,1.5916666666666668,2020-09-21,22,38.2
34.4,33.2,26.2,17.8,14.466666666666667,9.6,7.675000000000001,6.44,5.750000000000001,3.266666666666667,2020-09-22,22,78.4
23.2,19.6,15.6,10.3,8.200000000000001,6.066666666666666,5.1000000000000005,4.24,3.5666666666666664,1.7833333333333332,2020-10-30,22,42.800000000000004
28.0,16.4,13.8,6.9,4.666666666666667,2.4333333333333336,1.875,1.5,1.3166666666666667,0.6666666666666666,2020-11-05,22,16.0
10.4,9.2,7.2,6.6,5.8,3.3666666666666667,2.525,2.02,1.6833333333333333,1.2916666666666667,2020-11-18,22,31.0
28.0,18.0,12.0,8.299999999999999,5.6000000000000005,2.9333333333333336,2.225,1.78,1.4833333333333334,0.8250000000000001,2020-11-19,22,19.8
10.4,7.6,3.8,2.5,2.1999999999999997,1.5666666666666667,1.2,1.1400000000000001,1.2,0.6916666666666668,2020-11-20,22,16.6
24.0,16.4,8.8,4.7,3.1999999999999997,2.0333333333333337,1.575,1.26,1.05,0.525,2020-12-01,22,12.600000000000001
20.0,10.4,6.199999999999999,5.1,3.8666666666666667,1.9666666666666666,1.4749999999999999,1.18,0.9833333333333333,0.49166666666666664,2020-12-05,22,11.8
8.0,7.2,5.2,3.6,3.1333333333333333,2.433333333333333,2.05,1.64,1.3666666666666665,1.2083333333333333,2020-12-07,22,29.0
33.6,26.8,19.400000000000002,11.6,7.933333333333334,3.966666666666667,2.975,2.38,1.9833333333333334,1.0083333333333333,2020-12-08,22,24.2
52.0,34.4,29.0,14.7,9.799999999999999,4.8999999999999995,3.675,3.02,2.5833333333333335,1.3,2020-12-13,22,31.199999999999996
57.6,37.2,24.4,16.0,12.266666666666667,6.3,4.750000000000001,3.88,3.3000000000000003,1.7,2020-12-22,22,40.800000000000004
4.0,4.0,2.4,1.6,1.2,0.8666666666666667,0.675,0.6000000000000001,0.7333333333333334,0.43333333333333335,2020-12-24,22,10.399999999999999
8.0,7.6,6.6,5.5,4.2,2.1999999999999997,1.65,1.32,1.1166666666666667,0.6083333333333333,2020-12-25,22,14.600000000000001
41.6,30.4,21.2,13.7,9.2,4.766666666666667,3.6,3.1399999999999997,2.6166666666666667,1.3083333333333333,2021-01-02,22,31.400000000000006
43.2,23.6,13.0,6.6000000000000005,4.4,2.2,1.6500000000000001,1.32,1.1,0.55,2021-01-08,22,13.2
13.6,13.6,9.4,4.800000000000001,4.333333333333333,2.733333333333333,2.05,1.64,1.3666666666666665,0.6833333333333332,2021-01-10,22,16.4
48.0,34.0,31.799999999999997,21.1,16.0,9.200000000000001,6.925000000000001,5.540000000000001,4.616666666666667,3.1166666666666667,2021-02-05,22,74.8
39.2,35.2,21.8,11.8,7.933333333333334,4.033333333333334,3.0250000000000004,2.4200000000000004,2.016666666666667,1.0083333333333335,2021-02-11,22,24.200000000000003
12.8,8.4,5.800000000000001,3.7,2.733333333333334,1.5,1.125,0.9,0.75,0.5083333333333334,2021-02-13,22,12.2
13.6,12.8,9.6,6.0,4.0,2.0,1.5,1.2,1.0,0.725,2021-02-15,22,17.400000000000002
32.0,30.0,19.0,9.8,7.0,3.5666666666666664,2.675,2.1399999999999997,1.7833333333333332,0.8916666666666666,2021-02-26,22,21.400000000000002
96.0,65.6,38.2,20.4,14.266666666666667,7.166666666666667,5.375,4.3,3.5833333333333335,1.8166666666666667,2021-03-06,22,43.6
34.4,26.799999999999997,16.8,9.2,6.199999999999999,3.1333333333333333,2.35,1.8800000000000001,1.5666666666666667,1.3666666666666665,2021-03-30,22,32.8
64.0,38.0,19.8,9.9,7.866666666666667,3.9333333333333336,2.95,2.38,1.9833333333333334,1.0666666666666667,2021-04-07,22,25.6
14.4,12.4,8.4,6.1,4.466666666666667,3.2000000000000006,2.5500000000000003,2.06,2.1,1.125,2021-04-13,22,27.0
22.4,12.799999999999999,8.399999999999999,5.0,3.4,1.9666666666666666,1.6,1.32,1.1166666666666667,0.5583333333333333,2021-04-22,22,13.399999999999999
17.6,17.6,11.000000000000002,5.9,4.000000000000001,2.0000000000000004,1.5000000000000002,1.2000000000000002,1.0000000000000002,0.5416666666666667,2021-04-27,22,13.0
9.6,8.0,6.6000000000000005,4.0,3.4000000000000004,2.0333333333333337,2.025,1.64,1.3833333333333335,0.7000000000000001,2021-04-29,22,16.8
27.2,24.4,19.4,14.200000000000001,10.933333333333332,5.466666666666666,4.1,3.28,2.766666666666667,1.5083333333333335,2021-05-07,22,36.2
12.0,11.6,6.2,3.6999999999999997,3.5333333333333337,3.4,2.8,2.2399999999999998,1.8666666666666665,1.0083333333333333,2021-05-13,22,24.2
50.4,34.4,21.799999999999997,13.6,10.133333333333333,5.133333333333334,3.85,3.08,2.566666666666667,1.2833333333333334,2021-05-30,22,30.8
29.6,27.6,14.4,7.6000000000000005,5.066666666666667,3.1,3.375,2.92,2.433333333333333,1.2166666666666666,2021-05-31,22,29.200000000000003
16.0,14.4,7.6000000000000005,5.6,4.533333333333334,2.8000000000000003,2.125,1.7,1.4166666666666667,0.7083333333333334,2021-06-12,22,17.0
7.2,4.4,3.2,1.9,1.4666666666666668,1.2,1.0750000000000002,1.12,1.0833333333333333,0.6833333333333335,2021-07-28,22,16.4
4.0,4.0,3.4,2.1,1.8,1.0666666666666667,1.025,0.9,0.7833333333333333,0.425,2021-08-12,22,10.200000000000001
51.2,49.2,24.8,19.099999999999998,12.866666666666667,6.833333333333333,6.05,4.84,4.033333333333333,2.0166666666666666,2021-10-03,22,48.39999999999999
4.0,3.6,3.0,2.4,2.066666666666667,1.5,1.35,1.2200000000000002,1.1833333333333333,0.7666666666666667,2021-10-11,22,18.4
8.0,6.4,5.0,4.5,3.0,1.5333333333333332,1.15,0.9199999999999999,0.7666666666666666,0.5333333333333333,2021-10-16,22,12.8
9.6,8.399999999999999,7.0,6.8,6.6000000000000005,5.7,4.7,3.8,3.1666666666666665,1.5833333333333333,2021-10-20,22,38.0
16.8,13.600000000000001,10.799999999999999,6.300000000000001,4.4,2.266666666666667,1.7000000000000002,1.36,1.1333333333333335,0.5833333333333334,2021-10-28,22,14.0
16.8,12.4,9.2,5.4,4.0,2.4,1.8,1.44,1.2,0.6,2021-10-31,22,14.400000000000002
6.4,5.6000000000000005,5.6,5.2,5.2,3.766666666666666,3.4,2.9,2.6,1.3833333333333335,2021-11-01,22,33.2
5.6,4.0,3.4,2.6,2.1333333333333333,1.7333333333333334,1.6500000000000001,1.48,1.366666666666667,0.6833333333333335,2021-11-11,22,16.400000000000002
13.6,9.2,7.0,5.9,4.333333333333333,2.533333333333333,2.0,1.64,1.3666666666666665,0.6916666666666668,2021-11-19,22,16.6
30.4,19.6,10.0,5.1,3.4,1.7,1.275,1.02,0.85,0.425,2021-12-05,22,10.2
16.8,13.6,9.200000000000001,6.200000000000001,5.466666666666666,3.3666666666666667,2.65,2.2800000000000002,1.9833333333333334,1.0250000000000001,2021-12-07,22,24.6
10.4,8.8,7.2,4.8,3.1999999999999997,1.8,1.375,1.1,0.9166666666666666,0.4916666666666667,2021-12-08,22,11.8
38.4,26.0,17.6,11.7,7.933333333333334,4.0,3.0,2.4,2.1666666666666665,1.1166666666666665,2021-12-12,22,26.799999999999997
48.8,41.2,34.2,30.599999999999998,22.933333333333334,13.366666666666667,10.025,8.02,6.683333333333333,3.3666666666666667,2021-12-17,22,80.79999999999998
32.0,24.8,17.400000000000002,9.700000000000001,9.866666666666667,5.633333333333334,4.2250000000000005,3.84,3.1999999999999997,1.6083333333333334,2021-12-23,22,38.6
31.2,26.400000000000002,20.8,12.0,8.133333333333333,4.1000000000000005,3.2,2.56,2.1333333333333333,1.0666666666666667,2021-12-30,22,25.6
5.6,5.199999999999999,4.6,3.2,2.533333333333333,1.3333333333333333,1.05,0.9,0.7666666666666667,0.44166666666666665,2021-12-31,22,10.6
25.6,17.200000000000003,10.200000000000001,6.0,4.133333333333334,2.1,1.575,1.26,1.05,0.525,2022-01-05,22,12.600000000000001
6.4,6.0,5.4,4.2,3.1333333333333333,2.1333333333333333,1.65,1.34,1.1166666666666667,0.5750000000000001,2022-01-06,22,13.8
15.2,11.2,7.6,4.1,2.933333333333333,2.533333333333333,2.1,2.0599999999999996,1.8166666666666667,1.1333333333333333,2022-01-07,22,27.2
113.6,71.2,47.0,23.799999999999997,16.0,8.5,6.375,5.1,4.25,2.125,2022-01-16,22,51.0
6.4,5.6,4.6000000000000005,3.3000000000000003,3.0,2.2333333333333334,1.675,1.34,1.1166666666666667,0.5583333333333333,2022-02-01,22,13.4
43.2,35.2,23.6,11.8,7.866666666666667,3.9333333333333336,2.95,2.3600000000000003,1.9666666666666668,0.9833333333333334,2022-02-06,22,23.6
48.8,30.8,20.0,11.3,7.666666666666667,4.1,3.0749999999999997,2.46,2.05,1.025,2022-02-07,22,24.6
8.8,6.4,4.200000000000001,3.0,2.1999999999999997,2.066666666666667,1.5750000000000002,1.44,1.2333333333333334,0.6166666666666667,2022-02-09,22,14.799999999999999
18.4,18.4,14.2,10.0,7.933333333333334,7.8999999999999995,6.2749999999999995,5.04,4.2,2.1,2022-03-20,22,50.400000000000006
62.4,47.599999999999994,37.800000000000004,21.5,14.333333333333334,7.199999999999999,5.3999999999999995,4.319999999999999,3.5999999999999996,2.65,2022-03-31,22,63.6
74.4,71.2,59.199999999999996,43.1,34.46666666666666,18.733333333333334,14.05,11.260000000000002,9.383333333333333,4.7250000000000005,2022-04-01,22,113.4
2.4,2.0,1.8,1.7000000000000002,1.666666666666667,1.5666666666666667,1.5500000000000003,1.56,1.5166666666666668,1.2333333333333334,2022-04-02,22,29.600000000000005
27.2,22.799999999999997,14.0,8.0,7.599999999999999,4.8999999999999995,3.675,2.94,2.4499999999999997,1.8333333333333333,2022-04-14,22,44.0
58.4,45.6,40.400000000000006,26.7,20.8,20.26666666666667,15.625,13.7,11.983333333333334,6.5,2022-04-30,22,156.0
32.8,16.799999999999997,12.6,7.1,7.466666666666666,4.166666666666667,3.125,2.54,2.15,1.075,2022-05-16,22,25.799999999999997
12.0,8.4,4.800000000000001,3.0,3.2000000000000006,1.9666666666666668,1.475,1.1800000000000002,0.9833333333333334,0.4916666666666667,2022-06-03,22,11.799999999999999
16.8,9.6,5.0,2.6999999999999997,3.266666666666666,1.633333333333333,1.2249999999999999,0.9799999999999999,0.8166666666666665,0.44166666666666665,2022-06-10,22,10.600000000000001
25.6,14.8,8.4,4.7,3.4000000000000004,1.7333333333333334,1.3,1.08,0.9,0.45,2022-07-29,22,10.8
19.2,12.8,12.0,6.9,5.333333333333333,3.466666666666667,2.6,2.08,1.7333333333333334,0.8666666666666667,2022-08-11,22,20.8
7.2,6.800000000000001,5.0,4.1,3.4000000000000004,2.1333333333333333,1.85,1.8800000000000001,1.6500000000000001,0.9666666666666667,2022-09-16,22,23.200000000000003
8.8,7.6000000000000005,4.0,2.2,2.4,1.866666666666667,1.4000000000000001,1.12,0.9333333333333335,0.5583333333333333,2022-09-17,22,13.4
6.4,5.6,5.0,4.4,3.9333333333333336,2.766666666666667,2.2750000000000004,2.06,1.9333333333333333,1.2416666666666667,2022-09-28,22,29.800000000000004
7.2,6.0,5.2,4.7,4.4,3.0333333333333337,2.5,2.0,1.6833333333333333,0.8416666666666667,2022-09-29,22,20.2
38.4,33.2,20.200000000000003,10.8,7.466666666666668,3.9333333333333336,2.95,2.3600000000000003,1.9666666666666668,0.9833333333333334,2022-10-09,22,23.599999999999998
9.6,7.199999999999999,5.6,3.5999999999999996,2.533333333333333,2.1666666666666665,1.725,1.5,1.2666666666666666,0.7833333333333333,2022-11-02,22,18.8
72.0,36.4,18.2,9.1,6.066666666666666,3.033333333333333,2.275,1.8199999999999998,1.5166666666666666,0.7583333333333333,2022-11-12,22,18.2
55.2,54.0,43.0,24.700000000000003,17.400000000000002,9.366666666666667,7.025,5.64,4.7,2.35,2022-11-24,22,56.400000000000006
23.2,21.2,14.6,10.1,7.266666666666667,3.6333333333333333,2.725,2.18,1.8166666666666667,0.9083333333333333,2022-11-26,22,21.799999999999997
23.2,19.2,14.6,12.1,8.2,4.866666666666666,3.875,3.1,2.5833333333333335,1.2916666666666667,2022-11-29,22,31.000000000000004
19.2,14.399999999999999,9.4,7.6,5.800000000000001,3.1999999999999997,2.65,2.1399999999999997,1.7833333333333332,0.8916666666666666,2022-12-06,22,21.4
23.2,20.0,16.8,8.8,5.933333333333334,3.5,2.775,2.54,2.1166666666666667,1.0583333333333333,2022-12-13,22,25.400000000000002
8.0,6.0,5.2,3.7,3.0000000000000004,2.9000000000000004,2.4000000000000004,2.1,1.8333333333333333,1.2416666666666667,2022-12-20,22,29.8
9.6,8.8,7.4,6.0,4.866666666666666,3.7000000000000006,3.575,2.96,2.8666666666666667,1.6166666666666665,2022-12-21,22,38.800000000000004
52.8,46.0,29.0,15.6,10.799999999999999,6.766666666666667,5.25,4.24,3.5833333333333335,1.8333333333333333,2022-12-30,22,44.0
8.0,5.6,5.2,3.4,2.2666666666666666,1.3333333333333333,1.025,1.02,1.1333333333333335,0.6833333333333332,2023-01-05,22,16.4
8.0,6.0,4.4,3.3,2.733333333333333,2.3333333333333335,2.25,2.12,2.0833333333333335,,2023-01-06,22,41.20000000000001
6.4,5.6,4.4,3.1,2.6666666666666665,1.7666666666666666,1.475,1.3800000000000001,1.3166666666666667,,2023-01-07,22,17.0
8.0,7.2,6.6000000000000005,6.1000000000000005,5.2,2.9,2.2,1.7600000000000002,1.4666666666666668,0.9333333333333332,2023-01-09,22,22.400000000000002
16.0,14.0,10.2,6.3,4.266666666666667,2.1333333333333333,1.6,1.28,1.0666666666666667,,2023-01-11,22,12.8
21.6,14.0,7.2,4.7,3.4,1.7,1.6,1.3800000000000001,1.1500000000000001,,2023-01-23,22,13.799999999999999
21.6,13.600000000000001,7.4,3.8000000000000003,3.266666666666667,1.9000000000000001,1.425,1.1400000000000001,0.9500000000000001,0.47500000000000003,2023-01-28,22,11.400000000000002
29.6,18.0,12.8,10.4,8.933333333333334,6.366666666666667,4.925,3.94,3.283333333333333,1.6416666666666666,2023-02-07,22,39.4
38.4,34.4,24.799999999999997,13.4,9.0,4.533333333333333,3.4,2.7199999999999998,2.2666666666666666,1.1333333333333333,2023-02-10,22,27.2
23.2,21.2,15.4,8.9,6.333333333333333,3.5333333333333337,2.725,2.18,1.8166666666666667,0.9083333333333333,2023-02-11,22,21.8
18.4,17.2,9.2,5.6,4.066666666666666,2.033333333333333,1.55,1.24,1.0333333333333334,0.5333333333333333,2023-02-12,22,12.8
34.4,19.599999999999998,10.6,5.8,3.866666666666667,2.0,1.5,1.2,1.0,0.5,2023-02-15,22,12.0
37.6,37.2,25.0,12.799999999999999,8.533333333333333,4.266666666666667,3.1999999999999997,2.5599999999999996,2.1333333333333333,,2023-02-28,22,25.6
16.0,15.599999999999998,11.8,8.1,7.199999999999999,4.5,3.375,2.7,2.25,,2023-03-11,22,26.999999999999996
20.8,15.2,8.0,5.1,3.8000000000000003,1.9333333333333333,1.475,1.1800000000000002,0.9833333333333334,0.5083333333333334,2023-03-12,22,12.2
37.6,27.6,15.200000000000001,7.6000000000000005,5.133333333333334,2.6,1.9500000000000002,1.58,1.3166666666666667,0.8166666666666668,2023-03-27,22,19.6
15.2,9.6,6.0,3.8999999999999995,2.9999999999999996,2.033333333333333,1.675,1.6599999999999997,1.4833333333333332,1.2583333333333333,2023-04-08,22,30.200000000000003
21.6,12.4,9.4,4.9,3.266666666666667,1.6666666666666667,1.25,1.0,0.8333333333333334,,2023-04-16,22,10.000000000000002
6.4,5.6,4.8,3.6999999999999997,3.0,1.9333333333333333,1.6,1.3,1.0833333333333333,0.5416666666666666,2023-04-19,22,13.0
34.4,31.6,19.4,9.8,6.533333333333334,3.3000000000000003,2.475,1.98,1.6500000000000001,0.8250000000000001,2023-04-26,22,19.8
60.0,40.0,22.4,11.700000000000001,7.866666666666666,4.033333333333333,3.05,2.52,2.1,1.0666666666666667,2023-04-28,22,25.6
6.4,6.0,4.0,3.6999999999999997,2.8000000000000003,2.1333333333333333,1.875,1.58,1.3333333333333333,,2023-05-10,22,16.2
49.6,31.200000000000003,18.8,10.0,7.266666666666667,4.5,4.95,4.3,3.9499999999999997,2.0416666666666665,2023-05-29,22,49.0
8.0,6.4,3.4,2.1,1.6666666666666667,1.0333333333333334,0.9,0.86,0.9166666666666666,0.8166666666666668,2023-08-26,22,19.6
8.0,6.4,5.0,4.199999999999999,4.066666666666667,2.6666666666666665,2.1,1.6800000000000002,1.4000000000000001,1.0916666666666666,2023-08-27,22,26.200000000000003
29.6,20.0,12.600000000000001,9.6,6.466666666666668,3.3333333333333335,2.575,2.06,1.7166666666666668,0.8583333333333334,2023-09-14,22,20.6
16.0,11.200000000000001,8.200000000000001,4.9,4.066666666666666,3.5333333333333337,2.8,2.3,2.4166666666666665,,2023-10-01,22,29.599999999999998
24.0,20.4,11.2,5.6,3.733333333333333,1.9000000000000001,1.425,1.1400000000000001,1.0,,2023-10-02,22,12.4
24.0,16.8,8.6,5.3,3.533333333333333,1.7666666666666666,1.325,1.06,0.8833333333333333,,2023-10-07,22,10.600000000000001
47.2,37.6,19.6,10.1,6.733333333333333,3.3666666666666667,2.5500000000000003,2.08,1.7333333333333334,,2023-10-09,22,20.8
29.6,27.200000000000003,15.600000000000001,8.4,5.6000000000000005,2.8000000000000003,2.1,1.6800000000000002,1.4000000000000001,,2023-10-12,22,16.8
34.4,28.0,17.0,10.200000000000001,7.6000000000000005,3.8666666666666667,2.9,2.32,1.9333333333333333,,2023-10-17,22,23.200000000000003
69.6,38.4,21.799999999999997,10.899999999999999,7.266666666666666,3.6666666666666665,2.75,2.2,1.8333333333333333,,2023-10-26,22,22.0
21.6,12.4,7.0,4.5,3.4000000000000004,1.7000000000000002,1.2750000000000001,1.02,0.8500000000000001,0.42500000000000004,2023-10-29,22,10.200000000000001
30.4,27.6,19.799999999999997,11.6,8.0,4.1,3.0749999999999997,2.46,2.05,1.025,2023-11-03,22,24.6
28.8,21.6,14.4,7.9,5.3999999999999995,2.966666666666667,2.225,1.78,1.4833333333333334,0.7416666666666667,2023-11-14,22,17.8
60.0,52.8,33.6,17.3,11.533333333333333,5.800000000000001,4.3500000000000005,3.5800000000000005,3.1333333333333333,1.5833333333333333,2023-11-19,22,38.0
8.0,6.0,4.0,3.8000000000000003,3.266666666666667,2.1333333333333333,1.625,1.3599999999999999,1.2166666666666666,0.7083333333333334,2023-11-24,22,17.0
130.4,119.2,90.2,52.6,36.46666666666667,19.766666666666666,14.875,11.9,9.933333333333334,,2024-01-03,22,123.60000000000001
24.8,18.8,15.8,14.599999999999998,14.066666666666668,8.066666666666666,6.275,5.0200000000000005,4.183333333333334,2.091666666666667,2024-01-13,22,50.2
24.8,22.4,16.8,10.5,7.333333333333333,3.733333333333333,2.8,2.2399999999999998,1.8666666666666665,0.9416666666666668,2024-01-21,22,22.6
16.0,14.0,7.6000000000000005,4.2,2.8000000000000003,1.5,1.125,0.9,0.75,0.7083333333333334,2024-01-22,22,17.0
15.2,14.399999999999999,12.2,8.899999999999999,7.866666666666666,6.066666666666666,5.275,4.42,3.9499999999999997,2.0416666666666665,2024-01-23,22,49.0
48.0,37.6,22.2,11.799999999999999,7.933333333333334,3.966666666666667,2.975,2.38,1.9833333333333334,0.9916666666666667,2024-01-31,22,23.799999999999997
48.0,46.0,41.4,33.2,27.8,18.766666666666666,16.525,14.38,12.516666666666666,8.583333333333334,2024-02-15,22,219.0
14.4,12.799999999999999,9.600000000000001,6.1,5.000000000000001,3.8000000000000003,3.85,3.9,3.6,2.466666666666667,2024-02-21,22,59.199999999999996
56.0,54.0,49.6,36.7,27.333333333333332,15.166666666666666,13.025,11.32,9.433333333333334,4.716666666666667,2024-03-05,22,113.2
8.8,8.0,7.0,6.2,5.533333333333332,4.3999999999999995,3.775,3.2,2.716666666666667,1.3583333333333334,2024-03-06,22,32.6
48.0,43.6,35.6,23.8,20.933333333333334,12.866666666666667,9.65,7.779999999999999,6.633333333333333,3.3333333333333335,2024-03-09,22,80.0
21.6,20.8,16.8,9.6,6.3999999999999995,3.1999999999999997,2.4,1.92,1.5999999999999999,0.7999999999999999,2024-03-21,22,19.199999999999996
12.0,11.200000000000001,10.6,9.2,7.933333333333334,6.233333333333333,5.675,5.54,5.1,4.0,2024-03-22,22,127.0
20.0,18.4,14.8,9.5,6.3999999999999995,3.1999999999999997,2.4,1.92,1.7,1.5583333333333333,2024-03-23,22,50.60000000000001
4.8,4.4,3.6,3.3,3.0,2.466666666666667,1.925,1.6,1.4000000000000001,1.1166666666666667,2024-03-24,22,45.4
78.4,71.2,51.0,25.6,17.066666666666666,8.533333333333333,6.4,5.12,4.266666666666667,2.1333333333333333,2015-04-17,25,51.2
11.2,7.199999999999999,3.5999999999999996,2.4,2.0,1.2666666666666666,1.05,1.18,1.05,0.6333333333333333,2015-04-22,25,15.2
40.0,25.6,16.0,11.600000000000001,11.200000000000001,7.966666666666668,7.3500000000000005,7.58,6.3500000000000005,3.1750000000000003,2015-04-30,25,76.20000000000002
16.8,11.600000000000001,9.8,7.5,5.066666666666666,2.8000000000000003,2.1,1.6800000000000002,1.4000000000000001,0.7000000000000001,2015-05-05,25,16.8
43.2,26.0,16.6,8.5,5.733333333333333,2.8666666666666667,2.2,1.7600000000000002,1.4666666666666668,0.7333333333333334,2015-05-08,25,17.6
20.8,18.0,12.4,6.9,5.0,2.566666666666667,1.9500000000000002,1.56,1.3,0.65,2015-05-14,25,15.600000000000001
6.4,4.799999999999999,4.0,3.4,2.9333333333333336,2.6,2.3,1.9,1.5999999999999999,0.8083333333333332,2015-06-15,25,19.4
5.6,5.2,3.8,2.6,1.9333333333333333,1.1333333333333335,0.95,0.76,0.7166666666666667,0.5,2015-06-16,25,12.0
16.8,14.799999999999999,14.0,11.7,11.200000000000001,9.433333333333332,7.8,6.9,5.916666666666667,3.5583333333333336,2015-06-19,25,85.4
5.6,5.199999999999999,4.6,4.3,4.0,2.8333333333333335,2.15,1.72,1.4333333333333333,0.7166666666666667,2015-07-04,25,17.2
13.6,13.2,8.0,4.500000000000001,3.3333333333333335,2.1333333333333333,1.625,1.3,1.0833333333333333,0.5916666666666667,2015-09-05,25,14.200000000000001
17.6,10.4,7.0,5.6,3.733333333333334,1.9000000000000001,1.425,1.1800000000000002,1.0,0.65,2015-09-08,25,15.600000000000001
19.2,13.2,11.2,7.800000000000001,6.066666666666666,3.1333333333333333,2.35,1.8800000000000001,1.5666666666666667,0.9833333333333334,2015-09-11,25,23.6
9.6,8.0,6.8,6.3999999999999995,5.466666666666666,3.3333333333333335,2.775,2.2399999999999998,1.8666666666666665,1.1500000000000001,2015-09-12,25,27.6
5.6,5.6,4.2,3.2,3.1999999999999997,2.6,2.15,1.86,1.9000000000000001,1.1083333333333334,2015-09-13,25,26.600000000000005
4.0,3.6,3.0,2.6,2.2,1.5,1.375,1.28,1.0833333333333333,0.5666666666666667,2015-10-04,25,13.599999999999998
4.8,3.5999999999999996,2.6,2.2,2.1333333333333333,1.2333333333333334,1.025,0.9199999999999999,0.7833333333333333,,2015-10-18,25,10.8
8.8,8.0,5.4,4.0,2.8666666666666667,1.6333333333333335,1.25,1.04,0.8666666666666667,0.43333333333333335,2015-11-03,25,10.4
7.2,6.0,5.8,3.5,2.8666666666666667,1.8,1.425,1.1800000000000002,1.05,0.525,2015-11-06,25,12.600000000000001
5.6,4.0,2.8,2.1,1.866666666666667,1.4333333333333336,1.1,0.8800000000000001,0.7666666666666667,0.5833333333333334,2015-11-07,25,14.0
21.6,14.0,8.0,4.7,3.1999999999999997,1.6333333333333335,1.25,1.0,0.8333333333333334,0.4166666666666667,2015-11-08,25,10.0
40.8,36.0,27.799999999999997,21.9,15.333333333333334,8.033333333333333,6.05,5.04,4.3,2.1666666666666665,2015-11-21,25,52.0
16.8,13.2,8.6,4.5,3.466666666666667,1.9666666666666666,1.4749999999999999,1.18,0.9833333333333333,0.5833333333333334,2015-11-23,25,14.000000000000002
52.8,37.2,26.2,23.299999999999997,17.133333333333333,8.566666666666666,6.425,5.14,4.283333333333333,2.1416666666666666,2015-11-28,25,51.4
6.4,6.0,5.6,4.4,3.6,2.566666666666667,2.225,1.9600000000000002,1.75,1.1916666666666667,2015-11-30,25,28.6
28.8,22.0,13.6,7.7,5.733333333333333,2.9,2.175,1.7399999999999998,1.45,0.725,2015-12-06,25,17.4
13.6,10.4,7.6,4.3999999999999995,3.6,3.1666666666666665,2.575,2.2199999999999998,1.8499999999999999,1.0083333333333333,2015-12-07,25,24.2
8.8,7.2,6.6,4.9,3.733333333333334,2.3000000000000003,1.725,1.3800000000000001,1.1500000000000001,0.5750000000000001,2015-12-12,25,13.8
25.6,17.200000000000003,9.4,5.000000000000001,3.333333333333334,1.666666666666667,1.2500000000000002,1.0000000000000002,0.8333333333333335,0.41666666666666674,2015-12-27,25,10.000000000000002
112.8,84.79999999999998,61.4,34.4,23.46666666666667,11.766666666666666,8.825,7.06,5.883333333333333,2.9416666666666664,2016-01-01,25,70.6
32.8,21.599999999999998,13.399999999999999,8.299999999999999,6.133333333333333,3.3333333333333335,2.5,2.0,1.6833333333333333,1.0333333333333334,2016-01-12,25,24.8
28.0,23.2,12.799999999999999,8.2,5.6000000000000005,3.5999999999999996,2.75,2.2,1.8333333333333333,0.9500000000000001,2016-01-13,25,22.799999999999997
44.8,37.2,24.0,13.5,9.333333333333334,4.933333333333334,3.725,2.98,2.4833333333333334,1.5666666666666667,2016-01-14,25,37.599999999999994
20.0,19.2,13.2,10.3,10.4,6.633333333333334,5.2749999999999995,4.24,3.533333333333333,1.8166666666666667,2016-01-15,25,43.599999999999994
15.2,15.2,12.2,9.700000000000001,8.666666666666666,5.6000000000000005,5.6000000000000005,4.92,4.1000000000000005,2.0500000000000003,2016-01-16,25,49.2
18.4,12.0,6.3999999999999995,4.8999999999999995,4.066666666666666,2.766666666666667,2.3249999999999997,2.3,2.066666666666667,1.125,2016-01-19,25,27.0
10.4,8.8,7.2,6.8,5.066666666666666,2.9000000000000004,2.2,1.8,1.6666666666666667,1.0250000000000001,2016-01-21,25,24.6
9.6,7.199999999999999,5.2,3.9,2.733333333333333,2.033333333333333,1.75,1.6,1.4833333333333334,0.8500000000000001,2016-01-22,25,20.4
26.4,16.8,9.799999999999999,4.8999999999999995,3.3333333333333335,1.6666666666666667,1.25,1.0,0.8333333333333334,0.4166666666666667,2016-02-15,25,10.0
55.2,42.400000000000006,30.0,22.2,16.8,11.133333333333333,8.65,7.0600000000000005,5.95,3.0,2016-02-29,25,72.0
9.6,7.600000000000001,6.6,4.800000000000001,3.6,2.4333333333333336,1.875,1.5399999999999998,1.366666666666667,0.75,2016-03-01,25,18.000000000000004
12.0,10.400000000000002,7.2,4.800000000000001,4.733333333333333,2.9000000000000004,2.1750000000000003,1.7400000000000002,1.4500000000000002,0.7250000000000001,2016-03-16,25,17.4
41.6,34.4,18.400000000000002,11.3,8.266666666666667,4.7,3.525,2.82,2.35,1.175,2016-03-23,25,28.199999999999996
8.0,6.8,6.3999999999999995,3.9,2.8666666666666667,1.8333333333333333,1.425,1.2200000000000002,1.05,0.5750000000000001,2016-05-18,25,13.8
4.8,3.5999999999999996,3.4000000000000004,2.6,2.533333333333333,1.8333333333333333,1.375,1.1199999999999999,0.9499999999999998,0.9333333333333332,2016-05-19,25,22.400000000000006
40.0,24.0,16.200000000000003,9.6,8.200000000000001,4.933333333333333,3.8,3.08,2.566666666666667,1.2916666666666667,2016-06-05,25,31.0
12.0,10.4,8.0,6.5,4.666666666666667,4.533333333333333,3.625,3.22,2.966666666666667,2.4083333333333337,2016-06-07,25,57.8
5.6,4.4,4.199999999999999,3.1999999999999997,2.466666666666667,1.2666666666666666,0.95,0.76,0.6666666666666666,0.6083333333333333,2016-06-21,25,14.6
15.2,14.0,8.799999999999999,6.0,4.2,2.5,2.125,1.8,1.5,0.75,2016-08-21,25,18.0
11.2,8.4,5.4,3.5999999999999996,3.0,2.466666666666667,2.05,1.7200000000000002,1.5,0.75,2016-08-22,25,18.0
26.4,15.2,8.2,4.1,2.933333333333333,1.7333333333333334,1.4000000000000001,1.1400000000000001,0.9500000000000001,0.8833333333333333,2016-09-20,25,21.2
19.2,16.8,10.0,5.4,3.6,1.8333333333333333,1.7,1.7,1.55,0.975,2016-09-25,25,23.400000000000002
8.8,8.4,5.4,3.9000000000000004,3.066666666666667,1.5333333333333334,1.225,1.32,1.25,0.6666666666666666,2016-09-30,25,16.0
9.6,8.0,6.199999999999999,3.5,2.466666666666667,1.4666666666666668,1.225,1.04,0.8666666666666667,0.7416666666666667,2016-10-04,25,17.8
12.0,9.2,6.2,4.6,3.0666666666666664,1.7666666666666666,1.325,1.06,0.8833333333333333,0.44166666666666665,2016-11-03,25,10.6
11.2,7.6,5.2,4.3999999999999995,3.266666666666667,1.8666666666666665,1.75,1.6199999999999999,1.3833333333333335,1.1500000000000001,2016-11-04,25,27.600000000000005
27.2,24.0,18.8,12.2,9.000000000000002,5.166666666666667,4.125,3.34,2.8000000000000003,1.4166666666666667,2016-11-05,25,34.0
24.8,17.2,10.6,6.0,4.066666666666666,2.066666666666667,1.55,1.24,1.0333333333333334,0.5166666666666667,2016-11-10,25,12.4
12.0,10.0,8.0,5.1,3.8000000000000003,3.033333333333333,3.125,2.96,2.783333333333333,1.6166666666666665,2016-11-13,25,38.800000000000004
17.6,9.600000000000001,6.2,3.9000000000000004,3.466666666666667,3.1333333333333333,2.725,2.62,2.5000000000000004,1.616666666666667,2016-11-14,25,38.8
11.2,9.2,5.6,3.0999999999999996,3.066666666666667,1.8333333333333333,1.4000000000000001,1.12,0.9333333333333335,0.46666666666666673,2016-11-15,25,11.2
12.8,8.8,6.6000000000000005,5.300000000000001,3.6,1.8,1.35,1.1800000000000002,1.0166666666666668,0.5083333333333334,2016-11-18,25,12.200000000000001
12.0,10.0,8.8,6.4,4.8,2.466666666666667,1.85,1.48,1.2333333333333334,0.6166666666666667,2016-11-30,25,14.799999999999999
45.6,34.4,18.8,9.8,6.533333333333334,3.266666666666667,2.45,1.9600000000000002,1.6333333333333335,0.8166666666666668,2016-12-03,25,19.6
12.0,10.0,7.6,6.1000000000000005,4.533333333333333,2.3333333333333335,1.75,1.4,1.1666666666666667,0.5833333333333334,2016-12-12,25,14.0
44.0,42.4,25.8,13.2,9.0,4.5,3.375,2.7,2.25,1.125,2017-01-05,25,27.0
32.8,23.2,15.2,8.399999999999999,5.733333333333333,2.8666666666666667,2.15,1.72,1.4333333333333333,0.7166666666666667,2017-01-16,25,17.2
90.4,90.4,58.0,30.1,20.066666666666666,10.033333333333333,7.525,6.0200000000000005,5.016666666666667,2.5083333333333333,2017-01-22,25,60.2
30.4,23.6,14.6,7.3,6.3999999999999995,3.4,2.6,2.08,1.7333333333333334,0.8666666666666667,2017-02-02,25,20.8
18.4,14.399999999999999,9.2,5.8,4.266666666666667,2.1999999999999997,1.65,1.3199999999999998,1.0999999999999999,0.5583333333333333,2017-03-07,25,13.4
16.0,13.2,8.6,4.5,3.466666666666667,2.433333333333333,1.825,1.48,1.2333333333333334,0.6583333333333333,2017-03-14,25,15.8
63.2,45.6,29.400000000000002,19.700000000000003,19.933333333333334,11.333333333333334,8.5,6.8,5.666666666666667,2.983333333333334,2017-03-18,25,71.6
18.4,12.0,9.6,5.0,3.3333333333333335,1.6666666666666667,1.25,1.02,0.85,0.775,2017-03-19,25,18.6
18.4,18.0,16.2,9.7,6.733333333333333,3.5,2.625,2.1,1.75,0.875,2017-03-20,25,21.0
18.4,18.4,15.2,9.2,6.133333333333333,3.0666666666666664,2.3,1.8399999999999999,1.5333333333333332,0.7666666666666666,2017-03-28,25,18.4
21.6,19.6,11.8,7.500000000000001,5.0,2.5,1.875,1.5,1.25,0.9833333333333334,2017-04-01,25,23.6
72.0,51.6,40.4,20.8,13.866666666666667,6.933333333333334,5.2,4.16,3.466666666666667,1.8416666666666668,2017-04-07,25,44.2
40.8,40.0,25.4,19.1,19.266666666666666,9.733333333333333,7.3,5.84,4.866666666666666,2.433333333333333,2017-04-08,25,58.4
14.4,11.2,10.2,6.1,4.533333333333333,2.3000000000000003,1.8,1.44,1.2,0.6,2017-04-12,25,14.400000000000002
16.8,12.4,8.2,4.6000000000000005,4.933333333333334,3.033333333333333,2.65,2.12,1.8333333333333333,0.9166666666666666,2017-04-13,25,22.0
16.0,10.8,7.0,4.9,3.466666666666667,1.7333333333333334,1.3,1.04,0.8666666666666667,0.43333333333333335,2017-04-19,25,10.399999999999999
20.0,17.6,10.4,5.300000000000001,4.866666666666666,3.0666666666666664,2.65,2.2600000000000002,2.1166666666666667,1.1083333333333334,2017-04-23,25,26.6
8.8,8.0,6.4,5.2,4.533333333333334,4.0,3.9,3.12,2.6,1.3,2017-04-27,25,31.2
8.0,6.4,5.3999999999999995,4.8999999999999995,4.133333333333334,3.3666666666666667,2.7,2.42,2.033333333333333,1.0250000000000001,2017-04-28,25,24.6
44.0,29.2,15.2,14.3,9.533333333333333,4.766666666666667,3.575,2.8600000000000003,2.3833333333333333,1.2083333333333333,2017-05-07,25,29.0
8.0,8.0,5.2,4.0,3.1333333333333333,2.466666666666667,2.4250000000000003,2.3400000000000003,2.066666666666667,1.1083333333333334,2017-05-19,25,26.6
6.4,6.4,6.2,5.3,4.266666666666667,2.1666666666666665,1.625,1.3,1.0833333333333333,0.5416666666666666,2017-06-13,25,13.0
33.6,26.4,22.800000000000004,15.6,13.266666666666667,8.166666666666666,6.125,4.9,4.083333333333333,2.0416666666666665,2017-06-20,25,49.0
39.2,38.8,28.4,17.799999999999997,13.333333333333334,8.0,6.375,5.74,4.95,2.775,2017-06-21,25,66.6
12.0,10.0,7.8,4.2,3.3333333333333335,1.8666666666666665,1.425,1.1400000000000001,0.9500000000000001,0.47500000000000003,2017-06-22,25,11.4
16.0,9.2,4.8,2.8,1.9333333333333333,0.9666666666666667,0.95,0.8800000000000001,0.7333333333333334,0.5333333333333333,2017-07-02,25,12.8
12.0,8.8,7.6,4.9,4.466666666666666,3.3000000000000003,2.675,2.8600000000000003,2.4499999999999997,1.2249999999999999,2017-07-18,25,29.4
4.8,3.5999999999999996,2.4000000000000004,2.1,1.8,1.1666666666666667,1.1,1.0,0.9,0.45,2017-07-19,25,10.8
12.8,10.4,9.2,7.700000000000001,6.2,4.166666666666667,3.25,2.64,2.2833333333333337,1.1583333333333334,2017-08-21,25,27.8
5.6,5.6,4.8,4.2,3.3333333333333335,1.8666666666666665,1.425,1.16,1.0,0.5083333333333333,2017-09-30,25,12.2
4.0,3.6,3.0,2.6,2.533333333333333,1.8333333333333333,1.5250000000000001,1.2600000000000002,1.0666666666666667,0.55,2017-10-03,25,13.200000000000001
6.4,5.200000000000001,3.8000000000000003,2.8,2.6666666666666665,2.066666666666667,1.6250000000000002,1.32,1.1,,2017-10-15,25,13.2
4.8,4.3999999999999995,4.0,3.5,3.266666666666667,2.3000000000000003,2.0,2.1000000000000005,2.1333333333333333,1.3666666666666665,2017-10-23,25,32.8
5.6,3.5999999999999996,2.4000000000000004,2.0,1.5999999999999999,1.2666666666666666,1.3250000000000002,1.1,0.9833333333333334,0.5499999999999999,2017-11-11,25,13.2
6.4,6.0,5.2,4.1,3.3333333333333335,1.7,1.275,1.02,0.85,0.45,2017-11-19,25,10.8
22.4,18.8,15.399999999999999,14.799999999999999,13.733333333333333,9.233333333333333,7.075,5.8,4.916666666666667,2.6416666666666666,2017-11-20,25,63.400000000000006
11.2,8.399999999999999,6.600000000000001,5.3,5.3999999999999995,3.5666666666666664,2.75,2.2,1.9833333333333334,1.1833333333333333,2017-11-22,25,28.400000000000002
20.0,17.2,9.4,4.8,3.733333333333333,1.9666666666666666,1.4749999999999999,1.2,1.0000000000000002,0.5083333333333334,2017-11-28,25,12.200000000000001
48.0,29.2,18.0,10.9,7.333333333333333,3.966666666666667,2.975,2.38,1.9833333333333334,0.9916666666666667,2017-11-30,25,23.8
11.2,9.6,6.8,4.0,2.6666666666666665,1.3333333333333333,1.125,0.9,0.7666666666666666,0.425,2017-12-08,25,10.2
40.8,25.2,14.6,8.799999999999999,6.6000000000000005,3.4,2.55,2.04,1.7,0.85,2017-12-21,25,20.4
27.2,26.799999999999997,16.6,9.3,6.2,3.1,2.325,1.86,1.5833333333333333,0.7916666666666666,2017-12-30,25,19.0
9.6,7.2,6.199999999999999,5.3,4.933333333333334,3.0,2.25,1.8,1.5,0.75,2018-01-03,25,18.0
17.6,14.0,12.799999999999999,9.7,6.866666666666667,5.3,3.975,3.18,2.65,1.325,2018-01-04,25,31.8
5.6,5.199999999999999,5.0,4.7,4.133333333333333,2.533333333333333,1.9,1.52,1.2666666666666666,0.6416666666666667,2018-01-05,25,15.4
61.6,46.8,27.2,18.3,13.866666666666667,10.166666666666666,7.75,6.26,5.216666666666667,4.166666666666667,2018-01-07,25,100.0
24.0,19.6,15.6,9.2,6.933333333333334,4.366666666666666,3.35,2.82,2.35,1.3416666666666668,2018-01-08,25,32.2
56.0,40.4,22.2,11.5,8.0,4.0,3.0,2.4,2.0,1.0,2018-01-20,25,24.0
51.2,37.2,18.6,9.3,6.2,3.1,2.325,1.86,1.55,0.775,2018-01-22,25,18.6
74.4,66.4,54.2,35.6,23.8,11.933333333333332,9.1,7.279999999999999,6.066666666666666,3.033333333333333,2018-01-27,25,72.8
8.8,5.6000000000000005,4.8,3.8000000000000003,3.266666666666667,3.2000000000000006,2.475,2.2,1.9333333333333333,1.0583333333333333,2018-01-30,25,25.4
82.4,44.400000000000006,22.400000000000002,11.3,8.0,6.533333333333334,4.9,3.9200000000000004,3.266666666666667,2.8000000000000003,2018-02-14,25,67.2
119.2,81.2,48.6,24.7,16.733333333333334,8.4,6.3,5.04,4.2,2.1,2018-02-15,25,50.400000000000006
31.2,30.799999999999997,21.0,14.0,12.666666666666666,7.833333333333333,5.875,4.7,3.9166666666666665,1.9583333333333333,2018-02-21,25,47.0
19.2,10.0,9.799999999999999,6.3,4.2,2.1,1.575,1.3,1.1666666666666667,0.7083333333333334,2018-02-23,25,17.0
39.2,30.8,19.6,11.1,8.200000000000001,5.966666666666666,5.1,4.5,4.283333333333334,3.4333333333333336,2018-03-08,25,82.4
18.4,13.2,7.6,3.8,2.533333333333333,1.2666666666666666,0.95,0.76,0.6333333333333333,0.4333333333333333,2018-03-21,25,10.4
34.4,29.2,22.0,17.2,14.666666666666666,9.066666666666666,6.9,5.6,4.666666666666667,2.4916666666666667,2018-03-22,25,59.8
20.0,14.8,10.4,6.0,4.733333333333333,2.733333333333333,2.05,1.64,1.3666666666666665,1.2,2018-04-03,25,28.799999999999997
28.0,19.6,11.600000000000001,7.2,4.866666666666666,2.5,3.0999999999999996,2.54,2.1333333333333333,1.325,2018-04-15,25,31.800000000000004
40.8,28.4,15.2,7.6,5.066666666666666,2.533333333333333,1.9,1.52,1.2666666666666666,0.6583333333333333,2018-05-07,25,15.799999999999999
19.2,12.399999999999999,8.2,5.800000000000001,5.000000000000001,2.7000000000000006,2.0500000000000003,1.7400000000000002,1.4500000000000002,0.7250000000000001,2018-05-08,25,17.4
18.4,15.6,9.4,5.1,3.466666666666667,1.7666666666666666,1.325,1.06,0.8833333333333333,0.44166666666666665,2018-05-19,25,10.6
5.6,4.8,4.0,3.4000000000000004,2.6666666666666665,1.866666666666667,1.6,1.3599999999999999,1.1333333333333333,0.5666666666666667,2018-06-03,25,13.6
24.8,16.8,9.600000000000001,5.1,3.466666666666667,1.7333333333333334,1.3,1.04,0.9500000000000001,0.775,2018-06-07,25,18.6
12.0,10.0,8.8,8.3,7.533333333333334,4.966666666666667,3.95,3.3200000000000003,2.8333333333333335,1.6166666666666665,2018-06-14,25,38.800000000000004
5.6,4.8,4.0,3.6999999999999997,3.266666666666667,2.1333333333333333,1.85,1.48,1.2333333333333334,0.6833333333333332,2018-06-15,25,16.400000000000002
29.6,16.400000000000002,8.4,4.2,2.8000000000000003,1.7666666666666666,1.325,1.06,0.8833333333333333,0.44166666666666665,2018-07-03,25,10.6
8.8,5.2,5.0,4.6000000000000005,3.733333333333333,2.966666666666667,2.425,2.1399999999999997,1.9166666666666667,1.1166666666666667,2018-07-10,25,26.8
28.0,18.4,11.4,7.1,6.533333333333334,4.3999999999999995,4.5,3.9799999999999995,3.733333333333333,1.9416666666666667,2018-08-01,25,46.6
8.8,7.2,5.0,3.3,2.3333333333333335,1.3666666666666665,1.225,1.0,0.8333333333333334,0.425,2018-08-02,25,10.2
14.4,11.600000000000001,9.8,7.6,5.266666666666667,3.8666666666666667,3.45,2.98,2.4833333333333334,1.2416666666666667,2018-08-06,25,29.8
7.2,4.4,2.6,2.0,1.7333333333333336,1.4000000000000001,1.2750000000000001,1.12,0.9333333333333335,0.5750000000000001,2018-08-26,25,13.799999999999999
40.0,27.2,14.4,7.2,5.333333333333333,2.6666666666666665,2.0,1.6,1.3333333333333333,0.6666666666666666,2018-09-03,25,16.0
24.0,16.8,14.4,8.8,5.933333333333334,2.966666666666667,2.225,1.78,1.4833333333333334,0.7416666666666667,2018-09-06,25,17.8
10.4,8.4,6.6,4.6000000000000005,3.8000000000000003,2.2333333333333334,1.675,1.34,1.1166666666666667,0.5583333333333333,2018-09-14,25,13.399999999999999
39.2,22.400000000000002,12.4,6.4,4.333333333333334,2.3666666666666667,1.7750000000000001,1.4200000000000002,1.1833333333333333,0.5916666666666667,2018-09-27,25,14.200000000000001
8.8,7.2,5.8,5.3,4.466666666666667,4.166666666666667,3.8,3.44,3.1333333333333333,1.5666666666666667,2018-10-05,25,37.6
30.4,22.400000000000002,15.0,9.700000000000001,7.266666666666667,3.9,2.95,2.46,2.066666666666667,1.0333333333333334,2018-10-06,25,24.8
60.0,53.2,34.599999999999994,20.4,14.466666666666667,7.233333333333333,5.425,4.34,3.6166666666666667,1.8083333333333333,2018-10-13,25,43.4
4.8,4.0,4.0,2.8,2.1333333333333333,2.1333333333333333,1.7750000000000001,1.52,1.2666666666666668,0.65,2018-10-25,25,15.600000000000001
41.6,36.4,27.6,15.8,12.4,8.1,6.85,5.82,4.983333333333333,2.9,2018-11-08,25,69.6
10.4,10.4,9.8,8.5,7.466666666666668,6.1000000000000005,5.3500000000000005,4.64,4.2,2.375,2018-11-19,25,57.0
14.4,10.0,8.2,4.7,3.6,2.066666666666667,1.575,1.26,1.0833333333333333,0.7666666666666666,2018-11-20,25,18.4
74.4,50.800000000000004,32.6,17.7,12.0,6.233333333333333,5.300000000000001,4.36,3.6666666666666665,1.8499999999999999,2018-11-26,25,44.400000000000006
29.6,15.600000000000001,8.0,4.8,3.1999999999999997,1.6333333333333335,1.225,1.1199999999999999,1.05,0.8583333333333334,2018-12-07,25,20.6
12.0,9.600000000000001,6.3999999999999995,5.5,4.333333333333334,3.0,2.65,2.14,1.7833333333333334,0.9,2018-12-08,25,21.6
13.6,12.399999999999999,10.8,5.9,4.066666666666666,2.033333333333333,1.525,1.22,1.0166666666666666,0.5083333333333333,2019-01-05,25,12.2
42.4,37.2,23.0,14.0,11.266666666666666,6.0,4.5,3.6,3.0,1.5,2019-01-25,25,36.0
48.8,46.0,41.0,30.2,23.53333333333333,15.166666666666666,11.4,9.34,7.783333333333332,5.075,2019-02-04,25,121.79999999999998
12.8,11.2,10.8,6.800000000000001,6.066666666666666,3.766666666666667,3.25,3.02,2.5500000000000003,1.2750000000000001,2019-02-05,25,30.599999999999998
84.8,75.6,69.60000000000001,40.6,29.333333333333332,15.233333333333334,11.425,9.14,7.616666666666667,3.8083333333333336,2019-02-06,25,91.39999999999999
36.8,28.4,18.0,16.5,13.266666666666667,7.133333333333333,5.35,4.3,3.5833333333333335,1.8166666666666667,2019-02-13,25,43.599999999999994
69.6,51.199999999999996,37.8,21.0,14.6,7.333333333333333,5.5,4.4,3.6666666666666665,1.8333333333333333,2019-02-17,25,44.0
36.0,23.2,14.0,7.300000000000001,4.866666666666667,2.466666666666667,1.85,1.48,1.2333333333333334,0.6166666666666667,2019-02-25,25,14.8
101.6,66.39999999999999,41.599999999999994,22.699999999999996,15.466666666666667,7.766666666666666,5.825,4.68,3.9,1.95,2019-02-26,25,46.8
114.4,76.80000000000001,49.6,28.3,20.266666666666666,11.799999999999999,8.85,7.08,5.8999999999999995,2.9583333333333335,2019-03-01,25,71.0
6.4,6.0,5.0,4.6,3.4,1.9666666666666668,1.55,1.4200000000000002,1.2,0.65,2019-03-02,25,15.600000000000001
36.8,25.599999999999998,17.8,11.299999999999999,8.333333333333334,4.3999999999999995,3.3,2.6399999999999997,2.1999999999999997,1.0999999999999999,2019-03-03,25,26.4
20.0,10.4,5.4,3.6,3.1333333333333333,1.8333333333333333,1.4749999999999999,1.2,1.0,0.5166666666666667,2019-03-11,25,12.4
34.4,31.2,17.8,10.4,7.533333333333334,3.9,2.925,2.34,1.95,0.975,2019-03-15,25,23.400000000000002
9.6,9.2,6.2,3.1,2.066666666666667,1.3333333333333333,1.0,0.9400000000000001,1.0333333333333334,0.55,2019-03-16,25,13.2
8.8,4.800000000000001,3.0,2.6,2.3333333333333335,1.3,0.975,0.78,0.65,0.43333333333333335,2019-03-17,25,10.4
36.0,27.6,18.0,14.2,11.333333333333334,5.766666666666667,5.125,4.22,3.516666666666666,1.7750000000000001,2019-03-20,25,42.599999999999994
39.2,29.200000000000003,17.200000000000003,9.1,7.0,6.066666666666667,5.15,4.34,3.6166666666666667,2.6750000000000003,2019-03-21,25,64.2
12.0,10.0,8.8,6.7,4.533333333333333,2.2666666666666666,1.7,1.3599999999999999,1.1333333333333333,0.6083333333333333,2019-03-28,25,14.600000000000001
53.6,48.400000000000006,28.4,15.200000000000001,10.266666666666667,5.166666666666667,3.875,3.1,2.5833333333333335,1.2916666666666667,2019-03-29,25,31.0
42.4,40.4,31.6,22.0,19.2,9.933333333333334,7.45,5.96,4.966666666666667,2.4833333333333334,2019-04-08,25,59.599999999999994
40.8,27.599999999999998,23.8,16.9,14.733333333333334,13.766666666666667,11.975,10.8,9.283333333333333,5.233333333333333,2019-04-09,25,125.6
38.4,25.2,17.6,9.5,7.266666666666667,5.366666666666667,4.025,3.22,2.6833333333333336,1.6333333333333335,2019-04-10,25,39.2
9.6,9.2,7.0,4.3,2.8666666666666667,1.6666666666666667,1.25,1.0,0.8333333333333334,0.4166666666666667,2019-04-28,25,10.0
16.0,16.0,10.8,5.6,3.733333333333333,1.8666666666666665,1.4,1.1199999999999999,0.9333333333333332,0.4666666666666666,2019-05-07,25,11.2
60.0,39.2,29.599999999999998,14.799999999999999,9.866666666666665,4.933333333333333,3.6999999999999997,2.96,2.4666666666666663,1.2333333333333332,2019-05-14,25,29.6
28.8,16.8,9.8,7.8,5.466666666666668,3.6333333333333333,3.825,3.3200000000000003,3.0833333333333335,2.275,2019-05-15,25,54.6
15.2,12.0,10.6,6.5,4.3999999999999995,2.1999999999999997,1.675,1.3800000000000001,1.1666666666666667,0.875,2019-05-16,25,21.0
24.8,22.0,16.4,13.5,11.066666666666668,6.1000000000000005,4.675,4.0,3.9333333333333336,2.075,2019-05-17,25,49.8
86.4,53.2,27.8,14.5,9.666666666666666,4.833333333333334,3.6500000000000004,2.9200000000000004,2.4333333333333336,1.2166666666666668,2019-06-02,25,29.200000000000003
9.6,9.6,7.3999999999999995,5.8999999999999995,5.266666666666667,2.9,2.3,2.2399999999999998,1.9000000000000001,0.9500000000000001,2019-06-03,25,22.800000000000004
15.2,13.2,7.199999999999999,6.7,4.733333333333333,2.6333333333333333,2.0,1.6,1.3333333333333333,0.8666666666666667,2019-06-05,25,20.800000000000004
8.8,8.0,5.6000000000000005,4.2,3.266666666666667,2.2,1.825,1.56,1.6166666666666665,1.2333333333333334,2019-07-05,25,29.6
12.0,7.199999999999999,5.999999999999999,4.6,3.8666666666666667,2.5,2.5,2.2600000000000002,2.0333333333333337,1.4416666666666667,2019-08-03,25,34.6
7.2,6.4,5.8,4.5,3.9333333333333336,3.3000000000000003,2.625,2.2,1.9500000000000002,1.4333333333333333,2019-08-04,25,34.400000000000006
5.6,3.6000000000000005,2.8,2.3,1.8666666666666665,1.4666666666666668,1.325,1.1800000000000002,1.2666666666666666,0.8250000000000001,2019-08-14,25,19.8
16.0,14.4,10.4,6.4,4.8,2.6333333333333333,1.975,1.58,1.3166666666666667,0.9,2019-08-20,25,21.6
16.8,12.0,7.4,3.7,2.466666666666667,1.866666666666667,1.7000000000000002,1.6600000000000001,1.4000000000000001,0.7000000000000001,2019-08-25,25,16.8
11.2,8.8,6.4,4.1,2.9333333333333336,1.5333333333333332,1.675,1.46,1.2333333333333334,0.6166666666666667,2019-09-02,25,14.8
15.2,14.0,10.4,5.5,3.6666666666666665,1.9333333333333333,1.45,1.2200000000000002,1.05,0.6916666666666668,2019-09-04,25,16.6
6.4,6.0,5.2,4.8999999999999995,4.466666666666666,3.766666666666667,3.625,3.46,3.266666666666667,2.4250000000000003,2019-09-05,25,58.2
12.8,11.2,10.0,8.3,7.333333333333333,5.5,4.55,4.0,3.6833333333333336,2.25,2019-09-22,25,54.0
3.2,2.8,2.0,1.5,1.2000000000000002,1.0666666666666667,0.9500000000000001,0.9600000000000002,0.9333333333333335,0.55,2019-09-26,25,13.2
8.8,6.800000000000001,3.6000000000000005,1.9000000000000001,1.3333333333333333,1.0333333333333334,0.8,0.7000000000000001,0.8166666666666668,0.45,2019-09-28,25,10.8
16.8,15.600000000000001,12.0,7.1,5.000000000000001,2.8000000000000003,2.1,1.6800000000000002,1.4000000000000001,0.7333333333333334,2019-10-08,25,17.6
19.2,16.799999999999997,12.2,9.4,8.0,5.1000000000000005,4.5,3.7600000000000002,3.1833333333333336,1.7166666666666668,2019-10-09,25,41.2
54.4,36.400000000000006,21.2,17.5,13.066666666666665,7.433333333333334,6.05,5.1,4.583333333333333,2.3833333333333333,2019-11-11,25,57.2
20.0,15.2,10.200000000000001,5.7,3.866666666666667,2.066666666666667,1.55,1.24,1.0333333333333334,0.5166666666666667,2019-11-23,25,12.399999999999999
10.4,6.8,6.4,4.1,3.8000000000000003,2.2333333333333334,1.675,1.34,1.1166666666666667,0.5583333333333333,2019-11-24,25,13.400000000000002
12.8,10.4,9.0,7.8,6.266666666666667,5.3,5.0,4.24,3.733333333333333,1.8666666666666665,2019-11-28,25,44.800000000000004
20.8,13.2,9.4,5.1000000000000005,3.4000000000000004,1.7666666666666666,1.3499999999999999,1.0799999999999998,0.8999999999999999,0.4583333333333333,2019-12-12,25,11.0
44.0,22.8,12.200000000000001,7.2,6.0,4.0,3.1,2.48,2.066666666666667,1.0333333333333334,2019-12-22,25,24.8
5.6,5.199999999999999,4.3999999999999995,3.2,2.533333333333333,1.8333333333333333,1.625,1.3199999999999998,1.0999999999999999,0.5666666666666667,2019-12-23,25,13.6
13.6,11.6,6.8,5.4,3.9333333333333336,3.1999999999999997,2.6999999999999997,2.2199999999999998,1.8499999999999999,0.9416666666666668,2020-01-13,25,22.6
12.0,8.0,6.6000000000000005,5.2,4.266666666666667,2.3000000000000003,1.9,2.02,1.7166666666666668,1.0999999999999999,2020-01-17,25,26.4
95.2,86.80000000000001,47.0,25.5,17.2,8.766666666666667,6.575,5.26,4.383333333333334,2.2,2020-02-02,25,52.8
12.0,8.4,6.6000000000000005,5.1,4.533333333333334,3.3000000000000003,2.475,1.98,1.6500000000000001,0.8583333333333334,2020-02-03,25,20.6
27.2,20.0,12.4,8.700000000000001,8.200000000000001,5.166666666666667,4.925,4.5600000000000005,3.8000000000000003,1.9000000000000001,2020-02-10,25,45.599999999999994
22.4,21.6,16.4,15.7,13.733333333333334,8.1,6.6,5.4799999999999995,4.616666666666666,2.85,2020-02-11,25,68.4
14.4,10.0,8.399999999999999,4.8,3.3333333333333335,1.7333333333333334,1.3250000000000002,1.2200000000000002,1.0833333333333333,0.6666666666666666,2020-02-12,25,15.999999999999998
22.4,15.600000000000001,8.2,5.3999999999999995,4.133333333333334,3.5666666666666664,2.7,2.18,1.8166666666666667,0.9083333333333333,2020-02-21,25,21.8
8.8,7.2,4.6000000000000005,3.6999999999999997,3.1333333333333333,2.0000000000000004,1.95,1.6600000000000001,1.3833333333333335,0.75,2020-02-22,25,18.0
14.4,12.399999999999999,9.6,5.8,5.066666666666666,2.6333333333333333,1.975,2.1399999999999997,1.9500000000000002,0.9833333333333334,2020-02-27,25,23.6
35.2,27.6,26.2,18.5,12.533333333333333,6.266666666666667,4.7,3.7600000000000002,3.1333333333333333,1.5750000000000002,2020-02-29,25,37.8
55.2,38.8,26.599999999999998,18.8,15.933333333333335,10.933333333333335,8.4,7.220000000000001,8.116666666666667,5.033333333333333,2020-03-01,25,120.80000000000001
4.0,3.6000000000000005,2.2,1.6,1.3333333333333333,1.0333333333333334,0.925,0.9800000000000001,0.9666666666666667,0.5583333333333333,2020-03-02,25,13.399999999999999
20.0,20.0,13.4,11.8,8.133333333333333,4.133333333333334,3.1,2.5,2.433333333333333,1.4416666666666667,2020-03-21,25,34.6
12.0,8.4,6.6000000000000005,4.3,4.066666666666667,3.1333333333333333,2.525,2.06,1.7166666666666668,0.9249999999999999,2020-04-08,25,22.200000000000003
55.2,43.2,25.0,15.4,11.466666666666667,7.766666666666667,5.825,4.66,3.8833333333333333,1.9416666666666667,2020-05-02,25,46.6
35.2,30.0,27.599999999999998,20.4,14.533333333333333,8.533333333333333,6.65,5.8,4.933333333333334,2.891666666666667,2020-05-07,25,69.4
9.6,9.2,6.4,3.5,3.0,2.3000000000000003,1.725,1.3800000000000001,1.1500000000000001,0.5750000000000001,2020-05-14,25,13.799999999999999
9.6,5.999999999999999,3.4,1.9,1.3333333333333333,1.0333333333333334,0.9750000000000001,0.9200000000000002,0.8333333333333334,0.4166666666666667,2020-05-15,25,10.0
8.8,6.0,4.0,3.1,2.8666666666666667,2.033333333333333,1.525,1.22,1.0166666666666666,0.5166666666666667,2020-06-28,25,12.4
4.0,3.1999999999999997,2.8,2.6,2.3333333333333335,1.4000000000000001,1.1,1.04,0.9833333333333334,0.5833333333333334,2020-07-14,25,14.000000000000004
3.2,2.0,1.6,1.3000000000000003,1.2,1.0000000000000002,0.925,0.8600000000000001,0.8333333333333335,0.4416666666666667,2020-07-15,25,10.6
14.4,13.2,9.8,8.1,5.733333333333333,4.466666666666666,4.25,4.36,4.1,2.6750000000000003,2020-07-30,25,64.2
6.4,5.6,3.4,2.7,2.0,1.0999999999999999,0.85,0.78,0.7000000000000001,0.45,2020-08-20,25,10.8
14.4,12.8,8.4,5.7,4.666666666666667,4.333333333333333,4.225,3.5,3.4666666666666663,1.8916666666666666,2020-08-21,25,45.4
23.2,18.0,10.200000000000001,7.9,6.933333333333334,4.766666666666667,4.175,3.7399999999999998,3.516666666666667,2.0,2020-08-22,25,48.0
13.6,12.799999999999999,10.4,7.499999999999999,5.266666666666667,3.5333333333333337,2.9,2.4,2.0166666666666666,1.0083333333333333,2020-09-20,25,24.2
10.4,8.8,7.6000000000000005,6.5,6.866666666666667,3.5666666666666664,2.6750000000000003,2.18,1.8166666666666667,0.9166666666666666,2020-09-21,25,22.0
54.4,53.2,43.8,32.9,27.666666666666668,19.133333333333333,16.025,13.559999999999999,12.516666666666666,7.0249999999999995,2020-09-22,25,168.6
40.8,35.99999999999999,32.2,23.5,20.0,14.533333333333333,12.2,10.1,8.566666666666666,4.375,2020-10-30,25,105.0
5.6,5.2,4.2,3.8,3.3333333333333335,2.3666666666666667,1.8,1.4600000000000002,1.2333333333333334,0.8083333333333332,2020-10-31,25,19.400000000000002
28.0,16.4,9.4,4.7,3.1333333333333333,1.7333333333333334,1.675,1.34,1.1166666666666667,0.6666666666666666,2020-11-05,25,16.0
22.4,18.799999999999997,10.2,5.4,3.6666666666666665,1.8999999999999997,1.4249999999999998,1.14,0.9499999999999998,0.4749999999999999,2020-11-10,25,11.4
23.2,17.599999999999998,13.4,10.200000000000001,8.533333333333333,4.7,3.575,2.88,2.4,1.3916666666666666,2020-11-18,25,33.400000000000006
26.4,24.0,22.6,15.5,12.866666666666667,8.466666666666667,6.95,5.5600000000000005,4.633333333333334,2.4916666666666667,2020-11-19,25,59.8
14.4,9.6,7.6,5.9,3.9333333333333336,2.8000000000000003,2.9,2.3400000000000003,1.9500000000000002,0.9750000000000001,2020-11-20,25,23.4
14.4,13.2,11.8,8.5,6.333333333333333,3.6,2.875,2.5,2.2166666666666663,1.1583333333333334,2020-12-06,25,27.8
22.4,17.2,11.8,7.8,6.133333333333333,4.0,3.1999999999999997,2.5799999999999996,2.183333333333333,1.6166666666666665,2020-12-07,25,38.8
17.6,14.8,13.8,8.600000000000001,5.933333333333334,3.0,2.25,1.8,1.5,0.75,2020-12-08,25,18.0
12.8,12.8,7.4,5.1,3.733333333333333,2.9,2.4,2.18,1.8166666666666667,0.9083333333333333,2020-12-22,25,21.8
4.8,3.6000000000000005,2.4,1.8,1.5333333333333332,1.0666666666666667,0.9000000000000001,0.76,0.7666666666666666,0.5,2020-12-24,25,12.0
6.4,5.6,4.4,3.8000000000000003,3.266666666666667,2.0333333333333337,1.5250000000000001,1.2200000000000002,1.0166666666666668,0.7666666666666667,2020-12-25,25,18.4
30.4,22.799999999999997,19.6,11.2,7.533333333333332,3.933333333333333,3.8,3.2399999999999998,2.766666666666666,1.4000000000000001,2021-01-02,25,33.599999999999994
45.6,41.2,31.6,19.9,13.399999999999999,6.699999999999999,5.0249999999999995,4.04,3.3666666666666667,1.6916666666666667,2021-01-03,25,40.599999999999994
92.0,91.6,67.4,40.199999999999996,28.13333333333333,14.733333333333333,11.1,8.879999999999999,7.3999999999999995,4.1000000000000005,2021-02-05,25,98.4
13.6,11.6,6.6,3.8,2.533333333333333,1.3666666666666665,1.025,0.8400000000000001,0.7000000000000001,0.5666666666666667,2021-02-06,25,13.600000000000001
5.6,5.6,4.2,2.6,1.8,1.1666666666666667,0.875,0.7,0.5833333333333334,0.45,2021-02-13,25,10.799999999999999
17.6,15.600000000000001,10.2,6.6,5.6000000000000005,2.8333333333333335,2.125,1.7,1.4166666666666667,0.7083333333333334,2021-03-06,25,17.0
61.6,33.2,18.0,9.9,7.2,3.6999999999999997,2.775,2.2199999999999998,1.8499999999999999,1.7666666666666666,2021-03-30,25,42.400000000000006
18.4,11.2,7.2,4.1,3.9333333333333336,2.3333333333333335,2.25,1.92,1.5999999999999999,0.8250000000000001,2021-04-13,25,19.8
24.8,17.6,13.8,11.8,9.200000000000001,5.333333333333333,4.525,4.0,3.35,1.8166666666666667,2021-04-21,25,43.6
16.0,14.4,8.200000000000001,4.1,2.8666666666666667,1.7666666666666666,1.4000000000000001,1.1800000000000002,1.0,0.5,2021-04-22,25,12.0
52.8,35.599999999999994,22.8,11.6,8.0,4.0,3.0,2.4,2.0,1.05,2021-04-27,25,25.199999999999996
19.2,12.8,7.4,6.199999999999999,4.666666666666667,3.9333333333333336,3.275,2.62,2.183333333333333,1.0916666666666666,2021-04-29,25,26.2
29.6,16.0,10.2,9.4,7.800000000000001,4.366666666666666,3.275,2.7,2.3000000000000003,1.2666666666666668,2021-05-07,25,30.4
23.2,21.2,17.0,10.4,7.466666666666668,4.0,3.0,2.4,2.0,1.0,2021-05-12,25,24.0
13.6,10.4,8.600000000000001,6.2,4.933333333333334,4.033333333333333,3.225,2.66,2.25,1.1583333333333334,2021-05-13,25,27.8
15.2,11.6,7.6,5.8,4.666666666666667,2.9333333333333336,2.225,1.78,1.4833333333333334,0.7416666666666667,2021-05-30,25,17.8
37.6,20.400000000000002,11.4,5.9,4.0,2.3666666666666667,1.825,1.52,1.2666666666666666,0.6416666666666667,2021-05-31,25,15.4
76.0,74.0,42.4,21.4,14.266666666666666,7.133333333333333,5.35,4.279999999999999,3.5666666666666664,1.7833333333333332,2021-06-07,25,42.8
8.0,6.0,5.6,3.2,2.1333333333333333,1.3666666666666665,1.425,1.34,1.2166666666666666,0.9249999999999999,2021-06-17,25,22.200000000000003
4.8,2.8,2.0,1.7,1.5999999999999999,1.1,0.925,0.8200000000000001,0.75,0.44166666666666665,2021-06-29,25,10.600000000000001
14.4,8.8,7.0,4.5,3.6666666666666665,2.2333333333333334,1.825,1.92,1.7666666666666666,1.1166666666666667,2021-07-28,25,26.8
8.0,6.0,3.8,2.5,2.6,1.866666666666667,1.5,1.24,1.0333333333333334,0.7250000000000001,2021-08-12,25,17.4
22.4,16.799999999999997,10.799999999999999,6.8999999999999995,4.933333333333334,3.366666666666667,2.875,2.3600000000000003,1.9666666666666668,0.9833333333333334,2021-08-29,25,23.6
7.2,7.2,6.6000000000000005,6.0,5.0,3.8666666666666667,3.275,2.62,2.183333333333333,1.4583333333333333,2021-09-16,25,35.0
8.0,6.8,5.4,3.2,2.2666666666666666,1.7000000000000002,1.425,1.1400000000000001,0.9500000000000001,0.47500000000000003,2021-10-03,25,11.399999999999999
3.2,2.8,2.0,2.0,1.666666666666667,1.4000000000000001,1.175,1.0000000000000002,0.9833333333333334,0.7416666666666667,2021-10-05,25,17.800000000000004
4.8,4.8,3.4,2.5999999999999996,1.9333333333333333,1.6000000000000003,1.3250000000000002,1.1199999999999999,1.0,0.625,2021-10-11,25,15.0
15.2,10.0,5.6,3.2,2.4,1.5999999999999999,1.275,1.02,0.8666666666666667,0.45,2021-10-18,25,10.8
8.8,6.0,4.4,3.5,3.0,2.2,1.7750000000000001,1.48,1.3166666666666667,0.8500000000000001,2021-10-19,25,20.400000000000002
8.8,7.2,7.0,6.2,5.866666666666667,5.333333333333333,4.5,3.6399999999999997,3.033333333333333,1.5166666666666666,2021-10-20,25,36.4
9.6,8.8,5.6,3.1,2.1333333333333333,1.0666666666666667,0.8,0.64,0.5499999999999999,0.5,2021-10-24,25,12.0
13.6,12.8,10.799999999999999,6.8,4.866666666666666,2.6999999999999997,2.025,1.6199999999999999,1.3499999999999999,0.6749999999999999,2021-10-31,25,16.200000000000003
5.6,5.6,5.199999999999999,4.2,4.0,3.233333333333334,2.875,2.46,2.216666666666667,1.2166666666666666,2021-11-01,25,29.200000000000003
6.4,6.0,4.4,3.3000000000000003,3.1333333333333333,2.3000000000000003,1.9500000000000002,1.58,1.3166666666666667,0.725,2021-11-02,25,17.4
12.0,10.0,8.6,7.6,5.666666666666667,3.1666666666666665,2.475,2.04,1.7166666666666668,1.2416666666666667,2021-11-19,25,29.800000000000004
35.2,22.8,11.8,7.8,6.0,3.6666666666666665,3.4749999999999996,2.84,2.6,1.8333333333333333,2021-12-07,25,44.0
10.4,7.2,5.0,4.8,3.8666666666666667,3.0,2.4,1.92,1.5999999999999999,0.7999999999999999,2021-12-08,25,19.2
48.8,25.599999999999998,15.2,8.3,5.866666666666667,2.9333333333333336,2.2,1.9599999999999997,2.0,1.0916666666666666,2021-12-12,25,26.199999999999996
58.4,56.400000000000006,46.6,35.0,26.400000000000002,14.666666666666666,11.0,8.8,7.333333333333333,3.6750000000000003,2021-12-17,25,88.19999999999999
26.4,26.4,15.2,8.6,7.066666666666666,3.5666666666666664,2.75,2.3,1.9333333333333333,1.0999999999999999,2021-12-23,25,26.4
8.0,7.2,6.2,4.3,3.1333333333333333,1.6333333333333335,1.275,1.02,0.85,0.43333333333333335,2021-12-30,25,10.4
7.2,6.4,5.0,3.5,2.733333333333333,1.4333333333333333,1.1,0.96,0.8666666666666667,0.5166666666666667,2021-12-31,25,12.399999999999999
78.4,77.6,52.6,26.5,17.666666666666668,8.866666666666667,6.65,5.32,4.433333333333334,2.225,2022-01-03,25,53.4
12.0,8.8,5.8,5.2,4.2,2.766666666666667,2.875,2.4400000000000004,2.1333333333333333,1.2333333333333334,2022-01-07,25,29.6
8.0,8.0,5.2,3.3,3.4,2.6,2.1,2.16,1.8499999999999999,1.0333333333333334,2022-01-08,25,24.800000000000004
40.0,27.2,15.8,10.000000000000002,7.133333333333334,3.733333333333334,2.8000000000000003,2.24,1.866666666666667,0.9333333333333335,2022-02-07,25,22.4
32.8,23.2,13.799999999999999,11.5,8.533333333333333,5.933333333333334,4.525,4.2,3.5,1.7666666666666666,2022-03-20,25,42.4
106.4,106.0,85.2,54.199999999999996,36.199999999999996,18.099999999999998,13.575,10.86,9.049999999999999,5.625,2022-03-31,25,135.0
77.6,62.8,56.0,52.9,39.0,23.099999999999998,18.375,14.819999999999999,12.383333333333333,6.7749999999999995,2022-04-01,25,162.6
36.8,32.0,28.599999999999998,17.900000000000002,12.666666666666666,7.266666666666667,5.7,4.68,4.0,2.6333333333333333,2022-04-02,25,63.199999999999996
7.2,6.800000000000001,5.0,3.3,2.733333333333333,1.7666666666666666,1.35,1.08,0.9,0.45,2022-04-07,25,10.8
24.8,22.4,12.4,7.5,6.266666666666667,4.5,3.575,2.8600000000000003,2.3833333333333333,1.75,2022-04-14,25,42.0
24.0,12.4,6.6,5.0,3.733333333333333,2.1666666666666665,1.65,1.3199999999999998,1.0999999999999999,0.5499999999999999,2022-04-15,25,13.2
28.8,28.4,14.6,7.3,5.466666666666666,2.733333333333333,2.05,1.64,1.3833333333333335,0.725,2022-04-30,25,17.4
21.6,12.4,7.4,4.4,3.066666666666667,1.6666666666666667,1.25,1.0,0.8333333333333334,0.4166666666666667,2022-05-16,25,10.000000000000002
8.8,5.6,5.3999999999999995,3.5,2.8000000000000003,2.3666666666666667,1.875,1.5,1.25,0.75,2022-06-03,25,18.0
10.4,8.8,5.4,3.8,2.9333333333333336,1.5333333333333332,1.725,1.4,1.1666666666666667,0.5833333333333334,2022-06-09,25,14.0
11.2,9.2,7.0,3.5999999999999996,3.533333333333333,2.033333333333333,1.525,1.22,1.0166666666666668,0.5416666666666666,2022-06-10,25,13.0
6.4,5.6,3.8,2.3,1.6666666666666667,0.9666666666666667,0.8500000000000001,0.74,0.6666666666666666,0.5833333333333334,2022-06-11,25,14.0
7.2,5.2,3.4,2.2,1.5999999999999999,1.0666666666666667,1.1,1.04,0.8666666666666667,0.43333333333333335,2022-06-19,25,10.399999999999999
33.6,29.200000000000003,21.6,20.099999999999998,17.266666666666666,10.533333333333333,8.1,6.56,5.466666666666666,2.733333333333333,2022-07-14,25,65.6
20.8,16.4,9.8,5.8,3.9333333333333336,1.9666666666666668,1.475,1.1800000000000002,0.9833333333333334,0.5416666666666666,2022-08-09,25,13.000000000000002
10.4,7.2,6.6000000000000005,4.300000000000001,3.266666666666666,1.9000000000000001,1.45,1.2200000000000002,1.0166666666666668,0.5083333333333334,2022-08-10,25,12.200000000000001
20.0,17.6,11.4,6.3,5.466666666666666,3.266666666666667,2.625,2.12,2.1833333333333336,1.2416666666666667,2022-08-11,25,29.8
16.8,9.600000000000001,6.4,3.7,2.8000000000000003,1.5,1.3,1.04,0.8666666666666667,0.43333333333333335,2022-08-12,25,10.4
6.4,5.6000000000000005,5.0,4.3,3.4000000000000004,2.2333333333333334,1.875,1.52,1.2666666666666668,0.7000000000000001,2022-09-04,25,16.799999999999997
5.6,5.6,4.2,2.7,2.0666666666666664,1.4333333333333333,1.075,0.86,0.7833333333333333,0.5333333333333333,2022-09-15,25,12.799999999999999
8.0,5.6,4.8,4.199999999999999,3.8666666666666667,3.033333333333333,2.975,3.04,2.6999999999999997,1.7166666666666668,2022-09-16,25,41.2
9.6,8.8,7.0,5.6,5.3999999999999995,4.033333333333333,3.475,3.08,2.6333333333333333,1.6833333333333333,2022-09-28,25,40.400000000000006
7.2,6.3999999999999995,6.199999999999999,5.0,4.266666666666667,3.1999999999999997,2.725,2.3600000000000003,2.1,1.575,2022-09-29,25,37.80000000000001
22.4,18.400000000000002,12.799999999999999,11.5,11.4,9.966666666666667,8.525,7.039999999999999,6.433333333333334,3.4499999999999997,2022-11-01,25,82.8
13.6,11.200000000000001,7.8,5.9,4.2,2.6666666666666665,2.45,2.52,2.2833333333333337,1.5250000000000001,2022-11-02,25,36.60000000000001
25.6,15.600000000000001,8.2,4.4,3.066666666666667,1.5333333333333334,1.4000000000000001,1.28,1.0666666666666667,0.9166666666666666,2022-11-03,25,22.0
54.4,42.4,25.8,13.0,8.733333333333333,4.366666666666666,3.275,2.62,2.183333333333333,1.0999999999999999,2022-11-05,25,26.4
12.8,10.0,6.2,3.3000000000000003,2.6,1.5666666666666667,1.225,0.9800000000000001,0.8333333333333334,0.4166666666666667,2022-11-07,25,10.0
62.4,33.2,17.0,8.6,5.733333333333333,2.8666666666666667,2.15,1.72,1.4333333333333333,0.7333333333333334,2022-11-09,25,17.6
36.0,28.8,21.6,13.3,10.866666666666667,6.333333333333333,4.75,3.8,3.1666666666666665,1.5833333333333333,2022-11-24,25,38.0
4.8,4.4,3.6,2.8,2.4666666666666663,1.5666666666666667,1.2,1.1,1.0,0.5,2022-11-27,25,12.0
26.4,22.4,11.2,5.699999999999999,3.7999999999999994,1.8999999999999997,1.4249999999999998,1.14,0.9499999999999998,0.4749999999999999,2022-12-05,25,11.399999999999999
12.0,6.4,5.800000000000001,4.4,3.1333333333333333,2.1333333333333333,1.825,1.6800000000000002,1.5166666666666666,0.7583333333333333,2022-12-06,25,18.200000000000003
8.8,6.800000000000001,4.800000000000001,2.8000000000000003,2.8000000000000003,1.7000000000000002,1.7000000000000002,1.52,1.2833333333333334,0.6416666666666667,2022-12-13,25,15.4
7.2,4.8,4.6,4.2,3.9333333333333336,2.9000000000000004,2.3000000000000003,1.9,1.6666666666666667,1.6416666666666666,2022-12-20,25,39.400000000000006
32.0,22.0,16.8,12.9,12.133333333333335,9.5,8.225000000000001,6.760000000000001,5.833333333333333,3.6333333333333333,2022-12-21,25,87.2
29.6,26.8,20.200000000000003,14.9,10.866666666666667,6.3,5.3,4.38,3.733333333333334,1.9416666666666667,2022-12-30,25,46.6
17.6,16.8,16.0,14.3,12.466666666666667,9.066666666666666,7.3500000000000005,5.9,5.3999999999999995,2.8000000000000003,2023-01-05,25,67.2
9.6,9.200000000000001,8.4,7.1,6.8,5.8,5.4,4.74,4.466666666666667,,2023-01-06,25,84.40000000000002
5.6,4.800000000000001,4.6,4.0,3.0666666666666664,1.9333333333333333,1.725,1.5000000000000002,1.4000000000000001,,2023-01-07,25,23.4
4.8,4.8,4.6,3.0999999999999996,2.1999999999999997,1.4000000000000001,1.05,0.8400000000000001,0.7166666666666667,0.625,2023-01-09,25,15.0
59.2,57.6,42.0,25.6,17.533333333333335,8.766666666666667,6.575,5.26,4.383333333333334,2.191666666666667,2023-01-28,25,52.60000000000001
24.8,16.4,10.8,9.5,8.133333333333335,5.966666666666666,4.625,3.7,3.0833333333333335,1.5416666666666667,2023-02-07,25,37.0
29.6,24.8,15.0,8.5,6.066666666666666,3.066666666666667,2.3000000000000003,1.8400000000000003,1.5333333333333334,0.7666666666666667,2023-02-10,25,18.400000000000002
47.2,36.0,27.400000000000002,16.0,11.066666666666668,5.766666666666667,4.325,3.46,2.8833333333333333,1.4416666666666667,2023-02-11,25,34.60000000000001
33.6,33.2,24.0,12.2,8.2,4.1,3.0749999999999997,2.46,2.05,1.025,2023-02-28,25,24.6
44.8,34.4,31.0,18.8,14.799999999999999,8.5,6.375,5.1,4.25,,2023-03-11,25,51.0
32.8,24.0,14.399999999999999,8.0,9.399999999999999,5.333333333333333,4.375,4.24,3.75,3.0500000000000003,2023-04-08,25,73.2
6.4,6.0,5.199999999999999,3.5999999999999996,2.733333333333333,2.3000000000000003,2.1750000000000003,1.8199999999999998,1.5166666666666666,0.7583333333333333,2023-04-19,25,18.200000000000003
16.8,12.4,9.2,5.6,3.9333333333333336,2.2333333333333334,2.0,1.78,1.5,0.75,2023-04-28,25,18.0
10.4,8.4,6.6,4.2,3.6666666666666665,2.6,2.5250000000000004,2.14,1.8166666666666667,,2023-05-10,25,24.799999999999997
40.8,31.599999999999998,20.4,13.9,10.2,7.166666666666667,5.45,5.08,4.716666666666666,2.441666666666667,2023-05-29,25,58.599999999999994
20.0,15.2,11.0,7.0,5.0,3.6,3.9,3.46,2.9166666666666665,,2023-07-19,25,35.2
14.4,12.0,9.2,7.800000000000001,6.800000000000001,4.966666666666667,4.225,4.04,3.733333333333334,3.1999999999999997,2023-08-26,25,76.80000000000001
15.2,12.8,11.399999999999999,9.8,8.333333333333334,5.333333333333333,4.075,3.3200000000000003,2.8666666666666667,2.7916666666666665,2023-08-27,25,67.0
4.8,3.6,2.2,1.6,1.2,1.0333333333333334,0.9500000000000001,0.9200000000000002,0.8666666666666667,,2023-08-28,25,12.2
18.4,12.799999999999999,8.8,6.4,4.466666666666667,2.8666666666666667,2.2,1.7600000000000002,1.4666666666666668,0.7333333333333334,2023-09-14,25,17.6
16.8,10.0,6.0,4.4,4.0,3.1,2.5250000000000004,2.3,2.45,,2023-10-01,25,30.6
44.0,31.6,17.799999999999997,14.3,10.200000000000001,5.1000000000000005,3.825,3.06,2.5500000000000003,,2023-10-07,25,30.6
44.0,25.2,13.6,6.8,4.533333333333333,2.2666666666666666,1.95,1.6,1.3333333333333333,,2023-10-09,25,16.0
30.4,28.799999999999997,20.599999999999998,11.2,7.533333333333332,3.766666666666666,2.8249999999999997,2.26,1.883333333333333,,2023-10-12,25,22.599999999999998
4.8,3.6,3.5999999999999996,2.5999999999999996,2.4,2.1666666666666665,1.7999999999999998,1.6,1.3499999999999999,,2023-10-13,25,16.2
6.4,5.199999999999999,4.3999999999999995,3.7,3.6,3.1,2.8000000000000003,2.6000000000000005,2.3833333333333333,,2023-10-14,25,42.599999999999994
32.8,29.599999999999998,17.799999999999997,10.6,7.466666666666666,3.733333333333333,2.8,2.2399999999999998,1.8666666666666665,,2023-10-17,25,22.4
56.8,36.8,20.0,10.0,6.666666666666667,3.3333333333333335,2.5,2.0,1.6666666666666667,,2023-10-26,25,20.599999999999998
36.0,19.6,10.4,5.9,4.133333333333334,2.1666666666666665,1.9000000000000001,1.52,1.2666666666666668,0.6333333333333334,2023-10-29,25,15.2
33.6,27.200000000000003,20.0,10.5,7.2,3.6666666666666665,2.75,2.2,1.8333333333333333,0.9166666666666666,2023-11-03,25,22.0
52.8,30.799999999999997,18.599999999999998,9.799999999999999,6.599999999999999,3.2999999999999994,2.4749999999999996,2.14,1.9166666666666667,0.9833333333333334,2023-11-19,25,23.599999999999998
8.8,7.2,5.3999999999999995,4.0,3.5999999999999996,2.0,1.625,1.3,1.0833333333333333,,2023-11-20,25,13.0
69.6,47.199999999999996,26.0,13.299999999999999,8.866666666666665,4.466666666666666,3.3499999999999996,2.6799999999999997,2.233333333333333,,2023-11-22,25,26.799999999999997
15.2,11.6,10.4,7.0,5.0,3.1,2.425,2.46,2.3000000000000003,1.2583333333333333,2023-11-24,25,30.200000000000003
9.6,6.800000000000001,3.8000000000000003,2.3000000000000003,1.5333333333333334,1.4666666666666668,1.25,1.12,1.0,0.7416666666666667,2023-12-09,25,17.8
6.4,6.0,5.2,3.6,3.1333333333333333,2.1,1.575,1.26,1.05,,2024-01-03,25,15.200000000000001
41.6,40.0,37.8,31.6,27.26666666666667,15.633333333333335,11.925,9.620000000000001,8.016666666666667,4.016666666666667,2024-01-13,25,96.4
41.6,22.8,15.2,10.5,7.066666666666666,3.533333333333333,2.65,2.12,1.7666666666666666,0.8833333333333333,2024-01-19,25,21.200000000000003
38.4,36.4,26.999999999999996,16.099999999999998,11.200000000000001,5.866666666666666,4.3999999999999995,3.5199999999999996,2.966666666666667,1.4833333333333334,2024-01-21,25,35.599999999999994
20.8,20.4,17.4,14.299999999999999,11.866666666666667,8.533333333333333,7.375,6.3,5.533333333333332,2.9166666666666665,2024-01-23,25,70.0
10.4,7.2,5.2,4.1,3.8666666666666667,2.6333333333333333,2.325,2.2600000000000002,1.9500000000000002,1.1916666666666667,2024-01-26,25,28.6
12.8,10.8,6.800000000000001,4.6000000000000005,3.4666666666666672,2.4333333333333336,1.8250000000000002,1.4600000000000002,1.2166666666666668,0.6083333333333334,2024-01-28,25,14.6
31.2,18.4,9.8,4.9,3.3333333333333335,1.7000000000000002,1.2750000000000001,1.02,0.8500000000000001,0.42500000000000004,2024-02-01,25,10.200000000000001
24.0,16.8,10.6,5.7,3.866666666666667,2.3666666666666667,1.7750000000000001,1.4200000000000002,1.1833333333333333,0.5916666666666667,2024-02-02,25,14.2
15.2,14.799999999999999,13.399999999999999,9.4,8.733333333333333,4.933333333333334,3.7,2.96,2.466666666666667,1.2333333333333334,2024-02-14,25,29.599999999999998
41.6,39.60000000000001,34.2,24.2,25.46666666666667,14.299999999999999,10.799999999999999,8.7,7.433333333333334,6.658333333333334,2024-02-15,25,164.4
19.2,18.0,16.2,13.700000000000001,12.133333333333335,8.9,7.7,6.8,6.083333333333333,3.658333333333333,2024-02-21,25,87.80000000000001
17.6,17.6,14.600000000000001,8.9,6.133333333333333,3.1666666666666665,2.375,1.9,1.5833333333333333,0.8166666666666668,2024-02-22,25,21.400000000000002
14.4,14.4,11.0,5.9,4.0,2.0333333333333337,1.575,1.26,1.05,0.525,2024-02-28,25,12.6
114.4,109.19999999999999,104.2,86.60000000000001,66.53333333333333,35.06666666666667,27.7,22.240000000000002,18.533333333333335,9.266666666666667,2024-03-05,25,222.39999999999998
5.6,5.199999999999999,5.199999999999999,4.8,4.3999999999999995,3.233333333333333,3.025,2.54,2.1333333333333333,1.0666666666666667,2024-03-06,25,25.8
15.2,13.6,10.8,7.3,6.6000000000000005,4.866666666666666,3.725,2.98,2.5333333333333337,1.2666666666666668,2024-03-07,25,42.8
44.8,44.4,37.8,24.4,18.2,9.433333333333334,7.075,5.66,4.716666666666667,2.3583333333333334,2024-03-09,25,56.60000000000001
20.8,20.0,18.2,14.399999999999999,12.600000000000001,10.700000000000001,9.8,9.76,9.75,7.191666666666666,2024-03-22,25,220.8
5.6,5.2,5.0,4.5,4.0,3.466666666666667,3.0250000000000004,2.7,2.3333333333333335,1.1666666666666667,2024-03-23,25,40.599999999999994
17.6,16.400000000000002,14.4,10.2,8.066666666666668,6.333333333333333,5.8500000000000005,5.4399999999999995,4.75,2.7000000000000006,2024-03-24,25,93.8
2.4,2.0,1.8,1.5,1.2,1.0333333333333334,0.875,0.7000000000000001,0.6333333333333334,0.3666666666666667,2024-03-26,25,11.4
13.6,12.399999999999999,8.8,5.3,3.533333333333333,2.2333333333333334,1.675,1.4,1.1666666666666667,0.5833333333333334,2015-05-05,24,14.0
12.0,7.6,4.8,2.9,2.0,1.2,1.125,0.9,0.7666666666666667,0.6333333333333333,2015-06-19,24,15.2
25.6,19.2,15.000000000000002,12.3,8.866666666666667,4.633333333333334,3.475,2.7800000000000002,2.35,1.175,2015-06-24,24,28.200000000000003
14.4,8.4,4.6000000000000005,2.8,2.1333333333333333,1.1333333333333333,0.85,0.6799999999999999,0.5666666666666667,0.4166666666666667,2015-09-11,24,10.0
4.8,4.3999999999999995,3.1999999999999997,1.9,1.4000000000000001,0.8333333333333334,0.625,0.5,0.4166666666666667,0.4166666666666667,2015-09-12,24,10.0
7.2,5.6,4.4,3.3000000000000003,2.733333333333334,1.866666666666667,1.5250000000000001,1.4600000000000002,1.3500000000000003,0.8500000000000001,2015-09-13,24,20.4
12.0,12.0,7.8,4.800000000000001,3.4,1.7,1.275,1.02,0.85,0.425,2015-09-27,24,10.2
8.8,7.6000000000000005,6.800000000000001,5.6000000000000005,4.333333333333333,2.433333333333333,1.825,1.4600000000000002,1.2166666666666668,0.775,2015-11-02,24,18.6
36.0,23.2,16.6,10.5,7.133333333333333,3.5666666666666664,2.675,2.1399999999999997,1.7833333333333332,0.8999999999999999,2015-11-04,24,21.6
29.6,22.4,11.8,6.500000000000001,5.266666666666667,2.733333333333333,2.05,1.64,1.3666666666666665,0.6833333333333332,2015-11-06,24,16.4
8.8,7.2,5.999999999999999,3.6,3.2000000000000006,1.9666666666666668,1.475,1.1800000000000002,0.9833333333333334,0.525,2015-11-07,24,12.6
8.0,8.0,6.8,4.6,3.0666666666666664,1.5999999999999999,1.2,0.96,0.7999999999999999,0.42500000000000004,2015-11-08,24,10.2
27.2,17.2,9.8,4.9,4.2,2.1666666666666665,1.625,1.3,1.0833333333333333,0.9833333333333334,2015-11-23,24,23.6
16.8,12.4,7.6000000000000005,4.8,3.1999999999999997,1.866666666666667,1.575,1.26,1.05,0.525,2015-11-29,24,12.600000000000001
27.2,13.6,6.8,5.4,4.266666666666667,2.2666666666666666,1.7,1.3599999999999999,1.1333333333333333,0.5666666666666667,2015-12-06,24,13.6
16.0,10.0,5.6,3.0,2.1333333333333333,1.5999999999999999,1.4500000000000002,1.2,1.0,0.5333333333333333,2015-12-07,24,12.8
42.4,40.8,26.0,13.7,9.133333333333333,4.566666666666666,3.425,2.7399999999999998,2.283333333333333,1.1416666666666666,2015-12-21,24,27.4
50.4,41.2,26.8,16.1,10.799999999999999,5.433333333333334,4.075,3.2600000000000002,2.716666666666667,1.3583333333333334,2015-12-27,24,32.599999999999994
16.0,12.8,8.6,5.9,4.133333333333334,2.3666666666666667,2.175,1.9,1.7666666666666666,0.8833333333333333,2016-01-03,24,21.200000000000003
36.8,30.0,16.8,9.2,7.866666666666666,3.966666666666667,3.0,2.4,2.0,1.0,2016-01-13,24,24.0
31.2,20.0,11.2,6.2,4.266666666666667,2.1999999999999997,1.65,1.3199999999999998,1.0999999999999999,1.0916666666666666,2016-01-14,24,26.200000000000003
64.8,54.8,37.6,23.4,17.266666666666666,10.4,8.05,6.4399999999999995,5.366666666666666,2.75,2016-01-15,24,66.0
13.6,10.4,6.8,4.8999999999999995,4.733333333333333,3.466666666666667,3.025,2.56,2.183333333333333,1.1,2016-01-16,24,26.4
35.2,24.0,13.200000000000001,8.0,5.733333333333333,4.233333333333333,3.575,2.92,2.6333333333333333,1.7666666666666666,2016-01-19,24,42.39999999999999
99.2,86.4,55.199999999999996,29.0,19.466666666666665,10.133333333333333,7.6499999999999995,6.14,5.133333333333334,2.566666666666667,2016-01-28,24,61.599999999999994
20.0,13.2,8.0,4.2,4.733333333333333,3.466666666666667,2.625,2.1,1.75,0.9416666666666668,2016-02-11,24,22.6
31.2,28.0,15.6,7.9,5.333333333333333,2.6666666666666665,2.0,1.6,1.3333333333333333,0.6666666666666666,2016-02-15,24,16.0
15.2,11.6,9.2,6.0,4.133333333333334,2.433333333333333,1.825,1.46,1.2166666666666666,0.6083333333333333,2016-02-16,24,14.6
75.2,61.2,32.6,16.3,10.866666666666667,5.933333333333334,4.45,3.56,2.966666666666667,1.4833333333333334,2016-02-17,24,35.6
36.0,32.0,18.8,11.5,8.466666666666667,4.266666666666667,3.2,2.56,2.1333333333333333,1.0666666666666667,2016-02-21,24,25.6
62.4,48.8,25.2,12.8,8.6,4.3,3.225,2.58,2.15,1.075,2016-02-25,24,25.8
30.4,24.0,18.799999999999997,13.2,9.733333333333333,5.8,4.375,3.5200000000000005,2.9333333333333336,1.4666666666666668,2016-02-29,24,35.2
29.6,22.0,14.8,7.8,5.2,2.6,2.075,1.6600000000000001,1.3833333333333335,0.6916666666666668,2016-03-12,24,16.6
47.2,46.0,37.4,27.3,21.933333333333334,11.366666666666667,8.775,7.0200000000000005,5.866666666666667,2.9333333333333336,2016-03-16,24,70.39999999999999
39.2,34.0,20.6,11.4,7.933333333333334,4.2,3.1500000000000004,2.5200000000000005,2.1,1.05,2016-03-23,24,25.200000000000003
23.2,16.4,11.0,5.8,3.9333333333333336,2.2666666666666666,1.975,1.6600000000000001,1.5,0.75,2016-05-18,24,18.0
7.2,6.800000000000001,4.6000000000000005,3.8,3.8000000000000003,2.6666666666666665,2.0,1.6199999999999999,1.3499999999999999,0.6749999999999999,2016-06-05,24,16.200000000000003
34.4,21.6,13.2,8.5,6.3999999999999995,3.6999999999999997,2.8,2.2399999999999998,1.8666666666666665,1.2249999999999999,2016-06-07,24,29.4
6.4,6.0,4.4,3.3000000000000003,2.6666666666666665,1.5999999999999999,1.325,1.1,0.9166666666666666,0.6333333333333334,2016-08-21,24,15.200000000000003
25.6,13.200000000000001,7.2,4.0,3.8000000000000003,2.033333333333333,1.525,1.22,1.0166666666666666,0.7166666666666667,2016-09-20,24,17.2
13.6,13.200000000000001,8.8,5.8999999999999995,4.333333333333334,3.4000000000000004,2.875,2.38,2.0,1.0583333333333333,2016-10-04,24,25.400000000000002
27.2,16.8,10.4,6.1,4.3999999999999995,3.1666666666666665,2.375,1.9,1.5833333333333333,0.7916666666666666,2016-11-03,24,19.0
21.6,17.6,13.6,9.700000000000001,8.0,4.4,3.6,3.04,2.5833333333333335,1.4166666666666667,2016-11-04,24,34.00000000000001
120.0,71.2,41.2,20.6,13.733333333333334,6.866666666666667,5.15,4.12,3.4333333333333336,1.7166666666666668,2016-11-08,24,41.2
57.6,49.2,29.0,15.600000000000001,11.200000000000001,8.9,7.3,6.4799999999999995,5.7,3.0583333333333336,2016-11-13,24,73.4
29.6,25.6,17.8,9.600000000000001,6.933333333333334,4.266666666666667,3.9250000000000003,3.8599999999999994,3.5499999999999994,1.8916666666666666,2016-11-14,24,45.400000000000006
10.4,6.4,4.4,2.8000000000000003,2.9333333333333336,1.7333333333333334,1.3,1.04,0.8666666666666667,0.43333333333333335,2016-11-15,24,10.400000000000002
40.0,26.4,13.6,6.8,4.533333333333333,2.2666666666666666,1.7,1.3599999999999999,1.1333333333333333,0.5666666666666667,2016-12-03,24,13.600000000000001
102.4,97.6,68.6,37.0,24.933333333333334,14.033333333333333,10.55,8.440000000000001,7.033333333333334,3.5250000000000004,2016-12-12,24,84.6
32.8,21.2,11.799999999999999,7.8,6.266666666666667,4.8999999999999995,3.6999999999999997,2.96,2.8499999999999996,1.5999999999999999,2016-12-14,24,38.4
74.4,73.2,52.800000000000004,26.9,18.0,9.0,6.75,5.4,4.5,2.25,2016-12-30,24,54.0
40.8,30.4,16.4,8.299999999999999,5.533333333333332,2.766666666666666,2.0749999999999997,1.6599999999999997,1.383333333333333,0.6916666666666665,2016-12-31,24,16.599999999999998
62.4,54.8,36.6,18.5,12.4,6.2,4.65,3.72,3.1,1.55,2017-01-03,24,37.199999999999996
17.6,15.2,9.2,5.1,3.466666666666667,1.8,1.35,1.08,0.9,0.45,2017-01-07,24,10.8
37.6,22.0,12.2,6.6,4.466666666666667,2.2333333333333334,1.675,1.34,1.1166666666666667,0.5583333333333333,2017-01-11,24,13.399999999999999
28.0,28.0,18.0,9.2,6.133333333333333,3.0666666666666664,2.3,1.8399999999999999,1.5333333333333332,0.7666666666666666,2017-01-16,24,18.4
82.4,79.2,51.2,28.7,19.2,17.566666666666666,13.175,10.540000000000001,8.783333333333333,4.391666666666667,2017-01-19,24,105.4
20.0,18.4,11.6,6.1000000000000005,4.3999999999999995,3.6333333333333333,2.725,2.18,1.8166666666666667,0.9083333333333333,2017-02-02,24,21.8
32.8,23.2,18.0,11.7,7.8,5.533333333333334,4.15,3.3200000000000003,2.766666666666667,1.3833333333333335,2017-02-08,24,33.2
42.4,30.799999999999997,19.2,9.6,6.3999999999999995,3.1999999999999997,2.4,2.88,2.4,1.2249999999999999,2017-03-07,24,29.4
22.4,12.399999999999999,10.2,5.1,3.933333333333333,2.0,1.5,1.2,1.0,0.525,2017-03-08,24,12.599999999999998
20.8,19.599999999999998,12.799999999999999,6.499999999999999,4.333333333333333,2.433333333333333,1.8249999999999997,1.9600000000000002,1.75,1.1083333333333332,2017-03-18,24,26.6
11.2,8.8,7.4,5.1,4.8,3.6333333333333333,3.025,2.52,2.1,1.2249999999999999,2017-03-19,24,29.400000000000002
12.0,11.2,11.0,8.1,5.8,3.466666666666667,2.6,2.08,1.7333333333333334,0.8666666666666667,2017-03-20,24,20.8
57.6,33.6,17.0,8.6,5.733333333333333,2.9,2.175,1.7399999999999998,1.6666666666666667,0.8416666666666667,2017-03-28,24,20.2
15.2,11.6,7.0,3.6,2.4666666666666663,1.2333333333333332,0.9249999999999999,0.74,0.6166666666666666,0.48333333333333334,2017-04-01,24,11.6
50.4,40.39999999999999,30.799999999999997,18.4,13.533333333333333,6.8,5.1,4.18,4.133333333333334,2.066666666666667,2017-04-08,24,49.599999999999994
8.0,4.8,3.2,1.7999999999999998,1.5999999999999999,0.8666666666666667,0.8250000000000001,0.82,0.8166666666666668,0.4583333333333333,2017-04-13,24,11.0
4.8,3.6000000000000005,2.4,1.8,1.5333333333333334,0.9333333333333332,0.8500000000000001,0.78,0.7333333333333334,0.5083333333333334,2017-04-23,24,12.200000000000001
8.0,7.2,5.6,3.8000000000000003,3.1333333333333333,1.8,1.375,1.1,0.9166666666666666,0.4666666666666666,2017-04-28,24,11.2
14.4,11.2,7.2,4.3,3.733333333333333,2.966666666666667,2.625,2.34,2.1,1.1083333333333334,2017-05-19,24,26.6
20.8,20.0,10.6,5.3,3.533333333333333,1.7666666666666666,1.325,1.06,0.8833333333333333,0.44166666666666665,2017-06-09,24,10.6
18.4,17.6,12.4,8.9,6.3999999999999995,3.1999999999999997,2.4,1.92,1.5999999999999999,0.8166666666666668,2017-06-13,24,19.6
10.4,7.6,5.199999999999999,3.0,2.066666666666667,1.9333333333333333,1.525,1.26,1.05,0.525,2017-06-21,24,12.6
8.8,8.0,6.3999999999999995,4.0,3.6666666666666665,1.9666666666666668,1.475,1.1800000000000002,0.9833333333333334,0.4916666666666667,2017-08-20,24,11.8
12.8,9.600000000000001,7.4,4.5,3.3333333333333335,1.9000000000000004,1.5,1.2,1.0666666666666667,0.5333333333333333,2017-09-30,24,12.8
4.0,3.6000000000000005,3.4000000000000004,3.1,2.4,1.5333333333333334,1.1500000000000001,0.96,0.8166666666666668,0.4166666666666667,2017-10-03,24,10.0
8.0,6.4,5.2,4.3,3.1999999999999997,2.0000000000000004,1.575,1.3,1.0999999999999999,0.6666666666666666,2017-10-23,24,16.0
8.8,6.0,3.4000000000000004,2.7,2.0,1.5333333333333334,1.3250000000000002,1.1,1.0166666666666668,0.5166666666666667,2017-11-11,24,12.400000000000002
49.6,42.0,26.6,14.0,9.466666666666667,5.033333333333334,3.7750000000000004,3.0200000000000005,2.516666666666667,1.5333333333333332,2017-11-19,24,36.800000000000004
38.4,36.0,32.4,26.9,24.8,14.533333333333333,11.425,9.84,8.283333333333333,4.458333333333333,2017-11-20,24,107.0
8.0,4.8,3.0,2.8000000000000003,2.8000000000000003,1.8,1.475,1.1800000000000002,1.0333333333333334,0.55,2017-11-22,24,13.2
18.4,14.399999999999999,11.0,6.199999999999999,4.133333333333333,2.0666666666666664,1.55,1.38,1.3166666666666667,0.6583333333333333,2017-12-08,24,15.8
37.6,22.0,11.8,6.0,4.0,2.0,1.5,1.2,1.0,0.5416666666666666,2017-12-24,24,12.999999999999998
35.2,24.8,16.2,8.1,5.3999999999999995,2.6999999999999997,2.025,1.6199999999999999,1.3499999999999999,0.6749999999999999,2017-12-25,24,16.2
14.4,12.4,6.8,3.9000000000000004,3.533333333333333,2.1,2.25,1.8,1.5,0.75,2017-12-26,24,18.0
37.6,37.2,21.0,10.5,7.0,3.5,2.625,2.1,1.75,0.875,2018-01-02,24,21.0
28.8,28.4,22.4,12.2,8.200000000000001,5.533333333333334,4.15,3.3200000000000003,2.766666666666667,1.3833333333333335,2018-01-03,24,33.2
13.6,10.0,6.2,4.4,4.4,2.5,2.325,1.8800000000000001,1.5666666666666667,0.8333333333333334,2018-01-04,24,20.0
6.4,5.6,4.2,3.0000000000000004,2.466666666666667,1.8,1.4000000000000001,1.12,0.9333333333333335,0.46666666666666673,2018-01-05,24,11.2
36.0,22.4,13.4,7.0,4.666666666666667,2.3333333333333335,1.75,1.4,1.1666666666666667,0.6083333333333333,2018-01-06,24,14.599999999999998
49.6,33.6,23.200000000000003,13.099999999999998,9.133333333333335,5.666666666666667,4.25,3.4,2.8333333333333335,2.783333333333333,2018-01-07,24,66.8
49.6,35.2,21.400000000000002,13.0,8.733333333333333,5.133333333333334,3.85,3.12,2.6,2.3916666666666666,2018-01-08,24,57.4
32.8,21.599999999999998,11.799999999999999,8.1,5.533333333333332,2.933333333333333,2.1999999999999997,1.7599999999999998,1.4666666666666666,0.7333333333333333,2018-01-13,24,17.599999999999998
28.8,22.8,14.000000000000002,7.300000000000001,5.000000000000001,2.6333333333333333,1.975,1.58,1.3166666666666667,0.6583333333333333,2018-01-20,24,15.8
18.4,12.799999999999999,9.0,4.9,3.466666666666667,1.7333333333333334,1.3,1.04,0.8666666666666667,0.43333333333333335,2018-01-22,24,10.4
46.4,27.6,14.999999999999998,8.4,6.2,4.333333333333333,3.7,3.3,2.75,1.375,2018-01-26,24,33.0
4.8,4.4,3.2,2.3,1.8,1.2333333333333334,1.3499999999999999,1.1800000000000002,1.0,0.5333333333333333,2018-01-27,24,12.8
13.6,10.0,7.6000000000000005,6.300000000000001,5.933333333333334,3.8333333333333335,2.9250000000000003,2.34,1.9500000000000002,1.1583333333333334,2018-01-30,24,27.8
5.6,5.6,3.8,2.6999999999999997,2.1333333333333333,1.3999999999999997,1.0999999999999999,0.9600000000000002,0.8000000000000002,0.47500000000000003,2018-02-05,24,11.4
34.4,27.2,14.6,7.6,5.133333333333334,2.566666666666667,1.925,1.54,1.2833333333333334,0.6416666666666667,2018-02-10,24,15.4
14.4,11.600000000000001,7.2,5.6,3.733333333333333,1.8666666666666665,1.4,1.1199999999999999,0.9333333333333332,0.47500000000000003,2018-02-14,24,11.400000000000002
136.8,110.0,66.00000000000001,33.50000000000001,22.33333333333334,11.200000000000001,8.4,6.74,5.616666666666667,2.8083333333333336,2018-02-15,24,67.4
16.0,10.0,8.200000000000001,4.7,3.266666666666667,1.6333333333333335,1.225,0.9800000000000001,0.8166666666666668,0.7333333333333334,2018-02-22,24,17.6
18.4,16.799999999999997,12.0,8.5,6.2,3.6333333333333333,2.725,2.2,1.9166666666666667,0.9583333333333334,2018-02-27,24,23.0
16.8,16.0,11.0,8.0,6.066666666666666,3.4333333333333336,2.825,2.4400000000000004,2.216666666666667,1.425,2018-03-08,24,34.2
19.2,14.0,10.6,8.5,5.8,2.9,2.175,1.7399999999999998,1.45,0.725,2018-03-15,24,17.4
11.2,8.4,5.2,3.1,3.1333333333333333,2.4,2.3,2.2600000000000002,1.9166666666666667,0.9833333333333334,2018-03-22,24,23.6
26.4,24.0,19.0,12.9,9.133333333333335,5.3999999999999995,4.05,3.2399999999999998,2.6999999999999997,1.3833333333333335,2018-04-03,24,33.2
21.6,20.0,10.4,5.5,3.733333333333333,1.8666666666666665,1.4,1.1199999999999999,0.9333333333333332,0.4666666666666666,2018-05-19,24,11.2
8.0,6.0,5.6,3.9,2.733333333333333,1.8,1.5,1.2200000000000002,1.0166666666666668,0.5083333333333334,2018-06-15,24,12.2
10.4,7.6,7.2,6.1,5.266666666666667,2.6999999999999997,2.025,1.6199999999999999,1.3499999999999999,0.6749999999999999,2018-06-18,24,16.2
7.2,5.2,3.0,2.6,2.266666666666667,1.6666666666666667,1.2750000000000001,1.04,0.8666666666666667,0.43333333333333335,2018-07-10,24,10.4
4.0,2.8,2.0,1.5999999999999999,1.3333333333333333,1.2666666666666666,1.1,0.8800000000000001,0.8500000000000001,0.43333333333333335,2018-08-01,24,10.4
24.0,16.8,9.0,4.6,5.333333333333333,2.9333333333333336,2.65,2.12,1.7666666666666666,0.8833333333333333,2018-08-06,24,21.2
8.0,7.6,7.2,5.6,4.133333333333334,2.3666666666666667,1.775,1.42,1.1833333333333333,0.5916666666666667,2018-09-14,24,14.200000000000001
14.4,10.799999999999999,8.4,5.699999999999999,4.0,2.1666666666666665,1.775,1.44,1.2,0.6,2018-09-29,24,14.400000000000002
12.0,11.2,7.4,5.2,3.6,1.8,1.35,1.08,0.9,0.45,2018-10-06,24,10.8
11.2,9.2,8.0,6.4,5.333333333333333,3.1,2.375,2.18,1.8166666666666667,0.9083333333333333,2018-10-12,24,21.8
12.0,8.4,5.0,4.6000000000000005,3.6666666666666665,1.866666666666667,1.4000000000000001,1.12,0.9333333333333335,0.46666666666666673,2018-10-13,24,11.2
7.2,5.199999999999999,3.8000000000000003,2.4000000000000004,2.2,1.366666666666667,1.125,0.9400000000000001,0.7833333333333333,0.4583333333333333,2018-10-25,24,11.0
8.8,8.8,7.6000000000000005,5.5,4.133333333333334,2.066666666666667,1.55,1.24,1.0333333333333334,0.5583333333333333,2018-11-04,24,13.4
25.6,20.4,16.6,10.7,7.3999999999999995,3.6999999999999997,2.775,2.2199999999999998,1.8499999999999999,0.9249999999999999,2018-11-07,24,22.200000000000003
12.0,11.200000000000001,9.0,6.1000000000000005,5.3999999999999995,4.433333333333333,3.775,3.2399999999999998,2.716666666666667,1.7916666666666667,2018-11-08,24,43.0
6.4,5.6,4.4,3.6,3.533333333333333,3.3333333333333335,2.7500000000000004,2.32,2.1166666666666667,1.25,2018-11-19,24,30.0
9.6,8.8,6.4,3.5,2.6666666666666665,1.9000000000000001,1.475,1.2,1.0,0.7916666666666666,2018-11-20,24,19.000000000000004
46.4,33.2,25.0,12.9,8.6,4.3999999999999995,3.325,2.66,2.216666666666667,1.2166666666666666,2018-12-07,24,29.200000000000003
52.0,36.4,23.4,11.7,7.8,3.9,2.925,2.34,1.95,0.975,2018-12-31,24,23.4
27.2,22.0,17.2,9.6,6.3999999999999995,3.1999999999999997,2.4,1.92,1.5999999999999999,0.7999999999999999,2019-01-01,24,19.2
34.4,30.0,22.0,12.5,8.6,4.3,3.225,2.58,2.15,1.0916666666666666,2019-01-05,24,26.2
69.6,47.199999999999996,24.999999999999996,12.499999999999998,8.333333333333332,4.166666666666666,3.1249999999999996,2.4999999999999996,2.083333333333333,1.0416666666666665,2019-01-16,24,24.999999999999996
15.2,11.2,9.4,5.7,5.2,3.6333333333333333,2.8,2.2399999999999998,1.8666666666666665,0.9333333333333332,2019-01-25,24,22.4
40.0,38.4,25.6,15.6,13.133333333333333,9.666666666666666,7.25,5.84,4.866666666666666,2.4916666666666667,2019-02-04,24,59.8
10.4,10.0,8.4,4.9,3.533333333333333,2.033333333333333,1.95,1.56,1.3666666666666665,0.7000000000000001,2019-02-05,24,16.799999999999997
31.2,22.8,14.2,7.7,5.333333333333333,2.6666666666666665,2.0,1.6,1.3333333333333333,0.6666666666666666,2019-02-06,24,16.0
44.0,34.8,23.400000000000002,16.2,11.466666666666669,6.900000000000001,5.325,4.279999999999999,3.5666666666666664,1.8,2019-02-13,24,43.199999999999996
66.4,50.400000000000006,28.400000000000002,14.3,9.533333333333333,4.966666666666667,3.75,3.0,2.5,1.25,2019-02-17,24,30.000000000000004
23.2,16.8,10.4,6.5,4.466666666666667,2.2333333333333334,1.675,1.34,1.1166666666666667,0.5666666666666667,2019-02-19,24,13.600000000000001
48.8,38.8,22.8,11.7,7.933333333333334,4.0,3.0,2.4,2.0,1.0,2019-02-25,24,24.0
16.8,10.4,6.0,3.6,2.8000000000000003,1.4333333333333333,1.1,0.8800000000000001,0.7333333333333334,0.5916666666666667,2019-02-28,24,14.200000000000001
66.4,63.2,47.2,24.6,18.866666666666667,10.566666666666668,7.925000000000001,6.340000000000001,5.283333333333334,2.65,2019-03-01,24,63.60000000000001
6.4,5.2,4.2,3.9,3.1333333333333333,1.6333333333333335,1.225,1.08,1.0166666666666666,0.5750000000000001,2019-03-02,24,13.8
25.6,17.6,11.600000000000001,6.800000000000001,4.6000000000000005,2.4333333333333336,1.8250000000000002,1.5,1.25,0.625,2019-03-11,24,15.000000000000002
127.2,93.2,58.0,30.4,20.266666666666666,10.133333333333333,7.6,6.26,5.216666666666667,2.6083333333333334,2019-03-16,24,62.6
24.0,22.0,11.0,6.0,4.0,2.0,1.5,1.2,1.0,0.5,2019-03-19,24,12.0
16.8,12.8,6.6000000000000005,3.3000000000000003,2.2,1.4000000000000001,1.05,0.8400000000000001,1.1833333333333333,0.65,2019-03-20,24,15.600000000000001
20.0,15.2,10.6,7.0,4.933333333333334,4.3999999999999995,3.325,2.66,2.216666666666667,1.4083333333333332,2019-03-21,24,33.8
20.0,13.6,8.2,4.3,2.8666666666666667,1.5666666666666667,1.325,1.06,0.8833333333333333,0.44166666666666665,2019-03-29,24,10.6
40.8,30.0,15.8,8.0,6.133333333333333,5.033333333333333,3.775,3.02,2.5166666666666666,1.2583333333333333,2019-04-08,24,30.2
42.4,37.599999999999994,28.599999999999998,20.1,15.4,9.4,7.75,6.58,5.783333333333334,3.2083333333333335,2019-04-09,24,77.0
16.0,8.4,4.8,3.2,2.2,1.5333333333333332,1.175,0.9400000000000001,0.9833333333333333,0.7416666666666667,2019-04-10,24,17.8
35.2,22.8,14.0,8.200000000000001,5.733333333333334,3.1,2.375,1.9,1.5833333333333333,0.7916666666666666,2019-04-14,24,19.0
18.4,11.6,6.3999999999999995,4.4,3.866666666666667,2.4,1.8,1.44,1.2,0.6,2019-04-28,24,14.4
39.2,36.8,27.8,14.500000000000002,9.733333333333334,4.866666666666667,3.6500000000000004,2.9200000000000004,2.4333333333333336,1.5333333333333334,2019-05-07,24,36.8
111.2,66.4,33.2,16.6,11.066666666666668,5.533333333333334,4.15,3.3200000000000003,2.766666666666667,1.3833333333333335,2019-05-14,24,33.2
4.8,4.4,2.6,1.9,1.6666666666666667,1.4000000000000001,1.1,0.9,0.7833333333333333,0.42500000000000004,2019-05-17,24,10.2
31.2,26.4,14.4,7.5,5.0,2.5,1.875,1.5,1.25,0.625,2019-06-01,24,15.0
8.0,6.000000000000001,4.8,4.1000000000000005,3.2000000000000006,2.0,1.55,1.28,1.0999999999999999,0.6416666666666667,2019-08-04,24,15.4
11.2,7.6,4.0,2.2,2.4,1.7,1.275,1.02,0.85,0.425,2019-09-01,24,10.200000000000001
32.8,23.2,12.6,6.3999999999999995,4.266666666666667,2.1333333333333333,1.5999999999999999,1.2799999999999998,1.0666666666666667,0.5333333333333333,2019-09-03,24,12.8
10.4,8.400000000000002,6.3999999999999995,3.8,2.8000000000000003,2.066666666666667,1.675,1.3800000000000001,1.5166666666666668,0.9166666666666666,2019-09-26,24,22.000000000000004
14.4,10.8,8.2,5.2,3.866666666666667,2.2333333333333334,1.675,1.34,1.1166666666666667,0.625,2019-10-08,24,15.000000000000002
12.8,11.200000000000001,8.8,6.7,5.266666666666667,5.133333333333333,3.95,3.2800000000000002,2.733333333333334,1.4000000000000001,2019-10-09,24,33.599999999999994
38.4,32.0,20.8,10.7,7.133333333333333,3.5999999999999996,2.825,2.32,2.1166666666666667,1.0583333333333333,2019-11-11,24,25.400000000000002
4.8,4.0,4.0,3.2,2.733333333333333,1.7666666666666666,1.325,1.06,0.8833333333333333,0.44166666666666665,2019-11-14,24,10.600000000000001
6.4,5.199999999999999,3.8,3.4000000000000004,2.6666666666666665,1.5333333333333334,1.325,1.06,0.8833333333333333,0.44166666666666665,2019-11-19,24,10.6
15.2,13.599999999999998,10.6,6.0,4.066666666666666,2.1999999999999997,1.65,1.3199999999999998,1.0999999999999999,0.5499999999999999,2019-11-23,24,13.200000000000001
4.8,4.8,3.3999999999999995,2.6,2.3333333333333335,2.0,1.9,1.64,1.3666666666666665,0.6833333333333332,2019-11-28,24,16.4
30.4,24.799999999999997,20.799999999999997,11.299999999999999,7.533333333333332,3.766666666666666,2.8249999999999997,2.26,1.883333333333333,0.9416666666666665,2019-12-05,24,22.599999999999998
44.0,33.599999999999994,22.4,15.700000000000001,12.066666666666668,6.2,4.6499999999999995,3.7399999999999998,3.1166666666666667,1.5583333333333333,2019-12-10,24,37.4
24.0,24.0,12.2,6.2,4.266666666666667,2.3000000000000003,1.75,1.4,1.1666666666666667,0.5916666666666667,2019-12-12,24,14.2
17.6,14.4,8.4,6.4,4.533333333333334,2.8333333333333335,2.125,1.7,1.4166666666666667,0.7083333333333334,2019-12-22,24,17.0
24.0,16.8,9.2,5.0,3.466666666666667,3.1999999999999997,2.7249999999999996,2.42,2.0166666666666666,1.0583333333333333,2019-12-23,24,25.4
32.0,30.8,20.8,10.6,7.066666666666666,3.566666666666667,2.6750000000000003,2.14,1.7833333333333334,0.8916666666666667,2020-01-06,24,21.400000000000002
7.2,5.2,3.6,2.0,1.5333333333333332,1.1333333333333335,0.8500000000000001,0.68,0.5666666666666668,0.4916666666666667,2020-01-24,24,11.8
24.8,18.4,16.4,8.3,5.533333333333334,2.766666666666667,2.075,1.6600000000000001,1.3833333333333335,0.6916666666666668,2020-01-29,24,16.6
74.4,62.0,47.800000000000004,24.1,17.400000000000002,16.0,12.025,9.620000000000001,8.016666666666667,4.008333333333334,2020-02-02,24,96.2
60.8,57.599999999999994,32.199999999999996,17.299999999999997,12.733333333333333,8.333333333333332,6.2749999999999995,5.02,4.183333333333333,2.8083333333333336,2020-02-03,24,67.4
23.2,20.0,14.8,8.2,8.0,5.333333333333333,4.225,3.4799999999999995,2.9,1.45,2020-02-10,24,34.8
12.8,11.600000000000001,9.0,5.000000000000001,3.9333333333333336,2.3333333333333335,2.125,2.0,1.7666666666666666,1.1333333333333333,2020-02-11,24,27.200000000000003
7.2,6.0,5.2,3.4,2.6666666666666665,1.7666666666666666,1.475,1.1800000000000002,1.0,0.6,2020-02-12,24,14.4
39.2,27.6,18.6,11.4,7.6000000000000005,3.8666666666666667,2.925,2.34,1.95,0.975,2020-02-21,24,23.4
54.4,48.4,30.0,16.2,11.666666666666666,6.033333333333332,4.5249999999999995,3.6199999999999997,3.016666666666666,1.508333333333333,2020-02-29,24,36.2
54.4,52.4,46.4,36.4,28.066666666666666,16.233333333333334,12.35,10.559999999999999,9.983333333333333,5.625,2020-03-01,24,135.0
3.2,2.8000000000000003,2.2,2.0,1.9333333333333336,1.5666666666666667,1.225,1.1800000000000002,1.0833333333333333,0.6083333333333334,2020-03-02,24,14.600000000000001
14.4,13.600000000000001,12.8,7.7,7.0,3.533333333333333,2.65,2.12,1.7666666666666666,0.8833333333333333,2020-03-20,24,21.2
20.8,15.200000000000001,9.600000000000001,6.199999999999999,5.466666666666666,3.6,2.9,2.38,2.2333333333333334,1.1916666666666667,2020-03-21,24,28.6
28.8,18.4,10.0,5.2,3.6,2.3000000000000003,1.725,1.3800000000000001,1.1500000000000001,0.5750000000000001,2020-05-02,24,13.8
37.6,27.6,15.4,7.800000000000001,5.266666666666667,2.733333333333333,2.075,1.6800000000000002,1.4000000000000001,0.7833333333333333,2020-05-07,24,18.8
16.8,13.999999999999998,9.8,8.2,5.866666666666667,3.033333333333333,2.275,1.8199999999999998,1.5166666666666666,0.7583333333333333,2020-05-14,24,18.2
4.8,2.8,2.2,1.4,1.2666666666666666,1.0,0.8250000000000001,0.74,0.7333333333333334,0.45,2020-05-15,24,10.8
6.4,6.0,4.8,3.7,2.866666666666667,2.3000000000000003,1.75,1.4,1.1666666666666667,0.5833333333333334,2020-05-24,24,14.0
8.0,6.0,5.199999999999999,3.3,3.266666666666667,2.6666666666666665,2.075,1.8599999999999999,1.5833333333333333,0.85,2020-07-30,24,20.4
15.2,14.8,13.200000000000001,10.3,8.533333333333333,5.166666666666667,4.05,3.2600000000000002,2.716666666666667,1.45,2020-08-21,24,34.8
11.2,8.799999999999999,7.2,4.2,3.6,3.4333333333333336,2.6750000000000003,2.2,1.8499999999999999,1.05,2020-08-22,24,25.200000000000003
13.6,9.600000000000001,7.3999999999999995,5.2,4.533333333333333,2.766666666666667,2.5,2.02,1.6833333333333333,0.8833333333333333,2020-09-21,24,21.200000000000003
14.4,10.0,8.0,6.5,6.800000000000001,4.766666666666667,3.8000000000000003,3.7600000000000002,3.9333333333333336,2.591666666666667,2020-09-22,24,62.2
26.4,20.8,15.2,11.899999999999999,8.266666666666667,4.766666666666667,3.675,3.04,2.6333333333333333,1.3916666666666666,2020-10-30,24,33.400000000000006
18.4,14.0,9.4,5.6,3.8666666666666667,2.066666666666667,1.55,1.24,1.0333333333333334,0.5166666666666667,2020-11-03,24,12.399999999999999
27.2,20.0,15.6,13.399999999999999,10.666666666666666,5.533333333333334,4.15,3.3600000000000003,2.8000000000000003,1.7583333333333335,2020-11-18,24,42.2
7.2,7.2,5.6000000000000005,2.9000000000000004,2.066666666666667,1.4666666666666668,1.175,1.18,1.1,0.625,2020-11-20,24,15.0
11.2,10.8,8.0,4.9,3.466666666666667,1.8333333333333333,1.375,1.1,0.9166666666666666,0.4583333333333333,2020-12-01,24,11.0
16.8,14.800000000000002,12.200000000000001,8.1,5.666666666666667,3.366666666666667,2.5500000000000003,2.04,1.7166666666666668,1.5833333333333333,2020-12-07,24,38.0
22.4,19.6,12.599999999999998,7.9,6.066666666666666,3.1,2.325,1.86,1.55,0.775,2020-12-08,24,18.6
6.4,5.2,4.4,3.6,3.733333333333333,2.2,1.675,1.34,1.1333333333333333,0.5666666666666667,2020-12-22,24,13.600000000000001
51.2,46.400000000000006,31.800000000000004,19.000000000000004,14.0,10.366666666666667,8.125,6.5200000000000005,5.433333333333334,2.716666666666667,2020-12-25,24,65.19999999999999
4.0,2.8,2.2,1.4,1.1333333333333335,0.6666666666666666,0.775,0.6799999999999999,0.5666666666666668,0.45,2020-12-27,24,10.8
41.6,23.2,12.200000000000001,6.3,4.2,2.1,1.575,1.26,1.05,0.525,2020-12-31,24,12.6
16.8,12.8,8.8,6.2,4.466666666666667,2.766666666666667,2.2,1.78,1.5,0.7583333333333333,2021-01-02,24,18.200000000000003
9.6,8.8,7.3999999999999995,5.3,3.6,1.866666666666667,1.425,1.1400000000000001,0.9500000000000001,0.47500000000000003,2021-01-03,24,11.4
45.6,32.8,27.2,14.6,9.799999999999999,4.8999999999999995,3.675,3.2,2.6666666666666665,1.3333333333333333,2021-01-09,24,32.0
74.4,42.400000000000006,27.0,16.000000000000004,10.866666666666667,6.633333333333334,5.300000000000001,4.28,3.566666666666667,2.1583333333333337,2021-02-05,24,51.800000000000004
52.0,28.8,15.4,9.2,6.333333333333333,3.266666666666667,2.4499999999999997,2.1,1.8333333333333333,1.0083333333333333,2021-02-06,24,24.199999999999996
19.2,18.0,17.0,12.6,9.533333333333333,5.3,3.975,3.18,2.65,1.3416666666666668,2021-02-13,24,32.2
11.2,10.8,7.6,3.8,2.533333333333333,1.3,0.975,0.78,0.65,0.5833333333333334,2021-02-20,24,14.0
32.0,21.6,11.0,5.7,3.8000000000000003,1.9000000000000001,1.425,1.1400000000000001,0.9500000000000001,0.47500000000000003,2021-02-22,24,11.4
63.2,44.400000000000006,24.0,12.1,8.266666666666667,4.166666666666667,3.3,2.6399999999999997,2.1999999999999997,1.0999999999999999,2021-02-26,24,26.400000000000002
49.6,28.0,14.0,7.5,5.6000000000000005,2.8333333333333335,2.125,1.7,1.4333333333333336,0.7666666666666667,2021-02-27,24,18.4
97.6,64.0,37.8,20.8,14.733333333333333,7.366666666666666,5.5249999999999995,4.42,3.683333333333333,1.8416666666666666,2021-03-06,24,44.199999999999996
55.2,53.2,39.400000000000006,21.7,14.466666666666667,7.233333333333333,5.425,4.34,3.6166666666666667,1.8083333333333333,2021-03-16,24,43.400000000000006
26.4,14.399999999999999,7.3999999999999995,7.2,4.8,2.4,1.8,1.44,1.2,0.7833333333333333,2021-03-30,24,18.8
14.4,10.4,7.0,4.7,3.6666666666666665,1.866666666666667,1.4000000000000001,1.12,0.9333333333333335,0.46666666666666673,2021-04-06,24,11.2
23.2,16.8,8.4,4.2,4.133333333333334,2.766666666666667,2.8,2.3400000000000003,2.0166666666666666,1.0833333333333333,2021-04-13,24,26.0
18.4,11.6,6.3999999999999995,3.3,2.1999999999999997,1.2333333333333334,1.25,1.0799999999999998,0.8999999999999999,0.4583333333333333,2021-04-21,24,11.0
19.2,13.6,8.4,4.5,3.1333333333333333,2.2666666666666666,1.8,1.44,1.2,0.6,2021-04-29,24,14.4
15.2,11.2,6.3999999999999995,3.4,2.3333333333333335,1.2,0.9,0.76,0.6333333333333334,0.44166666666666665,2021-05-07,24,10.6
38.4,25.6,20.199999999999996,14.7,10.799999999999999,5.6000000000000005,4.2,3.3600000000000003,2.8000000000000003,1.4000000000000001,2021-05-30,24,33.599999999999994
45.6,32.8,16.6,8.8,5.933333333333334,2.966666666666667,2.65,2.2600000000000002,1.8833333333333335,0.9500000000000001,2021-05-31,24,22.8
8.8,6.4,4.6,3.1,2.2,1.3333333333333333,1.125,0.9800000000000001,0.8166666666666668,0.42500000000000004,2021-07-28,24,10.200000000000001
29.6,28.8,16.8,8.8,5.866666666666667,3.466666666666667,2.9250000000000003,2.3400000000000003,1.9500000000000002,0.9750000000000001,2021-10-03,24,23.400000000000002
5.6,4.4,3.0,2.4000000000000004,2.533333333333333,1.9000000000000001,1.675,1.5,1.4500000000000002,0.9500000000000001,2021-10-11,24,22.8
12.8,10.4,7.4,5.000000000000001,3.533333333333333,1.7666666666666666,1.325,1.06,0.8833333333333333,0.44166666666666665,2021-10-16,24,10.6
3.2,2.4000000000000004,1.8000000000000003,1.4,1.2666666666666668,0.9333333333333332,0.875,0.8200000000000001,0.7999999999999999,0.45,2021-10-19,24,10.799999999999999
7.2,7.2,6.0,4.800000000000001,4.2,3.5666666666666664,3.15,2.66,2.216666666666667,1.1083333333333334,2021-10-20,24,26.6
12.0,10.4,8.8,6.7,5.933333333333333,4.633333333333334,4.0,3.34,2.85,1.4833333333333334,2021-11-01,24,35.6
5.6,4.4,3.2,2.1,1.7333333333333334,1.3666666666666665,1.15,1.04,0.8666666666666667,0.43333333333333335,2021-11-11,24,10.399999999999999
21.6,19.200000000000003,17.2,12.5,9.733333333333333,5.766666666666667,4.8,3.9,3.25,1.8,2021-12-07,24,43.2
79.2,50.8,27.400000000000002,13.8,9.200000000000001,4.6000000000000005,3.45,2.9400000000000004,2.4833333333333334,1.2416666666666667,2021-12-12,24,29.800000000000004
92.0,78.0,55.8,32.1,22.333333333333332,11.533333333333333,8.725,6.9799999999999995,5.816666666666666,2.9166666666666665,2021-12-16,24,70.0
81.6,42.8,22.599999999999998,12.499999999999998,8.399999999999999,5.933333333333333,4.8,3.84,3.1999999999999997,1.6749999999999998,2021-12-17,24,40.2
32.0,30.8,18.799999999999997,10.0,7.933333333333333,5.233333333333333,3.95,3.2600000000000002,2.716666666666667,1.3583333333333334,2021-12-23,24,32.6
80.0,62.4,37.6,23.0,15.799999999999999,8.166666666666666,6.2749999999999995,5.14,4.283333333333333,2.1416666666666666,2021-12-30,24,51.4
9.6,8.4,5.6,5.3,4.133333333333333,2.233333333333333,1.7,1.42,1.2333333333333332,0.6583333333333333,2021-12-31,24,15.8
23.2,16.0,11.4,6.6000000000000005,5.266666666666667,2.9,2.525,2.2800000000000002,1.9333333333333336,1.225,2022-01-07,24,29.4
32.8,18.799999999999997,10.799999999999999,5.5,3.7999999999999994,2.966666666666667,2.725,2.3200000000000003,2.2500000000000004,1.3666666666666665,2022-01-08,24,32.8
52.8,30.799999999999997,19.2,9.7,6.533333333333332,3.3666666666666667,2.525,2.02,1.6833333333333336,1.0,2022-01-11,24,24.0
41.6,29.200000000000003,15.0,7.5,5.0,2.5333333333333337,1.9000000000000001,1.52,1.2666666666666668,0.6333333333333334,2022-01-29,24,15.2
7.2,6.800000000000001,5.6,3.6,2.466666666666667,1.4333333333333333,1.075,0.86,0.7166666666666667,0.5166666666666667,2022-01-30,24,12.4
6.4,5.199999999999999,4.8,3.7,3.533333333333333,2.1333333333333333,1.6,1.28,1.0666666666666667,0.5333333333333333,2022-02-01,24,12.799999999999999
32.0,24.800000000000004,18.200000000000003,10.0,7.0,3.6,2.7,2.16,1.8,0.9,2022-02-03,24,21.599999999999998
15.2,12.0,8.8,6.5,5.8,4.866666666666666,3.7,2.96,2.466666666666667,1.2333333333333334,2022-02-07,24,29.599999999999998
56.8,41.2,26.4,14.4,9.666666666666666,4.866666666666666,3.65,2.92,2.433333333333333,1.2166666666666666,2022-02-21,24,29.200000000000003
85.6,75.6,50.0,42.9,30.333333333333332,17.366666666666667,15.274999999999999,12.219999999999999,10.183333333333332,5.091666666666666,2022-03-20,24,122.19999999999999
16.8,14.0,9.2,4.9,3.266666666666667,1.9000000000000001,1.425,1.1400000000000001,0.9500000000000001,0.47500000000000003,2022-03-21,24,11.399999999999999
32.0,30.8,23.200000000000003,18.8,15.333333333333334,10.566666666666666,7.925,6.34,5.283333333333333,2.6916666666666664,2022-04-01,24,64.60000000000001
24.0,16.8,10.4,6.8,4.6000000000000005,2.4,1.925,1.6199999999999999,1.4333333333333333,0.7333333333333334,2022-04-02,24,17.6
12.0,10.4,6.4,4.9,3.533333333333333,1.7666666666666666,1.325,1.06,0.8833333333333333,0.44166666666666665,2022-04-09,24,10.6
21.6,19.200000000000003,14.4,8.1,6.733333333333333,3.8000000000000003,2.85,2.2800000000000002,1.9000000000000001,1.6833333333333333,2022-04-14,24,40.4
39.2,21.200000000000003,10.8,5.4,3.6666666666666665,1.8333333333333333,1.375,1.1,0.9166666666666666,0.4583333333333333,2022-04-29,24,11.0
56.8,48.4,40.8,35.9,27.866666666666664,19.833333333333332,17.2,14.460000000000003,12.449999999999998,7.133333333333333,2022-04-30,24,171.2
36.8,22.4,15.6,10.8,7.2,3.733333333333333,2.8,2.2399999999999998,1.8666666666666665,0.9333333333333332,2022-05-12,24,22.4
8.0,7.200000000000001,5.2,3.7,3.266666666666667,1.9000000000000001,1.75,1.5,1.25,0.625,2022-06-19,24,15.0
12.8,12.0,7.0,4.2,3.4,1.7,1.6,1.28,1.0666666666666667,0.5333333333333333,2022-07-29,24,12.799999999999999
5.6,4.0,2.2,1.5,1.0,0.9333333333333332,0.7,0.6199999999999999,0.7166666666666667,0.4166666666666667,2022-08-11,24,10.0
12.0,10.4,7.3999999999999995,6.7,5.3999999999999995,3.5000000000000004,3.125,2.68,2.4833333333333334,1.4833333333333334,2022-09-16,24,35.6
6.4,5.999999999999999,5.0,3.8,3.466666666666667,2.6666666666666665,2.2500000000000004,1.8800000000000001,1.616666666666667,0.9166666666666666,2022-09-28,24,22.0
17.6,12.0,9.8,7.4,5.2,2.6,1.95,1.56,1.3,0.8333333333333334,2022-10-28,24,20.0
40.8,25.2,13.2,6.8,4.533333333333333,2.2666666666666666,1.7,1.3599999999999999,1.1333333333333333,0.5666666666666667,2022-10-31,24,13.6
56.8,41.599999999999994,30.0,19.7,13.733333333333334,7.0,5.25,4.2,3.5,1.75,2022-11-11,24,42.0
17.6,13.600000000000001,13.200000000000001,7.500000000000001,5.466666666666668,3.2000000000000006,2.4000000000000004,1.9200000000000004,1.6000000000000003,0.8000000000000002,2022-11-24,24,19.200000000000003
7.2,6.800000000000001,6.0,5.699999999999999,4.866666666666667,3.3333333333333335,2.975,2.56,2.216666666666667,1.1166666666666667,2022-12-20,24,26.8
15.2,12.8,9.0,6.8,6.199999999999999,4.533333333333333,3.6,3.18,2.966666666666667,1.625,2022-12-21,24,39.0
6.4,4.4,3.6,3.2,2.6666666666666665,2.0333333333333337,1.6,1.3199999999999998,1.1333333333333335,0.5750000000000001,2022-12-30,24,13.8
41.6,30.8,15.4,7.8,5.2,2.6,1.95,1.56,1.3,0.65,2023-01-02,24,15.6
12.0,11.200000000000001,9.600000000000001,8.3,6.133333333333334,3.3666666666666667,2.575,2.2600000000000002,2.066666666666667,1.0583333333333333,2023-01-05,24,25.4
4.8,3.6000000000000005,3.4,2.5999999999999996,2.1999999999999997,1.8666666666666665,1.9000000000000001,1.78,1.6833333333333333,,2023-01-06,24,29.4
10.4,8.8,6.199999999999999,3.4,2.2666666666666666,2.0333333333333337,1.8250000000000002,1.6199999999999999,1.7333333333333334,,2023-01-07,24,23.6
7.2,6.800000000000001,6.199999999999999,4.300000000000001,3.0,1.8,1.575,1.2600000000000002,1.05,0.6666666666666666,2023-01-09,24,16.0
36.8,22.799999999999997,14.0,7.3999999999999995,5.0,2.533333333333333,1.9,1.52,1.2666666666666666,,2023-01-11,24,15.2
37.6,32.0,16.2,8.2,5.6000000000000005,2.8000000000000003,2.1,1.6800000000000002,1.4000000000000001,,2023-01-23,24,16.799999999999997
25.6,24.4,17.0,10.2,7.933333333333334,4.033333333333333,3.05,2.44,2.033333333333333,1.0166666666666666,2023-01-28,24,24.400000000000002
20.0,16.8,12.8,7.7,6.266666666666666,3.3666666666666667,2.525,2.02,1.6833333333333333,0.8416666666666667,2023-01-29,24,20.2
101.6,62.8,31.799999999999997,17.2,14.200000000000001,12.299999999999999,9.775,7.92,6.6000000000000005,3.3000000000000003,2023-02-07,24,79.19999999999999
30.4,28.799999999999997,17.599999999999998,10.0,7.199999999999999,3.8000000000000003,2.85,2.2800000000000002,1.9000000000000001,0.9500000000000001,2023-02-10,24,22.799999999999997
5.6,5.199999999999999,4.2,3.1999999999999997,3.0,1.9666666666666668,1.5,1.2,1.0,0.5,2023-02-11,24,12.0
53.6,29.2,14.8,8.8,6.3999999999999995,3.1999999999999997,2.4,1.92,1.5999999999999999,0.7999999999999999,2023-02-15,24,19.2
24.0,21.2,16.8,8.6,5.8,2.966666666666667,2.225,1.78,1.4833333333333334,0.7416666666666667,2023-02-17,24,17.800000000000004
128.8,84.0,49.2,24.6,16.400000000000002,8.200000000000001,6.15,4.92,4.1000000000000005,2.0500000000000003,2023-03-07,24,49.2
90.4,76.0,49.8,26.400000000000002,19.133333333333333,10.633333333333333,7.975,6.38,5.316666666666666,,2023-03-11,24,63.80000000000001
113.6,111.19999999999999,67.0,35.699999999999996,24.2,12.266666666666666,9.2,7.359999999999999,6.133333333333333,3.0666666666666664,2023-03-30,24,73.6
28.0,28.0,17.6,8.8,5.866666666666667,2.9333333333333336,2.2,1.7600000000000002,1.4666666666666668,0.7333333333333334,2023-04-02,24,17.599999999999998
20.8,14.0,8.8,4.800000000000001,3.3333333333333335,1.9000000000000001,1.4500000000000002,1.1600000000000001,0.9666666666666668,0.65,2023-04-08,24,15.600000000000001
34.4,28.0,21.0,12.0,9.666666666666666,5.433333333333334,4.1,3.56,2.983333333333333,1.5416666666666667,2023-04-09,24,37.0
8.8,7.6000000000000005,6.6000000000000005,4.800000000000001,4.2,2.266666666666667,1.7000000000000002,1.36,1.1333333333333335,0.5666666666666668,2023-04-19,24,13.600000000000001
12.0,12.0,10.6,5.4,3.6666666666666665,1.8333333333333333,1.4,1.1199999999999999,0.9333333333333332,0.4666666666666666,2023-04-28,24,11.200000000000001
16.0,13.6,10.2,6.199999999999999,4.266666666666667,2.4,2.325,2.0,1.7166666666666668,,2023-05-10,24,21.0
15.2,14.399999999999999,11.600000000000001,6.8,4.8,2.9,2.175,1.92,1.6500000000000001,0.8416666666666667,2023-05-29,24,20.200000000000003
30.4,26.4,14.399999999999999,7.199999999999999,4.8,2.4,1.7999999999999998,1.44,1.2,0.6,2023-06-14,24,14.399999999999999
14.4,12.4,11.200000000000001,7.5,5.733333333333333,3.0,2.3,1.8399999999999999,1.5333333333333332,,2023-07-19,24,18.400000000000002
6.4,5.6,4.8,4.4,4.0,2.9333333333333336,2.35,1.92,1.6500000000000001,1.05,2023-08-27,24,25.199999999999996
39.2,23.6,11.8,5.9,4.0,2.2333333333333334,1.7,1.3599999999999999,1.1333333333333333,,2023-09-05,24,13.600000000000001
18.4,14.0,12.200000000000001,6.8,4.6,2.4,1.8,1.44,1.2,0.6,2023-09-14,24,14.399999999999999
12.8,10.8,8.6,6.8,5.066666666666667,3.6666666666666665,2.85,2.2800000000000002,2.2833333333333337,,2023-10-01,24,28.0
17.6,15.200000000000001,9.0,4.9,4.0,2.0333333333333337,1.5250000000000001,1.2200000000000002,1.0166666666666668,,2023-10-02,24,12.399999999999999
46.4,26.0,13.0,6.6,7.333333333333333,3.9333333333333336,2.95,2.3600000000000003,1.9666666666666668,0.9916666666666667,2023-10-05,24,23.8
8.8,8.0,7.0,5.5,4.533333333333333,2.3000000000000003,1.725,1.3800000000000001,1.1500000000000001,,2023-10-17,24,13.8
60.8,34.8,20.2,10.2,6.8,3.4,2.55,2.04,1.7,,2023-10-26,24,20.4
44.0,42.4,23.8,12.200000000000001,8.266666666666667,6.666666666666667,5.05,4.04,3.3666666666666667,1.6833333333333333,2023-10-29,24,40.4
53.6,47.6,31.200000000000003,16.6,11.066666666666668,5.533333333333334,4.15,3.3200000000000003,2.766666666666667,1.3833333333333335,2023-11-14,24,33.2
16.0,16.0,10.4,5.3,3.533333333333333,1.7666666666666666,1.325,1.06,0.8833333333333333,,2023-11-15,24,10.600000000000001
60.0,38.8,21.599999999999998,11.8,8.0,4.0,3.0,2.7199999999999998,2.4,1.2333333333333334,2023-11-19,24,29.599999999999998
69.6,41.199999999999996,22.2,13.2,10.2,5.333333333333333,4.0,3.2,2.6666666666666665,,2023-11-23,24,32.0
27.2,14.799999999999999,7.8,3.9999999999999996,2.6666666666666665,1.5,1.125,0.9,0.7999999999999999,0.6,2023-12-11,24,14.4
41.6,37.2,21.2,10.7,7.133333333333333,3.5666666666666664,2.675,2.1399999999999997,1.7833333333333332,0.8916666666666666,2023-12-25,24,21.4
78.4,77.2,61.0,37.5,26.8,13.799999999999999,10.35,8.28,6.8999999999999995,,2024-01-03,24,83.8
3.2,2.4000000000000004,2.2,1.6,1.6000000000000003,1.3,1.225,1.1,0.9166666666666666,,2024-01-04,24,11.0
90.4,81.6,58.2,29.5,20.133333333333333,10.133333333333335,7.6000000000000005,6.08,5.066666666666667,,2024-01-11,24,60.8
82.4,76.4,72.6,59.1,44.599999999999994,31.299999999999997,25.7,20.96,17.466666666666665,8.733333333333333,2024-01-13,24,209.6
50.4,41.2,32.0,23.6,17.599999999999998,9.033333333333333,6.8,5.6,4.733333333333333,2.3666666666666667,2024-01-14,24,56.8
62.4,48.8,42.6,28.3,21.133333333333333,10.833333333333334,8.125,6.5,5.416666666666667,2.775,2024-01-21,24,66.60000000000001
12.8,11.2,6.6,3.5,2.4000000000000004,1.3,0.975,0.78,0.6666666666666666,0.6333333333333333,2024-01-22,24,15.200000000000001
18.4,17.2,13.6,8.9,6.6000000000000005,5.2,4.275,3.84,3.4166666666666665,1.8416666666666668,2024-01-23,24,44.2
10.4,8.8,5.3999999999999995,4.3,4.066666666666666,3.033333333333333,2.275,1.8199999999999998,1.5166666666666666,0.7583333333333333,2024-01-28,24,18.200000000000003
50.4,31.2,21.200000000000003,11.4,7.733333333333333,3.9000000000000004,2.9250000000000003,2.3400000000000003,1.9500000000000002,0.9750000000000001,2024-01-31,24,23.4
28.0,25.6,16.0,9.9,8.866666666666667,4.766666666666667,3.575,2.8600000000000003,2.3833333333333333,,2024-02-04,24,28.6
56.0,52.0,45.800000000000004,34.5,25.533333333333335,13.100000000000001,9.825,7.92,7.2,6.841666666666668,2024-02-15,24,166.20000000000002
2.4,2.4,2.4,2.4,2.1999999999999997,1.5,1.275,1.08,0.9500000000000001,0.47500000000000003,2024-02-20,24,11.4
32.0,31.599999999999998,28.0,18.7,12.799999999999999,7.633333333333333,6.175,5.359999999999999,4.516666666666667,3.033333333333333,2024-02-21,24,77.4
32.0,30.0,24.4,14.1,9.4,4.7,3.525,2.82,2.35,1.175,2024-02-24,24,28.200000000000003
4.8,4.8,4.4,3.9,3.8000000000000003,3.5,3.0,2.4,2.0500000000000003,1.0250000000000001,2024-03-05,24,24.6
44.8,42.0,35.2,24.2,18.2,9.266666666666667,6.95,5.5600000000000005,4.633333333333334,2.3916666666666666,2024-03-06,24,79.2
51.2,44.0,35.2,17.8,11.866666666666667,5.933333333333334,4.45,3.56,4.783333333333333,2.466666666666667,2024-03-09,24,59.2
29.6,29.200000000000003,27.0,21.4,14.866666666666667,7.433333333333334,5.575,4.46,3.716666666666667,1.8583333333333334,2024-03-21,24,44.599999999999994
31.2,30.0,29.400000000000002,27.6,25.73333333333333,18.5,15.100000000000001,12.52,10.549999999999999,5.458333333333333,2024-03-22,24,170.6
6.4,6.0,4.6,3.7,3.1333333333333333,1.7333333333333334,1.55,1.24,1.0333333333333334,0.5166666666666667,2024-03-23,24,20.799999999999997
10.4,10.4,9.2,7.9,6.866666666666666,4.766666666666667,3.875,3.22,2.716666666666667,1.3583333333333334,2024-03-24,24,36.0
9.6,9.6,7.4,4.800000000000001,4.066666666666667,2.7000000000000006,2.1500000000000004,1.7400000000000002,1.4500000000000002,1.125,2024-03-26,24,29.599999999999998
7.2,5.6,4.6,3.1999999999999997,2.9333333333333336,2.1,1.725,1.5,1.4000000000000001,0.7416666666666667,2015-04-22,28,17.799999999999997
24.8,20.4,13.0,8.7,7.866666666666667,4.733333333333333,4.5,4.2,3.5833333333333335,1.7916666666666667,2015-04-30,28,43.0
23.2,22.799999999999997,17.799999999999997,11.2,7.533333333333334,3.8000000000000003,2.85,2.3,1.9166666666666667,0.9583333333333334,2015-05-05,28,23.0
26.4,19.6,11.4,7.300000000000001,5.3999999999999995,3.533333333333333,2.65,2.12,1.7833333333333334,0.9,2015-05-08,28,21.6
11.2,10.0,7.8,7.2,5.400000000000001,4.066666666666667,3.2750000000000004,3.34,2.783333333333333,1.3916666666666666,2015-06-15,28,33.400000000000006
4.8,3.2,2.4000000000000004,2.3,1.7333333333333332,0.9333333333333332,0.725,0.58,0.5,0.45,2015-06-16,28,10.8
54.4,38.8,30.999999999999996,22.0,20.466666666666665,16.26666666666667,13.95,12.34,10.866666666666665,8.041666666666666,2015-06-19,28,193.0
33.6,21.6,12.0,6.3999999999999995,5.666666666666667,3.633333333333334,3.5000000000000004,2.9400000000000004,2.5500000000000003,1.5166666666666666,2015-06-24,28,36.4
7.2,5.6,3.8000000000000003,2.9000000000000004,1.9333333333333333,1.6000000000000003,1.25,1.0,0.8333333333333334,0.44166666666666665,2015-06-25,28,10.6
16.8,14.0,13.399999999999999,12.3,11.133333333333335,7.333333333333333,5.5,4.4,3.6666666666666665,1.8333333333333333,2015-07-04,28,44.0
12.0,9.2,7.6,5.5,4.3999999999999995,2.3666666666666667,1.775,1.42,1.1833333333333333,0.5916666666666667,2015-07-21,28,14.200000000000001
7.2,6.800000000000001,6.0,4.6,3.9333333333333336,2.0,1.5,1.2,1.0,0.5,2015-08-21,28,12.0
6.4,6.0,5.8,5.1,4.466666666666666,2.9,2.325,1.98,1.7333333333333334,0.8916666666666666,2015-09-05,28,21.400000000000002
15.2,12.4,8.399999999999999,7.2,4.933333333333334,2.5,1.875,1.5,1.25,1.0999999999999999,2015-09-11,28,26.4
11.2,11.2,10.0,8.6,7.2,4.8,3.6999999999999997,2.98,2.533333333333333,1.6500000000000001,2015-09-12,28,39.599999999999994
10.4,9.2,8.4,7.9,7.133333333333333,5.166666666666667,4.075,3.6399999999999997,3.3499999999999996,2.0166666666666666,2015-09-13,28,48.400000000000006
56.8,39.2,20.8,10.6,7.066666666666666,3.533333333333333,2.65,2.12,1.7666666666666666,0.8833333333333333,2015-09-27,28,21.2
6.4,6.0,4.6,3.9,3.266666666666667,1.9666666666666668,1.825,1.6400000000000001,1.4500000000000002,0.775,2015-10-04,28,18.6
5.6,4.4,3.6,2.5,1.8,1.4666666666666668,1.225,1.06,0.9666666666666667,,2015-10-18,28,17.200000000000003
12.0,11.200000000000001,9.2,7.3,5.466666666666666,3.3333333333333335,2.525,2.02,1.6833333333333333,1.1166666666666667,2015-10-29,28,26.8
8.0,5.2,3.6,2.7,2.1333333333333333,1.7666666666666666,1.325,1.06,0.8833333333333333,0.44166666666666665,2015-10-30,28,10.6
7.2,6.0,5.2,4.9,3.466666666666667,1.8333333333333333,1.375,1.1,0.9166666666666666,0.5333333333333333,2015-11-02,28,12.8
7.2,6.0,4.8,4.5,4.466666666666667,3.033333333333333,2.35,1.8800000000000001,1.5666666666666667,0.7833333333333333,2015-11-06,28,18.799999999999997
15.2,13.6,8.2,5.5,4.8,4.633333333333333,3.7249999999999996,3.12,2.6166666666666667,1.875,2015-11-07,28,45.0
16.8,11.600000000000001,8.0,5.4,4.4,2.466666666666667,2.25,1.8,1.5,0.75,2015-11-08,28,18.0
33.6,20.400000000000002,13.600000000000001,8.0,5.333333333333333,2.733333333333334,2.075,1.6600000000000001,1.3833333333333335,0.6916666666666668,2015-11-15,28,16.6
32.0,22.0,20.4,11.5,7.933333333333334,4.1000000000000005,3.15,2.6399999999999997,2.1999999999999997,1.1833333333333333,2015-11-21,28,28.4
42.4,28.0,15.799999999999999,8.2,5.466666666666668,2.8666666666666667,2.175,1.7399999999999998,1.45,0.75,2015-11-23,28,18.0
23.2,15.999999999999998,10.799999999999999,7.6,5.066666666666666,2.533333333333333,1.9,1.52,1.2666666666666666,0.6333333333333333,2015-11-28,28,15.2
5.6,5.199999999999999,4.0,3.4000000000000004,2.9333333333333336,2.0333333333333337,1.875,1.9,1.7000000000000002,1.2416666666666667,2015-11-30,28,29.8
4.0,3.5999999999999996,3.2,2.9000000000000004,2.4,1.7333333333333334,1.5000000000000002,1.34,1.2166666666666666,0.7916666666666666,2015-12-03,28,19.0
13.6,12.000000000000002,7.4,5.3,4.3999999999999995,2.8000000000000003,2.5,2.46,2.0500000000000003,1.1333333333333333,2015-12-07,28,27.200000000000003
12.8,8.4,5.2,4.9,4.666666666666667,2.766666666666667,2.075,1.6600000000000001,1.3833333333333335,0.6916666666666668,2015-12-12,28,16.6
44.0,31.6,16.0,8.0,5.333333333333333,2.6666666666666665,2.0,1.6,1.3333333333333333,0.6666666666666666,2015-12-30,28,16.0
4.0,2.8000000000000003,2.6,1.6,1.4666666666666668,1.2,0.9750000000000001,0.78,0.65,0.43333333333333335,2016-01-02,28,10.4
12.8,12.0,8.4,5.8,5.3999999999999995,3.133333333333333,2.725,2.2800000000000002,2.0833333333333335,1.0833333333333333,2016-01-03,28,26.0
7.2,4.8,2.6,1.7,1.3333333333333333,0.9333333333333335,0.7000000000000001,0.58,0.48333333333333334,0.47500000000000003,2016-01-12,28,11.4
36.0,28.000000000000004,22.6,16.4,13.133333333333335,8.366666666666667,6.275,5.0200000000000005,4.183333333333334,2.091666666666667,2016-01-13,28,50.199999999999996
20.0,14.8,9.6,5.2,3.8000000000000003,2.433333333333333,1.825,1.46,1.2166666666666666,0.8250000000000001,2016-01-14,28,19.8
45.6,31.200000000000003,19.8,11.3,8.4,5.8,4.45,3.56,2.966666666666667,1.5250000000000001,2016-01-15,28,36.6
32.8,27.2,24.2,20.400000000000002,19.333333333333332,12.533333333333333,11.2,10.319999999999999,8.9,4.458333333333333,2016-01-16,28,107.0
14.4,9.200000000000001,7.6,4.9,4.533333333333334,3.3666666666666667,2.7,2.3,2.183333333333333,1.3333333333333333,2016-01-19,28,32.0
10.4,5.200000000000001,3.4000000000000004,3.2,2.9333333333333336,2.2333333333333334,1.975,2.02,1.9666666666666668,1.1666666666666667,2016-01-20,28,28.0
7.2,6.800000000000001,6.4,5.3,4.533333333333333,2.733333333333334,2.075,1.7,1.5333333333333332,0.7999999999999999,2016-01-21,28,19.200000000000003
9.6,8.0,6.000000000000001,5.5,4.866666666666666,3.966666666666667,3.775,3.62,3.3666666666666667,1.875,2016-01-22,28,45.0
58.4,38.8,20.6,10.4,7.0,3.5,2.625,2.1,1.75,0.9083333333333333,2016-02-16,28,21.799999999999997
22.4,12.399999999999999,7.6,4.0,3.0,1.7333333333333334,1.3,1.04,0.8666666666666667,0.44999999999999996,2016-02-17,28,10.8
44.8,26.0,18.599999999999998,10.1,6.733333333333333,3.4,2.55,2.04,1.7,0.85,2016-02-19,28,20.400000000000002
11.2,10.0,7.0,5.0,3.6666666666666665,1.8666666666666665,1.4,1.1199999999999999,0.9333333333333332,0.4666666666666666,2016-02-21,28,11.200000000000001
54.4,46.4,42.6,35.800000000000004,29.866666666666664,18.733333333333334,14.6,11.72,9.816666666666666,4.908333333333333,2016-02-29,28,117.8
113.6,101.6,90.4,76.80000000000001,56.93333333333334,31.400000000000002,23.55,18.84,15.700000000000001,7.8500000000000005,2016-03-12,28,188.39999999999998
18.4,12.799999999999999,8.4,4.8,3.8666666666666667,2.033333333333333,1.725,1.4200000000000002,1.2166666666666666,0.6833333333333332,2016-03-13,28,16.4
81.6,51.199999999999996,29.4,18.0,13.533333333333333,7.7,6.0,4.8,4.0,2.0083333333333333,2016-03-16,28,48.2
8.8,8.0,6.4,5.8999999999999995,5.333333333333333,3.3333333333333335,2.5,2.0,1.6666666666666667,0.8333333333333334,2016-03-23,28,20.0
71.2,42.4,22.2,11.1,7.3999999999999995,3.6999999999999997,2.775,2.2399999999999998,1.9166666666666667,0.9583333333333334,2016-04-01,28,23.0
4.8,4.0,3.6,2.8,2.2666666666666666,1.6333333333333335,1.25,1.02,0.85,0.6083333333333333,2016-04-28,28,14.6
12.8,8.4,7.2,3.7,3.533333333333333,2.1,1.825,1.46,1.2166666666666666,0.6916666666666668,2016-05-12,28,16.6
11.2,8.0,6.2,4.699999999999999,3.4000000000000004,1.7666666666666666,1.325,1.2,1.0166666666666666,0.525,2016-05-13,28,12.6
9.6,7.2,5.8,5.1,3.8666666666666667,2.6999999999999997,2.075,1.6600000000000001,1.4000000000000001,0.8250000000000001,2016-05-17,28,19.8
7.2,6.4,5.0,3.1999999999999997,2.3333333333333335,1.9666666666666668,1.775,1.6199999999999999,1.5833333333333333,0.9333333333333335,2016-05-18,28,22.4
4.8,4.0,3.3999999999999995,2.3,2.3333333333333335,1.8666666666666665,1.4749999999999999,1.5,1.4833333333333334,0.9666666666666667,2016-05-19,28,23.2
12.0,7.6,5.800000000000001,4.4,3.8000000000000003,2.733333333333333,2.225,2.04,1.7333333333333334,0.8666666666666667,2016-05-23,28,20.8
68.0,36.8,21.2,13.299999999999999,10.266666666666667,5.966666666666668,4.575,3.7,3.1,1.5750000000000002,2016-06-05,28,37.8
11.2,10.000000000000002,9.0,7.8,7.266666666666667,5.933333333333334,5.4,5.32,4.966666666666667,4.341666666666667,2016-06-07,28,104.2
8.0,6.8,6.6000000000000005,4.8999999999999995,4.2,3.766666666666667,3.05,2.66,2.3333333333333335,1.1833333333333333,2016-06-08,28,28.400000000000006
11.2,10.399999999999999,9.399999999999999,6.7,5.533333333333334,3.1666666666666665,2.375,1.9,1.5999999999999999,0.875,2016-06-21,28,21.0
8.0,5.6,5.4,4.2,2.9333333333333336,1.7,1.3,1.04,0.8666666666666667,0.43333333333333335,2016-07-17,28,10.399999999999999
6.4,5.2,4.8,4.3,3.933333333333333,2.9333333333333336,2.975,2.56,2.1333333333333333,1.3583333333333334,2016-08-10,28,32.6
8.8,7.6,6.6,5.1000000000000005,4.533333333333333,3.266666666666666,2.6,2.18,1.8333333333333333,0.9166666666666666,2016-08-12,28,22.000000000000004
12.0,11.600000000000001,8.8,5.9,4.8,2.766666666666667,2.275,1.86,1.5666666666666667,1.1333333333333333,2016-08-21,28,27.2
20.8,12.8,7.4,4.5,3.6666666666666665,2.933333333333333,2.5250000000000004,2.2,1.9666666666666668,1.0333333333333334,2016-08-22,28,24.8
23.2,19.6,17.6,9.8,6.533333333333334,3.3000000000000003,2.775,2.32,1.9333333333333333,0.9666666666666667,2016-08-31,28,23.2
13.6,12.399999999999999,11.2,10.8,9.066666666666666,6.3999999999999995,5.225,4.48,3.8333333333333335,2.4916666666666667,2016-09-20,28,59.8
18.4,16.0,10.2,7.0,4.866666666666666,2.8000000000000003,2.1,1.6800000000000002,1.4000000000000001,0.7000000000000001,2016-09-24,28,16.8
8.8,6.4,4.0,3.2,3.0,2.1666666666666665,2.0,1.6800000000000002,1.4666666666666668,1.0916666666666666,2016-09-25,28,26.200000000000003
8.0,6.8,5.0,2.7,1.8,1.2000000000000002,1.125,0.9600000000000002,0.9,0.6583333333333333,2016-09-30,28,15.8
7.2,5.2,4.6000000000000005,3.4000000000000004,3.6666666666666665,2.2666666666666666,1.725,1.3800000000000001,1.1500000000000001,0.7000000000000001,2016-10-01,28,16.8
16.8,12.4,8.4,6.5,4.733333333333333,2.566666666666667,1.925,1.54,1.2833333333333334,1.2166666666666666,2016-10-04,28,29.200000000000003
12.0,6.8,5.6,4.0,3.0666666666666664,1.7,1.275,1.02,0.8666666666666667,0.6166666666666667,2016-10-05,28,14.799999999999999
22.4,19.2,12.8,8.9,8.533333333333333,4.333333333333333,3.275,2.62,2.183333333333333,1.0916666666666666,2016-10-09,28,26.200000000000003
3.2,2.8,2.0,1.8,1.6666666666666667,1.2666666666666666,1.0,0.8200000000000001,0.9166666666666666,0.5333333333333333,2016-10-22,28,12.8
12.0,10.8,8.6,8.2,7.133333333333333,4.0,3.0,2.4,2.0,1.0,2016-11-03,28,24.0
26.4,17.2,11.4,7.9,6.666666666666665,4.333333333333333,3.475,3.02,2.6166666666666667,1.8916666666666666,2016-11-04,28,45.400000000000006
27.2,23.6,19.6,13.4,10.266666666666667,6.666666666666667,5.4,4.42,3.8833333333333333,2.225,2016-11-05,28,53.4
10.4,7.2,5.4,4.0,3.0,1.8666666666666665,1.4,1.1199999999999999,0.9333333333333332,0.47500000000000003,2016-11-12,28,11.4
16.0,13.2,12.399999999999999,10.7,9.266666666666667,7.433333333333333,6.55,6.0,5.833333333333333,3.591666666666667,2016-11-13,28,86.19999999999999
13.6,10.0,7.6,6.7,5.3999999999999995,4.066666666666667,3.35,3.0200000000000005,2.6999999999999997,1.5333333333333332,2016-11-14,28,36.8
15.2,12.0,7.8,4.7,3.1999999999999997,1.633333333333333,1.225,1.1,1.05,0.5916666666666667,2016-11-18,28,14.200000000000003
9.6,9.2,9.2,8.8,8.466666666666667,5.133333333333334,3.85,3.08,2.566666666666667,1.3416666666666668,2016-11-30,28,32.2
44.8,43.599999999999994,24.599999999999998,12.399999999999999,8.266666666666666,4.133333333333333,3.0999999999999996,2.4799999999999995,2.0666666666666664,1.0333333333333332,2016-12-03,28,24.799999999999997
12.8,11.2,5.6,3.7,2.5333333333333337,1.6666666666666667,1.25,1.0000000000000002,0.85,0.4916666666666667,2016-12-04,28,11.8
36.0,22.0,21.6,14.9,10.533333333333333,5.3,3.975,3.18,2.65,1.3416666666666668,2016-12-12,28,32.2
21.6,12.4,7.2,6.6,5.333333333333333,2.733333333333333,2.725,2.2600000000000002,1.8833333333333335,1.3333333333333333,2016-12-14,28,32.0
18.4,12.0,7.6000000000000005,5.0,4.333333333333333,3.733333333333333,3.1750000000000003,2.68,2.25,1.1583333333333334,2016-12-17,28,27.799999999999997
25.6,19.6,11.8,6.1000000000000005,4.066666666666667,2.0333333333333337,1.5250000000000001,1.2200000000000002,1.0166666666666668,0.5083333333333334,2016-12-30,28,12.200000000000001
17.6,11.200000000000001,7.6000000000000005,4.0,2.6666666666666665,1.9666666666666668,1.5,1.2,1.0,0.5,2017-01-05,28,12.0
37.6,23.6,14.0,7.1000000000000005,4.8,2.4,1.8,1.44,1.2,0.6,2017-01-16,28,14.4
48.8,35.2,21.4,12.0,8.333333333333334,4.866666666666666,3.6750000000000003,2.9400000000000004,2.45,1.225,2017-01-19,28,29.4
55.2,33.2,16.8,8.6,5.733333333333333,2.9000000000000004,2.1750000000000003,1.7400000000000002,1.4500000000000002,0.7250000000000001,2017-01-25,28,17.4
27.2,24.0,14.4,7.3,5.133333333333334,2.766666666666667,2.1,1.6800000000000002,1.4000000000000001,0.7000000000000001,2017-01-26,28,16.8
24.8,12.4,6.4,3.2,2.1333333333333333,1.0666666666666667,0.8,0.64,0.5333333333333333,0.4166666666666667,2017-03-07,28,10.0
64.0,54.8,47.800000000000004,43.0,34.53333333333333,17.7,13.375,11.18,9.316666666666668,4.7250000000000005,2017-03-08,28,113.4
44.0,43.6,33.6,21.7,14.533333333333333,8.700000000000001,6.55,5.24,4.366666666666666,2.183333333333333,2017-03-14,28,52.400000000000006
11.2,9.2,8.0,7.0,5.8,3.266666666666666,2.4499999999999997,2.12,1.8166666666666667,1.3666666666666665,2017-03-18,28,32.800000000000004
12.8,8.4,5.6,3.0,2.0,1.7333333333333334,1.3,1.1,1.1166666666666667,0.5583333333333333,2017-03-28,28,13.399999999999999
24.8,13.2,8.2,5.4,4.533333333333333,3.533333333333333,2.7,2.16,1.8,1.45,2017-04-01,28,34.8
17.6,16.0,12.600000000000001,7.5,5.133333333333334,2.566666666666667,1.925,1.54,1.2833333333333334,0.65,2017-04-07,28,15.600000000000001
26.4,22.4,12.6,10.6,9.0,6.633333333333333,5.725,4.58,3.8666666666666667,1.9333333333333333,2017-04-08,28,46.4
48.8,38.4,27.8,17.4,14.333333333333334,7.466666666666666,5.65,4.5200000000000005,3.766666666666667,1.8833333333333335,2017-04-12,28,45.199999999999996
10.4,8.4,6.200000000000001,3.7,2.733333333333334,2.0,1.725,1.4400000000000002,1.416666666666667,0.8333333333333334,2017-04-13,28,20.000000000000004
7.2,5.6,5.0,3.6,2.6666666666666665,1.7333333333333334,1.3,1.04,0.8666666666666667,0.43333333333333335,2017-04-17,28,10.399999999999999
22.4,13.2,7.6,4.1,2.733333333333333,1.4333333333333333,1.075,0.86,0.7166666666666667,0.4166666666666667,2017-04-18,28,10.0
10.4,8.8,7.0,5.5,5.133333333333333,3.6333333333333333,3.0,2.6,2.3666666666666667,1.7249999999999999,2017-04-23,28,41.400000000000006
15.2,14.0,11.4,9.0,8.266666666666667,7.033333333333334,5.75,4.6,3.8333333333333335,1.925,2017-04-27,28,46.2
12.0,12.0,9.0,7.7,7.133333333333333,6.7,5.725,4.96,4.316666666666666,2.1999999999999997,2017-04-28,28,52.800000000000004
12.8,10.8,7.0,4.0,3.6,3.233333333333334,3.075,2.8,2.45,1.2750000000000001,2017-05-19,28,30.6
8.8,8.4,7.6,6.4,4.466666666666667,2.2333333333333334,1.675,1.34,1.1166666666666667,0.5583333333333333,2017-06-13,28,13.399999999999999
24.8,16.4,9.0,4.9,3.6,1.9333333333333336,1.4500000000000002,1.1600000000000001,0.9666666666666668,0.4833333333333334,2017-06-15,28,11.600000000000001
86.4,70.80000000000001,54.60000000000001,41.4,32.6,22.666666666666668,19.6,15.680000000000001,13.066666666666668,10.191666666666666,2017-06-20,28,244.6
28.8,25.6,20.4,16.0,13.266666666666666,8.233333333333333,6.675000000000001,5.7,4.916666666666667,2.85,2017-06-21,28,68.4
10.4,6.4,3.8000000000000003,2.3000000000000003,1.9333333333333336,1.6333333333333335,1.2750000000000001,1.12,1.0166666666666668,0.7999999999999999,2017-07-02,28,19.2
12.0,10.400000000000002,8.0,6.6000000000000005,5.6000000000000005,4.133333333333334,3.5,3.0,2.566666666666667,1.2833333333333334,2017-07-18,28,30.800000000000004
7.2,6.0,4.8,4.4,4.266666666666667,3.4,3.0,2.9,2.6166666666666667,1.4166666666666667,2017-07-19,28,34.0
12.0,6.4,4.199999999999999,3.6,3.466666666666667,2.1999999999999997,1.9,1.52,1.2666666666666666,0.6333333333333333,2017-08-05,28,15.2
4.0,3.6,3.0,2.1,2.1333333333333333,1.6666666666666667,1.375,1.1800000000000002,1.0,0.5083333333333333,2017-08-17,28,12.2
9.6,6.4,4.799999999999999,3.6999999999999997,3.666666666666666,2.0,1.5,1.2,1.0,0.5,2017-08-20,28,12.0
32.8,30.0,23.2,17.799999999999997,14.666666666666666,8.766666666666667,6.7,5.619999999999999,5.116666666666666,2.9250000000000003,2017-08-21,28,70.19999999999999
6.4,6.0,4.2,3.6999999999999997,3.1333333333333333,2.066666666666667,1.55,1.24,1.05,0.525,2017-08-31,28,12.6
4.8,4.4,3.8,3.1,2.4,1.5,1.2,1.04,0.9,0.47500000000000003,2017-10-03,28,11.4
6.4,5.199999999999999,4.6,4.0,3.733333333333333,3.233333333333333,2.9,2.3600000000000003,2.0833333333333335,,2017-10-15,28,27.200000000000003
6.4,5.2,4.6000000000000005,4.1000000000000005,3.5999999999999996,2.9000000000000004,2.375,2.52,2.516666666666667,1.4749999999999999,2017-10-23,28,35.400000000000006
10.4,8.8,8.200000000000001,7.2,6.133333333333333,4.633333333333333,4.3,3.8,3.233333333333333,1.7333333333333334,2017-11-11,28,41.6
17.6,14.000000000000002,10.4,5.6000000000000005,3.8000000000000003,1.9333333333333333,1.45,1.16,0.9666666666666667,0.6,2017-11-18,28,14.4
17.6,13.200000000000001,8.4,5.9,4.066666666666667,2.1,1.5750000000000002,1.2600000000000002,1.05,0.7000000000000001,2017-11-19,28,16.799999999999997
7.2,6.4,5.4,3.6000000000000005,2.9333333333333336,2.6999999999999997,2.3,2.4,2.216666666666667,1.425,2017-11-20,28,34.2
14.4,13.600000000000001,13.0,11.3,9.933333333333334,6.8999999999999995,5.325,4.26,3.5666666666666664,1.8583333333333334,2017-11-22,28,44.6
4.0,4.0,3.4,2.7,2.1999999999999997,1.5333333333333334,1.5,1.5,1.25,0.625,2017-12-12,28,15.0
28.0,20.0,11.6,8.0,5.6000000000000005,2.8666666666666667,2.15,1.72,1.4333333333333333,0.7166666666666667,2017-12-21,28,17.2
53.6,32.8,18.0,9.4,6.333333333333333,3.1666666666666665,2.375,1.9,1.5833333333333333,0.7916666666666666,2017-12-23,28,19.0
38.4,22.0,12.799999999999999,6.5,4.466666666666667,2.2666666666666666,1.7,1.3599999999999999,1.1333333333333333,0.5916666666666667,2017-12-24,28,14.2
15.2,13.6,11.2,8.700000000000001,6.666666666666667,3.6333333333333333,2.725,2.18,1.8166666666666667,0.9083333333333333,2018-01-03,28,21.8
20.0,17.6,14.4,10.600000000000001,8.666666666666666,5.766666666666667,4.625,3.7,3.0833333333333335,1.5750000000000002,2018-01-04,28,37.8
54.4,46.8,36.6,25.900000000000002,19.733333333333334,11.933333333333335,9.05,7.24,6.033333333333334,3.7416666666666667,2018-01-07,28,89.8
24.0,20.0,16.0,10.200000000000001,7.333333333333333,4.5,3.375,2.7800000000000002,2.316666666666667,1.3,2018-01-08,28,31.200000000000003
19.2,15.600000000000001,12.799999999999999,7.499999999999999,4.999999999999999,2.6999999999999997,2.7,2.76,2.3666666666666667,1.2,2018-01-26,28,28.8
30.4,21.999999999999996,16.6,12.4,8.733333333333333,7.3999999999999995,6.2250000000000005,5.48,4.616666666666666,2.3833333333333333,2018-01-27,28,57.2
12.8,9.599999999999998,8.0,7.299999999999999,6.8,5.066666666666667,4.075,3.8200000000000003,3.266666666666666,1.8166666666666667,2018-01-30,28,43.6
4.0,4.0,3.2,2.1999999999999997,1.9333333333333336,1.3666666666666665,1.175,1.0000000000000002,0.8833333333333334,0.525,2018-02-05,28,12.6
126.4,124.4,91.4,48.400000000000006,32.26666666666667,16.2,12.15,9.72,8.1,4.05,2018-02-15,28,97.2
102.4,92.80000000000001,49.6,31.900000000000002,21.26666666666667,10.633333333333335,8.025,6.8,5.666666666666667,2.8333333333333335,2018-02-21,28,68.0
29.6,27.6,23.800000000000004,14.200000000000001,9.466666666666667,5.333333333333333,4.9750000000000005,4.12,3.4499999999999997,2.316666666666667,2018-02-23,28,55.6
16.0,11.6,9.0,6.6,5.000000000000001,4.033333333333334,3.475,3.12,3.1,2.058333333333333,2018-03-08,28,49.4
19.2,14.4,13.2,9.5,6.933333333333334,3.5,2.625,2.1,1.75,0.875,2018-03-15,28,21.0
35.2,34.8,31.0,18.400000000000002,14.200000000000001,9.433333333333334,9.674999999999999,7.8,6.516666666666667,3.4583333333333335,2018-03-22,28,83.0
54.4,34.8,22.6,14.0,10.066666666666666,5.633333333333333,4.225,3.38,2.8166666666666664,1.5250000000000001,2018-04-03,28,36.6
13.6,12.8,9.600000000000001,5.0,3.4,1.7,1.275,1.02,0.85,0.43333333333333335,2018-04-05,28,10.399999999999999
45.6,34.8,21.200000000000003,12.6,8.4,4.233333333333333,3.1750000000000003,2.54,2.1166666666666667,1.0833333333333333,2018-04-07,28,26.0
36.8,25.599999999999998,13.799999999999999,9.1,7.3999999999999995,4.866666666666666,3.7249999999999996,3.2199999999999998,2.766666666666666,1.5,2018-04-15,28,36.0
19.2,11.2,6.3999999999999995,4.7,3.466666666666667,2.3000000000000003,1.725,1.3800000000000001,1.1500000000000001,0.7333333333333334,2018-04-16,28,17.6
10.4,9.2,6.6,5.2,4.6000000000000005,2.9333333333333336,2.2,1.8,1.5,0.75,2018-05-08,28,18.0
27.2,25.2,13.600000000000001,7.3,4.933333333333334,2.5,1.875,1.52,1.2666666666666666,0.6333333333333333,2018-05-19,28,15.2
19.2,14.399999999999999,11.4,9.1,7.3999999999999995,4.933333333333334,3.7,2.96,2.466666666666667,1.2333333333333334,2018-05-25,28,29.6
22.4,22.4,20.6,17.0,14.0,8.733333333333333,7.125,5.9,4.916666666666667,2.4583333333333335,2018-06-03,28,58.99999999999999
7.2,5.6,4.4,3.8000000000000003,3.8000000000000003,2.9,2.25,1.9600000000000002,1.6666666666666667,0.9333333333333332,2018-06-04,28,22.4
20.0,15.2,8.0,4.2,2.8000000000000003,1.4000000000000001,1.05,0.8400000000000001,0.7000000000000001,0.4666666666666666,2018-06-07,28,11.2
7.2,6.8,6.199999999999999,5.0,4.6,3.6666666666666665,3.1,2.66,2.2833333333333337,1.3,2018-06-14,28,31.200000000000003
4.0,3.6000000000000005,2.8000000000000003,2.0,1.866666666666667,1.4333333333333336,1.45,1.1800000000000002,0.9833333333333334,0.525,2018-06-15,28,12.600000000000001
8.0,5.2,5.2,3.9,3.1333333333333333,1.9666666666666668,1.9749999999999999,1.86,1.616666666666667,0.8583333333333334,2018-06-16,28,20.6
5.6,4.8,3.8,2.8,2.066666666666667,1.4666666666666668,1.1500000000000001,0.9800000000000001,0.8333333333333334,0.4166666666666667,2018-06-18,28,10.0
24.8,24.0,15.2,9.7,8.466666666666667,5.133333333333334,5.3,4.880000000000001,4.8500000000000005,3.3166666666666664,2018-07-10,28,79.6
40.0,34.4,29.200000000000003,20.3,16.066666666666666,12.4,10.9,9.22,7.683333333333334,4.008333333333334,2018-08-01,28,96.2
34.4,34.4,21.199999999999996,12.3,8.4,4.533333333333333,3.4250000000000003,2.76,2.3666666666666667,1.8833333333333335,2018-08-02,28,45.199999999999996
16.8,12.4,9.8,7.2,7.066666666666667,4.466666666666667,4.275,3.46,2.9,1.45,2018-08-06,28,34.800000000000004
2.4,2.4,1.7999999999999998,1.4000000000000001,1.1333333333333333,1.0333333333333334,1.0,0.8800000000000001,0.8666666666666667,0.45,2018-08-07,28,10.8
21.6,19.200000000000003,16.8,9.4,6.266666666666667,3.1333333333333333,2.35,1.8800000000000001,1.616666666666667,0.8333333333333334,2018-08-17,28,20.000000000000004
15.2,13.600000000000001,10.8,9.5,9.200000000000001,7.300000000000001,6.075,5.1,4.3,2.35,2018-08-26,28,56.4
3.2,3.2,2.8,2.0,2.2,1.366666666666667,1.4000000000000001,1.26,1.1166666666666667,0.8250000000000001,2018-08-27,28,19.8
16.8,10.0,5.2,3.6,2.466666666666667,1.8,1.375,1.1,0.9166666666666666,0.4583333333333333,2018-09-04,28,11.0
16.8,14.0,7.2,4.0,2.6666666666666665,1.9000000000000001,1.475,1.1800000000000002,0.9833333333333334,0.4916666666666667,2018-09-06,28,11.8
23.2,17.2,10.0,5.9,4.066666666666666,2.1666666666666665,1.625,1.3,1.0833333333333333,0.5416666666666666,2018-09-27,28,13.0
12.0,10.4,9.4,8.8,8.533333333333333,6.933333333333334,6.3999999999999995,5.88,5.166666666666667,2.5833333333333335,2018-10-05,28,62.0
16.0,15.600000000000001,13.0,9.899999999999999,9.4,5.733333333333333,4.325,3.46,2.8833333333333333,1.4416666666666667,2018-10-06,28,34.6
18.4,17.2,10.4,7.1,5.533333333333334,3.266666666666667,2.45,1.9600000000000002,1.6333333333333335,0.8166666666666668,2018-10-10,28,19.599999999999998
14.4,13.2,11.6,10.0,7.8,4.033333333333333,3.025,2.5200000000000005,2.1833333333333336,1.2249999999999999,2018-10-11,28,29.4
8.8,8.000000000000002,7.600000000000001,6.6,4.733333333333333,3.5666666666666664,3.075,2.9,2.566666666666667,1.2833333333333334,2018-10-12,28,30.800000000000004
15.2,8.4,7.2,5.4,4.8,2.433333333333333,1.825,1.46,1.2166666666666666,0.6083333333333333,2018-10-13,28,14.6
5.6,3.6000000000000005,3.4,2.9000000000000004,2.466666666666667,1.7666666666666666,1.45,1.3,1.2833333333333334,0.6916666666666668,2018-10-14,28,16.6
8.0,7.2,5.6000000000000005,4.1,3.4000000000000004,1.8,1.35,1.08,0.9,0.45,2018-10-19,28,10.8
3.2,3.2,2.6,2.0,1.866666666666667,1.5333333333333332,1.375,1.3,1.0833333333333333,0.6083333333333333,2018-10-25,28,14.600000000000001
8.8,7.2,6.3999999999999995,4.2,3.0666666666666664,1.5999999999999999,1.2,0.96,0.7999999999999999,0.625,2018-11-04,28,15.0
17.6,14.0,14.0,10.9,8.0,4.566666666666666,3.425,2.7399999999999998,2.283333333333333,1.1416666666666666,2018-11-07,28,27.400000000000002
22.4,19.2,16.2,11.899999999999999,10.533333333333333,9.033333333333333,7.95,7.159999999999999,7.033333333333334,4.383333333333334,2018-11-08,28,105.19999999999999
6.4,5.6,4.8,4.1000000000000005,3.0,2.3000000000000003,1.9000000000000001,1.64,1.3666666666666665,0.6916666666666668,2018-11-09,28,16.6
12.8,10.0,6.199999999999999,4.9,3.733333333333334,1.9000000000000001,1.5000000000000002,1.24,1.0333333333333334,0.5166666666666667,2018-11-16,28,12.4
20.0,18.400000000000002,15.8,13.9,13.4,9.933333333333334,8.15,7.1800000000000015,6.383333333333334,3.4333333333333336,2018-11-19,28,82.4
8.8,8.0,6.200000000000001,3.5000000000000004,3.466666666666667,1.9666666666666668,1.5250000000000001,1.2200000000000002,1.2,0.7333333333333334,2018-11-20,28,17.6
44.0,29.6,20.4,15.700000000000001,10.933333333333332,9.1,7.1499999999999995,6.3,6.116666666666667,3.1666666666666665,2018-11-26,28,76.0
40.8,21.2,10.6,5.5,3.8666666666666667,2.8666666666666667,2.25,2.1399999999999997,1.8499999999999999,0.9583333333333334,2018-12-07,28,23.0
16.0,13.6,11.4,8.7,8.466666666666667,6.466666666666666,5.4,4.640000000000001,3.9166666666666665,2.066666666666667,2018-12-08,28,49.599999999999994
49.6,37.6,26.0,17.7,11.799999999999999,7.1000000000000005,5.6000000000000005,4.5200000000000005,3.8000000000000003,1.9000000000000001,2018-12-24,28,45.6
64.0,57.2,45.0,25.7,18.466666666666665,9.633333333333333,7.225,5.779999999999999,4.816666666666666,2.408333333333333,2019-01-25,28,57.8
63.2,60.8,41.2,24.1,16.73333333333333,11.0,9.75,8.74,7.283333333333334,3.75,2019-02-04,28,90.0
23.2,20.0,14.0,8.3,6.933333333333334,5.033333333333334,4.050000000000001,3.8,3.1999999999999997,1.625,2019-02-05,28,39.0
146.4,115.2,83.0,55.4,44.866666666666674,23.333333333333332,17.5,14.0,11.666666666666666,5.833333333333333,2019-02-06,28,140.0
40.8,30.4,18.799999999999997,11.7,8.0,4.0,3.0,2.4,2.0,1.0,2019-02-12,28,23.999999999999996
40.8,34.0,26.4,19.2,13.666666666666666,7.800000000000001,6.3,5.0600000000000005,4.25,2.125,2019-02-13,28,51.0
57.6,39.6,21.4,10.8,7.2,3.6333333333333333,2.725,2.18,1.8166666666666667,0.9083333333333333,2019-02-17,28,21.8
19.2,10.799999999999999,10.0,5.0,3.4,1.7,1.275,1.02,0.85,0.5916666666666667,2019-02-26,28,14.2
123.2,93.2,56.4,32.2,26.0,15.633333333333333,11.725,9.379999999999999,7.816666666666666,3.9166666666666665,2019-03-01,28,94.0
12.0,6.800000000000001,5.2,4.6,3.8666666666666667,2.2666666666666666,1.75,1.5,1.4833333333333334,0.7999999999999999,2019-03-02,28,19.200000000000003
124.0,106.8,64.39999999999999,34.599999999999994,23.333333333333332,11.866666666666667,8.975,7.18,5.983333333333333,3.0,2019-03-03,28,72.0
12.0,10.4,8.0,5.4,3.9333333333333336,2.7000000000000006,2.1750000000000003,1.7400000000000002,1.4500000000000002,0.7250000000000001,2019-03-11,28,17.4
40.8,37.2,28.799999999999997,19.2,14.6,7.3,6.2,4.999999999999999,4.183333333333333,2.1166666666666667,2019-03-16,28,50.8
58.4,45.2,26.2,13.7,9.2,4.6,3.4499999999999997,2.76,2.3,1.15,2019-03-19,28,27.6
13.6,9.599999999999998,5.6,4.300000000000001,3.1333333333333333,2.066666666666667,1.9500000000000002,1.64,1.45,0.9083333333333333,2019-03-20,28,21.799999999999997
28.8,26.0,18.200000000000003,12.5,13.4,9.666666666666666,7.775,6.26,5.216666666666667,2.725,2019-03-21,28,65.4
105.6,68.39999999999999,36.8,18.599999999999998,12.399999999999999,6.333333333333332,5.624999999999999,4.58,3.8166666666666664,2.766666666666666,2019-03-28,28,66.4
50.4,40.4,24.0,12.6,8.466666666666667,4.266666666666667,3.3499999999999996,2.6799999999999997,2.25,1.125,2019-03-29,28,27.0
115.2,108.0,89.60000000000001,69.3,52.06666666666666,33.46666666666667,26.0,20.8,17.333333333333332,8.666666666666666,2019-04-08,28,208.0
66.4,44.0,38.4,24.3,19.733333333333334,13.6,12.125,11.62,9.816666666666666,5.583333333333333,2019-04-09,28,134.0
20.8,12.8,8.0,6.2,4.333333333333333,2.2666666666666666,1.7249999999999999,1.38,1.1666666666666667,0.7833333333333333,2019-04-10,28,18.8
8.0,6.0,4.4,2.4000000000000004,1.9333333333333333,1.6000000000000003,1.3,1.08,0.9,0.45,2019-04-14,28,10.8
54.4,39.2,20.2,10.5,7.933333333333334,4.666666666666667,3.5,2.8,2.3333333333333335,1.1666666666666667,2019-04-28,28,28.0
29.6,22.8,13.8,7.1000000000000005,4.8,2.4,1.8,1.44,1.2,1.0333333333333334,2019-05-07,28,24.8
65.6,40.8,22.4,11.299999999999999,11.066666666666665,6.333333333333333,4.7749999999999995,4.04,3.3666666666666667,2.5833333333333335,2019-05-15,28,62.0
16.0,13.600000000000001,7.2,4.4,3.533333333333333,2.966666666666667,2.225,1.78,1.4833333333333334,1.2833333333333334,2019-05-16,28,30.8
20.0,17.599999999999998,16.2,13.1,10.066666666666668,6.566666666666666,5.125,4.26,3.75,2.1666666666666665,2019-05-17,28,52.0
4.8,4.8,4.2,3.0999999999999996,2.6666666666666665,1.7666666666666666,1.5,1.4,1.1666666666666667,0.6083333333333333,2019-05-18,28,14.600000000000001
63.2,44.400000000000006,25.6,14.0,9.333333333333334,4.7,3.5250000000000004,2.8200000000000003,2.35,1.175,2019-06-02,28,28.2
22.4,13.6,8.0,6.2,6.0,3.1333333333333333,2.375,1.92,1.5999999999999999,0.7999999999999999,2019-06-03,28,19.2
10.4,8.8,4.8,3.0,2.5333333333333337,2.066666666666667,1.7750000000000001,1.42,1.2166666666666666,0.6333333333333334,2019-06-04,28,15.200000000000003
23.2,22.0,11.2,5.6,3.8000000000000003,1.9000000000000001,1.425,1.1400000000000001,0.9500000000000001,0.47500000000000003,2019-06-20,28,11.4
22.4,14.0,7.6,3.9,3.0666666666666664,1.7666666666666666,1.45,1.18,1.0666666666666667,0.5499999999999999,2019-07-04,28,13.2
16.8,14.0,12.6,11.399999999999999,10.333333333333334,7.866666666666667,6.8999999999999995,6.36,6.3,3.5583333333333336,2019-07-05,28,85.4
14.4,12.0,11.0,8.7,7.466666666666668,5.3999999999999995,5.125000000000001,4.94,4.4,3.4333333333333336,2019-08-03,28,82.4
12.0,9.600000000000001,9.200000000000001,8.5,7.0,4.9,4.0,3.3600000000000003,2.8666666666666667,2.0833333333333335,2019-08-04,28,50.00000000000001
17.6,16.799999999999997,14.0,11.100000000000001,8.133333333333335,4.9,3.6750000000000003,2.9400000000000004,2.45,1.225,2019-08-13,28,29.4
11.2,9.600000000000001,8.2,7.3,6.400000000000001,5.3,4.175,3.88,4.016666666666667,2.783333333333333,2019-08-14,28,66.80000000000001
5.6,5.199999999999999,4.8,3.4000000000000004,3.0,1.7333333333333334,1.3,1.04,0.8666666666666667,0.43333333333333335,2019-08-19,28,10.4
7.2,5.199999999999999,3.6,2.8,2.733333333333333,1.7666666666666668,1.35,1.08,0.9,0.75,2019-08-20,28,18.0
4.8,3.5999999999999996,3.2,2.9,2.4,1.4666666666666668,1.2,1.06,0.8833333333333333,0.45,2019-08-22,28,10.8
9.6,7.199999999999999,5.0,2.9,2.3333333333333335,1.6666666666666667,1.3750000000000002,1.1800000000000002,1.0,0.5,2019-09-02,28,12.0
24.8,24.8,13.200000000000001,6.800000000000001,4.6000000000000005,2.3333333333333335,1.75,1.4,1.1666666666666667,0.5833333333333334,2019-09-03,28,14.0
8.0,5.2,3.4000000000000004,3.0000000000000004,2.733333333333333,2.2333333333333334,2.1999999999999997,2.08,1.7333333333333334,1.1333333333333333,2019-09-04,28,27.200000000000003
9.6,8.8,8.600000000000001,6.9,6.2,4.966666666666667,4.6000000000000005,4.279999999999999,4.016666666666667,2.775,2019-09-05,28,66.6
3.2,2.8,2.4000000000000004,1.8000000000000003,1.5999999999999999,1.2,0.925,0.74,0.6166666666666667,0.46666666666666673,2019-09-06,28,11.2
8.0,6.0,4.6,2.8,2.533333333333333,1.9333333333333336,1.9,1.54,1.3,0.6583333333333333,2019-09-14,28,15.799999999999999
3.2,3.2,3.2,2.9000000000000004,2.5333333333333337,2.066666666666667,1.8000000000000003,1.6,1.5000000000000002,0.875,2019-09-21,28,21.0
17.6,14.400000000000004,13.6,12.6,12.533333333333333,9.233333333333333,7.7749999999999995,7.0200000000000005,6.366666666666667,4.0,2019-09-22,28,96.0
9.6,8.0,5.0,4.1,3.0666666666666664,1.5666666666666667,1.175,0.9400000000000001,0.7833333333333333,0.47500000000000003,2019-09-23,28,11.4
5.6,5.199999999999999,3.8,2.3,2.0,1.4666666666666666,1.475,1.3,1.1333333333333335,0.7833333333333333,2019-09-26,28,18.800000000000004
17.6,11.600000000000001,7.800000000000001,6.6000000000000005,5.133333333333334,2.9333333333333336,2.4000000000000004,2.2,1.9333333333333336,1.3083333333333333,2019-09-28,28,31.400000000000002
7.2,5.2,4.6,3.4000000000000004,2.6666666666666665,2.066666666666667,1.725,1.4,1.1666666666666667,0.6416666666666667,2019-09-29,28,15.4
5.6,5.199999999999999,4.8,4.0,3.8000000000000003,2.966666666666667,2.35,1.94,1.6166666666666665,0.9583333333333334,2019-10-08,28,23.0
13.6,12.399999999999999,10.8,8.6,7.466666666666666,6.6000000000000005,5.6000000000000005,4.76,4.3500000000000005,2.4583333333333335,2019-10-09,28,59.0
58.4,43.2,31.8,23.400000000000002,19.133333333333333,12.600000000000001,10.85,9.32,8.8,4.875,2019-11-11,28,117.0
6.4,5.6,5.0,4.3,3.9333333333333336,2.533333333333333,2.3,1.8399999999999999,1.6666666666666667,1.0250000000000001,2019-11-12,28,24.6
4.8,4.0,4.0,3.5,2.866666666666667,1.8,1.375,1.1,0.9166666666666666,0.4583333333333333,2019-11-14,28,11.0
4.8,4.8,4.4,3.5999999999999996,3.0666666666666664,2.066666666666667,1.6,1.28,1.0666666666666667,0.9166666666666666,2019-11-19,28,22.0
12.8,12.400000000000002,9.600000000000001,5.7,3.8000000000000003,2.4333333333333336,1.8250000000000002,1.4600000000000002,1.2166666666666668,0.6083333333333334,2019-11-23,28,14.600000000000001
6.4,5.6,4.4,3.4,3.1999999999999997,2.033333333333333,1.55,1.24,1.0333333333333334,0.5166666666666667,2019-11-24,28,12.399999999999999
14.4,12.4,11.6,8.7,7.466666666666668,5.6000000000000005,5.3,4.659999999999999,3.983333333333333,1.9916666666666665,2019-11-28,28,47.8
6.4,6.0,4.200000000000001,3.6,2.6,2.566666666666667,1.95,1.56,1.3,0.65,2019-11-29,28,15.600000000000001
72.0,47.6,30.400000000000002,15.5,10.466666666666667,5.233333333333333,3.9250000000000003,3.14,2.6166666666666667,1.3083333333333333,2019-12-05,28,31.400000000000002
7.2,6.4,5.6,4.6,3.466666666666667,1.7333333333333334,1.3250000000000002,1.08,0.9,0.4583333333333333,2019-12-10,28,11.0
31.2,29.2,22.4,12.7,9.066666666666666,4.766666666666667,3.575,2.8600000000000003,2.3833333333333333,1.1916666666666667,2019-12-22,28,28.6
38.4,27.6,17.2,9.7,6.6000000000000005,3.9333333333333336,3.175,2.58,2.15,1.1333333333333333,2019-12-23,28,27.200000000000003
95.2,66.4,40.4,27.0,18.866666666666667,9.9,7.475,6.0,5.0,2.5,2020-01-03,28,60.0
35.2,28.400000000000002,21.200000000000003,14.5,12.066666666666668,7.7,6.375,5.2,4.333333333333333,2.275,2020-01-13,28,54.6
12.0,11.2,9.6,6.800000000000001,6.666666666666667,6.033333333333334,4.925,4.58,4.116666666666666,2.158333333333333,2020-01-17,28,51.8
93.6,87.19999999999999,64.4,40.5,27.933333333333334,16.0,12.0,9.6,8.0,4.0,2020-02-02,28,96.0
27.2,25.6,15.0,9.5,7.0,5.0,3.75,3.0,2.5,1.4416666666666667,2020-02-03,28,34.599999999999994
67.2,50.8,29.400000000000002,15.9,10.866666666666667,5.466666666666668,4.375,3.54,2.966666666666667,1.4833333333333334,2020-02-05,28,35.599999999999994
40.8,35.599999999999994,28.2,18.799999999999997,14.133333333333333,10.9,8.375,6.88,5.733333333333333,2.8666666666666667,2020-02-10,28,68.8
29.6,21.200000000000003,16.6,13.2,12.066666666666668,8.266666666666667,6.9,6.34,5.3999999999999995,3.391666666666667,2020-02-11,28,81.4
9.6,6.0,3.8,3.4,2.6666666666666665,1.4333333333333333,1.125,0.9800000000000001,0.8333333333333334,0.6916666666666668,2020-02-12,28,16.6
12.0,6.4,3.6,1.9,1.4666666666666668,1.1333333333333333,0.975,0.8,0.6666666666666666,0.48333333333333334,2020-02-13,28,11.6
36.8,29.200000000000003,22.6,14.000000000000002,9.466666666666667,5.733333333333333,4.3,3.44,2.8666666666666667,1.4333333333333333,2020-02-21,28,34.4
14.4,14.4,12.200000000000001,12.0,10.799999999999999,6.300000000000001,4.7250000000000005,3.7800000000000002,3.1500000000000004,1.6500000000000001,2020-02-22,28,39.6
11.2,10.4,9.399999999999999,7.4,6.066666666666667,3.8333333333333335,2.925,3.38,3.3166666666666664,1.75,2020-02-27,28,42.0
35.2,28.0,19.4,17.5,15.466666666666667,9.033333333333333,6.85,5.4799999999999995,4.566666666666666,2.2916666666666665,2020-02-29,28,55.0
28.8,26.0,24.8,21.1,20.6,13.4,11.7,9.74,8.533333333333333,5.283333333333333,2020-03-01,28,126.79999999999998
7.2,6.800000000000001,5.0,3.5,2.8000000000000003,2.3000000000000003,1.9000000000000001,1.6800000000000002,1.5666666666666667,1.1416666666666668,2020-03-02,28,27.4
42.4,36.39999999999999,26.799999999999997,14.999999999999998,11.533333333333333,6.0,4.5,3.6,3.0,1.5,2020-03-20,28,36.0
16.0,10.8,6.2,3.6,3.8000000000000003,2.3666666666666667,1.925,1.56,1.3,1.0166666666666666,2020-03-21,28,24.400000000000002
9.6,8.0,6.199999999999999,5.499999999999999,4.0,2.2333333333333334,1.675,1.34,1.1166666666666667,0.5583333333333333,2020-04-07,28,13.4
9.6,8.0,7.4,6.5,5.733333333333334,4.166666666666667,3.5250000000000004,3.0,2.5,1.55,2020-04-08,28,37.2
44.8,32.0,21.0,13.5,10.6,7.3,5.475,4.38,3.65,1.825,2020-05-02,28,43.8
44.0,39.2,31.799999999999997,29.099999999999998,20.466666666666665,13.066666666666668,10.175,8.2,6.8500000000000005,3.608333333333333,2020-05-07,28,86.6
15.2,13.6,10.799999999999999,7.1,5.533333333333334,3.466666666666667,2.725,2.18,1.8166666666666667,0.9083333333333333,2020-05-14,28,21.799999999999997
11.2,10.0,7.8,6.199999999999999,4.8,2.9,2.35,2.0,1.7,0.8833333333333333,2020-05-15,28,21.200000000000003
5.6,5.199999999999999,4.2,3.0,2.2666666666666666,1.6666666666666667,1.275,1.02,0.9166666666666666,0.4666666666666666,2020-05-24,28,11.2
12.0,10.4,9.8,7.0,5.533333333333334,3.1999999999999997,2.45,1.98,1.8833333333333335,1.0416666666666667,2020-06-14,28,25.0
4.8,4.8,3.5999999999999996,2.1,1.7333333333333334,1.0333333333333334,1.0,1.1,0.9500000000000001,0.6416666666666667,2020-06-15,28,15.399999999999999
22.4,18.4,14.399999999999999,7.3,4.866666666666666,2.766666666666666,2.0749999999999997,1.6599999999999997,1.383333333333333,0.7083333333333334,2020-06-28,28,17.0
5.6,4.4,3.4,2.6,2.0,1.2,1.3,1.06,0.8833333333333333,0.44166666666666665,2020-06-29,28,10.600000000000001
14.4,14.4,10.4,7.6,5.533333333333334,2.8333333333333335,2.125,1.7,1.4166666666666667,0.7083333333333334,2020-07-03,28,17.0
4.8,4.0,3.0,2.4,2.1333333333333333,1.7666666666666668,1.5,1.5,1.55,0.8333333333333334,2020-07-14,28,20.0
16.0,14.4,8.8,5.1,3.533333333333333,1.8,1.375,1.1,0.9333333333333332,0.48333333333333334,2020-07-29,28,11.6
15.2,14.8,13.599999999999998,11.7,10.733333333333334,8.033333333333333,7.125,6.44,5.866666666666666,3.5416666666666665,2020-07-30,28,85.0
9.6,8.0,6.8,5.800000000000001,4.8,3.5333333333333337,2.875,2.48,2.0833333333333335,1.0416666666666667,2020-07-31,28,25.0
17.6,15.200000000000003,12.8,10.500000000000002,9.000000000000002,5.2,3.95,3.1599999999999997,2.9333333333333336,1.7916666666666667,2020-08-20,28,43.0
28.0,24.400000000000006,21.6,20.3,18.333333333333332,14.733333333333333,12.5,10.3,9.116666666666665,4.825,2020-08-21,28,115.80000000000001
38.4,29.6,22.4,16.3,13.799999999999999,11.733333333333334,11.6,11.040000000000001,10.016666666666667,5.516666666666667,2020-08-22,28,132.39999999999998
31.2,18.0,9.2,4.6,3.1333333333333333,1.7,1.275,1.02,0.8500000000000001,0.4583333333333333,2020-08-24,28,11.0
9.6,8.8,5.999999999999999,3.9,3.4666666666666663,2.1,1.65,1.3199999999999998,1.0999999999999999,0.6166666666666667,2020-09-01,28,14.8
27.2,20.0,16.4,13.2,11.466666666666669,8.266666666666667,6.2,4.96,4.133333333333334,2.066666666666667,2020-09-02,28,49.599999999999994
11.2,7.999999999999999,7.6,5.4,4.333333333333333,3.4000000000000004,3.075,2.8600000000000003,2.4166666666666665,1.2083333333333333,2020-09-15,28,29.0
4.8,3.1999999999999993,2.2,2.0,1.6666666666666667,1.2666666666666668,1.175,1.08,0.9333333333333335,0.4916666666666667,2020-09-20,28,11.8
18.4,16.4,14.4,12.8,10.733333333333334,5.366666666666667,4.025,3.22,2.6833333333333336,1.3916666666666666,2020-09-21,28,33.400000000000006
43.2,39.2,34.4,30.1,27.0,19.633333333333333,19.775,18.46,16.65,10.166666666666666,2020-09-22,28,243.99999999999997
19.2,16.4,11.0,6.6,5.466666666666666,2.733333333333333,2.05,1.64,1.3666666666666665,0.6833333333333332,2020-10-03,28,16.4
13.6,12.0,9.8,9.3,9.333333333333334,6.966666666666666,5.5,4.42,3.9499999999999997,3.5833333333333335,2020-10-04,28,86.0
15.2,14.0,8.0,4.300000000000001,2.8666666666666667,1.5000000000000002,1.2,1.0,1.3,0.65,2020-10-16,28,15.6
20.0,13.6,9.0,5.7,4.266666666666667,2.1333333333333333,1.6,1.28,1.0666666666666667,0.5333333333333333,2020-10-26,28,12.8
28.8,27.200000000000003,23.4,21.4,20.73333333333333,15.966666666666667,13.049999999999999,10.959999999999999,9.383333333333333,4.95,2020-10-30,28,118.79999999999998
17.6,15.200000000000001,7.800000000000001,4.4,4.266666666666667,2.9333333333333336,2.35,2.4,2.5166666666666666,1.4833333333333334,2020-10-31,28,35.60000000000001
12.8,7.2,4.0,3.4000000000000004,2.466666666666667,1.2666666666666668,0.975,1.06,0.9833333333333334,0.4916666666666667,2020-11-05,28,11.8
8.0,6.0,5.0,4.5,3.3333333333333335,1.7333333333333334,1.3,1.04,0.8666666666666667,0.4583333333333333,2020-11-09,28,11.0
8.0,6.4,4.4,3.0,2.6666666666666665,1.8666666666666665,1.4,1.1199999999999999,0.9333333333333332,0.4666666666666666,2020-11-17,28,11.200000000000001
17.6,16.4,14.8,13.4,11.0,6.333333333333333,4.875,4.0,3.3333333333333335,1.9166666666666667,2020-11-18,28,46.0
38.4,34.400000000000006,30.6,24.900000000000002,21.2,16.1,12.775,10.22,8.516666666666667,4.566666666666666,2020-11-19,28,109.6
13.6,11.6,10.0,6.9,5.466666666666666,3.4,3.025,2.82,2.5500000000000003,1.6083333333333334,2020-11-20,28,38.6
20.8,17.6,14.6,10.700000000000001,7.333333333333333,4.133333333333334,3.1750000000000003,2.56,2.1333333333333333,1.075,2020-12-05,28,25.8
11.2,10.0,9.200000000000001,7.6,6.666666666666667,5.8999999999999995,5.7,5.180000000000001,4.683333333333333,2.5166666666666666,2020-12-06,28,60.4
24.0,18.799999999999997,14.4,9.200000000000001,6.266666666666667,3.533333333333333,2.6999999999999997,2.16,1.9000000000000001,1.8499999999999999,2020-12-07,28,44.400000000000006
16.8,12.8,10.0,7.3,6.8,3.966666666666667,2.975,2.38,1.9833333333333334,0.9916666666666667,2020-12-08,28,23.8
11.2,10.0,6.3999999999999995,4.0,2.733333333333333,2.5,1.9500000000000002,1.8,1.5999999999999999,0.8083333333333335,2020-12-10,28,19.4
56.8,29.2,14.799999999999999,7.499999999999999,4.999999999999999,2.4999999999999996,1.8749999999999998,1.4999999999999998,1.2499999999999998,0.6249999999999999,2020-12-13,28,14.999999999999998
17.6,17.200000000000003,15.8,12.5,11.666666666666666,7.166666666666667,5.475,4.4,3.6833333333333336,1.8416666666666668,2020-12-22,28,44.2
2.4,2.4,1.7999999999999998,1.4000000000000001,1.2,0.8333333333333335,0.7250000000000001,0.76,0.7333333333333334,0.4166666666666667,2020-12-24,28,10.0
64.0,49.6,37.599999999999994,24.7,18.2,10.366666666666667,8.299999999999999,6.68,5.566666666666666,2.9416666666666664,2020-12-25,28,70.6
2.4,2.0,1.8,1.7,1.4666666666666668,0.8333333333333334,0.8250000000000001,0.74,0.7000000000000001,0.525,2020-12-27,28,12.6
77.6,58.0,46.0,26.5,17.8,11.933333333333332,9.725000000000001,8.1,7.516666666666667,4.341666666666667,2021-01-02,28,104.2
15.2,12.0,8.2,5.8999999999999995,4.733333333333333,2.6666666666666665,2.025,1.64,1.3666666666666665,0.6916666666666668,2021-01-03,28,16.6
46.4,28.799999999999997,25.0,15.6,11.133333333333333,6.366666666666667,5.199999999999999,4.18,3.483333333333334,1.9916666666666665,2021-02-05,28,47.8
40.0,28.4,15.4,9.5,7.066666666666666,3.6,2.7,2.1599999999999997,1.8333333333333333,1.0250000000000001,2021-02-06,28,24.600000000000005
57.6,45.2,33.2,18.4,14.866666666666667,7.566666666666666,5.675,4.54,3.783333333333333,1.8916666666666666,2021-02-08,28,45.4
5.6,5.199999999999999,3.6,3.0,2.3333333333333335,1.5,1.125,0.9,0.75,0.45,2021-02-13,28,10.799999999999999
43.2,34.400000000000006,22.6,11.700000000000001,10.533333333333333,5.933333333333334,4.8,3.84,3.1999999999999997,1.6083333333333334,2021-02-22,28,38.6
47.2,32.0,20.200000000000003,11.9,8.733333333333333,4.6000000000000005,3.45,2.7600000000000002,2.3000000000000003,1.1500000000000001,2021-03-06,28,27.6
36.0,27.6,17.8,9.5,6.466666666666668,3.266666666666667,2.45,1.9600000000000002,1.6333333333333335,1.5250000000000001,2021-03-30,28,36.6
27.2,16.8,10.600000000000001,5.9,5.266666666666667,3.733333333333334,3.025,2.62,2.4166666666666665,1.7166666666666668,2021-04-21,28,41.2
12.0,9.2,5.4,4.6,3.3333333333333335,1.7666666666666666,1.825,1.5399999999999998,1.4333333333333333,0.7166666666666667,2021-04-22,28,17.200000000000003
20.0,16.8,10.8,7.5,5.133333333333334,2.6999999999999997,2.05,1.6800000000000002,1.4000000000000001,0.7083333333333334,2021-04-27,28,17.0
17.6,12.4,8.4,5.7,3.9333333333333336,2.0,1.5,1.2,1.0,0.5083333333333334,2021-04-28,28,12.200000000000001
16.0,12.4,10.2,8.4,6.933333333333334,3.733333333333334,3.05,2.7800000000000002,2.316666666666667,1.2583333333333333,2021-04-29,28,30.200000000000003
28.8,26.8,21.799999999999997,13.799999999999999,11.666666666666666,7.0,5.7,4.880000000000001,4.5,2.341666666666667,2021-05-07,28,56.2
21.6,16.0,11.0,10.2,9.266666666666667,5.166666666666667,3.875,3.1,2.5833333333333335,1.2916666666666667,2021-05-12,28,31.0
14.4,12.4,9.8,7.7,5.2,4.6000000000000005,3.5,2.8400000000000003,2.3666666666666667,1.4500000000000002,2021-05-13,28,34.8
65.6,54.8,30.4,17.099999999999998,12.4,6.933333333333334,5.2,4.16,3.466666666666667,1.7333333333333334,2021-05-30,28,41.599999999999994
25.6,20.8,14.4,7.3,4.866666666666666,2.433333333333333,1.825,1.46,1.2166666666666666,0.6083333333333333,2021-06-07,28,14.6
16.0,12.399999999999999,8.799999999999999,5.4,3.866666666666667,2.8000000000000003,2.5500000000000003,2.2199999999999998,2.0333333333333337,1.25,2021-06-17,28,30.0
8.0,6.800000000000001,5.8,5.5,4.6000000000000005,3.0333333333333337,2.475,2.0200000000000005,1.8333333333333333,1.075,2021-06-29,28,25.799999999999997
7.2,6.0,5.199999999999999,3.5,2.6666666666666665,1.7,1.275,1.02,0.85,0.425,2021-06-30,28,10.2
24.8,19.2,14.799999999999999,10.200000000000001,7.933333333333334,5.3,5.175,4.9399999999999995,5.016666666666667,3.1916666666666664,2021-07-28,28,76.6
9.6,8.0,7.0,6.2,5.6000000000000005,3.8333333333333335,3.0999999999999996,2.56,2.2333333333333334,1.8666666666666665,2021-08-12,28,44.8
12.0,11.2,10.2,8.5,7.933333333333334,6.833333333333335,6.2749999999999995,5.58,4.8,2.6833333333333336,2021-08-13,28,64.4
8.0,4.8,4.4,3.5,2.733333333333333,1.4000000000000001,1.05,0.8400000000000001,0.8666666666666667,0.4583333333333333,2021-08-14,28,11.0
12.0,9.6,7.4,5.4,4.6000000000000005,4.033333333333333,3.1,2.48,2.066666666666667,1.0333333333333334,2021-08-29,28,24.799999999999997
21.6,15.200000000000001,11.200000000000001,6.0,4.666666666666667,4.133333333333334,3.475,2.7800000000000002,2.316666666666667,1.8583333333333334,2021-08-31,28,44.599999999999994
14.4,10.8,8.2,7.300000000000001,5.866666666666667,3.4333333333333336,3.1750000000000003,2.56,2.15,1.0833333333333333,2021-09-01,28,26.0
4.0,3.5999999999999996,3.0,2.4,2.2666666666666666,2.066666666666667,1.7999999999999998,1.44,1.2166666666666666,0.9083333333333333,2021-09-16,28,21.8
15.2,14.8,8.8,4.6,3.0666666666666664,2.533333333333333,1.9,1.56,1.45,0.7666666666666666,2021-09-22,28,18.400000000000002
4.8,4.3999999999999995,4.0,3.6,3.266666666666667,2.3000000000000003,2.15,2.0,1.9666666666666668,1.5250000000000001,2021-10-05,28,36.599999999999994
12.0,9.200000000000001,7.8,7.199999999999999,6.133333333333334,3.8333333333333335,3.6,2.88,2.4,1.2,2021-10-07,28,28.8
8.0,6.8,6.4,6.1,4.8,2.8666666666666667,2.5,2.06,1.7166666666666668,0.9833333333333334,2021-10-10,28,23.6
7.2,7.2,5.999999999999999,4.9,4.4,3.6666666666666665,3.125,2.72,2.4166666666666665,1.425,2021-10-11,28,34.2
4.0,2.8,2.5999999999999996,2.5000000000000004,2.1333333333333333,1.6000000000000003,1.425,1.2,1.0,0.625,2021-10-18,28,15.0
4.0,3.2,2.5999999999999996,2.2,2.066666666666667,1.8333333333333333,1.7000000000000002,1.48,1.4333333333333333,1.1083333333333334,2021-10-19,28,26.6
8.0,8.0,6.2,5.1,4.733333333333333,4.3999999999999995,3.7,3.1399999999999997,2.6333333333333333,1.3166666666666667,2021-10-20,28,31.6
32.8,17.599999999999998,13.8,10.1,7.133333333333333,3.5666666666666664,3.775,3.02,2.5166666666666666,1.3333333333333333,2021-10-24,28,32.0
6.4,5.6,5.199999999999999,4.0,3.0,2.3333333333333335,1.975,1.58,1.3166666666666667,0.6666666666666666,2021-10-28,28,16.0
3.2,3.2,2.8000000000000003,2.5,2.2666666666666666,1.6000000000000003,1.325,1.1800000000000002,0.9833333333333334,0.5,2021-10-31,28,12.0
8.0,6.799999999999999,6.0,5.0,4.733333333333333,4.266666666666667,3.8499999999999996,3.2599999999999993,2.816666666666667,1.6666666666666667,2021-11-01,28,40.00000000000001
15.2,10.8,8.6,5.3,3.8000000000000003,2.6666666666666665,2.525,2.08,1.75,1.425,2021-11-02,28,34.2
11.2,8.399999999999999,6.0,4.8999999999999995,3.533333333333333,3.1666666666666665,2.525,2.02,1.6833333333333333,0.9666666666666667,2021-11-03,28,23.200000000000003
9.6,8.8,7.0,4.2,3.466666666666667,2.1333333333333333,1.6500000000000001,1.4600000000000002,1.2333333333333334,0.6166666666666667,2021-11-11,28,14.8
10.4,10.4,9.0,8.4,7.800000000000001,5.233333333333333,3.9250000000000003,3.14,2.6166666666666667,1.9166666666666667,2021-11-19,28,46.0
9.6,9.6,7.800000000000001,6.199999999999999,4.6000000000000005,2.533333333333333,1.9,1.52,1.2666666666666666,0.9833333333333334,2021-11-20,28,23.6
24.0,23.2,11.8,5.9,3.9333333333333336,1.9666666666666668,1.475,1.1800000000000002,0.9833333333333334,0.4916666666666667,2021-12-05,28,11.799999999999999
28.8,27.200000000000003,24.8,16.7,12.266666666666666,7.966666666666668,6.425000000000001,5.38,4.533333333333333,2.5333333333333337,2021-12-07,28,60.8
20.0,15.6,10.6,8.9,6.0,3.0333333333333337,2.85,2.34,2.1333333333333333,1.075,2021-12-08,28,25.8
63.2,49.2,28.6,15.100000000000001,10.6,5.3,3.975,3.18,2.6666666666666665,1.3499999999999999,2021-12-12,28,32.4
64.8,36.0,18.2,9.2,6.133333333333333,3.0666666666666664,2.3,1.8399999999999999,1.5499999999999998,0.7749999999999999,2021-12-15,28,18.599999999999998
53.6,48.0,37.6,23.4,16.933333333333334,9.4,7.375,6.5200000000000005,5.7,2.891666666666667,2021-12-17,28,69.4
23.2,16.8,9.0,4.8,3.6666666666666665,2.4,1.7999999999999998,1.44,1.2666666666666666,0.9500000000000001,2021-12-18,28,22.799999999999997
42.4,28.4,19.4,13.799999999999999,12.799999999999999,7.8,5.875,5.0600000000000005,4.266666666666667,2.1333333333333333,2021-12-23,28,51.2
66.4,52.0,39.0,22.400000000000002,22.666666666666668,12.433333333333332,9.375,7.5200000000000005,6.266666666666667,3.1333333333333333,2021-12-30,28,75.19999999999999
4.8,4.0,3.8000000000000003,3.4000000000000004,2.9333333333333336,1.6333333333333335,1.275,1.1199999999999999,0.9833333333333334,0.65,2021-12-31,28,15.599999999999998
23.2,12.799999999999999,7.2,3.9,3.4,2.3666666666666667,1.8,1.44,1.2,0.6,2022-01-06,28,14.399999999999999
30.4,24.0,15.600000000000001,9.3,8.2,5.766666666666667,5.0,4.52,4.05,3.391666666666667,2022-01-07,28,81.4
35.2,32.8,22.400000000000002,11.600000000000001,8.000000000000002,6.166666666666667,5.3,4.58,3.983333333333334,3.533333333333333,2022-01-08,28,84.79999999999998
38.4,29.6,16.8,8.7,6.066666666666666,3.233333333333333,2.425,1.94,1.6166666666666665,0.9416666666666668,2022-01-11,28,22.6
39.2,24.0,12.8,6.4,4.266666666666667,2.1666666666666665,2.9000000000000004,2.3600000000000003,1.9666666666666668,1.0166666666666666,2022-01-29,28,24.4
6.4,5.199999999999999,3.8,2.4,1.8666666666666665,1.0,0.75,0.6,0.5166666666666667,0.4166666666666667,2022-01-30,28,10.0
7.2,5.6,4.0,3.4,3.066666666666667,2.566666666666667,2.025,1.64,1.4000000000000001,0.7000000000000001,2022-02-07,28,16.8
3.2,2.8,2.4000000000000004,2.0,1.4666666666666668,0.8666666666666667,0.65,0.52,0.55,0.42500000000000004,2022-02-08,28,10.2
16.8,14.8,8.200000000000001,4.3,3.0,1.5333333333333334,1.25,1.0,0.8333333333333335,0.45,2022-02-09,28,10.8
16.0,14.4,11.600000000000001,7.800000000000001,5.3999999999999995,2.966666666666667,2.225,1.78,1.4833333333333334,0.7416666666666667,2022-02-17,28,17.8
32.8,25.2,14.2,8.5,6.066666666666666,3.1333333333333333,2.35,1.8800000000000001,1.5666666666666664,0.8833333333333333,2022-02-18,28,21.200000000000003
32.0,30.8,26.400000000000002,16.0,14.133333333333333,11.200000000000001,8.675,6.94,5.783333333333334,2.891666666666667,2022-03-20,28,69.4
26.4,26.4,15.6,8.299999999999999,6.333333333333333,3.6666666666666665,2.775,2.2199999999999998,1.8666666666666665,0.9833333333333333,2022-03-21,28,23.6
132.8,94.80000000000001,68.4,47.800000000000004,32.46666666666667,17.633333333333333,13.225,10.58,8.816666666666666,4.866666666666666,2022-03-31,28,116.79999999999998
46.4,44.0,38.4,35.2,30.799999999999997,29.13333333333333,23.999999999999996,19.28,16.083333333333332,8.716666666666667,2022-04-01,28,209.2
16.0,13.2,11.599999999999998,10.5,7.733333333333333,5.666666666666667,4.875,4.0,3.35,2.6416666666666666,2022-04-02,28,63.400000000000006
21.6,16.4,11.2,7.4,5.0,2.8000000000000003,2.125,1.72,1.4333333333333333,0.7166666666666667,2022-04-06,28,17.2
49.6,29.200000000000003,15.2,7.7,5.133333333333334,2.566666666666667,1.925,1.54,1.2833333333333334,0.6416666666666667,2022-04-09,28,15.4
38.4,36.0,28.0,18.599999999999998,16.4,10.966666666666667,8.225,6.58,5.5,3.5416666666666665,2022-04-14,28,85.0
11.2,9.2,4.8,2.6999999999999997,1.9333333333333333,1.6666666666666667,1.25,1.04,0.8666666666666667,0.43333333333333335,2022-04-15,28,10.399999999999999
32.0,18.0,16.6,8.4,5.666666666666667,2.8333333333333335,2.125,1.7,1.4166666666666667,0.7083333333333334,2022-04-29,28,17.0
32.0,19.6,12.2,7.6,5.533333333333332,2.933333333333333,2.375,2.8,2.4666666666666663,1.3499999999999999,2022-04-30,28,32.4
16.8,12.0,6.8,4.6,3.466666666666667,1.7666666666666666,1.325,1.06,0.8833333333333333,0.44166666666666665,2022-05-08,28,10.6
26.4,22.4,17.599999999999998,10.3,7.066666666666666,3.6666666666666665,2.75,2.2199999999999998,1.8499999999999999,0.9416666666666665,2022-05-12,28,22.6
20.0,11.2,10.2,5.699999999999999,3.8666666666666667,2.033333333333333,1.6749999999999998,1.3599999999999999,1.1333333333333333,0.5666666666666667,2022-05-16,28,13.599999999999998
16.8,11.600000000000001,7.799999999999999,6.5,5.6000000000000005,4.166666666666667,3.35,2.68,2.2333333333333334,1.45,2022-06-03,28,34.8
15.2,14.0,10.2,5.7,4.266666666666667,2.8666666666666667,2.15,1.72,1.4333333333333333,0.725,2022-06-10,28,17.400000000000002
8.0,7.6,4.8,2.6,2.2666666666666666,1.4666666666666668,1.425,1.2600000000000002,1.2500000000000002,1.05,2022-06-11,28,25.200000000000003
8.0,6.399999999999999,5.199999999999999,4.3,3.5333333333333337,2.6333333333333333,2.3,1.98,1.6500000000000001,0.8250000000000001,2022-06-14,28,19.8
20.0,13.599999999999998,10.4,8.6,7.133333333333334,5.0,4.075,3.28,2.733333333333333,1.3666666666666665,2022-06-18,28,32.8
12.8,10.0,5.800000000000001,3.4,2.466666666666667,1.8333333333333333,1.825,1.7,1.4333333333333336,0.7333333333333334,2022-06-19,28,17.6
16.8,13.600000000000001,9.8,6.1,5.133333333333334,2.6333333333333333,1.975,1.58,1.3166666666666667,0.6583333333333333,2022-06-25,28,15.8
12.8,10.8,5.800000000000001,2.9000000000000004,2.2,1.1666666666666667,1.3,1.1400000000000001,1.0,0.6333333333333334,2022-06-26,28,15.200000000000001
44.0,38.4,25.4,21.900000000000002,18.733333333333334,15.933333333333332,13.024999999999999,11.1,9.25,4.625,2022-07-14,28,111.0
12.8,11.2,6.8,4.2,2.9333333333333336,1.7333333333333334,1.75,1.4,1.1666666666666667,0.5833333333333334,2022-07-29,28,13.999999999999998
9.6,7.199999999999999,5.6000000000000005,4.9,3.6666666666666665,2.566666666666667,2.0,1.6199999999999999,1.3499999999999999,0.6749999999999999,2022-08-10,28,16.2
22.4,11.6,7.8,5.3,5.3999999999999995,3.766666666666667,3.3749999999999996,2.7399999999999998,2.4,1.3499999999999999,2022-08-11,28,32.4
12.8,12.4,12.0,11.0,9.866666666666667,7.8999999999999995,6.3,5.14,4.366666666666666,2.4166666666666665,2022-09-04,28,58.0
5.6,5.199999999999999,4.8,4.4,3.8666666666666667,1.9333333333333333,1.45,1.16,0.9666666666666667,0.48333333333333334,2022-09-10,28,11.6
6.4,6.4,6.0,5.1,5.0,3.9,3.075,2.46,2.0500000000000003,1.075,2022-09-11,28,25.8
4.8,4.0,3.0,2.1,1.7333333333333334,1.0999999999999999,0.8500000000000001,1.0,0.9666666666666668,0.6,2022-09-15,28,14.400000000000002
8.8,5.6000000000000005,4.4,3.7,3.6,2.6666666666666665,2.575,2.56,2.3833333333333333,1.6416666666666666,2022-09-16,28,39.400000000000006
15.2,14.0,13.0,12.1,11.6,9.666666666666666,8.875,7.62,6.466666666666668,3.391666666666667,2022-09-28,28,81.4
12.8,12.4,10.2,8.700000000000001,7.3999999999999995,4.7,4.2,3.9800000000000004,4.25,3.1500000000000004,2022-09-29,28,75.60000000000001
36.8,24.799999999999997,15.2,7.699999999999999,5.133333333333333,2.5666666666666664,1.9249999999999998,1.5399999999999998,1.2833333333333332,0.6416666666666666,2022-10-15,28,15.399999999999999
7.2,6.4,6.0,4.9,3.3333333333333335,1.6666666666666667,1.25,1.0,0.8333333333333334,0.48333333333333334,2022-10-28,28,11.6
48.0,35.6,23.8,13.100000000000001,8.866666666666667,4.466666666666667,3.35,2.68,2.2333333333333334,1.1166666666666667,2022-10-31,28,26.8
17.6,16.0,13.6,12.6,12.0,10.766666666666666,9.6,7.76,6.566666666666666,3.725,2022-11-01,28,89.4
24.0,19.6,16.2,10.0,8.266666666666667,5.466666666666666,4.825,5.48,4.833333333333333,2.9333333333333336,2022-11-02,28,70.4
30.4,25.2,17.6,9.299999999999999,8.733333333333334,5.5,4.125,3.3,2.75,1.508333333333333,2022-11-04,28,36.199999999999996
44.0,22.4,11.399999999999999,5.699999999999999,3.7999999999999994,1.9666666666666666,1.5,1.2,1.0,0.5083333333333334,2022-11-08,28,12.2
48.8,46.0,32.6,22.6,16.666666666666668,8.433333333333334,6.325,5.0600000000000005,4.216666666666667,2.1083333333333334,2022-11-11,28,50.6
11.2,9.599999999999998,8.0,5.8,4.733333333333333,2.4,1.8,1.44,1.2,0.6,2022-11-16,28,14.4
15.2,13.2,10.6,7.6,7.133333333333333,4.433333333333333,3.3249999999999997,2.6599999999999997,2.2166666666666663,1.1083333333333332,2022-11-24,28,26.6
8.8,8.0,6.6000000000000005,4.4,3.0,2.0,1.775,1.48,1.2666666666666668,0.6583333333333333,2022-12-06,28,15.8
10.4,9.600000000000001,9.0,7.9,5.333333333333333,3.6999999999999997,3.2,3.04,2.6166666666666667,1.3083333333333333,2022-12-13,28,31.4
40.8,29.2,27.6,17.1,11.4,5.7,4.275,3.4200000000000004,2.85,1.4416666666666667,2022-12-17,28,34.6
42.4,34.4,19.799999999999997,10.2,6.8,4.8,4.3,3.6399999999999997,3.1,1.7166666666666668,2022-12-18,28,41.2
11.2,9.6,9.2,7.6,6.599999999999999,5.0,4.375,3.9200000000000004,3.4666666666666663,2.4,2022-12-20,28,57.6
12.8,11.2,9.8,8.100000000000001,7.3999999999999995,5.766666666666667,5.175,4.720000000000001,4.816666666666666,4.158333333333333,2022-12-21,28,99.8
12.8,10.8,8.400000000000002,6.9,5.3999999999999995,3.6,2.7,2.16,1.8,0.9249999999999999,2022-12-22,28,22.2
20.8,20.0,16.4,13.0,9.533333333333333,5.633333333333334,4.475,3.6800000000000006,3.0666666666666664,1.5666666666666667,2022-12-30,28,37.6
21.6,20.0,17.4,15.1,14.600000000000001,10.700000000000001,9.075,7.360000000000001,6.483333333333333,3.3833333333333333,2023-01-05,28,81.19999999999999
12.0,11.6,10.799999999999999,9.6,9.0,8.366666666666665,7.6,7.24,6.733333333333334,,2023-01-06,28,122.2
4.0,3.2,2.6,2.5,2.266666666666667,2.1,1.95,1.7000000000000004,1.616666666666667,,2023-01-07,28,28.200000000000003
8.8,8.0,6.4,4.1000000000000005,3.2000000000000006,1.7333333333333334,1.3,1.08,0.9,0.8500000000000001,2023-01-09,28,20.4
26.4,22.4,16.2,10.6,7.3999999999999995,3.966666666666667,3.0,2.4,2.0,,2023-01-23,28,24.0
16.8,12.8,8.4,4.9,3.4000000000000004,1.7333333333333334,1.3,1.04,0.8666666666666667,0.43333333333333335,2023-01-30,28,10.4
26.4,17.2,9.0,4.8,3.266666666666666,1.6666666666666667,1.25,1.0,0.8333333333333334,0.4166666666666667,2023-02-05,28,10.0
52.8,50.0,38.8,23.8,20.866666666666667,13.466666666666667,10.275,8.22,6.8500000000000005,3.4250000000000003,2023-02-07,28,82.2
26.4,21.2,13.4,8.0,6.6000000000000005,3.5999999999999996,2.6999999999999997,2.1599999999999997,1.7999999999999998,0.8999999999999999,2023-02-10,28,21.599999999999998
44.0,43.6,33.2,19.5,14.533333333333333,8.166666666666666,6.125,4.9,4.083333333333333,2.0500000000000003,2023-02-11,28,49.2
56.0,52.0,37.8,21.3,14.666666666666666,7.333333333333333,5.5,4.4,3.6666666666666665,,2023-02-28,28,43.999999999999986
18.4,16.799999999999997,11.8,6.1,4.266666666666667,2.1999999999999997,1.7,1.44,1.3,0.7583333333333333,2023-03-27,28,18.200000000000003
20.8,13.2,8.0,4.8,3.6666666666666665,1.9666666666666668,1.475,1.1800000000000002,0.9833333333333334,0.4916666666666667,2023-03-30,28,11.8
48.0,31.6,19.0,10.0,6.666666666666667,3.3333333333333335,2.5,2.0,1.6666666666666667,0.8333333333333334,2023-04-01,28,20.0
41.6,40.400000000000006,30.200000000000003,18.0,15.133333333333335,11.966666666666667,9.275,7.640000000000001,6.5,4.533333333333333,2023-04-08,28,108.8
17.6,11.600000000000001,8.6,5.9,4.0,2.3333333333333335,2.0,1.6600000000000001,1.4333333333333333,0.9416666666666668,2023-04-09,28,22.6
10.4,7.6,4.4,3.9,2.8000000000000003,1.7,1.275,1.02,0.85,0.43333333333333335,2023-04-15,28,10.4
8.0,6.8,5.6,4.1,3.733333333333333,2.2666666666666666,2.4250000000000003,2.08,1.7333333333333334,0.8666666666666667,2023-04-19,28,20.799999999999997
9.6,8.4,7.2,4.4,3.066666666666667,2.1333333333333333,1.85,1.56,1.3,0.65,2023-04-28,28,15.600000000000001
10.4,9.2,6.6000000000000005,5.6,4.8,3.6999999999999997,3.375,3.3,2.766666666666667,,2023-05-10,28,33.6
6.4,4.0,2.4000000000000004,2.0,1.4000000000000001,0.9,0.7,0.58,0.48333333333333334,0.44166666666666665,2023-05-17,28,10.6
36.8,32.0,22.999999999999996,18.2,13.733333333333333,7.433333333333334,5.75,5.859999999999999,5.15,2.6833333333333336,2023-05-29,28,64.4
28.0,20.0,18.200000000000003,10.2,6.933333333333334,3.5,2.625,2.1,1.8500000000000003,0.9500000000000001,2023-06-01,28,22.8
16.8,15.2,14.0,13.299999999999999,12.866666666666667,11.566666666666668,10.700000000000001,9.040000000000001,7.666666666666667,,2023-07-19,28,92.19999999999999
2.4,2.0,1.8,1.7000000000000002,1.6666666666666667,1.1333333333333335,0.9750000000000001,0.8800000000000001,0.8166666666666668,,2023-08-14,28,10.399999999999999
12.8,12.8,10.0,6.2,4.666666666666667,3.466666666666667,3.075,3.56,3.266666666666667,2.45,2023-08-26,28,58.800000000000004
12.8,12.0,10.399999999999999,8.5,8.2,5.533333333333334,4.3500000000000005,3.5200000000000005,3.033333333333333,2.6583333333333337,2023-08-27,28,63.8
4.0,2.8000000000000003,2.6,2.3,1.6000000000000003,1.2333333333333334,1.225,1.08,0.9333333333333335,,2023-08-28,28,19.199999999999996
14.4,12.8,11.4,10.5,9.133333333333333,7.466666666666666,5.625,4.5,3.75,,2023-08-29,28,47.4
16.0,14.4,12.8,10.8,7.6000000000000005,4.6000000000000005,3.5,2.8,2.3333333333333335,1.1666666666666667,2023-09-14,28,28.0
5.6,4.4,3.0,2.6,2.3333333333333335,1.7333333333333334,1.325,1.06,0.9,0.4583333333333333,2023-09-15,28,11.0
8.8,7.2,5.6,3.7,2.733333333333334,2.2,2.05,1.94,1.8499999999999999,0.9916666666666667,2023-09-28,28,23.8
8.8,8.0,5.6000000000000005,5.1,4.066666666666666,3.1999999999999997,2.5500000000000003,2.1000000000000005,2.183333333333333,,2023-10-01,28,27.400000000000006
25.6,20.8,15.600000000000001,8.0,5.333333333333333,2.6666666666666665,2.0,1.6,1.3333333333333333,,2023-10-02,28,24.4
17.6,15.600000000000001,8.200000000000001,7.300000000000001,4.866666666666667,2.4333333333333336,1.8250000000000002,1.4600000000000002,1.2166666666666668,,2023-10-07,28,14.6
4.0,2.4,1.7999999999999998,1.6,1.4000000000000001,1.2,1.1250000000000002,1.06,0.9,,2023-10-10,28,11.2
7.2,4.800000000000001,4.2,2.8000000000000003,2.5333333333333337,2.2666666666666666,2.1,2.08,1.883333333333333,,2023-10-13,28,25.8
4.8,4.400000000000001,4.0,3.8000000000000003,3.533333333333333,3.1666666666666665,2.875,2.7800000000000002,2.6,,2023-10-14,28,48.2
38.4,37.599999999999994,21.6,13.700000000000001,9.533333333333333,4.8,3.6,2.88,2.4,,2023-10-17,28,28.799999999999997
57.6,31.6,17.4,8.7,5.8,2.9,2.175,1.7399999999999998,1.45,,2023-10-26,28,18.799999999999997
35.2,27.200000000000003,14.400000000000002,8.4,5.6000000000000005,3.766666666666667,3.1,2.48,2.066666666666667,1.0333333333333334,2023-10-29,28,24.8
34.4,32.0,22.6,11.5,7.666666666666667,3.8333333333333335,2.875,2.3,1.9166666666666667,,2023-12-08,28,23.000000000000004
34.4,21.6,13.0,8.4,7.666666666666667,5.733333333333333,4.825,4.0,3.533333333333333,2.283333333333333,2023-12-09,28,54.8
24.0,14.4,7.2,3.6,2.4,1.4333333333333333,1.075,0.86,0.7333333333333334,0.425,2023-12-11,28,10.200000000000001
7.2,6.800000000000001,6.4,5.5,5.333333333333333,2.9333333333333336,2.2,1.7600000000000002,1.4666666666666668,,2024-01-03,28,19.400000000000002
6.4,6.0,4.8,3.5,2.733333333333333,1.7666666666666666,1.5,1.26,1.05,,2024-01-04,28,12.6
30.4,25.200000000000003,19.0,17.8,15.866666666666667,11.466666666666667,9.55,7.640000000000001,6.366666666666667,3.6333333333333333,2024-01-13,28,87.19999999999999
48.8,42.4,30.4,19.299999999999997,14.333333333333334,8.666666666666666,6.8999999999999995,5.92,5.0,2.5,2024-01-14,28,60.0
76.0,70.80000000000001,62.2,38.8,27.26666666666667,13.766666666666666,10.35,8.28,6.8999999999999995,4.183333333333334,2024-01-21,28,100.39999999999999
16.0,8.0,5.6,2.9,2.0,1.1333333333333333,0.9,1.1400000000000001,1.05,0.6833333333333332,2024-01-22,28,16.400000000000002
18.4,13.999999999999996,12.399999999999999,10.6,9.200000000000001,6.199999999999999,5.75,5.119999999999999,5.116666666666666,3.141666666666667,2024-01-23,28,75.4
4.0,2.8,2.6,1.8000000000000003,1.8,1.3,1.05,0.8800000000000001,0.7333333333333334,0.44166666666666665,2024-01-24,28,10.600000000000001
17.6,15.600000000000001,10.600000000000001,7.0,5.8,5.3,5.050000000000001,4.680000000000001,4.633333333333334,3.1750000000000003,2024-01-26,28,76.2
22.4,19.2,11.799999999999999,6.1,5.866666666666667,4.233333333333333,3.175,2.54,2.1166666666666667,1.075,2024-01-28,28,25.799999999999997
12.8,10.0,8.2,5.800000000000001,4.133333333333334,2.1,1.5750000000000002,1.2600000000000002,1.05,0.525,2024-01-31,28,12.6
7.2,7.2,6.0,4.8,3.466666666666667,1.8333333333333333,1.375,1.1,0.9166666666666666,0.4583333333333333,2024-02-14,28,11.000000000000002
26.4,26.4,22.2,14.7,10.333333333333334,5.599999999999999,4.199999999999999,3.9799999999999995,3.7000000000000006,3.366666666666667,2024-02-15,28,92.0
15.2,15.2,13.4,10.2,8.466666666666667,5.966666666666666,6.025,5.68,4.816666666666666,2.4583333333333335,2024-02-21,28,62.599999999999994
10.4,9.2,7.800000000000001,5.0,3.6666666666666674,1.9000000000000001,1.425,1.1400000000000001,0.9500000000000001,0.47500000000000003,2024-03-01,28,11.400000000000002
5.6,5.199999999999999,5.0,3.5999999999999996,2.4,1.5999999999999999,1.2,0.96,0.8333333333333334,0.47500000000000003,2024-03-02,28,11.4
52.8,49.599999999999994,41.199999999999996,24.9,17.066666666666666,8.733333333333333,7.5,7.42,7.033333333333334,3.5500000000000003,2024-03-05,28,85.2
23.2,22.0,18.2,12.299999999999999,9.333333333333334,5.166666666666667,4.0,3.5799999999999996,3.7166666666666663,1.9666666666666668,2024-03-06,28,62.2
11.2,11.2,9.2,6.300000000000001,4.3999999999999995,2.1999999999999997,1.65,1.44,1.2,0.625,2024-03-07,28,15.6
4.8,4.8,4.4,3.1,2.3333333333333335,1.4000000000000001,1.05,0.9,0.75,0.525,2024-03-08,28,12.6
10.4,10.4,9.0,6.6,5.533333333333334,3.4333333333333336,2.575,2.06,1.7166666666666668,0.875,2024-03-09,28,21.0
28.0,27.6,26.799999999999997,24.2,22.53333333333333,18.566666666666666,16.525000000000002,15.26,13.85,12.65,2024-03-22,28,423.40000000000003
6.4,6.4,5.4,4.1,3.9333333333333336,3.733333333333333,3.45,2.96,2.6,1.4166666666666667,2024-03-23,28,39.99999999999999
14.4,14.4,13.4,11.8,9.799999999999999,7.300000000000001,6.4,5.64,5.233333333333333,3.966666666666667,2024-03-24,28,143.8
11.2,10.399999999999999,9.0,6.5,4.8,2.6666666666666665,2.075,1.72,1.4333333333333333,0.7666666666666666,2024-03-26,28,35.8
13.6,13.2,9.8,5.3,3.533333333333333,1.7666666666666666,1.325,1.06,0.8833333333333333,0.44166666666666665,2015-05-28,32,10.6
6.4,5.2,3.0,1.9,1.666666666666667,1.5666666666666667,1.35,1.24,1.0999999999999999,0.8583333333333334,2015-06-19,32,20.6
40.0,28.0,21.6,14.200000000000001,10.0,5.033333333333333,3.775,3.04,2.533333333333333,1.2666666666666666,2015-06-24,32,30.400000000000002
22.4,14.0,7.799999999999999,4.6,3.4,1.7666666666666666,1.325,1.0799999999999998,0.8999999999999999,0.8083333333333332,2015-09-11,32,19.4
5.6,4.8,4.6,3.6999999999999997,2.9333333333333336,1.866666666666667,1.475,1.3,1.0999999999999999,0.6083333333333333,2015-09-13,32,14.6
40.0,24.4,14.0,7.3,4.933333333333333,2.4666666666666663,1.8499999999999999,1.48,1.2333333333333332,0.6166666666666666,2015-09-27,32,14.8
6.4,6.0,5.8,4.8,3.4,1.7333333333333334,1.3,1.04,0.8666666666666667,0.525,2015-11-02,32,12.6
37.6,24.0,15.600000000000001,8.200000000000001,5.866666666666667,3.066666666666667,2.3000000000000003,1.8400000000000003,1.5333333333333334,0.7666666666666667,2015-11-04,32,18.4
21.6,20.0,13.399999999999999,8.5,6.066666666666667,3.3666666666666667,2.525,2.02,1.6833333333333333,0.9249999999999999,2015-11-07,32,22.200000000000003
23.2,15.2,9.4,8.7,5.933333333333334,3.0,2.3,1.8399999999999999,1.5333333333333332,0.775,2015-11-08,32,18.6
47.2,35.6,22.400000000000002,11.3,7.800000000000001,4.066666666666667,3.0500000000000003,2.4400000000000004,2.0333333333333337,1.1583333333333334,2015-11-23,32,27.799999999999997
96.8,78.0,51.6,30.5,20.733333333333334,10.6,8.025,6.42,5.3500000000000005,2.6833333333333336,2015-11-29,32,64.4
13.6,8.4,4.8,3.8000000000000003,3.066666666666667,2.066666666666667,2.125,1.7400000000000002,1.4500000000000002,0.775,2015-12-07,32,18.6
32.0,27.2,17.400000000000002,10.299999999999999,8.266666666666667,4.933333333333334,3.7,2.96,2.466666666666667,1.2333333333333334,2015-12-12,32,29.6
48.0,34.0,18.6,9.3,6.2,3.1,2.325,1.86,1.55,0.775,2015-12-16,32,18.6
23.2,15.200000000000001,10.8,9.2,6.333333333333333,3.1999999999999997,2.4,1.92,1.5999999999999999,0.7999999999999999,2016-01-13,32,19.200000000000003
18.4,14.4,11.6,8.8,8.2,5.166666666666667,4.45,3.56,2.966666666666667,1.5416666666666667,2016-01-15,32,37.0
19.2,14.0,12.8,12.200000000000001,11.466666666666667,6.466666666666666,5.025,4.32,3.716666666666667,1.8583333333333334,2016-01-16,32,44.6
15.2,10.8,6.8,4.1000000000000005,2.9333333333333336,1.7000000000000002,1.325,1.08,1.1,0.7166666666666667,2016-01-19,32,17.200000000000003
17.6,16.400000000000002,9.200000000000001,5.0,3.4000000000000004,1.7666666666666668,1.3250000000000002,1.06,0.8833333333333334,0.4416666666666667,2016-01-23,32,10.600000000000001
53.6,51.2,28.8,14.6,9.733333333333333,4.866666666666666,3.65,2.92,2.433333333333333,1.2166666666666666,2016-02-15,32,29.199999999999996
29.6,28.0,14.4,7.6000000000000005,5.133333333333334,3.033333333333333,2.275,1.8199999999999998,1.5166666666666666,0.7583333333333333,2016-02-16,32,18.200000000000003
15.2,12.0,7.8,4.0,2.733333333333333,1.7,1.275,1.02,0.85,0.44166666666666665,2016-02-17,32,10.6
26.4,22.0,12.4,6.9,4.666666666666667,2.3333333333333335,1.75,1.4,1.1666666666666667,0.5833333333333334,2016-02-19,32,14.000000000000002
73.6,48.8,29.0,14.799999999999999,9.933333333333332,4.966666666666666,3.7249999999999996,2.9799999999999995,2.483333333333333,1.2499999999999998,2016-02-20,32,30.0
21.6,14.0,10.0,5.9,4.133333333333334,2.066666666666667,1.55,1.24,1.0333333333333334,0.5166666666666667,2016-02-21,32,12.400000000000002
64.8,63.2,38.6,19.7,13.133333333333333,6.566666666666666,4.925,3.94,3.283333333333333,1.6416666666666666,2016-02-22,32,39.400000000000006
72.8,42.8,23.599999999999998,11.799999999999999,7.866666666666666,3.933333333333333,2.9499999999999997,2.36,1.9666666666666666,0.9833333333333333,2016-02-23,32,23.599999999999998
68.0,47.6,32.8,20.9,15.399999999999999,8.366666666666665,6.324999999999999,5.06,4.233333333333333,2.1166666666666667,2016-02-29,32,50.8
94.4,72.4,49.8,30.9,22.400000000000002,11.233333333333334,8.425,8.36,7.166666666666667,3.5833333333333335,2016-03-12,32,86.0
9.6,8.8,5.800000000000001,3.5,3.066666666666667,1.9000000000000001,1.425,1.1400000000000001,0.9500000000000001,0.47500000000000003,2016-03-16,32,11.4
43.2,32.8,18.799999999999997,11.100000000000001,7.800000000000001,4.0,3.0,2.4,2.0,1.0,2016-03-23,32,24.0
8.0,6.8,3.8,1.9,1.3333333333333333,0.7000000000000001,0.775,0.78,0.6666666666666666,0.43333333333333335,2016-05-13,32,10.4
20.8,20.4,11.200000000000001,5.8,4.466666666666667,2.5,1.875,1.56,1.3333333333333333,0.7999999999999999,2016-05-18,32,19.200000000000003
10.4,10.4,7.2,4.800000000000001,4.266666666666667,2.966666666666667,2.35,1.8800000000000001,1.5833333333333333,0.7916666666666666,2016-06-05,32,19.0
32.8,21.2,11.400000000000002,8.1,6.133333333333333,4.833333333333333,4.1,3.3,2.75,1.4666666666666668,2016-06-07,32,35.2
5.6,5.2,3.4,3.0,2.466666666666667,1.5,1.325,1.06,0.8833333333333333,0.6583333333333333,2016-08-21,32,15.8
14.4,8.8,5.6,3.4,2.2666666666666666,1.1666666666666667,1.2,1.3,1.0833333333333333,0.5416666666666666,2016-08-31,32,12.999999999999998
76.0,69.2,42.4,25.400000000000002,17.8,9.466666666666667,7.1,5.68,4.733333333333333,2.3666666666666667,2016-09-20,32,56.8
7.2,6.4,4.6,3.6,3.0666666666666664,2.3000000000000003,1.9500000000000002,1.6400000000000001,1.3833333333333335,0.9750000000000001,2016-10-04,32,23.4
10.4,7.6,5.4,3.7,3.1999999999999997,1.7333333333333334,1.3,1.04,0.8666666666666667,0.44166666666666665,2016-10-05,32,10.600000000000001
24.0,20.0,15.200000000000001,10.2,7.2,5.066666666666667,4.1000000000000005,3.4200000000000004,2.8833333333333333,1.6083333333333334,2016-11-04,32,38.60000000000001
21.6,20.0,15.6,10.100000000000001,7.333333333333335,4.333333333333333,3.4,2.74,2.3000000000000003,1.1500000000000001,2016-11-05,32,27.6
14.4,12.4,8.0,6.1000000000000005,4.933333333333334,3.4000000000000004,2.75,2.4200000000000004,2.1833333333333336,1.4083333333333334,2016-11-13,32,33.800000000000004
5.6,4.8,3.6,2.9000000000000004,2.8000000000000003,2.1666666666666665,2.0,1.8200000000000003,1.6333333333333335,0.875,2016-11-14,32,21.0
30.4,24.799999999999997,16.2,8.6,5.8,2.9,2.175,1.7399999999999998,1.45,0.725,2016-11-17,32,17.4
60.0,40.0,22.0,11.0,7.333333333333333,3.6666666666666665,2.75,2.2,1.8333333333333333,0.9166666666666666,2016-12-03,32,22.0
56.8,44.8,31.4,19.6,15.533333333333333,7.8,5.85,4.68,3.9,1.9666666666666666,2016-12-12,32,47.2
19.2,14.399999999999999,7.4,4.300000000000001,3.2000000000000006,2.1999999999999997,2.05,1.7599999999999998,1.6500000000000001,1.1833333333333333,2016-12-14,32,28.4
26.4,25.6,15.2,7.7,5.133333333333334,2.566666666666667,1.925,1.54,1.2833333333333334,0.6416666666666667,2016-12-30,32,15.4
36.8,19.2,9.799999999999999,4.8999999999999995,3.266666666666666,2.8666666666666667,2.15,1.72,1.4333333333333333,0.7166666666666667,2017-01-11,32,17.2
17.6,15.600000000000001,10.4,5.4,3.733333333333334,1.866666666666667,1.4000000000000001,1.12,0.9333333333333335,0.46666666666666673,2017-01-13,32,11.200000000000001
21.6,20.8,10.6,5.3,3.533333333333333,1.7666666666666666,1.325,1.06,0.8833333333333333,0.44166666666666665,2017-01-16,32,10.600000000000001
20.8,17.6,9.6,5.0,3.466666666666667,2.066666666666667,1.55,1.24,1.0333333333333334,0.5166666666666667,2017-01-19,32,12.4
24.0,19.6,15.2,8.1,5.3999999999999995,2.8666666666666667,2.15,1.72,1.5,0.75,2017-03-14,32,18.0
9.6,7.6,6.0,3.6999999999999997,2.933333333333333,1.6666666666666667,1.3,1.1,0.9166666666666666,0.6583333333333333,2017-03-19,32,15.8
19.2,16.8,12.000000000000002,8.3,6.066666666666666,3.6333333333333333,2.75,2.2,1.8333333333333333,0.9166666666666666,2017-03-20,32,22.0
44.8,40.4,21.0,10.5,7.0,3.5,2.625,2.1,1.75,1.075,2017-03-30,32,25.8
14.4,14.0,8.2,4.9,3.4,1.7333333333333334,1.3,1.04,0.8666666666666667,0.8250000000000001,2017-04-01,32,19.8
5.6,4.800000000000001,4.6,3.5,2.866666666666667,1.7,1.275,1.02,0.85,0.425,2017-04-08,32,10.2
36.8,22.799999999999997,13.799999999999999,6.999999999999999,4.666666666666666,4.066666666666666,3.1,2.48,2.083333333333333,1.2833333333333332,2017-04-23,32,30.799999999999997
6.4,6.0,4.2,3.0,2.9333333333333336,2.433333333333333,2.1,1.9200000000000004,1.6666666666666667,0.875,2017-05-19,32,21.0
20.8,19.200000000000003,12.0,7.6000000000000005,5.2,2.6,1.9500000000000002,1.56,1.3,0.65,2017-06-13,32,15.600000000000001
32.0,27.599999999999998,25.2,18.9,15.066666666666668,9.133333333333333,6.85,5.4799999999999995,4.566666666666666,2.4583333333333335,2017-06-20,32,59.0
29.6,20.0,10.6,5.9,4.4,3.4333333333333336,2.9,2.48,2.0833333333333335,1.1333333333333333,2017-06-21,32,27.200000000000003
3.2,3.2,3.0,2.7,2.066666666666667,1.366666666666667,1.1500000000000001,1.02,0.9,0.5166666666666667,2017-10-23,32,12.4
13.6,8.8,5.0,3.5999999999999996,2.6666666666666665,1.4333333333333336,1.125,1.06,1.3,0.7000000000000001,2017-11-11,32,16.8
6.4,6.0,5.2,4.5,3.3333333333333335,2.2,2.025,1.8400000000000003,1.6333333333333335,0.8250000000000001,2017-11-20,32,19.800000000000004
36.8,22.0,11.8,5.9,4.0,2.066666666666667,1.575,1.26,1.05,0.525,2017-11-28,32,12.6
32.0,28.0,24.0,15.3,10.799999999999999,5.3999999999999995,4.05,3.2399999999999998,2.6999999999999997,1.3499999999999999,2017-12-21,32,32.4
16.8,14.4,12.8,8.200000000000001,5.733333333333333,2.9,2.175,1.7399999999999998,1.45,0.7333333333333333,2017-12-29,32,17.6
15.2,9.2,5.2,3.0,2.0,1.9333333333333333,1.65,1.64,1.5833333333333333,0.8250000000000001,2018-01-04,32,19.8
14.4,9.6,5.0,3.0999999999999996,3.266666666666667,1.8333333333333333,1.375,1.1,0.9166666666666666,0.65,2018-01-07,32,15.600000000000001
12.0,8.4,5.6,4.1000000000000005,2.9333333333333336,1.7,1.275,1.02,0.85,0.7916666666666666,2018-01-08,32,19.0
30.4,27.6,14.0,7.0,4.666666666666667,2.3333333333333335,1.75,1.4,1.1666666666666667,0.5833333333333334,2018-01-12,32,14.0
44.0,32.4,17.0,8.5,11.066666666666668,5.633333333333333,4.225,3.9799999999999995,3.3833333333333333,1.7,2018-01-26,32,40.800000000000004
27.2,23.2,19.2,13.9,11.666666666666666,8.200000000000001,8.1,6.659999999999999,5.816666666666666,3.266666666666667,2018-01-27,32,78.4
6.4,4.800000000000001,4.6,4.3,3.6666666666666665,2.766666666666667,2.1,1.7400000000000002,1.4833333333333334,0.7666666666666666,2018-01-30,32,18.4
4.0,3.6000000000000005,3.0000000000000004,2.1999999999999997,1.866666666666667,1.5000000000000002,1.2750000000000001,1.04,0.9,0.5083333333333334,2018-02-05,32,12.2
100.0,84.4,58.599999999999994,31.2,20.8,10.433333333333334,7.825,6.26,5.216666666666667,2.6083333333333334,2018-02-15,32,62.599999999999994
49.6,30.4,16.8,11.600000000000001,8.0,4.0,3.0,2.4,2.0,1.0,2018-02-21,32,24.0
28.8,23.6,14.4,9.1,6.133333333333333,3.0666666666666664,2.3,1.8399999999999999,1.5333333333333332,0.9916666666666667,2018-02-22,32,23.8
66.4,60.800000000000004,37.0,19.0,12.666666666666666,7.366666666666667,7.3,5.86,4.916666666666667,2.4833333333333334,2018-02-23,32,59.6
16.8,15.2,11.2,5.7,3.8000000000000003,1.9000000000000001,1.425,1.1400000000000001,0.9500000000000001,0.47500000000000003,2018-03-03,32,11.4
7.2,6.0,3.4,2.0,1.4666666666666668,1.0999999999999999,0.9,0.78,0.9166666666666666,0.5,2018-03-08,32,12.0
8.8,4.800000000000001,3.0,2.6,2.466666666666667,1.7,1.425,1.24,1.1166666666666667,0.6083333333333333,2018-03-22,32,14.600000000000001
26.4,22.0,20.8,12.7,9.0,4.933333333333334,3.7,2.96,2.466666666666667,1.25,2018-04-03,32,30.000000000000004
58.4,37.6,23.2,11.700000000000001,7.800000000000001,3.9000000000000004,2.9250000000000003,2.3400000000000003,1.9500000000000002,0.9750000000000001,2018-04-05,32,23.400000000000002
21.6,14.8,8.2,4.1,2.9333333333333336,1.5333333333333332,1.45,1.4200000000000002,1.2,0.6916666666666668,2018-04-15,32,16.6
25.6,22.8,14.8,7.4,4.933333333333334,2.466666666666667,1.85,1.48,1.2333333333333334,0.6166666666666667,2018-05-02,32,14.8
37.6,25.200000000000003,13.2,7.1,4.733333333333333,2.3666666666666667,1.775,1.42,1.1833333333333333,0.5916666666666667,2018-05-19,32,14.200000000000001
8.8,5.6,4.800000000000001,3.0,2.5333333333333337,1.6666666666666667,1.2750000000000001,1.04,0.8666666666666667,0.43333333333333335,2018-07-10,32,10.4
16.0,11.6,7.0,3.7,3.6666666666666665,2.5,2.225,1.8,1.5,0.75,2018-08-06,32,18.000000000000004
9.6,8.8,6.6,4.4,3.4,2.066666666666667,1.55,1.24,1.0333333333333334,0.5166666666666667,2018-09-14,32,12.4
36.8,30.799999999999997,15.599999999999998,7.799999999999999,5.199999999999999,2.5999999999999996,1.9499999999999997,1.5599999999999998,1.2999999999999998,0.6499999999999999,2018-09-18,32,15.599999999999998
20.0,12.4,8.6,5.1000000000000005,3.733333333333334,1.9666666666666666,1.4749999999999999,1.18,0.9833333333333333,0.49166666666666664,2018-10-06,32,11.8
38.4,26.4,19.2,9.8,7.666666666666667,5.833333333333333,4.4,3.5200000000000005,2.9333333333333336,1.4666666666666668,2018-10-10,32,35.2
50.4,40.8,29.2,17.2,12.0,6.066666666666666,4.55,3.6399999999999997,3.033333333333333,1.5166666666666666,2018-11-07,32,36.4
17.6,11.2,8.2,8.100000000000001,7.0,5.5,4.575,3.84,3.266666666666667,2.025,2018-11-08,32,48.6
6.4,6.4,5.6,5.1,4.266666666666667,3.766666666666667,3.125,2.62,2.25,1.1666666666666667,2018-11-19,32,28.0
8.0,7.6,5.3999999999999995,3.4,2.9333333333333336,1.6333333333333335,1.25,1.0,0.8500000000000001,0.5166666666666667,2018-11-20,32,12.400000000000002
13.6,9.6,8.2,4.3,2.866666666666667,1.5,1.1500000000000001,0.9400000000000001,0.7833333333333333,0.44166666666666665,2018-12-07,32,10.600000000000001
95.2,72.8,63.599999999999994,40.0,27.266666666666666,13.633333333333333,10.525,8.42,7.266666666666667,3.783333333333333,2018-12-24,32,90.80000000000001
29.6,24.4,13.6,7.2,4.866666666666666,2.433333333333333,1.825,1.46,1.2166666666666666,0.6083333333333333,2019-01-05,32,14.6
32.8,23.2,13.2,11.5,8.133333333333333,5.066666666666666,3.85,3.08,2.566666666666667,1.2833333333333334,2019-01-25,32,30.8
14.4,11.2,9.2,5.6,4.333333333333333,3.766666666666667,3.425,2.7399999999999998,2.283333333333333,1.1583333333333334,2019-02-04,32,27.8
35.2,34.400000000000006,19.6,10.3,7.000000000000001,3.8333333333333335,2.875,2.3,1.9166666666666667,0.9583333333333334,2019-02-06,32,23.0
62.4,51.599999999999994,34.2,17.9,11.933333333333332,6.466666666666666,4.85,3.88,3.233333333333333,1.6166666666666665,2019-02-12,32,38.8
44.0,30.800000000000004,22.8,15.2,11.333333333333334,7.566666666666666,6.075,4.9399999999999995,4.2,2.1,2019-02-13,32,50.400000000000006
88.8,66.4,38.199999999999996,19.3,13.066666666666668,6.533333333333334,5.025,4.08,3.4000000000000004,1.7000000000000002,2019-02-17,32,40.8
33.6,19.6,11.4,5.7,3.866666666666667,1.9333333333333336,1.4500000000000002,1.1600000000000001,0.9666666666666668,0.4833333333333334,2019-02-27,32,11.6
28.0,22.8,15.200000000000001,7.9,5.266666666666667,3.1,2.325,1.86,1.55,0.9416666666666668,2019-02-28,32,22.6
90.4,54.800000000000004,35.2,21.3,15.533333333333333,8.833333333333334,6.625,5.3,4.416666666666667,2.25,2019-03-01,32,54.0
4.8,3.5999999999999996,3.0,2.5,2.1333333333333333,1.2,0.925,0.76,0.75,0.4166666666666667,2019-03-02,32,10.0
79.2,70.4,43.6,23.2,15.533333333333333,7.833333333333333,5.875,4.7,3.9166666666666665,1.9666666666666668,2019-03-03,32,47.2
44.0,25.2,12.8,6.4,4.333333333333333,2.1666666666666665,1.625,1.3,1.0833333333333333,0.5416666666666666,2019-03-06,32,12.999999999999998
36.8,28.0,14.2,7.1,4.733333333333333,2.3666666666666667,1.775,1.42,1.1833333333333333,0.5916666666666667,2019-03-13,32,14.2
36.0,23.6,13.4,7.0,4.733333333333333,2.3666666666666667,1.775,1.42,1.7333333333333334,0.875,2019-03-15,32,21.0
8.8,8.0,4.4,4.1,3.0,1.5666666666666667,1.2750000000000001,1.1,0.9500000000000001,0.6666666666666666,2019-03-20,32,16.0
21.6,13.200000000000001,7.0,3.8,2.8666666666666667,2.4,2.075,1.7,1.4166666666666667,1.4083333333333334,2019-03-21,32,33.8
18.4,14.0,10.399999999999999,7.3,5.800000000000001,4.3,3.225,2.58,2.15,1.075,2019-04-08,32,25.8
56.8,38.0,26.599999999999998,15.6,11.600000000000001,6.966666666666666,6.499999999999999,5.72,4.933333333333333,3.3166666666666664,2019-04-09,32,79.6
38.4,25.200000000000003,18.0,11.6,10.466666666666667,6.066666666666666,6.05,6.1,5.1,3.1166666666666667,2019-04-10,32,74.80000000000001
32.0,21.2,12.4,6.3,4.2,2.1333333333333333,1.5999999999999999,1.2799999999999998,1.2333333333333334,0.9500000000000001,2019-05-07,32,22.799999999999997
22.4,18.799999999999997,12.0,6.1,6.0,3.533333333333333,2.75,2.2199999999999998,1.95,1.1416666666666666,2019-05-15,32,27.400000000000002
5.6,4.8,3.5999999999999996,3.4,2.8000000000000003,2.1666666666666665,1.6500000000000001,1.4,1.1833333333333333,0.65,2019-05-17,32,15.600000000000001
10.4,7.6,4.4,2.3000000000000003,1.5333333333333334,1.4666666666666668,1.1,1.04,0.9,0.5416666666666666,2019-06-05,32,13.0
53.6,43.2,31.6,17.1,12.866666666666667,6.466666666666666,4.85,3.88,3.233333333333333,1.6166666666666665,2019-06-20,32,38.8
9.6,7.6,5.8,4.5,3.466666666666667,1.9333333333333333,1.5,1.2600000000000002,1.0666666666666667,0.6749999999999999,2019-08-04,32,16.2
4.0,4.0,3.4,2.5000000000000004,1.9333333333333333,1.1333333333333335,1.1,1.08,1.05,0.6416666666666667,2019-09-26,32,15.4
12.8,12.0,9.0,7.0,5.6000000000000005,4.9,4.025,3.28,2.85,1.4749999999999999,2019-10-09,32,35.400000000000006
36.8,28.799999999999997,26.400000000000002,17.200000000000003,12.333333333333334,6.433333333333334,5.05,4.16,3.6,1.8250000000000002,2019-11-11,32,43.8
10.4,8.4,6.0,4.1,3.266666666666667,2.3666666666666667,1.9500000000000002,1.58,1.3166666666666667,0.6583333333333333,2019-11-28,32,15.8
20.8,19.200000000000003,16.6,9.700000000000001,6.733333333333333,3.3666666666666667,2.525,2.02,1.6833333333333333,0.8416666666666667,2019-12-05,32,20.2
19.2,16.8,13.8,10.3,7.266666666666667,3.9333333333333336,2.95,2.3600000000000003,1.9666666666666668,0.9833333333333334,2019-12-22,32,23.6
60.8,55.2,30.400000000000002,16.4,11.066666666666668,6.633333333333333,5.2,4.4399999999999995,3.6999999999999997,1.9333333333333333,2019-12-23,32,46.4
66.4,44.0,28.0,14.600000000000001,9.8,4.9,3.9000000000000004,3.1600000000000006,2.6333333333333337,1.3166666666666669,2020-01-03,32,31.600000000000005
22.4,19.6,15.0,8.7,5.933333333333334,3.5333333333333337,3.0,2.46,2.0500000000000003,1.1583333333333334,2020-01-13,32,27.8
22.4,13.2,9.6,6.699999999999999,4.533333333333333,2.5,2.3000000000000003,1.92,1.5999999999999999,0.8083333333333332,2020-01-17,32,19.400000000000002
59.2,47.6,28.8,14.9,10.333333333333334,6.3999999999999995,4.875,3.9,3.25,1.625,2020-01-30,32,39.0
12.0,11.2,7.0,4.7,3.733333333333333,2.9333333333333336,2.2,1.7600000000000002,1.5,0.7583333333333333,2020-02-02,32,18.2
43.2,29.6,16.599999999999998,10.1,7.066666666666666,4.566666666666666,3.425,2.7399999999999998,2.283333333333333,1.8833333333333335,2020-02-03,32,45.2
108.0,101.2,72.0,39.5,26.866666666666664,13.466666666666667,10.1,8.18,6.833333333333333,3.4166666666666665,2020-02-05,32,82.0
47.2,42.0,34.8,20.4,15.666666666666666,9.333333333333334,7.075,5.68,4.733333333333333,2.3666666666666667,2020-02-10,32,56.800000000000004
6.4,6.4,4.4,2.7,2.266666666666667,1.5,1.4000000000000001,1.32,1.1833333333333333,0.8333333333333334,2020-02-11,32,20.0
5.6,5.2,4.4,3.1,2.3333333333333335,1.4666666666666668,1.1500000000000001,1.02,0.9166666666666666,0.6416666666666667,2020-02-12,32,15.400000000000002
43.2,30.0,19.2,9.8,6.533333333333334,3.266666666666667,2.45,1.9600000000000002,1.6333333333333335,0.8166666666666668,2020-02-16,32,19.599999999999998
33.6,23.2,16.4,10.0,6.733333333333333,4.833333333333333,3.625,2.9,2.4166666666666665,1.2083333333333333,2020-02-21,32,29.0
32.0,32.0,17.0,10.6,7.266666666666667,4.066666666666666,3.05,2.44,2.033333333333333,1.0166666666666666,2020-02-29,32,24.400000000000002
47.2,42.8,34.2,21.0,16.466666666666665,10.266666666666667,8.025,6.42,5.3500000000000005,2.9583333333333335,2020-03-01,32,71.0
6.4,6.000000000000002,3.6,2.2,2.0,1.5333333333333334,1.2,1.2000000000000002,1.2333333333333334,0.7833333333333333,2020-03-02,32,18.8
10.4,10.4,6.6,4.4,4.2,2.2333333333333334,1.675,1.34,1.1166666666666667,0.5583333333333333,2020-03-20,32,13.4
11.2,6.4,3.9999999999999996,2.5,1.7999999999999998,1.5333333333333334,1.55,1.44,1.2166666666666666,0.7999999999999999,2020-03-21,32,19.200000000000003
29.6,23.200000000000003,15.600000000000001,7.800000000000001,5.933333333333334,4.533333333333333,3.4,2.7199999999999998,2.2666666666666666,1.1333333333333333,2020-05-02,32,27.200000000000003
18.4,12.399999999999999,11.200000000000001,7.2,5.0,2.8000000000000003,2.15,1.72,1.4333333333333333,0.7166666666666667,2020-05-07,32,17.200000000000003
16.8,12.8,11.2,8.5,6.733333333333333,3.733333333333333,2.8,2.2399999999999998,1.8666666666666665,0.9333333333333332,2020-05-14,32,22.4
7.2,7.2,4.6,3.2,2.3333333333333335,1.5333333333333334,1.225,1.1400000000000001,1.0333333333333334,0.5583333333333333,2020-05-15,32,13.399999999999999
23.2,20.0,15.8,8.2,6.066666666666666,3.033333333333333,2.275,1.8199999999999998,1.5166666666666666,0.7583333333333333,2020-06-29,32,18.2
5.6,4.8,4.2,3.1,2.1999999999999997,1.7666666666666666,1.5250000000000001,1.48,1.3500000000000003,0.9416666666666668,2020-07-30,32,22.6
11.2,10.4,9.4,8.600000000000001,7.733333333333333,5.533333333333332,4.325,3.54,2.966666666666667,1.6583333333333332,2020-08-21,32,39.8
8.8,7.600000000000001,6.6000000000000005,4.8,4.533333333333333,3.1999999999999997,2.825,2.3600000000000003,2.1,1.1583333333333334,2020-08-22,32,27.800000000000004
12.8,10.8,7.4,4.3,3.1999999999999997,1.6333333333333335,1.25,1.0,0.8500000000000001,0.42500000000000004,2020-09-15,32,10.200000000000001
12.0,10.0,8.8,6.199999999999999,4.666666666666667,2.3666666666666667,1.975,1.6,1.3333333333333333,0.7333333333333334,2020-09-21,32,17.6
12.0,10.8,9.4,7.8,6.599999999999999,4.666666666666667,4.35,4.18,4.016666666666667,2.7916666666666665,2020-09-22,32,67.0
11.2,7.6,5.800000000000001,4.1,3.4000000000000004,2.766666666666666,2.25,1.8199999999999998,1.5166666666666666,0.7666666666666666,2020-10-30,32,18.400000000000002
40.8,29.599999999999998,19.0,13.5,9.533333333333333,4.766666666666667,3.5749999999999997,2.86,2.3833333333333333,1.3416666666666666,2020-11-18,32,32.2
4.8,4.8,4.8,4.1,3.466666666666667,2.1333333333333333,1.65,1.3199999999999998,1.0999999999999999,0.7000000000000001,2020-11-19,32,16.8
6.4,4.8,3.0,1.8000000000000003,1.4666666666666668,1.2000000000000002,1.1500000000000001,1.0000000000000002,0.8833333333333333,0.5083333333333334,2020-11-20,32,12.2
34.4,19.599999999999998,9.999999999999998,6.299999999999999,4.6,2.333333333333333,1.7499999999999998,1.4,1.1666666666666665,0.5833333333333333,2020-11-22,32,13.999999999999998
36.0,34.0,30.2,16.0,10.666666666666666,5.733333333333333,4.3,3.44,2.8666666666666667,1.9749999999999999,2020-12-07,32,47.4
12.0,8.4,5.8,3.3,3.866666666666667,2.1,1.575,1.26,1.05,0.525,2020-12-08,32,12.6
12.8,12.8,10.200000000000001,5.5,3.6666666666666665,1.8333333333333337,1.425,1.1800000000000002,1.3333333333333333,0.6749999999999999,2020-12-10,32,16.2
80.0,58.0,41.8,23.3,16.933333333333334,9.966666666666667,8.35,6.779999999999999,5.6499999999999995,2.8249999999999997,2020-12-25,32,67.8
3.2,2.8,2.4000000000000004,1.6,1.3333333333333333,0.9,0.9,0.74,0.7333333333333334,0.5416666666666666,2020-12-27,32,13.0
34.4,28.0,14.0,7.0,4.733333333333333,2.4,1.8,1.44,1.2,0.6,2020-12-31,32,14.4
24.8,18.4,11.8,7.5,5.266666666666667,3.0333333333333337,2.375,1.9,1.8333333333333333,0.9166666666666666,2021-01-02,32,22.0
47.2,26.799999999999997,26.4,17.2,15.066666666666668,8.466666666666667,6.65,5.4,4.5,2.375,2021-02-05,32,56.99999999999999
24.0,18.0,10.4,6.4,5.333333333333333,2.966666666666667,2.225,1.78,1.5333333333333332,0.7833333333333333,2021-02-06,32,18.8
8.8,6.0,6.0,4.5,3.5333333333333337,2.1666666666666665,1.925,1.54,1.2833333333333334,0.65,2021-02-13,32,15.599999999999998
11.2,9.600000000000001,8.0,6.5,4.533333333333333,2.4,1.8,1.44,1.2,0.6,2021-02-22,32,14.4
44.8,26.0,14.799999999999999,8.2,5.599999999999999,2.7999999999999994,2.0999999999999996,1.6799999999999997,1.3999999999999997,0.7083333333333334,2021-03-06,32,17.0
76.8,38.8,19.599999999999998,9.9,6.733333333333333,3.3666666666666667,2.55,2.0599999999999996,1.75,0.8916666666666666,2021-03-07,32,21.400000000000002
29.6,22.400000000000002,14.4,7.2,4.8,2.4,1.8,1.44,1.2,0.6,2021-03-16,32,14.4
28.0,17.2,8.6,4.4,3.0666666666666664,1.5999999999999999,1.2,0.96,0.7999999999999999,0.6333333333333333,2021-03-30,32,15.2
11.2,8.0,5.6000000000000005,4.6,3.1999999999999997,2.566666666666667,2.075,1.8,1.55,1.0083333333333333,2021-04-21,32,24.200000000000003
20.8,14.8,7.4,3.8000000000000003,3.6666666666666665,2.0,1.525,1.22,1.0166666666666666,0.5083333333333333,2021-04-22,32,12.200000000000001
10.4,9.2,7.4,4.1,2.733333333333333,1.3666666666666665,1.025,0.82,0.6833333333333332,0.5833333333333334,2021-04-27,32,14.0
11.2,8.8,5.0,3.5,3.2000000000000006,2.2333333333333334,1.9000000000000001,1.72,1.4333333333333333,0.725,2021-04-29,32,17.4
20.0,15.2,9.0,7.9,6.733333333333333,3.5666666666666664,2.675,2.1399999999999997,1.8499999999999999,1.0,2021-05-07,32,24.0
4.0,4.0,3.8,3.0,2.066666666666667,1.4000000000000001,1.075,0.8800000000000001,0.7333333333333334,0.43333333333333335,2021-05-13,32,10.399999999999999
45.6,37.6,20.0,13.200000000000001,9.200000000000001,4.733333333333333,3.55,2.84,2.3666666666666667,1.1833333333333333,2021-05-30,32,28.4
9.6,8.8,4.6,2.3,1.6000000000000003,1.1,0.925,0.76,0.8166666666666668,0.5083333333333334,2021-07-28,32,12.2
7.2,6.0,4.2,2.5,1.6666666666666667,1.4000000000000001,1.05,0.86,0.7166666666666667,0.44166666666666665,2021-08-12,32,10.600000000000001
5.6,4.4,3.2,2.3,1.8666666666666665,1.6666666666666667,1.275,1.06,0.8833333333333333,0.44166666666666665,2021-08-29,32,10.6
8.8,7.6000000000000005,4.4,3.0,2.066666666666667,1.1,0.9,1.04,0.8833333333333334,0.47500000000000003,2021-08-31,32,11.400000000000002
48.8,32.0,17.4,9.0,6.0,3.966666666666667,3.175,2.54,2.1166666666666667,1.0583333333333333,2021-10-03,32,25.4
8.8,8.0,5.800000000000001,3.8000000000000003,3.2000000000000006,2.3333333333333335,2.1,1.8400000000000003,1.616666666666667,0.9166666666666666,2021-10-11,32,22.000000000000004
78.4,47.2,24.4,12.2,8.133333333333333,4.066666666666666,3.05,2.44,2.033333333333333,1.0166666666666666,2021-10-15,32,24.4
9.6,6.8,5.0,3.7,3.066666666666667,2.9333333333333336,2.6,2.3,1.9333333333333333,0.9833333333333334,2021-10-20,32,23.6
30.4,16.4,8.2,4.1,2.733333333333333,1.5333333333333332,1.25,1.0,0.8333333333333334,0.47500000000000003,2021-10-24,32,11.4
15.2,10.399999999999999,5.8,3.5999999999999996,2.8666666666666667,1.7,1.35,1.08,0.9,0.45,2021-10-31,32,10.8
10.4,10.0,8.6,7.2,6.333333333333333,5.1000000000000005,4.25,3.7400000000000007,3.283333333333333,1.7083333333333333,2021-11-01,32,41.0
4.0,4.0,3.6,3.0,2.3333333333333335,1.366666666666667,1.05,0.8800000000000001,0.7333333333333334,0.45,2021-11-19,32,10.8
24.8,19.599999999999998,12.600000000000001,7.2,4.8,3.766666666666667,2.9000000000000004,2.46,2.066666666666667,1.6416666666666666,2021-12-07,32,39.400000000000006
73.6,53.199999999999996,29.599999999999998,15.1,10.2,5.1,3.8249999999999997,3.0599999999999996,2.5666666666666664,1.2833333333333332,2021-12-12,32,30.799999999999997
60.0,44.800000000000004,32.8,23.3,16.0,8.066666666666666,7.6000000000000005,6.08,5.066666666666667,2.5416666666666665,2021-12-17,32,61.0
22.4,14.399999999999999,8.2,4.1,2.733333333333333,1.7000000000000002,1.2750000000000001,1.02,0.8500000000000001,0.42500000000000004,2021-12-22,32,10.2
46.4,34.8,24.6,12.8,11.733333333333334,6.566666666666666,4.975,4.08,3.4,1.7,2021-12-23,32,40.8
54.4,47.2,27.0,14.0,11.733333333333333,6.333333333333333,4.75,3.8200000000000003,3.1833333333333336,1.5916666666666668,2021-12-30,32,38.199999999999996
16.8,13.6,9.6,5.1,3.4,2.1666666666666665,1.6500000000000001,1.34,1.2666666666666666,1.0333333333333334,2022-01-07,32,24.800000000000004
11.2,9.6,5.6,4.1,3.5999999999999996,3.233333333333334,3.175,3.12,2.65,1.9416666666666667,2022-01-08,32,46.6
44.0,39.2,23.2,12.200000000000001,8.333333333333334,4.233333333333333,3.2,2.56,2.1333333333333333,1.3833333333333335,2022-01-11,32,33.2
38.4,37.599999999999994,20.799999999999997,10.5,7.0,3.5,2.625,2.1,1.75,0.875,2022-01-16,32,20.999999999999996
8.8,6.0,5.6,3.8,3.266666666666667,2.066666666666667,1.55,1.24,1.0333333333333334,0.6749999999999999,2022-01-30,32,16.2
8.8,8.400000000000002,5.6,4.6000000000000005,3.6,2.433333333333333,1.85,1.48,1.2333333333333334,0.6166666666666667,2022-02-07,32,14.8
18.4,12.0,6.3999999999999995,3.3,2.466666666666667,2.1333333333333333,1.5999999999999999,1.2799999999999998,1.0666666666666667,0.5333333333333333,2022-02-21,32,12.8
28.0,21.6,16.2,11.0,10.4,6.033333333333334,4.575,3.66,3.0500000000000003,1.5250000000000001,2022-03-20,32,36.6
75.2,71.2,59.400000000000006,37.800000000000004,25.400000000000002,12.700000000000001,9.525,7.62,6.3500000000000005,3.1999999999999997,2022-03-31,32,76.80000000000001
20.0,18.8,14.2,10.700000000000001,7.533333333333334,5.266666666666667,4.0,3.2,2.6666666666666665,1.6666666666666667,2022-04-01,32,40.0
17.6,16.8,10.0,6.3,4.2,2.1666666666666665,1.675,1.4,1.1666666666666667,0.5833333333333334,2022-04-02,32,14.0
50.4,32.4,17.8,9.5,6.333333333333333,3.1999999999999997,2.4,1.92,1.5999999999999999,0.7999999999999999,2022-04-09,32,19.2
40.8,34.8,22.6,13.3,9.2,4.833333333333333,3.625,2.9,2.4166666666666665,1.75,2022-04-14,32,42.0
52.8,34.4,18.8,14.1,9.799999999999999,5.733333333333333,6.575,5.9,4.966666666666667,2.6,2022-04-30,32,62.4
50.4,34.4,20.0,11.0,7.3999999999999995,3.7999999999999994,2.8749999999999996,2.3,1.9166666666666663,0.9583333333333331,2022-05-04,32,22.999999999999996
45.6,24.0,12.2,6.1,6.066666666666666,3.6,3.0,2.4,2.0,1.0,2022-05-16,32,24.0
17.6,17.200000000000003,15.4,10.200000000000001,8.733333333333334,5.2,3.9250000000000003,3.16,2.6333333333333333,1.3166666666666667,2022-07-14,32,31.6
9.6,5.2,4.0,2.5,1.9333333333333333,1.4666666666666668,1.2249999999999999,1.0,1.0,0.6916666666666668,2022-08-11,32,16.6
5.6,5.6,4.4,3.9000000000000004,3.266666666666666,2.1999999999999997,2.0,1.8800000000000001,1.616666666666667,0.8833333333333333,2022-09-16,32,21.2
17.6,14.4,10.6,7.1,5.733333333333333,3.4666666666666663,2.75,2.2600000000000002,1.9666666666666668,0.9833333333333334,2022-09-28,32,23.6
7.2,6.4,4.4,3.1999999999999997,2.6,1.5,1.225,1.02,0.85,0.5083333333333333,2022-09-29,32,12.2
8.8,7.200000000000001,5.2,3.9,2.733333333333333,1.3666666666666665,1.025,0.82,0.6833333333333332,0.4916666666666667,2022-10-28,32,11.8
40.0,31.2,16.4,9.3,6.266666666666667,3.1333333333333333,2.35,1.8800000000000001,1.5666666666666667,0.7833333333333333,2022-10-31,32,18.799999999999997
22.4,16.4,11.6,6.7,5.6000000000000005,3.233333333333334,2.45,2.0,1.75,1.05,2022-11-02,32,25.200000000000003
37.6,25.200000000000003,15.0,9.5,7.733333333333333,4.8,3.6,2.88,2.4,1.2,2022-11-24,32,28.799999999999997
13.6,12.399999999999999,9.0,5.0,3.4000000000000004,2.066666666666667,1.775,1.6199999999999999,1.3499999999999999,0.6749999999999999,2022-12-18,32,16.2
6.4,6.0,5.2,4.5,4.466666666666667,2.733333333333333,2.4250000000000003,2.04,1.7333333333333334,0.875,2022-12-20,32,21.0
6.4,5.6,4.800000000000001,3.7,3.6666666666666665,2.1666666666666665,2.05,1.72,1.4500000000000002,1.1500000000000001,2022-12-21,32,27.6
12.0,8.799999999999999,6.2,4.5,3.733333333333333,2.6,2.075,1.7399999999999998,1.4666666666666668,0.7333333333333334,2022-12-30,32,17.599999999999998
52.0,42.4,37.2,20.5,13.666666666666666,6.833333333333333,5.125,4.1,3.4166666666666665,,2023-01-03,32,41.0
8.0,6.8,5.8,4.699999999999999,4.066666666666666,2.3666666666666667,1.875,1.58,1.4666666666666666,0.7583333333333333,2023-01-05,32,18.200000000000003
4.8,4.4,3.5999999999999996,3.4,3.0,2.3000000000000003,1.925,1.72,1.6833333333333336,,2023-01-06,32,28.4
4.0,2.8,2.4,2.0,1.9333333333333336,1.6333333333333335,1.5250000000000001,1.36,1.2666666666666668,,2023-01-07,32,17.800000000000004
7.2,6.800000000000001,5.6,3.0,2.0,1.0333333333333334,0.925,0.74,0.6166666666666667,0.5750000000000001,2023-01-09,32,13.8
25.6,23.6,14.4,7.5,5.0,2.5,1.875,1.5,1.25,0.625,2023-01-28,32,15.0
128.0,98.4,69.8,39.6,38.93333333333333,21.766666666666666,16.75,13.440000000000001,11.233333333333334,5.616666666666667,2023-02-07,32,134.8
30.4,29.2,20.6,11.4,7.666666666666667,3.8333333333333335,2.875,2.3,1.9166666666666667,,2023-02-08,32,23.2
33.6,31.6,21.400000000000002,11.9,8.8,4.7,3.5250000000000004,2.8200000000000003,2.35,1.175,2023-02-10,32,28.2
64.0,52.8,35.800000000000004,19.7,13.666666666666666,7.0,5.25,4.2,3.5,1.75,2023-02-11,32,42.0
84.8,58.8,37.8,19.5,13.066666666666668,6.533333333333334,4.9,3.9200000000000004,3.266666666666667,1.6333333333333335,2023-02-13,32,39.199999999999996
52.0,31.6,16.2,8.3,5.733333333333333,2.9,2.175,1.7399999999999998,1.45,0.725,2023-02-15,32,17.4
41.6,34.8,26.2,15.5,10.4,5.2,3.9,3.12,2.6,,2023-02-28,32,31.2
88.0,58.8,39.6,21.4,15.333333333333334,7.8999999999999995,5.925,4.74,3.9499999999999997,1.9749999999999999,2023-03-30,32,47.4
40.0,25.2,12.8,6.800000000000001,5.066666666666667,4.766666666666667,3.625,2.92,2.433333333333333,1.9416666666666667,2023-04-08,32,46.599999999999994
25.6,19.200000000000003,14.600000000000001,9.4,6.933333333333334,3.733333333333334,3.1500000000000004,2.7,2.2833333333333337,1.3166666666666667,2023-04-09,32,31.6
20.8,14.0,9.8,6.7,4.533333333333334,2.3000000000000003,1.725,1.3800000000000001,1.1500000000000001,0.5750000000000001,2023-04-14,32,13.8
7.2,5.6,5.3999999999999995,4.2,3.8666666666666667,2.066666666666667,1.55,1.24,1.0333333333333334,0.5166666666666667,2023-04-19,32,12.4
36.8,35.599999999999994,21.0,10.799999999999999,7.266666666666666,4.033333333333333,3.0749999999999997,2.4799999999999995,2.0666666666666664,1.0333333333333332,2023-04-28,32,24.799999999999994
17.6,16.8,10.2,5.3,3.6,2.1333333333333333,1.7500000000000002,1.54,1.3166666666666667,,2023-05-10,32,15.8
17.6,15.600000000000001,11.0,6.1000000000000005,4.266666666666667,2.266666666666667,1.8000000000000003,1.7600000000000002,1.4833333333333334,0.8500000000000001,2023-05-29,32,20.400000000000002
12.0,11.2,7.999999999999999,5.300000000000001,3.8000000000000003,2.0666666666666664,1.8,1.52,1.2666666666666666,,2023-07-19,32,15.2
8.0,5.2,3.6,2.3,1.8666666666666665,1.0,0.9500000000000001,1.04,0.8666666666666666,0.6416666666666667,2023-08-26,32,15.4
7.2,7.2,6.2,5.4,5.266666666666667,3.6999999999999997,2.85,2.28,1.9333333333333333,1.1666666666666667,2023-08-27,32,28.0
8.8,6.800000000000001,5.8,5.1,4.0,2.9333333333333336,2.325,2.06,2.066666666666667,,2023-10-01,32,25.8
43.2,27.6,15.600000000000001,7.800000000000001,5.266666666666667,2.6333333333333333,1.975,1.58,1.3333333333333333,0.6666666666666666,2023-10-05,32,16.0
19.2,16.4,12.0,8.1,5.733333333333333,2.8666666666666667,2.15,1.72,1.4333333333333333,,2023-10-17,32,17.2
28.8,26.0,15.2,7.6,5.066666666666666,2.533333333333333,1.9,1.52,1.2666666666666666,,2023-10-26,32,15.2
37.6,26.0,13.8,7.7,5.2,3.4000000000000004,2.6500000000000004,2.12,1.7666666666666668,0.8833333333333334,2023-10-29,32,21.200000000000003
41.6,31.6,23.8,12.9,8.6,4.3,3.225,2.58,2.15,1.075,2023-11-14,32,25.799999999999997
17.6,16.8,9.600000000000001,5.7,3.8666666666666667,1.9666666666666668,1.475,1.1800000000000002,0.9833333333333334,,2023-11-15,32,11.8
18.4,11.6,9.6,5.5,4.2,2.1999999999999997,1.65,1.3199999999999998,1.0999999999999999,,2023-11-23,32,14.6
34.4,31.199999999999996,22.4,11.5,7.933333333333333,4.033333333333333,3.025,2.42,2.033333333333333,1.025,2023-12-09,32,24.599999999999998
8.0,6.3999999999999995,5.800000000000001,4.5,3.6,1.8,1.35,1.08,0.9,,2024-01-03,32,11.799999999999999
9.6,7.6,4.2,3.7,3.1333333333333333,1.9000000000000001,1.925,1.64,1.3666666666666665,,2024-01-04,32,16.4
24.8,19.2,10.6,6.5,4.866666666666666,4.166666666666667,3.9,3.12,2.6,1.3416666666666668,2024-01-13,32,32.2
20.0,18.0,12.0,7.7,6.866666666666667,4.1,3.1,2.48,2.066666666666667,1.0333333333333334,2024-01-14,32,24.8
91.2,60.0,38.800000000000004,22.8,16.46666666666667,8.333333333333334,6.25,5.0,4.183333333333334,2.441666666666667,2024-01-21,32,58.6
13.6,12.399999999999999,10.2,8.6,7.8,4.833333333333333,4.15,3.56,3.2500000000000004,1.6583333333333334,2024-01-23,32,39.800000000000004
7.2,7.2,6.3999999999999995,5.800000000000001,4.933333333333334,2.766666666666667,2.075,1.6600000000000001,1.3833333333333335,0.6916666666666668,2024-01-28,32,16.6
31.2,29.6,20.6,11.9,8.200000000000001,4.133333333333334,3.1,2.48,2.066666666666667,1.0916666666666666,2024-01-31,32,26.2
40.8,22.799999999999997,12.799999999999999,6.799999999999999,4.533333333333332,2.266666666666666,1.6999999999999997,1.3599999999999999,1.133333333333333,,2024-02-04,32,13.6
23.2,20.799999999999997,17.2,16.3,12.866666666666667,6.733333333333333,5.075,4.0600000000000005,3.3833333333333333,1.6916666666666667,2024-02-14,32,40.6
34.4,34.4,32.4,27.8,22.2,14.133333333333333,11.875,9.620000000000001,8.533333333333333,5.641666666666667,2024-02-15,32,148.2
4.8,4.8,4.0,3.0,2.4,1.8333333333333333,1.675,1.5,1.25,0.625,2024-02-21,32,15.0
7.2,6.8,6.2,5.5,5.333333333333333,4.433333333333333,3.475,2.7800000000000002,2.316666666666667,1.1583333333333334,2024-03-05,32,27.799999999999997
3.2,2.8,2.6,2.3000000000000003,2.066666666666667,1.5999999999999999,1.325,1.16,0.9666666666666667,0.48333333333333334,2024-03-06,32,12.200000000000001
36.0,35.2,26.6,13.5,9.0,4.5,3.425,3.1399999999999997,3.1166666666666667,1.5833333333333333,2024-03-09,32,37.99999999999999
19.2,18.4,15.0,10.6,7.266666666666667,3.766666666666667,3.625,3.0,2.5,1.25,2024-03-21,32,30.0
16.0,15.600000000000001,14.2,11.9,10.133333333333333,7.433333333333334,6.7749999999999995,5.62,4.883333333333334,3.9,2024-03-22,32,128.39999999999998
10.4,10.4,9.4,7.300000000000001,5.933333333333334,3.4333333333333336,3.1750000000000003,2.7800000000000002,2.3833333333333333,1.4333333333333333,2024-03-24,32,47.0
9.6,9.200000000000001,7.8,4.8,3.1999999999999997,2.0,1.85,1.6600000000000001,1.3833333333333335,0.7166666666666667,2024-03-26,32,28.0
7.2,6.0,4.199999999999999,2.4,1.9333333333333333,1.7,1.5250000000000001,1.58,1.3666666666666665,0.7000000000000001,2015-04-22,4,16.8
26.4,19.200000000000003,16.4,13.6,10.799999999999999,5.8,5.85,5.4399999999999995,4.566666666666666,2.283333333333333,2015-04-30,4,54.8
21.6,14.4,9.8,5.1000000000000005,3.8000000000000003,1.9000000000000001,1.425,1.1400000000000001,0.9500000000000001,0.47500000000000003,2015-05-04,4,11.4
16.8,15.2,9.8,5.800000000000001,3.9333333333333336,2.0000000000000004,1.5250000000000001,1.2200000000000002,1.0166666666666668,0.5083333333333334,2015-05-05,4,12.2
15.2,13.2,11.799999999999999,9.5,8.666666666666666,7.199999999999999,6.175000000000001,5.62,4.85,3.158333333333333,2015-06-19,4,75.8
31.2,19.2,15.2,11.8,8.533333333333333,4.433333333333333,3.55,2.94,2.6333333333333333,1.3333333333333333,2015-06-24,4,32.0
11.2,10.399999999999999,7.799999999999999,5.3,3.5999999999999996,1.7999999999999998,1.3499999999999999,1.0799999999999998,0.8999999999999999,0.44999999999999996,2015-09-01,4,10.799999999999999
5.6,3.2,3.0,2.5,1.9333333333333333,1.2666666666666666,1.0,0.82,0.7000000000000001,0.42500000000000004,2015-09-05,4,10.200000000000001
19.2,14.8,9.000000000000002,5.2,3.866666666666667,2.1333333333333333,1.6,1.28,1.0666666666666667,0.8416666666666667,2015-09-11,4,20.200000000000003
8.0,8.0,7.6,6.5,5.3999999999999995,3.233333333333334,2.45,1.9600000000000002,1.6333333333333335,1.0833333333333333,2015-09-12,4,26.0
7.2,6.4,6.0,5.3999999999999995,4.6000000000000005,3.1333333333333333,2.5,2.2,1.9166666666666667,1.2166666666666666,2015-09-13,4,29.200000000000003
43.2,34.0,18.2,9.4,6.266666666666667,3.1333333333333333,2.35,1.8800000000000001,1.5666666666666667,0.7833333333333333,2015-09-27,4,18.799999999999997
6.4,6.0,5.800000000000001,4.9,3.533333333333333,1.8333333333333333,1.375,1.1,0.9166666666666666,0.5416666666666666,2015-11-02,4,13.0
19.2,14.8,7.6,4.3999999999999995,4.2,2.8333333333333335,2.125,1.7,1.4166666666666667,0.7083333333333334,2015-11-04,4,17.0
16.8,11.2,7.0,4.4,3.1333333333333333,1.8333333333333333,1.375,1.1,0.9166666666666666,0.4583333333333333,2015-11-06,4,11.0
31.2,18.8,11.2,6.5,5.533333333333334,4.2,3.325,2.7600000000000002,2.3000000000000003,1.6083333333333334,2015-11-07,4,38.6
32.0,29.2,20.4,12.9,8.933333333333334,4.533333333333333,3.425,2.7800000000000002,2.316666666666667,1.1583333333333334,2015-11-08,4,27.8
15.2,12.0,7.8,4.0,2.6666666666666665,1.4000000000000001,1.15,0.9600000000000002,0.8333333333333334,0.43333333333333335,2015-11-21,4,10.4
32.8,28.799999999999997,16.6,8.5,5.866666666666667,3.033333333333333,2.275,1.8199999999999998,1.5166666666666666,0.7916666666666666,2015-11-23,4,19.0
60.8,43.599999999999994,23.2,13.9,9.466666666666667,4.933333333333333,3.85,3.08,2.566666666666667,1.2833333333333334,2015-11-29,4,30.799999999999997
4.8,4.4,2.8,2.1,1.7333333333333332,1.0333333333333334,0.775,0.62,0.5333333333333333,0.525,2015-11-30,4,12.600000000000001
2.4,2.4,2.2,1.7999999999999998,1.5333333333333332,1.1333333333333333,0.9750000000000001,0.9,0.7833333333333333,0.4583333333333333,2015-12-03,4,11.0
16.0,13.2,7.0,5.1,3.466666666666667,2.4333333333333336,2.675,2.5,2.0833333333333335,1.075,2015-12-07,4,25.8
31.2,18.8,11.8,8.0,6.733333333333333,3.8000000000000003,2.85,2.2800000000000002,1.9000000000000001,0.9500000000000001,2015-12-12,4,22.8
11.2,8.399999999999999,4.3999999999999995,2.3,1.5333333333333332,1.2666666666666666,0.95,0.76,0.6333333333333333,0.48333333333333334,2016-01-12,4,11.6
11.2,9.600000000000001,8.799999999999999,7.6,6.333333333333333,3.1666666666666665,2.375,1.9,1.5833333333333333,0.7916666666666666,2016-01-13,4,19.0
30.4,18.799999999999997,15.2,9.000000000000002,6.2,5.233333333333333,4.5,3.6,3.0,1.5666666666666667,2016-01-15,4,37.6
19.2,16.799999999999997,14.4,13.9,13.066666666666668,7.633333333333334,6.325,5.58,4.8999999999999995,2.4583333333333335,2016-01-16,4,59.0
8.0,6.4,5.0,3.5,3.1333333333333333,2.1,1.7,1.4,1.3333333333333333,0.9333333333333332,2016-01-19,4,22.400000000000002
4.8,4.4,4.0,3.0999999999999996,2.6666666666666665,1.6333333333333335,1.25,1.04,0.9166666666666666,0.5,2016-01-20,4,12.0
6.4,4.800000000000001,3.5999999999999996,2.4,1.6666666666666667,1.0333333333333334,0.875,0.82,0.9833333333333334,0.5083333333333334,2016-01-22,4,12.2
19.2,16.0,12.8,6.9,4.666666666666667,2.3666666666666667,1.775,1.42,1.1833333333333333,0.5916666666666667,2016-02-15,4,14.2
56.8,37.2,18.6,9.4,6.333333333333333,3.3333333333333335,2.5,2.0,1.6666666666666667,0.8333333333333334,2016-02-16,4,19.999999999999996
30.4,19.6,10.2,5.1,3.733333333333333,2.1999999999999997,1.65,1.3199999999999998,1.0999999999999999,0.5666666666666667,2016-02-17,4,13.6
72.0,47.6,24.8,13.4,9.066666666666666,4.566666666666666,3.425,2.7399999999999998,2.283333333333333,1.15,2016-02-21,4,27.599999999999998
62.4,53.599999999999994,37.4,19.1,12.733333333333334,6.366666666666667,4.775,3.8200000000000003,3.1833333333333336,1.5916666666666668,2016-02-22,4,38.199999999999996
83.2,52.8,28.400000000000002,14.3,9.533333333333333,4.766666666666667,3.575,2.8600000000000003,2.3833333333333333,1.1916666666666667,2016-02-23,4,28.6
36.8,32.4,31.4,23.799999999999997,19.666666666666668,11.233333333333333,8.5,6.959999999999999,5.833333333333333,2.9250000000000003,2016-02-29,4,70.2
131.2,113.19999999999999,86.4,48.9,34.800000000000004,17.466666666666665,13.1,14.940000000000001,13.016666666666666,6.516666666666667,2016-03-12,4,156.39999999999998
32.8,23.2,20.799999999999997,12.4,11.200000000000001,5.8999999999999995,4.425,3.54,2.9499999999999997,1.4749999999999999,2016-03-16,4,35.4
72.8,42.4,24.4,13.0,9.866666666666665,5.3999999999999995,4.05,3.2399999999999998,2.6999999999999997,1.3499999999999999,2016-03-23,4,32.4
20.8,15.2,7.8,3.9,2.6,1.3,1.125,0.9,0.75,0.6583333333333333,2016-05-13,4,15.8
16.0,12.8,7.8,3.9,2.733333333333333,1.7,1.275,1.12,0.9666666666666668,0.5750000000000001,2016-05-18,4,13.799999999999999
4.8,4.0,3.1999999999999997,2.4,2.2,1.4000000000000001,1.075,0.9400000000000001,0.7999999999999999,0.65,2016-05-19,4,15.6
32.0,25.2,15.200000000000001,9.3,7.466666666666668,4.533333333333333,3.45,2.7800000000000002,2.3333333333333335,1.175,2016-06-05,4,28.2
30.4,16.0,10.600000000000001,9.4,7.266666666666667,4.933333333333334,4.325,3.4799999999999995,2.9,1.7916666666666667,2016-06-07,4,43.0
6.4,5.2,3.8000000000000003,3.2,2.5333333333333337,1.5333333333333332,1.2750000000000001,1.06,0.8833333333333333,0.6666666666666666,2016-08-21,4,16.0
5.6,3.5999999999999996,2.8,1.7000000000000002,1.4000000000000001,1.1666666666666667,1.1,0.9800000000000001,0.9500000000000001,0.5833333333333334,2016-08-22,4,14.0
28.0,17.6,10.6,5.6,3.733333333333333,1.866666666666667,1.9000000000000001,1.6199999999999999,1.3499999999999999,0.6749999999999999,2016-08-31,4,16.2
30.4,20.0,15.6,12.6,8.533333333333333,4.466666666666667,3.35,2.68,2.2333333333333334,1.2166666666666666,2016-09-20,4,29.200000000000003
4.8,4.0,2.6000000000000005,2.4,1.9333333333333333,1.2666666666666668,1.25,1.08,1.0333333333333334,0.6166666666666667,2016-09-25,4,14.8
20.0,15.2,10.8,8.100000000000001,6.333333333333333,3.3000000000000003,2.475,1.9799999999999998,1.666666666666667,1.575,2016-10-04,4,37.8
12.0,8.8,6.4,4.4,3.4,1.9333333333333333,1.45,1.1800000000000002,0.9833333333333334,0.5,2016-10-05,4,12.0
20.8,20.4,10.6,5.7,4.0,2.0,1.5,1.2,1.0,0.5,2016-10-09,4,12.0
20.0,19.6,14.0,8.999999999999998,6.400000000000001,5.0,4.1,3.5,2.983333333333333,1.7083333333333333,2016-11-04,4,41.00000000000001
21.6,16.8,15.0,11.0,8.533333333333333,5.2,4.1000000000000005,3.3600000000000003,2.866666666666667,1.4833333333333334,2016-11-05,4,35.6
4.8,4.4,3.1999999999999997,2.3,2.533333333333333,1.8333333333333333,1.8,1.6800000000000002,1.6500000000000001,1.3,2016-11-13,4,31.200000000000003
5.6,4.8,3.2,2.3000000000000003,2.4,1.8333333333333333,1.675,1.58,1.45,0.7916666666666666,2016-11-14,4,19.0
6.4,3.6,2.6000000000000005,2.3000000000000003,2.2,1.7333333333333334,1.375,1.1,0.9500000000000002,0.5333333333333333,2016-11-30,4,12.8
71.2,41.6,22.0,11.0,7.333333333333333,3.6666666666666665,2.75,2.2,1.8333333333333333,0.9166666666666666,2016-12-03,4,22.0
24.8,20.4,10.2,5.2,3.466666666666667,2.0333333333333337,1.5250000000000001,1.2200000000000002,1.0333333333333334,0.5583333333333333,2016-12-04,4,13.400000000000002
23.2,20.799999999999997,14.2,12.2,8.866666666666665,4.466666666666667,3.35,2.68,2.25,1.1333333333333333,2016-12-12,4,27.2
40.8,27.2,14.6,8.5,5.666666666666667,4.366666666666667,3.3,2.66,2.2166666666666663,1.5583333333333333,2016-12-14,4,37.4
11.2,8.8,6.399999999999999,4.2,3.3333333333333335,2.3333333333333335,1.875,1.6600000000000001,1.3833333333333335,0.6916666666666668,2016-12-17,4,16.6
21.6,20.4,10.6,5.4,3.6,2.2,2.1750000000000003,1.7400000000000002,1.4500000000000002,0.7250000000000001,2017-01-05,4,17.4
32.0,27.6,15.2,7.7,5.133333333333334,2.566666666666667,1.925,1.6600000000000001,1.4000000000000001,0.7000000000000001,2017-01-12,4,16.8
31.2,30.799999999999997,26.4,18.499999999999996,12.6,6.333333333333333,4.775,3.8199999999999994,3.183333333333333,1.5999999999999999,2017-01-13,4,38.4
60.8,34.8,19.0,9.6,6.3999999999999995,3.1999999999999997,2.4,1.92,1.5999999999999999,0.7999999999999999,2017-01-31,4,19.2
40.0,24.0,12.2,7.4,6.3999999999999995,3.266666666666667,2.45,1.9600000000000002,1.6333333333333335,0.8333333333333334,2017-02-08,4,20.0
19.2,11.6,6.0,3.7,3.1333333333333333,2.2333333333333334,1.675,1.34,1.1166666666666667,0.6166666666666667,2017-03-14,4,14.8
7.2,6.4,6.2,5.000000000000001,3.6,2.0333333333333337,1.5250000000000001,1.2200000000000002,1.0166666666666668,0.5083333333333334,2017-03-20,4,12.200000000000001
9.6,7.999999999999999,5.4,4.3,3.0666666666666664,1.7666666666666666,1.325,1.06,0.8833333333333333,0.6416666666666667,2017-04-01,4,15.4
5.6,5.199999999999999,4.3999999999999995,2.9,2.1333333333333333,1.4666666666666668,1.2750000000000001,1.12,0.9666666666666667,0.5,2017-04-13,4,11.999999999999998
21.6,17.200000000000003,12.4,6.2,4.133333333333334,2.066666666666667,1.55,1.24,1.0333333333333334,0.5166666666666667,2017-06-19,4,12.4
55.2,46.8,28.6,19.7,14.0,10.066666666666666,7.55,6.04,5.033333333333333,4.433333333333334,2017-06-20,4,106.4
23.2,17.6,12.2,6.1,4.066666666666666,2.3,1.85,1.6199999999999999,1.3833333333333335,1.2,2017-06-21,4,28.8
21.6,14.4,7.2,3.6,2.4,1.7333333333333334,1.3,1.1,0.9333333333333335,0.46666666666666673,2017-07-01,4,11.200000000000001
6.4,4.0,2.2,1.2,1.0,0.9333333333333335,0.825,0.74,0.75,0.6,2017-07-02,4,14.4
7.2,6.800000000000001,5.4,4.2,3.266666666666667,2.6333333333333333,2.0500000000000003,1.6400000000000001,1.4333333333333333,0.9666666666666667,2017-08-21,4,23.200000000000003
12.0,7.6,6.4,4.7,3.3333333333333335,1.9000000000000001,1.45,1.24,1.0666666666666667,0.5416666666666666,2017-10-03,4,13.0
7.2,5.6000000000000005,4.2,2.9000000000000004,3.266666666666667,2.466666666666667,1.925,1.54,1.3166666666666667,,2017-10-15,4,15.8
8.8,6.4,4.0,3.1999999999999997,2.466666666666667,1.5999999999999999,1.375,1.32,1.1833333333333333,0.8166666666666668,2017-10-23,4,19.6
10.4,7.2,6.2,4.8,3.533333333333333,2.0,1.7,1.38,1.4500000000000002,0.7583333333333333,2017-11-11,4,18.200000000000003
21.6,13.599999999999998,9.0,5.1000000000000005,3.6666666666666665,2.9333333333333336,2.4250000000000003,2.16,1.8833333333333335,1.0250000000000001,2017-11-20,4,24.6
6.4,5.200000000000001,3.8,3.4000000000000004,3.4000000000000004,2.466666666666667,1.875,1.5000000000000002,1.2666666666666668,0.6833333333333335,2017-11-22,4,16.4
21.6,14.0,7.4,3.8000000000000003,3.1333333333333333,1.633333333333333,1.35,1.08,0.9333333333333335,0.46666666666666673,2017-11-28,4,11.200000000000001
16.8,10.8,6.800000000000001,3.4000000000000004,2.266666666666667,1.8333333333333333,1.375,1.1,0.9166666666666666,0.4583333333333333,2017-11-30,4,11.000000000000002
27.2,19.6,15.4,10.3,7.3999999999999995,3.733333333333333,2.8,2.2399999999999998,1.8666666666666665,0.9333333333333332,2017-12-21,4,22.400000000000002
44.8,28.4,14.6,7.3999999999999995,4.933333333333333,2.4666666666666663,1.8499999999999999,1.48,1.2333333333333332,0.6166666666666666,2017-12-23,4,14.799999999999999
27.2,13.6,7.0,3.6,2.4,1.2,0.9,0.72,0.6,0.5916666666666667,2017-12-24,4,14.2
10.4,6.0,3.8000000000000003,2.2,2.466666666666667,1.4333333333333333,1.475,1.2,1.0,0.5,2017-12-26,4,12.0
42.4,32.4,21.0,10.8,7.466666666666666,3.733333333333333,2.85,2.2800000000000002,1.9000000000000001,0.9583333333333334,2017-12-29,4,23.0
9.6,8.0,5.8,3.5,2.4,1.633333333333333,1.475,1.24,1.2,0.6,2018-01-04,4,14.399999999999999
24.8,14.8,8.4,5.3,5.2,2.766666666666667,2.075,1.6600000000000001,1.383333333333333,1.0583333333333333,2018-01-07,4,25.400000000000002
8.0,6.0,3.6,2.3000000000000003,1.9333333333333336,1.6333333333333335,1.25,1.04,0.8666666666666667,0.5666666666666667,2018-01-08,4,13.600000000000001
24.8,16.0,8.200000000000001,4.2,2.8000000000000003,1.5,1.9500000000000002,1.5800000000000003,1.366666666666667,0.7000000000000001,2018-01-26,4,16.8
13.6,11.6,6.8,5.0,3.8000000000000003,2.3666666666666667,1.9000000000000001,1.6199999999999999,1.3833333333333335,0.7583333333333333,2018-01-27,4,18.2
7.2,6.4,5.6,4.300000000000001,4.066666666666666,2.9,2.2,1.9,1.633333333333333,0.8583333333333334,2018-01-30,4,20.6
6.4,6.0,4.4,3.0,2.466666666666667,2.1333333333333333,1.85,1.56,1.3499999999999999,0.7416666666666667,2018-02-05,4,17.800000000000004
24.0,15.6,9.4,4.7,3.1333333333333333,1.5999999999999999,1.2,0.96,0.8666666666666667,0.46666666666666673,2018-02-07,4,11.2
103.2,82.4,56.800000000000004,29.9,19.933333333333334,9.966666666666667,7.475,5.9799999999999995,4.983333333333333,2.4916666666666667,2018-02-15,4,59.800000000000004
40.8,24.0,13.0,6.5,4.333333333333333,2.1666666666666665,1.625,1.3,1.0833333333333333,0.5416666666666666,2018-02-18,4,13.0
91.2,52.0,29.6,20.1,13.4,6.7,5.025,4.0200000000000005,3.35,1.675,2018-02-21,4,40.2
23.2,18.0,13.0,8.4,5.666666666666667,2.8333333333333335,2.125,1.7,1.4166666666666667,0.75,2018-02-22,4,18.0
32.0,25.2,15.4,9.4,6.400000000000001,4.633333333333334,4.65,3.72,3.1,1.8499999999999999,2018-02-23,4,44.4
72.0,52.4,37.6,19.7,13.133333333333333,6.6000000000000005,4.949999999999999,4.0,3.35,1.6833333333333333,2018-02-27,4,40.4
39.2,30.8,17.8,8.9,5.933333333333334,3.0,2.25,1.8,1.5,0.7583333333333333,2018-03-03,4,18.2
26.4,17.6,11.4,6.4,4.866666666666666,3.1666666666666674,2.575,2.1,2.3666666666666667,1.2833333333333334,2018-03-08,4,30.799999999999997
26.4,16.8,11.399999999999999,8.3,6.466666666666666,4.166666666666667,3.5749999999999997,3.12,2.6,1.4583333333333333,2018-03-22,4,35.0
78.4,48.800000000000004,32.6,18.900000000000002,13.200000000000001,7.166666666666667,5.375,4.3,3.5833333333333335,1.866666666666667,2018-04-03,4,44.8
12.8,9.600000000000001,7.4,5.3,3.533333333333333,1.7666666666666666,1.325,1.06,0.8833333333333333,0.44166666666666665,2018-04-05,4,10.600000000000001
12.0,8.0,4.2,3.3,2.6,1.5333333333333332,1.225,1.3599999999999999,1.1666666666666667,0.7000000000000001,2018-04-15,4,16.8
29.6,20.4,10.8,6.0,4.066666666666667,2.066666666666667,1.55,1.24,1.0333333333333334,0.5166666666666667,2018-05-19,4,12.4
35.2,27.200000000000003,17.4,11.9,9.200000000000001,7.7,6.15,4.92,4.1000000000000005,2.0500000000000003,2018-08-01,4,49.2
8.8,7.2,4.3999999999999995,3.4,2.9333333333333336,1.7333333333333334,1.3,1.04,0.8666666666666667,0.5750000000000001,2018-08-02,4,13.8
11.2,7.6,5.3999999999999995,3.0,3.4000000000000004,2.0666666666666664,2.0,1.6199999999999999,1.3499999999999999,0.6749999999999999,2018-08-06,4,16.2
9.6,5.6,3.4,2.6,2.0,1.3666666666666665,1.1,1.0,0.9166666666666669,0.46666666666666673,2018-08-07,4,11.200000000000001
8.0,6.799999999999999,6.0,4.3,3.3333333333333335,1.8666666666666665,1.4,1.1199999999999999,0.9333333333333332,0.4666666666666666,2018-09-14,4,11.2
12.0,8.0,5.4,4.8,4.333333333333334,3.766666666666667,3.3000000000000003,2.88,2.4166666666666665,1.2083333333333333,2018-10-05,4,29.0
16.8,12.0,8.200000000000001,5.7,5.133333333333334,3.033333333333333,2.275,1.8199999999999998,1.5166666666666666,0.7583333333333333,2018-10-06,4,18.2
26.4,22.0,14.0,7.699999999999999,6.933333333333334,4.3,3.225,2.58,2.15,1.075,2018-10-10,4,25.800000000000004
12.0,10.0,9.4,8.0,6.333333333333333,3.4000000000000004,2.575,2.06,1.7166666666666668,0.8583333333333334,2018-10-19,4,20.6
12.0,9.2,7.800000000000001,5.4,3.8666666666666667,1.9666666666666668,1.475,1.1800000000000002,0.9833333333333334,0.7166666666666667,2018-11-04,4,17.2
17.6,17.6,15.0,10.1,7.3999999999999995,3.6999999999999997,2.775,2.2199999999999998,1.8499999999999999,0.9249999999999999,2018-11-07,4,22.2
18.4,16.4,14.2,10.5,8.266666666666667,5.933333333333334,4.975,4.279999999999999,3.6999999999999997,2.316666666666667,2018-11-08,4,55.599999999999994
10.4,9.600000000000001,8.8,7.9,7.866666666666667,6.133333333333334,5.275,4.680000000000001,3.9500000000000006,2.1,2018-11-19,4,50.400000000000006
9.6,7.6,6.0,3.5999999999999996,2.733333333333333,1.5999999999999999,1.4,1.16,1.0666666666666667,0.575,2018-11-20,4,13.8
32.0,22.8,19.6,18.2,15.866666666666667,8.1,7.525,6.0200000000000005,5.016666666666667,2.525,2018-11-26,4,60.599999999999994
13.6,11.599999999999998,9.2,5.6000000000000005,3.8666666666666667,2.6333333333333333,2.0,1.72,1.4333333333333333,0.725,2018-12-07,4,17.400000000000002
7.2,7.2,5.8,4.2,3.9333333333333336,3.266666666666667,2.7,2.3600000000000003,1.9833333333333334,1.0583333333333333,2018-12-08,4,25.4
41.6,32.4,24.799999999999997,14.7,9.799999999999999,4.933333333333333,3.9499999999999997,3.22,2.75,1.3916666666666666,2018-12-24,4,33.4
37.6,29.200000000000003,27.0,17.2,12.133333333333333,6.733333333333333,5.05,4.04,3.3666666666666667,1.6833333333333333,2019-01-25,4,40.400000000000006
13.6,12.399999999999999,11.0,6.300000000000001,4.733333333333333,4.033333333333333,3.675,3.4,2.8333333333333335,1.4666666666666668,2019-02-04,4,35.2
20.0,15.6,14.2,7.7,5.333333333333333,3.533333333333333,2.65,2.32,2.0166666666666666,1.0083333333333333,2019-02-05,4,24.200000000000003
31.2,24.799999999999997,16.6,13.299999999999999,10.333333333333334,6.066666666666666,4.55,3.6399999999999997,3.033333333333333,1.5166666666666666,2019-02-06,4,36.4
28.0,21.6,15.0,9.3,6.2,3.1,2.325,1.86,1.55,0.775,2019-02-12,4,18.599999999999998
47.2,32.8,32.2,22.5,16.466666666666665,10.166666666666666,8.1,6.540000000000001,5.583333333333333,2.8083333333333336,2019-02-13,4,67.4
52.0,33.2,20.0,10.1,6.933333333333334,3.466666666666667,2.625,2.12,1.7666666666666666,0.8833333333333333,2019-02-17,4,21.2
26.4,19.2,13.2,6.8999999999999995,4.6000000000000005,3.0,2.25,1.8,1.5,0.975,2019-02-28,4,23.4
86.4,55.2,33.6,21.8,17.0,10.233333333333333,7.675,6.14,5.116666666666666,2.575,2019-03-01,4,61.8
5.6,4.3999999999999995,4.0,3.5,2.8666666666666667,1.633333333333333,1.2249999999999999,1.0,0.9666666666666667,0.5333333333333333,2019-03-02,4,12.799999999999999
96.8,70.4,40.199999999999996,21.7,14.6,7.466666666666666,5.6,4.4799999999999995,3.733333333333333,1.875,2019-03-03,4,44.99999999999999
67.2,45.2,32.199999999999996,18.2,12.200000000000001,6.366666666666667,4.85,3.94,3.283333333333333,1.6416666666666666,2019-03-11,4,39.4
33.6,18.400000000000002,10.2,6.5,4.466666666666667,2.2666666666666666,1.8,1.44,1.2,0.6083333333333334,2019-03-16,4,14.6
20.0,18.0,10.6,6.500000000000001,4.4,2.2,1.6500000000000001,1.32,1.1,0.55,2019-03-19,4,13.2
28.0,16.8,14.0,9.5,6.3999999999999995,3.8000000000000003,2.85,2.2800000000000002,1.9000000000000001,1.6500000000000001,2019-03-20,4,39.599999999999994
24.0,15.599999999999998,11.6,7.9,6.066666666666666,5.433333333333334,4.2,3.4,2.85,2.1166666666666667,2019-03-21,4,50.800000000000004
22.4,15.6,10.2,6.0,4.0,2.0,2.1,1.7,1.4166666666666667,0.7083333333333334,2019-03-28,4,17.0
18.4,16.4,12.8,7.0,4.666666666666667,2.3666666666666667,1.8,1.44,1.2,0.6166666666666667,2019-03-29,4,14.799999999999999
80.8,75.19999999999999,61.0,36.5,25.0,16.666666666666668,12.5,10.0,8.333333333333334,4.166666666666667,2019-04-08,4,100.0
42.4,41.599999999999994,24.6,15.6,12.133333333333333,9.333333333333334,9.424999999999999,8.260000000000002,6.966666666666668,4.291666666666667,2019-04-09,4,103.0
37.6,36.0,19.8,10.0,8.6,5.933333333333334,5.075,4.18,3.483333333333333,2.5500000000000003,2019-04-10,4,61.199999999999996
18.4,18.0,9.2,4.7,3.3333333333333335,1.9666666666666668,1.475,1.1800000000000002,0.9833333333333334,0.4916666666666667,2019-04-28,4,11.8
41.6,25.999999999999996,19.6,10.799999999999999,7.466666666666666,4.633333333333333,3.4749999999999996,2.7800000000000002,2.3166666666666664,2.0166666666666666,2019-05-07,4,48.4
32.0,26.0,13.799999999999999,7.8,8.866666666666665,6.066666666666666,4.55,3.7,3.1166666666666667,2.0749999999999997,2019-05-15,4,49.8
29.6,25.6,18.8,12.0,9.8,5.5,4.125,3.3,2.75,1.6833333333333333,2019-05-16,4,40.400000000000006
7.2,6.0,4.6,4.0,3.3333333333333335,2.433333333333333,1.9500000000000002,1.6600000000000001,1.4333333333333336,0.8166666666666668,2019-05-17,4,19.6
34.4,26.799999999999997,17.8,9.1,6.133333333333333,3.0666666666666664,2.3249999999999997,1.8599999999999999,1.5499999999999998,0.7749999999999999,2019-06-02,4,18.6
14.4,9.6,6.0,3.4,3.0666666666666664,2.2333333333333334,1.8,1.44,1.2,0.6,2019-06-03,4,14.4
5.6,4.799999999999999,3.0,2.9,2.2,1.5,1.525,1.22,1.0166666666666666,0.5166666666666667,2019-06-04,4,12.399999999999999
9.6,8.8,6.8,3.8,2.533333333333333,1.6666666666666667,1.25,1.0,0.8333333333333334,0.6833333333333332,2019-06-05,4,16.4
63.2,45.2,25.0,12.700000000000001,8.533333333333333,4.266666666666667,3.2,2.56,2.1333333333333333,1.0666666666666667,2019-06-20,4,25.6
3.2,2.0,1.4000000000000001,1.0,1.0000000000000002,0.7333333333333334,0.65,0.64,0.6166666666666667,0.5,2019-07-05,4,12.0
9.6,9.2,7.2,6.1,4.933333333333334,2.8666666666666667,2.2,1.8,1.5166666666666666,1.3,2019-08-04,4,31.200000000000003
8.0,7.6,6.4,4.8,3.466666666666667,2.1333333333333333,1.6,1.28,1.0666666666666667,0.5333333333333333,2019-08-13,4,12.8
10.4,8.0,5.3999999999999995,3.3,2.6,1.6333333333333335,1.6500000000000001,1.48,1.3499999999999999,0.875,2019-08-14,4,21.0
7.2,5.6,3.6000000000000005,2.8000000000000003,2.4,1.4000000000000001,1.075,0.86,0.7166666666666667,0.5083333333333334,2019-08-20,4,12.2
4.8,3.6,3.0,2.6,2.6666666666666665,2.0333333333333337,1.875,1.8599999999999999,1.7666666666666666,1.0166666666666668,2019-09-05,4,24.4
9.6,8.4,8.0,7.2,6.2,4.666666666666667,4.1000000000000005,3.7599999999999993,3.4500000000000006,2.0500000000000003,2019-09-22,4,49.2
3.2,3.2,3.0,1.8000000000000003,1.4000000000000004,1.1,1.05,1.04,0.9833333333333334,0.6166666666666667,2019-09-26,4,14.8
9.6,6.4,5.8,3.3,2.4,1.666666666666667,1.35,1.1400000000000001,1.0333333333333334,0.6583333333333333,2019-09-28,4,15.8
5.6,4.4,3.4,2.6,2.1333333333333333,1.5999999999999999,1.2,0.96,0.7999999999999999,0.47500000000000003,2019-10-08,4,11.4
18.4,11.599999999999998,10.0,6.8,5.3999999999999995,5.266666666666667,4.375,3.54,3.0333333333333337,1.6166666666666665,2019-10-09,4,38.8
58.4,52.8,31.8,21.8,16.066666666666666,9.866666666666665,8.4,7.12,6.683333333333334,3.391666666666667,2019-11-11,4,81.39999999999999
4.8,4.4,3.8,3.4,2.733333333333333,1.6333333333333335,1.275,1.02,0.85,0.425,2019-11-14,4,10.2
12.0,9.2,7.6,5.7,4.0,2.1999999999999997,1.675,1.34,1.1166666666666667,0.6666666666666666,2019-11-19,4,16.0
9.6,7.6,5.2,3.7,3.1999999999999997,2.1,1.575,1.26,1.05,0.525,2019-11-24,4,12.600000000000001
11.2,10.4,9.200000000000001,7.1,6.133333333333333,4.533333333333333,3.725,3.02,2.5166666666666666,1.2583333333333333,2019-11-28,4,30.200000000000003
25.6,20.4,16.799999999999997,9.4,6.3999999999999995,3.233333333333333,2.425,1.94,1.6166666666666665,0.8083333333333332,2019-12-05,4,19.4
7.2,6.4,6.2,4.7,3.533333333333333,1.8333333333333333,1.375,1.1199999999999999,0.9333333333333332,0.4666666666666666,2019-12-10,4,11.2
56.0,42.0,23.8,13.1,8.866666666666667,5.266666666666667,4.15,3.46,2.8833333333333333,1.5083333333333335,2019-12-23,4,36.2
18.4,18.0,11.600000000000001,6.1,4.133333333333334,2.066666666666667,1.55,1.24,1.0333333333333334,0.5166666666666667,2020-01-02,4,12.4
29.6,29.200000000000003,17.2,9.700000000000001,6.466666666666668,3.266666666666667,2.525,2.02,1.6833333333333333,0.8416666666666667,2020-01-03,4,20.200000000000003
25.6,16.8,16.400000000000002,10.500000000000002,7.733333333333334,4.366666666666666,3.4250000000000003,2.8,2.3666666666666667,1.4083333333333332,2020-01-13,4,33.8
12.8,12.0,8.4,6.1,5.133333333333334,3.0666666666666664,3.375,3.22,2.8333333333333335,1.5416666666666667,2020-01-17,4,37.0
77.6,48.8,29.2,14.799999999999999,10.266666666666667,6.3999999999999995,4.85,3.88,3.233333333333333,1.6166666666666665,2020-01-30,4,38.8
40.8,37.599999999999994,32.2,23.6,16.599999999999998,9.266666666666666,6.949999999999999,5.56,4.633333333333333,2.3166666666666664,2020-02-02,4,55.6
24.0,20.0,13.8,9.0,6.3999999999999995,5.066666666666666,3.8,3.04,2.533333333333333,1.8166666666666667,2020-02-03,4,43.6
92.8,68.0,43.4,23.4,15.866666666666667,7.933333333333334,6.025,4.86,4.05,2.025,2020-02-05,4,48.599999999999994
47.2,39.599999999999994,32.0,20.8,15.933333333333335,8.733333333333333,6.65,5.32,4.433333333333334,2.216666666666667,2020-02-10,4,53.2
24.8,20.4,14.200000000000001,9.6,8.533333333333333,5.166666666666667,4.125,3.5799999999999996,3.233333333333333,1.9666666666666668,2020-02-11,4,47.2
5.6,5.199999999999999,3.9999999999999996,2.5,2.2666666666666666,1.2333333333333332,0.975,0.86,0.75,0.5666666666666667,2020-02-12,4,13.600000000000001
40.8,26.4,22.4,12.4,8.333333333333334,4.166666666666667,3.125,2.5,2.0833333333333335,1.0416666666666667,2020-02-16,4,25.0
40.8,37.599999999999994,25.8,15.1,10.066666666666666,6.933333333333334,5.2,4.16,3.466666666666667,1.7333333333333334,2020-02-21,4,41.599999999999994
13.6,13.6,10.6,8.4,7.6000000000000005,4.8,3.65,2.9200000000000004,2.45,1.2666666666666668,2020-02-22,4,30.4
20.0,19.2,11.2,8.3,7.066666666666667,4.766666666666667,3.575,2.8600000000000003,2.3833333333333333,1.1916666666666667,2020-02-29,4,28.6
19.2,18.799999999999997,15.4,10.8,10.333333333333334,7.8,6.925,5.6,4.683333333333334,2.858333333333333,2020-03-01,4,68.6
6.4,6.000000000000001,4.0,2.8,2.2666666666666666,1.6666666666666667,1.45,1.44,1.45,0.9416666666666668,2020-03-02,4,22.6
19.2,15.599999999999998,13.8,9.9,8.133333333333335,4.366666666666666,3.275,2.62,2.183333333333333,1.0916666666666666,2020-03-20,4,26.200000000000003
7.2,6.0,4.0,2.4,1.9333333333333333,1.2333333333333334,1.05,0.8400000000000001,0.8833333333333333,0.55,2020-03-21,4,13.2
6.4,5.6,5.4,4.7,3.866666666666667,2.5,2.15,1.7600000000000002,1.4666666666666668,0.75,2020-04-08,4,18.0
33.6,26.4,16.6,8.8,6.533333333333334,4.4,3.3000000000000003,2.64,2.2,1.1,2020-05-02,4,26.400000000000002
25.6,19.200000000000003,15.399999999999999,10.5,7.3999999999999995,4.3,3.325,2.7399999999999998,2.283333333333333,1.1916666666666667,2020-05-07,4,28.6
12.8,11.200000000000001,9.4,6.1,5.0,3.1999999999999997,2.4,1.92,1.5999999999999999,0.7999999999999999,2020-05-14,4,19.2
11.2,9.2,6.4,4.8,3.8666666666666667,2.733333333333333,2.2,1.94,1.6833333333333333,0.8916666666666666,2020-05-15,4,21.400000000000002
4.8,4.4,4.0,3.1,2.8666666666666667,2.033333333333333,1.525,1.24,1.0833333333333333,0.5416666666666666,2020-05-24,4,13.0
11.2,10.0,10.0,6.8,4.866666666666666,2.5,1.925,1.54,1.4666666666666666,0.8083333333333332,2020-06-14,4,19.4
30.4,27.2,22.8,14.700000000000001,10.4,6.366666666666666,5.55,5.279999999999999,4.816666666666667,2.85,2020-07-30,4,68.4
28.8,22.799999999999997,20.799999999999997,19.0,18.53333333333333,16.099999999999998,12.5,10.04,8.4,4.416666666666667,2020-08-21,4,106.0
24.0,17.6,14.8,11.8,11.866666666666667,9.333333333333334,8.675,7.82,7.8,4.241666666666666,2020-08-22,4,101.80000000000001
6.4,5.2,3.1999999999999997,2.6999999999999997,1.9333333333333333,1.2333333333333332,1.025,0.82,0.7000000000000001,0.4666666666666666,2020-09-15,4,11.2
5.6,3.1999999999999997,2.5999999999999996,1.7,1.3333333333333333,1.2,1.0,0.8400000000000001,0.8833333333333333,0.45,2020-09-20,4,10.799999999999999
9.6,8.8,8.0,6.7,5.333333333333333,2.6666666666666665,2.0,1.6,1.3333333333333333,0.725,2020-09-21,4,17.4
24.0,22.0,19.599999999999998,17.9,16.4,11.433333333333335,10.350000000000001,9.66,9.383333333333333,6.208333333333333,2020-09-22,4,149.0
5.6,5.199999999999999,4.2,3.7,3.6,2.066666666666667,1.5750000000000002,1.3,1.0833333333333333,0.7333333333333334,2020-10-04,4,17.6
34.4,24.4,18.2,14.6,12.533333333333331,10.3,8.325,6.82,5.7,2.858333333333333,2020-10-30,4,68.6
8.0,5.2,4.2,3.6,2.733333333333333,1.7333333333333334,1.5750000000000002,1.28,1.1333333333333333,0.7083333333333334,2020-10-31,4,17.0
24.8,19.2,11.2,7.1000000000000005,4.8,2.4,1.8,1.8,1.5,0.7583333333333333,2020-11-05,4,18.2
21.6,18.0,14.0,11.500000000000002,8.8,4.833333333333334,3.6500000000000004,2.9400000000000004,2.4499999999999997,1.3166666666666667,2020-11-18,4,31.6
39.2,32.400000000000006,29.000000000000004,26.2,23.200000000000003,16.166666666666668,12.525,10.02,8.35,4.425,2020-11-19,4,106.19999999999999
12.8,8.4,6.799999999999999,5.3,5.3999999999999995,3.9333333333333336,3.55,2.98,2.6,1.5416666666666667,2020-11-20,4,37.0
30.4,18.4,11.799999999999999,6.2,4.133333333333334,2.066666666666667,1.55,1.24,1.0333333333333334,0.5166666666666667,2020-12-01,4,12.4
8.0,6.3999999999999995,4.6,3.4,2.6,1.5,1.2000000000000002,1.0,0.8666666666666667,0.45,2020-12-06,4,10.8
36.8,28.4,22.4,13.2,8.8,4.733333333333333,3.55,2.84,2.3833333333333333,1.8333333333333333,2020-12-07,4,44.0
11.2,10.0,7.4,4.1,4.6,2.4,1.8,1.44,1.2,0.6,2020-12-08,4,14.399999999999999
21.6,13.600000000000001,9.4,6.1000000000000005,4.066666666666667,2.3333333333333335,1.8,1.58,1.4333333333333336,0.7333333333333334,2020-12-10,4,17.6
37.6,26.8,14.6,7.4,4.933333333333334,3.766666666666667,3.85,3.3200000000000003,2.8166666666666664,1.4083333333333332,2020-12-22,4,33.8
52.8,43.199999999999996,34.0,20.3,15.266666666666666,8.833333333333334,7.525,6.08,5.083333333333333,2.5666666666666664,2020-12-25,4,61.599999999999994
3.2,3.2,3.0,1.9000000000000001,1.5333333333333332,1.0666666666666667,0.9750000000000001,0.8600000000000001,0.8833333333333334,0.6083333333333334,2020-12-27,4,14.600000000000001
26.4,23.2,14.8,8.4,6.0,5.033333333333333,4.625,3.7600000000000002,3.4499999999999997,1.75,2021-01-02,4,42.0
23.2,18.4,13.2,6.8999999999999995,4.866666666666666,2.733333333333333,2.1,1.7,1.4166666666666667,0.7333333333333334,2021-01-03,4,17.6
51.2,42.0,36.2,21.3,16.666666666666668,10.200000000000001,7.8,6.26,5.216666666666667,2.7750000000000004,2021-02-05,4,66.6
38.4,29.2,19.2,11.7,9.133333333333333,4.666666666666667,3.5,2.82,2.4,1.2166666666666666,2021-02-06,4,29.199999999999996
8.0,6.8,6.4,5.1000000000000005,3.9333333333333336,2.4333333333333336,1.85,1.48,1.2333333333333334,0.6416666666666667,2021-02-13,4,15.399999999999999
32.0,31.2,20.0,12.200000000000001,9.333333333333334,4.7,3.525,2.82,2.35,1.175,2021-03-06,4,28.2
46.4,26.0,14.0,7.1,4.8,2.533333333333333,1.9,1.52,1.2666666666666666,1.0,2021-03-30,4,23.999999999999996
36.0,25.6,12.8,6.4,4.266666666666667,2.1333333333333333,1.6,1.28,1.0666666666666667,0.5333333333333333,2021-04-12,4,12.8
12.8,10.0,6.8,6.4,4.933333333333333,3.1333333333333333,2.5250000000000004,2.2,1.9166666666666667,0.9833333333333334,2021-04-13,4,23.599999999999998
11.2,9.2,7.0,5.2,4.533333333333333,3.1333333333333333,2.475,1.98,1.6666666666666667,1.1333333333333333,2021-04-21,4,27.200000000000003
12.8,9.600000000000001,6.8,5.1,3.5333333333333337,1.9000000000000001,1.45,1.16,0.9666666666666667,0.5083333333333334,2021-04-27,4,12.200000000000001
12.0,10.8,8.799999999999999,7.6,7.133333333333333,4.666666666666667,3.625,3.16,2.6333333333333333,1.3833333333333335,2021-04-29,4,33.2
28.0,18.0,14.2,12.3,11.066666666666668,7.166666666666667,5.625,4.8,4.4,2.35,2021-05-07,4,56.4
8.8,7.6000000000000005,6.8,4.6000000000000005,3.1999999999999997,2.2,1.7,1.3800000000000001,1.1500000000000001,0.7166666666666667,2021-05-13,4,17.200000000000003
24.8,23.200000000000003,15.600000000000001,10.100000000000001,7.533333333333334,4.166666666666667,3.15,2.52,2.1,1.05,2021-05-30,4,25.2
11.2,9.2,4.6,2.9,2.0,1.1333333333333333,1.25,1.0799999999999998,0.9166666666666666,0.4666666666666666,2021-05-31,4,11.2
12.8,9.600000000000001,6.2,3.3,2.4,1.8,1.5000000000000002,1.34,1.1333333333333335,0.6666666666666666,2021-06-17,4,16.0
7.2,7.2,3.8,2.1,1.4666666666666668,1.1666666666666667,0.9750000000000001,0.8200000000000001,0.8500000000000001,0.5333333333333333,2021-07-28,4,12.8
8.8,6.800000000000001,5.0,3.1,2.4,1.8333333333333333,1.4500000000000002,1.1800000000000002,1.0000000000000002,0.9750000000000001,2021-08-12,4,23.4
5.6,5.199999999999999,5.0,4.3,3.6666666666666665,2.6999999999999997,2.225,1.86,1.55,0.7833333333333333,2021-08-13,4,18.8
5.6,5.199999999999999,4.8,4.3999999999999995,3.733333333333333,2.733333333333333,2.1,1.7,1.4166666666666667,0.7083333333333334,2021-08-29,4,17.0
12.0,7.6,4.0,3.1,2.3333333333333335,1.9666666666666668,1.85,1.7,1.45,0.85,2021-08-31,4,20.4
4.0,3.6,2.6,1.7,1.2,1.1333333333333333,0.925,0.74,0.6166666666666667,0.4583333333333333,2021-09-16,4,11.0
8.0,6.0,5.6,3.7,2.8000000000000003,1.8,1.375,1.1,0.9166666666666666,0.4583333333333333,2021-09-22,4,11.0
5.6,5.6,4.2,2.6999999999999997,1.9333333333333336,1.8666666666666665,1.575,1.26,1.05,0.525,2021-10-07,4,12.600000000000001
4.0,3.5999999999999996,3.4000000000000004,2.8,2.5333333333333337,1.9000000000000001,1.675,1.46,1.3166666666666667,0.775,2021-10-11,4,18.6
2.4,2.4,2.2,1.8,1.7333333333333334,1.3333333333333333,1.225,1.1,1.0166666666666666,0.7083333333333334,2021-10-19,4,17.0
8.0,7.2,5.4,3.8,3.8000000000000003,3.3000000000000003,2.875,2.46,2.0500000000000003,1.0250000000000001,2021-10-20,4,24.6
24.0,15.2,7.6,3.8,2.533333333333333,1.4333333333333333,1.5,1.2,1.05,0.5750000000000001,2021-10-24,4,13.799999999999999
5.6,5.6,5.0,4.5,4.333333333333333,4.033333333333333,3.475,3.04,2.6166666666666667,1.3916666666666666,2021-11-01,4,33.400000000000006
5.6,4.4,3.5999999999999996,3.3000000000000003,2.8000000000000003,1.8666666666666665,1.45,1.24,1.0666666666666667,0.5333333333333333,2021-11-11,4,12.8
6.4,6.0,5.199999999999999,4.2,3.266666666666666,1.9000000000000001,1.5,1.24,1.05,0.6333333333333334,2021-11-19,4,15.2
5.6,5.199999999999999,4.4,3.0,2.2666666666666666,1.3333333333333333,1.025,0.8200000000000001,0.7000000000000001,0.6833333333333332,2021-11-20,4,16.4
29.6,20.799999999999997,13.0,8.1,5.733333333333333,4.733333333333333,3.975,3.3,2.783333333333333,1.9166666666666667,2021-12-07,4,46.0
8.8,8.4,5.6,3.0,2.0,1.3,1.25,1.0799999999999998,0.9666666666666667,0.48333333333333334,2021-12-08,4,11.600000000000001
85.6,60.4,35.4,18.4,12.466666666666667,6.233333333333333,4.675,3.7399999999999998,3.1166666666666667,1.5583333333333333,2021-12-12,4,37.4
43.2,38.0,35.8,29.4,20.866666666666667,11.100000000000001,10.725000000000001,8.98,7.566666666666666,3.8249999999999997,2021-12-17,4,91.8
41.6,36.4,22.599999999999998,12.299999999999999,11.133333333333333,6.433333333333334,4.85,4.04,3.3666666666666667,1.6916666666666667,2021-12-23,4,40.6
24.8,22.799999999999997,19.6,10.6,8.466666666666667,5.733333333333333,4.325,3.46,2.8833333333333333,1.45,2021-12-30,4,34.8
28.0,26.8,17.0,8.9,6.3999999999999995,3.8000000000000003,2.9250000000000003,2.74,2.5,1.625,2022-01-07,4,39.0
21.6,17.200000000000003,11.600000000000001,10.8,8.266666666666667,5.366666666666667,5.125,4.779999999999999,4.083333333333333,3.408333333333333,2022-01-08,4,81.8
40.8,34.4,23.2,12.200000000000001,8.4,4.3,3.225,2.58,2.15,1.4000000000000001,2022-01-11,4,33.6
28.0,17.2,8.8,4.5,3.0666666666666664,1.5333333333333332,1.15,1.3,1.0833333333333333,0.9249999999999999,2022-01-29,4,22.200000000000003
8.8,6.800000000000001,5.8,3.8,2.733333333333333,1.5333333333333332,1.15,0.9199999999999999,0.7666666666666666,0.6166666666666667,2022-01-30,4,14.8
4.8,4.0,3.4000000000000004,3.3,2.6,1.7333333333333334,1.35,1.1,0.9166666666666666,0.4583333333333333,2022-02-07,4,11.0
9.6,7.6,4.8,3.8,3.6666666666666665,2.033333333333333,1.525,1.22,1.0166666666666666,0.5166666666666667,2022-02-08,4,12.4
20.0,13.2,9.2,4.8,3.1999999999999997,1.5999999999999999,1.2,0.9800000000000001,0.8333333333333334,0.4916666666666667,2022-02-18,4,11.8
27.2,23.6,18.599999999999998,12.700000000000001,10.333333333333334,8.066666666666666,6.6,5.34,4.45,2.225,2022-03-20,4,53.4
23.2,22.799999999999997,16.4,11.0,7.466666666666666,4.2,3.175,2.54,2.1166666666666667,1.0666666666666667,2022-03-21,4,25.6
49.6,47.6,46.0,38.400000000000006,26.53333333333333,13.266666666666666,9.95,7.959999999999999,6.633333333333333,3.391666666666667,2022-03-31,4,81.4
87.2,70.0,55.6,35.1,27.0,15.733333333333333,13.025,10.879999999999999,9.066666666666666,5.0,2022-04-01,4,120.0
10.4,9.6,7.800000000000001,5.9,4.066666666666666,2.1,1.6,1.28,1.0666666666666667,0.5333333333333333,2022-04-06,4,12.8
65.6,46.4,26.4,13.899999999999999,9.266666666666666,4.666666666666667,3.5,2.8,2.3333333333333335,1.1666666666666667,2022-04-09,4,28.0
75.2,52.8,35.4,22.7,17.533333333333335,10.366666666666667,7.7749999999999995,6.22,5.333333333333333,3.0500000000000003,2022-04-14,4,73.19999999999999
15.2,8.4,4.3999999999999995,3.3,2.2666666666666666,1.2,1.2,1.18,1.05,0.6749999999999999,2022-04-30,4,16.2
60.8,43.2,23.4,12.1,8.133333333333333,4.466666666666666,3.375,2.7,2.25,1.125,2022-05-04,4,27.000000000000004
18.4,11.6,8.0,4.1,2.733333333333333,1.7,1.275,1.02,0.85,0.43333333333333335,2022-05-12,4,10.399999999999999
40.0,20.0,18.4,9.3,6.6000000000000005,3.5666666666666664,3.275,2.62,2.183333333333333,1.0916666666666666,2022-05-16,4,26.199999999999996
14.4,9.6,5.8,5.2,4.466666666666667,3.0,2.325,1.86,1.55,0.775,2022-06-03,4,18.6
8.0,7.200000000000001,4.2,2.5,1.7333333333333334,1.3,1.1,1.06,0.9166666666666666,0.4583333333333333,2022-06-04,4,11.0
7.2,5.6000000000000005,5.0,3.5,2.733333333333333,1.8333333333333333,1.6500000000000001,1.4600000000000002,1.2833333333333334,0.6416666666666667,2022-06-14,4,15.399999999999999
9.6,7.199999999999999,5.8,3.0,2.8666666666666667,1.8,1.6500000000000001,1.4200000000000002,1.2,0.6333333333333334,2022-06-26,4,15.2
44.8,31.6,23.400000000000002,17.8,14.933333333333332,10.4,8.049999999999999,6.92,5.766666666666667,2.8833333333333333,2022-07-14,4,69.2
20.0,11.2,7.0,4.9,3.466666666666667,1.8333333333333337,1.4000000000000001,1.1400000000000001,0.9500000000000001,0.47500000000000003,2022-08-10,4,11.399999999999999
20.0,13.600000000000001,7.800000000000001,4.5,3.1333333333333333,2.2333333333333334,1.85,1.48,1.3,0.775,2022-08-11,4,18.6
4.8,4.8,4.0,3.3,2.6,1.7666666666666666,1.425,1.16,0.9833333333333334,0.5916666666666667,2022-09-04,4,14.2
5.6,5.199999999999999,4.199999999999999,3.7,3.266666666666667,2.433333333333333,2.25,2.16,2.066666666666667,1.2916666666666667,2022-09-16,4,31.0
10.4,8.4,7.2,6.4,5.933333333333334,4.033333333333333,3.275,2.8000000000000003,2.433333333333333,1.3083333333333333,2022-09-28,4,31.400000000000002
8.8,8.000000000000002,7.4,6.9,5.733333333333334,3.6999999999999997,2.9250000000000003,2.62,2.8166666666666664,2.033333333333333,2022-09-29,4,48.8
14.4,10.0,5.2,2.8,1.8666666666666665,0.9666666666666667,0.725,0.58,0.48333333333333334,0.4583333333333333,2022-10-28,4,11.0
17.6,16.8,12.6,7.6,5.133333333333334,2.6,1.95,1.56,1.3,0.65,2022-10-31,4,15.600000000000001
24.8,24.4,16.8,8.5,7.8,6.7,5.9,5.84,5.45,3.1166666666666667,2022-11-01,4,74.8
32.8,20.4,15.8,10.3,9.733333333333334,5.966666666666666,4.575,4.28,4.116666666666667,3.091666666666667,2022-11-02,4,74.2
20.8,14.0,10.2,6.8,5.866666666666667,3.266666666666667,2.45,1.9600000000000002,1.6333333333333335,0.8166666666666668,2022-11-11,4,19.6
12.0,11.6,7.8,6.199999999999999,6.066666666666666,3.933333333333333,2.9499999999999997,2.38,1.9833333333333334,0.9916666666666667,2022-11-24,4,23.799999999999997
7.2,7.2,5.8,3.6,2.466666666666667,1.8333333333333333,1.55,1.28,1.0833333333333335,0.55,2022-12-06,4,13.2
12.0,10.399999999999999,8.4,6.800000000000001,6.6000000000000005,4.366666666666666,3.65,3.1,2.6,1.3,2022-12-13,4,31.200000000000003
48.0,36.8,27.0,17.0,15.066666666666668,10.9,8.7,7.74,6.566666666666666,3.35,2022-12-18,4,80.4
9.6,7.199999999999999,6.4,5.2,4.733333333333333,3.3000000000000003,3.0250000000000004,2.58,2.2333333333333334,1.2166666666666666,2022-12-20,4,29.2
17.6,16.0,15.200000000000001,13.700000000000001,13.066666666666668,10.166666666666666,8.174999999999999,7.0200000000000005,6.199999999999999,4.058333333333334,2022-12-21,4,97.39999999999999
7.2,6.800000000000001,4.0,3.5,3.066666666666667,2.1333333333333333,1.625,1.3,1.0833333333333333,0.5416666666666666,2022-12-22,4,13.0
22.4,16.799999999999997,13.799999999999999,10.799999999999999,8.466666666666667,4.766666666666667,3.975,3.2,2.6833333333333336,1.3666666666666665,2022-12-30,4,32.800000000000004
12.0,11.6,10.2,8.4,7.866666666666666,5.1,3.9,3.16,2.716666666666667,1.4083333333333332,2023-01-05,4,33.8
8.0,7.2,5.6,5.0,4.933333333333334,4.633333333333334,4.3,4.1,3.8833333333333333,,2023-01-06,4,72.40000000000002
3.2,3.2,3.0,2.6,2.1333333333333333,1.866666666666667,1.775,1.7000000000000004,1.5666666666666667,,2023-01-07,4,22.400000000000002
7.2,6.4,4.6,2.5,1.9333333333333333,1.0666666666666667,0.9,0.72,0.6,0.6,2023-01-09,4,14.4
76.8,66.0,51.6,34.800000000000004,30.26666666666667,19.666666666666668,15.299999999999999,12.26,10.216666666666667,5.116666666666666,2023-02-07,4,122.80000000000001
5.6,4.8,4.8,3.5,3.6666666666666665,2.033333333333333,1.525,1.22,1.0166666666666666,0.5083333333333333,2023-02-10,4,12.2
45.6,40.0,27.0,15.8,11.466666666666667,6.066666666666666,4.55,3.6399999999999997,3.033333333333333,1.5250000000000001,2023-02-11,4,36.6
49.6,33.2,19.8,10.5,7.066666666666666,3.533333333333333,2.65,2.12,1.7666666666666666,,2023-02-13,4,21.200000000000003
13.6,11.600000000000001,10.399999999999999,8.1,5.666666666666667,2.8333333333333335,2.125,1.7,1.4166666666666667,0.7083333333333334,2023-02-28,4,17.0
41.6,24.400000000000002,12.8,6.4,4.333333333333333,2.1666666666666665,1.625,1.3,1.0833333333333333,,2023-03-05,4,13.0
95.2,83.6,53.8,27.7,19.400000000000002,9.866666666666667,7.4,5.92,4.933333333333334,,2023-03-30,4,59.20000000000001
48.0,43.6,30.8,20.1,14.0,10.799999999999999,8.225,6.76,5.6499999999999995,,2023-04-08,4,85.0
15.2,13.6,10.8,6.7,5.266666666666667,3.0,2.35,2.2,1.9166666666666667,1.0250000000000001,2023-04-09,4,24.6
5.6,5.6,4.8,3.7,3.4000000000000004,1.9000000000000001,1.45,1.16,0.9666666666666667,0.48333333333333334,2023-04-19,4,11.6
18.4,16.4,11.200000000000001,6.5,4.3999999999999995,2.3666666666666667,1.775,1.44,1.2,,2023-04-28,4,14.4
16.0,11.2,8.2,4.3,3.266666666666667,2.4,2.0,1.7,1.4333333333333333,,2023-05-10,4,17.599999999999998
33.6,27.6,20.400000000000002,13.9,10.6,5.599999999999999,4.449999999999999,4.279999999999999,3.7166666666666663,,2023-05-29,4,50.60000000000001
16.0,13.2,11.0,8.299999999999999,6.666666666666667,5.1000000000000005,4.55,3.8600000000000003,3.25,,2023-07-19,4,39.00000000000001
6.4,6.4,5.800000000000001,3.8,2.8000000000000003,1.7,1.65,1.56,1.5833333333333333,1.4083333333333334,2023-08-26,4,33.800000000000004
16.8,13.600000000000001,10.0,7.9,7.533333333333334,5.2,4.0,3.2,2.75,2.0833333333333335,2023-08-27,4,50.0
12.8,11.2,10.8,6.999999999999999,5.533333333333334,2.9,2.1750000000000003,1.7600000000000002,1.4666666666666668,,2023-08-29,4,19.399999999999995
37.6,27.6,15.0,7.5,5.0,2.5,1.875,1.5,1.25,,2023-09-05,4,15.0
9.6,6.8,6.0,5.3999999999999995,4.066666666666666,3.0,2.375,1.9600000000000002,1.9500000000000002,,2023-10-01,4,24.4
46.4,34.0,19.799999999999997,10.1,6.733333333333333,3.3666666666666667,2.525,2.1,1.75,,2023-10-02,4,21.0
2.4,2.4,2.2,2.1,1.9333333333333336,1.7333333333333334,1.475,1.28,1.0833333333333333,,2023-10-13,4,13.200000000000001
3.2,2.400000000000001,2.1999999999999997,1.9000000000000001,1.9333333333333333,1.4666666666666668,1.4000000000000001,1.4,1.2833333333333334,,2023-10-14,4,25.0
7.2,6.4,5.2,4.4,3.4,1.7,1.275,1.02,0.85,,2023-10-17,4,10.2
44.0,27.2,15.4,7.7,5.2,2.6,1.95,1.56,1.3333333333333333,,2023-10-26,4,17.2
18.4,9.6,5.6,4.1,2.733333333333333,2.033333333333333,1.7,1.3599999999999999,1.1333333333333333,0.5666666666666667,2023-10-29,4,13.599999999999998
22.4,19.6,16.0,8.5,5.666666666666667,2.8333333333333335,2.125,1.7,1.4166666666666667,0.7083333333333334,2023-11-14,4,17.0
11.2,9.6,6.199999999999999,5.5,3.733333333333333,1.8666666666666665,1.4,1.1199999999999999,0.9333333333333332,,2023-11-15,4,11.2
20.0,14.8,8.6,5.0,3.733333333333334,1.9000000000000001,1.425,1.24,1.1,0.5583333333333333,2023-11-19,4,13.400000000000002
8.8,6.800000000000001,5.800000000000001,4.4,3.466666666666667,2.466666666666667,2.1250000000000004,1.9200000000000004,1.7833333333333334,0.9166666666666666,2023-11-24,4,22.0
44.0,28.8,14.8,7.4,4.933333333333334,2.466666666666667,1.85,1.48,1.2333333333333334,0.7583333333333333,2023-12-08,4,18.2
41.6,25.6,14.6,9.2,8.733333333333333,5.5,4.3,3.5,3.266666666666667,1.8833333333333335,2023-12-09,4,45.2
6.4,5.6,5.0,4.6,3.6,1.8,1.35,1.08,0.9,,2024-01-03,4,10.799999999999999
8.8,7.2,5.0,4.0,3.1999999999999997,1.9333333333333333,1.925,1.6800000000000002,1.4000000000000001,,2024-01-04,4,16.799999999999997
38.4,29.2,16.0,11.2,9.0,7.366666666666667,7.15,5.720000000000001,4.766666666666667,2.525,2024-01-13,4,60.599999999999994
22.4,18.799999999999997,16.2,10.2,8.533333333333333,4.833333333333333,3.65,3.0,2.5,,2024-01-14,4,30.0
93.6,62.8,43.8,26.999999999999996,19.266666666666666,9.766666666666666,7.324999999999999,5.859999999999999,4.883333333333333,2.8499999999999996,2024-01-21,4,68.4
9.6,5.2,3.4,2.2,2.1333333333333333,1.2666666666666666,1.25,1.06,0.8833333333333333,,2024-01-22,4,14.600000000000001
18.4,12.399999999999999,10.600000000000001,9.8,8.866666666666665,5.6000000000000005,4.825,4.16,3.816666666666667,2.3333333333333335,2024-01-23,4,56.00000000000001
11.2,9.2,5.6,4.0,3.266666666666667,2.2,1.725,1.3800000000000001,1.1500000000000001,0.65,2024-01-25,4,15.6
5.6,4.4,3.8,2.7,2.533333333333333,1.7,1.5,1.44,1.2,0.725,2024-01-26,4,17.400000000000002
6.4,6.0,5.6,4.7,4.133333333333333,2.3000000000000003,1.725,1.3800000000000001,1.1500000000000001,0.5750000000000001,2024-01-28,4,13.8
27.2,25.2,19.8,11.3,7.866666666666667,3.966666666666667,2.975,2.38,1.9833333333333334,0.9916666666666667,2024-01-31,4,23.8
44.8,35.2,22.0,18.3,12.533333333333333,6.333333333333333,4.75,3.8,3.1666666666666665,1.5833333333333333,2024-02-14,4,37.99999999999999
17.6,16.400000000000002,14.6,11.1,9.533333333333333,7.300000000000001,5.7,5.4399999999999995,5.083333333333333,3.3333333333333335,2024-02-15,4,95.0
4.8,4.4,3.8000000000000003,2.8000000000000003,2.533333333333333,2.3666666666666667,2.2,1.9,1.5833333333333333,0.8166666666666668,2024-02-21,4,19.599999999999998
5.6,5.199999999999999,4.3999999999999995,3.0,2.933333333333333,1.7666666666666668,1.35,1.08,0.9,0.45,2024-03-01,4,10.8
11.2,11.2,8.799999999999999,7.8,5.733333333333333,3.6999999999999997,2.85,2.2800000000000002,1.9000000000000001,0.9500000000000001,2024-03-02,4,23.400000000000002
76.8,76.0,62.2,37.1,25.066666666666666,12.966666666666667,10.4,9.36,8.683333333333334,4.458333333333333,2024-03-05,4,106.99999999999997
2.4,2.4,2.4,2.0,1.866666666666667,1.6333333333333335,1.35,1.1400000000000001,1.0,0.5,2024-03-06,4,13.2
10.4,10.0,7.6,3.9,3.0666666666666664,1.633333333333333,1.2249999999999999,1.2799999999999998,1.4666666666666668,0.7333333333333334,2024-03-09,4,17.599999999999994
28.0,27.6,24.599999999999998,23.7,21.666666666666668,17.8,16.55,15.4,14.233333333333333,11.783333333333333,2024-03-22,4,382.6
4.0,3.6,3.0,1.8,1.2,0.7666666666666667,0.7250000000000001,0.7400000000000001,0.6666666666666666,0.3333333333333333,2024-03-23,4,14.6
10.4,10.0,8.8,7.3999999999999995,5.666666666666668,3.6333333333333333,4.125,3.5,3.266666666666667,2.1166666666666667,2024-03-24,4,67.4
8.0,8.0,7.6000000000000005,6.8,5.466666666666668,3.0,2.325,1.86,1.55,0.7833333333333333,2024-03-26,4,31.0
16.0,15.2,11.8,6.0,4.733333333333333,2.433333333333333,1.825,1.46,1.2166666666666666,0.6083333333333333,2015-05-05,27,14.600000000000001
14.4,8.4,4.4,2.8000000000000003,2.6,1.8666666666666665,1.7500000000000002,1.4600000000000002,1.3166666666666667,0.9500000000000001,2015-06-19,27,22.8
12.8,9.600000000000001,7.3999999999999995,6.2,4.4,2.2,1.6500000000000001,1.32,1.1,0.5833333333333334,2015-09-08,27,14.0
12.8,8.0,5.2,3.2,2.466666666666667,1.2666666666666668,0.9500000000000001,0.76,0.6333333333333334,0.44166666666666665,2015-09-11,27,10.600000000000001
31.2,27.6,23.0,18.5,12.933333333333335,6.533333333333334,4.9,3.9200000000000004,3.266666666666667,1.6333333333333335,2015-11-21,27,39.2
15.2,13.2,8.2,4.4,3.9333333333333336,2.1333333333333333,1.6,1.28,1.0833333333333333,0.5499999999999999,2015-11-23,27,13.200000000000001
49.6,43.6,25.400000000000002,14.100000000000001,9.8,4.9,3.6750000000000003,2.9400000000000004,2.45,1.225,2015-11-28,27,29.400000000000006
7.2,6.800000000000001,4.4,2.3,2.0,1.633333333333333,1.425,1.3800000000000001,1.25,0.7083333333333334,2015-11-30,27,17.0
21.6,15.200000000000001,11.2,7.300000000000001,5.666666666666667,3.3000000000000003,2.475,1.98,1.6500000000000001,0.8250000000000001,2015-12-06,27,19.8
100.0,79.19999999999999,46.6,23.3,15.666666666666666,7.833333333333333,5.875,4.7,3.9166666666666665,1.9583333333333333,2015-12-12,27,47.0
17.6,16.800000000000004,14.4,9.299999999999999,7.066666666666666,3.6999999999999997,2.775,2.2199999999999998,1.8499999999999999,1.2416666666666667,2016-01-12,27,29.8
16.8,10.0,5.6,2.9,3.1333333333333333,2.4333333333333336,1.8250000000000002,1.4600000000000002,1.2166666666666668,0.65,2016-01-13,27,15.600000000000001
13.6,13.6,9.4,6.5,5.3999999999999995,3.1333333333333333,2.375,1.9,1.5833333333333333,0.8250000000000001,2016-01-14,27,19.8
16.8,11.2,7.6000000000000005,6.9,5.6000000000000005,3.3333333333333335,2.55,2.04,1.7000000000000002,0.9,2016-01-15,27,21.6
7.2,6.4,5.8,4.6000000000000005,4.066666666666667,2.733333333333334,2.4,1.94,1.6166666666666665,0.8083333333333332,2016-01-16,27,19.4
6.4,3.6,2.8,1.5999999999999999,1.2,0.9333333333333335,0.8,0.72,0.6833333333333335,0.44166666666666665,2016-01-19,27,10.600000000000001
9.6,6.4,5.0,4.1,3.1999999999999997,1.5999999999999999,1.275,1.02,0.85,0.5333333333333333,2016-02-16,27,12.8
12.8,11.600000000000001,6.4,4.8,3.8000000000000003,1.9333333333333333,1.45,1.16,0.9666666666666667,0.5583333333333333,2016-02-17,27,13.399999999999999
14.4,12.400000000000002,9.6,6.800000000000001,6.0,4.266666666666667,3.325,2.66,2.25,1.1500000000000001,2016-02-29,27,27.599999999999998
7.2,5.2,3.8000000000000003,2.7,2.1999999999999997,1.366666666666667,1.1,0.9200000000000002,0.7666666666666667,0.43333333333333335,2016-03-01,27,10.4
24.8,21.6,16.4,11.7,9.466666666666667,5.8,4.375,3.5,2.9166666666666665,1.4583333333333333,2016-03-16,27,35.0
11.2,8.0,5.0,3.0999999999999996,2.8666666666666667,1.9333333333333333,1.525,1.22,1.0166666666666666,0.5166666666666667,2016-06-05,27,12.4
6.4,4.0,3.0,2.5,1.7333333333333332,1.5333333333333332,1.15,0.9199999999999999,0.7666666666666666,0.48333333333333334,2016-06-07,27,11.600000000000001
7.2,6.0,5.0,3.6,2.733333333333334,1.6000000000000003,1.325,1.12,0.9833333333333334,0.5333333333333333,2016-11-13,27,12.8
4.8,4.0,3.0,2.4,2.1333333333333333,1.7000000000000002,1.45,1.3,1.2,0.6749999999999999,2016-11-14,27,16.2
41.6,26.8,14.4,7.2,4.8,2.4,1.8,1.44,1.2,0.6,2016-12-03,27,14.4
22.4,14.399999999999999,9.0,5.0,3.3333333333333335,1.6666666666666667,1.25,1.0,0.8333333333333334,0.4166666666666667,2016-12-21,27,10.0
12.8,10.8,9.600000000000001,5.6000000000000005,3.8000000000000003,1.9000000000000001,1.425,1.1400000000000001,0.9500000000000001,0.47500000000000003,2017-01-03,27,11.4
22.4,18.799999999999997,10.799999999999999,5.3999999999999995,3.6666666666666665,1.8333333333333333,1.375,1.1,0.9166666666666666,0.4583333333333333,2017-01-05,27,10.999999999999998
28.8,18.8,12.0,6.5,6.133333333333333,3.0666666666666664,2.3,1.8399999999999999,1.5333333333333332,0.7666666666666666,2017-01-19,27,18.4
20.0,16.4,9.4,6.0,4.0,2.0,1.5,1.2,1.0,0.5,2017-01-26,27,12.0
20.0,16.8,8.4,4.2,2.8000000000000003,1.4000000000000001,1.05,0.8400000000000001,0.7000000000000001,0.6083333333333333,2017-03-07,27,14.6
17.6,12.4,11.600000000000001,10.100000000000001,9.0,4.933333333333334,3.7,2.96,2.466666666666667,1.3416666666666668,2017-03-18,27,32.2
4.8,4.4,4.2,3.0,2.0,1.0333333333333332,0.8,0.66,0.5666666666666667,0.5416666666666666,2017-03-19,27,13.0
47.2,36.8,26.0,14.100000000000001,9.4,4.7,3.5250000000000004,2.8200000000000003,2.35,1.325,2017-04-07,27,31.8
4.0,3.6,2.4000000000000004,1.8,1.8,1.4333333333333336,1.25,1.1,0.9833333333333334,0.5166666666666667,2017-05-19,27,12.4
11.2,8.4,6.3999999999999995,5.0,3.8666666666666667,2.1,1.825,1.5399999999999998,1.3499999999999999,0.6749999999999999,2017-06-21,27,16.200000000000003
6.4,4.800000000000001,3.5999999999999996,2.5,2.0,1.4000000000000001,1.1,0.96,0.7999999999999999,0.425,2017-08-21,27,10.200000000000001
4.0,3.2,3.0,2.2,2.066666666666667,1.8,1.55,1.28,1.0833333333333333,0.55,2017-10-03,27,13.200000000000001
4.0,3.6,3.0,2.7,2.533333333333333,1.8333333333333333,1.7,1.72,1.5666666666666667,0.9249999999999999,2017-10-23,27,22.200000000000003
19.2,14.399999999999999,10.0,5.2,3.466666666666667,1.7666666666666666,1.325,1.06,0.8833333333333333,0.44166666666666665,2017-10-26,27,10.6
11.2,6.8,4.3999999999999995,3.9,2.6666666666666665,1.7,1.275,1.02,0.85,0.425,2017-10-30,27,10.2
33.6,27.2,20.0,17.7,15.666666666666666,11.366666666666667,9.15,7.68,6.55,3.3166666666666664,2017-11-20,27,79.6
8.0,5.2,3.0,1.7,1.4000000000000001,1.3,1.0,0.8,0.8166666666666668,0.6083333333333334,2017-11-22,27,14.600000000000001
10.4,7.600000000000001,7.000000000000001,4.7,3.133333333333334,1.9000000000000001,1.425,1.1600000000000001,0.9666666666666668,0.4833333333333334,2017-11-28,27,11.600000000000001
20.0,16.0,11.4,5.7,3.8000000000000003,1.9000000000000001,1.425,1.1400000000000001,0.9500000000000001,0.47500000000000003,2017-11-30,27,11.4
20.8,17.2,12.4,7.0,4.866666666666666,2.433333333333333,1.825,1.46,1.2166666666666666,0.6083333333333333,2017-12-21,27,14.600000000000001
28.8,26.8,13.4,7.0,4.8,2.433333333333333,1.825,1.46,1.2166666666666666,0.6083333333333333,2017-12-23,27,14.600000000000001
29.6,16.400000000000002,8.8,5.5,3.733333333333334,1.866666666666667,1.4000000000000001,1.12,0.9333333333333335,0.46666666666666673,2017-12-25,27,11.200000000000001
40.8,23.2,14.0,7.2,4.8,2.6333333333333333,2.05,1.6600000000000001,1.45,0.725,2017-12-30,27,17.4
38.4,23.2,13.399999999999999,7.3,7.800000000000001,6.866666666666667,5.15,4.3,3.5833333333333335,1.8,2018-01-03,27,43.2
16.0,14.8,8.8,4.7,3.1999999999999997,2.1,1.5750000000000002,1.2600000000000002,1.05,0.525,2018-01-04,27,12.600000000000001
7.2,6.800000000000001,6.2,5.5,4.666666666666667,2.533333333333333,1.9,1.52,1.2666666666666666,0.65,2018-01-05,27,15.6
47.2,40.8,26.0,14.5,11.333333333333334,10.733333333333334,8.1,6.4799999999999995,5.3999999999999995,4.0,2018-01-07,27,96.0
29.6,28.4,20.799999999999997,14.9,11.133333333333333,6.533333333333334,4.949999999999999,4.0600000000000005,3.3833333333333333,2.025,2018-01-08,27,48.6
10.4,9.200000000000001,6.6000000000000005,4.800000000000001,3.9333333333333336,3.1666666666666665,2.45,2.2,1.8333333333333333,1.125,2018-01-30,27,27.0
64.8,57.2,53.8,39.4,29.599999999999998,18.566666666666666,14.25,11.42,9.516666666666667,5.458333333333333,2018-02-14,27,131.0
43.2,41.599999999999994,22.0,19.599999999999998,15.666666666666666,10.666666666666666,8.0,6.7,5.583333333333333,2.7916666666666665,2018-02-21,27,67.0
28.8,20.4,17.0,15.1,11.533333333333333,6.166666666666667,5.175,4.4,5.1499999999999995,3.3166666666666664,2018-03-08,27,79.6
48.8,35.6,28.2,15.6,10.799999999999999,5.966666666666666,4.475,3.5799999999999996,2.983333333333333,2.6666666666666665,2018-04-03,27,64.0
20.0,15.2,9.6,4.9,3.533333333333333,2.3666666666666667,1.775,1.46,1.2166666666666666,0.6583333333333333,2018-04-15,27,15.8
21.6,14.8,9.0,6.0,4.133333333333334,2.066666666666667,1.55,1.24,1.0333333333333334,0.5166666666666667,2018-05-19,27,12.4
4.8,4.0,3.2,2.6999999999999997,2.466666666666667,1.5666666666666667,1.225,0.9800000000000001,0.8166666666666668,0.44166666666666665,2018-06-15,27,10.6
14.4,12.0,7.799999999999999,4.6000000000000005,4.8,3.1,2.425,1.9400000000000002,1.6500000000000001,0.8250000000000001,2018-08-01,27,19.8
9.6,6.8,5.0,3.9000000000000004,3.466666666666667,2.1666666666666665,1.875,1.5,1.25,0.625,2018-08-06,27,15.0
40.0,21.6,12.2,6.5,4.733333333333333,2.566666666666667,1.925,1.54,1.2833333333333334,0.6416666666666667,2018-09-03,27,15.4
13.6,10.4,8.2,6.3,4.866666666666666,2.8000000000000003,2.1,1.6800000000000002,1.4000000000000001,0.7000000000000001,2018-09-14,27,16.8
10.4,8.4,6.2,4.0,2.8666666666666667,1.6333333333333335,1.2500000000000002,1.02,0.8500000000000001,0.42500000000000004,2018-10-06,27,10.2
8.8,6.4,5.3999999999999995,4.0,3.3333333333333335,2.0,1.5250000000000001,1.2200000000000002,1.0166666666666668,0.5083333333333334,2018-10-19,27,12.2
4.8,3.5999999999999996,3.0,2.5,2.066666666666667,1.6666666666666667,1.45,1.16,0.9666666666666667,0.5916666666666667,2018-10-25,27,14.2
31.2,30.4,18.0,13.3,9.4,4.766666666666667,3.575,2.8600000000000003,2.3833333333333333,1.1916666666666667,2018-11-04,27,28.6
15.2,10.399999999999999,8.6,5.3,4.266666666666667,2.8666666666666667,2.425,2.08,1.9166666666666667,1.5083333333333335,2018-11-08,27,36.2
4.0,4.0,3.2,2.0,1.5333333333333334,1.1666666666666667,1.0250000000000001,0.9400000000000001,0.9500000000000001,0.6083333333333333,2018-11-19,27,14.6
7.2,6.4,5.0,3.0,2.4,1.4333333333333336,1.1,0.8800000000000001,0.75,0.4166666666666667,2018-11-20,27,10.0
13.6,9.600000000000001,8.600000000000001,5.1000000000000005,3.866666666666667,2.6333333333333333,2.0,1.6,1.3333333333333333,0.6833333333333335,2018-11-26,27,16.4
15.2,10.8,5.6,2.8,1.8666666666666665,0.9333333333333332,0.975,0.82,0.7000000000000001,0.4666666666666666,2018-12-07,27,11.2
16.8,16.8,9.6,6.6000000000000005,4.933333333333334,2.8000000000000003,2.15,1.72,1.4333333333333333,0.7166666666666667,2018-12-08,27,17.200000000000003
14.4,9.2,6.000000000000001,4.4,3.266666666666667,1.6666666666666667,1.25,1.0,0.8333333333333334,0.43333333333333335,2018-12-24,27,10.4
46.4,25.2,13.0,6.5,4.333333333333333,2.1666666666666665,1.625,1.3,1.0833333333333333,0.5416666666666666,2019-01-04,27,13.0
53.6,33.6,19.6,11.2,9.200000000000001,5.1000000000000005,3.825,3.06,2.5500000000000003,1.2750000000000001,2019-01-25,27,30.6
73.6,63.199999999999996,52.599999999999994,42.4,38.0,25.200000000000003,19.125,15.38,12.816666666666668,6.8,2019-02-04,27,163.2
7.2,6.4,4.6,3.2,3.0000000000000004,2.1333333333333333,2.0500000000000003,1.78,1.5166666666666666,0.7583333333333333,2019-02-05,27,18.2
19.2,18.0,12.6,7.4,5.333333333333333,2.766666666666667,2.075,1.6600000000000001,1.3833333333333335,0.6916666666666668,2019-02-06,27,16.6
12.0,8.8,5.6,3.6,2.466666666666667,1.8333333333333333,1.375,1.1,0.9166666666666666,0.4583333333333333,2019-02-13,27,11.0
15.2,14.399999999999999,11.4,7.5,5.133333333333334,2.6333333333333333,1.975,1.58,1.3166666666666667,0.6583333333333333,2019-02-17,27,15.8
66.4,46.400000000000006,27.800000000000004,14.900000000000002,9.933333333333335,5.000000000000001,3.7750000000000004,3.04,2.5333333333333337,1.2666666666666668,2019-02-26,27,30.400000000000002
64.0,47.6,28.599999999999998,20.2,14.799999999999999,10.666666666666666,8.0,6.4,5.333333333333333,2.75,2019-03-01,27,66.0
13.6,12.0,9.0,6.1,4.4,2.2666666666666666,1.85,1.5,1.25,0.6416666666666667,2019-03-11,27,15.4
48.8,43.599999999999994,30.4,15.8,11.266666666666666,6.5,4.875,3.9,3.25,1.625,2019-03-17,27,39.0
36.0,23.2,12.4,6.8,6.666666666666667,3.3333333333333335,2.5,2.0,1.6666666666666667,0.8333333333333334,2019-03-19,27,20.0
13.6,11.6,8.4,4.3,4.133333333333334,2.066666666666667,2.0,1.6,1.3333333333333333,0.6833333333333332,2019-03-20,27,16.4
48.0,25.2,13.0,9.7,9.0,7.6000000000000005,6.4,5.14,4.5,3.3249999999999997,2019-03-21,27,79.80000000000001
93.6,92.4,69.19999999999999,37.6,28.866666666666664,15.799999999999999,11.9,9.52,7.933333333333334,3.966666666666667,2019-04-08,27,95.2
52.0,34.8,32.6,21.400000000000002,16.533333333333335,10.4,8.825,7.24,6.066666666666666,3.2416666666666667,2019-04-09,27,77.8
24.8,14.8,8.2,4.1,2.733333333333333,1.3666666666666665,1.025,0.82,0.9166666666666666,0.5583333333333333,2019-04-10,27,13.4
35.2,29.6,26.8,15.200000000000001,10.133333333333335,5.066666666666667,3.8000000000000003,3.04,2.5333333333333337,1.2750000000000001,2019-04-15,27,30.6
20.8,14.8,9.8,6.300000000000001,4.2,2.1,1.5750000000000002,1.2600000000000002,1.05,0.525,2019-04-28,27,12.600000000000001
37.6,22.0,12.6,6.7,4.466666666666667,2.2333333333333334,1.675,1.34,1.1166666666666667,0.5583333333333333,2019-05-14,27,13.4
20.8,13.2,9.4,6.5,4.4,2.5,2.0500000000000003,1.6800000000000002,1.5666666666666667,0.8333333333333334,2019-05-15,27,20.0
30.4,19.2,13.6,8.5,6.133333333333333,3.1999999999999997,2.4,1.92,1.5999999999999999,1.5166666666666666,2019-05-16,27,36.400000000000006
9.6,8.8,7.6,6.5,6.400000000000001,3.733333333333334,2.85,2.32,1.9333333333333333,0.975,2019-05-17,27,23.4
12.8,9.600000000000001,5.6,3.8,2.6666666666666665,1.4000000000000001,1.05,0.8400000000000001,0.7000000000000001,0.5083333333333333,2019-06-05,27,12.200000000000001
7.2,4.800000000000001,4.4,2.8000000000000003,2.6666666666666665,1.5333333333333334,1.2249999999999999,1.2000000000000002,1.1500000000000001,0.7250000000000001,2019-07-05,27,17.400000000000002
8.0,6.0,5.0,3.6,2.933333333333333,2.0,1.625,1.3800000000000001,1.1833333333333333,0.6833333333333332,2019-08-03,27,16.4
9.6,7.199999999999999,5.0,3.5,2.6666666666666665,1.8666666666666665,1.4,1.16,0.9666666666666667,0.7416666666666667,2019-08-04,27,17.8
19.2,16.400000000000002,10.0,5.4,3.6,1.8,1.35,1.08,0.9,0.8250000000000001,2019-08-20,27,19.8
11.2,6.3999999999999995,5.8,3.5,2.8666666666666667,1.8666666666666665,1.4,1.1199999999999999,0.9333333333333332,0.4666666666666666,2019-09-01,27,11.2
6.4,4.800000000000001,3.2,2.6,1.866666666666667,0.9333333333333335,1.05,0.9800000000000001,0.8333333333333334,0.4166666666666667,2019-09-02,27,10.0
4.8,4.0,3.0,2.4,2.1333333333333333,1.5999999999999999,1.2750000000000001,1.1,0.9500000000000001,0.5166666666666667,2019-09-05,27,12.4
4.8,4.0,2.5999999999999996,1.5,1.2666666666666666,0.9666666666666667,0.875,0.72,0.6333333333333334,0.5083333333333334,2019-09-22,27,12.2
15.2,11.599999999999998,8.6,7.8,5.533333333333334,2.8333333333333335,2.125,1.7,1.4166666666666667,0.7166666666666667,2019-10-08,27,17.2
6.4,5.6,4.3999999999999995,4.1,3.933333333333333,3.0999999999999996,2.625,2.2199999999999998,1.9333333333333333,1.0250000000000001,2019-10-09,27,24.6
45.6,41.2,21.6,12.2,8.266666666666667,4.166666666666667,3.15,2.52,2.1166666666666667,1.0583333333333333,2019-11-11,27,25.4
32.8,21.2,16.0,9.6,6.533333333333334,3.533333333333333,2.65,2.12,1.7666666666666666,0.8833333333333333,2019-11-23,27,21.2
8.8,4.800000000000001,3.8,2.9,2.6,2.0,2.0,1.9400000000000002,1.866666666666667,0.9416666666666668,2019-11-28,27,22.6
44.0,28.8,16.2,8.4,5.666666666666667,2.8666666666666667,2.15,1.72,1.4333333333333333,0.7166666666666667,2019-12-12,27,17.2
44.8,32.0,16.0,12.1,9.466666666666667,5.933333333333334,4.475,3.5799999999999996,2.983333333333333,1.4916666666666665,2019-12-22,27,35.8
42.4,29.599999999999998,29.4,21.9,15.200000000000001,8.233333333333333,6.175,4.9399999999999995,4.116666666666666,2.058333333333333,2020-02-02,27,49.4
12.0,11.6,9.0,7.5,6.533333333333334,4.733333333333333,3.7,2.96,2.466666666666667,1.2416666666666667,2020-02-03,27,29.8
22.4,16.799999999999997,10.200000000000001,6.300000000000001,5.0,3.6666666666666665,4.05,3.54,2.9499999999999997,1.4749999999999999,2020-02-10,27,35.400000000000006
19.2,18.0,16.6,13.3,9.6,4.8,4.05,3.44,2.9,1.7,2020-02-11,27,40.800000000000004
17.6,14.000000000000002,9.600000000000001,6.6000000000000005,4.933333333333334,3.6666666666666665,2.85,2.3,2.066666666666667,1.0333333333333334,2020-02-21,27,24.799999999999997
6.4,5.199999999999999,4.199999999999999,3.0,2.4,1.5666666666666667,1.275,1.08,0.9,0.6749999999999999,2020-02-22,27,16.2
5.6,4.3999999999999995,3.2,2.5999999999999996,1.8666666666666665,0.9333333333333332,0.7000000000000001,0.8800000000000001,0.8666666666666667,0.43333333333333335,2020-02-27,27,10.399999999999999
12.8,8.0,5.6,4.2,3.6,2.0333333333333337,1.55,1.26,1.05,0.525,2020-02-28,27,12.600000000000001
13.6,11.2,10.6,9.5,8.799999999999999,4.3999999999999995,3.3,2.6399999999999997,2.1999999999999997,1.0999999999999999,2020-02-29,27,26.4
32.8,32.0,26.6,22.8,19.2,12.833333333333334,9.675,8.34,7.0,4.125,2020-03-01,27,99.0
6.4,5.2,4.4,3.3000000000000003,2.6,1.7666666666666666,1.4,1.32,1.1333333333333335,0.6166666666666667,2020-03-02,27,14.8
26.4,19.2,12.6,7.8999999999999995,5.333333333333333,2.6666666666666665,2.0,1.6,1.3333333333333333,0.6666666666666666,2020-03-17,27,16.0
19.2,13.2,11.4,9.5,7.3999999999999995,4.0,3.0,2.4,2.0,1.0,2020-03-20,27,24.0
28.0,26.0,22.599999999999998,12.9,8.666666666666666,5.166666666666667,4.025,3.44,2.8833333333333333,1.55,2020-03-21,27,37.2
20.0,12.8,6.6,5.4,3.933333333333333,2.566666666666667,2.525,2.42,2.0166666666666666,1.0999999999999999,2020-04-08,27,26.400000000000002
36.8,26.4,15.399999999999999,10.799999999999999,9.533333333333333,5.566666666666666,4.2,3.3600000000000003,2.8000000000000003,1.4000000000000001,2020-05-02,27,33.599999999999994
24.8,24.0,17.400000000000002,12.600000000000001,8.933333333333334,4.7,3.525,2.82,2.35,1.1916666666666667,2020-05-07,27,28.599999999999998
10.4,8.4,4.800000000000001,2.8000000000000003,2.6666666666666665,2.0333333333333337,2.1,1.98,1.75,1.05,2020-07-30,27,25.200000000000003
16.0,12.0,8.399999999999999,6.0,5.933333333333333,4.166666666666667,3.2249999999999996,2.6,2.25,1.2666666666666666,2020-08-21,27,30.4
20.8,12.8,8.0,4.800000000000001,3.5333333333333337,1.9000000000000001,1.725,1.54,1.7333333333333334,1.0833333333333333,2020-08-22,27,26.000000000000007
5.6,4.800000000000001,3.1999999999999997,2.5,2.2,1.8,1.4500000000000002,1.2000000000000002,1.0166666666666668,0.5083333333333334,2020-09-20,27,12.200000000000001
37.6,31.200000000000003,26.0,20.4,17.933333333333334,10.566666666666666,7.975,6.38,5.316666666666666,2.6750000000000003,2020-09-21,27,64.2
26.4,26.0,23.2,18.2,16.0,11.366666666666667,9.4,7.94,6.8,3.8833333333333333,2020-09-22,27,93.19999999999999
7.2,6.800000000000001,4.199999999999999,2.9,2.1333333333333333,1.4333333333333333,1.1500000000000001,1.02,0.8666666666666667,0.43333333333333335,2020-10-16,27,10.4
18.4,13.6,11.2,8.7,7.533333333333334,5.8,4.8,4.0200000000000005,3.5,1.75,2020-10-30,27,42.0
12.0,10.4,9.399999999999999,6.9,7.066666666666666,3.933333333333333,2.95,2.38,1.9833333333333334,1.3833333333333335,2020-11-18,27,33.2
29.6,23.6,16.400000000000002,8.9,6.066666666666667,3.1666666666666665,2.5250000000000004,2.0200000000000005,1.6833333333333336,0.9500000000000001,2020-11-19,27,22.799999999999997
13.6,13.2,9.4,5.1,3.466666666666667,1.866666666666667,1.4000000000000001,1.12,1.0166666666666668,0.8250000000000001,2020-11-20,27,19.8
27.2,14.8,8.8,6.4,4.3999999999999995,3.533333333333333,2.65,2.12,1.7666666666666668,1.5333333333333332,2020-12-07,27,36.8
36.0,34.0,27.4,15.7,10.866666666666667,5.5,4.125,3.3,2.75,1.375,2020-12-08,27,33.0
31.2,27.2,22.4,11.299999999999999,7.533333333333332,3.8000000000000003,2.85,2.52,2.15,1.075,2020-12-13,27,25.8
24.0,19.200000000000003,11.4,6.6,4.533333333333333,3.9333333333333336,3.1750000000000003,2.7800000000000002,2.3833333333333333,1.3416666666666668,2020-12-22,27,32.2
6.4,4.800000000000001,3.2,2.3000000000000003,1.6000000000000003,1.3,1.075,1.0000000000000002,1.0333333333333334,0.7000000000000001,2020-12-24,27,16.8
10.4,10.4,8.0,5.8,4.066666666666666,2.2666666666666666,1.7,1.3599999999999999,1.1333333333333333,0.6333333333333333,2020-12-25,27,15.200000000000001
37.6,23.6,15.600000000000001,9.0,6.0,3.733333333333333,2.825,2.5,2.0833333333333335,1.0416666666666667,2021-01-02,27,25.0
62.4,54.0,36.8,21.2,14.6,7.8,5.8999999999999995,4.720000000000001,3.933333333333333,2.433333333333333,2021-02-05,27,58.400000000000006
10.4,6.800000000000001,4.199999999999999,2.6,1.7333333333333334,1.1666666666666667,1.0,0.8,0.9,0.5083333333333334,2021-02-06,27,12.200000000000001
23.2,20.799999999999997,16.0,8.799999999999999,5.866666666666666,3.033333333333333,2.275,1.8199999999999998,1.5166666666666666,0.7583333333333333,2021-02-11,27,18.2
11.2,7.6,5.6,4.6,3.5999999999999996,2.033333333333333,1.525,1.22,1.0166666666666666,0.625,2021-02-13,27,15.0
41.6,40.0,21.8,11.6,8.200000000000001,4.366666666666666,3.275,2.62,2.183333333333333,1.0916666666666666,2021-03-06,27,26.200000000000003
36.0,24.0,12.2,6.2,4.133333333333334,2.066666666666667,1.55,1.24,1.0333333333333334,0.5166666666666667,2021-03-28,27,12.4
34.4,23.6,16.2,10.7,8.4,4.233333333333333,3.175,2.54,2.1166666666666667,1.758333333333333,2021-03-30,27,42.2
12.8,10.0,6.4,3.8,3.8000000000000003,2.6,2.125,1.7,1.4333333333333333,0.7666666666666666,2021-04-13,27,18.400000000000002
13.6,8.8,7.2,3.8,2.533333333333333,2.033333333333333,1.6,1.3,1.0833333333333333,0.5416666666666666,2021-04-22,27,13.0
28.8,20.0,16.2,9.9,6.666666666666667,3.3666666666666667,2.525,2.02,1.7,0.9,2021-04-27,27,21.6
14.4,7.199999999999999,4.8,3.4,2.733333333333333,1.8666666666666665,2.0,1.6,1.3333333333333333,0.85,2021-04-29,27,20.4
43.2,25.200000000000003,17.6,12.0,9.6,4.8999999999999995,3.675,3.0,2.6,1.3666666666666665,2021-05-07,27,32.800000000000004
8.0,6.8,5.4,4.3,3.733333333333333,2.9,2.45,1.98,1.6500000000000001,0.8500000000000001,2021-05-13,27,20.400000000000002
58.4,52.8,27.6,15.299999999999999,11.133333333333333,5.6000000000000005,4.2,3.3600000000000003,2.8000000000000003,1.4000000000000001,2021-05-30,27,33.6
8.8,7.6000000000000005,7.2,4.4,3.1333333333333333,1.7000000000000002,1.4000000000000001,1.12,0.9333333333333335,0.46666666666666673,2021-06-13,27,11.2
9.6,8.4,4.6000000000000005,2.4,1.8666666666666665,1.0333333333333334,0.775,0.74,0.8166666666666668,0.5333333333333333,2021-06-17,27,12.8
8.8,8.4,7.2,4.800000000000001,3.3333333333333335,2.066666666666667,1.65,1.3800000000000001,1.2166666666666666,0.6333333333333334,2021-08-12,27,15.2
18.4,18.4,11.0,6.3,4.666666666666667,2.4666666666666663,1.8499999999999999,1.48,1.2666666666666666,0.875,2021-08-30,27,21.0
15.2,9.2,5.0,3.5999999999999996,2.533333333333333,1.9333333333333333,2.05,1.64,1.3666666666666665,0.6833333333333332,2021-10-03,27,16.4
4.8,4.4,3.0,2.4,1.866666666666667,1.366666666666667,1.175,1.04,1.1,0.7000000000000001,2021-10-11,27,16.8
7.2,6.800000000000001,6.0,5.300000000000001,4.933333333333334,4.166666666666667,3.6,2.92,2.433333333333333,1.2166666666666666,2021-10-20,27,29.2
42.4,36.0,22.8,12.500000000000002,8.733333333333334,4.733333333333333,3.5500000000000003,2.8400000000000003,2.3666666666666667,1.1833333333333333,2021-10-31,27,28.4
6.4,6.0,5.4,5.1000000000000005,5.0,4.233333333333333,3.7,3.14,2.8000000000000003,1.45,2021-11-01,27,34.800000000000004
4.8,3.5999999999999996,3.0,2.3,1.9333333333333336,1.4333333333333336,1.3,1.1,0.9166666666666666,0.4583333333333333,2021-11-11,27,11.0
12.0,10.4,8.4,7.1,5.466666666666668,3.0999999999999996,2.4,1.94,1.6166666666666665,0.8333333333333334,2021-11-19,27,20.0
22.4,22.0,16.6,15.0,10.866666666666667,6.233333333333334,4.9750000000000005,4.26,3.6333333333333333,1.825,2021-12-07,27,43.8
16.0,13.6,11.0,7.8999999999999995,6.199999999999999,4.166666666666667,3.2,2.62,2.2,1.1666666666666667,2021-12-08,27,28.0
25.6,19.200000000000003,14.8,11.3,7.6000000000000005,3.8000000000000003,2.85,2.3,2.0166666666666666,1.2416666666666667,2021-12-12,27,29.8
52.8,45.199999999999996,32.4,17.8,12.933333333333335,12.666666666666666,9.525,7.62,6.3500000000000005,3.1750000000000003,2021-12-17,27,76.2
49.6,46.400000000000006,28.0,14.7,12.866666666666667,6.666666666666667,5.0,4.26,3.5500000000000003,1.7833333333333334,2021-12-23,27,42.8
19.2,15.600000000000001,12.399999999999999,7.5,5.2,2.6666666666666665,2.2,1.78,1.4833333333333334,0.7416666666666667,2021-12-30,27,17.8
39.2,25.200000000000003,15.4,8.3,7.0,4.033333333333333,3.325,2.7199999999999998,2.2666666666666666,1.1583333333333334,2022-01-06,27,27.799999999999997
11.2,7.6,4.6,2.4,1.8,1.5,1.2,1.28,1.1333333333333333,0.7416666666666667,2022-01-07,27,17.8
10.4,6.4,4.8,2.9000000000000004,2.1999999999999997,1.4333333333333333,1.6,1.4000000000000001,1.2833333333333334,0.7416666666666667,2022-01-08,27,17.8
60.0,48.8,38.0,19.2,12.799999999999999,6.666666666666667,5.0,4.0,3.3333333333333335,1.6666666666666667,2022-01-28,27,40.0
24.0,16.0,9.4,5.0,3.6666666666666665,2.033333333333333,1.525,1.22,1.0166666666666666,0.5083333333333333,2022-02-09,27,12.2
12.8,12.4,8.6,5.0,3.4,1.8,1.35,1.08,0.9,0.45,2022-02-17,27,10.8
52.8,35.599999999999994,24.599999999999998,15.7,12.333333333333334,9.066666666666666,8.299999999999999,6.720000000000001,5.6000000000000005,2.8000000000000003,2022-03-20,27,67.2
18.4,16.4,15.399999999999999,9.1,6.133333333333333,3.0666666666666664,2.3,1.8399999999999999,1.5333333333333332,0.7666666666666666,2022-03-29,27,18.4
54.4,49.199999999999996,35.0,17.8,12.133333333333333,10.4,7.8,6.24,5.2,3.6999999999999997,2022-03-31,27,88.8
69.6,60.400000000000006,50.8,38.099999999999994,30.599999999999998,17.333333333333332,13.15,10.52,8.766666666666667,5.3,2022-04-01,27,127.19999999999999
12.0,8.0,5.6,4.800000000000001,4.666666666666667,4.266666666666667,3.8249999999999997,3.2,2.6999999999999997,1.5583333333333333,2022-04-02,27,37.400000000000006
17.6,16.4,9.2,4.7,3.4000000000000004,3.0,2.4,2.0,1.6666666666666667,1.4333333333333333,2022-04-14,27,34.400000000000006
17.6,15.200000000000001,9.600000000000001,5.1000000000000005,4.266666666666667,2.766666666666667,2.3000000000000003,1.8800000000000001,1.6666666666666667,0.8666666666666667,2022-04-30,27,20.8
33.6,28.0,16.6,9.5,6.533333333333334,4.366666666666666,3.275,2.62,2.183333333333333,1.0916666666666666,2022-05-16,27,26.2
7.2,5.2,4.2,2.5,1.8,1.366666666666667,1.125,0.9,0.75,0.48333333333333334,2022-06-26,27,11.6
20.8,13.6,8.6,5.6,4.2,2.8333333333333335,2.125,1.7,1.4333333333333333,0.7166666666666667,2022-08-11,27,17.2
8.8,7.6000000000000005,5.6,3.3000000000000003,2.5333333333333337,1.5,1.125,0.9,0.7999999999999999,0.42500000000000004,2022-09-15,27,10.2
11.2,8.000000000000002,5.8,4.4,3.6666666666666665,2.9000000000000004,2.5,2.7,2.6999999999999997,1.6500000000000001,2022-09-16,27,39.6
16.0,14.8,9.200000000000001,5.6000000000000005,3.8000000000000003,1.9000000000000001,1.425,1.1400000000000001,0.9500000000000001,0.48333333333333334,2022-09-27,27,11.600000000000001
12.8,9.600000000000001,7.6000000000000005,6.700000000000001,5.866666666666667,3.8333333333333335,3.125,2.7800000000000002,2.5166666666666666,1.7333333333333334,2022-09-28,27,41.60000000000001
15.2,10.0,8.2,6.8999999999999995,6.466666666666668,4.333333333333333,3.325,2.68,2.2333333333333334,1.1416666666666666,2022-09-29,27,27.4
32.8,22.799999999999997,14.399999999999999,7.6000000000000005,5.3999999999999995,2.9333333333333336,2.25,1.8,1.5,0.75,2022-10-09,27,17.999999999999996
16.8,10.0,7.0,4.3,3.6,2.8000000000000003,2.35,1.92,1.5999999999999999,0.8583333333333334,2022-11-01,27,20.6
20.8,14.8,8.8,4.800000000000001,4.266666666666667,3.733333333333334,3.15,3.02,2.6999999999999997,1.4666666666666668,2022-11-02,27,35.2
37.6,32.4,16.2,8.1,5.3999999999999995,2.6999999999999997,2.025,1.6199999999999999,1.3499999999999999,0.6833333333333332,2022-11-09,27,16.4
40.0,37.6,28.0,15.900000000000002,11.266666666666667,6.300000000000001,4.7250000000000005,3.7800000000000002,3.1500000000000004,1.5750000000000002,2022-11-24,27,37.800000000000004
12.8,8.4,6.0,5.7,4.2,2.1333333333333333,1.6,1.28,1.0666666666666667,0.5333333333333333,2022-11-26,27,12.8
14.4,8.8,5.4,3.3,2.3333333333333335,2.066666666666667,1.6,1.28,1.0666666666666667,0.5333333333333333,2022-11-29,27,12.8
6.4,6.0,5.0,4.4,3.6,2.033333333333333,1.725,1.4,1.1833333333333333,0.5916666666666667,2022-12-06,27,14.2
17.6,12.4,8.0,4.2,2.8000000000000003,2.4333333333333336,1.9000000000000001,1.6200000000000003,1.366666666666667,0.6833333333333335,2022-12-13,27,16.4
5.6,5.6,4.8,4.0,3.133333333333333,2.433333333333333,2.125,1.8400000000000003,1.5666666666666667,1.3,2022-12-20,27,31.2
11.2,10.4,8.4,6.800000000000001,5.6000000000000005,4.7,4.5,3.7600000000000002,3.233333333333334,1.7750000000000001,2022-12-21,27,42.60000000000001
27.2,26.0,19.2,15.5,10.666666666666666,6.2,4.975,4.32,3.6999999999999997,2.0833333333333335,2022-12-30,27,50.0
5.6,5.199999999999999,4.0,3.1,2.6666666666666665,1.7666666666666666,1.4000000000000001,1.14,1.0166666666666666,0.5916666666666667,2023-01-05,27,14.200000000000001
6.4,5.199999999999999,4.800000000000001,3.6000000000000005,2.6666666666666665,2.3666666666666667,2.1750000000000003,2.06,2.0333333333333337,,2023-01-06,27,43.00000000000001
4.8,3.5999999999999996,2.5999999999999996,2.1,2.0,1.7666666666666666,1.4249999999999998,1.3,1.2166666666666666,,2023-01-07,27,15.8
8.0,6.799999999999999,5.800000000000001,5.6000000000000005,5.0,2.9333333333333336,2.225,1.8,1.5166666666666666,,2023-01-09,27,22.4
13.6,12.0,9.0,5.9,4.0,2.0,1.5,1.2,1.0,,2023-01-11,27,12.0
47.2,32.8,18.200000000000003,11.400000000000002,9.533333333333333,6.333333333333333,4.8,3.84,3.1999999999999997,1.5999999999999999,2023-02-07,27,38.4
31.2,26.4,18.2,11.2,7.533333333333334,3.9,2.925,2.34,1.95,,2023-02-10,27,23.400000000000002
16.8,12.4,8.0,5.1000000000000005,3.733333333333334,2.1333333333333333,1.6,1.28,1.0666666666666667,,2023-02-11,27,12.8
66.4,62.400000000000006,43.2,23.7,15.799999999999999,7.8999999999999995,5.925,4.74,3.9499999999999997,1.9749999999999999,2023-02-28,27,47.400000000000006
76.0,69.2,42.400000000000006,24.400000000000002,17.866666666666667,9.700000000000001,7.275,5.82,4.8500000000000005,2.5166666666666666,2023-03-11,27,60.39999999999999
47.2,24.8,12.4,6.2,4.133333333333334,2.066666666666667,1.55,1.28,1.0833333333333333,,2023-03-27,27,13.2
19.2,12.399999999999999,9.2,7.1000000000000005,6.133333333333334,3.3666666666666667,3.075,2.8600000000000003,2.4833333333333334,,2023-04-08,27,48.800000000000004
6.4,6.0,4.8,3.3,2.4,1.6666666666666667,1.4,1.1199999999999999,0.9333333333333332,,2023-04-19,27,11.2
32.8,20.4,11.2,6.699999999999999,4.733333333333333,2.433333333333333,1.8249999999999997,1.4599999999999997,1.2166666666666666,,2023-04-28,27,14.799999999999999
22.4,16.0,11.2,6.5,5.133333333333334,3.5,2.9250000000000003,2.4,2.066666666666667,,2023-05-10,27,26.0
32.8,29.599999999999998,20.6,11.600000000000001,8.066666666666668,5.366666666666667,5.625,4.78,4.616666666666666,2.341666666666667,2023-05-29,27,56.2
8.0,5.600000000000001,4.2,3.2,2.466666666666667,1.3333333333333333,1.2,1.04,1.0333333333333334,0.9166666666666666,2023-08-26,27,22.0
9.6,7.2,6.199999999999999,5.1,4.666666666666667,2.966666666666667,2.25,1.8,1.6166666666666665,1.1583333333333334,2023-08-27,27,27.799999999999997
7.2,6.800000000000001,6.000000000000001,4.8999999999999995,3.733333333333333,3.066666666666667,2.45,2.04,2.2833333333333337,,2023-10-01,27,28.0
19.2,17.6,9.8,5.0,3.3333333333333335,1.8,1.35,1.08,0.9,,2023-10-07,27,10.8
28.0,20.4,10.6,5.3,3.533333333333333,1.7666666666666666,1.95,1.58,1.3166666666666667,,2023-10-09,27,15.799999999999999
31.2,28.0,16.4,9.4,7.066666666666666,3.5666666666666664,2.675,2.1399999999999997,1.7833333333333332,,2023-10-17,27,21.4
51.2,28.8,16.6,8.4,5.6000000000000005,2.8000000000000003,2.1,1.6800000000000002,1.4000000000000001,,2023-10-26,27,16.8
32.0,24.4,16.4,8.5,5.933333333333334,3.0,2.25,1.8,1.5,0.75,2023-11-03,27,18.000000000000004
56.8,42.4,29.0,15.0,10.066666666666666,5.033333333333333,3.775,3.2600000000000002,2.8833333333333333,1.4916666666666665,2023-11-19,27,35.8
5.6,5.2,4.6,3.8,2.733333333333333,1.4333333333333333,1.175,0.96,0.7999999999999999,0.4166666666666667,2023-11-20,27,10.0
42.4,23.2,12.0,6.6,4.3999999999999995,2.1999999999999997,1.65,1.3199999999999998,1.0999999999999999,,2023-11-22,27,13.2
19.2,16.4,11.399999999999999,7.7,5.8,3.3000000000000003,2.5,2.0,1.7,0.9500000000000001,2023-11-24,27,22.799999999999997
15.2,14.8,10.0,5.1,3.4,1.7666666666666666,1.325,1.06,0.8833333333333333,0.5083333333333333,2023-12-11,27,12.2
28.8,23.6,21.400000000000002,12.5,8.333333333333334,4.166666666666667,3.125,2.5,2.0833333333333335,1.0416666666666667,2023-12-25,27,25.0
82.4,78.80000000000001,56.6,31.400000000000002,21.400000000000002,12.6,9.6,7.68,6.3999999999999995,,2024-01-03,27,79.8
37.6,25.6,17.6,11.899999999999999,10.666666666666666,6.433333333333334,4.875,3.9,3.25,1.6333333333333335,2024-01-13,27,39.2
28.8,23.6,13.0,6.9,4.666666666666667,2.3333333333333335,1.75,1.4,1.1666666666666667,0.5833333333333334,2024-01-19,27,14.000000000000002
40.8,40.8,28.799999999999997,18.099999999999998,13.466666666666667,6.933333333333334,5.2,4.16,3.466666666666667,1.7333333333333334,2024-01-21,27,41.6
16.0,10.0,5.2,2.7,2.2666666666666666,1.3333333333333333,1.0,0.8,0.6666666666666666,0.6083333333333333,2024-01-22,27,14.599999999999998
12.8,12.400000000000002,10.2,9.2,7.866666666666667,5.8,5.2,4.5,4.1000000000000005,2.125,2024-01-23,27,51.0
46.4,44.0,27.6,14.6,9.733333333333333,4.866666666666666,3.65,2.92,2.433333333333333,,2024-02-04,27,29.199999999999996
67.2,65.2,58.8,43.7,31.599999999999998,18.8,18.3,15.620000000000001,13.5,8.516666666666667,2024-02-15,27,208.4
6.4,6.4,5.199999999999999,3.8,3.466666666666667,3.1666666666666665,2.9000000000000004,2.84,2.5,1.6666666666666667,2024-02-21,27,40.0
19.2,18.0,9.6,4.8,3.266666666666667,1.7,1.275,1.02,0.85,0.425,2024-02-28,27,10.200000000000001
27.2,26.0,24.2,19.2,13.933333333333332,8.200000000000001,7.6,6.9,5.75,2.875,2024-03-05,27,69.00000000000001
10.4,10.4,9.4,6.9,5.0,3.5,3.05,2.56,2.3333333333333335,1.1666666666666667,2024-03-06,27,28.6
41.6,41.6,36.4,28.4,20.866666666666667,10.700000000000001,8.025,6.42,5.3500000000000005,2.6750000000000003,2024-03-09,27,64.2
8.8,8.4,8.0,6.8999999999999995,5.8,4.366666666666666,3.925,3.7,3.483333333333334,2.841666666666667,2024-03-22,27,89.39999999999999
6.4,6.0,6.0,4.8,3.9333333333333336,3.3666666666666667,2.5500000000000003,2.04,1.7166666666666668,0.875,2024-03-23,27,36.400000000000006
5.6,5.2,4.8,4.1000000000000005,3.4666666666666663,2.6666666666666665,2.225,1.92,1.6500000000000001,1.1916666666666667,2024-03-24,27,50.2
16.8,15.600000000000001,9.4,5.0,3.6,1.8333333333333333,1.375,1.1,0.9500000000000001,0.48333333333333334,2015-04-26,21,11.600000000000001
14.4,13.600000000000001,8.8,5.4,3.6666666666666674,2.033333333333333,1.55,1.26,1.05,0.525,2015-05-05,21,12.6
17.6,14.0,9.200000000000001,5.300000000000001,3.6666666666666665,2.9333333333333336,2.5,2.18,2.1333333333333333,1.4583333333333333,2015-06-19,21,35.0
35.2,31.6,24.0,16.900000000000002,13.266666666666667,8.133333333333335,6.275,5.08,4.25,2.1583333333333337,2015-06-24,21,51.8
13.6,12.399999999999999,7.3999999999999995,4.4,3.1333333333333333,1.6666666666666667,1.25,1.0,0.8333333333333334,0.7999999999999999,2015-09-11,21,19.2
4.8,4.8,4.0,2.7,2.266666666666667,1.4000000000000001,1.05,0.8800000000000001,0.7999999999999999,0.6416666666666667,2015-09-12,21,15.400000000000002
8.8,7.6000000000000005,5.800000000000001,4.6000000000000005,3.9333333333333336,2.3666666666666667,1.975,1.7400000000000002,1.6500000000000001,0.875,2015-09-13,21,21.000000000000004
47.2,26.400000000000002,14.0,7.3,4.866666666666666,2.433333333333333,1.825,1.46,1.2166666666666666,0.6083333333333333,2015-09-27,21,14.6
7.2,6.3999999999999995,6.0,5.3999999999999995,4.133333333333334,2.1999999999999997,1.65,1.3199999999999998,1.0999999999999999,0.6333333333333333,2015-11-02,21,15.2
22.4,16.799999999999997,11.6,6.1,4.066666666666666,2.033333333333333,1.525,1.38,1.2333333333333332,0.6333333333333333,2015-11-21,21,15.2
40.8,38.0,20.6,10.4,7.533333333333332,3.8666666666666667,2.9,2.32,1.9333333333333333,1.0083333333333333,2015-11-23,21,24.199999999999996
6.4,5.6,4.0,2.3,1.5999999999999999,1.3666666666666665,1.125,0.9,0.7666666666666667,0.5083333333333333,2015-11-30,21,12.200000000000001
11.2,6.8,4.8,4.1,3.3333333333333335,1.8,1.35,1.08,0.9,0.45,2015-12-06,21,10.8
15.2,9.2,5.0,3.4000000000000004,2.5333333333333337,1.7333333333333332,1.75,1.6199999999999999,1.3499999999999999,0.7333333333333334,2015-12-07,21,17.6
8.0,6.799999999999999,5.999999999999999,4.999999999999999,4.2,2.4,1.8,1.44,1.2,0.6,2015-12-12,21,14.399999999999999
36.0,23.6,11.8,6.0,4.0,2.0,1.5,1.2,1.0,0.5,2015-12-30,21,12.0
5.6,4.0,2.6,1.8,1.5333333333333332,0.9333333333333332,0.7,0.5599999999999999,0.4666666666666666,0.425,2016-01-12,21,10.2
67.2,45.2,27.0,18.900000000000002,13.066666666666668,11.6,8.825,7.06,5.883333333333333,2.9416666666666664,2016-01-13,21,70.6
12.0,7.2,5.0,3.4999999999999996,2.9333333333333336,2.3000000000000003,1.75,1.4,1.1666666666666667,0.9333333333333335,2016-01-14,21,22.400000000000002
52.8,44.4,26.8,15.6,12.266666666666666,10.700000000000001,8.35,6.68,5.566666666666666,2.85,2016-01-15,21,68.4
36.8,30.8,26.2,24.599999999999998,21.866666666666664,13.266666666666667,11.15,9.680000000000001,8.166666666666666,4.083333333333333,2016-01-16,21,98.0
15.2,12.399999999999999,9.6,6.9,5.666666666666667,4.333333333333333,3.6,3.1799999999999997,3.0,1.7833333333333332,2016-01-19,21,42.8
8.8,7.2,6.8,5.2,4.2,3.3333333333333335,3.05,2.7399999999999998,2.4,1.3,2016-01-20,21,31.2
8.8,7.200000000000001,5.2,3.8,3.3333333333333335,2.0,1.5,1.2,1.0,0.5166666666666667,2016-01-21,21,12.4
17.6,15.599999999999998,10.8,9.2,7.333333333333333,5.266666666666667,4.4750000000000005,4.24,4.1000000000000005,2.2916666666666665,2016-01-22,21,55.00000000000001
17.6,12.4,6.6000000000000005,5.0,3.466666666666667,1.8333333333333337,1.4000000000000001,1.12,0.9333333333333335,0.46666666666666673,2016-01-23,21,11.200000000000001
42.4,37.2,29.8,16.099999999999998,11.666666666666666,6.866666666666666,5.225,4.24,3.5666666666666664,1.7833333333333332,2016-01-28,21,42.8
60.0,41.6,27.0,14.3,9.6,4.8,3.6,2.88,2.4,1.2,2016-02-15,21,28.799999999999997
45.6,40.400000000000006,21.6,11.0,7.3999999999999995,3.6999999999999997,2.775,2.2199999999999998,1.8499999999999999,1.0416666666666667,2016-02-16,21,25.0
62.4,34.0,18.0,9.0,7.266666666666667,3.9333333333333336,2.95,2.3600000000000003,1.9666666666666668,1.0,2016-02-17,21,24.0
22.4,19.6,12.0,7.8999999999999995,5.666666666666667,2.8333333333333335,2.125,1.7,1.4166666666666667,0.7083333333333334,2016-02-21,21,17.0
44.0,42.8,35.4,24.299999999999997,19.333333333333332,11.600000000000001,9.025,7.24,6.05,3.025,2016-02-29,21,72.60000000000001
17.6,17.200000000000003,9.200000000000001,6.800000000000001,4.666666666666667,2.3666666666666667,1.8000000000000003,1.52,1.2666666666666668,0.6333333333333334,2016-03-11,21,15.200000000000003
98.4,70.0,56.800000000000004,50.7,41.0,22.433333333333334,16.825,13.459999999999999,11.283333333333333,5.641666666666667,2016-03-12,21,135.4
45.6,28.4,28.0,17.5,12.466666666666667,6.266666666666667,4.725,5.56,4.983333333333333,2.558333333333333,2016-03-13,21,61.4
16.8,11.600000000000001,8.4,6.5,5.6000000000000005,3.5666666666666664,2.675,2.1399999999999997,1.7833333333333332,0.8916666666666666,2016-03-23,21,21.400000000000002
5.6,5.199999999999999,4.8,3.9,2.8666666666666667,1.6666666666666667,1.25,1.0,0.8333333333333334,0.425,2016-04-29,21,10.2
27.2,17.2,10.6,5.5,3.8666666666666667,2.4666666666666663,1.975,1.7999999999999996,1.5833333333333333,0.8916666666666666,2016-05-18,21,21.4
42.4,26.0,15.0,9.2,7.2,4.366666666666666,3.3,2.66,2.25,1.125,2016-06-05,21,27.0
11.2,9.6,8.6,7.0,6.066666666666666,4.366666666666666,3.4,2.96,2.65,2.1999999999999997,2016-06-07,21,52.80000000000001
7.2,6.4,5.199999999999999,3.7,3.3333333333333335,2.0,1.675,1.3599999999999999,1.15,0.6166666666666667,2016-08-21,21,14.8
8.8,7.2,5.4,3.7,3.466666666666667,2.2,1.8,1.52,1.2833333333333334,0.6749999999999999,2016-08-22,21,16.2
25.6,21.200000000000003,13.2,7.3,4.866666666666666,2.466666666666667,2.1250000000000004,1.78,1.4833333333333334,0.7416666666666667,2016-08-31,21,17.8
16.8,8.8,5.6,5.0,3.533333333333333,1.7666666666666666,1.325,1.06,0.9,0.8416666666666667,2016-09-20,21,20.200000000000003
6.4,4.800000000000001,3.4000000000000004,2.5000000000000004,1.866666666666667,0.9666666666666668,0.75,0.66,0.8666666666666667,0.55,2016-09-25,21,13.2
4.0,3.2,3.0,2.7,2.4,1.8666666666666665,1.625,1.3800000000000001,1.1833333333333333,0.75,2016-10-04,21,18.0
8.8,7.200000000000001,6.2,5.0,3.466666666666667,2.1666666666666665,1.625,1.3,1.0833333333333333,0.5416666666666666,2016-11-03,21,13.0
20.8,17.2,12.4,8.200000000000001,6.866666666666666,4.333333333333333,3.45,3.1,2.65,1.491666666666667,2016-11-04,21,35.800000000000004
7.2,5.6000000000000005,4.6,3.9,3.4666666666666663,3.0,2.675,2.48,2.3333333333333335,1.7249999999999999,2016-11-05,21,41.4
15.2,13.2,10.8,6.1000000000000005,4.2,2.8333333333333335,2.225,1.9,1.8833333333333335,1.3,2016-11-13,21,31.200000000000006
9.6,8.0,5.4,4.9,4.0,2.8333333333333335,2.325,2.06,1.8333333333333333,1.05,2016-11-14,21,25.200000000000003
4.8,4.4,4.0,3.1999999999999997,2.733333333333333,1.7333333333333334,1.325,1.06,0.8833333333333333,0.4583333333333333,2016-11-30,21,11.0
60.0,40.4,22.0,11.0,7.333333333333333,3.6666666666666665,2.75,2.2,1.8333333333333333,0.9166666666666666,2016-12-03,21,22.0
37.6,20.400000000000002,11.000000000000002,5.500000000000001,3.6666666666666674,2.066666666666667,1.55,1.24,1.0333333333333334,0.5499999999999999,2016-12-04,21,13.2
44.0,42.0,25.400000000000002,19.8,13.866666666666667,6.966666666666666,5.225,4.18,3.483333333333333,1.75,2016-12-12,21,42.0
6.4,4.4,4.0,2.9000000000000004,2.4000000000000004,1.3333333333333333,1.0,0.8,0.9,0.6333333333333334,2016-12-14,21,15.2
17.6,10.4,5.3999999999999995,3.7,2.866666666666667,1.8,1.5,1.2,1.0,0.5,2016-12-17,21,12.0
76.8,62.0,39.199999999999996,20.7,13.799999999999999,6.8999999999999995,5.175,4.14,3.4499999999999997,1.7249999999999999,2016-12-30,21,41.400000000000006
36.0,27.6,15.2,7.6,5.066666666666666,2.533333333333333,1.9,1.52,1.2666666666666666,0.6333333333333333,2017-01-11,21,15.200000000000001
37.6,31.200000000000003,16.0,8.0,5.3999999999999995,2.6999999999999997,3.1999999999999997,2.68,2.2333333333333334,1.1166666666666667,2017-01-12,21,26.799999999999997
12.0,10.8,7.4,4.7,3.1999999999999997,2.8000000000000003,2.1,1.6800000000000002,1.4000000000000001,0.7000000000000001,2017-01-19,21,16.800000000000004
45.6,36.0,18.4,9.3,6.2,3.1,2.325,1.86,1.55,0.775,2017-01-22,21,18.599999999999998
6.4,5.6000000000000005,5.0,3.4000000000000004,2.9333333333333336,1.7000000000000002,1.2750000000000001,1.02,0.8500000000000001,0.42500000000000004,2017-02-02,21,10.2
11.2,10.399999999999999,6.3999999999999995,3.6,3.1999999999999997,1.6666666666666667,1.25,1.0,0.8333333333333334,0.4166666666666667,2017-03-08,21,10.0
14.4,12.8,9.200000000000001,5.3999999999999995,3.6666666666666665,2.3333333333333335,1.75,1.42,1.1833333333333333,0.7000000000000001,2017-03-14,21,16.8
9.6,6.800000000000001,4.0,3.9000000000000004,3.466666666666667,2.1,1.575,1.26,1.1,0.5916666666666667,2017-03-18,21,14.200000000000001
6.4,6.0,3.5999999999999996,1.9,1.5999999999999999,1.3,1.0750000000000002,0.96,0.7999999999999999,0.5666666666666668,2017-03-19,21,13.600000000000001
15.2,13.2,10.399999999999999,7.8,5.466666666666666,3.233333333333333,2.425,1.94,1.6166666666666665,0.8083333333333332,2017-03-20,21,19.4
21.6,19.200000000000003,10.200000000000001,5.1000000000000005,3.4000000000000004,3.1333333333333333,2.35,1.9,1.6833333333333336,0.8916666666666667,2017-03-28,21,21.400000000000002
22.4,12.799999999999999,7.0,4.0,3.1999999999999997,1.7666666666666666,1.3499999999999999,1.0799999999999998,0.8999999999999999,0.7416666666666667,2017-04-01,21,17.8
11.2,9.2,7.3999999999999995,4.6,3.1333333333333333,1.5999999999999999,1.4,1.22,1.0166666666666666,0.5083333333333333,2017-04-02,21,12.2
50.4,34.8,21.2,10.9,7.266666666666667,3.6333333333333333,2.725,2.18,1.8166666666666667,0.9416666666666668,2017-04-07,21,22.599999999999998
51.2,41.2,27.0,17.400000000000002,15.799999999999999,9.233333333333333,7.05,5.7,4.933333333333334,2.466666666666667,2017-04-08,21,59.199999999999996
20.8,18.0,14.2,12.7,9.666666666666666,5.1000000000000005,3.875,3.1,2.5833333333333335,1.2916666666666667,2017-04-12,21,31.0
4.0,2.8,2.8000000000000003,1.7,1.6666666666666667,1.1666666666666667,0.975,0.86,0.8166666666666668,0.4583333333333333,2017-04-13,21,11.0
8.8,6.800000000000001,5.6,3.9,2.733333333333333,2.066666666666667,1.725,1.4000000000000001,1.1833333333333333,0.9166666666666666,2017-04-23,21,22.0
5.6,5.2,4.199999999999999,3.7,3.466666666666667,3.3000000000000003,2.575,2.06,1.7166666666666668,0.8666666666666667,2017-04-27,21,20.799999999999997
8.0,7.2,4.4,3.3,3.0666666666666664,2.6,2.3,2.1,1.8333333333333333,0.9583333333333334,2017-05-19,21,23.0
28.8,22.4,15.6,10.4,7.266666666666667,3.6333333333333333,2.725,2.18,1.8166666666666667,0.9083333333333333,2017-06-13,21,21.799999999999997
17.6,11.200000000000001,7.0,4.4,4.866666666666666,2.6666666666666665,2.0,1.6,1.3333333333333333,0.6666666666666666,2017-06-15,21,16.0
46.4,37.6,29.6,20.900000000000002,21.333333333333332,12.666666666666666,9.5,7.6,6.333333333333333,3.2083333333333335,2017-06-20,21,77.0
26.4,18.4,18.2,13.499999999999998,10.4,6.233333333333333,5.125,4.4799999999999995,3.8000000000000003,2.15,2017-06-21,21,51.6
7.2,6.4,3.8,2.4,2.0666666666666664,1.3,1.075,1.1199999999999999,1.1333333333333333,0.6166666666666666,2017-07-02,21,14.800000000000002
4.8,3.5999999999999996,3.4,2.1999999999999997,2.1999999999999997,1.5666666666666667,1.3499999999999999,1.1800000000000002,1.0,0.5,2017-07-18,21,12.0
7.2,5.6,4.4,2.6,2.533333333333333,1.8333333333333333,1.525,1.3800000000000001,1.2833333333333334,0.6916666666666668,2017-07-19,21,16.6
10.4,6.800000000000001,4.999999999999999,3.5999999999999996,3.533333333333333,1.9666666666666668,1.475,1.1800000000000002,0.9833333333333334,0.4916666666666667,2017-08-20,21,11.799999999999999
10.4,9.600000000000001,9.2,7.3,5.666666666666667,3.233333333333333,2.4749999999999996,2.1399999999999997,1.8333333333333333,1.1666666666666667,2017-08-21,21,28.0
5.6,4.4,3.6,3.2,2.6,1.7000000000000002,1.45,1.3800000000000001,1.2166666666666666,0.7416666666666667,2017-10-23,21,17.8
4.8,4.3999999999999995,3.2,2.7,2.3333333333333335,2.0,1.85,1.48,1.3499999999999999,0.725,2017-11-11,21,17.4
11.2,10.799999999999999,6.6,5.0,3.9333333333333336,2.8000000000000003,2.7,2.5,2.4,1.3083333333333333,2017-11-20,21,31.400000000000002
8.0,6.4,5.8,5.0,4.333333333333333,2.766666666666667,2.15,1.72,1.4833333333333334,0.8166666666666668,2017-11-22,21,19.6
15.2,13.2,7.4,3.8000000000000003,4.333333333333333,2.1666666666666665,1.675,1.34,1.1166666666666667,0.5666666666666667,2017-12-29,21,13.600000000000001
7.2,7.2,6.0,4.1,2.8666666666666667,1.7666666666666666,1.325,1.06,0.8833333333333333,0.44166666666666665,2018-01-03,21,10.600000000000001
10.4,8.399999999999999,6.4,4.2,3.7999999999999994,3.366666666666667,2.825,2.2800000000000002,1.9000000000000001,0.9500000000000001,2018-01-04,21,22.8
4.0,3.6000000000000005,2.8,2.1,1.8,1.2333333333333334,0.9750000000000001,0.78,0.65,0.42500000000000004,2018-01-05,21,10.2
26.4,18.0,12.999999999999998,10.4,7.466666666666666,4.2,3.15,2.52,2.1,1.7166666666666666,2018-01-07,21,41.2
60.0,46.0,33.6,21.1,14.466666666666667,8.033333333333333,6.075,4.9,4.083333333333333,2.5749999999999997,2018-01-08,21,61.8
28.0,24.8,14.8,7.5,5.0,2.6,1.9500000000000002,1.56,1.3,0.65,2018-01-20,21,15.6
47.2,42.400000000000006,33.400000000000006,20.3,16.6,9.4,7.05,5.64,4.7,2.35,2018-01-26,21,56.400000000000006
8.0,7.6000000000000005,6.8,6.0,5.466666666666666,4.266666666666667,3.25,2.9,2.5,1.325,2018-01-30,21,31.800000000000004
28.0,27.2,13.799999999999999,6.8999999999999995,4.6,2.3,1.7249999999999999,1.4,1.2166666666666666,0.6166666666666666,2018-02-07,21,14.799999999999999
166.4,133.2,99.8,53.5,35.733333333333334,17.900000000000002,13.425,10.74,8.950000000000001,4.4750000000000005,2018-02-15,21,107.4
24.8,17.6,9.4,7.1000000000000005,4.733333333333333,2.3666666666666667,1.7750000000000001,1.4200000000000002,1.1833333333333333,0.5916666666666667,2018-02-21,21,14.200000000000001
14.4,12.0,7.8,4.2,2.933333333333333,2.2,1.8499999999999999,1.58,1.4000000000000001,0.7333333333333334,2018-02-23,21,17.6
5.6,4.800000000000001,4.4,3.8,3.1333333333333333,1.7666666666666666,1.425,1.26,1.1,0.7416666666666667,2018-03-08,21,17.799999999999997
37.6,24.4,21.599999999999998,14.0,10.333333333333334,5.233333333333333,3.925,3.1399999999999997,2.6166666666666667,1.3083333333333333,2018-03-15,21,31.400000000000002
28.0,20.4,16.2,11.4,7.866666666666666,5.900000000000001,4.6000000000000005,3.7600000000000002,3.1333333333333333,1.6333333333333335,2018-03-22,21,39.2
68.8,48.0,33.199999999999996,19.7,13.799999999999999,7.533333333333334,5.65,4.5200000000000005,3.766666666666667,1.9333333333333333,2018-04-03,21,46.400000000000006
29.6,20.8,10.8,5.7,3.866666666666667,1.9333333333333336,1.4500000000000002,1.1600000000000001,0.9666666666666668,0.4833333333333334,2018-05-19,21,11.600000000000001
5.6,5.199999999999999,4.8,4.0,3.6666666666666665,2.2333333333333334,1.75,1.42,1.1833333333333333,0.5916666666666667,2018-06-03,21,14.2
2.4,2.4,2.2,1.9000000000000001,1.866666666666667,1.4000000000000001,1.125,0.9,0.75,0.4166666666666667,2018-06-04,21,10.0
24.0,13.2,7.199999999999999,3.6999999999999997,2.4666666666666663,1.2333333333333332,0.9249999999999999,0.74,0.6166666666666666,0.5,2018-06-07,21,12.0
4.0,4.0,3.6,2.7,2.0,1.8333333333333333,1.575,1.26,1.05,0.55,2018-06-15,21,13.2
16.0,14.8,10.0,5.0,3.466666666666667,1.8,1.375,1.1,0.9166666666666666,0.4583333333333333,2018-06-18,21,11.0
7.2,5.2,3.2,3.0999999999999996,2.8000000000000003,2.3666666666666667,1.8250000000000002,1.52,1.3166666666666667,0.6666666666666666,2018-07-10,21,16.0
18.4,10.399999999999999,6.8,4.199999999999999,4.733333333333333,2.8333333333333335,3.075,2.5,2.0833333333333335,1.0416666666666667,2018-08-06,21,25.0
11.2,8.399999999999999,5.4,3.8,3.0,2.2666666666666666,1.775,1.42,1.2,0.6416666666666667,2018-08-26,21,15.4
23.2,12.0,6.2,3.8,2.6,1.6333333333333335,1.25,1.02,0.85,0.425,2018-09-04,21,10.200000000000001
4.8,4.8,4.0,3.4,2.8666666666666667,1.6666666666666667,1.25,1.0,0.8333333333333334,0.4166666666666667,2018-09-14,21,10.0
20.8,16.0,10.8,6.3,5.8,3.1333333333333333,2.35,1.8800000000000001,1.5666666666666667,0.7833333333333333,2018-10-06,21,18.8
14.4,11.2,8.4,5.3,3.8666666666666667,2.4,1.825,1.46,1.2166666666666666,0.6083333333333333,2018-10-10,21,14.6
9.6,7.6,4.6,4.4,3.6,1.9333333333333333,1.45,1.16,0.9666666666666667,0.48333333333333334,2018-10-19,21,11.6
24.8,20.8,13.600000000000001,9.3,6.666666666666667,3.8000000000000003,2.85,2.2800000000000002,1.9000000000000001,0.9500000000000001,2018-11-07,21,22.8
15.2,12.399999999999999,10.8,7.8,6.666666666666667,4.3999999999999995,3.725,3.18,2.6833333333333336,1.7416666666666665,2018-11-08,21,41.8
10.4,8.0,4.8,2.6,2.933333333333333,1.7,1.275,1.04,0.8666666666666667,0.43333333333333335,2018-11-16,21,10.399999999999999
12.8,11.2,9.8,8.2,7.800000000000001,5.833333333333335,4.775,4.12,3.6500000000000004,2.025,2018-11-19,21,48.60000000000001
12.8,9.600000000000001,6.6,3.9000000000000004,2.8000000000000003,1.5666666666666667,1.175,0.9800000000000001,0.8166666666666668,0.625,2018-11-20,21,14.999999999999998
68.8,53.6,32.6,16.6,11.066666666666668,5.533333333333334,4.15,3.3200000000000003,2.766666666666667,1.3833333333333335,2018-11-25,21,33.199999999999996
5.6,4.4,3.5999999999999996,2.7,2.1333333333333333,1.2333333333333334,1.2,1.0,0.9166666666666666,0.5083333333333333,2018-11-26,21,12.2
10.4,7.6000000000000005,4.6,3.1,2.533333333333333,1.633333333333333,1.5,1.3199999999999998,1.0999999999999999,0.5666666666666667,2018-12-08,21,13.600000000000001
43.2,32.400000000000006,27.8,14.9,9.933333333333334,4.966666666666667,3.9000000000000004,3.18,2.6999999999999997,1.3499999999999999,2018-12-24,21,32.400000000000006
52.8,42.4,36.6,24.400000000000002,17.400000000000002,9.166666666666666,6.875,5.5,4.583333333333333,2.2916666666666665,2019-01-25,21,55.0
32.8,26.799999999999997,19.4,11.299999999999999,8.2,5.8999999999999995,5.475,4.5600000000000005,3.8000000000000003,2.0083333333333333,2019-02-04,21,48.2
10.4,9.600000000000001,7.0,3.8000000000000003,3.6,2.2333333333333334,2.125,1.8,1.5,0.8416666666666667,2019-02-05,21,20.2
31.2,29.6,20.6,16.5,14.266666666666666,7.6000000000000005,5.7,4.5600000000000005,3.8000000000000003,1.9000000000000001,2019-02-06,21,45.6
46.4,34.8,23.6,14.5,10.866666666666667,6.033333333333332,4.624999999999999,3.7,3.0999999999999996,1.5499999999999998,2019-02-13,21,37.2
56.8,42.0,25.6,12.9,8.666666666666666,4.366666666666666,3.275,2.62,2.183333333333333,1.0916666666666666,2019-02-17,21,26.200000000000003
108.8,82.8,53.4,28.2,23.13333333333333,14.266666666666666,10.7,8.559999999999999,7.133333333333333,3.5666666666666664,2019-03-01,21,85.6
7.2,6.0,4.3999999999999995,4.2,3.466666666666667,1.8333333333333333,1.4,1.2,1.0666666666666667,0.5499999999999999,2019-03-02,21,13.200000000000001
40.0,22.8,22.6,12.100000000000001,8.200000000000001,4.133333333333334,3.1,2.48,2.066666666666667,1.0416666666666667,2019-03-03,21,24.999999999999996
48.8,42.39999999999999,25.4,12.8,8.533333333333333,4.266666666666667,3.8,3.5200000000000005,2.9333333333333336,1.4916666666666665,2019-03-16,21,35.8
16.8,10.8,7.2,3.9999999999999996,3.4,1.8,2.2,1.8399999999999999,1.6500000000000001,1.2750000000000001,2019-03-20,21,30.6
14.4,12.0,8.399999999999999,4.8999999999999995,3.6,2.9000000000000004,2.25,1.8199999999999998,1.7166666666666668,1.1916666666666667,2019-03-21,21,28.599999999999998
16.8,11.2,8.8,5.1000000000000005,3.4000000000000004,1.7000000000000002,1.2750000000000001,1.02,0.8500000000000001,0.42500000000000004,2019-03-27,21,10.2
30.4,21.2,17.2,15.7,13.266666666666666,11.333333333333334,9.275,7.42,6.183333333333334,3.091666666666667,2019-04-08,21,74.19999999999999
62.4,46.0,43.599999999999994,24.8,18.599999999999998,11.9,10.375,9.8,8.483333333333333,5.166666666666667,2019-04-09,21,123.99999999999999
16.0,13.2,6.6,3.9,3.266666666666667,2.433333333333333,1.825,1.46,1.2166666666666666,0.6083333333333333,2019-04-28,21,14.6
23.2,17.2,9.799999999999999,5.0,3.3333333333333335,2.033333333333333,1.525,1.22,1.0166666666666666,0.525,2019-05-07,21,12.6
17.6,10.0,5.0,2.6,2.9333333333333336,1.7000000000000002,1.3,1.04,0.8666666666666667,0.7250000000000001,2019-05-15,21,17.4
29.6,19.200000000000003,10.8,7.1000000000000005,5.6000000000000005,3.0,2.25,1.8,1.5,0.8916666666666667,2019-05-16,21,21.4
8.0,6.3999999999999995,4.6000000000000005,3.1,2.466666666666667,2.2333333333333334,1.7,1.48,1.25,0.6833333333333332,2019-05-17,21,16.400000000000002
36.8,35.599999999999994,21.4,11.0,7.333333333333333,3.6666666666666665,2.75,2.2,1.8333333333333333,0.9166666666666666,2019-06-02,21,22.0
11.2,8.8,6.0,3.9,2.6666666666666665,1.5333333333333334,1.175,0.9400000000000001,0.8000000000000002,0.5416666666666666,2019-06-05,21,13.0
5.6,4.4,3.8,3.0999999999999996,2.4666666666666663,2.1666666666666665,2.05,1.8,1.7166666666666668,1.1,2019-07-05,21,26.4
7.2,5.2,3.8000000000000003,3.1999999999999997,2.733333333333334,1.8,1.775,1.6400000000000001,1.55,1.1500000000000001,2019-08-03,21,27.6
8.0,6.0,4.6,3.1,2.4,1.5,1.25,1.02,0.9,0.8250000000000001,2019-08-04,21,19.8
7.2,4.000000000000001,3.4000000000000004,2.7,2.0,1.2000000000000002,1.175,1.08,1.0166666666666668,0.6916666666666668,2019-08-14,21,16.6
56.0,35.2,18.6,9.4,6.266666666666667,3.1666666666666665,2.375,1.9,1.5833333333333333,0.7916666666666666,2019-09-03,21,19.0
4.0,2.0,2.0,1.8,1.666666666666667,1.2,1.025,0.9000000000000001,0.7999999999999999,0.47500000000000003,2019-09-05,21,11.4
6.4,6.0,3.4,2.6999999999999997,2.266666666666667,1.3,1.15,1.12,1.0666666666666667,0.5333333333333333,2019-09-14,21,12.8
2.4,2.0,1.6,1.3,1.2,1.0000000000000002,0.925,0.8,0.8000000000000002,0.5750000000000001,2019-09-26,21,13.8
4.8,4.0,3.6,3.2,2.9333333333333336,1.9000000000000001,1.45,1.16,0.9666666666666667,0.6,2019-10-08,21,14.399999999999999
13.6,11.2,11.0,8.1,7.133333333333333,5.733333333333333,4.5249999999999995,3.7800000000000002,3.3833333333333333,1.7833333333333334,2019-10-09,21,42.800000000000004
20.8,17.2,11.8,10.2,8.133333333333335,4.1000000000000005,3.075,2.48,2.1666666666666665,1.1166666666666667,2019-11-11,21,26.800000000000004
6.4,6.4,5.6,4.7,3.466666666666667,2.033333333333333,1.55,1.24,1.0333333333333334,0.5166666666666667,2019-11-19,21,12.399999999999999
16.0,10.8,8.399999999999999,5.0,3.4,2.6333333333333333,1.975,1.58,1.3166666666666667,0.6583333333333333,2019-11-23,21,15.8
13.6,10.4,8.0,5.5,4.333333333333333,3.6666666666666665,3.325,2.8200000000000003,2.3833333333333333,1.1916666666666667,2019-11-28,21,28.599999999999998
42.4,35.6,28.400000000000002,14.5,9.799999999999999,4.8999999999999995,3.675,2.94,2.4499999999999997,1.2249999999999999,2019-12-05,21,29.400000000000002
7.2,6.800000000000001,6.0,4.800000000000001,3.6666666666666665,1.9000000000000001,1.425,1.1400000000000001,0.9500000000000001,0.48333333333333334,2019-12-10,21,11.6
30.4,20.799999999999997,10.399999999999999,5.199999999999999,3.4666666666666663,1.7333333333333332,1.2999999999999998,1.0399999999999998,0.8666666666666666,0.4333333333333333,2019-12-13,21,10.399999999999999
71.2,63.6,36.8,18.5,12.333333333333334,6.166666666666667,4.625,3.7,3.0833333333333335,1.5416666666666667,2019-12-14,21,37.0
33.6,28.0,23.2,12.6,8.933333333333334,4.833333333333333,3.625,2.9,2.4166666666666665,1.2083333333333333,2019-12-22,21,29.000000000000004
30.4,30.4,17.8,9.9,6.666666666666667,4.133333333333334,3.3,2.7,2.25,1.175,2019-12-23,21,28.2
8.0,7.6,5.6,5.300000000000001,3.733333333333333,2.1666666666666665,1.725,1.4,1.2166666666666668,0.7000000000000001,2020-01-13,21,16.8
7.2,4.8,3.6,2.7,2.2,2.066666666666667,1.675,1.3800000000000001,1.3,0.6916666666666668,2020-01-17,21,16.6
8.8,6.0,3.2,1.9,1.4000000000000001,0.8666666666666667,0.675,0.54,0.4833333333333334,0.4166666666666667,2020-01-24,21,10.0
38.4,30.4,19.8,12.0,10.133333333333333,7.599999999999999,5.699999999999999,4.56,3.7999999999999994,1.8999999999999997,2020-02-02,21,45.6
20.0,16.0,12.0,9.5,6.733333333333334,5.433333333333334,4.075,3.2600000000000002,2.716666666666667,1.4583333333333333,2020-02-03,21,35.0
95.2,74.4,50.4,26.0,17.400000000000002,8.700000000000001,7.0,5.6,4.666666666666667,2.3333333333333335,2020-02-05,21,56.0
52.0,38.8,30.6,19.7,14.266666666666666,8.966666666666667,6.775,5.7,4.75,2.375,2020-02-10,21,57.0
15.2,10.399999999999999,6.199999999999999,4.8,3.5333333333333337,2.4,2.175,2.2800000000000002,1.95,1.375,2020-02-11,21,33.00000000000001
27.2,16.4,9.600000000000001,6.300000000000001,4.6000000000000005,2.6,2.2,1.8199999999999998,1.5166666666666668,0.9333333333333335,2020-02-12,21,22.400000000000002
25.6,22.0,14.6,8.1,5.3999999999999995,4.066666666666667,3.0500000000000003,2.4400000000000004,2.0333333333333337,1.0166666666666668,2020-02-21,21,24.4
5.6,4.8,4.2,3.3000000000000003,2.9333333333333336,1.5666666666666667,1.175,0.9400000000000001,0.7833333333333333,0.44166666666666665,2020-02-22,21,10.6
5.6,5.199999999999999,4.199999999999999,3.2,2.733333333333333,1.9000000000000001,1.475,1.24,1.1666666666666667,0.6333333333333334,2020-02-27,21,15.2
25.6,24.4,15.2,8.5,5.733333333333333,3.6333333333333333,2.725,2.18,1.8166666666666667,0.9083333333333333,2020-02-29,21,21.8
36.0,22.8,13.4,9.0,8.133333333333333,6.166666666666667,5.725,5.26,5.3,3.1666666666666665,2020-03-01,21,76.0
4.8,3.6000000000000005,2.4,1.6,1.4666666666666668,1.3333333333333333,1.2500000000000002,1.2600000000000002,1.1833333333333333,0.8333333333333334,2020-03-02,21,20.0
48.0,41.2,27.0,16.1,13.200000000000001,6.8999999999999995,5.175,4.14,3.4499999999999997,1.7249999999999999,2020-03-20,21,41.39999999999999
32.8,21.2,12.799999999999997,7.5,5.466666666666666,4.933333333333333,4.45,3.5800000000000005,2.983333333333334,2.0833333333333335,2020-03-21,21,50.0
21.6,18.8,12.400000000000002,6.6000000000000005,5.866666666666667,4.366666666666666,3.275,2.62,2.183333333333333,1.0916666666666666,2020-05-02,21,26.2
24.8,22.4,17.4,14.0,9.666666666666666,5.2,3.95,3.34,2.8000000000000003,1.45,2020-05-07,21,34.8
13.6,11.600000000000001,8.799999999999999,5.8,4.333333333333333,2.2666666666666666,1.7,1.3599999999999999,1.1333333333333333,0.5666666666666667,2020-05-14,21,13.6
9.6,9.2,4.6,3.2,2.1333333333333333,1.2000000000000002,0.925,0.9200000000000002,0.8833333333333334,0.6166666666666667,2020-07-30,21,14.8
12.0,7.6,5.0,4.3,3.6,2.8333333333333335,2.125,1.7,1.4166666666666667,0.7833333333333333,2020-08-20,21,18.800000000000004
16.0,13.6,11.0,7.4,6.666666666666667,5.1,4.275,3.7399999999999998,3.1666666666666665,1.6916666666666667,2020-08-21,21,40.6
8.8,7.600000000000001,5.6,4.1000000000000005,3.1999999999999997,2.0333333333333337,2.1,1.86,1.616666666666667,0.8583333333333334,2020-08-22,21,20.6
6.4,5.6,5.2,4.2,3.266666666666667,1.6333333333333335,1.225,0.9800000000000001,0.8166666666666668,0.44166666666666665,2020-09-21,21,10.6
24.8,16.799999999999997,13.4,9.200000000000001,7.266666666666667,5.1000000000000005,4.25,3.8400000000000007,3.6,2.441666666666667,2020-09-22,21,58.6
15.2,13.2,10.0,7.4,5.666666666666667,4.166666666666667,3.25,2.66,2.2666666666666666,1.2249999999999999,2020-10-30,21,29.4
17.6,9.200000000000001,4.6000000000000005,2.9000000000000004,2.0000000000000004,1.0000000000000002,0.7500000000000001,0.8800000000000001,0.8500000000000001,0.42500000000000004,2020-11-05,21,10.2
15.2,13.2,11.6,10.5,8.4,4.3999999999999995,3.3,2.6399999999999997,2.2,1.375,2020-11-18,21,33.0
8.0,5.2,3.6,2.0,1.4666666666666668,1.0666666666666667,1.025,0.8800000000000001,0.7833333333333333,0.4583333333333333,2020-11-20,21,11.0
29.6,20.8,13.399999999999999,8.100000000000001,5.466666666666668,2.766666666666667,2.075,1.6600000000000001,1.3833333333333335,0.6916666666666668,2020-12-01,21,16.6
20.8,16.4,12.4,8.0,5.3999999999999995,3.0,2.25,1.8,1.5166666666666668,1.3499999999999999,2020-12-07,21,32.400000000000006
12.0,12.0,8.6,5.2,4.733333333333333,2.533333333333333,1.9,1.52,1.2666666666666666,0.6333333333333333,2020-12-08,21,15.200000000000003
21.6,20.0,17.8,10.1,6.866666666666667,3.4333333333333336,2.575,2.08,1.7333333333333334,0.8666666666666667,2020-12-09,21,20.8
13.6,12.0,9.4,5.6000000000000005,3.733333333333333,2.2333333333333334,1.8250000000000002,2.0200000000000005,1.7833333333333334,0.9,2020-12-10,21,21.6
64.8,52.400000000000006,38.0,21.799999999999997,15.866666666666665,8.833333333333334,7.175,5.76,4.8,2.4416666666666664,2020-12-25,21,58.599999999999994
73.6,70.8,56.4,29.5,19.733333333333334,12.666666666666666,9.6,7.82,6.733333333333333,3.5416666666666665,2021-01-02,21,85.0
12.8,10.399999999999999,8.0,4.9,3.4000000000000004,2.2666666666666666,1.8,1.44,1.2,0.6,2021-01-03,21,14.4
40.8,25.2,15.0,9.8,8.066666666666666,4.8,3.8,3.04,2.533333333333333,1.4666666666666666,2021-02-05,21,35.199999999999996
33.6,18.0,12.200000000000001,9.9,7.733333333333333,3.966666666666667,3.0000000000000004,2.4000000000000004,2.0000000000000004,1.05,2021-02-06,21,25.200000000000003
35.2,34.400000000000006,29.0,20.2,14.466666666666667,7.300000000000001,5.4750000000000005,4.380000000000001,3.6500000000000004,1.8250000000000002,2021-02-08,21,43.8
31.2,22.4,12.0,6.0,4.0,2.0333333333333337,1.5250000000000001,1.2200000000000002,1.0166666666666668,0.5083333333333334,2021-02-20,21,12.2
45.6,40.8,25.4,15.1,11.266666666666667,5.633333333333334,4.2250000000000005,3.3800000000000003,2.816666666666667,1.4083333333333334,2021-03-06,21,33.8
35.2,22.400000000000002,13.200000000000001,7.3,4.933333333333334,2.5333333333333337,1.9000000000000001,1.52,1.2666666666666668,1.2416666666666667,2021-03-30,21,29.8
10.4,8.4,7.2,3.9,3.266666666666667,1.7666666666666666,1.325,1.06,0.8833333333333333,0.44166666666666665,2021-04-06,21,10.600000000000001
12.0,8.8,7.4,3.8,2.8000000000000003,1.7666666666666666,1.5250000000000001,1.48,1.2666666666666668,0.9833333333333334,2021-04-21,21,23.6
10.4,7.6000000000000005,6.2,4.4,3.266666666666667,1.8333333333333337,1.425,1.1600000000000001,0.9833333333333334,0.4916666666666667,2021-04-22,21,11.8
17.6,12.8,9.400000000000002,5.5,3.6666666666666665,1.9000000000000001,1.425,1.1400000000000001,0.9500000000000001,0.48333333333333334,2021-04-27,21,11.600000000000001
38.4,20.8,13.0,11.4,11.200000000000001,6.6000000000000005,5.175,4.220000000000001,3.533333333333333,1.8,2021-05-07,21,43.2
11.2,9.599999999999998,8.0,4.7,3.4,1.7333333333333334,1.3,1.04,0.8666666666666667,0.43333333333333335,2021-05-12,21,10.4
26.4,18.4,11.200000000000001,6.5,5.466666666666666,3.8333333333333335,2.875,2.34,1.95,1.275,2021-05-13,21,30.6
76.8,74.4,46.0,25.299999999999997,17.400000000000002,8.933333333333334,6.7,5.36,4.466666666666667,2.2333333333333334,2021-05-30,21,53.599999999999994
7.2,6.800000000000001,4.0,3.0,2.5333333333333337,2.1666666666666665,2.1,1.98,1.866666666666667,1.1666666666666667,2021-07-28,21,28.000000000000004
5.6,4.0,2.5999999999999996,2.4,1.6666666666666667,1.1333333333333333,1.1,0.96,0.9166666666666666,0.5750000000000001,2021-08-12,21,13.8
8.0,7.199999999999999,5.800000000000001,4.5,3.533333333333333,2.3333333333333335,1.75,1.4,1.1666666666666667,0.5833333333333334,2021-08-29,21,14.0
18.4,10.399999999999999,5.3999999999999995,3.599999999999999,3.0666666666666664,2.533333333333333,2.1,1.72,1.5333333333333334,0.8416666666666667,2021-08-31,21,20.2
13.6,9.2,6.2,3.6999999999999997,2.4666666666666663,1.4333333333333333,1.25,1.0,0.8333333333333334,0.4166666666666667,2021-10-03,21,10.0
5.6,5.199999999999999,4.4,3.0,2.733333333333333,2.1333333333333333,1.825,1.56,1.4666666666666668,0.8583333333333334,2021-10-11,21,20.6
6.4,6.4,4.6000000000000005,4.0,3.1333333333333333,2.8666666666666667,2.5500000000000003,2.12,1.7833333333333332,0.8916666666666666,2021-10-20,21,21.400000000000002
25.6,12.8,6.4,3.7,2.8000000000000003,1.4000000000000001,1.85,1.48,1.25,0.6666666666666666,2021-10-24,21,16.0
6.4,6.000000000000001,5.3999999999999995,4.8,4.333333333333333,3.8000000000000003,3.4250000000000003,2.88,2.4833333333333334,1.325,2021-11-01,21,31.799999999999997
12.8,8.8,6.0,3.3000000000000003,2.3333333333333335,1.2,0.9,0.72,0.6333333333333334,0.4916666666666667,2021-11-02,21,11.8
22.4,15.2,10.4,6.0,4.466666666666667,2.433333333333333,1.85,1.6600000000000001,1.3833333333333335,0.6916666666666668,2021-11-11,21,16.6
4.8,4.8,4.3999999999999995,4.1,3.1333333333333333,1.7999999999999998,1.425,1.1600000000000001,0.9666666666666668,0.9166666666666666,2021-11-19,21,22.0
12.8,10.0,8.600000000000001,7.0,4.866666666666667,2.466666666666667,1.875,1.5,1.25,0.625,2021-11-20,21,15.0
40.8,32.0,24.2,12.4,8.333333333333334,4.2,3.575,2.9,2.5,2.308333333333333,2021-12-07,21,55.400000000000006
13.6,13.2,11.8,9.5,6.3999999999999995,3.266666666666667,2.75,2.24,1.9333333333333336,0.9750000000000001,2021-12-08,21,23.4
50.4,47.599999999999994,25.0,13.1,8.799999999999999,4.433333333333333,3.3249999999999997,2.66,2.2333333333333334,1.125,2021-12-12,21,27.0
72.0,54.0,38.199999999999996,19.4,13.0,8.799999999999999,6.6499999999999995,5.42,4.533333333333333,2.3000000000000003,2021-12-17,21,55.2
36.0,22.8,14.6,8.0,8.666666666666666,4.766666666666667,3.6,3.22,2.6833333333333336,1.3416666666666668,2021-12-23,21,32.2
39.2,31.200000000000003,24.8,17.3,13.266666666666666,7.5,5.625,4.5600000000000005,3.8000000000000003,1.9083333333333332,2021-12-30,21,45.800000000000004
7.2,6.4,4.8,3.8,3.1999999999999997,1.6666666666666667,1.275,1.04,0.9,0.46666666666666673,2021-12-31,21,11.2
14.4,12.8,8.8,7.0,5.6000000000000005,4.3,3.5250000000000004,2.9400000000000004,2.5500000000000003,1.8083333333333333,2022-01-07,21,43.400000000000006
8.0,5.2,3.4,1.8,1.5333333333333334,1.2000000000000002,1.0,1.04,0.9500000000000001,0.8583333333333334,2022-01-08,21,20.6
5.6,4.8,4.4,3.0999999999999996,2.4666666666666663,1.4666666666666668,1.1500000000000001,0.9400000000000001,0.7999999999999999,0.425,2022-01-09,21,10.2
28.8,22.0,12.600000000000001,6.4,4.466666666666667,2.3666666666666667,1.775,1.42,1.1833333333333333,0.7000000000000001,2022-01-11,21,16.8
38.4,22.8,11.6,5.8,3.8666666666666667,1.9333333333333333,2.625,2.2800000000000002,1.9000000000000001,0.9916666666666667,2022-01-29,21,23.8
16.0,8.0,5.800000000000001,4.1,3.5333333333333337,3.266666666666667,2.5,2.0,1.6666666666666667,0.8333333333333334,2022-02-07,21,20.0
7.2,7.2,6.0,5.2,3.533333333333333,1.9000000000000001,1.425,1.1400000000000001,0.9500000000000001,0.47500000000000003,2022-02-17,21,11.4
10.4,9.600000000000001,7.0,4.2,3.6666666666666665,3.5666666666666664,2.875,2.3,1.9166666666666667,0.9583333333333334,2022-03-20,21,23.0
24.0,22.8,12.200000000000001,9.5,6.733333333333333,3.3666666666666667,2.525,2.02,1.6833333333333333,1.0583333333333333,2022-03-31,21,25.4
20.0,18.4,14.0,12.2,9.333333333333334,8.466666666666667,6.35,5.08,4.233333333333333,2.25,2022-04-01,21,54.0
11.2,9.2,6.4,3.4,2.4,1.7666666666666666,1.35,1.1800000000000002,0.9999999999999999,0.8833333333333333,2022-04-02,21,21.200000000000003
11.2,9.6,6.6,3.9,4.333333333333333,2.3333333333333335,1.75,1.4,1.1666666666666667,0.5916666666666667,2022-04-06,21,14.200000000000001
64.0,36.4,18.8,9.5,6.333333333333333,3.1666666666666665,2.375,1.9,1.5833333333333333,0.7916666666666666,2022-04-09,21,19.0
46.4,42.0,25.6,15.700000000000001,12.666666666666666,7.933333333333334,5.95,4.76,4.1000000000000005,2.4833333333333334,2022-04-14,21,59.60000000000001
12.0,9.6,5.0,3.9000000000000004,3.6666666666666665,2.3666666666666667,1.775,1.42,1.1833333333333333,0.5916666666666667,2022-04-15,21,14.200000000000001
43.2,35.2,24.0,12.200000000000001,9.866666666666665,4.933333333333333,3.6999999999999997,2.96,2.4666666666666663,1.2333333333333332,2022-04-29,21,29.6
43.2,42.8,38.0,30.3,25.933333333333334,21.866666666666664,20.400000000000002,17.96,15.4,8.424999999999999,2022-04-30,21,202.20000000000002
33.6,26.0,18.6,11.200000000000001,7.533333333333334,4.466666666666667,3.7,2.96,2.466666666666667,1.2333333333333334,2022-05-16,21,29.6
3.2,2.4000000000000004,1.8,1.2,0.9333333333333332,0.6666666666666666,0.575,0.54,0.5166666666666667,0.46666666666666673,2022-06-11,21,11.2
6.4,5.6000000000000005,5.4,3.6,2.8666666666666667,2.1666666666666665,1.85,1.5,1.4666666666666668,0.7583333333333333,2022-06-14,21,18.2
9.6,8.4,5.6,3.7,3.8000000000000003,2.3000000000000003,1.775,1.42,1.1833333333333333,0.5916666666666667,2022-06-18,21,14.2
7.2,5.6,4.8,2.7,2.1333333333333333,1.4333333333333336,1.425,1.3800000000000001,1.1666666666666667,0.5916666666666667,2022-06-19,21,14.2
23.2,20.0,18.0,13.7,10.866666666666667,7.6000000000000005,5.75,4.74,3.9499999999999997,1.9749999999999999,2022-07-14,21,47.4
12.8,8.0,4.8,3.0,2.1999999999999997,1.5666666666666667,1.45,1.16,0.9666666666666667,0.48333333333333334,2022-07-29,21,11.600000000000001
8.0,6.8,5.0,4.1,3.1333333333333333,2.0,1.575,1.26,1.05,0.525,2022-08-10,21,12.600000000000001
12.8,8.8,5.800000000000001,4.1,3.866666666666667,2.6666666666666665,2.2,1.7600000000000002,1.5999999999999999,0.9333333333333335,2022-08-11,21,22.4
7.2,6.4,5.4,4.699999999999999,3.8666666666666667,2.6333333333333333,2.225,1.8199999999999998,1.5166666666666666,0.775,2022-09-04,21,18.6
6.4,5.6,4.6,4.2,3.8000000000000003,2.533333333333333,2.075,1.9,1.8,0.9750000000000001,2022-09-16,21,23.400000000000002
10.4,8.4,7.200000000000001,6.200000000000001,5.666666666666667,4.2,3.7750000000000004,3.4200000000000004,2.983333333333334,1.7,2022-09-28,21,40.8
2.4,2.4,1.8,1.4000000000000001,1.2000000000000002,0.7999999999999999,0.65,0.7,0.7000000000000001,0.47500000000000003,2022-09-29,21,11.399999999999999
8.8,7.2,6.3999999999999995,4.4,3.0666666666666664,1.5333333333333332,1.15,0.9199999999999999,0.7666666666666666,0.47500000000000003,2022-10-28,21,11.4
32.8,26.0,16.6,9.0,6.066666666666666,3.033333333333333,2.275,1.8199999999999998,1.5166666666666666,0.7583333333333333,2022-10-31,21,18.200000000000003
7.2,5.6000000000000005,5.199999999999999,4.800000000000001,4.3999999999999995,3.766666666666666,3.05,2.94,2.5166666666666666,1.45,2022-11-01,21,34.8
10.4,5.6,3.2,2.5,1.8,1.3333333333333333,1.35,1.24,1.0333333333333334,0.7916666666666666,2022-11-02,21,19.0
10.4,6.4,4.0,3.7,2.533333333333333,1.5333333333333332,1.2,0.96,0.7999999999999999,0.4166666666666667,2022-11-03,21,10.000000000000002
18.4,16.799999999999997,13.600000000000001,7.199999999999999,6.0,3.1,2.325,1.86,1.5999999999999999,0.85,2022-11-04,21,20.4
39.2,24.8,12.4,6.2,4.133333333333334,2.1666666666666665,1.625,1.3,1.0833333333333333,0.5416666666666666,2022-11-08,21,13.0
56.8,47.2,37.8,24.1,16.400000000000002,8.233333333333333,6.175,4.9399999999999995,4.116666666666666,2.058333333333333,2022-11-11,21,49.400000000000006
50.4,45.199999999999996,39.199999999999996,25.900000000000002,17.933333333333334,9.200000000000001,6.9,5.5200000000000005,4.6000000000000005,2.3000000000000003,2022-11-16,21,55.199999999999996
8.8,6.3999999999999995,5.6,5.3,4.733333333333333,2.8000000000000003,2.1,1.6800000000000002,1.4000000000000001,0.7000000000000001,2022-11-24,21,16.8
6.4,5.6,4.4,2.9,2.0,1.3333333333333333,1.15,0.9800000000000001,0.8500000000000001,0.42500000000000004,2022-12-06,21,10.2
11.2,9.2,7.0,4.5,3.0,2.3000000000000003,2.0,1.9,1.5833333333333333,0.7916666666666666,2022-12-13,21,19.0
7.2,6.4,5.6,4.800000000000001,4.133333333333334,2.8333333333333335,2.5,2.2,1.9000000000000001,1.3499999999999999,2022-12-20,21,32.400000000000006
15.2,14.399999999999999,12.200000000000001,8.6,8.866666666666667,6.366666666666667,5.8500000000000005,5.02,4.483333333333333,3.225,2022-12-21,21,77.4
16.8,12.4,8.8,6.7,5.2,3.233333333333334,2.475,1.98,1.6500000000000001,0.8250000000000001,2022-12-22,21,19.800000000000004
15.2,15.2,13.999999999999998,10.1,8.533333333333333,4.9,3.725,3.0,2.5,1.2583333333333333,2022-12-30,21,30.2
12.8,12.0,11.4,9.799999999999999,8.466666666666667,5.066666666666666,3.8,3.16,2.6333333333333333,,2023-01-05,21,32.2
8.8,8.8,8.200000000000001,6.2,5.3999999999999995,4.566666666666667,4.25,3.6800000000000006,3.4333333333333336,,2023-01-06,21,58.8
3.2,2.8000000000000003,2.2,1.9000000000000001,1.5999999999999999,1.5,1.3250000000000002,1.2,1.0833333333333333,,2023-01-07,21,15.6
25.6,22.4,14.8,7.8,5.333333333333333,2.966666666666667,2.25,1.8199999999999998,1.5166666666666666,0.7583333333333333,2023-01-20,21,18.2
26.4,26.0,18.0,11.2,7.533333333333334,3.8666666666666667,2.9,2.34,1.95,,2023-01-23,21,23.4
17.6,16.8,12.8,7.3,5.266666666666667,2.6666666666666665,2.0,1.6,1.3333333333333333,0.6666666666666666,2023-01-29,21,16.0
26.4,24.0,14.399999999999999,9.1,7.133333333333333,4.7,3.6750000000000003,2.96,2.466666666666667,1.2333333333333334,2023-02-07,21,29.6
46.4,45.599999999999994,29.2,15.299999999999999,11.200000000000001,5.733333333333333,4.3,3.44,2.8666666666666667,1.4333333333333333,2023-02-10,21,34.4
35.2,34.400000000000006,20.400000000000002,11.3,8.333333333333334,4.633333333333334,3.5,2.8,2.3333333333333335,1.1666666666666667,2023-02-11,21,28.0
75.2,67.6,37.0,19.2,13.133333333333333,6.699999999999999,5.0249999999999995,4.02,3.3499999999999996,1.6749999999999998,2023-03-30,21,40.2
47.2,35.2,19.6,9.8,6.533333333333334,3.266666666666667,2.45,1.9600000000000002,1.6333333333333335,0.8166666666666668,2023-04-01,21,19.6
41.6,38.400000000000006,26.6,14.3,10.6,6.166666666666667,4.75,3.8199999999999994,3.1999999999999997,2.25,2023-04-08,21,54.00000000000001
12.8,8.0,7.4,5.5,4.6000000000000005,2.566666666666667,2.15,2.16,1.8,0.975,2023-04-09,21,23.4
6.4,5.2,4.8,3.6,3.1333333333333333,1.8333333333333333,1.4000000000000001,1.1400000000000001,0.9666666666666667,0.48333333333333334,2023-04-19,21,11.6
28.0,19.2,11.600000000000001,6.2,4.2,2.4,2.0500000000000003,1.6600000000000001,1.3833333333333335,0.6916666666666668,2023-04-28,21,16.6
13.6,10.0,7.4,5.8,5.2,3.3666666666666667,3.0500000000000003,2.74,2.316666666666667,,2023-05-10,21,30.8
7.2,6.800000000000001,5.0,2.8,1.8666666666666665,1.0,0.75,0.6,0.5166666666666667,0.43333333333333335,2023-05-17,21,10.4
20.8,14.4,9.600000000000001,5.1000000000000005,3.6,2.066666666666667,1.725,1.9800000000000004,1.8333333333333333,0.9666666666666668,2023-05-29,21,23.200000000000003
5.6,3.1999999999999997,2.0,1.5,1.3333333333333333,0.7999999999999999,0.7000000000000001,0.8,0.6833333333333335,0.525,2023-08-26,21,12.600000000000001
5.6,5.199999999999999,4.6,4.2,4.066666666666666,2.9,2.275,1.8199999999999998,1.6666666666666667,0.9916666666666667,2023-08-27,21,23.8
8.8,8.8,8.0,5.2,3.6,2.1,1.6,1.28,1.0666666666666667,0.5333333333333333,2023-09-14,21,12.8
7.2,6.4,5.8,5.1,3.866666666666667,2.9000000000000004,2.275,2.02,2.183333333333333,,2023-10-01,21,27.0
33.6,19.200000000000003,12.4,7.6,5.133333333333334,2.566666666666667,1.925,1.54,1.2833333333333334,,2023-10-07,21,15.400000000000002
9.6,7.200000000000001,6.2,5.2,3.9333333333333336,2.0,1.5,1.2,1.0,,2023-10-17,21,12.0
63.2,34.4,18.2,9.1,6.066666666666666,3.033333333333333,2.275,1.8199999999999998,1.5166666666666666,,2023-10-26,21,18.2
17.6,14.0,7.2,3.8,2.733333333333334,2.2333333333333334,1.7750000000000001,1.4200000000000002,1.1833333333333333,0.5916666666666667,2023-10-29,21,14.200000000000001
68.0,37.2,20.599999999999998,10.9,8.0,4.033333333333333,3.025,2.42,2.0166666666666666,1.0083333333333333,2023-11-03,21,24.2
31.2,21.6,17.0,10.4,6.933333333333334,3.466666666666667,2.6,2.08,1.7333333333333334,0.8666666666666667,2023-11-14,21,20.8
21.6,20.8,12.000000000000002,6.500000000000001,4.6000000000000005,2.3333333333333335,1.75,1.6,1.4166666666666667,0.7333333333333334,2023-11-19,21,17.6
35.2,28.0,19.2,9.8,6.533333333333334,3.266666666666667,2.45,1.9600000000000002,1.6333333333333335,0.8166666666666668,2023-12-08,21,19.599999999999998
14.4,10.0,7.8,6.8999999999999995,6.333333333333333,3.266666666666667,2.45,1.9600000000000002,1.6333333333333335,,2024-01-03,21,20.8
4.8,4.0,3.0,2.4,1.8,1.3333333333333333,1.2,1.04,0.8666666666666667,,2024-01-04,21,10.399999999999999
37.6,23.6,20.2,13.100000000000001,13.133333333333333,10.700000000000001,8.275,6.760000000000001,5.633333333333333,2.841666666666667,2024-01-13,21,68.2
44.0,39.2,32.6,21.5,15.466666666666667,7.833333333333333,5.925,4.779999999999999,3.983333333333333,1.9916666666666665,2024-01-14,21,47.8
101.6,81.6,62.8,36.7,25.53333333333333,12.833333333333334,9.625,7.7,6.416666666666667,3.5583333333333336,2024-01-21,21,85.4
25.6,16.0,9.0,5.4,4.2,2.266666666666667,1.7000000000000002,1.36,1.1333333333333335,0.9666666666666667,2024-01-22,21,23.200000000000003
12.8,9.600000000000001,7.800000000000001,6.1000000000000005,5.6000000000000005,3.5666666666666664,3.325,2.8400000000000003,2.716666666666667,1.6916666666666667,2024-01-23,21,40.6
8.0,6.800000000000001,4.8,3.1,2.8000000000000003,1.8,1.575,1.28,1.0666666666666667,0.6,2024-01-26,21,14.400000000000002
7.2,6.800000000000001,5.2,4.1,3.733333333333333,2.766666666666667,2.075,1.6600000000000001,1.3833333333333335,0.7083333333333334,2024-01-28,21,17.0
43.2,36.0,22.800000000000004,12.8,8.733333333333334,4.366666666666667,3.2750000000000004,2.62,2.1833333333333336,1.0916666666666668,2024-01-31,21,26.200000000000003
30.4,18.0,10.4,5.5,3.8000000000000003,1.9000000000000001,1.425,1.1400000000000001,0.9666666666666667,0.525,2024-02-02,21,12.600000000000001
21.6,14.400000000000002,9.4,4.9,3.3333333333333335,1.7,1.275,1.02,0.85,,2024-02-04,21,10.200000000000001
52.8,50.4,41.400000000000006,24.700000000000003,17.73333333333333,9.0,6.75,5.4,4.5,2.25,2024-02-14,21,54.00000000000001
18.4,18.0,17.0,14.0,10.533333333333333,5.3,3.975,4.18,3.9000000000000004,3.4,2024-02-15,21,83.2
20.8,19.6,16.0,10.799999999999999,9.0,5.966666666666666,4.975,4.32,3.6166666666666667,1.8083333333333333,2024-02-21,21,44.0
34.4,30.8,26.4,16.9,11.799999999999999,6.533333333333334,5.825,5.720000000000001,5.333333333333333,2.6833333333333336,2024-03-05,21,64.4
5.6,5.2,4.8,3.9000000000000004,3.3333333333333335,2.433333333333333,1.975,1.64,1.4000000000000001,0.7333333333333334,2024-03-06,21,19.400000000000002
24.0,22.8,18.4,11.7,8.866666666666667,4.8,3.6,2.88,2.4,1.2,2024-03-09,21,28.800000000000004
18.4,18.0,17.6,17.6,16.733333333333334,14.399999999999999,12.675,11.72,10.799999999999999,7.583333333333335,2024-03-22,21,246.60000000000002
2.4,2.4,2.2,1.5,1.2000000000000002,0.9666666666666668,0.8,0.8200000000000001,0.7833333333333333,0.39166666666666666,2024-03-23,21,14.2
8.0,8.0,7.6,6.5,6.266666666666667,5.466666666666666,4.875,4.12,3.733333333333333,2.8333333333333335,2024-03-24,21,105.4
8.0,7.6,5.3999999999999995,3.7,3.0,1.9000000000000001,1.6,1.34,1.25,0.625,2024-03-26,21,24.6
16.0,12.0,7.199999999999999,4.7,4.266666666666667,2.8333333333333335,2.7,2.6,2.1666666666666665,1.0833333333333333,2015-04-30,7,26.0
24.0,19.2,11.0,5.5,3.8000000000000003,1.9000000000000001,1.425,1.1400000000000001,0.9500000000000001,0.47500000000000003,2015-05-04,7,11.4
17.6,14.0,8.6,4.8,3.266666666666667,1.666666666666667,1.2750000000000001,1.02,0.8500000000000001,0.42500000000000004,2015-05-05,7,10.2
9.6,8.8,6.4,4.2,2.9333333333333336,1.9000000000000001,1.75,1.6,1.45,1.3166666666666667,2015-06-19,7,31.6
16.0,14.8,13.8,10.5,8.200000000000001,4.3999999999999995,3.525,3.0,2.566666666666667,1.3,2015-06-24,7,31.200000000000003
11.2,8.0,5.4,4.0,2.733333333333333,1.4666666666666666,1.0999999999999999,0.8799999999999999,0.7333333333333333,0.6749999999999999,2015-09-11,7,16.200000000000003
6.4,5.6000000000000005,4.800000000000001,4.1000000000000005,3.2000000000000006,2.166666666666667,1.75,1.5400000000000003,1.366666666666667,0.7333333333333334,2015-09-13,7,17.6
80.8,44.8,23.2,11.799999999999999,7.866666666666666,3.933333333333333,2.9499999999999997,2.36,1.9666666666666666,0.9833333333333333,2015-09-27,7,23.599999999999998
6.4,5.6,5.0,4.3,3.6666666666666665,2.1666666666666665,1.625,1.3,1.0833333333333333,0.5416666666666666,2015-10-29,7,13.0
7.2,6.0,6.0,5.699999999999999,4.133333333333334,2.1666666666666665,1.625,1.3,1.0833333333333333,0.6083333333333333,2015-11-02,7,14.6
12.0,10.8,7.6,4.8,3.3333333333333335,2.1333333333333333,1.6,1.28,1.0666666666666667,0.5416666666666666,2015-11-04,7,13.0
15.2,12.0,7.199999999999999,3.8,2.8666666666666667,1.5,1.125,0.9,0.75,0.45,2015-11-06,7,10.8
8.0,5.6,3.4,2.1,1.4000000000000001,1.0333333333333334,0.775,0.62,0.5166666666666667,0.42500000000000004,2015-11-07,7,10.200000000000001
18.4,14.799999999999999,9.2,7.3,5.0,2.5,1.925,1.54,1.2833333333333334,0.6416666666666667,2015-11-08,7,15.4
20.8,19.200000000000003,10.200000000000001,5.2,3.466666666666667,1.7333333333333334,1.35,1.1800000000000002,1.0166666666666668,0.5166666666666667,2015-11-21,7,12.400000000000002
53.6,38.0,22.400000000000002,11.4,7.733333333333334,4.033333333333334,3.0250000000000004,2.4200000000000004,2.016666666666667,1.0250000000000001,2015-11-23,7,24.599999999999998
15.2,8.0,5.2,4.3999999999999995,3.0,1.633333333333333,1.35,1.08,0.9,0.4583333333333333,2015-11-29,7,11.0
25.6,19.6,12.2,6.8,4.533333333333333,2.6999999999999997,2.6,2.1399999999999997,1.7833333333333332,0.9416666666666668,2015-12-07,7,22.6
19.2,15.2,9.399999999999999,6.499999999999999,5.733333333333333,3.5,2.625,2.1,1.75,0.875,2015-12-12,7,21.0
27.2,20.4,18.4,12.9,9.200000000000001,4.866666666666666,3.65,2.92,2.433333333333333,1.2166666666666666,2016-01-13,7,29.2
27.2,23.2,16.2,10.0,7.0,5.3999999999999995,4.325,3.46,2.8833333333333333,1.4916666666666665,2016-01-15,7,35.8
16.0,14.8,12.2,10.5,10.733333333333334,6.033333333333334,4.65,4.1000000000000005,3.5500000000000003,1.7916666666666667,2016-01-16,7,43.0
19.2,13.2,8.0,4.7,4.0,2.566666666666667,2.0,1.9600000000000002,1.8166666666666667,1.1583333333333334,2016-01-19,7,27.8
51.2,51.2,33.0,16.7,11.200000000000001,5.6000000000000005,4.2,3.3600000000000003,2.8000000000000003,1.4000000000000001,2016-02-15,7,33.599999999999994
52.0,26.4,13.399999999999999,6.699999999999999,4.466666666666666,2.6333333333333333,1.9749999999999999,1.5799999999999998,1.3166666666666667,0.6583333333333333,2016-02-16,7,15.799999999999999
46.4,36.4,18.4,9.299999999999999,6.466666666666666,3.533333333333333,2.65,2.12,1.7666666666666666,0.8916666666666666,2016-02-17,7,21.399999999999995
28.0,20.4,13.200000000000001,7.7,5.6000000000000005,2.8333333333333335,2.125,1.7,1.4166666666666667,0.7083333333333334,2016-02-21,7,17.0
33.6,20.0,11.4,5.8,3.8666666666666667,1.9333333333333333,1.45,1.16,0.9666666666666667,0.48333333333333334,2016-02-23,7,11.6
32.8,29.2,24.8,17.1,12.733333333333333,7.266666666666667,5.5,4.4,3.6666666666666665,1.8333333333333333,2016-02-29,7,44.0
120.0,107.2,84.4,52.5,40.666666666666664,20.599999999999998,15.450000000000001,12.379999999999999,10.416666666666666,5.208333333333333,2016-03-12,7,125.0
49.6,46.400000000000006,25.0,13.900000000000002,10.4,5.433333333333334,4.075,3.2600000000000002,2.716666666666667,1.3583333333333334,2016-03-23,7,32.6
24.0,16.8,9.4,4.7,3.466666666666667,2.1,1.575,1.3199999999999998,1.2833333333333334,0.6749999999999999,2016-05-18,7,16.2
40.0,23.6,14.0,8.4,6.666666666666667,4.166666666666667,3.1750000000000003,2.56,2.15,1.075,2016-06-05,7,25.800000000000004
14.4,10.8,7.4,7.300000000000001,5.666666666666667,3.466666666666667,2.7,2.16,1.9000000000000001,1.175,2016-06-07,7,28.200000000000003
7.2,6.800000000000001,4.8,2.8,2.466666666666667,1.5666666666666667,1.2,1.0,0.8333333333333334,0.8083333333333332,2016-08-21,7,19.4
12.0,10.0,5.4,3.2,2.466666666666667,1.7333333333333334,1.675,1.3800000000000001,1.1833333333333333,0.6749999999999999,2016-08-22,7,16.2
16.8,13.2,9.0,4.8999999999999995,3.266666666666667,1.6666666666666667,1.825,1.52,1.2666666666666666,0.6333333333333333,2016-08-31,7,15.200000000000001
24.0,17.6,9.0,8.4,5.866666666666667,2.966666666666667,2.225,1.78,1.4833333333333334,0.7583333333333333,2016-09-20,7,18.2
6.4,5.2,4.0,3.2,2.733333333333333,2.033333333333333,1.7500000000000002,1.48,1.2833333333333334,0.8250000000000001,2016-10-04,7,19.8
17.6,14.4,11.4,7.3999999999999995,5.333333333333333,3.466666666666667,2.85,2.5,2.1333333333333333,1.1666666666666667,2016-11-04,7,28.0
16.0,12.4,9.4,6.5,4.666666666666667,2.5333333333333337,1.95,1.56,1.3166666666666667,0.6833333333333335,2016-11-05,7,16.4
3.2,2.0,1.4,1.2,1.0666666666666667,0.8666666666666668,0.8500000000000001,0.8200000000000001,0.8166666666666668,0.6666666666666666,2016-11-13,7,16.0
12.0,9.2,6.6,5.6000000000000005,4.266666666666667,3.0000000000000004,2.6500000000000004,2.38,2.0833333333333335,1.1166666666666667,2016-11-14,7,26.8
7.2,5.6,4.4,2.7,1.866666666666667,0.9666666666666667,0.725,0.72,0.7333333333333334,0.44166666666666665,2016-11-18,7,10.600000000000001
60.0,43.2,22.6,11.399999999999999,7.599999999999999,3.7999999999999994,2.8499999999999996,2.28,1.8999999999999997,0.9499999999999998,2016-12-03,7,22.8
27.2,26.799999999999997,13.6,6.8,4.533333333333333,2.6,1.975,1.58,1.3166666666666667,0.6833333333333332,2016-12-04,7,16.4
66.4,41.2,23.200000000000003,17.400000000000002,13.0,6.533333333333334,4.9,3.9200000000000004,3.266666666666667,1.6416666666666666,2016-12-12,7,39.4
23.2,16.4,9.6,6.5,4.733333333333333,3.6666666666666665,3.225,2.8200000000000003,2.5166666666666666,1.6083333333333334,2016-12-14,7,38.6
18.4,11.6,6.2,3.6,2.733333333333333,1.6666666666666667,1.3,1.06,0.8833333333333333,0.44166666666666665,2016-12-17,7,10.600000000000001
40.8,30.4,16.0,8.1,5.3999999999999995,2.6999999999999997,2.025,1.6199999999999999,1.3499999999999999,0.6749999999999999,2016-12-30,7,16.2
85.6,62.0,35.6,17.8,11.866666666666667,5.933333333333334,5.025,4.18,3.483333333333333,1.7416666666666665,2017-01-12,7,41.8
50.4,46.4,34.4,21.2,14.466666666666667,7.266666666666667,5.45,4.359999999999999,3.65,1.825,2017-01-13,7,43.8
36.0,34.8,18.4,9.2,6.2,3.1,2.325,1.86,1.55,0.775,2017-01-16,7,18.6
16.0,12.0,8.6,5.2,3.533333333333333,1.7666666666666666,1.325,1.06,0.8833333333333333,0.44166666666666665,2017-03-08,7,10.6
16.8,15.600000000000001,8.4,4.4,3.0,1.9666666666666668,1.475,1.1800000000000002,0.9833333333333334,0.6666666666666666,2017-03-14,7,16.0
8.8,7.200000000000001,5.2,3.3,2.533333333333333,1.5,1.125,0.9,1.05,0.6,2017-03-18,7,14.4
7.2,5.2,2.8,1.7,1.4000000000000001,0.9666666666666667,0.8,0.74,0.6166666666666667,0.42500000000000004,2017-03-19,7,10.200000000000001
14.4,13.2,9.6,7.1,4.933333333333334,3.0,2.275,1.8199999999999998,1.5166666666666666,0.7583333333333333,2017-03-20,7,18.2
16.8,12.4,7.6000000000000005,3.8000000000000003,2.5333333333333337,1.9000000000000001,1.425,1.1400000000000001,0.9500000000000001,0.47500000000000003,2017-03-28,7,11.4
21.6,15.200000000000001,10.200000000000001,6.500000000000001,4.666666666666667,2.8000000000000003,2.125,1.7,1.4166666666666667,1.3333333333333333,2017-04-01,7,32.0
63.2,58.8,46.199999999999996,27.3,18.2,9.1,6.825,5.46,4.55,2.3000000000000003,2017-04-07,7,55.199999999999996
5.6,5.199999999999999,4.6,4.5,3.4,1.9333333333333333,1.5250000000000001,1.24,1.0333333333333334,0.5166666666666667,2017-04-08,7,12.399999999999999
12.8,11.600000000000001,7.8,4.4,3.4,2.033333333333333,1.6,1.28,1.0666666666666667,0.5333333333333333,2017-04-12,7,12.8
12.8,6.4,4.0,3.0,2.8000000000000003,1.9666666666666668,1.725,1.56,1.3166666666666667,0.8083333333333335,2017-04-23,7,19.4
9.6,8.8,5.6,4.0,3.533333333333333,3.0,2.6,2.3,2.016666666666667,1.0666666666666667,2017-05-19,7,25.6
17.6,14.4,10.399999999999999,7.1,4.8,2.4,1.8,1.44,1.2,0.6,2017-06-13,7,14.4
55.2,30.0,17.0,8.5,5.666666666666667,2.8333333333333335,2.125,1.7,1.4166666666666667,0.7083333333333334,2017-06-19,7,17.0
32.8,23.2,17.8,15.7,14.466666666666667,9.866666666666667,7.4,5.92,4.933333333333334,3.35,2017-06-20,7,80.4
32.8,24.8,17.799999999999997,11.6,8.266666666666666,4.633333333333333,3.55,2.94,2.4833333333333334,1.875,2017-06-21,7,45.0
3.2,2.8,2.6,2.3,1.7999999999999998,1.0,0.775,0.7000000000000001,0.6166666666666666,0.4166666666666667,2017-08-21,7,10.0
7.2,6.4,5.8,5.1,3.6666666666666665,2.2,1.75,1.5,1.3166666666666667,0.8166666666666668,2017-10-23,7,19.6
8.0,4.800000000000001,3.6,2.8000000000000003,2.1333333333333333,1.1666666666666667,1.0,0.8200000000000001,0.85,0.48333333333333334,2017-11-11,7,11.600000000000001
12.0,11.200000000000001,9.4,7.800000000000001,5.866666666666667,3.6999999999999997,3.1750000000000003,3.08,2.783333333333333,1.4666666666666668,2017-11-20,7,35.2
13.6,11.6,7.8,5.8,4.066666666666666,2.066666666666667,1.55,1.24,1.0333333333333334,0.5166666666666667,2017-12-21,7,12.4
32.0,27.2,14.8,7.6,5.133333333333334,2.566666666666667,1.925,1.54,1.2833333333333334,0.775,2017-12-24,7,18.6
17.6,17.200000000000003,12.200000000000001,6.5,5.733333333333333,2.8666666666666667,2.2,1.7600000000000002,1.4666666666666668,0.7416666666666667,2017-12-29,7,17.8
6.4,4.0,3.0,2.3,2.0666666666666664,1.7666666666666668,1.55,1.24,1.0333333333333334,0.6416666666666667,2018-01-04,7,15.4
3.2,2.4000000000000004,2.4000000000000004,2.0,1.8666666666666665,1.4000000000000001,1.1,0.8800000000000001,0.7333333333333334,0.42500000000000004,2018-01-05,7,10.200000000000001
50.4,34.8,25.599999999999998,16.4,12.933333333333335,6.7,5.025,4.0200000000000005,3.3499999999999996,2.183333333333333,2018-01-07,7,52.400000000000006
38.4,28.799999999999997,19.0,9.7,7.2,4.3,3.225,2.58,2.15,1.4333333333333333,2018-01-08,7,34.4
32.0,26.4,16.8,8.9,6.133333333333333,3.233333333333333,2.4250000000000003,1.9400000000000002,1.6500000000000001,0.8250000000000001,2018-01-26,7,19.799999999999997
19.2,17.6,15.599999999999998,11.7,8.666666666666666,5.533333333333334,4.4750000000000005,3.9,3.766666666666666,2.5166666666666666,2018-01-27,7,60.4
5.6,4.8,3.8,3.6,3.3333333333333335,2.3333333333333335,1.75,1.46,1.2666666666666666,0.6833333333333332,2018-01-30,7,16.4
4.0,4.0,3.0,2.2,1.9333333333333333,1.4333333333333333,1.2750000000000001,1.08,0.9333333333333335,0.5166666666666667,2018-02-05,7,12.399999999999999
119.2,110.4,83.8,43.7,29.133333333333336,14.633333333333333,11.0,8.8,7.333333333333333,3.6666666666666665,2018-02-15,7,88.0
69.6,55.599999999999994,31.0,18.4,12.266666666666666,6.133333333333333,4.6,3.6799999999999997,3.0666666666666664,1.5333333333333332,2018-02-21,7,36.8
7.2,6.4,6.2,4.8,3.266666666666667,1.6333333333333335,1.225,0.9800000000000001,0.8166666666666668,0.44166666666666665,2018-02-22,7,10.6
20.0,15.2,10.600000000000001,5.7,3.8666666666666667,2.466666666666667,2.85,2.3400000000000003,1.9666666666666668,1.2,2018-02-23,7,28.800000000000004
17.6,13.200000000000001,8.600000000000001,5.500000000000001,3.9333333333333336,1.9666666666666668,1.5750000000000002,1.4000000000000001,1.2833333333333334,0.7250000000000001,2018-03-08,7,17.4
12.8,12.0,9.0,6.4,4.466666666666667,3.0666666666666664,3.075,2.8400000000000003,2.3666666666666667,1.2583333333333333,2018-03-22,7,30.200000000000003
31.2,23.6,22.2,15.7,10.799999999999999,6.0,4.5,3.6,3.0,1.5416666666666667,2018-04-03,7,37.0
13.6,8.8,4.8,4.3,3.0666666666666664,1.5666666666666667,1.25,1.0,0.8333333333333334,0.43333333333333335,2018-04-15,7,10.4
36.8,27.599999999999998,17.4,8.899999999999999,5.933333333333333,2.9666666666666663,2.2249999999999996,1.7799999999999998,1.4833333333333332,0.7416666666666666,2018-05-07,7,17.8
27.2,24.0,12.600000000000001,6.8,4.6000000000000005,2.3333333333333335,1.7750000000000001,1.4200000000000002,1.1833333333333333,0.5916666666666667,2018-05-19,7,14.2
19.2,14.8,12.4,7.5,5.2,2.8666666666666667,2.2,1.7600000000000002,1.4666666666666666,0.7583333333333333,2018-08-01,7,18.200000000000003
13.6,9.2,5.4,3.5,2.533333333333333,1.3,0.975,0.78,0.65,0.44166666666666665,2018-08-02,7,10.600000000000001
14.4,8.8,5.0,2.6,3.2000000000000006,1.866666666666667,1.75,1.42,1.1833333333333333,0.5916666666666667,2018-08-06,7,14.2
31.2,16.0,8.0,5.0,3.4,1.7,1.375,1.1,0.9166666666666666,0.4583333333333333,2018-09-04,7,10.999999999999998
7.2,6.3999999999999995,5.3999999999999995,4.1,3.0666666666666664,1.8333333333333333,1.375,1.1,0.9166666666666666,0.4583333333333333,2018-09-14,7,11.0
19.2,15.6,10.0,6.1,5.8,3.0999999999999996,2.3249999999999997,1.8599999999999999,1.5499999999999998,0.7749999999999999,2018-10-06,7,18.6
26.4,16.4,12.6,8.8,7.933333333333334,5.033333333333333,3.775,3.02,2.5166666666666666,1.2583333333333333,2018-10-10,7,30.200000000000003
7.2,6.4,5.3999999999999995,4.3999999999999995,4.066666666666666,2.1999999999999997,1.65,1.3199999999999998,1.0999999999999999,0.5499999999999999,2018-10-19,7,13.200000000000001
3.2,2.8,2.2,1.9000000000000001,1.8,1.4000000000000001,1.05,0.96,0.8666666666666667,0.46666666666666673,2018-10-25,7,11.200000000000001
24.8,21.6,15.2,8.4,6.0,3.0,2.25,1.8,1.5,0.75,2018-11-07,7,18.0
13.6,12.0,10.799999999999999,8.200000000000001,7.066666666666666,5.1,4.275,3.5800000000000005,3.016666666666667,1.9166666666666667,2018-11-08,7,46.0
7.2,6.8,6.4,4.7,4.066666666666666,3.266666666666667,2.525,2.12,1.8666666666666665,0.9833333333333334,2018-11-19,7,23.6
8.0,7.6,5.4,3.2,2.3333333333333335,1.3,1.05,0.9000000000000001,0.7666666666666667,0.4583333333333333,2018-11-20,7,11.0
14.4,14.0,8.6,5.7,3.8000000000000003,3.033333333333333,2.4,1.92,1.5999999999999999,0.7999999999999999,2018-11-26,7,19.200000000000003
33.6,28.0,22.4,13.9,9.266666666666667,4.733333333333333,3.8249999999999997,3.12,2.6666666666666665,1.3916666666666666,2018-12-24,7,33.4
23.2,20.799999999999997,11.2,5.8,3.8666666666666667,1.9333333333333333,1.45,1.16,0.9666666666666667,0.5083333333333333,2019-01-05,7,12.2
50.4,46.4,32.0,17.7,12.933333333333332,6.866666666666667,5.15,4.12,3.4333333333333336,1.7166666666666668,2019-01-25,7,41.2
22.4,18.799999999999997,11.2,5.8,4.8,4.0,4.2,3.6,3.0,1.5583333333333333,2019-02-04,7,37.4
16.0,10.8,8.0,4.6,3.1999999999999997,2.566666666666667,1.9749999999999999,1.5799999999999998,1.3499999999999999,0.7333333333333334,2019-02-05,7,17.6
29.6,20.4,14.400000000000002,12.0,9.266666666666667,4.9,3.6750000000000003,2.9400000000000004,2.45,1.225,2019-02-06,7,29.400000000000002
41.6,36.8,21.8,12.3,8.200000000000001,4.1000000000000005,3.075,2.46,2.0500000000000003,1.0250000000000001,2019-02-12,7,24.6
35.2,28.000000000000004,27.0,17.5,12.200000000000001,8.366666666666665,6.5,5.24,4.466666666666667,2.2416666666666667,2019-02-13,7,53.8
54.4,45.599999999999994,24.8,12.5,8.666666666666666,4.333333333333333,3.25,2.6,2.1666666666666665,1.0833333333333333,2019-02-17,7,25.999999999999996
21.6,12.8,7.0,3.8000000000000003,2.5333333333333337,1.5333333333333332,1.15,0.9199999999999999,0.7666666666666666,0.5499999999999999,2019-02-28,7,13.200000000000003
75.2,69.6,38.800000000000004,23.4,18.066666666666666,11.700000000000001,8.775,7.0200000000000005,5.8500000000000005,2.9333333333333336,2019-03-01,7,70.4
10.4,6.800000000000001,5.199999999999999,4.1,3.4,1.8333333333333333,1.4000000000000001,1.16,1.1333333333333333,0.6166666666666667,2019-03-02,7,14.799999999999999
78.4,65.2,42.60000000000001,22.8,15.266666666666667,7.7,5.775,4.62,3.85,1.925,2019-03-03,7,46.2
32.8,22.0,14.2,8.0,5.3999999999999995,2.6999999999999997,2.025,1.6199999999999999,1.3499999999999999,0.6749999999999999,2019-03-15,7,16.2
32.8,32.4,18.4,9.399999999999999,6.266666666666666,3.1333333333333333,2.525,2.04,1.8666666666666665,0.9416666666666665,2019-03-16,7,22.599999999999998
8.8,8.0,4.0,3.5,2.733333333333334,1.4333333333333333,1.2000000000000002,1.06,1.0166666666666668,0.7333333333333334,2019-03-20,7,17.6
9.6,8.8,8.200000000000001,6.0,4.533333333333333,3.566666666666667,2.75,2.2199999999999998,1.8499999999999999,1.125,2019-03-21,7,27.000000000000004
49.6,43.6,23.0,11.5,7.666666666666667,3.8666666666666667,2.975,2.38,1.9833333333333334,1.0,2019-03-28,7,24.0
20.8,14.0,9.0,5.000000000000001,3.4000000000000004,1.7,1.325,1.06,0.9500000000000001,0.5416666666666666,2019-03-29,7,12.999999999999998
59.2,40.0,26.200000000000003,18.5,12.600000000000001,8.466666666666667,6.3500000000000005,5.08,4.233333333333333,2.1166666666666667,2019-04-08,7,50.8
96.0,55.2,33.0,18.9,14.200000000000001,9.066666666666666,7.9,7.0200000000000005,6.25,3.9250000000000003,2019-04-09,7,94.19999999999999
24.8,16.4,12.2,7.6000000000000005,7.0,4.333333333333333,3.5250000000000004,2.8200000000000003,2.35,1.675,2019-04-10,7,40.2
47.2,30.0,17.0,8.6,7.066666666666666,3.9,2.925,2.34,1.95,0.975,2019-04-28,7,23.400000000000006
21.6,19.200000000000003,14.400000000000002,8.500000000000002,5.866666666666667,3.266666666666667,2.45,1.9600000000000002,1.6333333333333335,1.0250000000000001,2019-05-07,7,24.6
22.4,15.2,7.6,3.9,4.933333333333333,2.766666666666667,2.15,1.7600000000000002,1.4666666666666668,1.0666666666666667,2019-05-15,7,25.600000000000005
31.2,26.799999999999997,19.0,12.8,9.066666666666668,4.833333333333333,3.625,2.9,2.4166666666666665,1.4000000000000001,2019-05-16,7,33.599999999999994
11.2,9.2,5.2,3.1,2.6,1.866666666666667,1.45,1.26,1.0833333333333333,0.5916666666666667,2019-05-17,7,14.200000000000001
44.8,26.799999999999997,14.2,7.299999999999999,4.933333333333333,2.4666666666666663,1.8499999999999999,1.48,1.2333333333333332,0.6166666666666666,2019-06-02,7,14.799999999999999
8.8,6.0,4.2,2.9000000000000004,2.466666666666667,1.6666666666666667,1.3250000000000002,1.06,0.8833333333333334,0.5083333333333334,2019-06-04,7,12.200000000000001
14.4,10.8,7.0,3.7,2.533333333333333,1.5,1.15,0.9199999999999999,0.7666666666666666,0.48333333333333334,2019-06-05,7,11.6
22.4,14.0,7.799999999999999,6.9,5.133333333333334,2.566666666666667,1.925,1.54,1.2833333333333334,0.6416666666666667,2019-06-20,7,15.400000000000002
6.4,4.8,3.4000000000000004,3.0999999999999996,2.4,1.4000000000000001,1.125,1.0,0.85,0.5916666666666667,2019-08-04,7,14.2
4.8,4.8,3.6,3.6,3.0,1.7,1.275,1.02,0.85,0.425,2019-08-13,7,10.2
21.6,18.4,9.8,5.0,3.8000000000000003,1.9666666666666668,1.475,1.1800000000000002,0.9833333333333334,0.4916666666666667,2019-09-01,7,11.8
3.2,2.4000000000000004,1.8000000000000003,1.6,1.4666666666666668,1.2333333333333334,1.0750000000000002,0.9199999999999999,0.9166666666666666,0.5833333333333334,2019-09-26,7,14.0
11.2,9.2,6.6,5.5,4.8,4.366666666666667,3.6,2.92,2.5,1.2916666666666667,2019-10-09,7,31.0
33.6,32.8,22.0,13.6,10.0,5.0,3.85,3.18,2.966666666666667,1.5499999999999998,2019-11-11,7,37.2
6.4,5.199999999999999,4.4,3.5000000000000004,2.8666666666666667,1.7000000000000002,1.2750000000000001,1.02,0.8500000000000001,0.42500000000000004,2019-11-14,7,10.200000000000001
16.0,12.799999999999999,11.2,6.7,5.133333333333333,3.1999999999999997,2.425,1.94,1.6166666666666665,0.8083333333333332,2019-11-19,7,19.4
12.0,9.6,7.2,5.2,3.6,2.066666666666667,1.55,1.24,1.0333333333333334,0.5166666666666667,2019-11-23,7,12.4
9.6,6.8,4.4,2.8000000000000003,2.1333333333333333,1.7000000000000002,1.425,1.1400000000000001,0.9500000000000001,0.47500000000000003,2019-11-28,7,11.4
30.4,27.2,21.6,11.4,7.666666666666667,3.8666666666666667,2.9,2.32,1.9333333333333333,0.9666666666666667,2019-12-05,7,23.2
8.0,7.6,6.3999999999999995,5.0,3.8000000000000003,1.9000000000000001,1.45,1.16,0.9666666666666667,0.48333333333333334,2019-12-10,7,11.6
14.4,9.2,6.6,5.9,4.266666666666667,2.3666666666666667,1.7750000000000001,1.4200000000000002,1.1833333333333333,0.5916666666666667,2019-12-22,7,14.2
29.6,21.6,13.2,7.0,4.866666666666667,3.3333333333333335,2.7,2.2199999999999998,1.8499999999999999,0.9833333333333334,2019-12-23,7,23.6
29.6,19.6,12.200000000000001,6.1000000000000005,4.066666666666667,2.0333333333333337,1.5250000000000001,1.2200000000000002,1.0166666666666668,0.5083333333333334,2019-12-24,7,12.200000000000001
12.8,8.4,5.4,3.2,2.1999999999999997,1.5,1.3,1.06,0.8833333333333334,0.46666666666666673,2020-01-13,7,11.200000000000001
4.8,4.4,3.5999999999999996,2.9,2.5333333333333337,1.6333333333333335,1.25,1.0,0.8333333333333334,0.4166666666666667,2020-01-23,7,10.0
5.6,4.8,3.0,2.2,1.866666666666667,1.1666666666666667,0.875,0.7,0.5833333333333334,0.4166666666666667,2020-01-24,7,10.0
53.6,43.6,23.2,11.6,7.800000000000001,4.0,3.0,2.4,2.0,1.0,2020-01-30,7,24.0
45.6,38.400000000000006,34.2,19.500000000000004,13.266666666666667,7.933333333333334,5.95,4.76,3.966666666666667,1.9833333333333334,2020-02-02,7,47.6
36.0,31.2,22.6,14.0,10.133333333333335,7.3,5.475,4.38,3.65,2.1,2020-02-03,7,50.4
100.8,99.19999999999999,68.8,36.0,24.466666666666665,12.266666666666666,9.3,7.4799999999999995,6.233333333333333,3.1166666666666667,2020-02-05,7,74.8
44.0,38.4,31.4,19.0,14.333333333333334,8.333333333333334,6.375,5.1,4.25,2.125,2020-02-10,7,51.0
15.2,9.2,5.8,3.7,3.1333333333333333,1.7,1.4,1.3199999999999998,1.2666666666666666,0.8916666666666666,2020-02-11,7,21.400000000000002
5.6,4.8,3.2,2.6,2.1333333333333333,1.0999999999999999,0.9750000000000001,0.8400000000000001,0.7166666666666667,0.425,2020-02-12,7,10.2
71.2,50.8,39.0,23.5,15.666666666666666,7.833333333333333,5.875,4.7,3.9166666666666665,1.9583333333333333,2020-02-16,7,47.0
40.0,20.4,12.0,6.8999999999999995,4.6,4.033333333333333,3.025,2.42,2.0166666666666666,1.0083333333333333,2020-02-21,7,24.2
25.6,21.2,10.799999999999999,9.9,7.133333333333334,4.8,3.6,2.88,2.4,1.2,2020-02-29,7,28.799999999999997
20.8,18.4,16.8,11.8,10.200000000000001,7.233333333333333,6.125,5.3,4.566666666666666,2.8000000000000003,2020-03-01,7,67.2
8.8,4.4,3.8000000000000003,2.0,1.8666666666666665,1.4000000000000001,1.175,1.2000000000000002,1.1,0.7416666666666667,2020-03-02,7,17.8
22.4,21.2,17.8,11.399999999999999,9.666666666666666,5.066666666666666,3.8,3.04,2.533333333333333,1.2666666666666666,2020-03-20,7,30.4
4.0,2.8000000000000003,1.8,1.5999999999999999,1.2666666666666666,1.0666666666666667,0.85,0.8200000000000001,0.7000000000000001,0.4583333333333333,2020-03-21,7,11.0
20.8,18.0,13.600000000000001,6.9,5.133333333333334,3.5666666666666664,2.675,2.1399999999999997,1.7833333333333332,0.8916666666666666,2020-05-02,7,21.4
33.6,23.200000000000003,16.8,11.3,7.866666666666667,4.7,3.575,2.92,2.433333333333333,1.2666666666666668,2020-05-07,7,30.4
9.6,7.2,5.4,4.9,3.6,1.8333333333333333,1.375,1.1,0.9166666666666666,0.4583333333333333,2020-05-14,7,11.0
6.4,5.2,3.4000000000000004,2.3,1.8,1.1,0.9500000000000001,0.8200000000000001,0.8166666666666668,0.44166666666666665,2020-05-15,7,10.600000000000001
6.4,6.0,4.4,3.1,2.533333333333333,1.9333333333333333,1.45,1.16,1.0166666666666666,0.5083333333333333,2020-05-24,7,12.200000000000001
24.0,17.6,10.6,5.8,3.8666666666666667,2.966666666666667,2.85,2.2800000000000002,1.9000000000000001,0.9500000000000001,2020-06-29,7,22.8
4.0,2.8,2.0,1.3,1.0,0.9333333333333335,0.8500000000000001,0.8800000000000001,0.7999999999999999,0.47500000000000003,2020-07-30,7,11.4
12.0,7.6,4.6,3.0000000000000004,2.8666666666666667,2.1,1.6,1.28,1.0666666666666667,0.5333333333333333,2020-08-20,7,12.8
16.8,15.600000000000001,13.0,11.8,11.200000000000001,8.0,6.35,5.180000000000001,4.383333333333334,2.3583333333333334,2020-08-21,7,56.6
10.4,10.4,8.4,5.6,4.4,3.1,2.825,2.56,2.2666666666666666,1.2,2020-08-22,7,28.8
37.6,24.400000000000006,20.2,13.8,10.200000000000001,6.466666666666666,5.825,5.22,4.8,3.3833333333333333,2020-09-22,7,81.19999999999999
26.4,17.2,10.6,6.7,5.133333333333334,3.8333333333333335,3.05,2.44,2.033333333333333,1.0166666666666666,2020-10-30,7,24.4
16.0,12.0,7.3999999999999995,5.8,3.8666666666666667,1.9333333333333333,1.45,1.6199999999999999,1.3499999999999999,0.6749999999999999,2020-11-05,7,16.2
20.8,14.8,13.2,11.4,8.666666666666666,4.366666666666666,3.275,2.62,2.183333333333333,1.175,2020-11-18,7,28.2
4.8,3.2,2.5999999999999996,2.0,1.4666666666666668,0.8666666666666667,0.65,0.52,0.43333333333333335,0.43333333333333335,2020-11-19,7,10.4
15.2,12.0,9.4,5.7,3.8000000000000003,1.9000000000000001,1.425,1.1400000000000001,0.9500000000000001,0.47500000000000003,2020-12-01,7,11.399999999999999
24.0,24.0,12.6,6.3,4.2,2.2333333333333334,1.675,1.34,1.1166666666666667,0.5583333333333333,2020-12-05,7,13.4
30.4,22.799999999999997,18.0,10.799999999999999,7.2,3.933333333333333,2.9499999999999997,2.36,1.9833333333333334,1.6500000000000001,2020-12-07,7,39.6
36.0,21.2,13.6,9.399999999999999,7.933333333333334,4.0,3.0,2.4,2.0,1.0,2020-12-08,7,24.0
31.2,26.4,16.6,9.6,6.3999999999999995,3.3333333333333335,2.8,2.44,2.066666666666667,1.0416666666666667,2020-12-10,7,25.0
25.6,25.200000000000003,12.600000000000001,6.300000000000001,4.2,2.1,1.5750000000000002,1.2600000000000002,1.05,0.525,2020-12-13,7,12.600000000000001
86.4,66.4,46.8,29.8,21.933333333333334,14.0,11.4,9.14,7.616666666666667,3.816666666666667,2020-12-25,7,91.6
3.2,2.8000000000000003,2.2,1.4000000000000001,1.4000000000000001,0.9666666666666667,0.925,0.78,0.7166666666666668,0.55,2020-12-27,7,13.2
29.6,27.200000000000003,19.200000000000003,10.0,6.733333333333333,4.8,3.825,3.5,3.266666666666666,1.6833333333333333,2021-01-02,7,40.400000000000006
70.4,46.0,29.8,18.200000000000003,15.66666666666667,8.533333333333333,6.55,5.28,4.4,2.3666666666666667,2021-02-05,7,56.8
56.8,33.6,21.599999999999998,12.9,10.533333333333333,5.3,3.975,3.2,2.733333333333333,1.375,2021-02-06,7,33.0
21.6,14.0,8.0,6.4,4.8,2.466666666666667,1.85,1.48,1.2333333333333334,0.6166666666666667,2021-02-08,7,14.8
14.4,9.2,7.2,5.2,3.8666666666666667,2.3,1.7249999999999999,1.38,1.1500000000000001,0.6,2021-02-13,7,14.399999999999999
22.4,19.6,14.0,11.2,8.933333333333334,4.466666666666667,3.35,2.68,2.2333333333333334,1.1166666666666667,2021-02-22,7,26.799999999999997
66.4,47.2,29.200000000000003,16.6,12.200000000000001,6.1000000000000005,4.575,3.66,3.0500000000000003,1.5250000000000001,2021-03-06,7,36.6
47.2,26.400000000000002,15.000000000000002,7.6000000000000005,5.066666666666667,2.5333333333333337,1.9000000000000001,1.52,1.2666666666666668,0.6333333333333334,2021-03-16,7,15.200000000000001
56.0,30.8,16.4,8.3,5.933333333333334,3.033333333333333,2.275,1.8199999999999998,1.5166666666666666,1.5,2021-03-30,7,36.0
17.6,17.200000000000003,11.0,5.8,3.9333333333333336,1.9666666666666668,1.475,1.28,1.0666666666666667,0.5333333333333333,2021-04-02,7,12.8
14.4,12.0,8.4,6.0,4.866666666666666,3.1666666666666665,2.5,2.38,2.1333333333333333,1.2333333333333334,2021-04-21,7,29.6
29.6,21.6,12.2,6.3,4.333333333333333,2.2,1.6500000000000001,1.32,1.1,0.5666666666666667,2021-04-27,7,13.600000000000001
16.0,12.8,11.0,7.6000000000000005,6.266666666666667,3.4333333333333336,2.625,2.38,1.9833333333333334,1.0083333333333333,2021-04-29,7,24.200000000000003
28.0,14.4,8.4,7.7,7.6000000000000005,4.833333333333333,3.625,2.9,2.4166666666666665,1.3083333333333333,2021-05-07,7,31.400000000000002
8.0,6.399999999999999,5.199999999999999,3.6999999999999997,2.533333333333333,1.6666666666666667,1.275,1.02,0.85,0.4916666666666667,2021-05-13,7,11.8
88.0,65.6,45.4,24.6,16.866666666666667,8.966666666666667,6.725,5.38,4.483333333333333,2.2416666666666667,2021-05-30,7,53.8
8.0,7.2,6.800000000000001,4.5,3.066666666666667,2.4333333333333336,1.85,1.48,1.25,0.7416666666666667,2021-08-12,7,17.8
8.8,8.8,7.6000000000000005,5.500000000000001,4.133333333333334,2.8000000000000003,2.1,1.6800000000000002,1.4000000000000001,0.7000000000000001,2021-08-29,7,16.8
13.6,9.2,5.0,3.9,2.9333333333333336,2.066666666666667,1.85,1.48,1.2833333333333334,0.6916666666666668,2021-08-31,7,16.6
8.0,6.3999999999999995,5.199999999999999,4.4,3.8666666666666667,2.766666666666667,2.275,1.9600000000000002,1.7833333333333334,0.9916666666666667,2021-10-11,7,23.800000000000004
6.4,6.0,4.8,4.3,3.6,3.0,2.725,2.2800000000000002,1.9000000000000001,0.9500000000000001,2021-10-20,7,22.800000000000004
35.2,24.8,12.4,6.2,4.133333333333334,2.1333333333333333,1.85,1.48,1.2666666666666668,0.6916666666666668,2021-10-24,7,16.600000000000005
7.2,6.4,6.2,5.3,5.133333333333334,4.3999999999999995,3.95,3.3600000000000003,2.866666666666667,1.5166666666666666,2021-11-01,7,36.400000000000006
4.0,3.2,2.6,2.0,1.5999999999999999,1.0,0.9,0.74,0.6166666666666667,0.6166666666666667,2021-11-02,7,14.8
4.8,4.0,4.0,3.3,2.6,1.5999999999999999,1.225,1.12,0.9500000000000001,0.47500000000000003,2021-11-11,7,11.4
7.2,5.6,5.199999999999999,4.3,3.266666666666667,1.9000000000000001,1.5,1.24,1.05,0.6,2021-11-19,7,14.399999999999999
24.0,15.600000000000001,10.600000000000001,7.5,5.866666666666667,4.1000000000000005,3.525,3.02,2.6,1.625,2021-12-07,7,39.0
13.6,11.6,9.2,4.8999999999999995,3.3333333333333335,2.0333333333333337,1.575,1.26,1.05,0.5416666666666666,2021-12-08,7,13.0
96.0,77.6,42.8,21.7,14.6,7.3,5.475,4.4,3.6666666666666665,1.8333333333333333,2021-12-12,7,44.00000000000001
48.8,27.599999999999998,15.2,7.8999999999999995,5.266666666666667,2.6333333333333333,1.9749999999999999,1.5799999999999998,1.3166666666666667,0.6583333333333333,2021-12-16,7,15.799999999999999
41.6,38.8,34.2,21.1,14.133333333333333,9.533333333333333,7.35,5.9,4.933333333333334,2.4833333333333334,2021-12-17,7,59.6
53.6,32.0,20.0,10.799999999999999,11.133333333333333,6.2,4.7,3.8600000000000003,3.216666666666667,1.6083333333333334,2021-12-23,7,38.599999999999994
78.4,68.4,47.4,28.8,20.333333333333332,10.9,8.225,6.58,5.483333333333333,2.75,2021-12-30,7,66.0
4.8,4.0,3.8,3.1999999999999997,2.466666666666667,1.4000000000000001,1.1,0.9199999999999999,0.7999999999999999,0.44166666666666665,2021-12-31,7,10.6
22.4,13.2,7.199999999999999,4.9,3.733333333333333,2.8333333333333335,2.4999999999999996,2.16,1.8833333333333335,1.575,2022-01-07,7,37.800000000000004
10.4,9.600000000000001,6.8,5.2,3.866666666666667,2.5000000000000004,2.925,2.68,2.25,1.7,2022-01-08,7,40.800000000000004
13.6,12.0,8.8,5.9,4.133333333333334,2.1999999999999997,1.675,1.34,1.1166666666666667,0.5666666666666667,2022-01-09,7,13.600000000000001
53.6,51.2,29.2,15.399999999999999,10.733333333333333,5.5,4.125,3.3,2.75,1.5833333333333333,2022-01-11,7,38.0
6.4,6.0,5.6,3.5,2.4,1.3,0.975,0.78,0.65,0.5416666666666666,2022-01-30,7,13.0
71.2,64.4,34.6,18.0,12.6,7.7,5.9750000000000005,4.84,4.033333333333333,2.0166666666666666,2022-02-07,7,48.4
8.0,6.4,5.8,4.4,3.4000000000000004,1.7666666666666666,1.325,1.06,0.8833333333333333,0.44166666666666665,2022-02-08,7,10.600000000000001
38.4,25.2,13.4,10.3,7.066666666666666,3.733333333333333,2.8,2.2399999999999998,1.8666666666666665,0.9333333333333332,2022-02-17,7,22.4
32.0,28.4,25.200000000000003,19.0,15.199999999999998,11.700000000000001,9.15,7.4,6.166666666666667,3.0833333333333335,2022-03-20,7,74.0
68.0,58.4,44.8,34.5,24.599999999999998,12.299999999999999,9.225,7.38,6.1499999999999995,3.2916666666666665,2022-03-31,7,79.0
40.0,39.2,27.799999999999997,19.7,13.866666666666667,8.533333333333333,6.6499999999999995,5.34,4.45,2.475,2022-04-01,7,59.400000000000006
11.2,9.6,8.2,5.2,3.6,2.0,1.575,1.28,1.0666666666666667,0.5499999999999999,2022-04-02,7,13.200000000000001
79.2,56.0,29.8,15.0,10.066666666666668,5.033333333333334,3.7750000000000004,3.0200000000000005,2.516666666666667,1.2583333333333335,2022-04-09,7,30.2
40.8,28.799999999999997,18.999999999999996,11.399999999999999,8.866666666666665,5.6000000000000005,4.2,3.3599999999999994,2.85,1.8833333333333335,2022-04-14,7,45.2
60.0,45.6,26.8,14.5,11.333333333333334,5.666666666666667,4.25,3.4,2.8333333333333335,1.4166666666666667,2022-04-29,7,34.0
33.6,19.2,12.8,8.9,6.866666666666667,4.866666666666666,4.925,4.6,4.266666666666667,2.983333333333333,2022-04-30,7,71.6
44.0,23.6,13.0,6.8,4.6,3.466666666666667,2.6,2.08,1.7333333333333334,0.8666666666666667,2022-05-04,7,20.8
40.8,20.799999999999997,13.0,6.6,5.6000000000000005,3.266666666666667,2.8000000000000003,2.24,1.866666666666667,0.9333333333333335,2022-05-16,7,22.4
5.6,3.2,2.6,2.1,2.0,1.7000000000000002,1.35,1.32,1.2166666666666668,0.625,2022-06-14,7,15.0
29.6,26.8,23.200000000000003,16.599999999999998,13.866666666666667,9.200000000000001,6.975,6.0,5.016666666666667,2.5083333333333333,2022-07-14,7,60.199999999999996
8.8,8.400000000000002,6.4,5.1,3.733333333333334,2.0333333333333337,1.575,1.26,1.05,0.525,2022-08-10,7,12.600000000000001
12.8,9.2,7.6000000000000005,5.0,3.9333333333333336,2.1666666666666665,2.025,1.92,1.8333333333333333,1.075,2022-08-11,7,25.8
4.8,4.8,4.0,3.9000000000000004,3.4000000000000004,2.1666666666666665,1.925,1.92,1.7,0.9,2022-09-16,7,21.6
8.0,7.6,7.199999999999999,5.3,4.933333333333334,3.4333333333333336,2.725,2.24,1.9166666666666667,1.0583333333333333,2022-09-28,7,25.4
6.4,5.2,3.8000000000000003,2.4,1.7333333333333334,1.1,1.1,0.9400000000000001,0.7833333333333333,0.4416666666666667,2022-09-29,7,10.6
17.6,16.4,12.2,7.4,5.066666666666666,2.533333333333333,1.9,1.52,1.2666666666666666,0.6333333333333333,2022-10-31,7,15.2
10.4,6.0,3.6,1.8,1.4666666666666668,1.0,1.0750000000000002,0.9400000000000001,0.8333333333333334,0.4583333333333333,2022-11-01,7,11.0
22.4,15.6,9.4,5.0,4.4,2.966666666666667,2.4,2.12,1.8,1.1916666666666667,2022-11-02,7,28.599999999999998
73.6,66.8,50.8,31.599999999999998,21.933333333333334,11.033333333333333,8.275,6.62,5.516666666666667,2.7583333333333333,2022-11-11,7,66.2
30.4,19.2,10.4,6.7,4.733333333333333,2.3666666666666667,1.775,1.42,1.1833333333333333,0.5916666666666667,2022-11-16,7,14.200000000000001
17.6,9.600000000000001,5.999999999999999,5.4,5.133333333333334,3.6666666666666665,2.75,2.2,1.8333333333333333,0.9166666666666666,2022-11-24,7,22.0
9.6,7.6000000000000005,5.8,3.6,2.8666666666666667,1.8666666666666665,1.5250000000000001,1.32,1.1,0.5583333333333333,2022-12-06,7,13.399999999999999
7.2,5.6000000000000005,4.6,3.7,3.3333333333333335,2.3666666666666667,2.275,2.0,1.6833333333333333,0.8416666666666667,2022-12-13,7,20.200000000000003
18.4,17.2,9.4,5.0,3.3333333333333335,2.1,1.825,1.56,1.3,0.6833333333333332,2022-12-18,7,16.4
6.4,6.0,5.6000000000000005,4.7,4.266666666666667,2.733333333333333,2.5,2.1799999999999997,1.866666666666667,0.9416666666666668,2022-12-20,7,22.599999999999998
8.8,7.600000000000001,7.0,5.4,5.533333333333334,3.5333333333333337,3.225,2.7199999999999998,2.3333333333333335,1.7000000000000002,2022-12-21,7,40.800000000000004
4.8,4.4,3.8000000000000003,3.7,3.466666666666667,2.0333333333333337,1.55,1.2600000000000002,1.1666666666666667,0.6,2023-01-05,7,14.4
3.2,3.2,2.6,1.7,1.6000000000000003,1.3666666666666665,1.25,1.24,1.1500000000000001,,2023-01-06,7,21.799999999999994
3.2,2.8,2.6,2.1,1.7999999999999998,1.7000000000000002,1.5750000000000002,1.36,1.1833333333333333,,2023-01-07,7,16.6
12.8,11.600000000000001,9.0,5.1000000000000005,3.6666666666666674,1.9333333333333333,1.45,1.1800000000000002,0.9833333333333334,0.8416666666666667,2023-01-09,7,20.200000000000003
34.4,20.4,12.2,7.1,5.3999999999999995,2.733333333333333,2.05,1.64,1.3666666666666665,0.6833333333333332,2023-01-29,7,16.400000000000002
52.0,30.8,16.2,8.4,5.666666666666667,2.8333333333333335,2.125,1.7,1.4166666666666667,0.7083333333333334,2023-01-30,7,17.0
102.4,77.6,54.2,31.900000000000002,23.933333333333334,14.199999999999998,10.899999999999999,8.76,7.3,3.65,2023-02-07,7,87.6
53.6,33.2,23.0,14.2,9.466666666666667,4.733333333333333,3.55,2.8400000000000003,2.3833333333333333,,2023-02-08,7,28.6
48.0,44.4,26.2,14.299999999999999,10.799999999999999,5.633333333333333,4.225,3.38,2.8166666666666664,1.4083333333333332,2023-02-10,7,33.8
80.0,70.0,51.800000000000004,27.599999999999998,19.6,10.266666666666667,7.7,6.16,5.133333333333334,2.566666666666667,2023-02-11,7,61.599999999999994
66.4,56.800000000000004,33.0,17.0,11.466666666666667,5.733333333333333,4.3,3.44,2.8666666666666667,1.4333333333333333,2023-02-13,7,34.400000000000006
28.8,26.4,17.2,10.700000000000001,7.333333333333333,3.6666666666666665,2.75,2.2,1.8333333333333333,,2023-02-28,7,22.0
131.2,105.6,61.8,31.5,21.8,11.066666666666668,8.3,6.640000000000001,5.533333333333334,2.766666666666667,2023-03-30,7,66.4
64.0,52.8,42.0,22.7,15.666666666666666,10.9,8.25,6.6,5.5,3.8666666666666667,2023-04-08,7,92.80000000000001
15.2,14.8,13.4,10.5,8.200000000000001,4.866666666666667,3.85,3.5199999999999996,3.016666666666667,1.7083333333333333,2023-04-09,7,41.0
6.4,5.6,4.8,3.8,3.533333333333333,1.9666666666666668,1.475,1.1800000000000002,0.9833333333333334,0.4916666666666667,2023-04-19,7,11.8
56.8,48.0,29.4,15.8,10.733333333333334,5.466666666666668,4.1000000000000005,3.3,2.75,1.375,2023-04-28,7,33.0
16.8,10.4,6.4,4.1,3.266666666666667,2.966666666666667,2.475,2.04,1.7166666666666668,,2023-05-10,7,20.6
19.2,17.2,11.399999999999999,6.6,4.733333333333333,2.433333333333333,1.8499999999999999,1.8,1.5666666666666667,0.8333333333333334,2023-05-29,7,20.0
8.0,4.4,3.4,1.9000000000000001,1.8,0.9333333333333332,0.775,0.8200000000000001,0.8666666666666667,0.5833333333333334,2023-08-26,7,14.0
8.8,7.6,6.8,6.000000000000001,5.733333333333333,4.0,3.05,2.44,2.0833333333333335,1.1666666666666667,2023-08-27,7,28.0
5.6,4.3999999999999995,4.2,3.4,3.266666666666667,1.8,1.35,1.08,0.9,,2023-08-29,7,12.199999999999998
12.8,8.0,6.2,5.2,4.266666666666667,3.266666666666667,2.575,2.2399999999999998,2.3000000000000003,,2023-10-01,7,28.6
8.8,8.0,6.800000000000001,5.5,4.333333333333333,2.2,1.6500000000000001,1.32,1.1,,2023-10-17,7,13.2
76.8,44.0,23.2,11.6,7.733333333333333,3.8666666666666667,2.9,2.32,1.9333333333333333,,2023-10-26,7,23.599999999999998
20.8,12.8,6.8,3.6,3.0,2.3666666666666667,2.05,1.64,1.3666666666666665,0.6833333333333332,2023-10-29,7,16.4
31.2,22.0,12.2,6.6,5.0,2.566666666666667,1.925,1.54,1.2833333333333334,0.6416666666666667,2023-11-03,7,15.399999999999999
20.0,18.0,15.4,9.2,6.133333333333333,3.0666666666666664,2.3,1.8399999999999999,1.5333333333333332,0.7666666666666666,2023-11-14,7,18.4
22.4,14.399999999999999,7.3999999999999995,6.2,4.133333333333334,2.066666666666667,1.55,1.24,1.0333333333333334,,2023-11-15,7,12.4
20.0,16.4,11.4,6.5,4.8,2.466666666666667,1.85,1.56,1.366666666666667,0.6833333333333335,2023-11-19,7,16.400000000000002
51.2,46.0,23.2,11.6,7.8,3.9,2.925,2.34,1.95,1.0333333333333334,2023-12-08,7,24.799999999999997
27.2,26.4,14.200000000000001,7.3,5.266666666666667,2.6333333333333333,1.975,1.58,1.3166666666666667,0.6666666666666666,2023-12-09,7,16.0
7.2,6.800000000000001,6.0,5.5,4.466666666666667,2.2333333333333334,1.675,1.34,1.1166666666666667,,2024-01-03,7,14.6
10.4,7.2,4.4,3.3,2.466666666666667,1.6666666666666667,1.575,1.3800000000000001,1.1500000000000001,,2024-01-04,7,13.8
30.4,20.4,14.0,9.7,7.533333333333334,6.066666666666666,5.725,4.58,3.8166666666666664,1.9666666666666666,2024-01-13,7,47.2
28.0,19.200000000000003,13.0,8.7,7.666666666666667,4.3999999999999995,3.375,3.18,2.6666666666666665,1.3333333333333333,2024-01-14,7,31.999999999999996
51.2,42.400000000000006,31.799999999999997,22.2,16.599999999999998,8.633333333333333,6.5,5.2,4.333333333333333,2.8000000000000003,2024-01-21,7,67.2
20.8,16.0,8.0,5.3,4.4,2.8000000000000003,2.1,1.6800000000000002,1.4000000000000001,0.8583333333333334,2024-01-22,7,20.6
16.0,12.8,7.6,6.3999999999999995,5.8,3.3000000000000003,3.2750000000000004,2.7,2.5500000000000003,1.7750000000000001,2024-01-23,7,42.60000000000001
6.4,5.6,5.3999999999999995,4.8,4.466666666666666,2.533333333333333,1.9,1.52,1.2666666666666666,0.6416666666666667,2024-01-28,7,15.399999999999999
56.8,48.0,33.2,17.599999999999998,11.933333333333332,6.0,4.5,3.6,3.0,1.5,2024-01-31,7,36.0
40.8,30.0,15.4,7.8,5.266666666666667,2.6333333333333333,1.9749999999999999,1.5799999999999998,1.3166666666666667,,2024-02-04,7,15.799999999999999
15.2,15.2,13.200000000000001,8.8,9.200000000000001,4.633333333333334,3.475,2.7800000000000002,2.316666666666667,1.1583333333333334,2024-02-14,7,27.8
20.8,20.400000000000002,17.6,11.4,8.133333333333335,4.666666666666667,4.025,4.18,4.066666666666666,3.25,2024-02-15,7,94.4
19.2,18.8,15.2,9.2,7.199999999999999,4.733333333333333,5.5249999999999995,4.82,4.05,2.025,2024-02-21,7,49.2
12.0,12.0,9.2,4.8,3.1999999999999997,1.6666666666666667,1.2750000000000001,1.02,0.8500000000000001,0.42500000000000004,2024-02-28,7,10.200000000000001
8.0,7.6,7.0,6.6000000000000005,6.2,4.7,4.675,4.08,3.6,1.8,2024-03-05,7,43.2
2.4,2.4,2.2,2.0999999999999996,2.066666666666667,1.7,1.425,1.24,1.05,0.525,2024-03-06,7,13.2
9.6,9.200000000000001,8.0,6.0,4.8,2.733333333333333,2.05,1.64,1.3666666666666665,0.6833333333333332,2024-03-09,7,16.400000000000002
13.6,13.2,12.0,10.7,9.6,8.566666666666666,7.35,6.5200000000000005,6.2,4.575,2024-03-22,7,153.40000000000003
5.6,4.8,4.2,3.3000000000000003,3.3333333333333335,1.9666666666666668,1.55,1.24,1.0333333333333334,0.6416666666666667,2024-03-23,7,19.799999999999997
7.2,6.800000000000001,6.2,4.7,3.5333333333333337,2.266666666666667,2.0500000000000003,1.6800000000000002,1.6666666666666667,1.0583333333333333,2024-03-24,7,36.4
2.4,2.4,2.2,1.6,1.3333333333333333,0.9,0.8500000000000001,0.74,0.6166666666666667,0.30833333333333335,2024-03-26,7,12.600000000000001
14.4,12.8,10.8,6.8,4.8,2.566666666666667,1.925,1.54,1.3333333333333333,0.6666666666666666,2024-03-27,7,16.0
4.8,4.4,3.0,1.9,1.4000000000000001,1.1666666666666667,0.9,0.78,0.7333333333333334,0.5666666666666667,2015-04-22,33,13.6
30.4,23.200000000000003,19.2,13.1,10.666666666666666,5.666666666666667,5.35,5.62,4.716666666666667,2.3666666666666667,2015-04-30,33,56.8
28.8,17.2,9.2,4.8,3.8000000000000003,2.1,1.575,1.3199999999999998,1.0999999999999999,0.5499999999999999,2015-05-08,33,13.200000000000001
12.0,11.2,8.4,8.200000000000001,7.400000000000001,6.233333333333333,5.45,4.9,4.216666666666667,2.816666666666667,2015-06-19,33,67.6
14.4,12.8,12.600000000000001,10.8,9.666666666666666,5.3,4.725,3.9,3.533333333333333,1.9000000000000001,2015-06-24,33,45.599999999999994
14.4,10.8,6.2,3.5,2.6,1.4333333333333333,1.075,0.86,0.7166666666666667,0.6666666666666666,2015-09-11,33,16.0
4.0,4.0,3.5999999999999996,2.8,2.266666666666667,1.366666666666667,1.0250000000000001,0.8200000000000001,0.6833333333333335,0.5083333333333334,2015-09-12,33,12.200000000000001
4.8,4.4,4.0,3.9000000000000004,3.3333333333333335,2.1333333333333333,1.675,1.4200000000000002,1.2,0.6416666666666667,2015-09-13,33,15.4
55.2,31.6,16.400000000000002,8.4,5.6000000000000005,2.8000000000000003,2.1,1.6800000000000002,1.4000000000000001,0.7000000000000001,2015-09-27,33,16.8
8.0,5.2,4.0,2.9000000000000004,3.066666666666667,1.9000000000000001,1.45,1.16,0.9666666666666667,0.5166666666666667,2015-10-29,33,12.399999999999999
5.6,5.199999999999999,5.199999999999999,4.9,3.533333333333333,1.7999999999999998,1.3499999999999999,1.0799999999999998,0.8999999999999999,0.5166666666666667,2015-11-02,33,12.399999999999999
10.4,9.2,7.8,4.9,3.4,1.8666666666666665,1.4,1.1199999999999999,0.9333333333333332,0.47500000000000003,2015-11-04,33,11.399999999999999
25.6,16.400000000000002,8.6,4.7,3.4000000000000004,2.6,1.9500000000000002,1.56,1.3,0.7916666666666666,2015-11-07,33,19.0
28.0,20.8,12.0,8.1,5.533333333333334,2.766666666666667,2.1,1.6800000000000002,1.4000000000000001,0.7000000000000001,2015-11-08,33,16.8
23.2,15.2,8.799999999999999,4.5,3.0,1.5,1.25,1.16,1.0,0.5,2015-11-21,33,12.0
40.0,32.8,19.200000000000003,9.9,6.733333333333334,3.5,2.625,2.1,1.75,0.9,2015-11-23,33,21.6
32.0,18.8,10.2,6.8,4.733333333333333,2.533333333333333,2.0,1.6,1.3333333333333333,0.6666666666666666,2015-11-29,33,16.0
17.6,17.200000000000003,10.0,6.4,4.266666666666667,2.6666666666666665,2.825,2.3600000000000003,1.9666666666666668,1.0416666666666667,2015-12-07,33,25.000000000000004
20.0,14.0,8.8,6.0,5.3999999999999995,3.1999999999999997,2.4,1.92,1.5999999999999999,0.7999999999999999,2015-12-12,33,19.2
32.0,23.2,11.799999999999999,5.8999999999999995,3.933333333333333,1.9666666666666666,1.4749999999999999,1.18,0.9833333333333333,0.49166666666666664,2015-12-16,33,11.799999999999999
16.8,14.4,11.2,8.9,6.733333333333333,3.466666666666667,2.6,2.08,1.7333333333333334,0.8666666666666667,2016-01-13,33,20.799999999999997
22.4,19.6,16.0,9.399999999999999,6.466666666666666,4.966666666666667,4.325,3.46,2.8833333333333333,1.4916666666666665,2016-01-15,33,35.8
23.2,21.2,16.6,13.7,12.733333333333334,7.233333333333333,5.7749999999999995,5.0,4.316666666666666,2.158333333333333,2016-01-16,33,51.8
14.4,10.4,6.2,3.5,3.4,2.066666666666667,1.7000000000000002,1.8199999999999998,1.6500000000000001,0.9750000000000001,2016-01-19,33,23.400000000000002
7.2,6.4,4.0,2.7,1.7999999999999998,1.2333333333333332,0.95,0.8800000000000001,0.8333333333333335,0.65,2016-01-22,33,15.6
19.2,14.8,11.200000000000001,6.5,4.466666666666667,2.2333333333333334,1.675,1.34,1.1166666666666667,0.5583333333333333,2016-02-15,33,13.4
62.4,32.8,16.4,8.2,5.533333333333334,3.0,2.25,1.8,1.5,0.7583333333333333,2016-02-16,33,18.2
38.4,29.2,14.799999999999999,7.3999999999999995,5.133333333333334,2.8666666666666667,2.15,1.72,1.4333333333333333,0.725,2016-02-17,33,17.4
64.0,47.6,28.8,14.5,9.666666666666666,4.833333333333333,3.625,2.9,2.4166666666666665,1.2083333333333333,2016-02-22,33,29.0
86.4,47.6,24.6,12.3,8.200000000000001,4.1000000000000005,3.075,2.46,2.0500000000000003,1.0250000000000001,2016-02-23,33,24.6
25.6,24.400000000000002,20.8,17.0,14.000000000000002,8.0,6.05,4.86,4.05,2.025,2016-02-29,33,48.6
121.6,114.8,89.6,55.800000000000004,40.4,20.533333333333335,15.399999999999999,13.2,11.616666666666667,5.808333333333334,2016-03-12,33,139.4
15.2,10.8,8.6,5.0,4.333333333333333,2.3333333333333335,1.75,1.4,1.1666666666666667,0.5833333333333334,2016-03-16,33,14.0
61.6,50.400000000000006,27.4,14.600000000000001,10.533333333333333,5.6000000000000005,4.2,3.3600000000000003,2.8000000000000003,1.4000000000000001,2016-03-23,33,33.6
7.2,5.2,4.0,3.7,2.466666666666667,1.6666666666666667,1.25,1.0,0.85,0.5083333333333333,2016-05-13,33,12.2
17.6,12.8,7.4,3.7,2.5333333333333337,1.5333333333333334,1.175,0.9800000000000001,0.8500000000000001,0.4833333333333334,2016-05-18,33,11.600000000000001
35.2,24.8,14.4,8.5,6.800000000000001,4.166666666666667,3.175,2.56,2.1333333333333333,1.075,2016-06-05,33,25.8
12.8,10.0,8.000000000000002,7.3,5.6000000000000005,3.466666666666667,3.0,2.4,2.0,1.2,2016-06-07,33,28.800000000000004
8.0,7.2,5.2,2.7,2.8666666666666667,1.8666666666666665,1.4,1.12,0.9333333333333332,0.875,2016-08-21,33,21.0
12.8,7.2,4.2,2.2,2.066666666666667,1.5333333333333332,1.375,1.26,1.1666666666666667,0.6749999999999999,2016-08-22,33,16.200000000000003
20.0,16.8,8.8,8.4,5.733333333333333,2.8666666666666667,2.15,1.72,1.4333333333333333,0.8916666666666667,2016-09-20,33,21.400000000000002
8.8,6.4,5.0,3.8000000000000003,2.8000000000000003,2.0000000000000004,1.725,1.5000000000000002,1.3,1.0083333333333333,2016-10-04,33,24.200000000000003
4.8,4.4,4.199999999999999,3.7,3.4000000000000004,2.0,1.5,1.2,1.0,0.5083333333333334,2016-10-05,33,12.2
11.2,9.6,7.4,5.2,3.733333333333334,2.966666666666667,2.475,2.2,1.9000000000000001,1.075,2016-11-04,33,25.8
15.2,13.6,9.4,7.199999999999999,5.533333333333334,3.1333333333333333,2.525,2.06,1.8,0.9416666666666668,2016-11-05,33,22.6
9.6,7.200000000000001,6.0,5.2,4.533333333333333,3.466666666666667,3.125,2.68,2.4833333333333334,1.6583333333333332,2016-11-13,33,39.80000000000001
5.6,4.4,4.2,3.4,2.733333333333333,2.1,1.8250000000000002,1.7,1.5166666666666668,0.8083333333333335,2016-11-14,33,19.4
8.0,6.800000000000001,5.000000000000001,3.0,2.2666666666666666,1.2333333333333334,0.925,0.8400000000000001,0.8833333333333333,0.5583333333333333,2016-11-18,33,13.4
56.8,56.0,29.0,14.5,9.666666666666666,4.833333333333333,3.625,2.9,2.4166666666666665,1.2083333333333333,2016-12-03,33,29.0
26.4,24.4,12.2,6.199999999999999,4.133333333333333,2.433333333333333,1.825,1.48,1.25,0.65,2016-12-04,33,15.6
42.4,42.0,25.6,18.6,13.200000000000001,6.633333333333333,4.975,3.9799999999999995,3.3166666666666664,1.675,2016-12-12,33,40.2
17.6,15.200000000000003,8.4,5.300000000000001,3.5333333333333337,3.3666666666666667,2.55,2.12,1.7666666666666668,1.2750000000000001,2016-12-14,33,30.6
9.6,5.6,3.3999999999999995,2.7,2.4,1.5666666666666667,1.2750000000000001,1.08,0.9,0.45,2016-12-17,33,10.8
21.6,14.0,7.0,4.2,2.8666666666666667,1.4666666666666668,1.7500000000000002,1.4200000000000002,1.1833333333333333,0.5916666666666667,2017-01-05,33,14.200000000000001
51.2,38.8,21.6,10.8,7.2,3.6,2.825,2.38,1.9833333333333334,0.9916666666666667,2017-01-12,33,23.800000000000004
38.4,30.4,24.6,16.7,11.533333333333333,5.766666666666667,4.4,3.5200000000000005,2.9333333333333336,1.4666666666666668,2017-01-13,33,35.199999999999996
69.6,69.19999999999999,37.4,18.7,12.466666666666667,6.233333333333333,4.675,3.7399999999999998,3.1166666666666667,1.5583333333333333,2017-01-16,33,37.4
42.4,34.4,18.0,9.0,6.066666666666666,4.166666666666667,3.125,2.5,2.0833333333333335,1.3166666666666667,2017-03-14,33,31.6
8.0,6.4,5.2,2.9,2.1333333333333333,1.5999999999999999,1.325,1.06,1.0666666666666667,0.8583333333333334,2017-03-18,33,20.6
8.8,6.8,4.6,3.4,2.6666666666666665,1.6333333333333335,1.325,1.16,0.9666666666666667,0.6583333333333333,2017-03-19,33,15.799999999999999
18.4,15.2,13.0,10.8,7.8,4.3999999999999995,3.325,2.66,2.216666666666667,1.1083333333333334,2017-03-20,33,26.6
27.2,22.4,16.2,9.5,6.466666666666666,3.4,2.575,2.06,1.7166666666666668,1.6416666666666666,2017-04-01,33,39.400000000000006
12.8,12.4,9.8,5.500000000000001,4.333333333333333,2.3000000000000003,1.725,1.3800000000000001,1.1500000000000001,0.6083333333333333,2017-04-07,33,14.599999999999998
15.2,10.0,5.0,4.3,3.266666666666667,1.9000000000000001,1.425,1.18,1.3499999999999999,0.6916666666666668,2017-04-08,33,16.6
15.2,13.2,9.799999999999999,7.199999999999999,6.066666666666666,3.1333333333333333,2.35,1.8800000000000001,1.5666666666666667,0.7833333333333333,2017-04-12,33,18.8
4.8,4.4,3.4,2.4000000000000004,1.7999999999999998,1.3,1.1500000000000001,1.06,0.9666666666666667,0.4916666666666667,2017-04-13,33,11.8
20.0,14.0,7.6,4.0,2.8666666666666667,2.3000000000000003,1.725,1.3800000000000001,1.1500000000000001,0.625,2017-04-18,33,15.0
5.6,4.4,3.0,2.9,2.6666666666666665,1.8666666666666665,1.575,1.3800000000000001,1.2333333333333332,0.8666666666666667,2017-04-23,33,20.799999999999997
8.0,6.0,5.2,4.2,3.4000000000000004,2.433333333333333,1.875,1.52,1.2666666666666668,0.6333333333333334,2017-04-28,33,15.200000000000001
10.4,8.8,5.8,4.199999999999999,3.6,3.033333333333333,2.625,2.32,2.033333333333333,1.0583333333333333,2017-05-19,33,25.400000000000002
39.2,33.2,23.400000000000002,13.700000000000001,9.266666666666667,4.633333333333334,3.475,2.7800000000000002,2.316666666666667,1.1583333333333334,2017-06-13,33,27.800000000000004
84.0,69.2,52.4,27.3,18.2,9.1,6.825,5.46,4.55,2.275,2017-06-19,33,54.60000000000001
70.4,62.0,51.6,26.4,19.933333333333334,15.833333333333334,11.9,9.52,7.933333333333334,7.008333333333333,2017-06-20,33,168.2
38.4,32.8,25.4,16.6,11.866666666666667,6.466666666666668,5.15,4.2,3.516666666666667,2.658333333333333,2017-06-21,33,63.800000000000004
26.4,13.6,6.8,3.4,2.2666666666666666,1.633333333333333,1.275,1.02,0.85,0.425,2017-07-01,33,10.200000000000001
11.2,8.399999999999999,4.199999999999999,2.4,2.1333333333333333,1.5,1.175,1.04,1.0333333333333334,0.7999999999999999,2017-07-02,33,19.2
4.0,3.6000000000000005,3.0,2.9000000000000004,2.6,2.0333333333333337,1.6500000000000001,1.36,1.1333333333333335,0.5666666666666668,2017-07-18,33,13.599999999999998
11.2,8.8,6.4,4.5,3.1333333333333333,1.7,1.425,1.1400000000000001,0.9500000000000001,0.47500000000000003,2017-08-05,33,11.399999999999999
6.4,5.6,5.0,3.9,3.2000000000000006,2.1333333333333333,1.625,1.3,1.1500000000000001,0.8666666666666667,2017-08-21,33,20.8
6.4,5.2,4.0,3.5000000000000004,2.466666666666667,1.5,1.1500000000000001,0.9800000000000001,0.8333333333333334,0.42500000000000004,2017-10-03,33,10.2
8.0,6.0,4.0,3.3,2.6,1.5666666666666667,1.3,1.22,1.0833333333333333,0.7166666666666667,2017-10-23,33,17.200000000000003
8.0,6.0,4.800000000000001,3.3999999999999995,2.6666666666666665,1.5333333333333334,1.325,1.14,1.1166666666666665,0.6416666666666667,2017-11-11,33,15.400000000000002
12.8,10.000000000000002,7.2,5.0,3.6666666666666665,3.066666666666667,2.7,2.76,2.4499999999999997,1.2916666666666667,2017-11-20,33,31.000000000000004
3.2,2.8000000000000003,2.2,1.9000000000000001,1.8,1.4666666666666668,1.1,0.8799999999999999,0.7666666666666667,0.45,2017-11-22,33,10.8
32.0,18.0,10.0,5.0,3.3333333333333335,1.7000000000000002,1.675,1.34,1.1333333333333333,0.5666666666666667,2017-11-28,33,13.600000000000001
42.4,25.2,13.799999999999999,8.7,5.933333333333334,3.0,2.25,1.8,1.5,0.75,2017-12-21,33,18.0
30.4,22.799999999999997,12.2,6.1,4.066666666666666,2.033333333333333,1.525,1.22,1.0166666666666666,0.5083333333333333,2017-12-23,33,12.2
40.0,27.200000000000003,14.8,7.6000000000000005,5.066666666666667,2.5333333333333337,1.9000000000000001,1.52,1.2666666666666668,1.0750000000000002,2017-12-24,33,25.8
17.6,17.200000000000003,13.6,6.8999999999999995,5.133333333333334,2.6,2.0,1.6,1.3333333333333333,0.6749999999999999,2017-12-29,33,16.200000000000003
24.0,16.4,9.2,7.0,4.666666666666667,2.5,1.875,1.5,1.25,0.625,2018-01-03,33,15.000000000000002
10.4,8.0,6.2,4.3,3.6,2.733333333333334,2.525,2.08,1.8,0.9666666666666667,2018-01-04,33,23.200000000000003
51.2,40.0,20.2,10.8,8.333333333333334,4.3,3.225,2.58,2.1500000000000004,1.375,2018-01-07,33,33.0
12.8,9.600000000000001,6.800000000000001,3.5999999999999996,3.4,2.6333333333333333,2.0,1.6,1.3333333333333333,0.8583333333333334,2018-01-08,33,20.6
28.0,14.8,9.8,5.500000000000001,3.733333333333333,2.766666666666667,2.5,2.1000000000000005,2.2,1.1583333333333334,2018-01-26,33,27.800000000000004
28.0,25.6,22.999999999999996,20.8,18.866666666666664,15.066666666666668,13.325,11.22,10.450000000000001,5.483333333333333,2018-01-27,33,131.6
8.8,6.800000000000001,4.8,3.8000000000000003,3.6,2.6,1.95,1.6599999999999997,1.4166666666666667,0.7583333333333333,2018-01-30,33,18.200000000000003
4.0,4.0,3.0,2.2,1.9333333333333336,1.5000000000000002,1.3250000000000002,1.1400000000000001,1.0,0.5583333333333333,2018-02-05,33,13.4
107.2,106.80000000000001,73.2,38.1,25.400000000000002,12.733333333333334,9.55,7.640000000000001,6.366666666666667,3.1833333333333336,2018-02-15,33,76.4
74.4,68.80000000000001,48.800000000000004,27.900000000000002,18.6,9.3,6.9750000000000005,5.58,4.65,2.325,2018-02-21,33,55.8
12.0,9.600000000000001,8.8,6.0,4.0,2.0,1.5,1.2,1.0,0.5166666666666667,2018-02-22,33,12.4
54.4,47.599999999999994,32.6,16.5,11.133333333333333,6.733333333333333,5.725,4.62,3.85,2.375,2018-02-23,33,57.0
33.6,28.0,17.6,9.0,6.0,3.0,2.25,1.86,1.55,0.775,2018-02-27,33,18.6
10.4,9.2,6.3999999999999995,3.6000000000000005,3.1333333333333333,1.9000000000000001,1.5999999999999999,1.3199999999999998,1.1166666666666667,0.5583333333333333,2018-03-08,33,13.400000000000002
7.2,5.6,4.8,3.9000000000000004,2.9333333333333336,2.4,2.15,2.06,1.7166666666666668,0.9916666666666667,2018-03-22,33,23.8
69.6,42.0,28.0,16.699999999999996,11.733333333333333,6.466666666666666,4.85,3.88,3.233333333333333,1.6666666666666667,2018-04-03,33,40.0
30.4,15.2,7.6,3.9,2.8000000000000003,1.4333333333333333,1.75,1.54,1.2833333333333334,0.7166666666666667,2018-04-15,33,17.2
10.4,7.2,5.4,3.3000000000000003,2.3333333333333335,1.3333333333333333,1.0250000000000001,0.8200000000000001,0.6833333333333335,0.42500000000000004,2018-04-16,33,10.200000000000001
10.4,6.800000000000001,4.4,3.4,2.733333333333333,1.6666666666666667,1.25,1.0,0.8333333333333334,0.4166666666666667,2018-05-08,33,10.000000000000002
30.4,25.2,13.2,7.0,4.733333333333333,2.3666666666666667,1.775,1.42,1.1833333333333333,0.5916666666666667,2018-05-19,33,14.200000000000001
24.0,15.600000000000001,9.0,4.9,3.266666666666667,1.7333333333333334,1.35,1.08,0.9,0.45,2018-06-18,33,10.8
17.6,16.0,12.4,8.6,6.066666666666667,4.866666666666667,3.8000000000000003,3.06,2.5500000000000003,1.2750000000000001,2018-08-01,33,30.6
10.4,6.800000000000001,4.199999999999999,2.2,2.466666666666667,1.4666666666666668,1.6,1.28,1.0666666666666667,0.5333333333333333,2018-08-06,33,12.8
7.2,5.6,4.6,3.4,2.8000000000000003,1.6666666666666667,1.25,1.0,0.8333333333333334,0.4166666666666667,2018-09-14,33,10.0
23.2,19.2,10.2,5.1,3.4,1.7,1.275,1.02,0.85,0.4333333333333333,2018-09-18,33,10.399999999999999
14.4,8.8,5.0,2.8,2.1999999999999997,1.6333333333333335,1.375,1.1800000000000002,1.0,0.5,2018-10-05,33,12.0
13.6,9.2,5.4,4.8,4.133333333333334,2.3333333333333335,1.75,1.4,1.1666666666666667,0.5833333333333334,2018-10-06,33,14.0
26.4,24.799999999999997,13.4,9.200000000000001,7.666666666666667,4.7,3.525,2.82,2.35,1.175,2018-10-10,33,28.2
5.6,5.199999999999999,4.4,3.9,3.4,1.9666666666666668,1.475,1.1800000000000002,0.9833333333333334,0.4916666666666667,2018-10-19,33,11.799999999999999
16.0,13.6,11.799999999999999,7.7,5.533333333333332,2.766666666666666,2.0749999999999997,1.6599999999999997,1.383333333333333,0.6916666666666665,2018-11-07,33,16.6
19.2,15.199999999999998,12.600000000000001,9.999999999999998,7.933333333333334,6.266666666666666,5.25,4.4,3.766666666666667,2.2666666666666666,2018-11-08,33,54.400000000000006
7.2,6.800000000000001,6.800000000000001,5.0,4.733333333333333,3.733333333333334,3.0250000000000004,2.68,2.2833333333333337,1.2583333333333333,2018-11-19,33,30.200000000000003
8.0,6.8,4.8,2.6,2.1333333333333333,1.2,1.05,0.8800000000000001,0.8000000000000002,0.44166666666666665,2018-11-20,33,10.6
20.0,18.0,14.2,13.299999999999999,11.200000000000001,5.8999999999999995,5.675,4.54,3.8000000000000003,1.9416666666666667,2018-11-26,33,46.6
12.0,10.8,7.0,4.2,2.8000000000000003,1.9333333333333333,1.475,1.2399999999999998,1.0333333333333334,0.5333333333333333,2018-12-07,33,12.8
6.4,4.4,4.0,2.4999999999999996,2.1333333333333333,1.9333333333333336,1.6500000000000001,1.4,1.1666666666666667,0.6333333333333334,2018-12-08,33,15.2
30.4,29.6,24.8,14.4,9.6,4.8999999999999995,4.05,3.3200000000000003,2.816666666666667,1.4666666666666668,2018-12-24,33,35.2
52.0,50.0,31.4,18.7,13.200000000000001,7.066666666666666,5.325,4.26,3.5500000000000003,1.7750000000000001,2019-01-25,33,42.60000000000001
10.4,7.999999999999999,7.6,5.1,3.866666666666667,3.4000000000000004,3.1999999999999997,2.7199999999999998,2.2666666666666666,1.175,2019-02-04,33,28.200000000000003
17.6,14.8,9.6,5.3,3.6666666666666674,2.6666666666666665,2.05,1.7399999999999998,1.4833333333333334,0.9249999999999999,2019-02-05,33,22.2
64.0,42.0,26.4,20.5,15.533333333333333,8.9,6.675,5.34,4.45,2.225,2019-02-06,33,53.400000000000006
24.8,19.2,13.4,8.0,5.333333333333333,2.6666666666666665,2.0,1.6,1.3333333333333333,0.6666666666666666,2019-02-12,33,16.0
26.4,25.6,24.0,16.4,12.200000000000001,10.466666666666667,8.55,7.0,5.883333333333333,2.975,2019-02-13,33,71.39999999999999
64.8,38.0,21.8,11.0,7.466666666666668,3.733333333333334,2.8000000000000003,2.24,1.866666666666667,0.9333333333333335,2019-02-17,33,22.4
11.2,9.6,8.6,4.5,3.0,1.9333333333333333,1.45,1.16,0.9666666666666667,0.65,2019-02-28,33,15.600000000000001
99.2,81.2,43.8,27.1,20.400000000000002,11.966666666666667,8.975,7.18,5.983333333333333,2.9916666666666667,2019-03-01,33,71.8
5.6,4.0,3.5999999999999996,3.2,2.733333333333333,1.5,1.125,0.9199999999999999,0.9166666666666666,0.5083333333333333,2019-03-02,33,12.2
113.6,80.4,51.8,27.0,18.066666666666666,9.066666666666666,6.8,5.4399999999999995,4.533333333333333,2.2666666666666666,2019-03-03,33,54.4
44.8,39.2,20.2,10.1,6.733333333333333,3.3666666666666667,2.525,2.02,1.6833333333333333,0.8416666666666667,2019-03-06,33,20.200000000000003
51.2,36.8,22.400000000000002,12.5,8.4,4.7,3.575,2.88,2.4,1.2,2019-03-11,33,28.8
42.4,25.6,15.600000000000001,8.1,5.3999999999999995,2.6999999999999997,2.175,1.7399999999999998,1.45,0.7333333333333333,2019-03-16,33,17.6
34.4,26.4,14.0,9.9,6.6000000000000005,3.3000000000000003,2.475,1.98,1.6500000000000001,0.8250000000000001,2019-03-19,33,19.8
24.0,16.8,10.6,5.799999999999999,4.0,2.0,1.5,1.2,1.0,0.975,2019-03-20,33,23.4
16.8,15.600000000000001,12.799999999999999,9.200000000000001,7.066666666666667,5.6000000000000005,4.5249999999999995,3.6399999999999997,3.0500000000000003,2.1999999999999997,2019-03-21,33,52.800000000000004
36.8,25.599999999999998,15.399999999999999,7.699999999999999,5.199999999999999,2.6333333333333333,2.3499999999999996,1.8799999999999997,1.5666666666666664,0.7833333333333332,2019-03-28,33,18.8
26.4,20.0,14.0,7.3999999999999995,4.933333333333334,2.533333333333333,1.9249999999999998,1.56,1.3333333333333333,0.7666666666666666,2019-03-29,33,18.4
95.2,92.80000000000001,68.8,41.2,27.8,16.333333333333332,12.25,9.8,8.166666666666666,4.083333333333333,2019-04-08,33,98.0
69.6,52.4,29.0,17.5,13.4,9.1,8.025,7.0200000000000005,5.983333333333334,3.7583333333333333,2019-04-09,33,90.19999999999999
52.0,33.2,20.0,14.3,12.533333333333333,8.066666666666666,7.675,6.220000000000001,5.183333333333334,2.9916666666666667,2019-04-10,33,71.8
36.0,25.2,14.8,7.6,6.133333333333333,3.3666666666666667,2.525,2.02,1.6833333333333333,0.8416666666666667,2019-04-28,33,20.2
29.6,22.400000000000002,17.8,11.1,8.000000000000002,4.733333333333333,3.65,2.92,2.433333333333333,1.8,2019-05-07,33,43.2
24.8,24.0,13.0,6.7,7.266666666666667,5.066666666666667,3.8000000000000003,3.1,2.6833333333333336,1.6166666666666665,2019-05-15,33,38.8
40.0,35.6,19.400000000000002,11.4,8.6,4.866666666666666,3.65,2.92,2.433333333333333,1.4166666666666667,2019-05-16,33,34.0
6.4,6.0,4.4,3.0,2.733333333333334,2.066666666666667,1.6500000000000001,1.3800000000000001,1.1833333333333333,0.65,2019-05-17,33,15.600000000000001
42.4,30.4,19.8,10.0,6.666666666666667,3.3666666666666667,2.525,2.02,1.6833333333333333,0.8416666666666667,2019-06-02,33,20.199999999999996
5.6,3.5999999999999996,3.2,2.3,2.066666666666667,1.5999999999999999,1.4000000000000001,1.1400000000000001,0.9500000000000001,0.5416666666666666,2019-06-04,33,13.0
12.8,8.0,5.8,3.2,2.1333333333333333,1.4666666666666668,1.1,0.9199999999999999,0.85,0.6083333333333333,2019-06-05,33,14.600000000000001
66.4,64.80000000000001,40.6,23.2,15.666666666666666,7.833333333333333,5.875,4.7,3.9166666666666665,1.9583333333333333,2019-06-20,33,47.0
4.0,4.0,3.4,3.1,2.8000000000000003,1.8666666666666665,1.5,1.2600000000000002,1.1500000000000001,0.7666666666666667,2019-07-05,33,18.400000000000002
4.8,4.0,3.4,2.8000000000000003,2.266666666666667,1.4000000000000001,1.1500000000000001,1.1,0.9500000000000001,0.7416666666666667,2019-08-04,33,17.8
14.4,8.4,4.6,2.5,1.8,0.9,0.675,0.54,0.5666666666666667,0.4583333333333333,2019-08-14,33,11.000000000000002
4.8,3.2,2.2,1.9,1.8,1.3333333333333333,1.1500000000000001,1.1,1.0666666666666667,0.5916666666666667,2019-09-05,33,14.2
5.6,4.4,3.8,3.3000000000000003,3.1333333333333333,2.3666666666666667,2.1500000000000004,1.86,1.5999999999999999,0.9083333333333333,2019-09-22,33,21.8
4.0,3.2,2.4,1.5,1.2666666666666668,1.0333333333333334,0.95,0.9200000000000002,0.9,0.5666666666666668,2019-09-26,33,13.600000000000001
11.2,7.6000000000000005,6.4,5.5,4.6000000000000005,4.133333333333334,3.3000000000000003,2.68,2.283333333333333,1.1833333333333333,2019-10-09,33,28.4
63.2,49.2,30.2,19.9,15.0,8.266666666666667,7.074999999999999,6.0200000000000005,5.616666666666667,2.858333333333333,2019-11-11,33,68.6
9.6,8.8,8.4,5.5,3.733333333333334,2.0,1.5,1.2,1.0,0.5083333333333334,2019-11-19,33,12.2
10.4,8.8,6.8,4.7,3.1333333333333333,2.0,1.5,1.2,1.0,0.5,2019-11-23,33,12.0
4.8,3.9999999999999996,3.4000000000000004,2.6,2.3333333333333335,1.8333333333333333,1.5000000000000002,1.24,1.0333333333333334,0.5166666666666667,2019-11-28,33,12.4
32.8,22.4,17.6,9.799999999999999,6.6000000000000005,3.3000000000000003,2.475,1.98,1.6500000000000001,0.8250000000000001,2019-12-05,33,19.799999999999997
5.6,5.6,5.3999999999999995,4.4,3.3333333333333335,1.7,1.2750000000000001,1.04,0.8666666666666667,0.43333333333333335,2019-12-10,33,10.4
13.6,12.0,7.4,5.6,4.133333333333334,2.2666666666666666,1.7,1.3599999999999999,1.1333333333333333,0.5666666666666667,2019-12-22,33,13.600000000000001
48.0,34.0,19.400000000000002,10.2,7.0,4.166666666666667,3.325,2.84,2.3666666666666667,1.2333333333333332,2019-12-23,33,29.6
16.0,12.8,10.0,5.1,3.4,1.7333333333333334,1.3,1.04,0.8666666666666667,0.4666666666666666,2019-12-24,33,11.2
59.2,44.8,24.000000000000004,12.5,8.333333333333334,4.633333333333334,3.525,2.82,2.35,1.175,2020-01-03,33,28.200000000000003
13.6,12.8,9.4,6.0,4.333333333333333,2.4999999999999996,1.975,1.6600000000000001,1.4000000000000001,0.7666666666666666,2020-01-13,33,18.4
7.2,6.0,4.2,3.1,2.3333333333333335,1.666666666666667,1.55,1.32,1.1666666666666667,0.7166666666666667,2020-01-17,33,17.200000000000003
31.2,24.799999999999997,16.6,10.299999999999999,7.6000000000000005,5.666666666666667,4.25,3.4,2.8333333333333335,1.4166666666666667,2020-02-03,33,34.0
80.0,68.8,44.0,23.5,16.0,8.033333333333333,6.074999999999999,4.88,4.083333333333333,2.0416666666666665,2020-02-05,33,49.0
51.2,41.199999999999996,32.2,19.599999999999998,15.133333333333333,8.6,6.55,5.24,4.366666666666666,2.183333333333333,2020-02-10,33,52.4
32.0,20.4,12.0,8.2,7.3999999999999995,4.266666666666667,3.35,2.92,2.533333333333333,1.5166666666666666,2020-02-11,33,36.4
4.8,4.8,3.4,2.4000000000000004,2.066666666666667,1.0666666666666667,1.0,0.8600000000000001,0.7333333333333334,0.5,2020-02-12,33,12.0
29.6,22.400000000000002,21.6,13.1,8.733333333333333,4.366666666666666,3.275,2.62,2.183333333333333,1.0916666666666666,2020-02-16,33,26.200000000000003
34.4,29.2,20.8,11.700000000000001,7.866666666666667,5.3,3.975,3.18,2.65,1.325,2020-02-21,33,31.8
6.4,6.0,5.6,5.0,4.2,2.3666666666666667,1.775,1.42,1.1833333333333333,0.625,2020-02-22,33,15.0
25.6,19.2,13.4,9.600000000000001,7.933333333333334,5.6000000000000005,4.2,3.3600000000000003,2.8000000000000003,1.4000000000000001,2020-02-29,33,33.6
22.4,17.2,13.200000000000001,10.9,9.866666666666665,7.266666666666667,6.525,5.6,4.666666666666667,2.975,2020-03-01,33,71.4
5.6,4.8,3.2,2.5,1.9333333333333336,1.7000000000000002,1.4500000000000002,1.3800000000000001,1.366666666666667,0.9583333333333334,2020-03-02,33,23.0
20.0,20.0,14.8,9.399999999999999,7.933333333333334,4.2,3.15,2.52,2.1,1.05,2020-03-20,33,25.200000000000003
4.8,4.4,3.0,1.7999999999999998,1.7333333333333334,1.0666666666666667,0.875,0.8,0.7166666666666667,0.47500000000000003,2020-03-21,33,11.399999999999999
20.8,17.2,12.0,6.5,4.866666666666667,3.1333333333333333,2.35,1.8800000000000001,1.5666666666666667,0.7833333333333333,2020-05-02,33,18.8
25.6,20.8,16.400000000000002,11.7,8.733333333333334,5.466666666666668,4.175,3.3600000000000003,2.8000000000000003,1.4333333333333333,2020-05-07,33,34.4
16.0,11.6,8.200000000000001,5.699999999999999,4.6000000000000005,2.533333333333333,1.9,1.52,1.2666666666666666,0.6333333333333333,2020-05-14,33,15.2
10.4,7.200000000000001,4.4,3.0,2.6666666666666665,1.8333333333333333,1.5,1.32,1.2,0.6083333333333333,2020-05-15,33,14.6
6.4,5.6,4.4,3.0,2.4,1.8,1.35,1.08,0.9333333333333335,0.46666666666666673,2020-05-24,33,11.2
12.8,10.8,9.4,6.000000000000001,4.466666666666666,3.266666666666667,3.0250000000000004,3.2,2.983333333333333,1.7666666666666666,2020-07-30,33,42.400000000000006
28.8,22.4,22.200000000000003,18.9,16.400000000000002,11.5,9.125,7.359999999999999,6.166666666666667,3.3249999999999997,2020-08-21,33,79.8
19.2,12.400000000000002,10.0,7.9,7.066666666666667,6.0,5.9,5.4,5.416666666666667,2.9166666666666665,2020-08-22,33,70.0
9.6,8.8,7.6,6.6,5.2,2.6,1.95,1.56,1.3,0.6916666666666665,2020-09-21,33,16.6
24.0,22.4,19.400000000000002,18.5,16.066666666666666,10.933333333333335,10.55,10.34,9.65,6.366666666666667,2020-09-22,33,152.79999999999998
9.6,7.199999999999999,4.6,4.2,3.1333333333333333,2.066666666666667,1.55,1.24,1.0333333333333334,0.9416666666666668,2020-10-04,33,22.6
37.6,26.0,19.4,14.6,12.066666666666668,10.200000000000001,8.125,6.640000000000001,5.55,2.783333333333333,2020-10-30,33,66.8
7.2,6.0,5.0,3.9000000000000004,3.466666666666667,2.033333333333333,2.075,1.72,1.4333333333333336,0.875,2020-10-31,33,21.0
20.8,10.8,6.2,5.9,4.0,2.0,1.5,1.72,1.4333333333333333,0.7166666666666667,2020-11-05,33,17.200000000000003
17.6,16.4,13.8,11.8,8.733333333333334,4.4,3.3000000000000003,2.64,2.2,1.225,2020-11-18,33,29.4
7.2,6.4,6.0,5.7,5.0,3.266666666666667,2.5,2.0,1.6666666666666667,1.0333333333333334,2020-11-19,33,24.8
7.2,6.0,5.3999999999999995,3.8,3.4000000000000004,2.3333333333333335,1.95,1.6600000000000001,1.4666666666666668,0.8666666666666667,2020-11-20,33,20.8
25.6,22.8,15.600000000000001,8.0,5.333333333333333,2.6666666666666665,2.0,1.6,1.3333333333333333,0.6666666666666666,2020-12-01,33,16.0
7.2,7.2,5.8,3.7,2.6,1.6666666666666667,1.25,1.04,0.8666666666666667,0.43333333333333335,2020-12-05,33,10.4
10.4,6.4,4.2,2.9000000000000004,2.266666666666667,1.5666666666666667,1.225,1.0,0.8333333333333334,0.4166666666666667,2020-12-06,33,10.0
40.8,30.4,22.0,12.9,8.6,4.7,3.525,2.82,2.3666666666666667,1.95,2020-12-07,33,46.8
25.6,15.600000000000001,10.8,6.9,6.2,3.1999999999999997,2.4,1.92,1.5999999999999999,0.7999999999999999,2020-12-08,33,19.2
18.4,13.999999999999996,11.0,7.1,4.733333333333333,3.066666666666667,2.575,2.24,2.0,1.0083333333333333,2020-12-10,33,24.200000000000003
36.8,20.0,10.0,5.1,3.4,1.7,1.275,1.02,0.85,0.425,2020-12-13,33,10.2
4.8,4.4,3.8,2.5,2.2,1.4000000000000001,1.075,1.0399999999999998,0.8833333333333333,0.4666666666666666,2020-12-22,33,11.2
72.8,64.4,44.800000000000004,27.299999999999997,20.2,12.166666666666666,10.100000000000001,8.18,6.816666666666666,3.4416666666666664,2020-12-25,33,82.6
3.2,2.8,2.4,1.7,1.5333333333333332,1.0333333333333334,0.9500000000000001,0.8,0.8166666666666668,0.6,2020-12-27,33,14.399999999999999
60.0,46.8,29.6,15.600000000000001,10.666666666666666,7.0,5.975,5.140000000000001,4.883333333333334,2.5749999999999997,2021-01-02,33,61.8
40.0,25.6,14.4,7.4,5.533333333333332,3.033333333333333,2.35,1.8800000000000001,1.5666666666666667,0.7833333333333333,2021-01-03,33,18.8
76.8,49.599999999999994,40.0,22.900000000000002,18.666666666666664,10.4,7.95,6.38,5.316666666666666,2.841666666666667,2021-02-05,33,68.2
51.2,36.400000000000006,22.6,14.4,11.066666666666668,5.566666666666666,4.175000000000001,3.34,2.8666666666666667,1.4333333333333333,2021-02-06,33,34.400000000000006
5.6,5.199999999999999,5.199999999999999,4.3,3.6,2.1999999999999997,1.65,1.3199999999999998,1.0999999999999999,0.5750000000000001,2021-02-13,33,13.799999999999999
38.4,27.2,16.4,10.100000000000001,6.933333333333334,3.466666666666667,2.6,2.08,1.7333333333333334,0.8666666666666667,2021-02-22,33,20.799999999999997
35.2,32.0,20.200000000000003,11.8,9.866666666666667,4.933333333333334,3.7,2.96,2.466666666666667,1.2333333333333334,2021-03-06,33,29.6
53.6,29.2,15.6,8.399999999999999,5.866666666666666,2.966666666666667,2.225,1.78,1.4833333333333334,1.4749999999999999,2021-03-30,33,35.4
8.0,5.6,3.8,2.8000000000000003,2.2666666666666666,1.6333333333333335,1.4,1.2799999999999998,1.1333333333333333,0.5750000000000001,2021-04-13,33,13.799999999999999
18.4,14.8,10.200000000000001,6.3,5.2,4.633333333333334,3.875,3.4,3.066666666666667,1.7916666666666667,2021-04-21,33,43.0
9.6,8.0,6.8,4.3999999999999995,3.0,1.5999999999999999,1.2,0.96,0.7999999999999999,0.4166666666666667,2021-04-27,33,10.0
9.6,8.4,6.800000000000001,6.1,5.333333333333333,3.233333333333333,2.5,2.24,1.866666666666667,1.0416666666666667,2021-04-29,33,25.0
31.2,26.8,18.6,13.7,11.800000000000002,6.133333333333334,4.65,3.8,3.4500000000000006,1.991666666666667,2021-05-07,33,47.8
10.4,7.2,5.3999999999999995,3.8,2.533333333333333,2.0,1.525,1.22,1.0166666666666666,0.6416666666666667,2021-05-13,33,15.399999999999999
64.8,47.599999999999994,27.4,15.6,11.4,6.166666666666667,4.625,3.7,3.0833333333333335,1.5416666666666667,2021-05-30,33,37.0
12.0,9.2,6.0,3.3000000000000003,2.3333333333333335,1.2,0.9,0.86,0.9666666666666667,0.6,2021-07-28,33,14.4
6.4,5.6,4.0,2.5,1.6666666666666667,1.5999999999999999,1.2,0.96,0.7999999999999999,0.6083333333333333,2021-08-12,33,14.600000000000001
4.0,4.0,3.2,2.4000000000000004,2.1333333333333333,1.6666666666666667,1.425,1.2,1.0,0.5166666666666667,2021-08-13,33,12.399999999999999
7.2,6.4,5.8,5.6000000000000005,4.266666666666667,2.966666666666667,2.25,1.8,1.5,0.75,2021-08-29,33,18.0
15.2,12.399999999999999,6.8,4.6,3.466666666666667,2.6333333333333333,2.4250000000000003,2.0,1.7666666666666666,1.1166666666666667,2021-08-31,33,26.8
4.0,3.6,3.2,3.0,2.2,1.6333333333333335,1.225,0.9800000000000001,0.8333333333333334,0.425,2021-09-22,33,10.2
5.6,4.8,3.8,3.0,2.8000000000000003,2.2,1.875,1.6800000000000002,1.5666666666666667,0.9,2021-10-11,33,21.6
7.2,6.0,4.8,4.2,3.7999999999999994,3.3333333333333335,2.9,2.48,2.066666666666667,1.0333333333333334,2021-10-20,33,24.8
20.8,12.8,6.4,3.2,2.1333333333333333,1.2,1.25,1.0,0.8666666666666667,0.5083333333333334,2021-10-24,33,12.2
6.4,6.0,5.199999999999999,4.699999999999999,4.6000000000000005,4.2,3.775,3.22,2.7833333333333337,1.4416666666666667,2021-11-01,33,34.599999999999994
5.6,4.4,3.8,3.3,2.8666666666666667,1.6666666666666667,1.3,1.08,0.9333333333333332,0.4666666666666666,2021-11-11,33,11.2
8.0,6.0,5.4,4.3999999999999995,3.4,2.0,1.55,1.28,1.0833333333333333,0.6,2021-11-19,33,14.4
40.0,28.4,18.8,11.100000000000001,8.266666666666667,6.066666666666666,5.55,4.58,3.8499999999999996,2.45,2021-12-07,33,58.8
19.2,14.8,12.2,6.5,4.333333333333333,2.733333333333333,2.0749999999999997,1.6599999999999997,1.5499999999999998,0.7833333333333333,2021-12-08,33,18.8
84.0,60.8,35.8,18.4,12.399999999999999,6.199999999999999,4.6499999999999995,3.7199999999999998,3.1166666666666667,1.5583333333333333,2021-12-12,33,37.400000000000006
57.6,57.199999999999996,45.6,31.3,24.0,12.566666666666668,10.275,8.379999999999999,6.983333333333333,3.5250000000000004,2021-12-17,33,84.6
7.2,4.4,2.8000000000000003,1.6,1.5999999999999999,1.0666666666666667,0.9,0.9,0.8000000000000002,0.47500000000000003,2021-12-23,33,11.4
66.4,52.0,32.4,17.500000000000004,14.466666666666669,8.433333333333334,6.325,5.0600000000000005,4.216666666666667,2.1166666666666667,2021-12-30,33,50.800000000000004
5.6,4.0,3.2,2.5999999999999996,2.066666666666667,1.2666666666666666,0.975,0.82,0.7166666666666667,0.425,2021-12-31,33,10.2
18.4,10.399999999999999,6.3999999999999995,3.2,3.6666666666666665,2.8333333333333326,2.6750000000000003,2.2399999999999998,1.9333333333333333,1.4916666666666665,2022-01-07,33,35.8
26.4,16.0,13.600000000000001,11.0,9.0,6.1000000000000005,5.625,5.46,4.583333333333333,3.8833333333333333,2022-01-08,33,93.19999999999999
65.6,52.8,31.8,16.4,11.266666666666666,5.833333333333333,4.375,3.499999999999999,2.933333333333333,1.7666666666666666,2022-01-11,33,42.4
12.0,10.0,5.2,2.6,1.7333333333333334,0.8666666666666667,0.75,0.86,0.7166666666666667,0.5166666666666667,2022-01-29,33,12.399999999999999
7.2,6.800000000000001,6.4,4.2,2.9333333333333336,1.5999999999999999,1.2,0.96,0.7999999999999999,0.6666666666666666,2022-01-30,33,16.0
11.2,9.6,7.3999999999999995,3.9999999999999996,3.0,2.3666666666666667,2.225,1.9,1.5833333333333333,0.7916666666666666,2022-02-07,33,19.0
8.8,7.6000000000000005,5.6000000000000005,3.7,2.8000000000000003,1.5666666666666667,1.175,0.9400000000000001,0.7833333333333333,0.4166666666666667,2022-02-08,33,10.0
10.4,10.0,7.800000000000001,5.0,3.4000000000000004,1.8333333333333333,1.375,1.1,0.9166666666666666,0.4583333333333333,2022-02-17,33,11.0
36.8,23.2,12.0,6.0,4.0,2.0,1.5,1.2,1.0333333333333334,0.5750000000000001,2022-02-18,33,13.8
47.2,36.4,35.2,29.8,22.133333333333336,13.799999999999999,10.475,8.379999999999999,6.983333333333333,3.4916666666666667,2022-03-20,33,83.8
16.0,13.600000000000001,12.8,7.0,4.733333333333333,2.466666666666667,1.875,1.52,1.3,0.6749999999999999,2022-03-21,33,16.200000000000003
80.0,71.6,62.8,55.5,40.0,20.0,15.0,12.0,10.0,5.366666666666667,2022-03-31,33,128.8
52.0,50.400000000000006,46.2,39.2,31.599999999999998,19.033333333333335,15.15,12.120000000000001,10.1,5.508333333333333,2022-04-01,33,132.2
8.8,7.6000000000000005,6.200000000000001,4.8,3.266666666666667,1.866666666666667,1.475,1.24,1.0666666666666667,0.6083333333333334,2022-04-02,33,14.6
45.6,40.400000000000006,21.200000000000003,10.700000000000001,7.133333333333334,3.6,2.7,2.16,1.8,0.9,2022-04-09,33,21.6
49.6,34.8,24.6,16.1,13.0,7.766666666666667,5.825,4.66,4.0,2.2916666666666665,2022-04-14,33,55.0
20.0,13.6,9.6,4.9,5.533333333333334,3.1,2.325,1.86,1.55,0.775,2022-04-29,33,18.599999999999998
20.0,13.6,9.2,4.7,3.3333333333333335,2.433333333333333,2.2750000000000004,1.9600000000000002,1.9166666666666667,1.3,2022-04-30,33,31.200000000000003
64.8,37.6,20.4,10.5,7.0,4.6,3.4499999999999997,2.76,2.3,1.15,2022-05-04,33,27.600000000000005
48.0,24.4,22.799999999999997,11.5,7.933333333333333,4.2,3.75,3.0,2.5,1.25,2022-05-16,33,30.0
8.8,6.0,3.6,3.3,2.6666666666666665,2.1,1.65,1.3199999999999998,1.0999999999999999,0.5499999999999999,2022-06-03,33,13.200000000000001
4.0,2.8,2.4,1.9,1.5999999999999999,1.5,1.225,1.06,0.9166666666666666,0.4583333333333333,2022-06-14,33,11.0
10.4,9.200000000000001,6.4,3.3000000000000003,2.5333333333333337,1.366666666666667,1.325,1.12,0.9500000000000001,0.5916666666666667,2022-06-26,33,14.200000000000001
57.6,38.4,30.2,21.3,17.733333333333334,13.033333333333333,9.775,8.559999999999999,7.133333333333333,3.5666666666666664,2022-07-14,33,85.6
19.2,13.6,9.0,5.5,4.066666666666667,2.2,1.825,1.46,1.2166666666666666,0.6083333333333333,2022-07-29,33,14.600000000000001
19.2,11.2,7.8,5.699999999999999,4.066666666666667,2.2333333333333334,1.725,1.3800000000000001,1.1500000000000001,0.5750000000000001,2022-08-10,33,13.8
9.6,7.6,5.2,3.4000000000000004,3.133333333333333,2.4,2.2,1.78,1.55,0.9166666666666666,2022-08-11,33,22.0
4.0,4.0,3.4000000000000004,3.3,3.0,1.9666666666666668,1.75,1.6400000000000001,1.5,0.8916666666666667,2022-09-16,33,21.400000000000002
20.8,16.8,12.200000000000001,10.700000000000001,8.8,5.900000000000001,4.625,3.7800000000000002,3.216666666666667,1.7249999999999999,2022-09-28,33,41.400000000000006
17.6,14.0,9.6,6.7,5.133333333333334,3.333333333333334,3.975,3.4800000000000004,2.9333333333333336,2.1416666666666666,2022-09-29,33,51.400000000000006
12.0,10.0,6.4,3.9,2.733333333333333,1.3666666666666665,1.025,0.82,0.6833333333333332,0.6166666666666667,2022-10-28,33,14.8
32.0,22.0,14.8,8.7,5.8,2.9,2.175,1.7399999999999998,1.45,0.725,2022-10-31,33,17.400000000000002
16.8,15.2,9.4,4.8,4.266666666666667,3.566666666666667,3.2,3.16,2.8666666666666667,1.5666666666666667,2022-11-01,33,37.60000000000001
29.6,28.800000000000004,21.0,12.1,11.399999999999999,7.833333333333333,6.125,5.58,5.216666666666667,3.7083333333333335,2022-11-02,33,89.0
14.4,11.200000000000001,6.2,3.4000000000000004,2.8000000000000003,1.866666666666667,1.4000000000000001,1.12,0.9333333333333335,0.5833333333333334,2022-11-04,33,14.0
26.4,26.4,23.599999999999998,15.7,11.933333333333335,6.133333333333333,4.6,3.6799999999999997,3.0666666666666664,1.5333333333333332,2022-11-11,33,36.8
31.2,20.0,12.2,7.7,6.933333333333333,4.8,3.6,2.88,2.4,1.2,2022-11-24,33,28.799999999999997
8.8,8.0,6.3999999999999995,4.0,2.733333333333333,1.9333333333333336,1.675,1.3800000000000001,1.1500000000000001,0.5833333333333334,2022-12-06,33,14.0
7.2,6.0,4.8,3.9,3.466666666666667,2.433333333333333,2.4499999999999997,2.16,1.8166666666666667,0.9083333333333333,2022-12-13,33,21.8
15.2,14.8,8.8,5.0,3.3333333333333335,1.6666666666666667,1.25,1.0,0.8333333333333334,0.4166666666666667,2022-12-17,33,10.0
26.4,22.0,14.8,8.700000000000001,7.400000000000001,5.233333333333333,4.925,3.96,3.35,1.7249999999999999,2022-12-18,33,41.4
7.2,6.4,5.6,5.0,4.4,3.033333333333333,2.8000000000000003,2.4400000000000004,2.15,1.1416666666666666,2022-12-20,33,27.400000000000002
10.4,9.200000000000003,8.4,8.3,7.8,6.666666666666667,5.375,4.54,4.033333333333333,3.266666666666667,2022-12-21,33,78.4
9.6,7.6000000000000005,5.4,3.8,3.0666666666666664,2.2333333333333334,1.7,1.3599999999999999,1.1333333333333333,0.6166666666666667,2022-12-22,33,14.8
20.8,16.0,12.200000000000001,11.2,9.266666666666667,4.966666666666667,3.875,3.1,2.6,1.325,2022-12-30,33,31.8
12.0,11.6,9.8,8.2,7.266666666666666,4.366666666666666,3.375,2.72,2.45,1.2583333333333333,2023-01-05,33,30.2
4.0,3.200000000000001,3.0,2.5,2.266666666666667,1.8333333333333333,1.7,1.54,1.5333333333333334,,2023-01-06,33,31.799999999999997
3.2,3.2,3.0000000000000004,2.5,2.066666666666667,1.7666666666666666,1.675,1.4600000000000002,1.2666666666666668,,2023-01-07,33,15.799999999999999
9.6,8.8,7.199999999999999,3.9,2.9333333333333336,1.5999999999999999,1.2,0.9800000000000001,0.8333333333333334,0.7833333333333333,2023-01-09,33,18.800000000000004
108.8,90.4,61.0,38.6,27.400000000000002,16.5,12.65,10.14,8.450000000000001,4.2250000000000005,2023-02-07,33,101.39999999999999
16.8,13.2,7.2,5.2,3.466666666666667,1.7333333333333334,1.3,1.04,0.8666666666666667,,2023-02-08,33,10.6
44.0,32.8,21.0,12.4,9.333333333333334,5.133333333333334,3.85,3.08,2.566666666666667,1.2833333333333334,2023-02-10,33,30.799999999999997
102.4,86.4,68.60000000000001,37.0,25.8,13.666666666666666,10.25,8.2,6.833333333333333,3.4166666666666665,2023-02-11,33,82.0
58.4,38.0,22.2,11.6,7.866666666666666,3.933333333333333,2.9499999999999997,2.36,1.9666666666666666,0.9833333333333333,2023-02-13,33,23.599999999999998
25.6,20.4,14.200000000000001,13.4,9.0,4.5,3.375,2.7,2.25,,2023-02-28,33,27.0
92.8,48.0,24.8,12.4,8.266666666666667,4.133333333333334,3.1,2.48,2.066666666666667,1.0333333333333334,2023-03-05,33,24.8
146.4,133.6,79.2,41.800000000000004,28.733333333333334,14.533333333333333,10.9,8.72,7.266666666666667,3.6333333333333333,2023-03-30,33,87.2
29.6,20.0,14.200000000000001,7.2,4.8,2.4,1.8,1.44,1.2,0.6,2023-04-01,33,14.4
63.2,56.8,36.2,20.8,14.866666666666667,10.033333333333333,7.9,6.4,5.3999999999999995,4.283333333333333,2023-04-08,33,102.8
20.0,19.2,13.399999999999999,9.700000000000001,7.333333333333333,4.5,3.45,2.94,2.566666666666667,1.4666666666666668,2023-04-09,33,35.2
8.0,7.6,6.3999999999999995,4.3999999999999995,3.3333333333333335,1.8333333333333333,1.375,1.1,0.9166666666666666,0.4583333333333333,2023-04-14,33,11.0
5.6,5.6,4.8,3.6,3.3333333333333335,1.7333333333333334,1.4,1.1199999999999999,0.9333333333333332,0.4666666666666666,2023-04-19,33,11.2
32.0,24.4,17.0,9.200000000000001,6.2,3.1666666666666665,2.375,1.92,1.5999999999999999,0.7999999999999999,2023-04-28,33,19.2
16.0,10.8,6.8,3.7,3.266666666666666,2.9333333333333336,2.625,2.12,1.7666666666666666,,2023-05-10,33,21.200000000000003
32.0,27.6,19.0,12.0,9.266666666666667,4.733333333333333,3.625,3.3800000000000003,2.816666666666667,1.491666666666667,2023-05-29,33,35.8
5.6,5.6,4.4,3.3000000000000003,2.6,1.7333333333333334,1.3,1.04,0.8666666666666667,0.43333333333333335,2023-05-31,33,10.4
30.4,15.2,7.6,3.8,2.533333333333333,2.1666666666666665,1.625,1.3,1.0833333333333333,,2023-06-30,33,13.2
12.8,10.4,7.8,7.8,7.0,4.666666666666667,4.7,4.04,3.4,,2023-07-19,33,40.80000000000001
7.2,6.0,4.8,3.0,2.1333333333333333,1.3,1.35,1.24,1.1166666666666667,0.9916666666666667,2023-08-26,33,23.8
11.2,10.0,8.0,6.8,6.266666666666667,4.2,3.225,2.58,2.183333333333333,1.5583333333333333,2023-08-27,33,37.4
12.0,9.2,8.2,5.9,4.933333333333334,2.6333333333333333,1.975,1.58,1.3166666666666667,,2023-08-29,33,17.8
35.2,31.6,16.0,8.0,5.333333333333333,2.6999999999999997,2.025,1.6199999999999999,1.3499999999999999,,2023-09-05,33,16.4
4.0,2.4000000000000004,1.8000000000000003,1.6,1.0666666666666667,0.7666666666666667,0.675,0.62,0.6833333333333335,0.4166666666666667,2023-09-28,33,10.0
10.4,7.2,6.2,5.4,4.266666666666667,3.233333333333333,2.55,2.12,2.183333333333333,,2023-10-01,33,27.0
49.6,36.8,24.200000000000003,12.3,8.200000000000001,4.1000000000000005,3.075,2.5,2.0833333333333335,,2023-10-02,33,25.0
2.4,2.0,1.6,1.4000000000000001,1.2666666666666668,1.0333333333333334,1.0,0.9400000000000001,0.8666666666666667,,2023-10-14,33,14.8
18.4,15.6,9.6,7.199999999999999,5.466666666666666,2.766666666666666,2.0749999999999997,1.6599999999999997,1.383333333333333,,2023-10-17,33,16.599999999999998
67.2,41.2,22.2,11.1,7.3999999999999995,3.6999999999999997,2.775,2.2199999999999998,1.8499999999999999,,2023-10-26,33,22.200000000000003
10.4,7.199999999999999,4.2,3.5,2.3333333333333335,1.866666666666667,1.675,1.34,1.1166666666666667,0.5583333333333333,2023-10-29,33,13.399999999999999
39.2,24.400000000000002,12.8,6.9,5.266666666666667,2.6999999999999997,2.025,1.6199999999999999,1.3499999999999999,0.6749999999999999,2023-11-03,33,16.200000000000003
22.4,20.4,18.0,9.399999999999999,6.266666666666666,3.133333333333333,2.3499999999999996,1.8799999999999997,1.5666666666666664,0.7833333333333332,2023-11-14,33,18.8
17.6,15.600000000000001,8.8,7.1,4.8,2.4,1.8,1.44,1.2,,2023-11-15,33,14.4
23.2,17.6,11.2,6.3999999999999995,4.733333333333333,2.433333333333333,1.825,1.54,1.3499999999999999,0.6833333333333332,2023-11-19,33,16.400000000000002
52.8,38.4,19.4,9.7,6.466666666666666,3.233333333333333,2.425,1.94,1.6166666666666665,1.0333333333333332,2023-12-08,33,24.799999999999997
38.4,28.4,15.399999999999999,8.0,5.866666666666666,3.4,2.55,2.04,1.7333333333333334,0.9249999999999999,2023-12-09,33,22.200000000000003
7.2,6.4,6.2,5.800000000000001,4.533333333333334,2.3000000000000003,1.725,1.3800000000000001,1.1500000000000001,,2024-01-03,33,15.4
8.0,7.2,4.8,3.9000000000000004,3.0,1.9333333333333333,1.85,1.6,1.3333333333333333,,2024-01-04,33,16.0
40.8,30.4,17.0,11.8,10.066666666666666,8.266666666666667,7.9,6.32,5.266666666666667,2.8000000000000003,2024-01-13,33,67.19999999999999
13.6,12.0,11.8,8.2,7.466666666666666,4.466666666666667,3.475,2.94,2.533333333333333,1.2666666666666666,2024-01-14,33,30.4
68.0,52.4,44.0,30.599999999999998,22.133333333333336,11.4,8.575,7.139999999999999,6.433333333333334,,2024-01-21,33,77.2
27.2,14.799999999999999,7.6000000000000005,3.9,2.866666666666667,1.5666666666666667,1.2,1.1600000000000001,1.1333333333333335,0.9666666666666667,2024-01-22,33,23.200000000000003
22.4,19.2,11.2,8.799999999999999,7.6000000000000005,5.033333333333334,4.374999999999999,3.9199999999999995,3.7833333333333337,2.433333333333333,2024-01-23,33,58.400000000000006
4.0,3.2,2.5999999999999996,1.9,1.4666666666666668,1.4333333333333336,1.2000000000000002,1.1199999999999999,0.9500000000000001,0.6416666666666667,2024-01-26,33,15.399999999999999
7.2,6.0,5.6,4.7,4.266666666666667,2.6,1.95,1.56,1.3,0.65,2024-01-28,33,15.6
34.4,29.6,21.400000000000002,12.100000000000001,8.4,4.233333333333333,3.1750000000000003,2.54,2.1166666666666667,1.0583333333333333,2024-01-31,33,25.400000000000002
26.4,23.2,17.0,10.2,9.4,4.833333333333333,3.625,2.9,2.4166666666666665,1.2083333333333333,2024-02-14,33,29.0
22.4,21.6,17.4,10.399999999999999,8.0,5.033333333333333,4.125,4.12,3.9166666666666665,3.2750000000000004,2024-02-15,33,96.0
9.6,9.2,7.800000000000001,5.6000000000000005,4.866666666666667,3.3000000000000003,3.325,3.2800000000000002,2.766666666666667,1.383333333333333,2024-02-21,33,33.800000000000004
10.4,10.0,8.600000000000001,6.0,6.3999999999999995,4.0,3.0,2.4,2.0,1.0,2024-03-01,33,24.0
28.8,26.4,20.6,11.1,7.3999999999999995,6.6000000000000005,5.875,5.9399999999999995,5.683333333333334,2.8666666666666667,2024-03-05,33,68.79999999999998
2.4,2.4,2.4,2.1,1.9333333333333336,1.5999999999999999,1.3,1.1400000000000001,0.9666666666666667,0.48333333333333334,2024-03-06,33,12.8
5.6,5.2,5.0,4.5,3.466666666666667,1.9333333333333333,1.45,1.16,1.0166666666666666,0.5083333333333333,2024-03-09,33,12.200000000000001
28.0,26.4,22.8,18.8,17.933333333333334,16.533333333333335,14.675,12.46,11.133333333333333,9.775,2024-03-22,33,320.99999999999994
4.8,4.4,3.8,3.1,2.8000000000000003,1.5,1.175,0.9800000000000001,0.8833333333333333,0.5750000000000001,2024-03-23,33,26.6
11.2,10.8,10.0,7.3999999999999995,5.466666666666668,3.233333333333334,4.075,3.6,3.1333333333333333,1.791666666666667,2024-03-24,33,68.0
7.2,7.2,6.4,5.1,4.0,2.1,1.775,1.42,1.1833333333333333,0.5916666666666667,2024-03-26,33,16.0
45.6,28.0,15.2,7.6,5.066666666666666,2.533333333333333,1.9,1.52,1.2666666666666666,0.6333333333333333,2015-04-16,31,15.2
30.4,25.6,22.8,16.9,13.533333333333333,7.733333333333333,6.8,6.16,5.2,2.6,2015-04-30,31,62.400000000000006
17.6,14.8,8.8,4.6,3.4,1.7666666666666666,1.325,1.06,0.8833333333333333,0.44166666666666665,2015-05-04,31,10.6
31.2,25.2,14.8,8.9,6.0,3.033333333333333,2.275,1.8199999999999998,1.5166666666666666,0.7583333333333333,2015-05-05,31,18.199999999999996
29.6,20.8,14.4,7.8,5.2,2.6,1.95,1.56,1.3,0.65,2015-05-28,31,15.600000000000001
29.6,18.8,11.4,6.5,4.733333333333333,3.466666666666667,2.95,2.68,2.3666666666666667,2.183333333333333,2015-06-19,31,52.4
23.2,15.6,9.0,5.2,3.733333333333334,1.9333333333333333,1.45,1.16,0.9666666666666667,0.725,2015-09-11,31,17.4
11.2,8.8,8.2,7.7,6.533333333333334,3.866666666666667,2.975,2.38,1.9833333333333334,1.2583333333333333,2015-09-12,31,30.2
7.2,6.4,5.2,4.8,4.533333333333333,3.1,2.5,2.16,1.9333333333333333,1.225,2015-09-13,31,29.400000000000006
27.2,23.6,12.6,6.5,4.333333333333333,2.1666666666666665,1.625,1.3,1.0833333333333333,0.5416666666666666,2015-09-27,31,13.0
3.2,2.8,2.4,2.2,2.0,1.3333333333333333,1.2000000000000002,1.08,0.9333333333333335,0.47500000000000003,2015-10-04,31,11.399999999999999
19.2,9.6,7.0,4.7,4.0,2.566666666666667,1.925,1.54,1.2833333333333334,0.6416666666666667,2015-11-04,31,15.4
19.2,14.399999999999999,8.2,4.4,3.066666666666667,2.733333333333333,2.05,1.64,1.3666666666666665,0.9083333333333333,2015-11-07,31,21.799999999999997
32.0,25.2,19.8,14.6,10.0,5.1,3.875,3.1,2.5833333333333335,1.2916666666666667,2015-11-08,31,31.0
16.8,14.8,9.2,5.500000000000001,3.8000000000000003,2.466666666666667,1.85,1.48,1.2833333333333334,0.65,2015-11-21,31,15.6
29.6,27.200000000000003,15.0,7.9,5.333333333333333,2.733333333333334,2.075,1.6600000000000001,1.3833333333333335,0.8250000000000001,2015-11-23,31,19.799999999999997
44.0,36.4,22.599999999999998,13.899999999999999,9.6,4.966666666666667,3.825,3.06,2.5500000000000003,1.2833333333333334,2015-11-29,31,30.799999999999997
5.6,3.5999999999999996,1.9999999999999998,1.2,0.9333333333333335,0.7000000000000001,0.675,0.6,0.5,0.44166666666666665,2015-11-30,31,10.600000000000001
5.6,4.4,2.5999999999999996,2.1,1.5999999999999999,1.3666666666666665,1.175,1.0,0.8500000000000001,0.4916666666666667,2015-12-03,31,11.799999999999999
20.8,11.200000000000001,6.4,4.2,3.2000000000000006,2.066666666666667,2.2,2.08,1.7333333333333334,0.8916666666666667,2015-12-07,31,21.400000000000002
35.2,24.8,14.4,9.200000000000001,7.3999999999999995,4.066666666666667,3.0500000000000003,2.4400000000000004,2.0333333333333337,1.0166666666666668,2015-12-12,31,24.400000000000002
16.8,10.8,8.4,4.8,3.4000000000000004,1.7000000000000002,1.2750000000000001,1.02,0.8500000000000001,0.42500000000000004,2015-12-30,31,10.2
44.8,26.799999999999997,13.599999999999998,6.799999999999999,4.533333333333332,2.266666666666666,1.6999999999999997,1.3599999999999999,1.133333333333333,0.5666666666666665,2015-12-31,31,13.599999999999998
19.2,15.6,9.6,5.0,3.6666666666666665,1.8666666666666665,1.4,1.1199999999999999,0.9333333333333332,0.4666666666666666,2016-01-01,31,11.200000000000001
33.6,21.200000000000003,13.6,8.0,6.466666666666666,5.0,4.425,3.54,2.9499999999999997,1.5583333333333333,2016-01-15,31,37.400000000000006
27.2,22.0,19.2,14.0,13.533333333333333,8.166666666666666,6.95,5.9,5.05,2.525,2016-01-16,31,60.60000000000001
10.4,7.600000000000001,5.6000000000000005,3.5,2.8000000000000003,1.7666666666666666,1.375,1.1,1.0333333333333334,0.7916666666666666,2016-01-19,31,19.0
4.0,3.5999999999999996,3.0,2.6,2.466666666666667,1.5999999999999999,1.2000000000000002,1.0,0.8333333333333334,0.43333333333333335,2016-01-20,31,10.399999999999999
18.4,17.6,15.4,8.2,5.533333333333334,2.8000000000000003,2.1,1.6800000000000002,1.4000000000000001,0.7000000000000001,2016-01-23,31,16.8
35.2,31.6,18.599999999999998,9.700000000000001,6.533333333333334,3.3333333333333335,2.5,2.0,1.6666666666666667,0.8333333333333334,2016-02-15,31,20.0
48.0,35.6,19.2,10.0,6.733333333333333,3.4000000000000004,2.5500000000000003,2.04,1.7000000000000002,0.8500000000000001,2016-02-16,31,20.4
22.4,17.6,9.0,4.5,3.733333333333333,2.066666666666667,1.55,1.24,1.0333333333333334,0.525,2016-02-17,31,12.6
40.0,31.2,19.4,10.3,7.0,3.533333333333333,2.65,2.12,1.7666666666666666,0.8833333333333333,2016-02-19,31,21.200000000000003
72.0,54.0,35.4,17.9,11.933333333333332,5.966666666666666,4.475,3.5799999999999996,2.983333333333333,1.5166666666666666,2016-02-20,31,36.4
36.8,30.799999999999997,19.4,10.9,7.466666666666666,3.733333333333333,2.8,2.2399999999999998,1.8666666666666665,0.9333333333333332,2016-02-21,31,22.4
52.8,48.8,38.6,26.5,20.866666666666664,11.9,9.15,7.4799999999999995,6.3999999999999995,3.1999999999999997,2016-02-29,31,76.8
66.4,58.400000000000006,45.199999999999996,24.7,17.466666666666665,8.9,6.675,7.159999999999999,6.266666666666667,3.1333333333333333,2016-03-12,31,75.20000000000002
53.6,40.0,37.2,21.099999999999998,18.866666666666664,10.666666666666666,8.049999999999999,6.4399999999999995,5.366666666666666,2.683333333333333,2016-03-16,31,64.4
43.2,40.0,20.8,12.8,10.0,5.266666666666667,3.95,3.16,2.6333333333333333,1.3166666666666667,2016-03-23,31,31.6
12.8,9.6,6.0,3.2,3.5333333333333337,2.0,1.5,1.2,1.0666666666666667,0.5333333333333333,2016-05-12,31,12.8
12.0,10.0,6.6,3.6,2.466666666666667,1.5333333333333334,1.2,1.06,1.05,0.625,2016-05-18,31,15.0
9.6,7.6,5.6,3.1999999999999997,2.2666666666666666,1.9333333333333333,1.8499999999999999,1.8199999999999998,1.5666666666666667,1.0416666666666667,2016-05-19,31,25.0
41.6,26.0,15.2,8.7,7.066666666666666,4.366666666666666,3.3000000000000003,2.66,2.216666666666667,1.1166666666666667,2016-06-05,31,26.799999999999997
23.2,13.200000000000001,10.600000000000001,9.4,7.133333333333334,4.6000000000000005,4.05,3.2600000000000002,2.716666666666667,2.1083333333333334,2016-06-07,31,50.60000000000001
5.6,4.799999999999999,4.4,3.4,2.8000000000000003,1.8666666666666665,1.425,1.1400000000000001,0.9500000000000001,0.47500000000000003,2016-08-12,31,11.399999999999999
6.4,5.199999999999999,3.2,2.9,2.4,1.366666666666667,1.1500000000000001,0.9400000000000001,0.7833333333333333,0.5583333333333333,2016-08-21,31,13.4
8.8,6.4,3.6,2.3,1.7333333333333334,1.5,1.225,1.02,0.8833333333333333,0.44166666666666665,2016-08-22,31,10.6
18.4,14.0,8.8,4.7,3.1333333333333333,1.5999999999999999,1.65,1.6800000000000002,1.4000000000000001,0.7000000000000001,2016-08-31,31,16.8
36.8,24.0,19.0,16.4,11.266666666666666,5.866666666666667,4.4,3.5200000000000005,2.9333333333333336,1.8,2016-09-20,31,43.2
6.4,4.0,3.0,2.5,2.1999999999999997,1.3,1.3,1.1,0.9333333333333335,0.6,2016-09-25,31,14.400000000000002
6.4,5.6,4.6000000000000005,3.0000000000000004,2.4,1.8,1.625,1.5,1.3,0.8250000000000001,2016-10-04,31,19.799999999999997
25.6,23.6,18.2,11.5,8.466666666666667,5.966666666666668,4.9,4.1,3.483333333333334,1.8833333333333335,2016-11-04,31,45.2
22.4,20.799999999999997,19.0,12.5,9.533333333333333,5.433333333333334,4.2,3.4199999999999995,2.8833333333333333,1.4916666666666665,2016-11-05,31,35.800000000000004
6.4,4.0,3.4000000000000004,2.0,1.8,1.5,1.3750000000000002,1.36,1.2833333333333334,0.9916666666666667,2016-11-13,31,23.800000000000004
5.6,4.4,3.1999999999999997,2.9,2.733333333333333,2.1333333333333333,1.9500000000000002,1.8199999999999998,1.6499999999999997,0.9,2016-11-14,31,21.6
25.6,22.8,12.8,6.4,4.266666666666667,2.1333333333333333,1.6,1.28,1.0666666666666667,0.5333333333333333,2016-12-03,31,12.8
28.0,18.8,12.6,8.9,6.533333333333334,3.3000000000000003,2.475,1.98,1.6500000000000001,0.8333333333333334,2016-12-12,31,20.0
18.4,12.0,7.3999999999999995,3.7999999999999994,3.1333333333333333,1.9666666666666666,1.55,1.28,1.0833333333333333,0.5499999999999999,2016-12-17,31,13.2
40.0,29.6,17.2,9.0,6.0,3.0,2.4,1.92,1.5999999999999999,0.7999999999999999,2017-01-05,31,19.2
67.2,62.8,34.2,17.200000000000003,11.733333333333334,5.866666666666667,4.4,3.5200000000000005,2.9333333333333336,1.4666666666666668,2017-03-02,31,35.2
42.4,42.4,22.200000000000003,13.4,9.466666666666667,4.8,3.6,2.88,2.4,1.2,2017-03-03,31,28.799999999999997
8.8,7.6000000000000005,5.4,2.8000000000000003,1.866666666666667,1.5,1.125,0.9,0.75,0.6166666666666667,2017-03-14,31,14.8
9.6,6.4,3.6,2.5999999999999996,1.866666666666667,1.2,0.9,1.04,1.05,0.6083333333333334,2017-03-18,31,14.6
7.2,5.2,4.4,2.9,2.1999999999999997,1.2333333333333334,0.975,0.82,0.6833333333333332,0.5,2017-03-19,31,11.999999999999998
18.4,16.4,14.200000000000001,10.5,7.866666666666667,4.3999999999999995,3.3,2.6399999999999997,2.1999999999999997,1.0999999999999999,2017-03-20,31,26.4
21.6,19.2,11.4,6.5,4.666666666666667,4.266666666666667,3.2,2.56,2.1333333333333333,1.4583333333333333,2017-04-01,31,35.0
24.0,22.0,15.600000000000001,9.600000000000001,6.866666666666667,3.8000000000000003,2.875,2.3,1.9166666666666667,0.9583333333333334,2017-04-12,31,23.0
4.8,4.4,4.2,2.6999999999999997,1.9333333333333336,1.4000000000000001,1.25,1.1,0.9166666666666666,0.4583333333333333,2017-04-13,31,11.0
6.4,4.8,3.9999999999999996,2.9,2.2666666666666666,1.9000000000000001,1.55,1.3,1.1166666666666667,0.8083333333333332,2017-04-23,31,19.4
12.0,7.6,4.3999999999999995,2.8,2.533333333333333,2.3666666666666667,1.825,1.46,1.2166666666666666,0.6083333333333333,2017-04-27,31,14.600000000000001
8.8,6.0,5.2,4.4,3.9333333333333336,2.9333333333333336,2.625,2.2,1.8833333333333335,0.9416666666666668,2017-04-28,31,22.6
7.2,7.2,5.4,4.0,3.466666666666667,2.8333333333333335,2.5500000000000003,2.3,2.016666666666667,1.0250000000000001,2017-05-19,31,24.6
12.0,9.6,7.8,6.0,4.133333333333334,2.066666666666667,1.55,1.24,1.0333333333333334,0.5166666666666667,2017-06-13,31,12.4
55.2,53.599999999999994,37.800000000000004,26.0,23.066666666666666,15.0,12.25,9.8,8.166666666666666,4.875,2017-06-20,31,117.0
25.6,21.6,18.4,9.4,6.266666666666667,3.1333333333333333,2.35,1.8800000000000001,1.5666666666666667,1.2833333333333334,2017-06-21,31,30.799999999999997
9.6,5.2,3.5999999999999996,2.1,1.5333333333333332,0.9333333333333332,0.8,0.74,0.65,0.4583333333333333,2017-07-02,31,11.0
8.8,7.199999999999999,5.2,4.5,3.6,2.433333333333333,1.8499999999999999,1.48,1.2666666666666666,0.725,2017-08-21,31,17.4
4.0,3.2,2.6,1.8000000000000003,1.9333333333333333,1.5666666666666667,1.225,1.02,0.8833333333333333,,2017-10-15,31,10.6
21.6,16.8,8.6,4.9,3.466666666666667,1.7333333333333334,1.3,1.04,0.8666666666666667,0.43333333333333335,2017-10-22,31,10.4
4.8,4.0,3.1999999999999997,2.5,2.1999999999999997,1.6333333333333335,1.5750000000000002,1.56,1.4333333333333333,0.9,2017-10-23,31,21.6
8.8,7.2,6.199999999999999,5.3,3.9333333333333336,2.3666666666666667,1.9000000000000001,1.54,1.5333333333333334,0.7916666666666666,2017-11-11,31,19.0
8.8,6.000000000000001,5.2,3.4,2.6,2.3333333333333335,2.075,1.86,1.6333333333333335,0.8500000000000001,2017-11-20,31,20.4
6.4,5.6000000000000005,4.6,3.9000000000000004,3.266666666666666,2.1333333333333333,1.6,1.28,1.0833333333333333,0.5833333333333334,2017-11-22,31,14.0
12.0,8.4,5.6000000000000005,3.0,2.0,1.7666666666666666,1.325,1.06,0.8833333333333333,0.44166666666666665,2017-11-30,31,10.6
19.2,19.2,14.399999999999999,9.5,6.933333333333334,3.466666666666667,2.6,2.08,1.7333333333333334,0.8666666666666667,2017-12-21,31,20.799999999999997
33.6,22.0,11.6,5.8,3.8666666666666667,1.9333333333333333,1.45,1.16,0.9666666666666667,0.48333333333333334,2017-12-23,31,11.600000000000001
19.2,12.8,7.8,6.6,4.466666666666667,2.3333333333333335,1.75,1.4,1.1666666666666667,0.5833333333333334,2018-01-03,31,14.0
16.8,12.4,8.2,8.0,5.666666666666667,3.966666666666667,3.825,3.06,2.6666666666666665,1.4083333333333334,2018-01-04,31,33.800000000000004
6.4,5.6,4.2,2.5,2.2666666666666666,1.5333333333333332,1.175,0.9800000000000001,0.8166666666666668,0.5666666666666667,2018-01-08,31,13.6
6.4,6.0,5.2,4.3999999999999995,4.266666666666667,3.1999999999999997,2.4499999999999997,2.08,1.8,0.9833333333333334,2018-01-30,31,23.6
4.0,4.0,2.8000000000000003,2.2,2.0,1.3333333333333333,1.125,1.0,0.8666666666666668,0.4833333333333334,2018-02-05,31,11.6
39.2,36.0,21.8,11.0,7.333333333333333,3.6666666666666665,2.75,2.2,1.8833333333333335,0.9750000000000001,2018-02-07,31,23.400000000000002
12.8,11.2,6.4,3.3000000000000003,2.3333333333333335,1.2,0.9,0.72,0.6,0.5583333333333333,2018-02-14,31,13.4
45.6,38.4,26.2,14.600000000000001,9.8,4.933333333333334,3.7,2.96,2.466666666666667,1.2333333333333334,2018-02-15,31,29.599999999999998
79.2,69.6,36.400000000000006,21.3,14.266666666666667,7.133333333333334,5.3500000000000005,4.28,3.566666666666667,1.7833333333333334,2018-02-21,31,42.8
18.4,18.4,12.2,7.8,5.2,2.6333333333333333,1.9749999999999999,1.5799999999999998,1.3166666666666667,0.6666666666666666,2018-02-22,31,16.0
11.2,10.0,9.799999999999999,6.4,4.3999999999999995,2.1999999999999997,1.9749999999999999,1.94,1.6166666666666665,0.8083333333333332,2018-02-23,31,19.400000000000002
25.6,16.8,10.2,5.2,3.466666666666667,1.7666666666666666,1.325,1.06,0.8833333333333333,0.44166666666666665,2018-03-03,31,10.600000000000001
12.8,8.8,5.6,3.2000000000000006,3.133333333333333,2.266666666666667,1.925,1.6,1.3833333333333335,0.7916666666666666,2018-03-08,31,19.000000000000004
37.6,31.200000000000003,30.200000000000003,19.9,14.0,7.933333333333334,6.6,5.800000000000001,4.933333333333333,2.5833333333333335,2018-03-22,31,62.0
23.2,21.2,15.0,9.000000000000002,6.266666666666667,3.566666666666667,2.6750000000000003,2.14,1.7833333333333334,0.9833333333333334,2018-04-03,31,23.599999999999998
13.6,10.0,6.8,3.6999999999999997,2.6,1.3333333333333333,1.1,1.08,0.9333333333333335,0.5666666666666667,2018-04-15,31,13.6
46.4,24.8,13.2,7.199999999999999,4.866666666666666,2.433333333333333,1.8499999999999999,1.48,1.2333333333333332,0.6166666666666666,2018-05-19,31,14.799999999999999
6.4,6.0,5.6,4.5,3.3333333333333335,2.0,1.65,1.34,1.1166666666666667,0.6833333333333332,2018-06-14,31,16.4
5.6,3.5999999999999996,3.2,2.4,1.8666666666666665,1.5333333333333332,1.425,1.1800000000000002,0.9833333333333334,0.5,2018-06-15,31,12.0
10.4,9.600000000000001,7.800000000000001,6.7,4.6000000000000005,2.3333333333333335,1.75,1.4,1.1666666666666667,0.5833333333333334,2018-06-18,31,14.0
15.2,14.0,12.4,8.5,6.0,4.633333333333334,3.85,3.08,2.566666666666667,1.2833333333333334,2018-08-01,31,30.8
7.2,6.0,4.6,3.8000000000000003,3.3333333333333335,1.9000000000000001,1.425,1.1400000000000001,0.9500000000000001,0.48333333333333334,2018-08-02,31,11.600000000000001
12.8,8.8,5.6000000000000005,3.6,3.6,2.1,2.0,1.6,1.3499999999999999,0.6749999999999999,2018-08-06,31,16.2
15.2,10.0,6.199999999999999,3.9,3.1999999999999997,2.3,2.2750000000000004,2.12,1.8499999999999999,0.9249999999999999,2018-10-05,31,22.2
12.0,9.6,9.399999999999999,6.4,5.0,2.966666666666667,2.225,1.78,1.4833333333333334,0.7416666666666667,2018-10-06,31,17.799999999999997
8.0,6.4,6.0,4.2,3.266666666666667,2.566666666666667,1.95,1.56,1.3,0.65,2018-10-10,31,15.6
20.0,15.6,8.6,6.1,5.2,2.6666666666666665,2.0,1.6,1.3333333333333333,0.6666666666666666,2018-10-13,31,15.999999999999998
4.0,3.6,2.8000000000000003,2.0,1.866666666666667,1.2666666666666668,1.0,0.96,0.8166666666666668,0.43333333333333335,2018-10-25,31,10.400000000000002
24.0,21.2,15.399999999999999,10.6,7.733333333333333,3.9,2.925,2.34,1.95,0.975,2018-11-07,31,23.4
17.6,16.4,13.400000000000002,10.1,8.866666666666667,5.933333333333334,5.0,4.26,3.6833333333333336,2.2916666666666665,2018-11-08,31,55.0
9.6,8.4,7.800000000000001,6.5,5.8,4.733333333333333,3.95,3.4599999999999995,2.9166666666666665,1.5250000000000001,2018-11-19,31,36.6
6.4,6.0,4.8,2.7,2.3333333333333335,1.3333333333333333,1.025,0.9799999999999999,1.0166666666666668,0.5583333333333333,2018-11-20,31,13.4
71.2,52.400000000000006,37.6,28.0,20.0,10.266666666666667,8.049999999999999,6.459999999999999,5.416666666666667,2.725,2018-11-26,31,65.4
26.4,13.2,8.0,4.8,3.533333333333333,2.9666666666666663,2.3249999999999997,1.92,1.5999999999999999,0.8083333333333332,2018-12-07,31,19.4
12.8,11.600000000000001,8.0,5.8,4.666666666666667,3.1666666666666665,2.85,2.46,2.066666666666667,1.1583333333333334,2018-12-08,31,27.800000000000004
21.6,20.0,17.2,12.4,8.266666666666667,4.133333333333334,3.2,2.6,2.1999999999999997,1.1666666666666667,2018-12-24,31,28.0
66.4,55.2,36.6,20.3,14.600000000000001,7.766666666666667,5.8500000000000005,4.680000000000001,3.9000000000000004,1.9500000000000002,2019-01-25,31,46.8
16.0,12.400000000000002,9.2,5.4,4.0,3.3333333333333335,2.625,2.12,1.7666666666666666,1.0583333333333333,2019-02-04,31,25.4
5.6,5.199999999999999,4.0,2.5,1.6666666666666667,1.3,1.0250000000000001,1.1800000000000002,1.0666666666666667,0.5333333333333333,2019-02-05,31,12.8
56.0,34.8,20.0,19.5,14.799999999999999,7.633333333333333,5.725,4.58,3.8166666666666664,1.9083333333333332,2019-02-06,31,45.8
33.6,28.8,16.2,9.1,6.066666666666666,3.033333333333333,2.275,1.8199999999999998,1.5166666666666666,0.7583333333333333,2019-02-12,31,18.2
24.0,23.6,18.8,11.8,8.333333333333334,5.866666666666667,4.5,3.6799999999999997,3.0666666666666664,1.5416666666666667,2019-02-13,31,37.0
29.6,21.6,14.0,7.2,4.866666666666667,2.466666666666667,1.8750000000000002,1.52,1.2666666666666668,0.6333333333333334,2019-02-17,31,15.2
38.4,21.2,11.399999999999999,5.699999999999999,3.7999999999999994,1.8999999999999997,1.4249999999999998,1.14,0.9499999999999998,0.48333333333333334,2019-02-26,31,11.599999999999998
8.8,6.8,4.8,2.7,1.8,1.4000000000000001,1.05,0.8400000000000001,0.7000000000000001,0.55,2019-02-28,31,13.2
51.2,46.400000000000006,27.0,17.6,13.266666666666667,7.466666666666668,5.6000000000000005,4.48,3.733333333333334,1.8916666666666666,2019-03-01,31,45.4
4.8,3.2,3.0,3.0,2.3333333333333335,1.3,1.0,0.82,0.8333333333333334,0.46666666666666673,2019-03-02,31,11.2
51.2,43.2,23.6,13.200000000000001,8.933333333333334,4.566666666666667,3.4250000000000003,2.74,2.2833333333333337,1.1416666666666668,2019-03-03,31,27.4
27.2,16.8,10.6,10.5,7.266666666666667,4.0,3.15,2.52,2.1,1.05,2019-03-11,31,25.200000000000003
12.8,10.8,6.2,3.6999999999999997,2.933333333333333,1.5333333333333332,1.175,0.96,0.7999999999999999,0.7000000000000001,2019-03-20,31,16.799999999999997
22.4,14.0,8.6,4.7,5.3999999999999995,3.1,2.35,1.8800000000000001,1.5666666666666667,1.175,2019-03-21,31,28.2
10.4,10.0,9.0,5.2,3.533333333333333,1.7666666666666666,1.825,1.5,1.25,0.6333333333333333,2019-03-28,31,15.2
75.2,62.800000000000004,49.0,28.4,24.666666666666668,18.3,13.725000000000001,10.98,9.15,4.575,2019-04-08,31,109.8
35.2,23.200000000000003,20.200000000000003,13.9,10.533333333333333,7.766666666666666,7.7,6.9,5.766666666666667,3.4416666666666664,2019-04-09,31,82.60000000000001
13.6,7.6,4.4,2.6,1.9333333333333336,1.1333333333333335,0.8500000000000001,0.68,0.5666666666666668,0.42500000000000004,2019-04-10,31,10.2
28.0,22.8,14.0,7.1,4.733333333333333,2.3666666666666667,1.775,1.42,1.1833333333333333,0.5916666666666667,2019-04-23,31,14.200000000000001
17.6,15.200000000000001,8.200000000000001,4.1000000000000005,3.1333333333333333,1.866666666666667,1.4000000000000001,1.12,0.9333333333333335,0.46666666666666673,2019-04-28,31,11.2
15.2,10.399999999999999,6.2,3.3,2.4,2.066666666666667,1.55,1.24,1.0333333333333334,0.6916666666666668,2019-05-07,31,16.6
32.8,22.4,11.6,7.199999999999999,6.533333333333332,4.733333333333333,3.5749999999999997,2.9,2.5,1.7750000000000001,2019-05-15,31,42.599999999999994
27.2,24.4,23.4,12.3,9.666666666666666,5.766666666666667,4.325,3.46,2.8833333333333333,2.0500000000000003,2019-05-16,31,49.199999999999996
8.8,7.2,6.0,5.1,4.2,3.0333333333333337,2.4,2.06,1.75,0.9666666666666667,2019-05-17,31,23.2
20.0,18.0,12.0,6.5,4.333333333333333,2.1666666666666665,1.625,1.3,1.0833333333333333,0.5416666666666666,2019-06-02,31,13.0
13.6,10.0,9.4,6.3999999999999995,4.666666666666667,3.1999999999999997,2.45,1.9600000000000002,1.6333333333333335,0.8166666666666668,2019-06-03,31,19.6
27.2,19.2,12.2,6.8,4.6,2.566666666666667,1.95,1.56,1.3,0.7333333333333333,2019-06-05,31,17.6
19.2,16.0,8.0,4.8,4.333333333333333,2.3000000000000003,1.725,1.3800000000000001,1.1666666666666667,0.5916666666666667,2019-07-04,31,14.2
6.4,4.800000000000001,4.2,3.7,3.3333333333333335,2.6666666666666665,2.225,1.9400000000000002,1.866666666666667,1.1666666666666667,2019-07-05,31,28.0
7.2,5.6,4.6,3.3000000000000003,2.8000000000000003,2.1333333333333333,2.0,1.78,1.5833333333333333,1.0250000000000001,2019-08-03,31,24.6
8.0,6.8,5.800000000000001,4.1000000000000005,3.4,2.3000000000000003,1.8,1.5,1.2666666666666668,1.05,2019-08-04,31,25.2
14.4,13.600000000000001,9.8,5.8999999999999995,4.733333333333333,2.6333333333333333,1.975,1.58,1.3166666666666667,0.6583333333333333,2019-08-13,31,15.8
5.6,3.6000000000000005,2.6,2.1,1.9333333333333333,1.4333333333333333,1.2000000000000002,1.26,1.2166666666666668,0.8416666666666667,2019-08-14,31,20.200000000000003
13.6,11.6,8.2,6.4,4.933333333333333,2.6999999999999997,2.25,1.8,1.5,0.8250000000000001,2019-08-20,31,19.8
8.8,8.4,7.200000000000001,5.3,4.733333333333333,4.433333333333333,3.725,3.3,3.1333333333333333,1.7916666666666667,2019-09-05,31,43.0
10.4,7.6,5.0,4.4,3.6666666666666665,2.3666666666666667,2.0500000000000003,1.78,1.5666666666666667,1.0083333333333333,2019-09-22,31,24.2
4.8,4.0,3.5999999999999996,2.1,1.6000000000000003,1.0000000000000002,1.0250000000000001,1.0,0.9666666666666668,0.625,2019-09-26,31,15.0
17.6,10.4,5.8,4.0,3.0,1.8,2.025,1.8800000000000001,1.6333333333333335,0.9916666666666667,2019-09-28,31,23.800000000000004
15.2,12.0,10.6,9.3,7.733333333333333,5.733333333333333,4.824999999999999,3.9,3.35,1.7833333333333332,2019-10-09,31,42.800000000000004
44.0,42.800000000000004,32.2,21.8,18.333333333333332,9.533333333333333,7.8500000000000005,6.4799999999999995,5.566666666666666,2.8333333333333335,2019-11-11,31,68.0
4.8,4.8,4.0,3.6,2.8666666666666667,1.7333333333333334,1.4000000000000001,1.1400000000000001,0.9500000000000001,0.48333333333333334,2019-11-19,31,11.600000000000001
7.2,6.800000000000001,5.0,3.5,3.2000000000000006,2.3666666666666667,2.125,1.7600000000000002,1.4666666666666668,0.7333333333333334,2019-11-28,31,17.6
15.2,12.0,10.8,6.3,4.4,2.2333333333333334,1.675,1.34,1.1166666666666667,0.5583333333333333,2019-12-05,31,13.4
27.2,20.0,11.8,7.0,5.0,2.566666666666667,1.925,1.54,1.2833333333333334,0.6416666666666667,2019-12-22,31,15.4
44.8,38.0,21.799999999999997,12.1,8.2,4.766666666666667,3.8,3.12,2.6,1.3666666666666665,2019-12-23,31,32.8
32.8,28.799999999999997,22.799999999999997,15.9,11.333333333333334,6.566666666666666,5.2,4.2,3.516666666666667,2.0416666666666665,2020-01-13,31,49.0
19.2,15.600000000000001,13.2,8.3,6.3999999999999995,4.333333333333333,4.075,3.7399999999999998,3.3000000000000003,1.6583333333333332,2020-01-17,31,39.800000000000004
120.8,78.8,42.199999999999996,21.4,14.333333333333334,7.5,5.725,4.58,3.8166666666666664,1.9083333333333332,2020-01-30,31,45.8
16.0,13.2,10.4,7.5,5.666666666666667,3.6,2.7,2.16,1.8,0.9,2020-02-02,31,21.6
45.6,29.999999999999996,17.8,10.8,8.933333333333334,5.966666666666666,4.5,3.6,3.0,2.3333333333333335,2020-02-03,31,56.0
56.8,38.8,25.2,13.7,9.533333333333333,4.8,3.6,2.92,2.4499999999999997,1.2249999999999999,2020-02-05,31,29.4
40.0,28.4,23.8,17.7,14.133333333333333,7.733333333333333,5.875,4.7,3.9166666666666665,1.9583333333333333,2020-02-10,31,47.0
20.8,17.6,14.000000000000002,11.000000000000002,9.200000000000001,5.3,4.125,3.54,3.033333333333333,1.8,2020-02-11,31,43.2
7.2,4.4,3.8,2.3000000000000003,2.066666666666667,1.1,0.8500000000000001,0.72,0.6166666666666667,0.45,2020-02-12,31,10.8
58.4,32.0,23.2,14.799999999999999,9.933333333333334,7.733333333333333,5.8,4.64,3.8666666666666667,1.9333333333333333,2020-02-21,31,46.4
11.2,10.399999999999999,8.4,7.699999999999999,6.933333333333333,3.8333333333333335,2.875,2.3,1.9166666666666667,0.9916666666666667,2020-02-22,31,23.8
21.6,16.0,8.8,5.3,5.333333333333333,3.1666666666666665,2.375,1.9,1.5833333333333333,0.7916666666666666,2020-02-29,31,19.0
12.8,11.200000000000001,9.0,6.2,6.133333333333333,5.0,4.2,3.38,2.8333333333333335,1.6916666666666667,2020-03-01,31,40.6
8.8,6.800000000000001,4.4,3.2,2.2,1.6333333333333335,1.375,1.3800000000000001,1.3833333333333335,0.8916666666666666,2020-03-02,31,21.400000000000002
11.2,9.6,9.2,6.8,5.8,3.0999999999999996,2.3249999999999997,1.8599999999999999,1.5499999999999998,0.7749999999999999,2020-03-20,31,18.6
12.0,10.4,7.0,4.0,2.9333333333333336,1.5666666666666667,1.3,1.1,1.2666666666666666,0.7000000000000001,2020-03-21,31,16.8
9.6,6.8,5.0,4.6,3.8000000000000003,2.266666666666667,1.8,1.48,1.2333333333333334,0.625,2020-04-08,31,15.0
23.2,22.799999999999997,14.4,8.5,6.133333333333333,4.433333333333334,3.325,2.66,2.216666666666667,1.1083333333333334,2020-05-02,31,26.599999999999998
29.6,24.8,21.6,15.4,10.533333333333333,5.666666666666667,4.325,3.54,2.9499999999999997,1.5333333333333334,2020-05-07,31,36.800000000000004
18.4,14.799999999999999,8.6,5.2,5.3999999999999995,3.533333333333333,2.65,2.12,1.7666666666666666,0.8833333333333333,2020-05-14,31,21.2
8.8,8.0,6.0,4.7,3.6666666666666665,2.3666666666666667,1.9,1.92,1.6333333333333335,0.975,2020-05-15,31,23.4
7.2,5.6,3.4,3.1,2.9333333333333336,1.8666666666666665,1.425,1.1400000000000001,0.9666666666666667,0.48333333333333334,2020-05-24,31,11.6
11.2,7.2,5.2,3.1,2.2666666666666666,1.6666666666666667,1.55,1.24,1.0333333333333334,0.5166666666666667,2020-06-29,31,12.4
13.6,10.0,6.6,4.1,3.1999999999999997,1.7666666666666666,1.325,1.06,0.8833333333333333,0.44166666666666665,2020-07-03,31,10.600000000000001
14.4,12.8,8.6,4.6,3.466666666666667,2.1,1.7750000000000001,1.6800000000000002,1.6166666666666665,0.8416666666666667,2020-07-14,31,20.2
4.0,3.2000000000000006,2.9999999999999996,2.5,2.2,1.6000000000000003,1.5250000000000001,1.28,1.0833333333333333,0.5416666666666666,2020-07-15,31,13.0
23.2,23.2,16.4,10.899999999999999,8.0,5.033333333333334,4.0249999999999995,3.46,3.0833333333333335,1.8916666666666666,2020-07-30,31,45.400000000000006
13.6,10.0,7.800000000000001,6.4,5.866666666666667,4.566666666666666,3.7,3.0,2.5,1.5,2020-08-21,31,36.0
17.6,15.200000000000001,10.600000000000001,8.0,6.466666666666668,5.5,4.525,4.54,3.983333333333333,2.516666666666667,2020-08-22,31,60.4
20.0,11.2,6.0,3.3,2.266666666666666,1.9333333333333336,1.55,1.32,1.2333333333333334,0.625,2020-09-20,31,15.0
10.4,9.2,7.0,6.0,4.6000000000000005,2.3000000000000003,1.725,1.3800000000000001,1.1500000000000001,0.6333333333333333,2020-09-21,31,15.2
21.6,21.200000000000003,20.2,17.299999999999997,14.133333333333333,9.499999999999998,8.5,7.24,6.483333333333333,4.3,2020-09-22,31,103.19999999999999
22.4,19.599999999999998,17.6,15.8,14.066666666666668,9.866666666666667,7.9,6.5,5.516666666666667,2.783333333333333,2020-10-30,31,66.8
24.0,22.4,12.8,7.5,5.333333333333333,2.6666666666666665,2.0,1.7399999999999998,1.45,0.725,2020-11-05,31,17.4
28.0,21.6,16.0,11.3,8.266666666666666,4.333333333333333,3.3249999999999997,2.6599999999999997,2.216666666666667,1.2416666666666667,2020-11-18,31,29.8
12.0,7.6,6.8,5.300000000000001,4.466666666666666,3.533333333333333,3.1,2.48,2.066666666666667,1.2750000000000001,2020-11-19,31,30.6
12.0,9.6,8.2,7.0,6.133333333333333,4.2,3.775,3.3200000000000003,2.783333333333333,1.5166666666666666,2020-11-20,31,36.400000000000006
27.2,15.2,7.6,5.0,3.3333333333333335,1.7,1.2750000000000001,1.04,0.8666666666666667,0.43333333333333335,2020-11-22,31,10.4
16.8,16.8,13.8,7.7,5.133333333333334,2.8666666666666667,2.15,1.72,1.4333333333333336,1.2666666666666668,2020-12-07,31,30.4
11.2,10.8,6.4,3.6,3.8666666666666667,2.066666666666667,1.55,1.24,1.05,0.525,2020-12-08,31,12.600000000000001
20.8,17.2,12.2,6.800000000000001,4.533333333333334,2.266666666666667,1.7000000000000002,1.36,1.1333333333333335,0.5666666666666668,2020-12-09,31,13.6
25.6,20.4,10.4,5.3,3.8000000000000003,3.266666666666667,3.075,2.6,2.2333333333333334,1.1166666666666667,2020-12-22,31,26.8
51.2,48.8,28.6,17.700000000000003,13.533333333333333,7.8999999999999995,6.75,5.4399999999999995,4.533333333333333,2.2833333333333337,2020-12-25,31,54.8
2.4,2.0,2.0,1.3,1.1333333333333335,0.7666666666666666,0.725,0.62,0.6333333333333334,0.4583333333333333,2020-12-27,31,11.0
23.2,13.6,9.8,5.6,4.066666666666666,3.466666666666667,3.0,2.44,2.066666666666667,1.05,2021-01-02,31,25.2
36.0,26.0,22.2,14.600000000000001,12.866666666666667,8.333333333333334,6.375,5.18,4.316666666666667,2.2666666666666666,2021-02-05,31,54.400000000000006
32.8,23.2,14.4,9.3,7.333333333333333,3.766666666666667,2.85,2.3,1.95,1.025,2021-02-06,31,24.6
25.6,14.8,8.2,4.2,3.2000000000000006,1.6666666666666667,1.25,1.0,0.8333333333333334,0.4166666666666667,2021-02-08,31,10.000000000000002
6.4,6.0,4.8,4.0,3.1333333333333333,1.9666666666666666,1.7,1.3599999999999999,1.1333333333333333,0.5833333333333334,2021-02-13,31,14.0
44.8,35.2,19.599999999999998,9.799999999999999,6.6000000000000005,3.3000000000000003,2.475,1.98,1.6500000000000001,0.8250000000000001,2021-02-22,31,19.8
22.4,17.2,11.2,6.8999999999999995,5.6000000000000005,2.8000000000000003,2.1,1.6800000000000002,1.4000000000000001,0.7000000000000001,2021-03-06,31,16.8
20.8,16.8,11.200000000000001,6.6000000000000005,4.4,2.2,1.6500000000000001,1.32,1.1,0.9833333333333334,2021-03-30,31,23.6
6.4,4.800000000000001,3.2,2.6,2.2666666666666666,1.4666666666666668,1.2,1.08,0.9,0.45,2021-04-13,31,10.8
21.6,14.4,13.8,8.200000000000001,5.933333333333334,3.533333333333333,2.65,2.12,1.7666666666666666,1.0083333333333333,2021-04-21,31,24.200000000000003
15.2,12.8,9.0,6.0,4.333333333333333,2.2333333333333334,1.9,1.8800000000000001,1.5666666666666667,0.7833333333333333,2021-04-27,31,18.8
41.6,38.400000000000006,28.6,14.4,10.4,5.2,3.9,3.12,2.6,1.3166666666666667,2021-04-28,31,31.6
20.0,14.0,10.8,7.5,6.733333333333333,3.8333333333333335,3.475,2.9,2.433333333333333,1.2166666666666666,2021-04-29,31,29.200000000000003
41.6,26.0,23.4,20.6,17.0,10.166666666666666,7.95,6.4,5.516666666666667,2.766666666666667,2021-05-07,31,66.4
21.6,13.2,9.2,5.9,4.8,2.4,1.8,1.44,1.2,0.6,2021-05-12,31,14.4
15.2,11.6,8.2,5.4,3.6666666666666665,2.6666666666666665,2.025,1.64,1.3666666666666665,0.8083333333333332,2021-05-13,31,19.400000000000002
43.2,42.400000000000006,36.2,21.4,15.200000000000001,8.1,6.1,4.88,4.066666666666666,2.033333333333333,2021-05-30,31,48.8
16.8,8.8,4.6000000000000005,2.8000000000000003,1.9333333333333333,1.1,1.2,1.04,0.8833333333333334,0.45,2021-05-31,31,10.8
35.2,27.6,14.0,7.1000000000000005,4.733333333333333,2.3666666666666667,1.7750000000000001,1.4200000000000002,1.1833333333333333,0.5916666666666667,2021-06-09,31,14.2
10.4,6.8,4.8,2.8,1.8666666666666665,1.5666666666666667,1.3250000000000002,1.1800000000000002,1.1,0.7166666666666667,2021-06-17,31,17.200000000000003
17.6,15.200000000000001,8.8,4.800000000000001,3.6,2.1666666666666665,1.9000000000000001,1.92,1.9666666666666668,1.1333333333333333,2021-07-28,31,27.2
8.0,6.8,5.0,3.4000000000000004,2.533333333333333,1.7999999999999998,1.45,1.16,1.0166666666666668,0.7416666666666667,2021-08-12,31,17.8
5.6,5.199999999999999,4.8,3.6,2.6666666666666665,2.1,1.675,1.34,1.1166666666666667,0.5583333333333333,2021-08-29,31,13.4
13.6,9.2,5.0,2.6,2.1333333333333333,1.7999999999999998,1.525,1.42,1.1833333333333333,0.6083333333333333,2021-08-31,31,14.600000000000001
5.6,4.3999999999999995,3.5999999999999996,2.4,2.5333333333333337,2.0,1.7,1.3599999999999999,1.1333333333333333,0.7000000000000001,2021-09-16,31,16.8
8.8,8.4,4.4,2.5,1.7333333333333334,1.5333333333333334,1.25,1.0,0.8333333333333334,0.4166666666666667,2021-10-03,31,10.0
4.0,3.2,2.8000000000000003,2.5,2.4,2.1999999999999997,2.2249999999999996,2.2,2.033333333333333,1.1583333333333334,2021-10-05,31,27.8
7.2,6.800000000000001,5.2,4.7,3.4000000000000004,2.1666666666666665,1.75,1.4,1.1666666666666667,0.5833333333333334,2021-10-07,31,14.0
6.4,6.0,5.0,3.8,3.266666666666667,2.4333333333333336,2.075,1.8399999999999999,1.6500000000000001,0.9833333333333334,2021-10-11,31,23.6
7.2,5.200000000000001,3.4,2.5000000000000004,2.266666666666667,1.6666666666666667,1.475,1.32,1.25,0.8666666666666667,2021-10-19,31,20.8
10.4,8.8,6.6,4.2,3.733333333333333,3.1333333333333333,2.7,2.4,2.0166666666666666,1.0083333333333333,2021-10-20,31,24.2
29.6,14.8,7.4,3.7,2.466666666666667,1.3666666666666665,1.25,1.0000000000000002,0.8500000000000001,0.46666666666666673,2021-10-24,31,11.200000000000003
6.4,6.0,5.4,5.0,4.733333333333333,4.166666666666667,3.5749999999999997,3.16,2.783333333333333,1.4916666666666665,2021-11-01,31,35.8
6.4,4.8,3.0,2.8,2.533333333333333,1.6666666666666667,1.275,1.12,0.9833333333333334,0.4916666666666667,2021-11-11,31,11.8
6.4,5.2,4.4,3.6,2.8000000000000003,1.5999999999999999,1.25,1.04,0.8666666666666667,0.6166666666666667,2021-11-19,31,14.8
4.8,4.0,4.0,3.1,2.533333333333333,1.4333333333333333,1.075,0.86,0.7166666666666667,0.45,2021-11-20,31,10.8
28.8,20.0,11.8,6.7,5.2,4.3,3.2750000000000004,2.66,2.2333333333333334,1.1583333333333334,2021-12-07,31,27.8
84.8,58.8,33.2,17.299999999999997,11.733333333333333,5.8999999999999995,4.425,3.54,2.9499999999999997,1.4749999999999999,2021-12-12,31,35.4
28.0,26.0,14.2,7.1,4.733333333333333,2.3666666666666667,1.775,1.42,1.1833333333333333,0.5916666666666667,2021-12-16,31,14.2
29.6,28.8,14.8,7.6000000000000005,5.066666666666667,3.0,2.475,2.14,1.8166666666666667,0.9249999999999999,2021-12-17,31,22.200000000000003
42.4,26.799999999999997,18.0,12.0,11.066666666666668,6.833333333333333,5.325,4.36,3.6333333333333333,1.8416666666666666,2021-12-23,31,44.2
10.4,7.2,5.6,3.1,2.6666666666666665,1.866666666666667,1.4000000000000001,1.12,0.9333333333333335,0.47500000000000003,2021-12-30,31,11.4
12.0,8.8,7.2,3.9,3.4000000000000004,2.5,1.95,1.58,1.3833333333333335,0.875,2022-01-07,31,21.0
11.2,10.399999999999999,8.8,5.4,4.066666666666666,2.6333333333333333,2.45,2.1,1.8499999999999999,1.6083333333333334,2022-01-08,31,38.6
24.8,17.2,11.2,6.5,4.533333333333333,2.3666666666666667,1.8,1.44,1.2,0.8583333333333334,2022-01-11,31,20.6
62.4,38.8,22.4,11.299999999999999,7.6000000000000005,3.8000000000000003,2.85,2.2800000000000002,1.9000000000000001,0.9500000000000001,2022-01-16,31,22.800000000000004
18.4,11.6,8.2,4.4,3.0,1.5,1.125,1.1800000000000002,0.9833333333333334,0.8666666666666667,2022-01-29,31,20.799999999999997
6.4,6.0,5.4,3.4000000000000004,2.6,1.5,1.125,0.9,0.75,0.5583333333333333,2022-01-30,31,13.400000000000002
33.6,26.0,17.200000000000003,13.3,11.066666666666668,6.233333333333333,4.675,3.7399999999999998,3.1333333333333333,1.6500000000000001,2022-02-18,31,39.6
73.6,60.0,42.8,28.299999999999997,18.933333333333334,9.466666666666667,7.1,5.68,4.733333333333333,2.433333333333333,2022-03-31,31,58.4
57.6,50.8,33.4,23.7,20.666666666666668,13.266666666666666,11.025,8.92,7.433333333333334,4.216666666666667,2022-04-01,31,101.19999999999999
48.8,32.0,19.0,9.799999999999999,6.533333333333332,3.266666666666666,2.4499999999999997,1.9599999999999997,1.633333333333333,0.8166666666666665,2022-04-09,31,19.6
24.8,24.0,17.2,9.7,8.333333333333334,5.233333333333333,3.925,3.1399999999999997,2.6999999999999997,1.7,2022-04-14,31,40.8
52.8,40.0,21.8,11.2,7.466666666666666,3.933333333333333,2.9749999999999996,2.38,1.9833333333333332,0.9916666666666666,2022-05-04,31,23.799999999999997
20.0,14.4,9.600000000000001,4.9,3.266666666666667,2.5333333333333337,1.925,1.54,1.2833333333333334,0.6416666666666667,2022-05-12,31,15.4
19.2,14.0,11.0,6.7,4.533333333333333,2.466666666666667,2.475,1.98,1.6500000000000001,0.8250000000000001,2022-05-16,31,19.8
12.8,6.800000000000001,4.6,3.3000000000000003,2.9333333333333336,2.433333333333333,1.85,1.48,1.2333333333333334,0.6166666666666667,2022-06-03,31,14.799999999999999
8.0,6.8,4.6,2.8,2.0,1.5999999999999999,1.55,1.3,1.1666666666666667,0.5916666666666667,2022-06-14,31,14.2
27.2,26.8,24.0,17.299999999999997,15.199999999999998,10.966666666666669,9.5,7.959999999999999,6.633333333333333,3.3166666666666664,2022-07-14,31,79.6
11.2,8.399999999999999,5.199999999999999,3.1999999999999997,2.4,1.4666666666666666,1.35,1.08,0.9,0.45,2022-07-29,31,10.8
9.6,8.4,8.2,5.1,3.466666666666667,1.7333333333333334,1.3,1.04,0.8666666666666667,0.47500000000000003,2022-08-09,31,11.4
12.0,10.4,6.4,3.6999999999999993,3.466666666666667,2.8000000000000003,2.125,1.7,1.4166666666666667,0.7999999999999999,2022-08-11,31,19.2
9.6,7.6,6.3999999999999995,5.4,5.466666666666668,4.266666666666667,3.375,2.7199999999999998,2.283333333333333,1.2750000000000001,2022-09-04,31,30.6
4.0,3.5999999999999996,2.8,2.0,1.4000000000000001,1.2,1.075,1.0,1.0,0.6083333333333333,2022-09-15,31,14.600000000000001
8.0,6.0,5.0,4.0,3.6666666666666665,2.5,2.5250000000000004,2.56,2.2833333333333337,1.5166666666666666,2022-09-16,31,36.4
12.0,10.799999999999999,9.0,6.8,5.733333333333334,3.6999999999999997,3.025,2.5799999999999996,2.1999999999999997,1.1833333333333333,2022-09-28,31,28.4
14.4,14.4,11.8,9.0,6.800000000000001,4.066666666666667,3.45,2.96,3.1166666666666667,2.3833333333333333,2022-09-29,31,57.2
20.8,15.600000000000001,8.4,4.3,2.8666666666666667,1.4333333333333333,1.075,0.86,0.7166666666666667,0.6166666666666667,2022-10-28,31,14.799999999999999
32.8,20.799999999999997,11.8,7.2,4.866666666666666,2.466666666666667,1.85,1.48,1.2333333333333334,0.6166666666666667,2022-10-31,31,14.8
13.6,12.8,12.400000000000002,11.5,9.8,7.466666666666666,6.7749999999999995,5.88,5.0,2.7083333333333335,2022-11-01,31,65.0
22.4,13.2,8.0,4.3,4.0,2.6666666666666665,2.175,2.0,1.7666666666666668,1.3416666666666668,2022-11-02,31,32.2
6.4,6.4,5.4,5.0,4.666666666666667,2.966666666666667,2.225,1.78,1.4833333333333334,0.7416666666666667,2022-11-24,31,17.799999999999997
124.8,92.4,47.4,23.7,15.799999999999999,7.8999999999999995,5.925,4.74,3.9499999999999997,1.9749999999999999,2022-11-28,31,47.4
7.2,5.999999999999999,5.199999999999999,3.5,3.3333333333333335,2.1666666666666665,2.15,1.8399999999999999,1.5333333333333332,0.7666666666666666,2022-12-13,31,18.4
30.4,18.0,10.0,5.1,3.4,1.7333333333333334,1.3,1.04,0.8666666666666667,0.43333333333333335,2022-12-16,31,10.4
40.0,34.4,32.6,21.2,15.866666666666667,8.233333333333333,6.25,5.08,4.25,2.125,2022-12-18,31,51.0
8.0,6.800000000000001,6.6,5.1,5.133333333333334,3.4,3.075,2.7,2.4,1.375,2022-12-20,31,33.0
9.6,8.399999999999999,6.800000000000001,4.8999999999999995,4.2,3.733333333333334,3.25,2.62,2.5333333333333337,1.9749999999999999,2022-12-21,31,47.400000000000006
30.4,22.0,15.600000000000001,10.8,8.533333333333333,4.7,4.025,3.2399999999999998,2.7166666666666663,1.375,2022-12-30,31,33.0
9.6,8.8,7.999999999999999,6.0,5.133333333333334,3.466666666666667,2.725,2.2199999999999998,1.9333333333333333,1.0083333333333333,2023-01-05,31,24.200000000000003
8.0,6.8,6.4,5.8999999999999995,5.666666666666667,4.933333333333334,4.4,3.88,3.5833333333333335,,2023-01-06,31,60.80000000000001
3.2,2.8,2.4000000000000004,2.1,2.0,1.6666666666666667,1.5,1.36,1.25,,2023-01-07,31,19.4
4.0,3.2,2.4,1.9,1.4000000000000001,0.9333333333333335,0.875,0.7,0.5833333333333334,0.46666666666666673,2023-01-09,31,11.2
56.0,50.0,40.0,28.400000000000002,25.333333333333332,17.46666666666667,13.425,10.760000000000002,8.983333333333333,4.516666666666667,2023-02-07,31,108.39999999999999
24.8,20.8,10.6,5.3,3.6,2.2666666666666666,1.7,1.3800000000000001,1.1500000000000001,,2023-02-08,31,14.4
44.0,43.6,27.400000000000002,15.5,11.0,5.833333333333333,4.375,3.5,2.9166666666666665,1.4666666666666668,2023-02-11,31,35.199999999999996
31.2,30.4,19.6,15.6,10.533333333333333,5.266666666666667,3.95,3.16,2.6333333333333333,1.3166666666666667,2023-02-13,31,31.6
18.4,15.2,9.6,6.5,5.3999999999999995,2.6999999999999997,2.025,1.6199999999999999,1.3499999999999999,0.6749999999999999,2023-02-28,31,16.200000000000003
31.2,19.2,10.2,5.1,3.466666666666667,1.7333333333333334,1.3,1.04,0.8666666666666667,0.43333333333333335,2023-03-05,31,10.4
33.6,29.200000000000003,25.4,13.2,9.533333333333333,4.9,3.6750000000000003,2.9400000000000004,2.45,1.225,2023-03-30,31,29.4
23.2,20.0,12.0,6.6,4.466666666666667,2.2333333333333334,1.675,1.34,1.1166666666666667,0.6,2023-04-02,31,14.400000000000002
49.6,39.2,37.2,20.5,14.333333333333334,12.133333333333333,9.375,7.56,6.3,3.875,2023-04-08,31,93.0
31.2,18.8,10.8,6.2,4.2,2.1666666666666665,1.8,1.54,1.3166666666666667,0.7083333333333334,2023-04-09,31,17.0
5.6,5.2,5.0,3.8,3.533333333333333,1.9666666666666668,1.5,1.2,1.0,0.5,2023-04-19,31,12.0
17.6,13.200000000000001,9.200000000000001,5.6000000000000005,3.8666666666666667,2.2333333333333334,1.7000000000000002,1.36,1.1333333333333335,0.5666666666666668,2023-04-28,31,13.600000000000001
12.0,10.8,8.0,4.500000000000001,3.1333333333333333,1.8,1.825,1.6199999999999999,1.4000000000000001,,2023-05-10,31,16.800000000000004
21.6,21.200000000000003,17.400000000000002,12.4,8.866666666666667,5.033333333333334,3.825,3.8,3.1666666666666665,1.6666666666666667,2023-05-29,31,40.00000000000001
19.2,13.6,8.0,4.2,3.266666666666666,2.8333333333333335,2.475,2.02,1.6833333333333333,,2023-07-19,31,20.2
4.0,4.0,3.5999999999999996,3.0,2.466666666666667,1.4000000000000001,1.25,1.2,1.0,,2023-08-14,31,12.0
16.8,15.2,11.4,9.100000000000001,7.333333333333332,5.233333333333333,4.525,4.22,3.8166666666666664,2.775,2023-08-26,31,66.6
16.8,13.600000000000001,9.600000000000001,9.200000000000001,7.266666666666667,5.400000000000001,4.2250000000000005,3.3800000000000003,2.933333333333333,2.6999999999999997,2023-08-27,31,64.80000000000001
12.8,10.8,7.0,4.700000000000001,3.6666666666666665,1.866666666666667,1.4000000000000001,1.12,0.9333333333333335,,2023-08-29,31,12.600000000000001
5.6,5.6,5.0,3.6,2.533333333333333,1.6666666666666667,1.25,1.0,0.8333333333333334,0.4166666666666667,2023-09-14,31,10.0
6.4,5.6,4.8,4.3,3.266666666666666,2.2333333333333334,1.775,1.4600000000000002,1.4333333333333333,,2023-10-01,31,18.0
44.8,40.4,21.6,10.899999999999999,7.333333333333333,3.6666666666666665,2.75,2.2,1.8333333333333333,,2023-10-02,31,22.0
11.2,8.0,7.0,6.0,6.0,5.266666666666667,4.725,4.040000000000001,3.4000000000000004,,2023-10-13,31,41.0
6.4,5.6,4.4,4.1,3.866666666666667,3.266666666666666,3.05,2.92,2.6666666666666665,,2023-10-14,31,46.6
14.4,10.8,8.0,6.4,4.666666666666667,2.3666666666666667,1.7750000000000001,1.4200000000000002,1.1833333333333333,,2023-10-17,31,14.2
37.6,29.6,17.2,8.700000000000001,5.800000000000001,2.9000000000000004,2.1750000000000003,1.7400000000000002,1.4833333333333334,,2023-10-26,31,19.400000000000002
24.8,20.0,10.4,6.2,4.2,2.6,2.15,1.72,1.4333333333333333,0.7166666666666667,2023-10-29,31,17.2
45.6,32.0,24.8,12.6,8.4,4.2,3.15,2.52,2.1,1.05,2023-11-14,31,25.199999999999996
12.0,11.2,6.8,4.0,2.9333333333333336,1.5,1.125,1.1400000000000001,1.0166666666666668,0.5083333333333334,2023-11-19,31,12.2
4.8,3.6,3.2,2.8000000000000003,2.733333333333333,1.8666666666666665,1.775,1.8,1.6666666666666667,0.8583333333333334,2023-11-24,31,20.6
32.0,20.0,10.2,5.1,3.4,1.7,1.275,1.02,0.85,0.4666666666666666,2023-12-08,31,11.2
25.6,19.6,12.4,6.2,4.333333333333333,3.066666666666667,2.6750000000000003,2.2,2.0,1.1166666666666667,2023-12-09,31,26.8
11.2,8.399999999999999,5.999999999999999,4.7,3.733333333333333,2.1666666666666665,2.1,1.8199999999999998,1.5166666666666666,,2024-01-04,31,18.2
28.8,21.6,13.600000000000001,7.6000000000000005,6.3999999999999995,4.766666666666667,3.6750000000000003,2.94,2.45,1.5250000000000001,2024-01-13,31,36.599999999999994
23.2,21.2,19.4,12.2,9.6,5.633333333333333,4.225,3.38,2.8166666666666664,1.4083333333333332,2024-01-14,31,33.8
106.4,88.4,58.00000000000001,34.9,24.599999999999998,12.433333333333335,9.325000000000001,7.460000000000001,6.216666666666668,3.191666666666667,2024-01-21,31,76.60000000000001
24.0,23.200000000000003,18.6,16.5,15.133333333333333,8.733333333333334,7.6499999999999995,6.4399999999999995,5.716666666666668,3.0666666666666664,2024-01-23,31,73.6
6.4,5.199999999999999,4.8,2.7,2.2666666666666666,1.9000000000000001,1.75,1.6800000000000002,1.55,0.8833333333333333,2024-01-26,31,21.2
8.0,7.2,6.2,5.4,4.533333333333333,2.6333333333333333,1.9749999999999999,1.5799999999999998,1.3166666666666667,0.6583333333333333,2024-01-28,31,15.8
39.2,26.400000000000002,15.200000000000001,8.4,5.933333333333334,3.0,2.25,1.8,1.5,0.75,2024-01-31,31,18.0
28.8,26.799999999999997,21.4,15.600000000000001,11.600000000000001,10.4,7.85,6.540000000000001,5.483333333333333,2.7416666666666667,2024-02-14,31,65.8
12.0,11.6,8.6,6.5,5.800000000000001,5.000000000000001,4.1,4.36,4.133333333333334,2.475,2024-02-15,31,74.4
4.0,4.0,3.4,2.9,2.266666666666667,1.5333333333333334,1.35,1.08,0.9,0.45,2024-02-21,31,10.799999999999999
21.6,20.0,15.6,9.8,6.8,3.4,2.55,2.04,1.7,0.85,2024-03-02,31,20.4
25.6,24.8,23.6,19.1,13.866666666666667,7.033333333333334,5.325,5.0600000000000005,5.1499999999999995,2.6916666666666664,2024-03-05,31,64.60000000000001
2.4,2.4,2.2,1.9000000000000001,1.8,1.5999999999999999,1.3,1.12,0.9500000000000001,0.47500000000000003,2024-03-06,31,12.8
48.8,44.8,35.0,18.9,12.6,6.3,4.8,4.08,3.516666666666666,1.758333333333333,2024-03-09,31,42.20000000000002
20.0,20.0,19.8,18.5,16.133333333333333,11.166666666666666,10.0,8.72,8.450000000000001,6.941666666666666,2024-03-22,31,208.4
12.0,12.0,10.0,8.9,7.333333333333333,5.000000000000001,4.4750000000000005,4.08,3.9499999999999997,2.4833333333333334,2024-03-24,31,74.6
8.0,7.6,6.2,4.1,3.4000000000000004,1.9000000000000001,1.55,1.26,1.0999999999999999,0.5499999999999999,2024-03-26,31,21.599999999999998
40.0,31.2,19.6,9.9,6.6000000000000005,3.3000000000000003,2.475,1.98,1.6500000000000001,0.8250000000000001,2015-04-17,12,19.8
27.2,20.8,12.6,7.1,4.866666666666666,2.433333333333333,2.5,2.0,1.6666666666666667,0.8333333333333334,2015-04-30,12,20.0
16.0,16.0,10.0,5.2,3.466666666666667,1.9333333333333336,1.4500000000000002,1.1800000000000002,0.9833333333333334,0.4916666666666667,2015-05-05,12,11.799999999999999
21.6,15.600000000000001,8.200000000000001,4.2,2.8000000000000003,1.4666666666666668,1.4000000000000001,1.1600000000000001,0.9666666666666668,0.4833333333333334,2015-05-08,12,11.6
11.2,8.0,6.2,3.4,2.3333333333333335,1.4000000000000001,1.1,0.8800000000000001,0.7666666666666666,0.6333333333333334,2015-06-19,12,15.200000000000001
6.4,4.4,3.4000000000000004,2.9000000000000004,2.266666666666667,1.7,1.45,1.26,1.0666666666666667,0.6333333333333334,2015-06-24,12,15.2
20.0,12.0,8.2,5.000000000000001,3.4000000000000004,1.7000000000000002,1.275,1.04,0.8666666666666667,0.45,2015-09-08,12,10.8
4.8,4.8,4.0,2.9,2.4,1.5666666666666667,1.2500000000000002,1.04,0.8833333333333333,0.45,2015-09-13,12,10.799999999999999
48.0,35.6,20.8,11.6,8.0,4.033333333333333,3.025,2.42,2.0166666666666666,1.0083333333333333,2015-09-27,12,24.199999999999996
7.2,6.0,5.0,3.9,2.866666666666667,1.866666666666667,1.4000000000000001,1.12,0.9333333333333335,0.6083333333333333,2015-11-02,12,14.600000000000001
37.6,26.0,13.4,6.7,4.800000000000001,2.5,1.875,1.5,1.25,0.625,2015-11-06,12,15.0
35.2,22.8,13.6,7.200000000000001,4.866666666666667,2.6333333333333333,1.975,1.5800000000000003,1.3333333333333333,0.6916666666666668,2015-11-07,12,16.6
24.8,16.0,8.600000000000001,4.5,3.0,1.6000000000000003,1.3,1.04,0.8666666666666667,0.43333333333333335,2015-11-21,12,10.399999999999999
17.6,12.400000000000002,9.0,4.6,4.4,2.2666666666666666,1.7,1.3599999999999999,1.1333333333333333,0.9500000000000001,2015-11-23,12,22.799999999999997
5.6,5.199999999999999,3.5999999999999996,2.6,1.9333333333333333,1.5999999999999999,1.375,1.1,0.9333333333333332,0.5166666666666667,2015-11-30,12,12.4
13.6,10.0,5.4,4.2,3.2000000000000006,1.7333333333333334,1.3,1.04,0.8666666666666667,0.43333333333333335,2015-12-06,12,10.4
20.8,16.4,8.6,4.5,4.266666666666667,2.5333333333333337,2.275,1.8400000000000003,1.5333333333333334,0.9583333333333334,2015-12-07,12,23.0
5.6,5.6,5.3999999999999995,4.6,3.466666666666667,2.0,1.5,1.2,1.0,0.5,2015-12-12,12,12.0
58.4,38.0,24.0,12.1,8.066666666666666,4.033333333333333,3.025,2.42,2.0166666666666666,1.0083333333333333,2015-12-21,12,24.2
47.2,35.6,21.8,12.0,8.0,4.033333333333333,3.025,2.42,2.0166666666666666,1.0083333333333333,2015-12-27,12,24.200000000000003
36.0,22.8,13.400000000000002,6.9,4.933333333333333,2.5666666666666664,1.9249999999999998,1.5399999999999998,1.2833333333333332,0.6416666666666666,2016-01-01,12,15.4
57.6,49.6,32.4,16.400000000000002,10.933333333333335,5.533333333333334,4.15,3.3200000000000003,2.766666666666667,1.3833333333333335,2016-01-13,12,33.2
37.6,26.4,16.6,16.2,11.333333333333334,5.766666666666667,4.325,3.46,2.8833333333333333,2.3333333333333335,2016-01-14,12,56.0
22.4,17.2,14.2,8.4,6.400000000000001,4.2,3.2,2.56,2.1333333333333333,1.1333333333333333,2016-01-15,12,27.200000000000003
7.2,6.4,5.200000000000001,4.4,3.9333333333333336,3.3333333333333335,3.2,3.12,2.6333333333333333,1.3166666666666667,2016-01-16,12,31.6
20.0,13.2,8.2,4.7,5.000000000000001,3.1666666666666674,2.6750000000000003,2.32,2.216666666666667,1.3166666666666667,2016-01-19,12,31.6
4.0,4.0,3.4,3.3000000000000003,2.5333333333333337,1.5000000000000002,1.175,0.9800000000000001,0.9333333333333335,0.5416666666666666,2016-01-21,12,13.0
61.6,49.2,31.6,16.1,10.733333333333334,5.366666666666667,4.05,3.2600000000000002,2.716666666666667,1.3583333333333334,2016-01-28,12,32.6
72.0,41.2,23.8,12.1,8.066666666666666,4.033333333333333,3.025,2.42,2.0166666666666666,1.0083333333333333,2016-02-15,12,24.2
24.8,13.6,11.8,8.1,5.466666666666666,3.033333333333333,2.275,1.8199999999999998,1.5166666666666666,0.7833333333333333,2016-02-17,12,18.8
35.2,22.8,12.200000000000001,6.2,4.133333333333334,2.066666666666667,1.55,1.24,1.0333333333333334,0.5166666666666667,2016-02-19,12,12.4
37.6,34.8,23.2,13.1,9.200000000000001,4.6000000000000005,3.45,2.7600000000000002,2.3000000000000003,1.1500000000000001,2016-02-21,12,27.6
36.8,34.8,19.599999999999998,9.799999999999999,6.533333333333332,3.266666666666666,2.4499999999999997,1.9599999999999997,1.633333333333333,0.8166666666666665,2016-02-27,12,19.6
29.6,22.0,15.600000000000001,10.7,7.866666666666667,5.533333333333334,4.25,3.46,2.8833333333333333,1.4416666666666667,2016-02-29,12,34.6
32.0,18.4,11.0,9.0,6.2,3.1333333333333333,2.35,1.8800000000000001,1.5666666666666667,0.7833333333333333,2016-03-12,12,18.799999999999997
36.8,35.2,28.599999999999998,20.8,14.666666666666666,7.666666666666667,5.775,4.62,3.85,1.925,2016-03-16,12,46.2
18.4,12.399999999999999,9.2,5.6,4.466666666666666,3.466666666666667,2.6,2.08,1.7333333333333334,0.8666666666666667,2016-03-23,12,20.799999999999997
6.4,6.4,5.2,4.1,3.4000000000000004,1.9333333333333333,1.45,1.16,0.9666666666666667,0.48333333333333334,2016-04-29,12,11.600000000000001
17.6,15.200000000000003,10.000000000000002,5.2,3.5333333333333337,2.066666666666667,1.55,1.2600000000000002,1.116666666666667,0.5750000000000001,2016-05-18,12,13.8
16.0,10.0,6.199999999999999,4.5,3.6,2.533333333333333,1.925,1.56,1.3333333333333333,0.6666666666666666,2016-06-05,12,16.0
8.0,6.4,5.800000000000001,5.0,4.2,3.1,2.4,2.02,1.7166666666666668,0.9416666666666668,2016-06-07,12,22.6
6.4,5.2,4.4,3.0,2.533333333333333,1.6666666666666667,1.35,1.1400000000000001,0.9500000000000001,0.6666666666666666,2016-08-21,12,16.0
9.6,6.4,4.0,2.0,1.8,1.3,1.0250000000000001,0.9,0.8333333333333334,0.4166666666666667,2016-08-22,12,10.0
26.4,22.4,16.2,10.2,6.866666666666667,3.4333333333333336,2.625,2.1399999999999997,1.7833333333333332,0.8916666666666666,2016-08-31,12,21.4
9.6,8.0,6.0,4.300000000000001,3.333333333333334,2.8000000000000003,2.3000000000000003,1.8800000000000001,1.5833333333333333,0.8333333333333334,2016-10-04,12,20.000000000000004
11.2,10.8,8.0,6.2,4.866666666666666,2.6999999999999997,2.15,1.9,1.6666666666666667,1.1666666666666667,2016-11-04,12,28.000000000000004
16.0,15.2,11.600000000000001,6.4,4.333333333333333,2.1666666666666665,1.625,1.3,1.0833333333333333,0.5416666666666666,2016-11-08,12,13.0
25.6,17.6,10.8,6.6,4.733333333333333,2.433333333333333,1.825,1.46,1.2166666666666666,0.6083333333333333,2016-11-10,12,14.600000000000001
33.6,29.200000000000003,17.8,9.700000000000001,6.466666666666668,4.266666666666667,3.225,3.46,3.1666666666666665,1.7333333333333334,2016-11-13,12,41.599999999999994
8.0,7.2,6.8,5.2,4.133333333333334,3.6,2.95,2.62,2.5000000000000004,1.3499999999999999,2016-11-14,12,32.4
60.0,32.8,18.0,9.1,6.066666666666666,3.033333333333333,2.275,1.8199999999999998,1.5166666666666666,0.7583333333333333,2016-12-03,12,18.2
75.2,69.6,41.0,22.3,15.066666666666668,7.699999999999999,5.8,4.64,3.8666666666666667,1.9333333333333333,2016-12-12,12,46.4
44.8,32.0,20.0,10.0,6.733333333333333,3.533333333333333,2.825,2.36,1.9666666666666666,1.1166666666666665,2016-12-14,12,26.799999999999997
44.0,26.4,21.8,11.8,7.866666666666667,3.9333333333333336,2.95,2.3600000000000003,1.9666666666666668,0.9833333333333334,2016-12-18,12,23.6
47.2,29.200000000000003,16.6,10.4,6.933333333333334,3.466666666666667,2.6,2.08,1.7333333333333334,0.8666666666666667,2016-12-21,12,20.8
54.4,35.6,21.4,10.7,7.133333333333333,3.5666666666666664,2.675,2.1399999999999997,1.7833333333333332,0.8916666666666666,2016-12-30,12,21.4
32.0,18.4,9.2,4.6,3.4,2.8666666666666667,2.15,1.72,1.4333333333333333,0.7166666666666667,2017-01-05,12,17.2
56.0,39.6,20.8,10.4,6.933333333333334,3.466666666666667,2.6,2.08,1.7333333333333334,0.8666666666666667,2017-01-11,12,20.8
37.6,36.8,24.6,13.8,9.200000000000001,4.6000000000000005,3.45,2.7600000000000002,2.3000000000000003,1.1500000000000001,2017-01-19,12,27.599999999999998
32.0,31.6,18.8,9.5,6.333333333333333,3.1666666666666665,2.375,1.9,1.5833333333333333,0.7916666666666666,2017-01-22,12,19.0
30.4,17.599999999999998,9.0,4.6,4.4,3.0999999999999996,2.3249999999999997,1.8599999999999999,1.5499999999999998,0.8333333333333334,2017-03-18,12,20.0
5.6,4.799999999999999,3.8,2.8,2.066666666666667,1.4333333333333336,1.25,1.08,0.9,0.65,2017-03-19,12,15.600000000000001
16.8,14.400000000000002,12.2,8.5,5.733333333333333,3.1333333333333333,2.35,1.8800000000000001,1.5666666666666667,0.7833333333333333,2017-03-20,12,18.8
11.2,9.200000000000001,8.0,4.6,3.1333333333333333,1.6333333333333335,1.225,0.9799999999999999,0.8166666666666668,0.5583333333333333,2017-04-01,12,13.4
45.6,32.8,26.6,18.200000000000003,12.933333333333335,6.733333333333333,5.05,4.04,3.3666666666666667,1.6916666666666667,2017-04-08,12,40.599999999999994
12.8,7.6000000000000005,5.4,3.2,2.6,1.366666666666667,1.625,1.52,1.3,0.7000000000000001,2017-04-23,12,16.8
13.6,10.4,6.4,3.5,3.3333333333333335,2.4333333333333336,2.1500000000000004,1.8399999999999999,1.6333333333333335,0.8666666666666667,2017-05-19,12,20.8
23.2,15.6,10.8,7.4,5.3999999999999995,2.6999999999999997,2.025,1.6199999999999999,1.3499999999999999,0.6749999999999999,2017-06-13,12,16.200000000000003
22.4,18.0,14.0,8.5,6.2,4.233333333333333,3.4499999999999997,2.94,2.5166666666666666,1.2666666666666666,2017-06-21,12,30.400000000000002
11.2,7.6,5.4,3.3,3.1333333333333333,1.7666666666666666,1.325,1.06,0.9,0.45,2017-08-05,12,10.799999999999999
15.2,10.0,6.6,5.5,4.133333333333333,2.3,1.7249999999999999,1.3800000000000001,1.1666666666666667,0.5833333333333334,2017-08-20,12,14.0
7.2,6.4,5.4,3.9000000000000004,2.866666666666667,1.6333333333333335,1.275,1.02,0.9,0.45,2017-09-30,12,10.8
5.6,4.800000000000001,3.8000000000000003,3.5999999999999996,2.8000000000000003,1.7000000000000002,1.3,1.18,1.0333333333333334,0.6333333333333333,2017-10-23,12,15.199999999999998
36.8,28.0,19.0,11.0,7.333333333333333,3.733333333333333,2.8,2.2399999999999998,1.8666666666666665,0.9333333333333332,2017-11-18,12,22.4
11.2,10.399999999999999,7.8,5.9,3.933333333333333,2.1,1.575,1.26,1.05,0.5499999999999999,2017-11-19,12,13.2
11.2,8.4,7.2,6.5,5.2,3.3333333333333335,3.3000000000000003,2.98,2.733333333333333,1.575,2017-11-20,12,37.800000000000004
20.8,19.6,12.6,6.7,4.466666666666667,2.2333333333333334,1.7500000000000002,1.6400000000000001,1.3833333333333335,0.6916666666666668,2017-12-08,12,16.6
46.4,29.6,17.0,9.6,6.666666666666667,3.4,2.55,2.04,1.7,0.85,2017-12-21,12,20.4
20.0,14.4,7.8,5.0,4.133333333333334,2.066666666666667,1.55,1.24,1.0333333333333334,0.5166666666666667,2017-12-23,12,12.399999999999999
4.8,4.4,3.8000000000000003,3.0,2.8666666666666667,1.5,1.2,1.06,0.8833333333333333,0.44166666666666665,2017-12-26,12,10.6
17.6,12.0,8.799999999999999,6.2,4.866666666666666,3.5,2.625,2.1,1.75,0.875,2018-01-03,12,21.0
16.0,11.200000000000001,5.800000000000001,2.9,2.9333333333333336,2.433333333333333,2.0,1.6,1.45,1.175,2018-01-04,12,28.2
7.2,6.4,5.199999999999999,3.4,2.8000000000000003,1.7333333333333334,1.325,1.06,0.8833333333333333,0.45,2018-01-05,12,10.8
70.4,51.2,34.800000000000004,17.900000000000002,12.733333333333334,7.466666666666668,5.6000000000000005,4.48,4.1499999999999995,2.625,2018-01-07,12,63.0
58.4,48.0,31.8,16.0,11.4,6.433333333333334,4.825,4.2,3.5,2.191666666666667,2018-01-08,12,52.6
33.6,26.4,17.0,9.0,6.333333333333333,3.233333333333333,2.425,1.94,1.6166666666666665,0.8083333333333332,2018-01-13,12,19.4
131.2,112.8,83.19999999999999,46.9,31.266666666666666,15.633333333333333,11.725,9.379999999999999,7.816666666666666,3.908333333333333,2018-01-22,12,93.80000000000001
28.0,21.2,10.8,10.4,8.066666666666668,4.266666666666667,3.2,2.56,2.1333333333333333,1.0666666666666667,2018-01-26,12,25.6
9.6,8.4,7.0,5.5,4.533333333333333,3.0,2.275,1.86,1.5666666666666667,0.8250000000000001,2018-01-30,12,19.8
13.6,12.4,10.8,8.8,5.933333333333334,2.966666666666667,2.425,1.94,1.95,1.075,2018-02-14,12,25.8
83.2,82.4,50.8,26.0,17.333333333333332,8.666666666666666,6.5,5.2,4.333333333333333,2.1666666666666665,2018-02-15,12,52.00000000000001
16.0,12.0,10.799999999999999,8.8,7.0,4.533333333333334,3.5,2.8400000000000003,2.3833333333333333,1.2,2018-02-23,12,28.8
45.6,38.8,20.6,10.4,7.133333333333334,3.8000000000000003,2.85,2.2800000000000002,1.9000000000000001,0.9500000000000001,2018-02-27,12,22.799999999999997
11.2,8.0,6.6,3.8000000000000003,2.733333333333334,1.7999999999999998,1.625,1.4200000000000002,1.5166666666666666,1.0250000000000001,2018-03-08,12,24.6
54.4,37.2,24.0,19.5,13.733333333333334,6.866666666666667,5.15,4.12,3.4333333333333336,1.7166666666666668,2018-03-15,12,41.2
8.0,6.4,5.0,2.8,2.6666666666666665,1.9333333333333333,1.45,1.3599999999999999,1.2,0.6083333333333333,2018-03-22,12,14.600000000000001
49.6,36.400000000000006,27.400000000000002,16.3,11.133333333333333,6.566666666666666,4.925,3.94,3.283333333333333,1.6916666666666667,2018-04-03,12,40.6
47.2,30.0,15.200000000000001,7.800000000000001,5.266666666666667,2.6333333333333333,1.975,1.58,1.3166666666666667,0.6583333333333333,2018-05-19,12,15.8
4.8,3.6,3.4000000000000004,2.5,2.3333333333333335,1.8333333333333333,1.7,1.3599999999999999,1.1333333333333333,0.5750000000000001,2018-06-15,12,13.8
6.4,5.2,3.2,2.5999999999999996,2.0,1.7,1.325,1.1400000000000001,0.9500000000000001,0.47500000000000003,2018-07-10,12,11.4
12.8,10.8,5.800000000000001,3.3000000000000003,2.3333333333333335,1.7333333333333334,1.5,1.28,1.2166666666666668,0.6916666666666668,2018-08-01,12,16.6
17.6,10.0,5.800000000000001,3.6,3.866666666666667,2.5333333333333337,2.5,2.02,1.6833333333333333,0.8416666666666667,2018-08-06,12,20.200000000000003
15.2,8.4,4.6,4.2,4.066666666666666,2.033333333333333,1.525,1.22,1.0166666666666666,0.5083333333333333,2018-09-03,12,12.2
7.2,5.6,5.199999999999999,4.3999999999999995,3.6666666666666665,2.1333333333333333,1.6,1.28,1.0666666666666667,0.5333333333333333,2018-09-14,12,12.799999999999999
28.8,20.8,11.2,6.6000000000000005,4.6000000000000005,2.3333333333333335,1.7500000000000002,1.4000000000000001,1.1666666666666667,0.5833333333333334,2018-10-13,12,14.0
5.6,5.6,4.6,2.8,2.2,1.4333333333333333,1.2,0.96,0.7999999999999999,0.4666666666666666,2018-10-25,12,11.2
11.2,11.2,8.0,5.3,3.733333333333333,1.8666666666666665,1.4,1.1400000000000001,0.9500000000000001,0.5499999999999999,2018-11-04,12,13.2
40.8,35.2,23.200000000000003,13.3,9.0,4.5,3.375,2.7199999999999998,2.2666666666666666,1.1333333333333333,2018-11-07,12,27.200000000000003
4.8,4.4,4.0,3.4,3.266666666666667,2.433333333333333,1.975,1.72,1.5,1.1083333333333334,2018-11-08,12,26.6
5.6,5.2,4.800000000000001,4.0,3.466666666666667,2.733333333333333,2.1999999999999997,1.9,1.8,0.9583333333333334,2018-11-19,12,23.000000000000004
9.6,7.2,6.6,3.8,2.8666666666666667,1.6333333333333335,1.25,1.0,0.8333333333333334,0.525,2018-11-20,12,12.6
24.8,16.8,10.0,5.7,3.8666666666666667,1.9666666666666668,1.475,1.1800000000000002,0.9833333333333334,0.4916666666666667,2018-12-24,12,11.8
23.2,14.0,7.3999999999999995,3.8,2.533333333333333,1.2666666666666666,0.95,0.76,0.6333333333333333,0.43333333333333335,2019-01-05,12,10.4
61.6,58.400000000000006,51.6,32.5,24.666666666666668,12.833333333333334,9.65,7.720000000000001,6.433333333333334,3.216666666666667,2019-01-25,12,77.2
48.8,46.4,35.6,29.7,22.333333333333332,13.066666666666665,9.85,8.1,6.75,3.5083333333333333,2019-02-04,12,84.19999999999999
12.0,8.4,5.2,3.8000000000000003,2.8666666666666667,1.5,1.675,1.3800000000000001,1.1500000000000001,0.5750000000000001,2019-02-05,12,13.8
48.0,34.8,24.4,13.700000000000001,9.266666666666667,4.633333333333334,3.475,2.7800000000000002,2.316666666666667,1.1583333333333334,2019-02-06,12,27.8
67.2,59.2,36.6,23.5,16.26666666666667,8.833333333333334,6.95,5.6,4.666666666666667,2.3333333333333335,2019-02-13,12,56.0
84.0,68.80000000000001,43.800000000000004,22.8,15.533333333333333,8.0,6.0,4.8,4.0,2.0,2019-02-17,12,48.00000000000001
5.6,5.199999999999999,3.9999999999999996,2.8,2.466666666666667,1.2666666666666666,0.975,0.78,0.65,0.425,2019-02-28,12,10.2
64.8,48.4,24.2,13.6,12.066666666666668,7.1000000000000005,5.325,4.26,3.5500000000000003,1.7750000000000001,2019-03-01,12,42.6
7.2,6.4,4.8,4.4,3.466666666666667,1.8666666666666665,1.4,1.22,1.0833333333333333,0.6749999999999999,2019-03-02,12,16.200000000000003
12.8,8.4,4.8,3.1999999999999997,2.2666666666666666,1.2666666666666666,1.3499999999999999,1.1800000000000002,1.0,0.5,2019-03-11,12,12.0
34.4,24.799999999999997,15.4,9.1,6.266666666666667,3.233333333333333,2.425,1.94,1.6166666666666665,0.8333333333333334,2019-03-16,12,20.0
16.0,12.8,8.4,5.300000000000001,3.6,1.8,1.6500000000000001,1.3599999999999999,1.1333333333333333,0.5750000000000001,2019-03-20,12,13.8
16.8,15.2,11.4,6.6000000000000005,5.133333333333334,3.3333333333333335,2.575,2.08,1.8166666666666667,1.5666666666666667,2019-03-21,12,37.599999999999994
19.2,12.399999999999999,6.8,3.9,2.6,2.3000000000000003,1.725,1.3800000000000001,1.1500000000000001,0.5750000000000001,2019-03-29,12,13.8
32.8,32.4,29.4,17.9,13.0,7.1000000000000005,5.325,4.26,3.5500000000000003,1.7750000000000001,2019-04-08,12,42.6
38.4,38.0,31.8,21.3,16.666666666666668,10.666666666666666,8.6,7.840000000000001,6.8999999999999995,4.05,2019-04-09,12,97.19999999999999
11.2,9.2,5.2,2.6,1.7333333333333332,0.9333333333333332,0.75,0.78,0.65,0.425,2019-04-10,12,10.2
16.0,10.8,6.6,3.7,3.0,1.6666666666666667,1.3,1.08,0.9,0.45,2019-04-14,12,10.8
27.2,16.0,8.2,6.8999999999999995,4.8,3.1,2.325,1.86,1.55,0.775,2019-04-28,12,18.6
38.4,32.8,17.6,8.8,5.866666666666667,2.9333333333333336,2.2,1.7600000000000002,1.4666666666666668,1.3416666666666668,2019-05-07,12,32.2
83.2,56.0,28.0,14.0,9.333333333333334,4.666666666666667,3.5,2.8,2.3333333333333335,1.1666666666666667,2019-05-14,12,28.0
10.4,6.0,3.4000000000000004,1.7000000000000002,1.3333333333333333,0.9,0.75,0.62,0.5333333333333333,0.43333333333333335,2019-05-15,12,10.399999999999999
9.6,6.4,4.0,2.6,1.9333333333333333,1.7666666666666668,1.375,1.1,0.9166666666666666,0.4583333333333333,2019-05-17,12,11.0
3.2,2.8,2.0,1.9000000000000001,1.4666666666666666,0.9,0.7,0.68,0.6666666666666666,0.4166666666666667,2019-07-05,12,10.0
7.2,5.199999999999999,4.6,3.5,3.066666666666667,2.0,1.6,1.32,1.1166666666666667,0.625,2019-08-04,12,15.0
58.4,30.4,15.2,7.8,5.8,2.9,2.175,1.7399999999999998,1.45,0.725,2019-09-01,12,17.4
4.8,3.5999999999999996,2.4,1.7000000000000002,1.4000000000000001,1.3,1.1250000000000002,0.96,1.05,0.6166666666666667,2019-09-26,12,14.8
16.0,12.4,9.8,6.4,4.6000000000000005,2.466666666666667,1.85,1.48,1.2333333333333334,0.725,2019-10-08,12,17.400000000000002
9.6,8.0,6.2,4.2,3.3333333333333335,3.0666666666666664,2.425,1.98,1.6833333333333333,0.875,2019-10-09,12,21.0
61.6,33.6,18.0,9.5,6.333333333333333,3.1666666666666665,2.4,1.92,1.5999999999999999,0.7999999999999999,2019-11-11,12,19.2
9.6,7.599999999999999,6.0,4.699999999999999,3.4666666666666663,2.033333333333333,1.525,1.22,1.0166666666666666,0.5083333333333333,2019-11-14,12,12.2
25.6,18.8,15.600000000000001,9.700000000000001,6.866666666666667,3.6666666666666665,2.75,2.2,1.8333333333333333,0.9166666666666666,2019-11-23,12,22.0
4.0,3.5999999999999996,3.0,2.4,2.0000000000000004,1.5999999999999999,1.5,1.26,1.0833333333333333,0.5416666666666666,2019-11-28,12,13.0
24.8,19.6,13.8,7.0,4.666666666666667,2.3333333333333335,1.75,1.4,1.1666666666666667,0.5833333333333334,2019-12-05,12,14.0
5.6,4.8,4.2,3.4,2.6,2.0,1.5,1.2,1.0,0.5,2019-12-22,12,12.0
68.0,38.8,20.8,10.7,7.2,4.666666666666667,3.8,3.1,2.5833333333333335,1.325,2019-12-23,12,31.799999999999997
24.0,16.0,10.799999999999999,7.5,5.2,2.6,1.95,1.5799999999999998,1.3166666666666667,0.6583333333333333,2020-01-03,12,15.8
40.8,24.4,14.2,7.5,5.0,2.5,1.875,1.5,1.25,0.625,2020-01-06,12,15.0
38.4,22.4,18.799999999999997,11.7,8.666666666666666,4.433333333333334,3.675,2.96,2.466666666666667,1.2333333333333334,2020-01-17,12,29.599999999999998
112.8,104.8,79.4,43.699999999999996,29.2,15.1,11.325,9.059999999999999,7.55,3.775,2020-02-02,12,90.6
17.6,13.600000000000001,7.8,5.5,5.533333333333334,4.5,3.4,2.7199999999999998,2.2666666666666666,1.2,2020-02-03,12,28.8
27.2,21.2,14.799999999999999,8.5,7.533333333333334,4.6000000000000005,3.575,3.2,2.6666666666666665,1.3333333333333333,2020-02-10,12,32.0
10.4,6.800000000000001,3.6000000000000005,1.9,1.6666666666666667,1.0666666666666667,1.0,0.9,0.8833333333333334,0.5833333333333334,2020-02-11,12,14.0
6.4,4.800000000000001,3.2,3.0,2.2666666666666666,1.3666666666666665,1.05,0.8400000000000001,0.7166666666666668,0.47500000000000003,2020-02-12,12,11.4
30.4,27.2,15.4,9.1,6.133333333333334,3.1666666666666665,2.375,1.9,1.5833333333333333,0.7916666666666666,2020-02-21,12,19.0
40.8,36.8,32.2,24.7,20.0,10.5,7.875,6.3,5.25,2.625,2020-02-29,12,63.0
65.6,64.4,50.6,34.0,28.2,15.933333333333332,12.025,9.64,8.85,4.983333333333333,2020-03-01,12,119.6
4.8,3.6000000000000005,3.0,2.3000000000000003,1.9333333333333336,1.5999999999999999,1.225,1.08,1.0166666666666668,0.6333333333333334,2020-03-02,12,15.2
42.4,32.8,21.8,13.8,12.799999999999999,6.566666666666666,4.925,3.94,3.283333333333333,1.6416666666666666,2020-03-20,12,39.4
13.6,9.2,4.8,3.5,3.466666666666667,2.3000000000000003,1.85,1.9,1.5999999999999999,0.9916666666666667,2020-03-21,12,23.8
50.4,27.2,14.0,7.1,5.8,3.5,2.625,2.1,1.75,0.875,2020-05-02,12,21.0
22.4,14.799999999999999,8.0,7.8,5.3999999999999995,3.1999999999999997,2.45,2.0,1.7166666666666668,0.975,2020-05-07,12,23.4
14.4,12.4,10.6,6.000000000000001,5.133333333333334,2.566666666666667,1.925,1.54,1.2833333333333334,0.6416666666666667,2020-05-14,12,15.400000000000002
4.0,2.4000000000000004,2.2,2.0,1.5999999999999999,1.2,0.9500000000000001,0.82,0.7999999999999999,0.45,2020-05-15,12,10.8
4.8,4.0,3.8000000000000003,3.5,2.6,1.8666666666666665,1.4,1.1199999999999999,0.9333333333333332,0.4666666666666666,2020-05-24,12,11.2
6.4,5.6,5.0,4.1000000000000005,3.6,2.733333333333333,2.4,2.0,1.7666666666666666,1.0,2020-08-21,12,24.000000000000004
5.6,5.6,4.6,3.9000000000000004,3.3333333333333335,2.433333333333333,1.975,1.7,1.5833333333333333,0.8416666666666667,2020-08-22,12,20.200000000000003
10.4,8.400000000000002,7.200000000000001,5.6,4.666666666666667,2.5333333333333337,1.925,1.54,1.2833333333333334,0.6666666666666666,2020-09-21,12,16.0
24.0,22.4,17.599999999999998,12.3,9.4,6.333333333333333,5.375,4.86,4.433333333333334,2.5166666666666666,2020-09-22,12,60.4
29.6,18.8,10.0,8.1,6.733333333333334,3.866666666666667,3.15,2.6,2.2,1.5250000000000001,2020-10-30,12,36.6
16.0,8.4,6.4,3.3000000000000003,2.3333333333333335,1.1666666666666667,0.875,1.1,1.0166666666666668,0.5083333333333334,2020-11-05,12,12.2
19.2,18.0,14.200000000000001,10.3,8.333333333333334,4.266666666666667,3.2,2.56,2.1333333333333333,1.1666666666666667,2020-11-18,12,28.0
14.4,12.0,8.0,6.3,4.466666666666667,2.2666666666666666,1.7,1.3599999999999999,1.1333333333333333,0.5666666666666667,2020-12-01,12,13.6
20.0,13.6,8.0,5.2,3.466666666666667,2.6666666666666665,2.525,2.02,1.6833333333333333,0.8416666666666667,2020-12-05,12,20.200000000000003
5.6,4.4,3.6,2.4,1.8666666666666665,1.0333333333333334,1.1,1.06,0.8833333333333334,0.45,2020-12-06,12,10.8
24.0,18.0,12.600000000000001,7.5,5.466666666666666,3.266666666666667,2.625,2.12,1.7666666666666666,1.6583333333333332,2020-12-07,12,39.8
11.2,9.2,7.8,6.5,5.066666666666667,2.6,1.95,1.56,1.3,0.65,2020-12-08,12,15.600000000000001
17.6,11.200000000000001,6.000000000000001,4.6,3.4,1.866666666666667,1.4000000000000001,1.12,0.9500000000000002,0.4833333333333334,2020-12-10,12,11.6
8.8,6.0,4.4,4.300000000000001,3.466666666666667,1.866666666666667,1.5250000000000001,1.2200000000000002,1.0333333333333334,0.5166666666666667,2020-12-22,12,12.4
59.2,43.2,36.0,21.8,15.6,8.200000000000001,6.15,4.92,4.1000000000000005,2.066666666666667,2020-12-25,12,49.6
19.2,12.8,7.6,4.2,3.1999999999999997,1.9000000000000001,1.7,1.38,1.15,0.575,2021-01-02,12,13.799999999999999
16.8,12.399999999999999,9.4,7.1,4.866666666666666,2.5333333333333337,1.95,1.56,1.3,0.65,2021-01-03,12,15.600000000000001
20.0,12.0,11.6,6.9,4.6000000000000005,2.3000000000000003,1.725,1.3800000000000001,1.1500000000000001,0.5750000000000001,2021-01-11,12,13.8
32.8,32.4,18.599999999999998,11.4,8.533333333333333,5.3,4.375,3.5200000000000005,2.9333333333333336,1.9333333333333333,2021-02-05,12,46.400000000000006
9.6,9.6,6.2,4.2,3.466666666666667,1.7333333333333334,1.3,1.04,0.9666666666666667,0.6416666666666667,2021-02-06,12,15.4
20.0,15.2,12.400000000000002,7.500000000000001,5.066666666666667,2.5333333333333337,1.9000000000000001,1.52,1.2666666666666668,0.6333333333333334,2021-02-08,12,15.200000000000001
31.2,22.0,16.8,11.8,8.333333333333334,4.366666666666666,3.275,2.62,2.183333333333333,1.1666666666666667,2021-02-13,12,28.0
50.4,34.4,19.0,9.5,6.3999999999999995,3.1999999999999997,2.4,1.92,1.5999999999999999,0.7999999999999999,2021-02-20,12,19.2
32.8,24.0,12.8,6.7,4.466666666666667,2.2333333333333334,1.675,1.34,1.1166666666666667,0.5833333333333334,2021-02-27,12,13.999999999999998
94.4,60.400000000000006,35.8,19.4,13.4,6.7,5.025,4.0200000000000005,3.35,1.675,2021-03-06,12,40.2
32.8,27.2,13.799999999999999,6.8999999999999995,4.6,2.3,1.7249999999999999,1.38,1.15,0.575,2021-03-13,12,13.8
27.2,14.0,7.2,4.8,3.1999999999999997,1.6000000000000003,1.2000000000000002,0.9600000000000002,0.8000000000000002,0.7999999999999999,2021-03-30,12,19.2
21.6,12.8,9.2,8.5,6.2,3.3666666666666667,2.525,2.02,1.6833333333333333,0.8416666666666667,2021-04-06,12,20.200000000000003
29.6,17.6,9.4,4.800000000000001,4.6000000000000005,2.8666666666666667,3.2,2.62,2.216666666666667,1.1166666666666667,2021-04-13,12,26.799999999999997
11.2,8.8,7.4,5.7,4.8,3.2000000000000006,3.0999999999999996,2.8,2.466666666666667,1.25,2021-04-21,12,30.000000000000004
3.2,3.2,2.8000000000000003,2.1,1.7333333333333334,1.4666666666666668,1.125,0.9,0.75,0.42500000000000004,2021-04-29,12,10.2
9.6,9.2,5.4,3.6,2.8000000000000003,1.4333333333333336,1.0750000000000002,0.9800000000000001,0.8166666666666668,0.5166666666666667,2021-05-07,12,12.400000000000002
5.6,4.8,4.6,3.5,2.533333333333333,1.5666666666666667,1.225,1.0,0.8333333333333334,0.48333333333333334,2021-05-13,12,11.6
50.4,48.0,32.4,18.400000000000002,13.066666666666668,6.833333333333333,5.125,4.1,3.4166666666666665,1.7083333333333333,2021-05-30,12,41.0
10.4,7.6000000000000005,4.4,2.6,2.2666666666666666,1.7000000000000002,1.4500000000000002,1.1800000000000002,0.9833333333333334,0.4916666666666667,2021-08-29,12,11.8
18.4,17.6,10.8,5.6000000000000005,4.266666666666667,2.433333333333333,2.1,1.7600000000000002,1.75,0.9333333333333332,2021-08-31,12,22.400000000000002
27.2,18.0,9.8,5.6,3.733333333333333,2.1,2.075,1.6600000000000001,1.3833333333333335,0.6916666666666668,2021-10-03,12,16.6
6.4,6.4,4.800000000000001,3.0,2.733333333333334,2.0000000000000004,1.875,1.6199999999999999,1.4666666666666668,0.8333333333333334,2021-10-11,12,20.0
7.2,6.4,5.3999999999999995,4.6,3.8666666666666667,3.033333333333333,2.5500000000000003,2.14,1.8,0.9,2021-10-20,12,21.6
34.4,24.0,14.799999999999999,8.299999999999999,5.733333333333333,3.033333333333333,2.275,1.8199999999999998,1.5166666666666666,0.7583333333333333,2021-10-31,12,18.200000000000003
5.6,4.3999999999999995,4.2,3.4000000000000004,3.6,2.6,2.5,2.08,1.8166666666666667,0.9500000000000001,2021-11-01,12,22.799999999999997
8.8,7.2,5.4,3.1,2.6666666666666665,1.5999999999999999,1.2750000000000001,1.08,0.9500000000000001,0.47500000000000003,2021-11-11,12,11.400000000000002
11.2,9.6,7.4,4.5,3.266666666666667,1.6666666666666667,1.25,1.0,0.8333333333333334,0.4166666666666667,2021-11-18,12,10.0
39.2,28.8,14.8,7.4,6.133333333333333,3.0666666666666664,2.3,1.8399999999999999,1.5333333333333332,0.7666666666666666,2021-12-05,12,18.4
20.8,12.799999999999999,9.200000000000001,7.9,6.933333333333334,5.766666666666667,4.625,3.7600000000000002,3.1333333333333333,1.6500000000000001,2021-12-07,12,39.6
32.0,26.4,14.4,7.800000000000001,5.333333333333333,2.6666666666666665,2.0,1.6,1.4833333333333334,0.7416666666666667,2021-12-12,12,17.799999999999997
36.8,35.599999999999994,22.4,11.4,7.666666666666667,3.9,2.925,2.34,1.95,0.975,2021-12-14,12,23.4
17.6,16.8,8.8,5.6000000000000005,3.733333333333334,1.866666666666667,1.4000000000000001,1.12,0.9333333333333335,0.48333333333333334,2021-12-16,12,11.6
61.6,53.6,32.6,22.6,15.733333333333334,14.299999999999999,11.075,8.86,7.383333333333333,3.6916666666666664,2021-12-17,12,88.6
27.2,24.0,14.200000000000001,9.1,8.533333333333333,5.3,4.0,3.2399999999999998,2.6999999999999997,1.3583333333333334,2021-12-23,12,32.6
36.8,24.799999999999997,19.0,11.0,7.466666666666666,3.8666666666666667,2.95,2.4,2.0,1.0,2021-12-30,12,24.0
9.6,7.199999999999999,5.4,4.7,3.8000000000000003,1.9333333333333333,1.45,1.1800000000000002,0.9833333333333334,0.5083333333333334,2021-12-31,12,12.200000000000001
12.0,11.2,11.0,5.6000000000000005,3.866666666666667,2.4,2.0,1.8,1.5166666666666666,1.2583333333333333,2022-01-07,12,30.200000000000003
4.8,4.4,3.4,2.6,2.466666666666667,1.7666666666666666,1.325,1.06,0.8833333333333333,0.44166666666666665,2022-02-01,12,10.6
40.8,38.8,20.4,10.899999999999999,9.799999999999999,7.5,5.6499999999999995,4.52,3.766666666666666,1.883333333333333,2022-02-07,12,45.2
56.8,55.599999999999994,41.199999999999996,22.4,14.933333333333332,7.466666666666666,5.6,4.4799999999999995,3.733333333333333,1.8666666666666665,2022-02-17,12,44.8
65.6,55.599999999999994,29.8,15.0,10.0,5.0,3.75,3.0,2.5,1.25,2022-02-21,12,29.999999999999996
70.4,62.8,62.400000000000006,39.4,29.46666666666667,19.8,16.225,13.16,10.966666666666667,5.483333333333333,2022-03-20,12,131.6
52.0,34.0,24.0,18.3,18.400000000000002,10.799999999999999,8.1,6.4799999999999995,5.3999999999999995,2.6999999999999997,2022-04-01,12,64.80000000000001
18.4,13.2,9.2,5.7,4.466666666666667,2.466666666666667,2.1,1.78,1.5333333333333332,0.9916666666666667,2022-04-02,12,23.799999999999997
9.6,7.200000000000001,5.3999999999999995,3.9,3.266666666666667,1.7,1.275,1.04,0.8833333333333334,0.45,2022-04-06,12,10.8
21.6,13.600000000000001,8.2,5.1,3.6,2.2,1.6500000000000001,1.32,1.1666666666666667,0.7416666666666667,2022-04-14,12,17.8
8.8,4.800000000000001,3.6,2.4,2.2666666666666666,1.6666666666666667,1.25,1.0,0.8333333333333334,0.4166666666666667,2022-04-15,12,10.000000000000002
22.4,20.799999999999997,14.0,7.8,6.3999999999999995,4.033333333333333,3.025,2.42,2.0166666666666666,1.0083333333333333,2022-04-29,12,24.200000000000003
82.4,62.400000000000006,48.4,36.4,28.2,14.4,11.925,10.14,8.533333333333333,5.041666666666667,2022-04-30,12,121.0
36.0,18.0,9.0,4.8,3.3333333333333335,2.2666666666666666,1.9,1.54,1.2833333333333334,0.6416666666666667,2022-05-16,12,15.4
20.0,13.2,7.6,5.0,3.5999999999999996,1.8333333333333333,1.375,1.1,0.9166666666666666,0.4583333333333333,2022-07-29,12,11.0
11.2,8.8,6.0,3.4,3.466666666666667,2.3666666666666667,1.9,1.6599999999999997,1.5166666666666668,0.9333333333333332,2022-08-11,12,22.4
6.4,4.800000000000001,4.0,2.5,2.0,1.3333333333333333,1.0,0.8,0.6666666666666666,0.5,2022-09-15,12,12.0
7.2,5.6,5.6,4.2,3.5999999999999996,2.2666666666666666,1.9749999999999999,1.8599999999999999,1.7000000000000002,0.9833333333333334,2022-09-16,12,23.6
7.2,5.6,5.2,4.7,4.6,3.2000000000000006,2.525,2.2199999999999998,1.9333333333333333,1.1416666666666666,2022-09-28,12,27.4
4.0,3.6,2.8,2.0,1.8,1.4000000000000001,1.2750000000000001,1.08,0.9166666666666669,0.5083333333333334,2022-09-29,12,12.2
5.6,4.4,3.0,2.1,2.066666666666667,1.366666666666667,1.075,0.96,0.8166666666666668,0.5,2022-11-02,12,12.0
12.0,12.0,8.2,4.2,2.8000000000000003,1.5333333333333332,1.175,1.2200000000000002,1.0333333333333334,0.5583333333333333,2022-11-03,12,13.400000000000002
104.0,80.0,46.599999999999994,24.2,16.333333333333332,8.166666666666666,6.125,4.9,4.083333333333333,2.0416666666666665,2022-11-11,12,49.0
36.0,29.2,19.2,12.2,9.666666666666666,5.866666666666666,4.3999999999999995,3.56,2.966666666666667,1.4833333333333334,2022-11-24,12,35.6
29.6,25.200000000000003,13.0,6.5,4.333333333333333,2.1666666666666665,1.625,1.3,1.0833333333333333,0.5416666666666666,2022-12-05,12,13.000000000000002
6.4,5.2,4.2,3.5000000000000004,3.066666666666667,2.5,2.325,1.98,1.7333333333333334,1.0083333333333333,2022-12-20,12,24.200000000000003
24.8,18.4,14.200000000000001,9.799999999999999,8.0,6.533333333333332,5.3,4.34,3.8666666666666667,2.0500000000000003,2022-12-21,12,49.2
15.2,13.600000000000001,10.2,7.4,5.866666666666667,5.433333333333334,4.75,3.84,3.1999999999999997,1.6333333333333335,2022-12-30,12,39.2
8.0,6.800000000000001,5.6,4.8999999999999995,4.4,2.8333333333333335,2.275,1.8199999999999998,1.5666666666666667,0.8333333333333334,2023-01-05,12,20.0
4.0,3.6,2.8000000000000003,2.6999999999999997,2.4,1.7333333333333334,1.6749999999999998,1.64,1.55,,2023-01-06,12,29.799999999999997
4.0,3.2,2.8,2.5,2.1333333333333333,1.6666666666666667,1.625,1.58,1.3833333333333335,,2023-01-07,12,17.4
8.8,8.400000000000002,6.4,4.8,3.533333333333333,1.9000000000000001,1.55,1.26,1.0666666666666667,0.7333333333333334,2023-01-09,12,17.6
59.2,48.8,27.0,14.1,9.466666666666667,4.833333333333333,3.625,2.9,2.4166666666666665,,2023-01-13,12,28.999999999999996
108.8,86.8,54.99999999999999,31.4,21.53333333333333,10.933333333333332,8.2,6.56,5.466666666666666,2.733333333333333,2023-01-28,12,65.6
86.4,61.2,36.6,19.7,14.133333333333333,7.2,5.4,4.32,3.6,1.8083333333333336,2023-01-29,12,43.4
71.2,47.6,27.0,13.6,9.066666666666666,4.533333333333333,3.4,2.7199999999999998,2.2666666666666666,1.1416666666666666,2023-02-02,12,27.400000000000002
51.2,42.800000000000004,34.8,26.7,20.666666666666668,12.166666666666666,9.6,7.68,6.3999999999999995,3.1999999999999997,2023-02-07,12,76.80000000000001
18.4,14.0,9.200000000000001,8.1,6.2,3.533333333333333,2.675,2.1399999999999997,1.7833333333333332,0.8916666666666666,2023-02-11,12,21.4
28.0,27.2,17.6,8.9,5.933333333333334,2.966666666666667,2.225,1.78,1.4833333333333334,0.7416666666666667,2023-03-07,12,17.799999999999997
106.4,92.0,70.0,37.8,26.8,14.433333333333332,10.825,8.66,7.216666666666666,,2023-03-11,12,86.60000000000001
19.2,13.599999999999998,7.8,4.8,3.6,2.033333333333333,1.525,1.22,1.0166666666666666,0.5083333333333333,2023-03-30,12,12.2
20.8,13.600000000000001,9.0,4.7,3.2000000000000006,1.866666666666667,1.475,1.52,1.3333333333333333,0.9249999999999999,2023-04-08,12,22.200000000000003
5.6,5.199999999999999,5.0,3.5999999999999996,3.1999999999999997,1.7666666666666666,1.325,1.06,0.8833333333333333,0.44166666666666665,2023-04-19,12,10.6
48.8,31.599999999999998,18.599999999999998,9.4,6.333333333333333,3.1999999999999997,2.475,2.02,1.6833333333333333,0.8416666666666667,2023-04-28,12,20.199999999999996
10.4,6.4,4.8,3.7,3.6,2.3000000000000003,2.225,1.9000000000000004,1.6500000000000001,,2023-05-10,12,20.0
15.2,11.6,8.2,4.5,3.0666666666666664,1.7666666666666666,1.35,1.1400000000000001,1.0,0.5,2023-05-29,12,12.0
4.0,3.2,2.2,1.4000000000000001,1.3333333333333333,1.0,0.825,0.8400000000000001,0.7999999999999999,0.6,2023-08-26,12,14.399999999999999
6.4,5.6,4.4,3.9,3.733333333333333,2.533333333333333,1.975,1.58,1.366666666666667,0.9333333333333335,2023-08-27,12,22.4
8.0,6.0,5.0,4.8999999999999995,3.8666666666666667,3.1,2.45,1.9600000000000002,1.9833333333333334,,2023-10-01,12,24.200000000000003
42.4,36.4,24.599999999999998,14.0,9.799999999999999,4.933333333333333,3.6999999999999997,2.96,2.4666666666666663,,2023-10-17,12,29.6
72.8,41.6,24.0,12.1,8.066666666666666,4.033333333333333,3.025,2.42,2.0166666666666666,,2023-10-26,12,24.2
41.6,24.8,13.0,6.7,4.533333333333333,3.466666666666667,2.6750000000000003,2.14,1.7833333333333334,0.8916666666666667,2023-10-29,12,21.4
21.6,14.8,12.0,6.3,4.666666666666667,2.4,1.8,1.44,1.2,0.6,2023-11-03,12,14.400000000000002
51.2,50.8,38.2,28.3,21.53333333333333,11.0,8.25,6.6,5.5,2.75,2023-11-14,12,66.0
45.6,35.2,20.0,10.4,6.933333333333334,3.466666666666667,2.725,2.4400000000000004,2.183333333333333,1.1333333333333333,2023-11-19,12,27.200000000000003
23.2,14.399999999999999,8.2,5.1,3.466666666666667,1.8333333333333333,1.375,1.1,0.9166666666666666,0.4583333333333333,2023-11-28,12,11.0
19.2,12.0,6.6,4.8,3.3333333333333335,1.6666666666666667,1.275,1.02,0.8666666666666667,0.44999999999999996,2023-12-09,12,10.8
44.0,42.4,38.4,33.3,26.2,14.333333333333334,10.75,8.6,7.166666666666667,,2024-01-03,12,87.79999999999998
10.4,6.800000000000001,4.0,2.5,1.7333333333333334,1.6333333333333335,1.35,1.12,0.9333333333333335,,2024-01-04,12,11.2
55.2,43.6,31.0,21.9,18.866666666666664,13.4,11.350000000000001,9.92,8.266666666666667,4.275,2024-01-13,12,102.6
52.0,42.8,29.2,19.1,14.066666666666668,7.233333333333333,5.5,4.54,3.8166666666666664,1.925,2024-01-14,12,46.2
67.2,48.400000000000006,38.8,23.1,16.133333333333333,8.133333333333335,6.1000000000000005,4.880000000000001,4.066666666666667,2.2416666666666667,2024-01-21,12,53.8
8.8,7.6000000000000005,6.4,4.6000000000000005,3.6,1.866666666666667,1.4000000000000001,1.12,0.9333333333333335,0.5166666666666667,2024-01-22,12,12.4
17.6,14.399999999999999,10.2,6.4,5.333333333333333,3.1999999999999997,2.8,2.4000000000000004,2.3000000000000003,1.2666666666666668,2024-01-23,12,30.400000000000002
4.0,3.6,3.2,3.1,2.866666666666667,2.1666666666666665,1.625,1.3,1.0833333333333333,0.5416666666666666,2024-01-28,12,13.0
12.8,12.0,7.6,4.3,3.1999999999999997,1.8333333333333333,1.375,1.1,0.9166666666666666,,2024-02-04,12,11.0
42.4,40.8,37.4,33.2,27.400000000000002,15.0,11.25,9.0,7.633333333333334,7.583333333333333,2024-02-15,12,184.2
4.8,4.8,4.199999999999999,3.5,3.0666666666666664,1.9000000000000001,1.8,1.56,1.3499999999999999,0.75,2024-02-20,12,18.0
80.8,78.0,68.6,50.7,43.199999999999996,26.333333333333332,20.3,20.44,20.483333333333334,11.816666666666668,2024-02-21,12,287.2
20.0,19.6,14.4,8.4,5.6000000000000005,3.9,3.95,3.6799999999999997,3.1666666666666665,1.5833333333333333,2024-03-05,12,38.0
6.4,6.4,6.4,5.3,4.533333333333334,3.066666666666667,2.5,2.1,1.75,0.875,2024-03-06,12,21.600000000000005
29.6,26.8,20.8,14.200000000000001,10.800000000000002,6.0,4.5,3.6,3.0,1.5,2024-03-09,12,36.0
5.6,5.6,5.2,3.8,3.0,1.7000000000000002,1.3,1.04,0.8666666666666667,0.43333333333333335,2024-03-11,12,10.399999999999999
30.4,29.6,25.0,15.6,10.4,5.666666666666667,4.275,3.4200000000000004,2.85,1.425,2024-03-20,12,34.2
12.0,11.6,10.399999999999999,8.9,7.466666666666666,5.166666666666667,4.075,3.5799999999999996,3.016666666666667,2.2083333333333335,2024-03-22,12,83.0
4.0,3.6,3.4000000000000004,3.1,2.466666666666667,1.9000000000000001,1.7000000000000002,1.4600000000000002,1.2333333333333334,0.6166666666666667,2024-03-23,12,27.6
20.0,19.2,17.6,12.8,11.466666666666667,8.1,6.225,5.1,4.25,2.1999999999999997,2024-03-24,12,64.80000000000001
4.0,3.6,3.4000000000000004,3.0,2.466666666666667,2.066666666666667,1.625,1.46,1.25,0.625,2024-03-26,12,17.4
6.4,6.0,5.2,4.3,3.1333333333333333,1.8,1.425,1.1400000000000001,0.9500000000000001,0.47500000000000003,2024-03-27,12,11.399999999999999
48.0,24.0,12.0,6.0,4.0,2.0,1.5,1.2,1.0,0.5,2015-04-16,9,12.0
63.2,59.2,41.2,20.7,13.799999999999999,6.933333333333334,5.2,4.16,3.466666666666667,1.7333333333333334,2015-04-17,9,41.60000000000001
12.0,9.2,5.2,2.8000000000000003,2.0,1.9000000000000001,1.45,1.24,1.0666666666666667,0.8500000000000001,2015-06-19,9,20.4
8.8,7.2,6.4,6.1000000000000005,4.466666666666667,2.5333333333333337,2.075,1.6800000000000002,1.4000000000000001,0.7000000000000001,2015-06-24,9,16.8
17.6,13.600000000000001,8.0,4.5,3.266666666666667,1.7333333333333334,1.3,1.04,0.8666666666666667,0.7000000000000001,2015-09-11,9,16.8
4.8,4.0,3.4,3.1,2.6,1.7666666666666666,1.45,1.3,1.0833333333333333,0.55,2015-09-13,9,13.2
5.6,5.6,5.6,5.3,3.6666666666666665,1.8999999999999997,1.4249999999999998,1.14,0.9499999999999998,0.5666666666666667,2015-11-02,9,13.6
34.4,24.0,13.2,7.3999999999999995,5.266666666666667,2.6666666666666665,2.0,1.6,1.3333333333333333,0.6666666666666666,2015-11-04,9,16.0
19.2,16.4,15.0,7.8999999999999995,5.333333333333333,2.6666666666666665,2.0,1.6,1.3333333333333333,0.6833333333333332,2015-11-07,9,16.4
16.0,11.6,9.6,7.6,5.066666666666666,2.6,1.9749999999999999,1.5799999999999998,1.3166666666666667,0.7083333333333334,2015-11-08,9,17.0
24.8,14.4,8.4,4.3,4.533333333333334,2.3666666666666667,1.775,1.42,1.1833333333333333,1.1166666666666667,2015-11-23,9,26.8
20.8,10.8,6.0,5.1,3.6,2.1,1.7,1.3599999999999999,1.1333333333333333,0.5750000000000001,2015-11-29,9,13.8
15.2,13.6,8.2,4.7,3.3333333333333335,2.0,2.35,2.04,1.7,0.975,2015-12-07,9,23.4
28.8,20.8,20.0,10.8,8.133333333333333,5.1000000000000005,3.825,3.06,2.5500000000000003,1.2750000000000001,2015-12-12,9,30.6
33.6,20.400000000000002,10.8,5.4,3.6666666666666674,1.866666666666667,1.4000000000000001,1.12,0.9333333333333335,0.5083333333333334,2016-01-14,9,12.2
33.6,32.4,21.6,18.3,13.600000000000001,8.166666666666666,6.425,5.14,4.283333333333333,2.216666666666667,2016-01-15,9,53.2
20.0,18.8,13.2,11.3,9.733333333333333,5.766666666666667,4.525,3.84,3.233333333333334,1.616666666666667,2016-01-16,9,38.80000000000001
12.0,9.6,8.6,4.7,3.733333333333334,2.2333333333333334,1.85,1.6800000000000002,1.5666666666666667,1.1083333333333334,2016-01-19,9,26.6
19.2,14.399999999999999,8.6,4.8,3.6666666666666665,2.6333333333333333,1.975,1.64,1.3666666666666665,0.6833333333333332,2016-01-28,9,16.400000000000002
20.0,15.600000000000001,11.0,6.3,4.466666666666667,3.0666666666666664,2.375,1.9,1.5833333333333333,0.8416666666666667,2016-02-11,9,20.200000000000003
30.4,26.799999999999997,14.2,10.4,7.199999999999999,4.966666666666667,3.725,2.98,2.4833333333333334,1.2416666666666667,2016-02-16,9,29.8
41.6,39.6,24.400000000000002,12.4,8.4,4.2,3.1500000000000004,2.5200000000000005,2.1,1.05,2016-02-19,9,25.2
26.4,15.2,8.799999999999999,5.4,4.4,2.3666666666666667,1.775,1.42,1.1833333333333333,0.5916666666666667,2016-02-21,9,14.2
32.8,19.2,10.799999999999999,5.6,3.733333333333333,1.8666666666666665,1.4,1.1199999999999999,0.9333333333333332,0.4666666666666666,2016-02-23,9,11.2
18.4,13.2,10.399999999999999,9.2,6.866666666666667,4.166666666666667,3.1999999999999997,2.6,2.183333333333333,1.0916666666666666,2016-02-29,9,26.2
20.0,13.6,8.8,5.2,3.533333333333333,1.7666666666666666,1.325,1.08,0.9,0.45,2016-03-12,9,10.8
41.6,39.2,32.400000000000006,17.2,11.799999999999999,6.166666666666667,4.625,3.7,3.0833333333333335,1.5416666666666667,2016-03-23,9,37.0
27.2,16.0,9.2,4.8,3.1999999999999997,1.8333333333333333,1.4,1.2200000000000002,1.1166666666666667,0.5916666666666667,2016-05-18,9,14.2
8.0,6.8,5.199999999999999,3.5,3.3333333333333335,2.4,1.925,1.54,1.3,0.65,2016-06-05,9,15.600000000000001
20.8,13.999999999999998,10.8,8.700000000000001,6.466666666666666,3.766666666666667,3.225,2.62,2.2,1.2166666666666668,2016-06-07,9,29.200000000000003
7.2,5.2,3.8000000000000003,2.9000000000000004,2.4,1.4666666666666668,1.325,1.06,0.8833333333333333,0.6583333333333333,2016-08-21,9,15.8
13.6,8.0,4.6,3.9,3.0,2.1333333333333333,1.625,1.3,1.0833333333333333,0.5499999999999999,2016-09-20,9,13.200000000000001
7.2,6.4,5.6,4.2,3.2000000000000006,1.8333333333333333,1.525,1.3,1.1333333333333335,0.625,2016-09-25,9,15.0
9.6,9.2,7.199999999999999,4.800000000000001,3.733333333333334,2.966666666666667,2.475,2.04,1.7166666666666668,0.9083333333333333,2016-10-04,9,21.800000000000004
18.4,17.2,14.0,9.6,6.866666666666667,4.266666666666667,3.325,2.8400000000000003,2.3833333333333333,1.3416666666666668,2016-11-04,9,32.2
4.8,4.0,2.4000000000000004,1.8,1.3333333333333333,1.2333333333333334,1.1,1.08,0.9833333333333334,0.65,2016-11-13,9,15.600000000000001
10.4,6.8,4.6000000000000005,3.7,2.8666666666666667,2.0333333333333337,1.85,1.6199999999999999,1.416666666666667,0.7833333333333333,2016-11-14,9,18.8
40.0,23.2,11.799999999999999,5.8999999999999995,3.933333333333333,2.1333333333333333,1.5999999999999999,1.2799999999999998,1.0666666666666667,0.5333333333333333,2016-12-08,9,12.799999999999999
57.6,54.8,33.0,21.4,19.866666666666667,10.133333333333333,7.6,6.08,5.066666666666666,2.5416666666666665,2016-12-12,9,61.0
10.4,8.4,5.0,4.1,3.533333333333333,2.6,1.975,1.58,1.366666666666667,0.7250000000000001,2016-12-14,9,17.4
46.4,27.2,14.6,7.3999999999999995,4.933333333333333,2.4666666666666663,1.8499999999999999,1.48,1.2333333333333332,0.6166666666666666,2016-12-30,9,14.799999999999999
32.8,28.799999999999997,17.0,8.6,5.733333333333333,4.166666666666667,3.125,2.5,2.0833333333333335,1.0416666666666667,2017-01-11,9,25.0
32.8,25.599999999999998,18.599999999999998,10.0,6.733333333333333,3.3666666666666667,2.525,2.02,1.6833333333333333,0.8416666666666667,2017-01-12,9,20.199999999999996
28.8,24.0,13.2,6.6,4.3999999999999995,2.1999999999999997,1.65,1.3199999999999998,1.0999999999999999,0.5499999999999999,2017-01-16,9,13.2
28.0,19.200000000000003,13.200000000000003,8.600000000000001,5.800000000000001,4.133333333333334,4.125,3.62,3.016666666666667,1.5083333333333335,2017-01-19,9,36.2
76.8,54.4,32.8,16.8,11.200000000000001,5.6000000000000005,4.2,3.3600000000000003,2.8000000000000003,1.4000000000000001,2017-01-22,9,33.6
29.6,22.4,11.4,5.7,3.8000000000000003,1.9000000000000001,1.425,1.1400000000000001,0.9500000000000001,0.47500000000000003,2017-03-03,9,11.399999999999999
5.6,3.5999999999999996,2.6,2.1999999999999997,1.7333333333333334,1.1,0.925,0.82,0.6833333333333332,0.4583333333333333,2017-03-19,9,11.0
10.4,8.0,7.2,5.4,3.9333333333333336,2.4,1.825,1.46,1.2166666666666666,0.6083333333333333,2017-03-20,9,14.600000000000001
12.8,12.0,11.2,7.3,4.933333333333334,2.6999999999999997,2.05,1.7600000000000002,1.4833333333333334,0.7416666666666667,2017-03-28,9,17.800000000000004
7.2,5.2,3.2,1.9000000000000001,1.8,1.4666666666666668,1.325,1.2,1.05,0.5416666666666666,2017-05-19,9,13.0
12.8,9.600000000000001,7.6000000000000005,6.2,4.2,2.1,1.575,1.26,1.05,0.525,2017-06-13,9,12.6
13.6,12.8,9.2,4.7,3.1333333333333333,1.5666666666666667,1.175,0.9400000000000001,0.7833333333333333,0.4166666666666667,2017-06-20,9,10.0
29.6,16.400000000000002,10.6,5.6000000000000005,3.9333333333333336,2.433333333333333,1.9000000000000001,1.7,1.4166666666666667,0.7166666666666667,2017-06-21,9,17.200000000000003
6.4,5.6,4.2,3.8000000000000003,2.733333333333333,1.5333333333333332,1.175,0.9800000000000001,0.8333333333333334,0.425,2017-10-03,9,10.2
5.6,5.199999999999999,4.6,3.8,2.8666666666666667,1.7333333333333334,1.375,1.1800000000000002,1.0,0.5750000000000001,2017-10-23,9,13.8
5.6,4.8,3.0,2.1,1.7333333333333334,1.0333333333333332,0.825,0.72,0.8666666666666667,0.44166666666666665,2017-11-11,9,10.6
20.0,14.8,7.800000000000001,3.9000000000000004,2.6666666666666665,1.5999999999999999,1.25,1.1199999999999999,0.9333333333333335,0.6416666666666667,2017-11-19,9,15.4
25.6,24.799999999999997,19.2,12.6,8.866666666666667,4.9,3.7750000000000004,3.9800000000000004,3.6833333333333336,1.9333333333333333,2017-11-20,9,46.4
63.2,56.400000000000006,40.6,23.4,15.6,7.8,5.875,4.7,3.9166666666666665,1.9583333333333333,2017-12-29,9,47.0
27.2,19.6,10.6,5.3,3.533333333333333,1.7666666666666666,1.325,1.06,0.8833333333333333,0.44166666666666665,2018-01-02,9,10.600000000000001
20.0,14.4,8.600000000000001,5.2,3.8000000000000003,2.566666666666667,1.925,1.54,1.2833333333333334,0.6416666666666667,2018-01-03,9,15.400000000000002
12.0,6.4,5.8,3.2,2.9333333333333336,2.033333333333333,1.75,1.5400000000000003,1.4666666666666668,0.8583333333333334,2018-01-04,9,20.6
41.6,39.6,36.6,22.9,15.333333333333334,7.699999999999999,5.7749999999999995,4.619999999999999,3.8499999999999996,2.25,2018-01-07,9,54.0
52.8,41.2,29.8,15.7,10.466666666666667,6.866666666666667,5.1499999999999995,4.14,3.4499999999999997,2.1666666666666665,2018-01-08,9,52.0
35.2,24.0,19.2,10.0,8.733333333333333,4.366666666666666,3.3,3.5,2.9166666666666665,1.4666666666666668,2018-01-26,9,35.2
8.8,7.2,4.800000000000001,3.0,2.3333333333333335,1.5000000000000002,1.1500000000000001,0.9200000000000002,1.0666666666666667,0.6083333333333333,2018-01-27,9,14.600000000000001
4.8,4.0,3.3999999999999995,3.1999999999999997,2.6,1.7,1.2750000000000001,1.04,0.8833333333333334,0.5416666666666666,2018-01-30,9,13.0
5.6,4.4,3.5999999999999996,2.8000000000000003,2.1333333333333333,1.5666666666666664,1.3,1.1,0.9666666666666668,0.5416666666666666,2018-02-05,9,13.0
78.4,53.6,35.800000000000004,19.1,12.733333333333334,6.366666666666667,4.775,3.8200000000000003,3.1833333333333336,1.5916666666666668,2018-02-15,9,38.2
50.4,32.0,22.6,14.2,9.533333333333333,4.766666666666667,3.575,2.8600000000000003,2.3833333333333333,2.066666666666667,2018-02-22,9,49.6
11.2,7.6,4.2,2.8000000000000003,2.6666666666666665,2.066666666666667,1.9,1.54,1.3166666666666667,0.6749999999999999,2018-02-23,9,16.200000000000003
68.8,47.599999999999994,24.0,12.0,8.0,4.0,3.0,2.4,2.0,1.0,2018-03-03,9,24.0
8.8,7.600000000000001,6.0,4.5,3.6666666666666665,1.866666666666667,1.4000000000000001,1.12,0.9333333333333335,0.46666666666666673,2018-03-15,9,11.2
25.6,23.6,20.2,12.2,8.866666666666667,4.8999999999999995,3.675,2.94,2.4499999999999997,1.2333333333333334,2018-04-03,9,29.599999999999998
44.8,26.0,13.2,6.8999999999999995,4.6,2.3,1.7249999999999999,1.38,1.15,0.575,2018-05-19,9,13.799999999999999
15.2,10.0,7.0,5.1000000000000005,3.533333333333333,1.8333333333333333,1.375,1.1,0.9166666666666666,0.4583333333333333,2018-08-04,9,11.0
16.0,8.8,6.199999999999999,3.4000000000000004,3.1333333333333333,2.1333333333333333,2.0,1.6199999999999999,1.3666666666666665,0.6833333333333332,2018-08-06,9,16.400000000000002
24.8,19.6,11.2,5.7,3.8000000000000003,2.4,1.8,1.44,1.2,0.6,2018-08-17,9,14.4
10.4,8.8,7.000000000000001,5.0,4.0,2.3666666666666667,1.775,1.42,1.1833333333333333,0.5916666666666667,2018-09-14,9,14.2
23.2,16.8,16.6,14.399999999999999,11.466666666666667,7.8,5.9,4.720000000000001,3.9333333333333336,1.9666666666666668,2018-10-10,9,47.2
12.0,12.0,8.8,5.300000000000001,3.8000000000000003,1.9333333333333333,1.45,1.1600000000000001,0.9833333333333334,0.5583333333333333,2018-10-11,9,13.400000000000002
53.6,42.4,32.2,18.3,12.533333333333333,6.3999999999999995,4.8,3.84,3.1999999999999997,1.5999999999999999,2018-11-07,9,38.39999999999999
15.2,10.399999999999999,9.0,7.4,5.666666666666667,3.8666666666666667,3.1,2.54,2.1666666666666665,1.3833333333333335,2018-11-08,9,33.2
4.8,3.5999999999999996,2.5999999999999996,2.2,1.8666666666666665,1.5333333333333334,1.225,1.1600000000000001,1.0333333333333334,0.5750000000000001,2018-11-19,9,13.799999999999999
7.2,6.4,5.0,3.0,2.1333333333333333,1.3333333333333333,1.05,0.9,0.7666666666666667,0.5666666666666667,2018-11-20,9,13.599999999999998
18.4,16.799999999999997,11.4,7.1,4.8,2.466666666666667,1.85,1.48,1.2333333333333334,0.775,2018-12-07,9,18.6
44.0,22.8,11.6,5.8,3.8666666666666667,1.9333333333333333,2.075,1.78,1.5666666666666667,1.0,2018-12-24,9,24.0
43.2,36.400000000000006,23.6,11.9,7.933333333333334,3.966666666666667,2.975,2.38,1.9833333333333334,0.9916666666666667,2019-01-16,9,23.8
24.8,21.6,12.0,7.300000000000001,5.266666666666667,3.8666666666666667,2.925,2.34,1.95,0.975,2019-01-25,9,23.4
18.4,16.0,12.6,8.0,6.066666666666666,4.9,4.175,3.4,2.8333333333333335,1.4916666666666665,2019-02-04,9,35.8
8.8,7.6000000000000005,5.4,3.4,2.533333333333333,1.9000000000000001,1.55,1.3800000000000001,1.4166666666666667,0.725,2019-02-05,9,17.4
34.4,29.2,17.0,9.2,6.333333333333333,3.5666666666666664,2.675,2.1399999999999997,1.7833333333333332,0.8916666666666666,2019-02-06,9,21.4
37.6,26.800000000000004,19.400000000000002,11.7,8.866666666666665,5.3999999999999995,4.125,3.34,2.783333333333333,1.3916666666666666,2019-02-13,9,33.4
83.2,52.0,27.0,13.6,9.266666666666667,4.7,3.65,2.94,2.4499999999999997,1.2249999999999999,2019-02-17,9,29.400000000000006
2.4,2.4,2.2,1.9,1.6666666666666667,1.3666666666666665,1.15,1.04,0.8666666666666667,0.43333333333333335,2019-02-18,9,10.4
28.8,22.0,16.2,8.5,5.666666666666667,2.8333333333333335,2.125,1.7,1.4166666666666667,0.7166666666666667,2019-02-19,9,17.2
19.2,16.8,10.600000000000001,5.6000000000000005,4.466666666666667,2.4333333333333336,1.8250000000000002,1.4600000000000002,1.2166666666666668,0.6083333333333334,2019-02-25,9,14.600000000000001
40.8,27.6,23.6,13.0,10.4,7.7,5.825,4.66,3.8833333333333333,1.9833333333333334,2019-03-01,9,47.599999999999994
93.6,78.8,64.0,33.6,22.466666666666665,11.299999999999999,8.5,6.8,5.666666666666667,2.841666666666667,2019-03-03,9,68.2
63.2,45.2,25.8,12.9,8.6,4.3,3.225,2.58,2.15,1.075,2019-03-13,9,25.8
85.6,50.8,37.599999999999994,19.499999999999996,12.999999999999998,7.133333333333333,5.374999999999999,4.299999999999999,4.033333333333333,2.0416666666666665,2019-03-15,9,49.0
24.0,19.6,12.0,6.2,4.266666666666667,2.1333333333333333,1.5999999999999999,1.2799999999999998,1.0666666666666667,0.5416666666666666,2019-03-16,9,13.0
66.4,38.800000000000004,20.200000000000003,10.200000000000001,6.800000000000001,3.4000000000000004,2.5500000000000003,2.04,1.7000000000000002,0.8500000000000001,2019-03-19,9,20.400000000000002
6.4,4.8,4.3999999999999995,3.7,2.8000000000000003,1.4000000000000001,1.1500000000000001,1.02,0.8833333333333333,0.48333333333333334,2019-03-20,9,11.6
20.0,13.2,7.6000000000000005,5.1,3.8666666666666667,2.733333333333333,2.125,1.7,1.4166666666666667,1.2166666666666666,2019-03-21,9,29.199999999999996
35.2,30.8,17.4,9.1,6.066666666666666,3.0333333333333337,2.3000000000000003,1.8400000000000003,1.5333333333333334,0.7666666666666667,2019-03-29,9,18.400000000000002
19.2,10.799999999999999,7.4,5.3,4.0,2.6666666666666665,2.075,1.6600000000000001,1.3833333333333335,0.6916666666666668,2019-04-08,9,16.599999999999998
35.2,24.8,20.2,13.500000000000002,10.866666666666667,6.3999999999999995,5.425,4.82,4.383333333333334,2.4833333333333334,2019-04-09,9,59.6
16.0,12.4,7.4,5.4,3.8666666666666667,2.5,1.9,1.6,1.3333333333333333,0.9083333333333333,2019-04-10,9,21.8
9.6,9.6,7.0,3.8,2.6666666666666665,1.5999999999999999,1.275,1.02,0.85,0.425,2019-04-14,9,10.200000000000001
25.6,24.8,17.8,9.1,6.066666666666667,3.233333333333334,2.4250000000000003,1.9400000000000002,1.616666666666667,0.9166666666666666,2019-05-07,9,22.0
64.8,34.8,17.599999999999998,8.799999999999999,6.3999999999999995,3.233333333333333,2.425,1.94,1.6666666666666667,0.8916666666666666,2019-05-15,9,21.400000000000002
7.2,6.800000000000001,5.4,4.7,3.6666666666666665,2.033333333333333,1.55,1.26,1.0666666666666667,0.6083333333333333,2019-08-04,9,14.600000000000001
17.6,9.600000000000001,5.200000000000001,3.0,2.733333333333334,1.8333333333333333,1.375,1.1,0.9166666666666666,0.4583333333333333,2019-09-01,9,11.0
8.8,6.800000000000001,4.4,3.5,2.4666666666666663,1.7000000000000002,1.575,1.3,1.1166666666666667,0.5750000000000001,2019-09-22,9,13.8
6.4,6.4,5.0,3.0000000000000004,2.2,1.2333333333333334,1.175,1.1800000000000002,1.1333333333333335,0.6833333333333335,2019-09-26,9,16.400000000000002
4.8,4.4,3.6,2.9,2.533333333333333,1.4333333333333333,1.075,0.86,0.7166666666666667,0.44166666666666665,2019-10-08,9,10.599999999999998
13.6,11.6,9.0,7.1,5.933333333333334,5.466666666666666,4.225,3.46,2.9166666666666665,1.5,2019-10-09,9,36.0
36.0,20.4,10.4,5.2,3.466666666666667,1.7333333333333334,1.3,1.04,0.8666666666666667,0.43333333333333335,2019-10-25,9,10.399999999999999
13.6,8.0,6.6,4.4,3.1333333333333333,1.5666666666666667,1.175,0.9800000000000001,0.8666666666666667,0.44166666666666665,2019-11-11,9,10.600000000000001
15.2,13.2,10.6,6.4,4.266666666666667,2.3333333333333335,1.75,1.4,1.1666666666666667,0.5833333333333334,2019-11-23,9,14.0
29.6,18.0,13.600000000000001,8.100000000000001,5.466666666666668,2.733333333333334,2.0500000000000003,1.6400000000000001,1.366666666666667,0.6833333333333335,2019-12-05,9,16.4
6.4,5.6,5.199999999999999,5.0,3.8666666666666667,2.0,1.5,1.2,1.0,0.5166666666666667,2019-12-10,9,12.4
44.0,41.6,29.8,15.5,10.466666666666667,5.3,3.975,3.2,2.6666666666666665,1.3499999999999999,2019-12-12,9,32.4
43.2,36.8,25.0,17.400000000000002,12.0,7.266666666666667,5.45,4.36,3.6333333333333333,1.8166666666666667,2019-12-22,9,43.599999999999994
32.8,28.799999999999997,17.400000000000002,9.6,6.6000000000000005,4.633333333333334,3.7,3.1,2.5833333333333335,1.375,2019-12-23,9,32.99999999999999
28.8,19.6,11.4,5.8,3.9333333333333336,1.9666666666666668,1.475,1.1800000000000002,0.9833333333333334,0.5083333333333334,2019-12-24,9,12.200000000000001
28.8,19.6,11.8,6.0,4.0,2.5,1.875,1.5,1.25,0.6583333333333333,2020-01-13,9,15.8
14.4,12.4,7.4,4.2,2.8000000000000003,2.6333333333333333,1.975,1.58,1.3166666666666667,0.6583333333333333,2020-01-17,9,15.8
48.0,37.6,19.2,9.6,6.3999999999999995,3.3333333333333335,2.5,2.0,1.6666666666666667,0.8333333333333334,2020-02-01,9,20.0
12.8,10.8,9.4,8.1,6.466666666666666,3.966666666666667,2.975,2.38,1.9833333333333334,1.0416666666666667,2020-02-02,9,25.0
37.6,28.8,15.8,8.200000000000001,5.533333333333334,3.6666666666666665,2.75,2.2,1.8333333333333333,1.6083333333333334,2020-02-03,9,38.599999999999994
49.6,45.6,33.8,17.9,12.533333333333333,6.266666666666667,4.7,3.7600000000000002,3.1333333333333333,1.5750000000000002,2020-02-05,9,37.8
72.8,52.0,31.0,16.5,14.866666666666667,8.266666666666666,6.275,5.04,4.2,2.1,2020-02-10,9,50.4
6.4,5.2,3.1999999999999997,2.0,1.8,1.2,1.0750000000000002,1.1600000000000001,1.05,0.7333333333333334,2020-02-11,9,17.6
4.8,4.8,4.0,2.8,2.1333333333333333,1.1666666666666667,0.9249999999999999,0.82,0.6833333333333332,0.4583333333333333,2020-02-12,9,11.0
34.4,26.0,15.4,9.1,6.133333333333334,3.4000000000000004,2.5500000000000003,2.04,1.7000000000000002,0.8500000000000001,2020-02-21,9,20.4
24.8,18.8,12.2,7.1,5.0,2.8333333333333335,2.125,1.7,1.4166666666666667,0.7083333333333334,2020-02-29,9,17.0
50.4,38.0,31.2,18.7,13.533333333333333,7.3999999999999995,5.75,4.680000000000001,3.9166666666666665,2.225,2020-03-01,9,53.39999999999999
3.2,2.8,2.5999999999999996,2.1,1.9333333333333336,1.5666666666666667,1.2,1.1,1.0,0.5666666666666667,2020-03-02,9,13.600000000000001
22.4,15.6,8.399999999999999,5.3,5.533333333333334,2.8000000000000003,2.1,1.6800000000000002,1.4000000000000001,0.7000000000000001,2020-03-20,9,16.799999999999997
7.2,6.800000000000001,5.8,3.1,2.1999999999999997,1.9333333333333333,1.4749999999999999,1.24,1.1666666666666667,0.6749999999999999,2020-03-21,9,16.200000000000003
24.0,14.0,8.0,4.0,3.4,2.1999999999999997,1.65,1.3199999999999998,1.0999999999999999,0.5499999999999999,2020-05-02,9,13.2
14.4,8.4,6.800000000000001,5.5,4.466666666666667,2.2333333333333334,1.675,1.34,1.1166666666666667,0.5583333333333333,2020-05-14,9,13.4
9.6,7.6,6.800000000000001,5.1000000000000005,4.533333333333333,3.1333333333333333,2.5500000000000003,2.08,1.7333333333333334,1.1666666666666667,2020-08-21,9,28.0
8.0,6.399999999999999,4.8,3.5999999999999996,3.5333333333333337,2.466666666666667,2.1,1.9600000000000002,1.8,0.9333333333333335,2020-08-22,9,22.4
4.8,3.5999999999999996,2.4,1.8,1.866666666666667,1.0666666666666667,1.025,0.82,0.6833333333333332,0.4166666666666667,2020-09-21,9,10.0
16.8,15.2,11.0,8.0,6.666666666666667,4.533333333333333,4.1499999999999995,3.7399999999999998,3.183333333333333,2.025,2020-09-22,9,48.599999999999994
22.4,14.399999999999999,10.0,7.6,5.3999999999999995,4.233333333333333,3.225,2.58,2.15,1.075,2020-10-30,9,25.8
35.2,28.400000000000002,19.000000000000004,12.8,9.000000000000002,4.500000000000001,3.3750000000000004,2.7,2.25,1.3916666666666666,2020-11-18,9,33.4
17.6,9.600000000000001,6.2,4.1000000000000005,2.8666666666666667,1.7333333333333334,1.3,1.04,0.8666666666666667,0.5416666666666666,2020-11-19,9,13.000000000000002
35.2,18.8,9.6,4.8,3.466666666666667,1.8,1.35,1.08,0.9,0.4583333333333334,2020-11-22,9,11.0
57.6,45.2,32.6,16.9,11.333333333333334,6.066666666666666,4.55,3.6399999999999997,3.033333333333333,2.066666666666667,2020-12-07,9,49.599999999999994
22.4,17.6,10.999999999999998,7.5,6.866666666666667,3.5,2.625,2.1,1.75,0.875,2020-12-08,9,21.0
19.2,16.0,10.0,7.3999999999999995,5.266666666666667,2.6999999999999997,2.025,1.72,1.5999999999999999,0.8083333333333332,2020-12-10,9,19.400000000000002
41.6,26.4,18.4,14.9,10.866666666666667,9.2,7.7250000000000005,6.26,5.216666666666667,2.6083333333333334,2020-12-25,9,62.599999999999994
4.0,3.6,3.0,1.9000000000000001,1.5333333333333332,0.9666666666666668,0.9750000000000001,0.8200000000000001,0.8166666666666668,0.5916666666666667,2020-12-27,9,14.200000000000001
36.8,21.599999999999998,12.2,6.1,4.133333333333333,2.333333333333333,1.775,1.7399999999999998,2.066666666666667,1.0416666666666667,2021-01-02,9,25.0
10.4,9.2,5.8,3.7,3.0666666666666664,1.6666666666666667,1.25,1.0,0.8333333333333334,0.4166666666666667,2021-01-03,9,10.0
48.8,29.2,27.799999999999997,17.0,15.133333333333333,8.6,6.875,5.6,4.666666666666667,2.5416666666666665,2021-02-05,9,60.99999999999999
30.4,18.0,11.2,7.3,5.066666666666666,2.5333333333333337,1.925,1.56,1.3333333333333333,0.6833333333333332,2021-02-06,9,16.4
21.6,19.6,13.000000000000002,8.8,6.6000000000000005,3.6,2.7,2.16,1.8,0.9083333333333333,2021-02-13,9,21.8
34.4,27.2,17.4,9.6,6.733333333333334,3.466666666666667,2.6,2.08,1.7333333333333334,0.8666666666666667,2021-02-20,9,20.799999999999997
60.0,42.8,32.6,20.1,13.866666666666667,6.933333333333334,5.2,4.16,3.466666666666667,1.7333333333333334,2021-03-06,9,41.599999999999994
57.6,38.4,34.6,17.7,11.866666666666667,5.966666666666666,4.475,3.6,3.0,1.5,2021-03-16,9,36.0
12.8,10.4,7.2,3.6999999999999997,3.0666666666666664,1.6666666666666667,1.4000000000000001,1.1800000000000002,0.9833333333333334,0.5,2021-04-13,9,12.0
39.2,38.8,22.4,14.9,10.200000000000001,5.133333333333334,3.85,3.08,2.566666666666667,1.2833333333333334,2021-05-30,9,30.799999999999997
17.6,14.4,9.0,4.9,3.266666666666667,1.6666666666666667,1.25,1.0,0.8333333333333334,0.4166666666666667,2021-09-12,9,10.000000000000002
44.0,33.6,20.8,10.6,7.066666666666666,4.5,3.525,2.82,2.35,1.175,2021-10-03,9,28.2
4.8,3.5999999999999996,3.2,2.4,2.2,1.5999999999999999,1.25,1.1199999999999999,1.0,0.6083333333333333,2021-10-11,9,14.6
8.0,7.2,5.4,3.7,3.0666666666666664,2.733333333333333,2.3499999999999996,2.06,1.7333333333333334,0.8666666666666667,2021-10-20,9,20.800000000000004
13.6,13.2,11.600000000000001,9.3,7.800000000000001,5.8,4.7,4.04,3.5,1.7916666666666667,2021-11-01,9,43.0
30.4,21.6,13.8,7.0,4.733333333333333,2.533333333333333,1.9,1.52,1.2666666666666666,0.6333333333333333,2021-12-05,9,15.200000000000003
8.8,6.0,4.0,2.9,2.466666666666667,1.9666666666666668,1.5250000000000001,1.2400000000000002,1.05,0.525,2021-12-07,9,12.600000000000001
48.0,34.4,18.0,9.1,6.066666666666666,3.033333333333333,2.275,1.8199999999999998,1.5166666666666666,0.7583333333333333,2021-12-12,9,18.2
40.0,27.2,17.599999999999998,9.8,6.933333333333334,3.5,2.625,2.1,1.75,0.875,2021-12-16,9,21.0
31.2,18.8,11.4,6.7,4.8,3.8333333333333335,3.6750000000000003,3.22,2.716666666666667,1.375,2021-12-17,9,33.0
33.6,22.8,12.8,6.9,6.133333333333333,3.5666666666666664,2.7,2.2,1.8333333333333333,0.9166666666666666,2021-12-23,9,22.0
20.0,14.4,10.600000000000001,7.999999999999999,8.333333333333334,4.433333333333333,3.35,2.7,2.25,1.125,2021-12-30,9,27.0
9.6,9.2,5.2,4.0,3.066666666666667,2.0,1.625,1.34,1.1333333333333333,0.8333333333333334,2022-01-07,9,20.000000000000004
7.2,7.2,5.8,4.0,2.866666666666667,2.466666666666667,2.275,2.3,1.9666666666666668,1.1583333333333334,2022-01-08,9,27.800000000000004
4.0,2.4,2.0,1.6,1.2666666666666666,0.9,0.7000000000000001,0.56,0.46666666666666673,0.4166666666666667,2022-01-10,9,10.0
51.2,51.2,31.000000000000004,16.1,11.0,5.633333333333334,4.2250000000000005,3.3800000000000003,2.8166666666666664,1.6416666666666666,2022-01-11,9,39.4
45.6,38.0,21.0,10.9,7.333333333333333,3.6666666666666665,2.75,2.2,1.8333333333333333,0.9833333333333333,2022-01-29,9,23.6
13.6,7.200000000000001,6.6,4.8,3.933333333333333,2.3666666666666667,1.775,1.42,1.1833333333333333,0.7999999999999999,2022-01-30,9,19.2
29.6,22.0,12.2,6.200000000000001,4.2,2.1,1.6,1.34,1.1333333333333335,0.5833333333333334,2022-02-02,9,14.0
5.6,5.6,5.3999999999999995,4.8999999999999995,4.666666666666667,2.933333333333333,2.1999999999999997,1.7599999999999998,1.4666666666666666,0.7333333333333333,2022-02-07,9,17.6
12.8,7.6000000000000005,4.4,4.0,2.8000000000000003,2.0,1.5250000000000001,1.2200000000000002,1.0166666666666668,0.5083333333333334,2022-02-21,9,12.2
16.0,13.2,11.0,8.6,6.266666666666667,4.333333333333333,3.275,2.62,2.183333333333333,1.0916666666666666,2022-03-20,9,26.200000000000003
48.0,34.4,22.2,12.4,8.266666666666667,4.233333333333333,3.175,2.54,2.1166666666666667,1.075,2022-03-31,9,25.8
32.0,23.2,12.0,6.1000000000000005,4.266666666666667,2.5,1.875,1.5,1.25,0.6416666666666667,2022-04-01,9,15.4
24.8,21.200000000000003,10.600000000000001,5.5,3.6666666666666665,2.1666666666666665,1.675,1.3800000000000001,1.1833333333333333,1.0333333333333334,2022-04-02,9,24.799999999999997
12.8,8.8,5.3999999999999995,3.5,3.933333333333333,2.1666666666666665,1.75,1.4,1.1666666666666667,0.5916666666666667,2022-04-06,9,14.2
40.8,24.799999999999997,16.0,10.2,6.933333333333334,3.466666666666667,2.6,2.08,1.7333333333333334,0.8666666666666667,2022-04-09,9,20.799999999999997
20.8,19.6,11.600000000000001,6.6,4.8,2.9,2.175,1.7600000000000002,1.4666666666666668,1.3416666666666668,2022-04-14,9,32.2
57.6,46.400000000000006,37.0,22.5,19.599999999999998,16.033333333333335,15.3,13.080000000000002,11.283333333333333,6.075,2022-04-30,9,145.8
43.2,23.6,12.4,6.300000000000001,4.266666666666667,2.9000000000000004,2.2,1.7600000000000002,1.4666666666666668,0.7333333333333334,2022-05-04,9,17.599999999999998
8.0,5.6,5.0,3.4,2.4,1.5,1.2,1.02,0.8666666666666667,0.43333333333333335,2022-06-04,9,10.399999999999999
13.6,8.0,4.199999999999999,3.2,2.4,1.3,1.05,0.9,0.8166666666666668,0.44166666666666665,2022-08-11,9,10.600000000000001
6.4,6.0,4.6,3.9,2.9333333333333336,1.9000000000000001,1.675,1.5,1.3833333333333335,0.7916666666666666,2022-09-16,9,19.0
9.6,8.8,6.799999999999999,5.2,4.733333333333333,3.0999999999999996,2.525,2.06,1.75,0.9333333333333332,2022-09-28,9,22.4
5.6,4.8,3.6,2.4000000000000004,2.066666666666667,1.2,1.1500000000000001,0.9800000000000001,0.8333333333333334,0.43333333333333335,2022-09-29,9,10.399999999999999
40.8,37.2,20.8,11.8,7.866666666666667,3.9333333333333336,2.95,2.3600000000000003,1.9666666666666668,1.0333333333333334,2022-10-28,9,24.799999999999997
9.6,9.2,7.4,4.2,3.466666666666667,1.9666666666666668,1.5,1.34,1.2,0.8833333333333333,2022-11-02,9,21.200000000000003
32.0,30.0,21.8,12.700000000000001,9.133333333333335,4.666666666666667,3.5,2.8,2.3333333333333335,1.1666666666666667,2022-11-16,9,28.000000000000004
5.6,4.800000000000001,4.8,4.5,4.0,2.1999999999999997,1.65,1.3199999999999998,1.0999999999999999,0.5499999999999999,2022-11-24,9,13.2
6.4,5.200000000000001,4.4,3.9000000000000004,3.9999999999999996,2.3666666666666667,2.075,1.7399999999999998,1.5,0.7666666666666666,2022-12-20,9,18.4
10.4,9.600000000000001,9.0,5.8,5.3999999999999995,3.1333333333333333,2.45,2.0000000000000004,1.75,0.9166666666666666,2022-12-21,9,22.0
14.4,10.8,9.0,5.3999999999999995,5.2,3.566666666666667,2.725,2.2,1.8333333333333333,0.9166666666666666,2022-12-30,9,22.0
57.6,37.2,20.4,10.3,6.866666666666667,3.4333333333333336,2.575,2.06,1.7166666666666668,,2023-01-03,9,20.6
4.8,4.8,3.6,3.3,2.733333333333333,1.9000000000000001,1.5250000000000001,1.36,1.2833333333333334,0.6583333333333333,2023-01-05,9,15.8
4.0,3.5999999999999996,3.0,2.0,1.5333333333333334,1.366666666666667,1.15,1.08,1.1500000000000001,,2023-01-06,9,20.2
3.2,3.2,2.6,2.2,2.1333333333333333,1.5999999999999999,1.4250000000000003,1.28,1.1333333333333335,,2023-01-07,9,14.0
8.8,8.4,6.8,3.7,2.466666666666667,1.3,1.1,0.8800000000000001,0.7333333333333334,0.7000000000000001,2023-01-09,9,16.8
51.2,34.0,20.2,10.9,7.866666666666667,4.4,3.3000000000000003,2.64,2.2,1.1,2023-01-20,9,26.400000000000006
8.0,6.8,6.4,3.9,4.133333333333334,2.2666666666666666,1.7,1.3599999999999999,1.1333333333333333,0.5666666666666667,2023-01-29,9,13.6
89.6,73.6,51.0,33.8,29.933333333333334,19.233333333333334,15.1,12.16,10.133333333333335,5.066666666666667,2023-02-07,9,121.6
8.8,7.6000000000000005,6.0,4.3,3.466666666666667,1.9000000000000001,1.425,1.1400000000000001,0.9500000000000001,0.47500000000000003,2023-02-11,9,11.4
12.8,11.600000000000001,8.0,4.800000000000001,3.3333333333333335,1.6666666666666667,1.25,1.0,0.8333333333333334,,2023-02-13,9,10.0
16.8,15.2,12.2,7.6000000000000005,6.666666666666667,3.3333333333333335,2.5,2.0,1.6666666666666667,,2023-02-28,9,20.0
4.8,4.8,4.4,3.6,3.466666666666667,2.6333333333333333,1.975,1.58,1.3166666666666667,,2023-03-11,9,15.799999999999997
23.2,14.0,9.4,5.3,3.5999999999999996,1.8999999999999997,1.4249999999999998,1.14,0.9499999999999998,0.4749999999999999,2023-03-27,9,11.4
68.0,47.2,32.8,19.3,13.6,7.1000000000000005,5.325,4.26,3.5500000000000003,1.7750000000000001,2023-03-30,9,42.60000000000001
12.0,9.2,6.800000000000001,5.2,3.6666666666666665,2.033333333333333,1.625,1.3,1.0999999999999999,,2023-04-08,9,18.799999999999997
17.6,13.6,12.6,10.0,7.866666666666666,4.066666666666667,3.1,2.62,2.3,1.2166666666666666,2023-04-09,9,29.2
74.4,61.2,35.2,19.2,12.799999999999999,6.433333333333334,4.825,3.8600000000000003,3.216666666666667,1.6083333333333334,2023-04-14,9,38.6
7.2,6.800000000000001,6.199999999999999,4.7,4.133333333333334,2.1999999999999997,1.65,1.3199999999999998,1.0999999999999999,0.5499999999999999,2023-04-19,9,13.200000000000001
21.6,17.6,13.200000000000001,6.800000000000001,4.6000000000000005,2.3333333333333335,1.7500000000000002,1.44,1.2,0.6,2023-04-28,9,14.400000000000002
23.2,22.799999999999997,16.599999999999998,9.1,6.333333333333333,3.533333333333333,2.775,2.6,2.183333333333333,,2023-05-10,9,26.2
5.6,3.6,2.0,1.4,1.1333333333333333,0.9333333333333332,0.775,0.74,0.7333333333333333,0.5166666666666667,2023-08-26,9,12.400000000000002
8.0,7.2,5.4,4.6000000000000005,4.466666666666667,3.0333333333333337,2.375,1.9,1.5833333333333333,1.075,2023-08-27,9,25.8
7.2,6.8,6.4,5.8,4.466666666666667,3.033333333333333,2.375,1.92,1.95,,2023-10-01,9,23.8
44.0,39.2,19.8,10.0,6.666666666666667,3.4333333333333336,2.575,2.06,1.7166666666666668,0.8666666666666667,2023-10-05,9,20.8
39.2,27.6,15.600000000000001,8.1,5.3999999999999995,2.6999999999999997,2.025,1.6199999999999999,1.3499999999999999,,2023-10-26,9,16.2
17.6,17.200000000000003,10.600000000000001,6.7,5.333333333333333,3.4333333333333336,2.85,2.2800000000000002,1.9000000000000001,0.9500000000000001,2023-10-29,9,22.800000000000004
35.2,29.200000000000003,22.0,15.9,10.799999999999999,5.3999999999999995,4.05,3.2399999999999998,2.6999999999999997,,2023-11-14,9,32.4
12.0,10.4,6.0,4.0,2.733333333333334,1.366666666666667,1.0250000000000001,1.0,0.9,0.46666666666666673,2023-11-19,9,11.200000000000001
16.0,10.8,6.0,3.4000000000000004,3.866666666666667,2.2,1.6500000000000001,1.32,1.1,,2023-11-23,9,13.199999999999998
36.0,18.4,9.2,4.7,3.1333333333333333,1.7333333333333334,1.3,1.04,0.9,0.5833333333333334,2023-12-11,9,14.0
11.2,6.8,6.0,5.1,4.133333333333334,2.066666666666667,1.55,1.24,1.0333333333333334,,2024-01-03,9,12.999999999999996
4.8,4.4,3.8,2.7,2.266666666666667,1.4000000000000001,1.5250000000000001,1.3599999999999999,1.1333333333333333,,2024-01-04,9,13.600000000000001
31.2,20.0,11.0,5.8,4.133333333333334,2.2666666666666666,1.7,1.3599999999999999,1.1333333333333333,,2024-01-11,9,13.6
25.6,20.4,13.6,8.4,6.266666666666667,4.733333333333333,4.075,3.2600000000000002,2.716666666666667,1.5666666666666667,2024-01-13,9,37.6
31.2,24.799999999999997,17.8,9.9,8.200000000000001,4.766666666666667,3.625,2.96,2.5,1.25,2024-01-14,9,30.0
55.2,46.0,29.8,22.5,16.999999999999996,8.799999999999999,6.625,5.3,4.416666666666667,2.625,2024-01-21,9,63.0
12.0,8.8,4.8,3.2,2.2666666666666666,1.3333333333333333,1.0,0.8,0.6666666666666666,0.5583333333333333,2024-01-22,9,13.4
9.6,7.199999999999999,6.8,5.8,4.8,3.3666666666666667,2.975,2.82,2.5166666666666666,1.3,2024-01-23,9,31.200000000000003
6.4,6.0,5.6,4.5,4.266666666666667,2.5,1.875,1.5,1.25,0.625,2024-01-28,9,15.0
46.4,37.6,33.4,19.5,13.4,6.766666666666667,5.075,4.0600000000000005,3.3833333333333333,1.6916666666666667,2024-01-31,9,40.6
25.6,14.4,7.4,4.1000000000000005,2.733333333333334,1.7333333333333334,1.3,1.04,0.8666666666666667,0.43333333333333335,2024-02-02,9,10.4
84.0,61.6,36.2,18.3,12.266666666666667,6.166666666666667,4.625,3.7,3.0833333333333335,,2024-02-04,9,37.0
88.8,80.8,67.0,40.199999999999996,26.933333333333334,13.566666666666668,10.175,8.14,6.783333333333334,3.391666666666667,2024-02-14,9,81.39999999999999
19.2,18.799999999999997,14.599999999999998,7.8,6.133333333333334,4.533333333333333,4.375,4.2,3.816666666666667,2.625,2024-02-15,9,79.2
8.0,7.2,5.800000000000001,3.6,3.9333333333333336,2.8000000000000003,2.6750000000000003,2.16,1.8,0.8999999999999999,2024-02-21,9,22.2
30.4,29.6,25.4,18.599999999999998,14.200000000000001,9.200000000000001,7.925000000000001,6.7,5.583333333333333,2.7916666666666665,2024-03-05,9,67.0
4.0,3.6,3.4000000000000004,2.5999999999999996,2.066666666666667,1.5999999999999999,1.275,1.08,0.9,0.47500000000000003,2024-03-06,9,17.599999999999998
51.2,48.400000000000006,41.0,24.8,16.533333333333335,8.266666666666667,6.225,5.220000000000001,4.966666666666667,2.5166666666666666,2024-03-09,9,60.400000000000006
8.0,7.2,6.6,5.1,3.933333333333333,2.2666666666666666,1.7,1.3599999999999999,1.1333333333333333,0.5666666666666667,2024-03-19,9,13.6
14.4,14.0,13.600000000000001,12.600000000000001,12.466666666666667,8.333333333333334,7.15,5.98,5.066666666666667,3.275,2024-03-22,9,88.39999999999999
4.8,4.8,4.4,3.5,3.266666666666667,2.4333333333333336,2.125,1.8399999999999999,1.5666666666666667,0.8416666666666668,2024-03-24,9,31.400000000000002
3.2,3.2,2.8000000000000003,2.1,1.5999999999999999,1.0,0.75,0.6,0.5,0.45,2024-03-26,9,12.8
