id_pop,id_evento,bairro,data_inicio,data_fim,prazo,descricao,gravidade,latitude,longitude,status,tipo,data_particao,prazo_num
5.0,66955,Caju,2021-10-15 22:11:46+00:00,2021-10-15 22:16:00+00:00,Curto,"Av. rio de janeiro, 675 - caju",Baixo,-22.8914485,-43.2146295,Fechado,Bolsão d'água em via,2021-10-15,
5.0,67278,Lagoa,2021-10-24 16:34:17+00:00,2021-10-24 19:52:44+00:00,Curto,"Av. epitácio pessoa, alt. r. garcia d'avila- lagoa",Baixo,-22.9809424,-43.2087197,Fechado,Bolsão d'água em via,2021-10-24,
5.0,67280,Lagoa,2021-10-24 16:45:02+00:00,2021-10-24 18:19:05+00:00,Curto,"Av. borges de medeiros, alt. r. batista da costa - lagoa - sent. gávea",Baixo,-22.9653233,-43.21588140000001,Fechado,Bolsão d'água em via,2021-10-24,
5.0,67279,Lagoa,2021-10-24 16:39:46+00:00,2021-10-24 17:50:16+00:00,Curto,"Viaduto saint hilaire, alt. alça de acesso av. borges de medeiros  - lagoa - sent. gávea",Baixo,-22.96105600867917,-43.204173110745245,Fechado,Bolsão d'água em via,2021-10-24,
5.0,66613,Penha,2021-10-03 17:29:02+00:00,2021-10-03 18:15:23+00:00,Curto,Rua ibiapina - alt. r. monsenhor alves rocha - penha,Baixo,-22.8416106,-43.276258,Fechado,Bolsão d'água em via,2021-10-03,
5.0,66622,Cacuia,2021-10-03 19:26:26+00:00,2021-10-03 19:44:25+00:00,Curto,Praia da bica - alt. n° 1191 - cacuia,Baixo,-22.8214792,-43.1896036,Fechado,Bolsão d'água em via,2021-10-03,
5.0,67113,Centro,2021-10-20 09:49:37+00:00,2021-10-20 12:20:02+00:00,Curto,Av. passos - alt. rua buenos aires - centro,Baixo,-22.9047696,-43.1831891,Fechado,Bolsão d'água em via,2021-10-20,
5.0,67283,Centro,2021-10-24 17:14:51+00:00,2021-10-24 18:42:30+00:00,Curto,"R. teixeira de freitas, alt. r. moraes e vale - centro - sent. av. beira mar",Baixo,-22.9157143,-43.1762239,Fechado,Bolsão d'água em via,2021-10-24,
5.0,66616,Centro,2021-10-03 17:52:16+00:00,2021-10-03 18:17:35+00:00,Curto,Rua da carioca - praça tiradentes - centro,Baixo,-22.9070535,-43.1818663,Fechado,Bolsão d'água em via,2021-10-03,
5.0,67282,Centro,2021-10-24 17:02:59+00:00,2021-10-24 17:50:59+00:00,Curto,"Av. mende sá, alt. r. frei caneca  - centro",Baixo,-22.912669,-43.176821,Fechado,Bolsão d'água em via,2021-10-24,
5.0,66618,Centro,2021-10-03 18:26:00+00:00,2021-10-03 18:53:35+00:00,Curto,Rua da carioca - praça tiradentes - centro,Baixo,-22.9070535,-43.1818663,Fechado,Bolsão d'água em via,2021-10-03,
5.0,66952,Centro,2021-10-15 20:44:42+00:00,2021-10-15 22:10:15+00:00,Curto,"Av. presidente vargas, alt. do cass – cidade nova - sent. praça da bandeira ",Baixo,,,Fechado,Bolsão d'água em via,2021-10-15,
5.0,67124,Centro,2021-10-20 11:33:27+00:00,2021-10-20 17:00:16+00:00,Curto,Rua araújo pôrto alegre - alt. av. rio branco - centro,Baixo,-22.9087873,-43.17440939999999,Fechado,Bolsão d'água em via,2021-10-20,
5.0,66608,Irajá,2021-10-03 17:06:43+00:00,2021-10-03 18:54:50+00:00,Curto,Av. brasil - trevo das margaridas - sent. centro,Baixo,-22.8204814,-43.3204012,Fechado,Bolsão d'água em via,2021-10-03,
5.0,67286,Leblon,2021-10-24 19:44:24+00:00,2021-10-24 19:49:25+00:00,Curto,"Rua tubira, alt. av. bartolomeu mitre - leblon",Baixo,-22.9787422,-43.22373229999999,Fechado,Bolsão d'água em via,2021-10-24,
5.0,67287,Leblon,2021-10-24 20:18:35+00:00,2021-10-24 20:21:07+00:00,Curto,"Av. visc. de albuquerque, alt. r. timóteo da costa - leblon",Baixo,-22.9837629,-43.2321517,Fechado,Bolsão d'água em via,2021-10-24,
5.0,66611,Olaria,2021-10-03 17:22:17+00:00,2021-10-03 18:12:26+00:00,Curto,Av. brasil - alt. r. filomena nunes - sent. centro,Baixo,-22.8368922,-43.2585742,Fechado,Bolsão d'água em via,2021-10-03,
5.0,66619,Olaria,2021-10-03 18:29:39+00:00,2021-10-03 21:23:51+00:00,Curto,"R. dr. nunes, 969 - olaria",Baixo,-22.8412311,-43.26254400000001,Fechado,Bolsão d'água em via,2021-10-03,
5.0,67093,Galeão,2021-10-20 05:32:42+00:00,2021-10-20 11:46:28+00:00,Curto,Estrada do galeão - alt. rua vinte de janeiro - galeão - sent. jardim guanabara,Baixo,-22.811957,-43.2181706,Fechado,Bolsão d'água em via,2021-10-20,
5.0,67276,Ipanema,2021-10-24 16:23:34+00:00,2021-10-24 17:07:20+00:00,Curto,"Av. epitácio pessoa, alt r. vinicius de morais - lagoa ",Baixo,-22.9797488,-43.2024596,Fechado,Bolsão d'água em via,2021-10-24,
5.0,67426,Guaratiba,2021-10-29 06:42:13+00:00,2021-10-29 15:32:53+00:00,Curto,"Estrada da capoeira grande, alt. av. dom joão vi - guaratiba ",Baixo,-22.9942823,-43.5962884,Fechado,Bolsão d'água em via,2021-10-29,
5.0,67273,Guaratiba,2021-10-24 10:46:45+00:00,2021-10-24 11:22:39+00:00,Curto,"Estrada da pedra , alt. clicos - guaratiba",Baixo,-22.9686009,-43.64786780000001,Fechado,Bolsão d'água em via,2021-10-24,
5.0,66951,Maracanã,2021-10-15 20:43:49+00:00,2021-10-15 21:11:43+00:00,Curto,Av. radial oeste - alt. estádio do maracanã - maracanã - sent. meier.,Baixo,-22.9105751,-43.2274341,Fechado,Bolsão d'água em via,2021-10-15,
5.0,66617,Bonsucesso,2021-10-03 18:20:32+00:00,2021-10-03 20:21:58+00:00,Curto,"R. joão torquato, 103 - bonsucesso",Baixo,-22.8578289,-43.2540209,Fechado,Bolsão d'água em via,2021-10-03,
5.0,66610,Bonsucesso,2021-10-03 17:15:40+00:00,2021-10-03 18:16:08+00:00,Curto,Av. brasil - alt. av. paris - bonsucesso - sent. centro,Baixo,-22.8648933,-43.2476607,Fechado,Bolsão d'água em via,2021-10-03,
5.0,66623,Bonsucesso,2021-10-03 20:21:34+00:00,2021-10-03 20:52:51+00:00,Curto,Av. brasil - alt.  bonsucesso - sent. centro.,Baixo,-22.8652537,-43.2476081,Fechado,Bolsão d'água em via,2021-10-03,
5.0,67281,Copacabana,2021-10-24 16:59:57+00:00,2021-10-24 17:27:55+00:00,Curto,"Rua tonelero, alt. r. siqueira campos  - copacabana",Baixo,-22.9666427,-43.1852321,Fechado,Bolsão d'água em via,2021-10-24,
5.0,67418,Itanhangá,2021-10-28 22:54:31+00:00,2021-10-29 04:27:49+00:00,Curto,"Estrada da barra da tijuca, 1020 - itanhangá - sent. alto da boa vista",Baixo,-23.0031817,-43.3036572,Fechado,Bolsão d'água em via,2021-10-28,
5.0,67111,Itanhangá,2021-10-20 09:23:03+00:00,2021-10-20 17:00:38+00:00,Curto,"Estrada da barra da tijuca, 1022 - itanhangá",Baixo,-23.0032877,-43.3038672,Fechado,Bolsão d'água em via,2021-10-20,
5.0,67047,Itanhangá,2021-10-19 06:52:13+00:00,2021-10-19 15:15:38+00:00,Curto,Av engenheiro souza filho - itanhangá,Baixo,-22.9786046,-43.3336748,Fechado,Bolsão d'água em via,2021-10-19,
5.0,67424,Itanhangá,2021-10-29 04:07:27+00:00,2021-10-29 18:09:12+00:00,Curto,"Av. eng. souza filho, 555 - muzema - sent. alto da boa vista",Baixo,-22.9889688,-43.3232225,Fechado,Bolsão d'água em via,2021-10-29,
5.0,67483,Itanhangá,2021-10-31 18:39:44+00:00,2021-11-01 02:25:46+00:00,Curto,Estrada da barra da tijuca n°1020 - itanhangá,Baixo,-23.0031817,-43.3036572,Fechado,Bolsão d'água em via,2021-10-31,
5.0,66612,Manguinhos,2021-10-03 17:24:55+00:00,2021-10-03 18:15:25+00:00,Curto,Rua ibiapina - alt. r. uranos - ramos,Baixo,-22.8454621,-43.2680058,Fechado,Bolsão d'água em via,2021-10-03,
5.0,67486,Santa cruz,2021-10-31 19:38:43+00:00,2021-10-31 21:47:39+00:00,Curto,Estr. da pedra - alt. estação brt santa veridiana - santa cruz - sent. alvorada.,Baixo,-22.94048,-43.66514,Fechado,Bolsão d'água em via,2021-10-31,
5.0,67485,Santa cruz,2021-10-31 19:39:15+00:00,2021-10-31 22:46:26+00:00,Curto,"Estr. da pedra, 184 - santa cruz - ambos os sentidos",Baixo,-22.9442553,-43.6607478,Fechado,Bolsão d'água em via,2021-10-31,
5.0,66615,Cidade nova,2021-10-03 17:45:52+00:00,2021-10-03 19:50:02+00:00,Curto,Av. pres. vargas - alt. cass prefeitura - centro -sent. av. francisco bicalho,Baixo,-22.909807167546152,-43.206555977229314,Fechado,Bolsão d'água em via,2021-10-03,
5.0,66614,Laranjeiras,2021-10-03 17:33:31+00:00,2021-10-03 17:59:32+00:00,Curto,Viaduto eng. noronha - alt. entrada túnel santa bárbara - sent. catumbi,Baixo,-22.9326879,-43.1849795,Fechado,Bolsão d'água em via,2021-10-03,
5.0,67491,Campo grande,2021-10-31 21:54:12+00:00,2021-10-31 22:15:33+00:00,Curto,Av. cesário de melo - alt. cemitério  - campo grande - ambos sentidos.,Baixo,-22.9084387,-43.5731585,Fechado,Bolsão d'água em via,2021-10-31,
5.0,67490,Campo grande,2021-10-31 21:50:17+00:00,2021-10-31 22:18:22+00:00,Curto,Estr. do mendanha - alt. guaracamp - campo grande - ambos sentidos.,Baixo,-22.8592746,-43.5425184,Fechado,Bolsão d'água em via,2021-10-31,
5.0,67488,Campo grande,2021-10-31 21:37:52+00:00,2021-10-31 22:45:35+00:00,Curto,Estr. do mendanha - alt. n° 1161 - campo grande - sent. av. brasil,Baixo,-22.8711864,-43.55467669999999,Fechado,Bolsão d'água em via,2021-10-31,
5.0,66956,Santo cristo,2021-10-15 22:16:21+00:00,2021-10-15 22:18:35+00:00,Curto,"Av. francisco bicalho, alt. iml - santo cristo - sent. av. brasil",Baixo,-22.9046586,-43.2097136,Fechado,Bolsão d'água em via,2021-10-15,
5.0,67277,São conrado,2021-10-24 16:26:48+00:00,2021-10-24 17:27:01+00:00,Curto,"Autoestrada eng. fernando mac dowell, alt. golf clube - são conrado - sent. lagoa",Baixo,-22.99727,-43.2628978,Fechado,Bolsão d'água em via,2021-10-24,
5.0,67092,Barra da tijuca,2021-10-20 05:07:24+00:00,2021-10-20 06:37:08+00:00,Curto,Av. armando lombardi - alt. est. brt jardim oceânico - barra da tijuca - sent. são conrado.,Baixo,-23.0066958,-43.310663,Fechado,Bolsão d'água em via,2021-10-20,
5.0,67412,Barra da tijuca,2021-10-28 21:41:27+00:00,2021-10-29 04:31:20+00:00,Curto,"Av. armando lombardi, alt. jardim. oceânico - barra da tijuca - sent. são conrado",Baixo,-23.0069146,-43.3115945,Fechado,Bolsão d'água em via,2021-10-28,
5.0,67417,Barra da tijuca,2021-10-28 22:45:02+00:00,2021-10-28 23:54:01+00:00,Curto,"Av. min. ivan lins, alt. saída de ponte da joatinga - barra da tijuca - sent. recreio",Baixo,-23.0120744,-43.3002852,Fechado,Bolsão d'água em via,2021-10-28,
5.0,67419,Barra da tijuca,2021-10-28 23:03:03+00:00,2021-10-29 03:41:35+00:00,Curto,"Acesso ponte velha, alt. av. min. ivan lins - barra da tijuca - sent. estr. da barra da tijuca",Baixo,-23.0074354,-43.30395,Fechado,Bolsão d'água em via,2021-10-28,
5.0,67270,Barra da tijuca,2021-10-24 10:15:32+00:00,2021-10-24 11:33:52+00:00,Curto,"Av. armando lombardi, alt. terminal brt jardim oceânico - barra da tijuca -  sent. são conrado",Baixo,-23.0067195,-43.3128293,Fechado,Bolsão d'água em via,2021-10-24,
5.0,66798,Barra da tijuca,2021-10-11 05:08:06+00:00,2021-10-11 06:08:27+00:00,Curto,Av. armando lombardi - alt. estaçao brt jardim oceânico - barra da tijuca - sent. barra,Baixo,-23.0066958,-43.310663,Fechado,Bolsão d'água em via,2021-10-11,
5.0,66950,São cristóvão,2021-10-15 20:40:34+00:00,2021-10-15 21:08:43+00:00,Curto,R. campo de são cristóvão - acesso linha vermelha - são cristóvão - sent. baixada.,Baixo,-22.8966516,-43.22147469999999,Fechado,Bolsão d'água em via,2021-10-15,
5.0,66953,São cristóvão,2021-10-15 21:00:54+00:00,2021-10-15 22:20:13+00:00,Curto,R. bela - alt. rua josé clemente - são cristóvão,Baixo,-22.88534,-43.227479,Fechado,Bolsão d'água em via,2021-10-15,
5.0,66954,São cristóvão,2021-10-15 21:37:48+00:00,2021-10-15 22:54:25+00:00,Curto,"R. gen. bruce, 143 - são cristóvão",Baixo,-22.8930008,-43.2197444,Fechado,Bolsão d'água em via,2021-10-15,
5.0,66949,São cristóvão,2021-10-15 20:34:46+00:00,2021-10-15 20:51:00+00:00,Curto,Largo da cancela - alt. r. são luiz gonzaga - são cristóvão,Baixo,-22.9003568,-43.2247522,Fechado,Bolsão d'água em via,2021-10-15,
5.0,67272,Recreio dos bandeirantes,2021-10-24 10:39:17+00:00,2021-10-24 13:08:50+00:00,Curto,"Rua do sol, 22 - recreio dos bandeirantes",Baixo,-23.0278652,-43.4725433,Fechado,Bolsão d'água em via,2021-10-24,
5.0,67268,Recreio dos bandeirantes,2021-10-24 09:51:03+00:00,2021-10-24 11:43:36+00:00,Curto,"Av. das américas, alt. concessionaria volkswagem - recreio dos bandeirantes - sent. santa cruz",Baixo,-23.013111,-43.4640412,Fechado,Bolsão d'água em via,2021-10-24,
5.0,67269,Recreio dos bandeirantes,2021-10-24 10:01:42+00:00,2021-10-24 11:09:32+00:00,Curto,"Av. genaro de carvalho, alt. r. paulo antunes ribeiro - recreio dos bandeirantes",Baixo,-23.0189831,-43.469043,Fechado,Bolsão d'água em via,2021-10-24,
5.0,67103,Cidade universitária da universidade federal do rio de janeiro,2021-10-20 07:56:36+00:00,2021-10-20 14:19:38+00:00,Curto,Linha vermelha - alt. viaduto brig. tromposki (retorno) - fundão,Baixo,-22.83824183612749,-43.24214895575866,Fechado,Bolsão d'água em via,2021-10-20,
6.0,66620,Bancários,2021-10-03 18:45:06+00:00,2021-10-03 20:49:55+00:00,Curto,Rua ilha fiscal - bancários,Baixo,-22.7887836,-43.1832662,Fechado,Alagamento,2021-10-03,
6.0,66621,Bancários,2021-10-03 18:57:52+00:00,2021-10-03 21:29:54+00:00,Curto,R. carice - bancários - ilha do governador,Baixo,-22.7925343,-43.1854761,Fechado,Alagamento,2021-10-03,
6.0,67100,Itanhangá,2021-10-20 07:07:11+00:00,2021-10-20 14:56:42+00:00,Curto,Av. eng. souza filho - muzema ,Medio,-22.9786046,-43.3336748,Fechado,Alagamento,2021-10-20,
33.0,67085,Lagoa,2021-10-19 21:36:55+00:00,2021-10-20 01:09:07+00:00,Curto,Rua professor abelardo lóbo - alt praça marcos tamoyo - lagoa,Baixo,-22.9614293,-43.2049368,Fechado,Lâmina d'água,2021-10-19,
33.0,67094,Copacabana,2021-10-20 05:55:16+00:00,2021-10-20 08:41:32+00:00,Curto,"Rua figueiredo de magalhães, alt. r. tonelero - copacabana",Baixo,-22.970552,-43.185857,Fechado,Lâmina d'água,2021-10-20,
33.0,67110,Cidade nova,2021-10-20 09:12:00+00:00,2021-10-20 11:44:16+00:00,Curto,Av. pres. vargas - alt. cedae - cidade nova - sent. candelária,Baixo,-22.9087246,-43.20018719999999,Fechado,Lâmina d'água,2021-10-20,
33.0,67107,Barra da tijuca,2021-10-20 08:33:35+00:00,2021-10-20 11:44:18+00:00,Curto,Av. das américas - alt. barra shopping - barra da tijuca - sent. são conrado,Baixo,-23.00026877838556,-43.35888239472047,Fechado,Lâmina d'água,2021-10-20,
33.0,66805,Barra da tijuca,2021-10-11 08:20:42+00:00,2021-10-11 11:55:52+00:00,Curto,Av. das américas - alt. bosque da barra - barra da tijuca,Baixo,-22.9998852,-43.3715151,Fechado,Lâmina d'água,2021-10-11,
5.0,14811,Sem bairro,2017-03-02 18:17:21+00:00,2017-03-02 20:25:56+00:00,Desconhecido,"R. muniz barreto, 330 - botafogo - alt. r . marquês de olinda ",Baixo,-22.9444059,-43.18399160000001,Fechado,Bolsão d'água em via,2017-03-02,
5.0,14813,Sem bairro,2017-03-02 18:24:17+00:00,2017-03-02 20:26:13+00:00,Desconhecido,"R. gen. polidoro, 15 - botafogo - alt. r. da passagem",Baixo,-22.9526864,-43.18264099999999,Fechado,Bolsão d'água em via,2017-03-02,
5.0,14809,Sem bairro,2017-03-02 18:07:52+00:00,2017-03-02 21:44:17+00:00,Desconhecido,"R. do catete, 300 - alt. r. das laranjeiras ",Baixo,-22.9312575,-43.1776375,Fechado,Bolsão d'água em via,2017-03-02,
5.0,14807,Sem bairro,2017-03-02 17:57:00+00:00,2017-03-02 19:59:23+00:00,Desconhecido,"Rua tonelero, 236 - copacabana - alt. r. siqueira campos",Baixo,-22.9672243,-43.18657819999999,Fechado,Bolsão d'água em via,2017-03-02,
5.0,14818,Sem bairro,2017-03-02 18:40:00+00:00,2017-03-02 19:11:31+00:00,Desconhecido,"R. são clemente, 226 - botafogo",Baixo,-22.9497474,-43.19007069999998,Fechado,Bolsão d'água em via,2017-03-02,
5.0,14815,Sem bairro,2017-03-02 18:36:09+00:00,2017-03-02 20:28:53+00:00,Desconhecido,"R. do catete, 153 - alt. r. silveira martins",Baixo,-22.9257792,-43.17649159999996,Fechado,Bolsão d'água em via,2017-03-02,
5.0,14817,Sem bairro,2017-03-02 18:40:16+00:00,2017-03-02 21:45:47+00:00,Desconhecido,"R. da glória, 228 - glória",Baixo,-22.9191272,-43.17722249999997,Fechado,Bolsão d'água em via,2017-03-02,
5.0,14820,Sem bairro,2017-03-02 18:44:18+00:00,2017-03-02 19:31:20+00:00,Desconhecido,"Av. nossa sra. de copacabana, 540 - alt. r. hilário de gouvea",Baixo,-22.9686836,-43.18443990000003,Fechado,Bolsão d'água em via,2017-03-02,
5.0,14814,Sem bairro,2017-03-02 18:27:09+00:00,2017-03-02 18:52:05+00:00,Desconhecido,"R. real grandeza, 301 - botafogo - alt. gen. polidoro",Baixo,-22.957548,-43.19144619999997,Fechado,Bolsão d'água em via,2017-03-02,
5.0,14812,Sem bairro,2017-03-02 18:21:40+00:00,2017-03-02 20:30:21+00:00,Desconhecido,"Praia de botafogo, 515 - alt. r. visconde de ouro preto",Baixo,-22.9458214,-43.1822487,Fechado,Bolsão d'água em via,2017-03-02,
5.0,14808,Sem bairro,2017-03-02 18:04:33+00:00,2017-03-02 20:43:19+00:00,Desconhecido,"R. gago coutinho, 43 - catete - alt. r. bento lisboa",Baixo,-22.931205,-43.18090330000001,Fechado,Bolsão d'água em via,2017-03-02,
5.0,14816,Sem bairro,2017-03-02 18:39:50+00:00,2017-03-02 20:03:06+00:00,Desconhecido,"R. epitácio pessoa, 2-32 - lagoa",Baixo,-22.9781152,-43.19835590000002,Fechado,Bolsão d'água em via,2017-03-02,
5.0,14851,Sem bairro,2017-03-03 19:17:56+00:00,2017-03-03 20:57:02+00:00,Desconhecido,Rua gago coutinho x rua bento lisboa - laranjeiras ,Baixo,,,Fechado,Bolsão d'água em via,2017-03-03,
5.0,14853,Sem bairro,2017-03-03 19:25:06+00:00,2017-03-03 21:09:54+00:00,Desconhecido,Rua marques de olinda - botafogo ,Baixo,,,Fechado,Bolsão d'água em via,2017-03-03,
5.0,14850,Sem bairro,2017-03-03 19:14:50+00:00,2017-03-03 21:22:34+00:00,Desconhecido,Av. beira mar - centro ,Baixo,,,Fechado,Bolsão d'água em via,2017-03-03,
5.0,14849,Sem bairro,2017-03-03 18:59:50+00:00,2017-03-03 21:22:02+00:00,Desconhecido,Rua pedro américo x rua do catete - catete,Baixo,,,Fechado,Bolsão d'água em via,2017-03-03,
5.0,14848,Sem bairro,2017-03-03 18:20:28+00:00,2017-03-03 20:57:59+00:00,Desconhecido,Viaduto trinta e um de março - alt. do catumbi ,Baixo,-22.9142918,-43.194625900000005,Fechado,Bolsão d'água em via,2017-03-03,
5.0,14923,Sem bairro,2017-03-06 19:42:16+00:00,2017-03-06 21:38:43+00:00,Desconhecido,Trevo das missões - parada de lucas,Baixo,,,Fechado,Bolsão d'água em via,2017-03-06,
5.0,14921,Sem bairro,2017-03-06 19:24:22+00:00,2017-03-06 23:29:49+00:00,Desconhecido,Estrada do camboatá - guadalupe,Baixo,-22.851680131739343,-43.39414491704099,Fechado,Bolsão d'água em via,2017-03-06,
5.0,14979,Sem bairro,2017-03-08 12:51:50+00:00,2017-03-08 15:33:32+00:00,Desconhecido,"Av. das américas, 4201 - barra da tijuca",Baixo,-23.0006076,-43.3582462,Fechado,Bolsão d'água em via,2017-03-08,
5.0,14985,Sem bairro,2017-03-08 16:34:09+00:00,2017-03-08 20:28:46+00:00,Desconhecido,"Av. eng. souza filho, 2631 - itanhangá",Baixo,-22.9901182,-43.321878500000025,Fechado,Bolsão d'água em via,2017-03-08,
5.0,14983,Sem bairro,2017-03-08 14:49:34+00:00,2017-03-08 17:15:22+00:00,Desconhecido,"Av. ayrton senna, 5850 - gardênia azul",Baixo,-22.9607613,-43.35660730000001,Fechado,Bolsão d'água em via,2017-03-08,
5.0,14993,Sem bairro,2017-03-09 06:21:41+00:00,2017-03-09 14:11:22+00:00,Desconhecido,"Estr. de jacarepaguá - itanhangá,",Baixo,-22.972177961843784,-43.33096720531006,Fechado,Bolsão d'água em via,2017-03-09,
5.0,15095,Sem bairro,2017-03-14 02:31:45+00:00,2017-03-14 02:45:40+00:00,Desconhecido,"R. gago coutinho, alt r bento lisboa - laranjeiras",Baixo,-22.930767,-43.17951170000004,Fechado,Bolsão d'água em via,2017-03-14,
5.0,15101,Sem bairro,2017-03-14 05:00:33+00:00,2017-03-14 05:48:00+00:00,Desconhecido,Av. brasil - caju,Baixo,,,Fechado,Bolsão d'água em via,2017-03-14,
5.0,15098,Sem bairro,2017-03-14 02:48:51+00:00,2017-03-14 04:21:19+00:00,Desconhecido,"Viaduto do gasômetro, - caju",Baixo,-22.8899818,-43.21763729999998,Fechado,Bolsão d'água em via,2017-03-14,
5.0,15102,Sem bairro,2017-03-14 05:19:43+00:00,2017-03-14 05:47:48+00:00,Desconhecido,Praça sibélius - gávea,Baixo,-22.9770657,-43.22635969999999,Fechado,Bolsão d'água em via,2017-03-14,
5.0,15100,Sem bairro,2017-03-14 04:53:31+00:00,2017-03-14 05:27:07+00:00,Desconhecido,Av brasil - manguinhos ,Baixo,,,Fechado,Bolsão d'água em via,2017-03-14,
5.0,15114,Sem bairro,2017-03-14 08:16:56+00:00,2017-03-14 09:10:43+00:00,Desconhecido,"Av. genaro de carvalho, 1514- recreio - alt. av. gláucio gil",Baixo,-23.0169212,-43.46034839999999,Fechado,Bolsão d'água em via,2017-03-14,
5.0,15107,Sem bairro,2017-03-14 07:21:40+00:00,2017-03-14 08:56:40+00:00,Desconhecido,"Est. da barra da tijuca, 2005 - alt. itanhangá golf clube ",Baixo,-22.9950372,-43.30698010000003,Fechado,Bolsão d'água em via,2017-03-14,
5.0,15097,Sem bairro,2017-03-14 02:47:29+00:00,2017-03-14 04:21:41+00:00,Desconhecido,R. camerino x rua senador pompeu - centro,Baixo,-22.9001501,-43.18700820000004,Fechado,Bolsão d'água em via,2017-03-14,
5.0,15126,Sem bairro,2017-03-14 13:24:19+00:00,2017-03-14 21:35:46+00:00,Desconhecido,Av. eng. souza filho - rio das pedras,Baixo,-22.9788584,-43.33361969999999,Fechado,Bolsão d'água em via,2017-03-14,
5.0,15096,Sem bairro,2017-03-14 02:34:07+00:00,2017-03-14 04:21:51+00:00,Desconhecido,Av brasil - alt rua francisco almeida são cristovão,Baixo,,,Fechado,Bolsão d'água em via,2017-03-14,
5.0,15106,Sem bairro,2017-03-14 07:15:58+00:00,2017-03-14 08:55:53+00:00,Desconhecido,"Av. brasil, 1727 - s. cristóvão - alt. da linha vermelha",Baixo,-22.8853807,-43.226628000000005,Fechado,Bolsão d'água em via,2017-03-14,
5.0,15099,Sem bairro,2017-03-14 04:52:37+00:00,2017-03-14 05:48:11+00:00,Desconhecido,Av brasil - benfica,Baixo,,,Fechado,Bolsão d'água em via,2017-03-14,
5.0,15284,Sem bairro,2017-03-19 06:37:58+00:00,2017-03-19 08:00:38+00:00,Desconhecido,Av. brasil - cordovil,Baixo,-22.8141681,-43.29453490000003,Fechado,Bolsão d'água em via,2017-03-19,
5.0,15278,Sem bairro,2017-03-19 05:49:49+00:00,2017-03-19 08:01:52+00:00,Desconhecido,Av. rio de janeiro -  caju,Baixo,-22.8925726,-43.2146851,Fechado,Bolsão d'água em via,2017-03-19,
5.0,15308,Sem bairro,2017-03-20 01:16:50+00:00,2017-03-20 04:45:45+00:00,Desconhecido,"Av. armando lombardi, 597 - barra da tijuca",Baixo,,,Fechado,Bolsão d'água em via,2017-03-20,
5.0,15309,Sem bairro,2017-03-20 03:00:52+00:00,2017-03-20 03:19:09+00:00,Desconhecido,"R. do catete, 140 - glória",Baixo,-22.9257298,-43.176574800000026,Fechado,Bolsão d'água em via,2017-03-20,
5.0,15541,Sem bairro,2017-03-28 20:05:35+00:00,2017-03-28 21:42:19+00:00,Desconhecido,"Av. ayrton senna, 5000 - gardênia azul",Baixo,-22.9551975,-43.35463370000002,Fechado,Bolsão d'água em via,2017-03-28,
5.0,15549,Sem bairro,2017-03-28 22:10:17+00:00,2017-03-28 22:57:25+00:00,Desconhecido,Trevo das margaridas - irajá,Baixo,,,Fechado,Bolsão d'água em via,2017-03-28,
5.0,15540,Sem bairro,2017-03-28 20:02:48+00:00,2017-03-28 21:42:12+00:00,Desconhecido,"Av. ayrton senna, 3000 - barra da tijuca",Baixo,-22.9826942,-43.36293899999998,Fechado,Bolsão d'água em via,2017-03-28,
5.0,15538,Sem bairro,2017-03-28 19:58:22+00:00,2017-03-28 20:54:32+00:00,Desconhecido,"Av. das américas, 700 - barra da tijuca",Baixo,-23.0028357,-43.3217411,Fechado,Bolsão d'água em via,2017-03-28,
5.0,15542,Sem bairro,2017-03-28 20:07:40+00:00,2017-03-28 21:42:26+00:00,Desconhecido,"Av. ayrton senna, 3437 - barra da tijuca",Baixo,-22.980297,-43.36672179999999,Fechado,Bolsão d'água em via,2017-03-28,
5.0,15539,Sem bairro,2017-03-28 20:00:42+00:00,2017-03-28 20:54:41+00:00,Desconhecido,"Av. das américas , 3.300 - barra da tijuca",Baixo,-22.9998654,-43.34511399999997,Fechado,Bolsão d'água em via,2017-03-28,
5.0,15532,Sem bairro,2017-03-28 16:48:04+00:00,2017-03-28 17:55:02+00:00,Desconhecido,"Av. brasil, 16741 - j. américa",Baixo,-22.8629166,-43.4427786,Fechado,Bolsão d'água em via,2017-03-28,
5.0,15561,Sem bairro,2017-03-29 10:24:35+00:00,2017-03-29 11:41:35+00:00,Desconhecido,"R. gen. artigas, alt. av. delfim moreira - leblon",Baixo,-22.9868943,-43.22527289999999,Fechado,Bolsão d'água em via,2017-03-29,
5.0,15599,Sem bairro,2017-03-30 20:55:56+00:00,2017-03-30 22:10:55+00:00,Desconhecido,Av geremário dantas - jacarepaguá,Baixo,-22.938495880440342,-43.34716407962344,Fechado,Bolsão d'água em via,2017-03-30,
5.0,15574,Sem bairro,2017-03-30 07:44:01+00:00,2017-03-30 11:14:35+00:00,Desconhecido,"Av. jarbas de carvalho, 991 - recreio",Baixo,-23.0227411,-43.4733933,Fechado,Bolsão d'água em via,2017-03-30,
5.0,15602,Sem bairro,2017-03-30 21:58:35+00:00,2017-03-31 00:44:26+00:00,Desconhecido,Av. rio de janeiro - caju,Baixo,-22.89063536366256,-43.21507133809814,Fechado,Bolsão d'água em via,2017-03-30,
5.0,15600,Sem bairro,2017-03-30 21:36:41+00:00,2017-03-30 22:11:05+00:00,Desconhecido,Largo da cancela - são cristóvão,Baixo,-22.9003568,-43.22475220000001,Fechado,Bolsão d'água em via,2017-03-30,
5.0,15601,Sem bairro,2017-03-30 21:42:38+00:00,2017-03-30 22:13:46+00:00,Desconhecido,Av. brasil - benfica,Baixo,-22.8869852,-43.23212909999995,Fechado,Bolsão d'água em via,2017-03-30,
5.0,27614,Sem bairro,2018-06-18 10:22:59+00:00,2018-06-18 15:44:42+00:00,Desconhecido,"Av. brasil, alt. viaduto de parada de lucas",Baixo,,,Fechado,Bolsão d'água em via,2018-06-18,
5.0,27602,Sem bairro,2018-06-18 05:42:15+00:00,2018-06-18 09:54:45+00:00,Desconhecido,Estr. da barra da tijuca,Baixo,-22.9985303,-43.304686100000026,Fechado,Bolsão d'água em via,2018-06-18,
5.0,27601,Sem bairro,2018-06-18 05:10:39+00:00,2018-06-18 09:54:53+00:00,Desconhecido,Av. armando lombardi - alt barra point,Baixo,-23.0065861,-43.31076350000001,Fechado,Bolsão d'água em via,2018-06-18,
5.0,106480,Campo grande,2023-11-19 10:22:31+00:00,2023-11-19 18:37:59+00:00,Curto,Estr. do mendanha - alt. n° 1532- campo grande,Baixo,-22.8755419,-43.554738,Fechado,Bolsão d'água em via,2023-11-19,
5.0,106481,Santa cruz,2023-11-19 10:24:02+00:00,2023-11-19 18:37:34+00:00,Curto,R. felipe cardoso - alt. av. cesário de melo - sta. cruz,Baixo,-22.9186187,-43.682516,Fechado,Bolsão d'água em via,2023-11-19,
5.0,106478,Santa cruz,2023-11-19 10:19:29+00:00,2023-11-19 18:39:03+00:00,Curto,Rua senador camará - alt. n° 207 - santa cruz,Baixo,-22.9140518,-43.6862302,Fechado,Bolsão d'água em via,2023-11-19,
5.0,106477,Santa cruz,2023-11-19 10:18:20+00:00,2023-11-19 18:39:26+00:00,Curto,Av. brasil - alt. nº 2385,Baixo,-22.8916203,-43.6753055,Fechado,Bolsão d'água em via,2023-11-19,
5.0,106479,Campo grande,2023-11-19 10:21:38+00:00,2023-11-19 18:38:24+00:00,Curto,Estr. do mendanha - alt. nº 3600 - campo grande,Baixo,-22.8627912,-43.5430082,Fechado,Bolsão d'água em via,2023-11-19,
5.0,106474,Campo grande,2023-11-19 10:11:49+00:00,2023-11-19 18:41:26+00:00,Curto,Estrada do mendanha - alt. estr. do pedregoso,Baixo,-22.865366,-43.5504557,Fechado,Bolsão d'água em via,2023-11-19,
5.0,106475,Campo grande,2023-11-19 10:12:56+00:00,2023-11-19 18:40:30+00:00,Curto,Estr. do mendanha - alt. west shopping - campo grande,Baixo,-22.865366,-43.5504557,Fechado,Bolsão d'água em via,2023-11-19,
5.0,106476,Paciencia,2023-11-19 10:13:43+00:00,2023-11-19 18:40:17+00:00,Curto,Av. cesário de melo - alt. brt santa eugênia - paciência,Baixo,-22.9142678,-43.6025406,Fechado,Bolsão d'água em via,2023-11-19,
5.0,105478,Praça seca,2023-11-03 20:40:08+00:00,2023-11-03 20:58:13+00:00,Curto,R. candido benício - alt. est. brt ipase - praça seca,Baixo,-22.904698,-43.3570479,Fechado,Bolsão d'água em via,2023-11-03,
5.0,42888,Joá,2019-05-17 08:56:34+00:00,2019-05-17 12:13:02+00:00,Curto,Elevado itamar franco - joá,Baixo,-23.0089111749243,-43.286061650817885,Fechado,Bolsão d'água em via,2019-05-17,
5.0,42767,Bangu,2019-05-15 01:00:19+00:00,2019-05-15 01:50:17+00:00,Curto,"R. francisco real, 1353 - bangu",Baixo,-22.8797864,-43.458259,Fechado,Bolsão d'água em via,2019-05-15,
5.0,42765,Bangu,2019-05-15 00:46:49+00:00,2019-05-15 00:55:58+00:00,Curto,"R. agrícola, 530 - bangu",Baixo,-22.8803198,-43.45873259999996,Fechado,Bolsão d'água em via,2019-05-15,
5.0,42620,Cajú,2019-05-08 13:59:44+00:00,2019-05-09 00:40:00+00:00,Curto,Rua praia do cajú - cajú,Baixo,,,Fechado,Bolsão d'água em via,2019-05-08,
5.0,42861,Catete,2019-05-16 20:18:36+00:00,2019-05-17 00:10:10+00:00,Curto,"Rua do catete, alt. r. silveira martins - catete",Alto,-22.9259474,-43.17777649999999,Fechado,Bolsão d'água em via,2019-05-16,
5.0,42862,Catete,2019-05-16 20:21:35+00:00,2019-05-17 00:12:38+00:00,Curto,"Rua pedro américo, alt. r. do catete - catete",Medio,-22.9246653,-43.17879620000002,Fechado,Bolsão d'água em via,2019-05-16,
5.0,42785,Centro,2019-05-15 06:26:57+00:00,2019-05-15 13:11:55+00:00,Curto,"Av. pres. vargas, alt. cidade nova",Baixo,-22.906285,-43.19495760000001,Fechado,Bolsão d'água em via,2019-05-15,
5.0,42568,Centro,2019-05-07 08:46:20+00:00,2019-05-07 12:47:11+00:00,Curto,"Rua teixeira de freitas, alt. passeio público",Medio,-22.9159165,-43.17625269999997,Fechado,Bolsão d'água em via,2019-05-07,
5.0,42591,Centro,2019-05-07 19:10:38+00:00,2019-05-07 23:47:11+00:00,Curto,"Av. rio branco, 71 - centro",Baixo,-22.9015961,-43.17886420000002,Fechado,Bolsão d'água em via,2019-05-07,
5.0,42594,Centro,2019-05-07 20:05:24+00:00,2019-05-07 20:47:25+00:00,Curto,"R. do lavradio, 154 - centro",Medio,-22.9118406,-43.18239619999997,Fechado,Bolsão d'água em via,2019-05-07,
5.0,42565,Centro,2019-05-07 08:13:08+00:00,2019-05-07 10:19:16+00:00,Curto,Rua da constituição - alt. regente feijó - centro,Medio,-22.9069449,-43.18467989999999,Fechado,Bolsão d'água em via,2019-05-07,
5.0,42596,Tijuca,2019-05-07 21:21:29+00:00,2019-05-07 23:07:39+00:00,Curto,"R. barão de mesquita, 536 - tijuca",Medio,-22.9248151,-43.2437056,Fechado,Bolsão d'água em via,2019-05-07,
5.0,42863,Tijuca,2019-05-16 20:26:56+00:00,2019-05-16 23:11:01+00:00,Curto,"Rua haddock lobo, alt. r. campos sales - tijuca",Medio,-22.9200224,-43.21588099999997,Fechado,Bolsão d'água em via,2019-05-16,
5.0,42597,Tijuca,2019-05-07 21:24:51+00:00,2019-05-07 23:06:48+00:00,Curto,"R. barão de mesquita, 673 - tijuca",Medio,-22.9260667,-43.2454189,Fechado,Bolsão d'água em via,2019-05-07,
5.0,42772,Glória,2019-05-15 02:34:27+00:00,2019-05-15 03:26:59+00:00,Curto,"R. do catete, 239 - glória",Baixo,-22.9287108,-43.176952700000015,Fechado,Bolsão d'água em via,2019-05-15,
5.0,42773,Glória,2019-05-15 02:36:08+00:00,2019-05-15 03:16:51+00:00,Curto,R. do catete - alt. pedro américo. - glória,Medio,-22.9240546,-43.17684539999999,Fechado,Bolsão d'água em via,2019-05-15,
5.0,42588,Glória,2019-05-07 18:45:59+00:00,2019-05-07 20:06:30+00:00,Curto,R. do catete -  alt. silveira martins - glória,Medio,-22.9258893,-43.1766576,Fechado,Bolsão d'água em via,2019-05-07,
5.0,42589,Glória,2019-05-07 18:56:35+00:00,2019-05-07 19:29:20+00:00,Curto,Rua do catete alt. rua pedro américo,Medio,-22.9237101,-43.17719340000002,Fechado,Bolsão d'água em via,2019-05-07,
5.0,42834,Ipanema,2019-05-16 00:06:59+00:00,2019-05-16 02:52:44+00:00,Curto,"R. vinícius de moraes, 129 - ipanema",Baixo,-22.9834143,-43.2029551,Fechado,Bolsão d'água em via,2019-05-16,
5.0,42764,Rocinha,2019-05-15 00:19:53+00:00,2019-05-15 01:07:46+00:00,Curto,Autoestrada lagoa-barra próximo ao n/d - rocinha,Baixo,-22.9928443,-43.25211969999998,Fechado,Bolsão d'água em via,2019-05-15,
5.0,42796,Taquara,2019-05-15 07:45:29+00:00,2019-05-15 13:06:06+00:00,Curto,"R. andré rocha, alt. transolímpica - taquara",Baixo,-22.9476459,-43.39025909999998,Fechado,Bolsão d'água em via,2019-05-15,
5.0,42890,Botafogo,2019-05-17 09:41:40+00:00,2019-05-17 14:09:48+00:00,Curto,R. mena barreto - alt. r. real grandeza - botafogo,Baixo,-22.9566838902284,-43.19188584498295,Fechado,Bolsão d'água em via,2019-05-17,
5.0,42770,Cordovil,2019-05-15 01:12:19+00:00,2019-05-15 01:45:25+00:00,Curto,"Av. brasil, 12417 - cordovil",Baixo,-22.819337,-43.28472099999999,Fechado,Bolsão d'água em via,2019-05-15,
5.0,42778,Estácio,2019-05-15 04:10:22+00:00,2019-05-15 13:44:45+00:00,Curto,"R. haddock lobo, 17 - estácio",Baixo,-22.9155347,-43.20758749999999,Fechado,Bolsão d'água em via,2019-05-15,
5.0,42570,Maracanã,2019-05-07 09:00:06+00:00,2019-05-07 11:14:13+00:00,Curto,"R. morais e silva, 29 - maracanã",Medio,-22.912961,-43.222151,Fechado,Bolsão d'água em via,2019-05-07,
5.0,42892,Itanhangá,2019-05-17 10:16:05+00:00,2019-05-17 11:16:35+00:00,Curto,"Estrada da barra da tijuca, 1716 - itanhangá",Baixo,-22.9985303,-43.304686100000026,Fechado,Bolsão d'água em via,2019-05-17,
5.0,42832,Itanhangá,2019-05-15 23:21:06+00:00,2019-05-16 10:47:32+00:00,Curto,"Estrada da barra da tijuca, 186 - itanhangá",Baixo,-23.0058407,-43.303856,Fechado,Bolsão d'água em via,2019-05-15,
5.0,42898,Itanhangá,2019-05-17 11:17:43+00:00,2019-05-17 14:02:58+00:00,Curto,"Estrada da barra da tijuca, 1716 - itanhangá",Baixo,-22.998677,-43.304441,Fechado,Bolsão d'água em via,2019-05-17,
5.0,42599,Manguinhos,2019-05-07 22:22:29+00:00,2019-05-07 22:36:18+00:00,Curto,"Av. brasil, 109 - manguinhos",Medio,-22.879865,-43.2395052,Fechado,Bolsão d'água em via,2019-05-07,
5.0,42603,Manguinhos,2019-05-08 04:56:23+00:00,2019-05-08 10:06:04+00:00,Curto,"Av. brasil, 2193 - manguinhos",Medio,-22.8849444,-43.22786059999999,Fechado,Bolsão d'água em via,2019-05-08,
5.0,42600,Manguinhos,2019-05-07 22:27:31+00:00,2019-05-08 01:05:48+00:00,Curto,"Av. brasil, 294 - manguinhos",Medio,-22.8736275,-43.244019200000025,Fechado,Bolsão d'água em via,2019-05-07,
5.0,42766,Manguinhos,2019-05-15 00:52:21+00:00,2019-05-15 01:52:40+00:00,Curto,"Av. brasil, 340 - manguinhos",Baixo,-22.8830265,-43.2367625,Fechado,Bolsão d'água em via,2019-05-15,
5.0,42884,Cidade nova,2019-05-17 08:05:56+00:00,2019-05-17 18:12:54+00:00,Curto,Av. pres. vargas - cidade nova,Baixo,-22.90814295163688,-43.20075117147218,Fechado,Bolsão d'água em via,2019-05-17,
5.0,42602,Cidade nova,2019-05-08 02:59:03+00:00,2019-05-08 10:06:27+00:00,Curto,"Av. pres. vargas, 210 - cidade nova",Medio,-22.9101893,-43.205935299999965,Fechado,Bolsão d'água em via,2019-05-08,
5.0,42560,Vila isabel,2019-05-07 07:02:36+00:00,2019-05-07 09:44:51+00:00,Curto,R. sen. soares - alt. gonzaga bastos - vila isabel,Medio,-22.9194815,-43.24090189999998,Fechado,Bolsão d'água em via,2019-05-07,
5.0,42885,Gardênia azul,2019-05-17 08:08:07+00:00,2019-05-17 14:43:12+00:00,Curto,Rua muniz aragão 1350 - gardênia azul,Baixo,-22.956465,-43.35039749999999,Fechado,Bolsão d'água em via,2019-05-17,
5.0,42814,Jardim sulacap,2019-05-15 15:02:13+00:00,2019-05-16 10:49:53+00:00,Curto,"Estr. do catonho, 11  - jardim sulacap",Baixo,-22.9067243,-43.3798678,Fechado,Bolsão d'água em via,2019-05-15,
5.0,42769,Vigário geral,2019-05-15 01:08:38+00:00,2019-05-15 03:16:11+00:00,Curto,"Av. brasil, 312 - vigário geral",Baixo,-22.816716,-43.30509970000003,Fechado,Bolsão d'água em via,2019-05-15,
5.0,42768,Vigário geral,2019-05-15 01:03:49+00:00,2019-05-15 02:19:11+00:00,Curto,"Av. brasil, 15146 - vigário geral",Baixo,-22.8178028,-43.30908920000002,Fechado,Bolsão d'água em via,2019-05-15,
5.0,42895,Barra da tijuca,2019-05-17 10:28:32+00:00,2019-05-17 11:56:56+00:00,Curto,Av. lúcio costa - alt. posto 5 - barra da tijuca,Baixo,-23.0111343,-43.33202069999999,Fechado,Bolsão d'água em via,2019-05-17,
5.0,42874,Barra da tijuca,2019-05-17 00:53:17+00:00,2019-05-17 03:59:59+00:00,Curto,"Av. armando lombardi, 188 - barra da tijuca",Medio,-23.006851307201494,-43.3122338100647,Fechado,Bolsão d'água em via,2019-05-17,
5.0,42894,Barra da tijuca,2019-05-17 10:26:02+00:00,2019-05-17 14:04:08+00:00,Curto,Ponte estaiada da barra - alt. pte. velha - barra da tijuca,Baixo,-23.006762,-43.30449959999999,Fechado,Bolsão d'água em via,2019-05-17,
5.0,42776,Barra da tijuca,2019-05-15 03:20:40+00:00,2019-05-15 13:01:06+00:00,Curto,"Av. armando lombardi, 188 - barra da tijuca",Baixo,-23.0066933,-43.3106674,Fechado,Bolsão d'água em via,2019-05-15,
5.0,42833,Jardim botânico,2019-05-15 23:54:32+00:00,2019-05-16 01:13:43+00:00,Curto,"R. prof. saldanha, 94 - jardim botânico",Baixo,-22.9603327,-43.20517029999996,Fechado,Bolsão d'água em via,2019-05-15,
5.0,42608,São cristóvão,2019-05-08 09:14:45+00:00,2019-05-09 00:42:00+00:00,Curto,"R. gen. herculano gomes, 94 - são cristóvão",Baixo,-22.9092601,-43.22339,Fechado,Bolsão d'água em via,2019-05-08,
31.0,42592,Centro,2019-05-07 19:33:07+00:00,2019-05-07 23:08:36+00:00,Curto,"Praça da república, 55 - centro",Baixo,-22.9089352,-43.18865399999999,Fechado,Alagamento,2019-05-07,
31.0,42787,Muzema,2019-05-15 06:55:18+00:00,2019-05-16 13:28:47+00:00,Curto,Praça da muzema,Baixo,,,Fechado,Alagamento,2019-05-15,
33.0,42774,Lagoa,2019-05-15 02:58:51+00:00,2019-05-15 09:57:15+00:00,Curto,"R. gen. garzon, 1746 - alt. borges de medeiros",Baixo,-22.967569,-43.217649600000016,Fechado,Lâmina d'água,2019-05-15,
33.0,42830,Gávea,2019-05-15 23:08:07+00:00,2019-05-16 01:17:14+00:00,Curto,"Estr. da gávea, 999 - gávea",Baixo,-22.9961518,-43.259643400000016,Fechado,Lâmina d'água,2019-05-15,
33.0,42872,Itanhangá,2019-05-17 00:08:37+00:00,2019-05-17 07:00:56+00:00,Curto,"Estrada da barra da tijuca, 3163 - itanhangá",Baixo,-22.9964851,-43.30481520000001,Fechado,Lâmina d'água,2019-05-17,
33.0,42763,Itanhangá,2019-05-15 00:09:14+00:00,2019-05-15 11:28:48+00:00,Curto,"Estrada da barra da tijuca, 1000 - itanhangá",Baixo,-23.0050664,-43.304010000000005,Fechado,Lâmina d'água,2019-05-15,
33.0,42762,Jacarepaguá,2019-05-15 00:00:52+00:00,2019-05-15 07:20:03+00:00,Curto,"Av. ayrton senna, 300 - barra da tijuca",Baixo,-22.972132818189703,-43.3624727142639,Fechado,Lâmina d'água,2019-05-15,
33.0,42881,São conrado,2019-05-17 07:36:00+00:00,2019-05-17 17:28:17+00:00,Curto,"R. gen. olímpio mourão filho, 30 - são conrado",Baixo,-22.9932812,-43.25479610000002,Fechado,Lâmina d'água,2019-05-17,
33.0,42831,Barra da tijuca,2019-05-15 23:12:48+00:00,2019-05-16 01:27:35+00:00,Curto,"Av. armando lombardi, 452 - barra da tijuca",Baixo,-23.0070572,-43.308531000000016,Fechado,Lâmina d'água,2019-05-15,
5.0,79641,Lagoa,2022-08-20 11:13:28+00:00,2022-08-20 13:39:21+00:00,Curto,Av. borges de medeiros - alt. r. j. j. seabra - lagoa - sent. rebouças,Baixo,-22.964045,-43.2144711,Fechado,Bolsão d'água em via,2022-08-20,
5.0,79640,Lagoa,2022-08-20 11:06:06+00:00,2022-08-20 15:42:30+00:00,Curto,Av. borges de medeiros - alt. nº 800 - lagoa - sent. corte do cantagalo.,Baixo,-22.9792898,-43.2166899,Fechado,Bolsão d'água em via,2022-08-20,
5.0,79642,Lagoa,2022-08-20 11:17:11+00:00,2022-08-20 12:30:14+00:00,Curto,"Rua professor abelardo lóbo, alt. praça marcos tamoyo - lagoa",Baixo,-22.9614293,-43.2049368,Fechado,Bolsão d'água em via,2022-08-20,
5.0,79654,Lagoa,2022-08-20 12:21:22+00:00,2022-08-20 15:29:57+00:00,Curto,Av. epitácio pessoa - alt. nº  1724 - lagoa,Baixo,-22.9799591,-43.20291719999999,Fechado,Bolsão d'água em via,2022-08-20,
5.0,79645,Ipanema,2022-08-20 11:40:01+00:00,2022-08-20 15:43:10+00:00,Curto,Av. epitácio pessoa - alt. nº 604 - ipanema - sent. copacabana,Baixo,-22.9808051,-43.2129868,Fechado,Bolsão d'água em via,2022-08-20,
5.0,79644,Ipanema,2022-08-20 11:26:15+00:00,2022-08-20 13:42:50+00:00,Curto,Av. epitácio pessoa - alt. r. maria quitéria - ipanema,Baixo,-22.9742628,-43.2064953,Fechado,Bolsão d'água em via,2022-08-20,
5.0,79132,Guaratiba,2022-08-10 06:12:40+00:00,2022-08-10 08:08:39+00:00,Curto,"Av. das américas, alt. est. brt mato alto - guaratiba - em ambos os sentidos",Baixo,-22.9953709,-43.595046,Fechado,Bolsão d'água em via,2022-08-10,
5.0,79133,Copacabana,2022-08-10 06:16:04+00:00,2022-08-10 06:42:04+00:00,Curto,"Rua tonelero, alt. r. siqueira campos - copacabana",Baixo,-22.9666427,-43.1852321,Fechado,Bolsão d'água em via,2022-08-10,
5.0,79643,São conrado,2022-08-20 11:21:55+00:00,2022-08-20 13:48:22+00:00,Curto,R. gen. olímpio mourão filho - são conrado,Baixo,-22.9931215,-43.2534455,Fechado,Bolsão d'água em via,2022-08-20,
33.0,79781,Barra da tijuca,2022-08-24 02:37:01+00:00,2022-08-24 05:45:42+00:00,Curto,Av. armando lombardi - alt. jardim oceânico - barra da tijuca - sent. são conrado.,Baixo,-23.0066958,-43.310663,Fechado,Lâmina d'água,2022-08-24,
5.0,47939,Anil,2019-11-11 15:12:49+00:00,2019-11-11 20:43:24+00:00,Curto,Estr de jacarepaguá - alt. n° 5644 - sent. serra,Medio,-22.9593995,-43.335217599999964,Fechado,Bolsão d'água em via,2019-11-11,
5.0,47896,Lagoa,2019-11-11 11:25:59+00:00,2019-11-11 12:38:13+00:00,Curto,Av. epitácio pessoa - alt. r. vinicius de moraes - lagoa,Baixo,-22.9795535,-43.2025453,Fechado,Bolsão d'água em via,2019-11-11,
5.0,47925,Centro,2019-11-11 13:06:44+00:00,2019-11-11 16:46:51+00:00,Curto,R. regente feijó - alt. r. buenos aires - centro,Medio,-22.9052148,-43.1849282,Fechado,Bolsão d'água em via,2019-11-11,
5.0,47941,Centro,2019-11-11 15:41:30+00:00,2019-11-12 00:51:19+00:00,Curto,Av. beira mar - alt. praça paris - centro,Medio,-22.9158641,-43.175768300000016,Fechado,Bolsão d'água em via,2019-11-11,
5.0,47903,Centro,2019-11-11 12:04:19+00:00,2019-11-11 15:39:36+00:00,Curto,Rua da constituição - alt. republica do libano - centro,Medio,-22.9070608,-43.18585310000003,Fechado,Bolsão d'água em via,2019-11-11,
5.0,47905,Centro,2019-11-11 12:08:47+00:00,2019-11-11 16:33:08+00:00,Curto,R. do rezende - centro,Medio,-22.9131779,-43.18608449999999,Fechado,Bolsão d'água em via,2019-11-11,
5.0,47949,Centro,2019-11-11 16:57:22+00:00,2019-11-11 22:21:34+00:00,Curto,Rua gonçalves ledo - alt. r. buenos aires - centro,Medio,-22.9048623,-43.18400889999998,Fechado,Bolsão d'água em via,2019-11-11,
5.0,48292,Irajá,2019-11-23 21:23:32+00:00,2019-11-24 04:59:33+00:00,Curto,Tv. das margaridas - irajá - sent. av. pres. dutra,Baixo,-22.8204814,-43.32040119999999,Fechado,Bolsão d'água em via,2019-11-23,
5.0,47971,Leblon,2019-11-12 08:09:35+00:00,2019-11-12 10:00:07+00:00,Curto,"R. humberto de campos, 802 - leblon",Baixo,-22.9822229,-43.22302890000003,Fechado,Bolsão d'água em via,2019-11-12,
5.0,47934,Tijuca,2019-11-11 14:06:21+00:00,2019-11-11 15:18:17+00:00,Curto,Rua barão de mesquita - alt. r. josé higino- tijuca,Medio,-22.9241251,-43.24049969999999,Fechado,Bolsão d'água em via,2019-11-11,
5.0,47901,Glória,2019-11-11 11:57:18+00:00,2019-11-11 15:49:41+00:00,Curto,R. do catete - alt. rua silveira martins - catete,Medio,-22.9257858,-43.176444100000026,Fechado,Bolsão d'água em via,2019-11-11,
5.0,47951,Glória,2019-11-11 17:41:44+00:00,2019-11-11 19:37:51+00:00,Curto,Av. beira mar - alt. av. rio branco - glória,Medio,-22.9137096,-43.174349500000005,Fechado,Bolsão d'água em via,2019-11-11,
5.0,47920,Ipanema,2019-11-11 12:49:58+00:00,2019-11-11 15:20:54+00:00,Curto,Av. epitácio pessoa - alt. r. vinicius de moraes - lagoa,Medio,-22.98074141519197,-43.2067070079346,Fechado,Bolsão d'água em via,2019-11-11,
5.0,47908,Botafogo,2019-11-11 12:21:28+00:00,2019-11-11 13:20:56+00:00,Curto,R. voluntários da pátria - alt. r. real grandeza - botafogo,Baixo,-22.954074,-43.191373,Fechado,Bolsão d'água em via,2019-11-11,
5.0,47904,Botafogo,2019-11-11 12:07:01+00:00,2019-11-11 14:21:19+00:00,Curto,R. são clemente - alt. r. guilhermina - botafogo,Medio,-22.949537,-43.1888472,Fechado,Bolsão d'água em via,2019-11-11,
5.0,47916,Botafogo,2019-11-11 12:43:23+00:00,2019-11-11 14:38:50+00:00,Curto,Rua nelson mandela - alt. r. voluntários da pátria- botafogo,Medio,-22.9506728,-43.18417899999997,Fechado,Bolsão d'água em via,2019-11-11,
5.0,47929,Botafogo,2019-11-11 13:50:05+00:00,2019-11-11 14:31:15+00:00,Curto,Praia de botafogo - alt. r. prof. alfredo gomes - botafogo,Medio,-22.9454948,-43.1821807,Fechado,Bolsão d'água em via,2019-11-11,
5.0,47921,Botafogo,2019-11-11 12:52:48+00:00,2019-11-11 14:32:41+00:00,Curto,R. são clemente - alt. r. dona mariana - botafogo,Medio,-22.9497298,-43.1897674,Fechado,Bolsão d'água em via,2019-11-11,
5.0,47909,Botafogo,2019-11-11 12:23:26+00:00,2019-11-11 14:41:17+00:00,Curto,Rua dona mariana - alt. r. voluntários da pátria - botafogo,Medio,-22.9534744,-43.1883972,Fechado,Bolsão d'água em via,2019-11-11,
5.0,47910,Botafogo,2019-11-11 12:25:19+00:00,2019-11-11 14:40:03+00:00,Curto,R. são clemente - alt. consulado português - botafogo,Medio,-22.9515257,-43.19572160000001,Fechado,Bolsão d'água em via,2019-11-11,
5.0,47917,Humaitá,2019-11-11 12:45:19+00:00,2019-11-11 15:20:56+00:00,Curto,Av. epitácio pessoa - alt. av. borges de medeiros - humaitá,Medio,-22.962218108940803,-43.20419434516907,Fechado,Bolsão d'água em via,2019-11-11,
5.0,47935,Guaratiba,2019-11-11 14:34:11+00:00,2019-11-11 23:50:50+00:00,Curto,"Estr. do magarça, 4163 - guaratiba",Medio,-22.9636558,-43.6146961,Fechado,Bolsão d'água em via,2019-11-11,
5.0,48285,Guaratiba,2019-11-23 19:59:43+00:00,2019-11-24 19:08:35+00:00,Curto,"Av. campo mourão, 567 - guaratiba",Baixo,-22.9622272,-43.60506910000004,Fechado,Bolsão d'água em via,2019-11-23,
5.0,48287,Madureira,2019-11-23 20:36:15+00:00,2019-11-23 22:08:10+00:00,Curto,Av. min. edgard romero - alt. r. conselheiro galvão - madureira,Baixo,-22.8661268,-43.33434879999999,Fechado,Bolsão d'água em via,2019-11-23,
5.0,47914,Maracanã,2019-11-11 12:32:59+00:00,2019-11-11 13:31:27+00:00,Curto,R. são francisco xavier - alt. uerj - maracanã,Medio,,,Fechado,Bolsão d'água em via,2019-11-11,
5.0,48137,Itanhangá,2019-11-19 00:07:40+00:00,2019-11-19 07:01:19+00:00,Curto,"Estrada da barra da tijuca, 902 - itanhangá - sent. rio das pedras",Baixo,-23.0055535,-43.30390560000001,Fechado,Bolsão d'água em via,2019-11-19,
5.0,47945,Itanhangá,2019-11-11 16:16:18+00:00,2019-11-12 09:26:10+00:00,Curto,Av. engenheiro souza filho - alt. muzema,Medio,-22.9786046,-43.33367479999998,Fechado,Bolsão d'água em via,2019-11-11,
5.0,47898,Cidade nova,2019-11-11 11:41:38+00:00,2019-11-11 13:59:35+00:00,Curto,Av. pres. vargas - alt. cass - sent.  av. f. bicalho,Medio,-22.910079937937667,-43.20774637258302,Fechado,Bolsão d'água em via,2019-11-11,
5.0,47902,Laranjeiras,2019-11-11 11:59:53+00:00,2019-11-11 15:55:05+00:00,Curto,R. das laranjeiras - alt. pça. ben gurion,Medio,-22.9383232,-43.19062029999998,Fechado,Bolsão d'água em via,2019-11-11,
5.0,47923,Campo grande,2019-11-11 12:58:39+00:00,2019-11-11 14:19:53+00:00,Curto,R. barcelos domingos - campo grande,Medio,-22.8988613,-43.55895299999997,Fechado,Bolsão d'água em via,2019-11-11,
5.0,47915,Engenho novo,2019-11-11 12:35:26+00:00,2019-11-11 18:53:12+00:00,Curto,Rua barão do bom retiro - alt. r. dona romana - grajaú,Medio,-22.9107686,-43.268990299999984,Fechado,Bolsão d'água em via,2019-11-11,
5.0,48452,Jacarepaguá,2019-11-28 17:08:07+00:00,2019-11-28 18:47:17+00:00,Curto,Av. ayrton senna - alt. senac - jacarepaguá - sent. barra da tijuca,Baixo,-22.9611026,-43.36065230000003,Fechado,Bolsão d'água em via,2019-11-28,
5.0,47911,Rio comprido,2019-11-11 12:27:53+00:00,2019-11-11 16:53:48+00:00,Curto,Rua santa alexandrina - alt. r. da estrela - rio comprido,Medio,-22.930077,-43.20849959999998,Fechado,Bolsão d'água em via,2019-11-11,
5.0,47895,Gardênia azul,2019-11-11 11:19:21+00:00,2019-11-11 12:39:07+00:00,Curto,Av. ayrton senna - alt. senac - sent. orla,Baixo,,,Fechado,Bolsão d'água em via,2019-11-11,
5.0,47893,Barra da tijuca,2019-11-11 11:14:18+00:00,2019-11-11 12:37:08+00:00,Curto,Av. armando lombardi - alt. barra point - barra da tijuca - sent. recreio,Baixo,-23.0062772,-43.30857209999999,Fechado,Bolsão d'água em via,2019-11-11,
5.0,48289,Parada de lucas,2019-11-23 20:58:34+00:00,2019-11-23 23:58:19+00:00,Curto,Av. brasil - alt. passarela 20 - parada de lucas - sent. centro,Baixo,-22.8161519,-43.30420579999998,Fechado,Bolsão d'água em via,2019-11-23,
5.0,48141,Parada de lucas,2019-11-19 04:40:49+00:00,2019-11-19 12:34:04+00:00,Curto,Viaduto de lucas - parada de lucas - ambos os sentidos,Baixo,-22.816872,-43.30430200000001,Fechado,Bolsão d'água em via,2019-11-19,
5.0,47900,Jardim botânico,2019-11-11 11:53:15+00:00,2019-11-11 12:48:47+00:00,Curto,R. jardim botânico - alt. rua pacheco leão - jardim botânico,Baixo,-22.9664711,-43.21953020000001,Fechado,Bolsão d'água em via,2019-11-11,
5.0,47937,São cristóvão,2019-11-11 15:08:42+00:00,2019-11-11 15:24:22+00:00,Curto,"R. gen. bruce, 445 - são cristóvão",Medio,-22.8953997,-43.22202759999999,Fechado,Bolsão d'água em via,2019-11-11,
31.0,47942,Barra da tijuca,2019-11-11 15:44:56+00:00,2019-11-11 21:31:59+00:00,Curto,Mergulhão billy blanco y - barra da tijuca,Medio,-22.9976374,-43.36677069999996,Fechado,Alagamento,2019-11-11,
33.0,47892,Gávea,2019-11-11 10:43:53+00:00,2019-11-11 14:42:03+00:00,Curto,Av. rodrigo otávio - alt. pça. santos dumont - gávea - sent. túnel rebouças,Medio,-22.9753864,-43.22651129999997,Fechado,Lâmina d'água,2019-11-11,
33.0,48140,Manguinhos,2019-11-19 04:36:50+00:00,2019-11-19 09:24:53+00:00,Curto,Av. brasil - alt. viad. ataulfo alves  - manguinhos - sent. z. oeste,Baixo,-22.8854607,-43.23510599999997,Fechado,Lâmina d'água,2019-11-19,
33.0,48451,São conrado,2019-11-28 16:44:50+00:00,2019-11-28 18:47:20+00:00,Curto,Estr. fernando mac dowell - alt. gávea golf clube - são conrado - sent. gávea,Baixo,-22.99727,-43.2629,Fechado,Lâmina d'água,2019-11-28,
33.0,47894,Gardênia azul,2019-11-11 11:16:57+00:00,2019-11-11 12:39:21+00:00,Curto,Av. ayrton senna - alt. uptown - sent. linha amarela,Baixo,-22.9645664,-43.35469739999997,Fechado,Lâmina d'água,2019-11-11,
33.0,48143,Barra da tijuca,2019-11-19 06:14:03+00:00,2019-11-19 06:56:44+00:00,Curto,Av. armando lombardi - alt. barra pont - barra da tijuca - sent. recreio,Baixo,-23.0066933,-43.3106674,Fechado,Lâmina d'água,2019-11-19,
33.0,48450,Barra da tijuca,2019-11-28 16:37:40+00:00,2019-11-28 18:47:22+00:00,Curto,Av. ministro ivan lins - alt. rua deodato de moraes - barra da tijuca,Baixo,-23.0129114,-43.29781120000001,Fechado,Lâmina d'água,2019-11-28,
33.0,48453,Barra da tijuca,2019-11-28 17:15:56+00:00,2019-11-28 18:47:15+00:00,Curto,Av. armando lombardi - alt. barra point - barra da tijuca - sent. recreio,Baixo,-23.0062772,-43.30857209999999,Fechado,Lâmina d'água,2019-11-28,
5.0,25247,Sem bairro,2018-03-03 12:54:53+00:00,2018-03-03 13:51:32+00:00,Desconhecido,"Av. brasil, 5000 - manguinhos",Baixo,-22.8751429,-43.2429884,Fechado,Bolsão d'água em via,2018-03-03,
5.0,25239,Sem bairro,2018-03-03 11:49:10+00:00,2018-03-03 13:52:13+00:00,Desconhecido,"Av. brasil, 2768 - benfica",Baixo,-22.8869731,-43.23228169999999,Fechado,Bolsão d'água em via,2018-03-03,
5.0,25236,Sem bairro,2018-03-03 11:22:41+00:00,2018-03-03 12:51:35+00:00,Desconhecido,"Av. brasil, alt. linha amarela",Baixo,-22.8628651,-43.24761999999998,Fechado,Bolsão d'água em via,2018-03-03,
5.0,25237,Sem bairro,2018-03-03 11:26:31+00:00,2018-03-03 11:47:54+00:00,Desconhecido,"R. são clemente, alt. r. muniz barreto - botafogo",Baixo,-22.949908,-43.19053539999999,Fechado,Bolsão d'água em via,2018-03-03,
5.0,25238,Sem bairro,2018-03-03 11:44:35+00:00,2018-03-03 13:52:51+00:00,Desconhecido,"Av. pastor martin luther king, alt. linha amarela",Baixo,-22.907224,-43.30700939999997,Fechado,Bolsão d'água em via,2018-03-03,
5.0,25243,Sem bairro,2018-03-03 12:19:13+00:00,2018-03-03 13:51:52+00:00,Desconhecido,"R. ribeiro guimarães, 355 - vila isabel",Baixo,-22.9186574,-43.237725299999966,Fechado,Bolsão d'água em via,2018-03-03,
5.0,25244,Sem bairro,2018-03-03 12:23:48+00:00,2018-03-03 12:40:31+00:00,Desconhecido,"R. silveira martins, alt. r. do catete - flamengo",Baixo,-22.9256823,-43.176063399999975,Fechado,Bolsão d'água em via,2018-03-03,
5.0,25242,Sem bairro,2018-03-03 12:02:10+00:00,2018-03-03 12:29:04+00:00,Desconhecido,"R. ibituruna, alt. r. moraes e silva - maracanã",Baixo,-22.9127447,-43.2209618,Fechado,Bolsão d'água em via,2018-03-03,
5.0,25349,Sem bairro,2018-03-08 09:46:54+00:00,2018-03-08 17:07:19+00:00,Desconhecido,"Av. emb. abelardo bueno, 8101 - barra - alt. da estr. cel. pedro corrêa",Baixo,-22.9733807,-43.385768900000016,Fechado,Bolsão d'água em via,2018-03-08,
5.0,25358,Sem bairro,2018-03-08 11:15:02+00:00,2018-03-08 17:05:00+00:00,Desconhecido,"Estr. do itanhangá, 1020 ",Baixo,-22.9952425,-43.31131640000001,Fechado,Bolsão d'água em via,2018-03-08,
5.0,25532,Sem bairro,2018-03-15 04:29:49+00:00,2018-03-15 07:39:56+00:00,Desconhecido,Av armando lombardi prox. r. aldo bonadei alt. banco santander,Baixo,,,Fechado,Bolsão d'água em via,2018-03-15,
5.0,25531,Sem bairro,2018-03-15 04:17:56+00:00,2018-03-15 07:40:03+00:00,Desconhecido,Av. armando lombardi prox. r. aldo bonadei,Baixo,-22.9075392,-43.17259680000001,Fechado,Bolsão d'água em via,2018-03-15,
5.0,25701,Sem bairro,2018-03-22 02:54:09+00:00,2018-03-22 05:22:50+00:00,Desconhecido,"Rua jardim botânico, alt. praça santos dumont - jardim botânico",Baixo,,,Fechado,Bolsão d'água em via,2018-03-22,
5.0,25714,Sem bairro,2018-03-22 06:04:08+00:00,2018-03-22 07:40:01+00:00,Desconhecido,R. gago coutinho - laranjeiras - alt. r. bento lisboa,Baixo,-22.926142319956213,-43.17926756931149,Fechado,Bolsão d'água em via,2018-03-22,
5.0,25731,Sem bairro,2018-03-22 10:29:38+00:00,2018-03-22 15:49:34+00:00,Desconhecido,"R. mena barreto, 106 - botafogo - alt. r. s. joão batista",Baixo,-22.9554433,-43.1892952,Fechado,Bolsão d'água em via,2018-03-22,
5.0,25720,Sem bairro,2018-03-22 06:51:18+00:00,2018-03-22 09:03:31+00:00,Desconhecido,Rua professor abelardo lóbo - lagoa,Baixo,-22.9612432,-43.204853000000014,Fechado,Bolsão d'água em via,2018-03-22,
5.0,25711,Sem bairro,2018-03-22 05:17:58+00:00,2018-03-22 09:01:23+00:00,Desconhecido,"Av. borges de medeiros, alt. praça marcos tamoio - lagoa",Baixo,,,Fechado,Bolsão d'água em via,2018-03-22,
5.0,25712,Sem bairro,2018-03-22 05:35:28+00:00,2018-03-22 08:05:55+00:00,Desconhecido,"R. são clemente, 226 - botafogo",Baixo,-22.9496266,-43.18959319999999,Fechado,Bolsão d'água em via,2018-03-22,
5.0,25718,Sem bairro,2018-03-22 06:30:25+00:00,2018-03-22 07:51:09+00:00,Desconhecido,R. são clemente - botafogo - alt. r. muniz barreto,Baixo,-22.949908,-43.19053539999999,Fechado,Bolsão d'água em via,2018-03-22,
5.0,25708,Sem bairro,2018-03-22 04:58:48+00:00,2018-03-22 09:12:22+00:00,Desconhecido,"Rua aníbal de mendonça, alt. av. epitácio pessoa - ipanema",Baixo,,,Fechado,Bolsão d'água em via,2018-03-22,
5.0,25710,Sem bairro,2018-03-22 05:14:24+00:00,2018-03-22 08:53:26+00:00,Desconhecido,"Av. epitácio pessoa, alt. curva do calombo - ipanema",Baixo,,,Fechado,Bolsão d'água em via,2018-03-22,
5.0,25706,Sem bairro,2018-03-22 04:08:48+00:00,2018-03-22 17:27:28+00:00,Desconhecido,"Av. epitácio pessoa, alt. clube dos caiçaras - lagoa",Baixo,-22.9792852,-43.21260240000004,Fechado,Bolsão d'água em via,2018-03-22,
5.0,25717,Sem bairro,2018-03-22 06:22:22+00:00,2018-03-22 08:00:53+00:00,Desconhecido,R. jardim botânico - alt. r. prof. saldanha,Baixo,-22.9637019,-43.20279700000003,Fechado,Bolsão d'água em via,2018-03-22,
5.0,25716,Sem bairro,2018-03-22 06:18:05+00:00,2018-03-22 08:52:59+00:00,Desconhecido,Av. borges de medeiros - lagoa - alt. av. epitácio pessoa,Baixo,-22.9728162,-43.217637800000034,Fechado,Bolsão d'água em via,2018-03-22,
5.0,25702,Sem bairro,2018-03-22 03:00:50+00:00,2018-03-22 09:14:30+00:00,Desconhecido,"Rua mário ribeiro, alt. av. borges de medeiros - leblon",Baixo,,,Fechado,Bolsão d'água em via,2018-03-22,
5.0,25709,Sem bairro,2018-03-22 05:02:28+00:00,2018-03-22 10:28:58+00:00,Desconhecido,"Rua barão de jaguaripe, alt. av. epitácio pessoa - ipanema",Baixo,,,Fechado,Bolsão d'água em via,2018-03-22,
5.0,25703,Sem bairro,2018-03-22 03:14:21+00:00,2018-03-22 14:58:01+00:00,Desconhecido,"Rua professor gastão bahiana, 400 - copacabana",Baixo,-22.9773479,-43.19603269999999,Fechado,Bolsão d'água em via,2018-03-22,
5.0,25715,Sem bairro,2018-03-22 06:12:38+00:00,2018-03-22 08:55:51+00:00,Desconhecido,"R. do catete, 153 - glória - alt. r. silveira martins",Baixo,-22.9257965,-43.176444,Fechado,Bolsão d'água em via,2018-03-22,
5.0,25704,Sem bairro,2018-03-22 03:35:25+00:00,2018-03-22 15:39:48+00:00,Desconhecido,Auto estr. lagoa-barra - s. conrado,Baixo,,,Fechado,Bolsão d'água em via,2018-03-22,
5.0,25705,Sem bairro,2018-03-22 04:03:45+00:00,2018-03-22 05:11:59+00:00,Desconhecido,"Av. gilka machado, alt. estr. do pontal - recreio dos bandeirantes",Baixo,,,Fechado,Bolsão d'água em via,2018-03-22,
5.0,25737,Sem bairro,2018-03-22 11:13:24+00:00,2018-03-22 14:53:46+00:00,Desconhecido,"Av. epitácio pessoa, 1746 - lagoa - alt. r. vinicius de moraes",Baixo,-22.9797904,-43.20271360000004,Fechado,Bolsão d'água em via,2018-03-22,
5.0,25713,Sem bairro,2018-03-22 05:41:47+00:00,2018-03-22 07:14:55+00:00,Desconhecido,"Rua voluntários da pátria, alt. r. real grandeza - botafogo",Baixo,,,Fechado,Bolsão d'água em via,2018-03-22,
5.0,25750,Sem bairro,2018-03-22 14:36:40+00:00,2018-03-22 15:39:02+00:00,Desconhecido,"Estr. do joá, 3884 - alt. av. fleming",Baixo,-23.0095693,-43.29569300000003,Fechado,Bolsão d'água em via,2018-03-22,
5.0,25779,Sem bairro,2018-03-23 18:34:19+00:00,2018-03-23 19:05:50+00:00,Desconhecido,"Av. dos democráticos, alt. r. uranos - bonsucesso",Baixo,,,Fechado,Bolsão d'água em via,2018-03-23,
5.0,25778,Sem bairro,2018-03-23 18:28:15+00:00,2018-03-23 19:05:34+00:00,Desconhecido,"Av. brasil, alt. l. amarela - manguinhos",Baixo,,,Fechado,Bolsão d'água em via,2018-03-23,
31.0,25733,Sem bairro,2018-03-22 10:44:15+00:00,2018-03-22 16:42:27+00:00,Desconhecido,"Praia de botafogo, 228 - alt. edifício argentina",Baixo,-22.9425443,-43.1813679,Fechado,Alagamento,2018-03-22,
31.0,25780,Sem bairro,2018-03-23 18:42:02+00:00,2018-03-23 20:19:48+00:00,Desconhecido,"Rua muiatuca, 86 - ilha do governador",Baixo,-22.8050856,-43.19712470000002,Fechado,Alagamento,2018-03-23,
33.0,25351,Sem bairro,2018-03-08 10:21:50+00:00,2018-03-08 17:07:06+00:00,Desconhecido,"R. ribeiro guimarães, 367 - v. isabel - alt. r. das artistas ",Baixo,-22.9185506,-43.23782040000003,Fechado,Lâmina d'água,2018-03-08,
33.0,25360,Sem bairro,2018-03-08 12:00:48+00:00,2018-03-08 17:04:20+00:00,Desconhecido,R. justiniano da rocha - vila isabel,Baixo,-22.9128414,-43.24063380000001,Fechado,Lâmina d'água,2018-03-08,
5.0,60612,Bangu,2021-02-05 18:04:57+00:00,2021-02-05 22:08:14+00:00,Curto,"Av. ribeiro dantas, 571 - bangu",Medio,-22.8701581,-43.4571061,Fechado,Bolsão d'água em via,2021-02-05,
5.0,60721,Lagoa,2021-02-08 10:21:04+00:00,2021-02-08 12:20:06+00:00,Curto,"Av. epitácio pessoa, alt. r. carvalho azevedo,  lagoa - sent. rebouças",Medio,-22.9640327,-43.2024556,Fechado,Bolsão d'água em via,2021-02-08,
5.0,60707,Lagoa,2021-02-08 09:00:08+00:00,2021-02-08 11:20:23+00:00,Curto,Av. epitácio pessoa - alt. r. vinícius de moraes - lagoa,Medio,-22.9795535,-43.2025453,Fechado,Bolsão d'água em via,2021-02-08,
5.0,60716,Lagoa,2021-02-08 10:05:01+00:00,2021-02-08 10:57:35+00:00,Curto,Av. borges de medeiros - alt. r. lineu de paula machado - lagoa,Medio,-22.9728162,-43.2176378,Fechado,Bolsão d'água em via,2021-02-08,
5.0,60718,Lagoa,2021-02-08 10:11:21+00:00,2021-02-08 15:39:31+00:00,Curto,Av. borges de medeiros - alt. av. epitácio pessoa - lagoa - sent. túnel rebouças,Medio,-22.9728162,-43.2176378,Fechado,Bolsão d'água em via,2021-02-08,
5.0,60715,Lagoa,2021-02-08 09:59:47+00:00,2021-02-08 12:18:18+00:00,Curto,Rua fonte da saudade - alt. r. humaitá - humaitá,Medio,-22.9637019,-43.202797,Fechado,Bolsão d'água em via,2021-02-08,
5.0,60631,Ramos,2021-02-05 20:09:14+00:00,2021-02-05 21:48:53+00:00,Curto,Av. brasil - alt. da mercedez - ramos - sent. centro,Baixo,-22.8510278,-43.2477585,Fechado,Bolsão d'água em via,2021-02-05,
5.0,61104,Ramos,2021-02-22 13:00:50+00:00,2021-02-22 13:17:07+00:00,Curto,R. uranos - alt. estação de trem - ramos,Baixo,-22.86092428721548,-43.2577195705696,Fechado,Bolsão d'água em via,2021-02-22,
5.0,60604,Zumbi,2021-02-05 17:27:22+00:00,2021-02-05 21:07:46+00:00,Curto,Estr. do rio jequiá - zumbi,Baixo,-22.8205193,-43.1799963,Fechado,Bolsão d'água em via,2021-02-05,
5.0,60634,Zumbi,2021-02-05 21:26:17+00:00,2021-02-06 00:58:23+00:00,Curto,Estr. do rio jequiá - frente ao 17° bpm - zumbi,Baixo,-22.8205193,-43.1799963,Fechado,Bolsão d'água em via,2021-02-05,
5.0,60619,Cacuia,2021-02-05 18:27:36+00:00,2021-02-05 21:07:11+00:00,Curto,"Estrada do galeão, 60 - cacuia - sent. portuguesa",Baixo,-22.815738,-43.1871943,Fechado,Bolsão d'água em via,2021-02-05,
5.0,60587,Catete,2021-02-05 15:37:52+00:00,2021-02-05 20:38:49+00:00,Curto,R. do catete - alt. r. silveira martins - catete,Baixo,-22.9269656,-43.1766115,Fechado,Bolsão d'água em via,2021-02-05,
5.0,61097,Catete,2021-02-22 12:13:05+00:00,2021-02-22 13:19:47+00:00,Curto,Largo do machado - alt. r. bento lisboa,Baixo,-22.9311212,-43.17852449999999,Fechado,Bolsão d'água em via,2021-02-22,
5.0,60660,Catete,2021-02-06 14:28:00+00:00,2021-02-06 15:44:18+00:00,Curto,R. do catete - alt. r. silveira martins - catete,Medio,-22.9269656,-43.1766115,Fechado,Bolsão d'água em via,2021-02-06,
5.0,61099,Catete,2021-02-22 12:21:05+00:00,2021-02-22 13:50:28+00:00,Curto,R. do catete - alt. r. sliveira martins - catete,Baixo,-22.9269656,-43.1766115,Fechado,Bolsão d'água em via,2021-02-22,
5.0,60590,Catete,2021-02-05 16:08:11+00:00,2021-02-05 16:29:23+00:00,Curto,"Largo do machado, alt. r. do catete - laranjeiras",Baixo,-22.9312283,-43.1784108,Fechado,Bolsão d'água em via,2021-02-05,
5.0,61109,Centro,2021-02-22 13:31:05+00:00,2021-02-22 14:01:58+00:00,Curto,Túnel 450 - centro,Baixo,-22.8964084,-43.1825357,Fechado,Bolsão d'água em via,2021-02-22,
5.0,60922,Centro,2021-02-14 14:24:34+00:00,2021-02-14 15:12:14+00:00,Curto,Av. rio branco - alt. r. evaristo da veiga - centro,Baixo,-22.9059821,-43.1773249,Fechado,Bolsão d'água em via,2021-02-14,
5.0,61110,Centro,2021-02-22 13:33:06+00:00,2021-02-22 13:45:20+00:00,Curto,R. dos inválidos - alt. r. da relação - centro,Baixo,-22.9117504,-43.1847053,Fechado,Bolsão d'água em via,2021-02-22,
5.0,60596,Centro,2021-02-05 16:57:16+00:00,2021-02-05 17:30:43+00:00,Curto,"R. dos inválidos, alt. r. da relação - centro",Baixo,-22.910654,-43.185092,Fechado,Bolsão d'água em via,2021-02-05,
5.0,60598,Centro,2021-02-05 17:05:00+00:00,2021-02-05 18:03:44+00:00,Curto,R. rep. do líbano - alt. r. da constituição - centro,Baixo,-22.9072039694252,-43.1858311067459,Fechado,Bolsão d'água em via,2021-02-05,
5.0,61111,Grajau,2021-02-22 13:56:06+00:00,2021-02-22 14:30:03+00:00,Curto,R. caçapava - grajau,Baixo,-22.927546,-43.25845,Fechado,Bolsão d'água em via,2021-02-22,
5.0,60662,Grajau,2021-02-06 14:33:16+00:00,2021-02-06 16:07:22+00:00,Curto,R. josé do patrocínio - grajau,Baixo,-22.916865,-43.262583,Fechado,Bolsão d'água em via,2021-02-06,
5.0,60719,Gávea,2021-02-08 10:15:26+00:00,2021-02-08 11:18:04+00:00,Curto,"R. min. raul machado, alt. r mário ribeiro - gávea",Medio,-22.9786969,-43.2218788,Fechado,Bolsão d'água em via,2021-02-08,
5.0,60588,Irajá,2021-02-05 15:49:01+00:00,2021-02-05 17:02:17+00:00,Curto,"Trevo das magaridas, alt. av. brasil - irajá - ambos os sentidos",Baixo,-22.8204764,-43.3225899,Fechado,Bolsão d'água em via,2021-02-05,
5.0,60586,Irajá,2021-02-05 15:27:15+00:00,2021-02-05 15:53:21+00:00,Curto,"Trevo das missões, alt. av. brasil - irajá - ambos os sentidos",Baixo,-22.8204814,-43.3204012,Fechado,Bolsão d'água em via,2021-02-05,
5.0,60839,Irajá,2021-02-11 17:37:43+00:00,2021-02-11 21:13:51+00:00,Curto,Trevo das margaridas - irajá ,Baixo,-22.8204814,-43.3204012,Fechado,Bolsão d'água em via,2021-02-11,
5.0,60674,Pavuna,2021-02-06 15:46:11+00:00,2021-02-06 18:42:16+00:00,Curto,R. nina ribeiro - alt. r. comendador guerra - pavuna,Baixo,-22.8105041,-43.3711062,Fechado,Bolsão d'água em via,2021-02-06,
5.0,60679,Tijuca,2021-02-06 16:22:46+00:00,2021-02-06 16:27:37+00:00,Curto,R. haddock lobo - tijuca,Baixo,-22.9189507,-43.2135056,Fechado,Bolsão d'água em via,2021-02-06,
5.0,61106,Tijuca,2021-02-22 13:06:33+00:00,2021-02-22 13:41:22+00:00,Curto,"R. dr. satamni, alt. r. campos sales - tijuca",Baixo,-22.91819932173268,-43.21716851401673,Fechado,Bolsão d'água em via,2021-02-22,
5.0,60630,Benfica,2021-02-05 20:09:29+00:00,2021-02-05 21:16:13+00:00,Curto,Praça padre souza - benfica,Baixo,-22.8890099,-43.2347796,Fechado,Bolsão d'água em via,2021-02-05,
5.0,60658,Galeão,2021-02-06 13:21:49+00:00,2021-02-06 18:09:35+00:00,Curto,Estr. das canárias - ilha do governador - sent. linha vermelha,Baixo,-22.8126375,-43.2273617,Fechado,Bolsão d'água em via,2021-02-06,
5.0,61103,Galeão,2021-02-22 12:56:31+00:00,2021-02-22 15:50:21+00:00,Curto,Estr. do galeão - alt. restaurante mocellin - ilha do governador - ambos os sentidos,Baixo,-22.8191703,-43.2251007,Fechado,Bolsão d'água em via,2021-02-22,
5.0,60594,Glória,2021-02-05 16:40:26+00:00,2021-02-05 20:11:47+00:00,Curto,R. teixeira de freitas - alt. r. mte. valentim - glória,Baixo,-22.9143169,-43.1761085,Fechado,Bolsão d'água em via,2021-02-05,
5.0,61096,Inhauma,2021-02-22 11:58:09+00:00,2021-02-22 13:13:18+00:00,Curto,Av. itaóca - alt. r. antônio austregésilo - inhaúma,Baixo,-22.867916517057704,-43.27415383146055,Fechado,Bolsão d'água em via,2021-02-22,
5.0,60710,Ipanema,2021-02-08 09:24:11+00:00,2021-02-08 17:07:59+00:00,Curto,Av. epitácio pessoa - alt. r. maria quitéria - ipanema,Baixo,-22.9805371,-43.20501609999999,Fechado,Bolsão d'água em via,2021-02-08,
5.0,60708,Ipanema,2021-02-08 09:04:34+00:00,2021-02-08 12:13:21+00:00,Curto,Av. epitácio pessoa - alt. jardim de alah - ipanema - sent. copacabana,Baixo,-22.9842706,-43.214505,Fechado,Bolsão d'água em via,2021-02-08,
5.0,60678,Ipanema,2021-02-06 16:20:44+00:00,2021-02-06 21:18:26+00:00,Curto,Av. epitácio pessoa - alt. r. garcia d'avila - ipanema,Baixo,-22.9834441,-43.2091861,Fechado,Bolsão d'água em via,2021-02-06,
5.0,60661,Jacaré,2021-02-06 14:29:55+00:00,2021-02-06 18:14:03+00:00,Curto,R. viúva cláudio (buraco do lacerda) - jacaré,Baixo,-22.887329,-43.2525851,Fechado,Bolsão d'água em via,2021-02-06,
5.0,60668,Piedade,2021-02-06 14:57:54+00:00,2021-02-06 17:57:17+00:00,Curto,R. vinte  e quatro de maio - alt. buraco do padre - eng. novo,Baixo,-22.8847215,-43.3108324,Fechado,Bolsão d'água em via,2021-02-06,
5.0,60688,Taquara,2021-02-06 23:56:23+00:00,2021-02-07 04:24:03+00:00,Curto,"Estr. dos mananciais, alt. praça jaurú - taquara",Baixo,-22.916562,-43.378461,Fechado,Bolsão d'água em via,2021-02-06,
5.0,60666,Taquara,2021-02-06 14:50:49+00:00,2021-02-06 18:16:11+00:00,Curto,Estr. do cafundá - taquara,Baixo,-22.9125602,-43.3766565,Fechado,Bolsão d'água em via,2021-02-06,
5.0,61256,Anchieta,2021-02-26 22:42:52+00:00,2021-02-27 00:33:23+00:00,Curto,"Estr. mal. alencastro, alt. da lona cultural de anchieta",Sem classificação,-22.8259709,-43.4023945,Fechado,Bolsão d'água em via,2021-02-26,
5.0,60675,Anchieta,2021-02-06 15:50:03+00:00,2021-02-06 17:09:05+00:00,Curto,Av. chrisóstomo pimentel de oliveira - alt. via light - anchieta,Baixo,-22.816455,-43.385765,Fechado,Bolsão d'água em via,2021-02-06,
5.0,61100,Botafogo,2021-02-22 12:24:19+00:00,2021-02-22 13:47:00+00:00,Curto,R. muniz barreto - alt. r. marquês de olinda - botafogo,Baixo,-22.9454349,-43.18409459999999,Fechado,Bolsão d'água em via,2021-02-22,
5.0,60711,Botafogo,2021-02-08 09:27:43+00:00,2021-02-08 10:19:57+00:00,Curto,R. real grandeza - alt. r. gal. polidório - botafogo,Medio,-22.956348,-43.1906413,Fechado,Bolsão d'água em via,2021-02-08,
5.0,60717,Botafogo,2021-02-08 10:11:42+00:00,2021-02-08 10:31:48+00:00,Curto,"R. são clemente, 226 - botafogo",Baixo,-22.9493961,-43.1900215,Fechado,Bolsão d'água em via,2021-02-08,
5.0,60712,Botafogo,2021-02-08 09:31:44+00:00,2021-02-08 10:28:53+00:00,Curto,R. são clemente - alt. r. guilhermina guinle - botafogo,Medio,-22.949537,-43.1888472,Fechado,Bolsão d'água em via,2021-02-08,
5.0,60603,Cordovil,2021-02-05 17:25:10+00:00,2021-02-05 20:03:20+00:00,Curto,"Trevo das missões, alt. av. brasil - irajá - ambos os sentidos",Baixo,-22.8102301,-43.2884538,Fechado,Bolsão d'água em via,2021-02-05,
5.0,60731,Realengo,2021-02-08 12:05:21+00:00,2021-02-08 13:12:42+00:00,Curto,Av. brasil - alt. posto vagão - realengo - sent. z. oeste,Medio,-22.8634016,-43.4383809,Fechado,Bolsão d'água em via,2021-02-08,
5.0,60736,Realengo,2021-02-08 13:43:04+00:00,2021-02-08 14:07:24+00:00,Curto,"Rua bernardo de vasconcelos, 1718 - rio catarino",Baixo,-22.8756161,-43.4380639,Fechado,Bolsão d'água em via,2021-02-08,
5.0,60734,Realengo,2021-02-08 13:10:00+00:00,2021-02-08 13:51:21+00:00,Curto,"Estr. da água branca, alt. estr. porto nacional - realengo ",Baixo,,,Fechado,Bolsão d'água em via,2021-02-08,
5.0,60729,Cascadura,2021-02-08 11:14:33+00:00,2021-02-08 12:20:02+00:00,Curto,Av. ernani cardoso - alt. r. padre telêmaco - cascadura,Medio,-22.8852319,-43.3319492,Fechado,Bolsão d'água em via,2021-02-08,
5.0,60616,Guaratiba,2021-02-05 18:17:45+00:00,2021-02-05 22:06:48+00:00,Curto,Av. dom joão vi - alt. terminal pingo d'água - guaratiba,Medio,-22.9649,-43.64727999999999,Fechado,Bolsão d'água em via,2021-02-05,
5.0,60636,Inhoaíba,2021-02-05 22:10:16+00:00,2021-02-05 22:19:16+00:00,Curto,Estr. do campinho - inhoaíba,Baixo,-22.8901842,-43.5954023,Fechado,Bolsão d'água em via,2021-02-05,
5.0,60840,Madureira,2021-02-11 17:40:03+00:00,2021-02-11 18:41:42+00:00,Curto,Av. min. edgard romero - alt. r. conselheiro galvão - madureira,Baixo,-22.8661268,-43.3343488,Fechado,Bolsão d'água em via,2021-02-11,
5.0,60728,Madureira,2021-02-08 11:07:20+00:00,2021-02-08 11:23:29+00:00,Curto,"Av. min. edgard romero, atl. r. leopoldino de oliveira - madureira - sent. vicente de carvalho",Baixo,-22.865042,-43.3392392,Fechado,Bolsão d'água em via,2021-02-08,
5.0,60726,Madureira,2021-02-08 11:04:38+00:00,2021-02-08 11:39:30+00:00,Curto,"Av. min. edgard romero, alt. r. conselheiro galvão - madureira -  sent. vicente de carvalho",Baixo,-22.8661268,-43.3343488,Fechado,Bolsão d'água em via,2021-02-08,
5.0,61107,Maracanã,2021-02-22 13:10:31+00:00,2021-02-22 15:41:06+00:00,Curto,"R. morais e silva, 51 - maracanã",Baixo,-22.913357,-43.2224084,Fechado,Bolsão d'água em via,2021-02-22,
5.0,60611,Maracanã,2021-02-05 17:59:52+00:00,2021-02-05 19:55:45+00:00,Curto,"R. rad. waldir amaral, alt. uerj - maracanã",Baixo,-22.9126422,-43.2350113,Fechado,Bolsão d'água em via,2021-02-05,
5.0,60622,Maracanã,2021-02-05 18:49:12+00:00,2021-02-05 19:26:16+00:00,Curto,"R. prof. eurico rabelo, alt. r. artur menezes - maracanã",Baixo,-22.9132176,-43.2337702,Fechado,Bolsão d'água em via,2021-02-05,
5.0,60615,Pechincha,2021-02-05 18:13:56+00:00,2021-02-05 19:31:56+00:00,Curto,"Av. geremário dantas, 480 - pechincha - ambos os sentidos",Medio,-22.9249419,-43.3587016,Fechado,Bolsão d'água em via,2021-02-05,
5.0,60676,Pechincha,2021-02-06 15:54:29+00:00,2021-02-06 18:11:01+00:00,Curto,Estr. do pau-ferro - alt. 18 bpm - pechincha,Baixo,-22.9269568,-43.3443032,Fechado,Bolsão d'água em via,2021-02-06,
5.0,60723,Copacabana,2021-02-08 10:30:31+00:00,2021-02-08 10:31:25+00:00,Curto,R. barata ribeiro - alt. r. xavier da silveira - copacabana,Baixo,-22.9764229,-43.1925368,Fechado,Bolsão d'água em via,2021-02-08,
5.0,60720,Copacabana,2021-02-08 10:18:11+00:00,2021-02-08 12:15:50+00:00,Curto,Rua tonelero - alt. r. siqueira campos - copacabana,Medio,-22.9671271,-43.1862083,Fechado,Bolsão d'água em via,2021-02-08,
5.0,60664,Copacabana,2021-02-06 14:42:36+00:00,2021-02-06 17:09:56+00:00,Curto,R. siqueira campos - alt. r. tonelero - copacabana,Baixo,-22.9664282,-43.1870582,Fechado,Bolsão d'água em via,2021-02-06,
5.0,60670,Itanhangá,2021-02-06 15:09:30+00:00,2021-02-06 19:56:35+00:00,Curto,Estr. do itanhangá - itanhangá,Baixo,-22.9964163,-43.3143077,Fechado,Bolsão d'água em via,2021-02-06,
5.0,60618,Itanhangá,2021-02-05 18:24:12+00:00,2021-02-05 19:41:39+00:00,Curto,"Estr. da barra da tijuca, 1014 - itanhangá - sent. alto da boa vista",Baixo,-23.0031817,-43.3036572,Fechado,Bolsão d'água em via,2021-02-05,
5.0,61083,Itanhangá,2021-02-21 22:01:27+00:00,2021-02-21 23:35:27+00:00,Curto,Estr. do itanhangá - alt. do n° 1020 - itanhangá - sent. alto da boa vista,Baixo,-22.9964163,-43.3143077,Fechado,Bolsão d'água em via,2021-02-21,
5.0,60680,Manguinhos,2021-02-06 16:28:25+00:00,2021-02-06 17:29:24+00:00,Curto,Av. brasil - alt. passarela 5 - benfica ,Baixo,-22.8850574,-43.2351722,Fechado,Bolsão d'água em via,2021-02-06,
5.0,61065,Manguinhos,2021-02-20 21:40:11+00:00,2021-02-20 22:31:45+00:00,Curto,Av. brasil - manguinhos - sent. z. oeste,Baixo,-22.8849165,-43.2350593,Fechado,Bolsão d'água em via,2021-02-20,
5.0,60591,Manguinhos,2021-02-05 16:17:33+00:00,2021-02-05 17:09:17+00:00,Curto,Av. brasil - alt. passarela 5 - benfica - sent. zona oeste,Baixo,-22.8850574,-43.2351722,Fechado,Bolsão d'água em via,2021-02-05,
5.0,61112,Manguinhos,2021-02-22 13:55:58+00:00,2021-02-22 13:58:10+00:00,Curto,"Av. brasil, alt. passarela 5 - manguinhos - sent. z. oeste",Baixo,-22.8850574,-43.2351722,Fechado,Bolsão d'água em via,2021-02-22,
5.0,60614,Manguinhos,2021-02-05 18:12:54+00:00,2021-02-05 20:01:30+00:00,Curto,Av. brasil - alt. canal do cunha - manguinhos - sent. zona oeste,Baixo,-22.8803656,-43.23914569999999,Fechado,Bolsão d'água em via,2021-02-05,
5.0,60844,Santa cruz,2021-02-11 18:28:13+00:00,2021-02-11 18:47:52+00:00,Curto,R. felipe cardoso - alt. r. eng. gastão rangel - santa cruz,Baixo,-22.9277194,-43.6772512,Fechado,Bolsão d'água em via,2021-02-11,
5.0,60843,Santa cruz,2021-02-11 18:20:13+00:00,2021-02-11 18:47:45+00:00,Curto,R. felipe cardoso - alt. av. cesário de melo - santa cruz,Baixo,-22.9277194,-43.6772512,Fechado,Bolsão d'água em via,2021-02-11,
5.0,60849,Santa cruz,2021-02-11 21:50:30+00:00,2021-02-12 00:45:53+00:00,Curto,Rua felipe cardoso - santa cruz - sent. av. brasil,Baixo,-22.9207774,-43.6815463,Fechado,Bolsão d'água em via,2021-02-11,
5.0,61101,Cidade nova,2021-02-22 12:46:33+00:00,2021-02-22 15:31:17+00:00,Curto,Av. pres. vargas - alt. cass - cidade nova - sent. av. franc. bicalho,Baixo,-22.9112007,-43.20562109999999,Fechado,Bolsão d'água em via,2021-02-22,
5.0,61102,Cidade nova,2021-02-22 12:50:33+00:00,2021-02-22 15:31:43+00:00,Curto,"Av. pres. vargas, 2556 - cidade nova - sent. pça das bandeira",Baixo,-22.9072976,-43.1994946,Fechado,Bolsão d'água em via,2021-02-22,
5.0,60623,Cidade nova,2021-02-05 18:54:51+00:00,2021-02-05 19:33:57+00:00,Curto,"Av. pres. vargas, alt. cass - cidade nova - sent. av. francisco bicalho",Baixo,-22.9094449,-43.2057953,Fechado,Bolsão d'água em via,2021-02-05,
5.0,61098,Laranjeiras,2021-02-22 12:17:57+00:00,2021-02-22 13:33:11+00:00,Curto,R. das laranjeiras - alt. r. do catete - laranjeiras,Baixo,-22.9357579,-43.1895506,Fechado,Bolsão d'água em via,2021-02-22,
5.0,60659,Praça seca,2021-02-06 14:23:25+00:00,2021-02-06 17:03:45+00:00,Curto,R. cândido benício - alt. vila olímpica do mato alto - pça seca - ambos os sentidos,Baixo,-22.9078116,-43.35721119999999,Fechado,Bolsão d'água em via,2021-02-06,
5.0,60627,Praça seca,2021-02-05 19:45:22+00:00,2021-02-05 19:47:54+00:00,Curto,Praça seca - frente ao n° 1037 - praça seca,Baixo,-22.8982639,-43.3532655,Fechado,Bolsão d'água em via,2021-02-05,
5.0,60663,Vila isabel,2021-02-06 14:35:45+00:00,2021-02-06 15:45:40+00:00,Curto,R. alexandre calaza - vila isabel,Baixo,-22.9184906,-43.2599066,Fechado,Bolsão d'água em via,2021-02-06,
5.0,60609,Vila isabel,2021-02-05 17:54:42+00:00,2021-02-05 18:47:59+00:00,Curto,"Boulevard 28 de setembro, alt. r. felipe camarão - vila isabel",Medio,-22.9153377,-43.2426739,Fechado,Bolsão d'água em via,2021-02-05,
5.0,60608,Vila isabel,2021-02-05 17:49:32+00:00,2021-02-05 19:35:43+00:00,Curto,"R. teodoro da silva, alt. r. barão de são francisco - vila isabel - sent. maracanã",Baixo,-22.9185695,-43.2521323,Fechado,Bolsão d'água em via,2021-02-05,
5.0,60625,Campo grande,2021-02-05 19:02:23+00:00,2021-02-05 19:54:15+00:00,Curto,Estr. do cabuçú alt. r. aurélio de figueiredo - campo grande,Baixo,-22.9051728,-43.5565763,Fechado,Bolsão d'água em via,2021-02-05,
5.0,60624,Campo grande,2021-02-05 18:58:12+00:00,2021-02-05 20:41:25+00:00,Curto,"Av. cesário de melo, alt. r. cel. agostinho - campo grande",Baixo,-22.904298,-43.5594679,Fechado,Bolsão d'água em via,2021-02-05,
5.0,60613,Campo grande,2021-02-05 18:12:45+00:00,2021-02-05 21:45:50+00:00,Curto,"Av. manuel caldeira de alvarenga, alt. r. dom pedrito - campo grande",Baixo,-22.8971782,-43.58428869999999,Fechado,Bolsão d'água em via,2021-02-05,
5.0,60912,Engenho novo,2021-02-14 01:18:26+00:00,2021-02-14 14:19:32+00:00,Curto,R. barão do bom retiro - alt. da 24 de maio - engenho novo,Baixo,-22.9134962,-43.2646047,Fechado,Bolsão d'água em via,2021-02-14,
5.0,60742,Padre miguel,2021-02-08 15:18:56+00:00,2021-02-08 16:09:43+00:00,Curto,Av. brasil - alt. adega barril - bangu- sent. z. oeste,Medio,-22.8601992,-43.4526495,Fechado,Bolsão d'água em via,2021-02-08,
5.0,60669,Brás de pina,2021-02-06 14:59:50+00:00,2021-02-06 18:28:16+00:00,Curto,R. itabira - alt. estação linha férrea -  cordovil,Baixo,-22.8273371,-43.2947123,Fechado,Bolsão d'água em via,2021-02-06,
5.0,60629,Cidade de deus,2021-02-05 20:06:04+00:00,2021-02-06 10:10:36+00:00,Curto,Travessa 133a - frente ao conjunto itamar franco - cidade de deus,Baixo,-22.9471624,-43.3669139,Fechado,Bolsão d'água em via,2021-02-05,
5.0,61124,Jardim carioca,2021-02-22 18:19:04+00:00,2021-02-22 20:06:03+00:00,Curto,Estr. do galeão - alt. base aérea - ilha do gov. - sent. portuguesa,Baixo,-22.8112138,-43.19291339999999,Fechado,Bolsão d'água em via,2021-02-22,
5.0,60665,Vila valqueire,2021-02-06 14:47:42+00:00,2021-02-06 17:01:21+00:00,Curto,R. inhamuns - vila valqueire,Baixo,-22.8949833,-43.3648362,Fechado,Bolsão d'água em via,2021-02-06,
5.0,60667,Vila valqueire,2021-02-06 14:52:24+00:00,2021-02-06 16:02:34+00:00,Curto,R. das camélias - alt. pça saiqui - vila valqueire,Baixo,-22.8806759,-43.3667272,Fechado,Bolsão d'água em via,2021-02-06,
5.0,60673,Barra da tijuca,2021-02-06 15:40:05+00:00,2021-02-06 16:12:25+00:00,Curto,Av. min.  ivan lins  - alt. ponte da joatinga - barra - sent. recreio,Baixo,-23.0129114,-43.2978112,Fechado,Bolsão d'água em via,2021-02-06,
5.0,61082,Barra da tijuca,2021-02-21 21:52:56+00:00,2021-02-22 03:03:48+00:00,Curto,Av. armando lombardi - alt. do barra pont - barra da tijuca - recreio,Baixo,-23.0066933,-43.3106674,Fechado,Bolsão d'água em via,2021-02-21,
5.0,60639,Barra da tijuca,2021-02-06 01:18:45+00:00,2021-02-06 05:12:50+00:00,Curto,Av. armando lombardi - alt. do barra point - barra da tijuca - ambos os sentidos,Baixo,-23.0066933,-43.3106674,Fechado,Bolsão d'água em via,2021-02-06,
5.0,60606,Barra da tijuca,2021-02-05 17:35:02+00:00,2021-02-05 19:56:56+00:00,Curto,"Av. ayrton senna, alt. uptown - barra da tijuca - sent. orla",Baixo,-23.0010555,-43.3527995,Fechado,Bolsão d'água em via,2021-02-05,
5.0,60605,Jardim botânico,2021-02-05 17:33:32+00:00,2021-02-05 19:55:23+00:00,Curto,"R. jardim botânico, alt. r. pacheco leão - jardim botânico ",Baixo,-22.9671032,-43.2293841,Fechado,Bolsão d'água em via,2021-02-05,
5.0,60696,São cristóvão,2021-02-07 18:06:00+00:00,2021-02-07 20:45:25+00:00,Curto,R. francisco eugênio - alt. av. francisco bicalho - são cristóvão,Baixo,-22.908959,-43.2217175,Fechado,Bolsão d'água em via,2021-02-07,
5.0,60620,São cristóvão,2021-02-05 18:33:46+00:00,2021-02-05 21:17:40+00:00,Curto,Rua general bruce - são cristóvão,Baixo,-22.8955516,-43.2222528,Fechado,Bolsão d'água em via,2021-02-05,
5.0,61113,São cristóvão,2021-02-22 14:06:52+00:00,2021-02-22 15:50:07+00:00,Curto,R. francisco eugênio - alt. av. francisco bicalho - centro,Baixo,-22.906939,-43.2157925,Fechado,Bolsão d'água em via,2021-02-22,
5.0,60724,Engenho de dentro,2021-02-08 10:42:17+00:00,2021-02-08 11:26:28+00:00,Curto,"Av. amaro cavalcanti, alt. r. mário calderaro - engenho de dentro - sent. méier",Baixo,-22.8962933,-43.2907495,Fechado,Bolsão d'água em via,2021-02-08,
5.0,61257,Ricardo de albuquerque,2021-02-26 22:48:02+00:00,2021-02-27 00:33:19+00:00,Curto,"Estr. mal. alencastro, alt. da upa de ricardo de albuquerque",Sem_classificacao,-22.8365862,-43.3966542,Fechado,Bolsão d'água em via,2021-02-26,
5.0,60646,Recreio dos bandeirantes,2021-02-06 09:40:35+00:00,2021-02-06 12:01:36+00:00,Curto,"Estr. dos bandeirantes, 27635 - recreio - ambos os sentidos",Baixo,-22.9920342,-43.5052062,Fechado,Bolsão d'água em via,2021-02-06,
6.0,60621,São cristóvão,2021-02-05 18:38:51+00:00,2021-02-05 19:31:37+00:00,Curto,"R. campo de são cristóvão, alt. r. senador alencar - são cristóvão",Medio,-22.8966516,-43.22147469999999,Fechado,Alagamento,2021-02-05,
33.0,60628,Catete,2021-02-05 19:48:16+00:00,2021-02-05 20:59:32+00:00,Curto,Largo do machado - alt. da rua bento lisboa - catete,Baixo,-22.9311212,-43.17852449999999,Fechado,Lâmina d'água,2021-02-05,
33.0,60637,Ipanema,2021-02-05 23:58:43+00:00,2021-02-06 05:03:22+00:00,Curto,Av. vieira souto - alt. da r. garcia d` ávila - ipanema - sent. leblon,Baixo,-22.9865649,-43.2049704,Fechado,Lâmina d'água,2021-02-05,
33.0,60754,Inhoaíba,2021-02-08 20:03:23+00:00,2021-02-08 23:19:33+00:00,Curto,Av. cesário de melo - alt. da upa do cesarão - inhoaíba - sent. campo grande,Baixo,-22.9107764,-43.58396279999999,Fechado,Lâmina d'água,2021-02-08,
5.0,56452,Anil,2020-09-23 06:18:22+00:00,2020-09-24 04:33:07+00:00,Curto,Estr. de jacarepaguá - alt. n° 5456 - anil - freguesia,Baixo,-22.960826,-43.334745,Fechado,Bolsão d'água em via,2020-09-23,
5.0,56377,Caju,2020-09-22 00:02:28+00:00,2020-09-22 04:24:16+00:00,Curto,Av. brasil - alt. do cemitério do caju - caju - sent. centro,Baixo,-22.8873898,-43.2242921,Fechado,Bolsão d'água em via,2020-09-22,
5.0,56410,Lagoa,2020-09-22 10:42:06+00:00,2020-09-22 16:27:48+00:00,Curto,Av. epitácio pessoa - sent. rebouças,Baixo,-22.9742588,-43.2064927,Fechado,Bolsão d'água em via,2020-09-22,
5.0,56371,Lagoa,2020-09-21 22:53:29+00:00,2020-09-22 02:03:09+00:00,Curto,Rua vinícius de moraes - alt. da av. epitácio pessoa - lagoa,Baixo,-22.9751886,-43.1987015,Fechado,Bolsão d'água em via,2020-09-21,
33.0,56385,Lagoa,2020-09-22 06:43:46+00:00,2020-09-22 17:08:47+00:00,Curto,"R. jardim botânico, 313 - lagoa - sent. gávea",Baixo,-22.9613501,-43.2111475,Fechado,Lâmina d'água,2020-09-22,
33.0,56391,Lagoa,2020-09-22 08:28:25+00:00,2020-09-22 17:06:18+00:00,Curto,"Av. epitácio pessoa, alt. r. vinicius de moraes - lagoa - sent. rebouças",Baixo,-22.9797182,-43.2024392,Fechado,Lâmina d'água,2020-09-22,
33.0,55803,Lagoa,2020-09-02 06:43:44+00:00,2020-09-02 10:18:14+00:00,Curto,R. fonte da saudade - alt. rua humaitá - lagoa,Baixo,-22.9637019,-43.202797,Fechado,Lâmina d'água,2020-09-02,
5.0,56420,Lagoa,2020-09-22 12:02:20+00:00,2020-09-22 16:27:09+00:00,Curto,"Av. epitácio pessoa, alt. r. tabatinguera - lagoa - ambos os sentidos",Baixo,-22.971805,-43.2072865,Fechado,Bolsão d'água em via,2020-09-22,
33.0,56427,Lagoa,2020-09-22 13:19:20+00:00,2020-09-23 16:30:07+00:00,Curto,"Av. borges de medeiros, alt. parque dos patins - lagoa - ambos os sentidos",Baixo,-22.9728162,-43.2176378,Fechado,Lâmina d'água,2020-09-22,
5.0,56386,Lagoa,2020-09-22 06:50:26+00:00,2020-09-22 17:06:39+00:00,Curto,Av. borges de medeiros - alt. da rua batista da costa - lagoa - sent. gávea.,Baixo,-22.9728162,-43.2176378,Fechado,Bolsão d'água em via,2020-09-22,
6.0,56221,Lagoa,2020-09-17 09:54:20+00:00,2020-09-17 11:40:26+00:00,Curto,"Av. borges de medeiros, 3459 - lagoa - sent. rebouças",Baixo,-22.9628966,-43.2086327,Fechado,Alagamento,2020-09-17,
5.0,56413,Catete,2020-09-22 10:55:14+00:00,2020-09-22 16:26:30+00:00,Curto,"R. do catete, alt. r. pedro américo - catete",Baixo,-22.9269656,-43.1766115,Fechado,Bolsão d'água em via,2020-09-22,
6.0,56467,Grajau,2020-09-23 11:28:11+00:00,2020-09-25 13:22:05+00:00,Curto,Jardim maravilha,Baixo,-22.9134893,-43.2650282,Fechado,Alagamento,2020-09-23,
6.0,56402,Muzema,2020-09-22 10:15:45+00:00,2020-09-23 06:05:28+00:00,Curto,Muzema,Baixo,,,Fechado,Alagamento,2020-09-22,
5.0,56436,Tijuca,2020-09-22 14:15:26+00:00,2020-09-22 16:26:42+00:00,Curto,R. gabriela prado ribeiro - alt. conde de bonfim - tijuca,Baixo,-22.9245771,-43.23108920000001,Fechado,Bolsão d'água em via,2020-09-22,
5.0,56411,Glória,2020-09-22 10:45:50+00:00,2020-09-22 16:50:51+00:00,Curto,"R. do catete, alt. r. silveira martins - catete",Baixo,-22.9269656,-43.1766115,Fechado,Bolsão d'água em via,2020-09-22,
5.0,56334,Ipanema,2020-09-20 23:00:04+00:00,2020-09-20 23:46:57+00:00,Curto,"Av. epitácio pessoa, alt. r. vinícius de moraes - ipanema",Baixo,-22.9708637,-43.2069645,Fechado,Bolsão d'água em via,2020-09-20,
5.0,56387,Humaitá,2020-09-22 07:20:03+00:00,2020-09-22 18:59:36+00:00,Curto,R. humaitá - alt. r. da saudade - humaitá - sent. lagoa ,Baixo,-22.9579332,-43.1994984,Fechado,Bolsão d'água em via,2020-09-22,
5.0,56404,Guaratiba,2020-09-22 10:19:37+00:00,2020-09-22 17:07:15+00:00,Curto,"Estr. da pedra,  5255-4857 - guaratiba",Baixo,-22.968175,-43.6478602,Fechado,Bolsão d'água em via,2020-09-22,
5.0,56416,Copacabana,2020-09-22 11:25:17+00:00,2020-09-22 11:28:50+00:00,Curto,"Rua tonelero, alt. r. tonelero - copacabana ",Baixo,-22.9679625,-43.1879425,Fechado,Bolsão d'água em via,2020-09-22,
5.0,56405,Itanhangá,2020-09-22 10:22:38+00:00,2020-09-22 18:03:56+00:00,Curto,"Estr. da barra da tijuca, 1020 - itanhangá - sent. alto",Baixo,-23.0036732,-43.3047028,Fechado,Bolsão d'água em via,2020-09-22,
5.0,56462,Itanhangá,2020-09-23 09:32:27+00:00,2020-09-23 11:10:02+00:00,Curto,Estr. da barra da tijuca - alt. shopping espaço itanhangá - ambos os sentidos,Baixo,-22.9996002,-43.3042442,Fechado,Bolsão d'água em via,2020-09-23,
5.0,56448,Itanhangá,2020-09-23 01:38:47+00:00,2020-09-24 04:32:45+00:00,Curto,Estr. do itanhangá - alt. n° 1006 - itanhangá - sent. rio das pedras,Baixo,-22.9952425,-43.3113164,Fechado,Bolsão d'água em via,2020-09-23,
5.0,56378,Manguinhos,2020-09-22 00:10:36+00:00,2020-09-22 04:20:07+00:00,Curto,Av. brasil - alt. viaduto ataulfo alves - benfica - sent. centro,Baixo,-22.8850574,-43.2351722,Fechado,Bolsão d'água em via,2020-09-22,
5.0,56375,Manguinhos,2020-09-21 23:55:56+00:00,2020-09-22 01:07:19+00:00,Curto,Av. brasil - alt. do canal do cunha - manguinhos - ambos os sentidos,Baixo,-22.8814368,-43.2382184,Fechado,Bolsão d'água em via,2020-09-21,
6.0,56482,Campo grande,2020-09-24 06:32:16+00:00,2020-09-24 17:40:22+00:00,Curto,"Estr. do mendanha, 4500 - campo grande",Baixo,-22.8645488,-43.5490361,Fechado,Alagamento,2020-09-24,
33.0,55800,Jacarepaguá,2020-09-02 06:17:02+00:00,2020-09-02 14:44:55+00:00,Curto,Av. ayrton senna - giro do cebolinha  - jacarepaguá - sent. cidade de deus,Baixo,-22.9536119,-43.3571515,Fechado,Lâmina d'água,2020-09-02,
6.0,55802,Jacarepaguá,2020-09-02 06:27:49+00:00,2020-09-03 07:10:20+00:00,Curto,Av. eng. souza filho - alt. n° 565 - jacarepaguá - muzema,Baixo,-22.9720366,-43.3370287,Fechado,Alagamento,2020-09-02,
5.0,56417,São conrado,2020-09-22 11:32:02+00:00,2020-09-22 14:42:02+00:00,Curto,"Estr. eng. fernando mac dowell, alt. entrada túnel zuzu angel - são conrado - sent. lagoa",Baixo,-22.99727,-43.26289999999999,Fechado,Bolsão d'água em via,2020-09-22,
5.0,56372,São conrado,2020-09-21 23:12:21+00:00,2020-09-22 01:41:07+00:00,Curto,Autoestrada eng. fernando mac dowell - alt. da rocinha - são conrado - sent. barra,Baixo,-22.99727,-43.26289999999999,Fechado,Bolsão d'água em via,2020-09-21,
5.0,56373,São conrado,2020-09-21 23:40:39+00:00,2020-09-22 03:43:40+00:00,Curto,Av. niemeyer - alt. n° 318 - são conrado - sent. leblon,Baixo,-22.997501,-43.239383,Fechado,Bolsão d'água em via,2020-09-21,
6.0,56399,Vargem grande,2020-09-22 09:59:38+00:00,2020-09-24 09:36:33+00:00,Curto,Estr. ver. alceu de carvalho - vargem grande,Baixo,-23.0091467,-43.4931817,Fechado,Alagamento,2020-09-22,
5.0,56425,Gardênia azul,2020-09-22 12:32:27+00:00,2020-09-22 16:52:02+00:00,Curto,"Av. ayrton senna, alt. av. isabel domingues - gardênia azul",Baixo,-22.9608957,-43.3565433,Fechado,Bolsão d'água em via,2020-09-22,
5.0,56422,Jardim sulacap,2020-09-22 12:19:42+00:00,2020-09-22 13:41:57+00:00,Curto,"Estr. do catonho, 17 - sent.  sulacap",Baixo,-22.8992071,-43.3889645,Fechado,Bolsão d'água em via,2020-09-22,
5.0,56396,Barra da tijuca,2020-09-22 09:52:02+00:00,2020-09-22 15:05:55+00:00,Curto,"Av. armando lombardi, alt. r. aldo bonadei - barra da tijuca - sent. s. conrado",Baixo,-23.0075515,-43.3073868,Fechado,Bolsão d'água em via,2020-09-22,
5.0,56180,Barra da tijuca,2020-09-16 04:38:49+00:00,2020-09-16 08:10:06+00:00,Curto,"Av. armando lombardi, alt. acesso barra point - em ambos os sentidos",Baixo,-23.0062608,-43.3085822,Fechado,Bolsão d'água em via,2020-09-16,
5.0,56333,Barra da tijuca,2020-09-20 22:53:57+00:00,2020-09-21 00:04:22+00:00,Curto,"Av. armando lombardi, alt. acesso barra point - barra - sent. recreio",Baixo,-23.0066933,-43.3106674,Fechado,Bolsão d'água em via,2020-09-20,
5.0,56368,Barra da tijuca,2020-09-21 22:36:58+00:00,2020-09-22 15:02:00+00:00,Curto,Av. armando lombardi - alt. barra point - barra da tijuca - sent. recreio.,Baixo,-23.0066933,-43.3106674,Fechado,Bolsão d'água em via,2020-09-21,
33.0,55799,Barra da tijuca,2020-09-02 04:35:25+00:00,2020-09-02 19:50:59+00:00,Curto,"Mergulhão billy blanco "" y "" - barra da tijuca - sent. orla",Baixo,-22.9976374,-43.3667707,Fechado,Lâmina d'água,2020-09-02,
5.0,56381,Barra da tijuca,2020-09-22 02:44:12+00:00,2020-09-22 03:32:53+00:00,Curto,Av. ayrton senna - alt. do sesc - barra da tijuca - sent. linha amarela,Baixo,-22.9829389,-43.3653695,Fechado,Bolsão d'água em via,2020-09-22,
33.0,55798,Barra da tijuca,2020-09-02 03:11:23+00:00,2020-09-02 04:22:49+00:00,Curto,Av. ayrton senna - alt. do senac - barra da tijuca - sent. linha amarela,Baixo,-22.9829389,-43.3653695,Fechado,Lâmina d'água,2020-09-02,
5.0,56403,Barra da tijuca,2020-09-22 10:18:52+00:00,2020-09-22 15:03:57+00:00,Curto,"Av. armando lombardi, alt. r. pedro lago - barra da tijuca",Baixo,-23.0083184,-43.3094845,Fechado,Bolsão d'água em via,2020-09-22,
5.0,56394,Barra da tijuca,2020-09-22 08:51:50+00:00,2020-09-22 15:02:58+00:00,Curto,"Av. das américas, alt. barra garden - barra da tijuca - sent. s. conrado",Baixo,-23.0010681,-43.3362609,Fechado,Bolsão d'água em via,2020-09-22,
5.0,56370,Barra da tijuca,2020-09-21 22:44:56+00:00,2020-09-22 15:01:33+00:00,Curto,Av. ministro ivan lins - alt. hotel ibis - barra da tijuca - sent. são conrado.,Baixo,-23.0130858,-43.2959843,Fechado,Bolsão d'água em via,2020-09-21,
33.0,55797,Barra da tijuca,2020-09-02 03:04:34+00:00,2020-09-02 08:52:43+00:00,Curto,Av. armando lombardi - alt. barra point - barra da tijuca - ambos os sentidos.,Baixo,-23.0068307,-43.3107119,Fechado,Lâmina d'água,2020-09-02,
5.0,56400,Barra da tijuca,2020-09-22 10:03:37+00:00,2020-09-22 15:03:26+00:00,Curto,"Av. min. ivan lins, alt. praça euvaldo lodi - barra da tijuca - sent. s. conrado",Baixo,-23.0129114,-43.2978112,Fechado,Bolsão d'água em via,2020-09-22,
5.0,56395,Barra da tijuca,2020-09-22 09:34:20+00:00,2020-09-22 15:08:03+00:00,Curto,"Av. das américas, alt. dowtown - barra da tijuca - sent. s. conrado",Baixo,-22.9999232,-43.3396081,Fechado,Bolsão d'água em via,2020-09-22,
5.0,56376,Parada de lucas,2020-09-21 23:59:09+00:00,2020-09-22 04:21:50+00:00,Curto,Descida do viaduto de lucas - parada de lucas - sent. centro,Baixo,-22.8170968,-43.3038925,Fechado,Bolsão d'água em via,2020-09-21,
5.0,56415,Jardim botânico,2020-09-22 11:07:42+00:00,2020-09-22 16:50:15+00:00,Curto,"Rua pacheco leão, alt. r. von martius - jardim botânico",Baixo,-22.9663775,-43.22996300000001,Fechado,Bolsão d'água em via,2020-09-22,
5.0,56412,Jardim botânico,2020-09-22 10:49:58+00:00,2020-09-22 14:41:43+00:00,Curto,"R. prof. saldanha, alt. r. jardim botânico - jardim botânico",Baixo,-22.9603946,-43.2050658,Fechado,Bolsão d'água em via,2020-09-22,
5.0,56414,Jardim botânico,2020-09-22 11:00:19+00:00,2020-09-22 20:01:15+00:00,Curto,"R. jardim botânico, alt. r. pacheco leão - jardim botânico ",Baixo,-22.9641859,-43.21743980000001,Fechado,Bolsão d'água em via,2020-09-22,
6.0,56401,Jardim maravilha,2020-09-22 10:08:58+00:00,2020-09-23 09:07:49+00:00,Curto,Jardim maravilha,Baixo,,,Fechado,Alagamento,2020-09-22,
5.0,71255,Bangu,2022-02-17 21:39:01+00:00,2022-02-17 22:31:54+00:00,Curto,"Rua da feira, alt. r. dos açudes - bangu - sent. padre miguel",Baixo,-22.8826752,-43.4688412,Fechado,Bolsão d'água em via,2022-02-17,
5.0,70899,Bangu,2022-02-07 15:35:07+00:00,2022-02-07 16:28:03+00:00,Curto,R. da feira - alt. r. dos açudes - bangu,Baixo,-22.8804744,-43.4691468,Fechado,Bolsão d'água em via,2022-02-07,
5.0,71370,Bangu,2022-02-21 19:09:36+00:00,2022-02-21 20:03:15+00:00,Curto,"Rua da feira, alt. r. dos açudes - bangu - sent. padre miguel",Baixo,-22.8826752,-43.4688412,Fechado,Bolsão d'água em via,2022-02-21,
5.0,71239,Tauá,2022-02-17 18:14:58+00:00,2022-02-17 19:45:19+00:00,Curto,R. demétrio de tolêdo - tauá,Baixo,-22.7932988,-43.1841183,Fechado,Bolsão d'água em via,2022-02-17,
5.0,71240,Tauá,2022-02-17 18:16:50+00:00,2022-02-17 19:45:30+00:00,Curto,R. prof hilárião da rocha - tauá,Baixo,-22.7964058,-43.1848533,Fechado,Bolsão d'água em via,2022-02-17,
5.0,71253,Cosmos,2022-02-17 21:30:05+00:00,2022-02-17 22:31:39+00:00,Curto,"Rua tupitinga, alt. av. bacaxa - cosmos",Baixo,-22.8913545,-43.6086877,Fechado,Bolsão d'água em via,2022-02-17,
5.0,70900,Grajau,2022-02-07 15:40:53+00:00,2022-02-07 15:49:26+00:00,Curto,Rua barão do bom retiro - alt. av. eng. richard - vila isabel,Baixo,-22.92053863012071,-43.25939676071319,Fechado,Bolsão d'água em via,2022-02-07,
5.0,70896,Grajau,2022-02-07 15:12:03+00:00,2022-02-07 15:38:58+00:00,Curto,R. josé do patrocínio  - alt. r. mal. jofre - grajau,Baixo,-22.9190938,-43.26616629999999,Fechado,Bolsão d'água em via,2022-02-07,
5.0,70901,Grajau,2022-02-07 15:45:43+00:00,2022-02-07 15:49:01+00:00,Curto,R. nossa sra. de lourdes - alt. r. barão do bom retiro - grajau,Baixo,-22.9211029,-43.2546746,Fechado,Bolsão d'água em via,2022-02-07,
5.0,71236,Irajá,2022-02-17 17:54:06+00:00,2022-02-17 18:52:11+00:00,Curto,Av. brasil - alt. trevo das margaridas - irajá - sent. centro,Baixo,-22.8204814,-43.3204012,Fechado,Bolsão d'água em via,2022-02-17,
5.0,71369,Irajá,2022-02-21 16:54:50+00:00,2022-02-21 20:43:42+00:00,Curto,Trevo das margaridas - alt. av. brasil - irajá - sent. rod. pres. dutra,Baixo,-22.8204814,-43.3204012,Fechado,Bolsão d'água em via,2022-02-21,
5.0,70865,Irajá,2022-02-06 15:42:06+00:00,2022-02-06 17:15:09+00:00,Curto,"Av. brasil ,alt. trevo das margaridas - sent. centro",Baixo,-22.8199503,-43.3163704,Fechado,Bolsão d'água em via,2022-02-06,
5.0,70968,Leblon,2022-02-09 02:22:41+00:00,2022-02-09 02:33:41+00:00,Curto,"Rua mario ribeiro, 201 - leblon - sent. lagoa",Baixo,-22.9776408,-43.2203293,Fechado,Bolsão d'água em via,2022-02-09,
5.0,70906,Pavuna,2022-02-07 16:18:23+00:00,2022-02-07 17:36:27+00:00,Curto,Av. prof. bernardino rocha - pavuna,Baixo,-22.8130674,-43.3736976,Fechado,Bolsão d'água em via,2022-02-07,
5.0,70916,Pavuna,2022-02-07 17:38:54+00:00,2022-02-07 18:38:57+00:00,Curto,Av. prof. bernardino rocha - pavuna,Baixo,-22.8130674,-43.3736976,Fechado,Bolsão d'água em via,2022-02-07,
5.0,71247,Galeão,2022-02-17 19:30:36+00:00,2022-02-17 20:24:42+00:00,Curto,"Av. braz crispino, alt. estr. das canárias - ilha do governador - sent. estr. do galeão",Baixo,-22.8126375,-43.2273617,Fechado,Bolsão d'água em via,2022-02-17,
5.0,71261,Ipanema,2022-02-18 06:22:07+00:00,2022-02-18 17:18:07+00:00,Curto,"Av. epitácio pessoa, alt. r. redentor - ipanema",Baixo,-22.973035,-43.2078636,Fechado,Bolsão d'água em via,2022-02-18,
5.0,70914,Ipanema,2022-02-07 17:33:21+00:00,2022-02-07 18:07:25+00:00,Curto,R. vinícius de moraes - alt. av. epitácio pessoa - ipanema,Baixo,-22.98008591396077,-43.20248939259032,Fechado,Bolsão d'água em via,2022-02-07,
5.0,70934,Taquara,2022-02-07 20:25:12+00:00,2022-02-07 21:57:26+00:00,Curto,"R. mapendi, 970 - taquara",Baixo,-22.9302209,-43.3757111,Fechado,Bolsão d'água em via,2022-02-07,
5.0,70905,Curicica,2022-02-07 16:14:52+00:00,2022-02-07 17:08:56+00:00,Curto,"R. da reverência, 48 - curicica",Baixo,-22.9593738,-43.3910008,Fechado,Bolsão d'água em via,2022-02-07,
5.0,70907,Curicica,2022-02-07 16:19:57+00:00,2022-02-07 17:36:41+00:00,Curto,Rua da ventura - curicica,Baixo,-22.9530675,-43.3896884,Fechado,Bolsão d'água em via,2022-02-07,
5.0,71292,Flamengo,2022-02-18 20:38:21+00:00,2022-02-18 22:30:44+00:00,Curto,"Rua do catete, alt. r. silveira martins - catete",Baixo,-22.9258769,-43.178293,Fechado,Bolsão d'água em via,2022-02-18,
5.0,71376,Realengo,2022-02-21 21:18:45+00:00,2022-02-21 21:22:17+00:00,Curto,"Rua bernardo de vasconcelos, 1746 - realengo",Baixo,-22.87555,-43.4382519,Fechado,Bolsão d'água em via,2022-02-21,
5.0,70869,Guaratiba,2022-02-07 06:00:24+00:00,2022-02-07 07:32:11+00:00,Curto,"Estr. da pedra, alt. est. brt santa veridiana - guaratiba - sent. av. dom joão vi",Baixo,-22.9942823,-43.5962884,Fechado,Bolsão d'água em via,2022-02-07,
5.0,71372,Inhoaíba,2022-02-21 19:41:15+00:00,2022-02-21 20:03:38+00:00,Curto,"Av. cesário de melo, alt. r aurélio de figueiredo - campo grande",Baixo,-22.9094738,-43.5807627,Fechado,Bolsão d'água em via,2022-02-21,
5.0,70933,Inhoaíba,2022-02-07 20:12:29+00:00,2022-02-07 20:55:56+00:00,Curto,Av. cesário de melo - alt. estação brt inhoaíba - sent. paciênca.,Baixo,-22.9150716,-43.6057638,Fechado,Bolsão d'água em via,2022-02-07,
5.0,71371,Inhoaíba,2022-02-21 19:25:40+00:00,2022-02-21 22:05:06+00:00,Curto,"Av. cesário de melo, alt. r. moranga - inhoaíba - sent. campo grande",Baixo,-22.9120765,-43.59307279999999,Fechado,Bolsão d'água em via,2022-02-21,
5.0,71251,Inhoaíba,2022-02-17 21:24:38+00:00,2022-02-17 23:49:35+00:00,Curto,"Av. cesário de melo, alt. r. moranga - inhoaíba - sent. campo grande",Baixo,-22.9121472,-43.5930144,Fechado,Bolsão d'água em via,2022-02-17,
5.0,70902,Madureira,2022-02-07 15:58:42+00:00,2022-02-07 18:16:42+00:00,Curto,Av. min. edgard romero - alt. r. conselheiro galvão - madureira - sent. vicente de carvalho,Baixo,-22.8724265,-43.3364431,Fechado,Bolsão d'água em via,2022-02-07,
5.0,71238,Bancários,2022-02-17 18:12:52+00:00,2022-02-17 19:45:08+00:00,Curto,R. max yantok - bancários,Baixo,-22.7917275,-43.182906,Fechado,Bolsão d'água em via,2022-02-17,
5.0,71241,Bancários,2022-02-17 18:18:29+00:00,2022-02-17 19:45:42+00:00,Curto,Rua ilha fiscal - bancários,Baixo,-22.788895,-43.183477,Fechado,Bolsão d'água em via,2022-02-17,
5.0,71283,Copacabana,2022-02-18 18:31:11+00:00,2022-02-18 21:34:19+00:00,Curto,R. tonelero - alt. r. siqueira campos - copacabana,Baixo,-22.9671127,-43.1861562,Fechado,Bolsão d'água em via,2022-02-18,
5.0,70911,Itanhangá,2022-02-07 16:48:58+00:00,2022-02-08 22:00:43+00:00,Curto,Av. eng. souza filho - muzema ,Baixo,-22.9786046,-43.3336748,Fechado,Bolsão d'água em via,2022-02-07,
5.0,70994,Itanhangá,2022-02-09 20:59:46+00:00,2022-02-09 23:10:15+00:00,Curto,"Av. eng. souza filho, 613 - itanhangá - sent. estr. da barra da tijuca",Baixo,-22.9887556,-43.323884,Fechado,Bolsão d'água em via,2022-02-09,
5.0,71257,Itanhangá,2022-02-17 23:04:44+00:00,2022-02-18 00:45:42+00:00,Curto,"Estr. do itanhangá, 1020 - itanhangá - sent. rio das pedras",Baixo,-22.995249,-43.311421,Fechado,Bolsão d'água em via,2022-02-17,
5.0,70988,Itanhangá,2022-02-09 18:19:20+00:00,2022-02-09 20:38:49+00:00,Curto,"Estr. do itanhangá, 1020 - itanhangá - sent. rio das pedras",Baixo,-22.995249,-43.311421,Fechado,Bolsão d'água em via,2022-02-09,
5.0,71366,Manguinhos,2022-02-21 15:42:24+00:00,2022-02-21 17:40:47+00:00,Curto,Av. brasil - alt. viaduto ataulfo alves - benfica - sent. zona oeste,Baixo,-22.8790547,-43.2401616,Fechado,Bolsão d'água em via,2022-02-21,
5.0,71243,Portuguesa,2022-02-17 18:31:03+00:00,2022-02-17 19:15:35+00:00,Curto,R. eduardo nadruz - portuguesa,Baixo,-22.8001606,-43.210776,Fechado,Bolsão d'água em via,2022-02-17,
5.0,71244,Portuguesa,2022-02-17 18:33:17+00:00,2022-02-17 19:46:03+00:00,Curto,Rua manoel antônio sendas - portuguesa,Baixo,-22.8001044,-43.2111635,Fechado,Bolsão d'água em via,2022-02-17,
5.0,70939,Santa cruz,2022-02-07 21:32:37+00:00,2022-02-08 06:56:01+00:00,Curto,Estrada da pedra - alt. estação brt santa veridiana - santa cruz - sent. guaratiba,Baixo,-22.94048,-43.66514,Fechado,Bolsão d'água em via,2022-02-07,
5.0,71246,Tubiacanga,2022-02-17 18:43:26+00:00,2022-02-17 19:46:35+00:00,Curto,"Estr. de tubiacanga, 131 - ilha do governador",Baixo,-22.7840631,-43.2279984,Fechado,Bolsão d'água em via,2022-02-17,
5.0,70910,Coelho neto,2022-02-07 16:27:16+00:00,2022-02-07 20:47:45+00:00,Curto,Av. pastor m. l. king júnior - alt. hosp. ronaldo gazolla - acari,Baixo,-22.82543669440228,-43.34742443558197,Fechado,Bolsão d'água em via,2022-02-07,
5.0,70895,Vila isabel,2022-02-07 15:04:59+00:00,2022-02-07 15:23:43+00:00,Curto,R. teodoro da silva - alt. r. sousa franco - vila isabel,Baixo,-22.9175689,-43.2454703,Fechado,Bolsão d'água em via,2022-02-07,
5.0,71375,Campo grande,2022-02-21 21:11:02+00:00,2022-02-21 21:17:05+00:00,Curto,"Estr. da caroba, 685 (alt. da feuc) campo grande ",Baixo,-22.8988927,-43.55404799999999,Fechado,Bolsão d'água em via,2022-02-21,
5.0,71379,Campo grande,2022-02-21 22:06:54+00:00,2022-02-21 22:07:52+00:00,Curto,"Estr. do mendanha, 1161 - campo grande - em ambos os sentidos",Baixo,-22.8711864,-43.55467669999999,Fechado,Bolsão d'água em via,2022-02-21,
5.0,71373,Campo grande,2022-02-21 20:32:52+00:00,2022-02-21 20:44:46+00:00,Curto,"Av. cesário de melo, 4351 (alt. cemitério) - campo grande",Baixo,-22.9068941,-43.573388,Fechado,Bolsão d'água em via,2022-02-21,
5.0,71252,Campo grande,2022-02-17 21:27:25+00:00,2022-02-17 22:36:13+00:00,Curto,Rua armando amaral rebello - campo grande,Baixo,-22.8861057,-43.5748127,Fechado,Bolsão d'água em via,2022-02-17,
5.0,71248,Campo grande,2022-02-17 21:10:29+00:00,2022-02-17 21:16:48+00:00,Curto,"Estr. rio do a, alt. estr. rio são paulo - campo grande",Baixo,-22.8968106,-43.5636889,Fechado,Bolsão d'água em via,2022-02-17,
5.0,71099,Engenho novo,2022-02-12 22:52:49+00:00,2022-02-13 00:03:00+00:00,Curto,"R. silva freire, 22 - engenho novo - sent. r. 24 de maio",Baixo,-22.9024462,-43.2687688,Fechado,Bolsão d'água em via,2022-02-12,
5.0,71013,Jacarepaguá,2022-02-10 11:22:33+00:00,2022-02-10 18:12:07+00:00,Curto,Rua antônio cordeiro - freguesia,Baixo,-22.9427697,-43.3375179,Fechado,Bolsão d'água em via,2022-02-10,
5.0,70915,Jardim sulacap,2022-02-07 17:35:00+00:00,2022-02-07 20:06:17+00:00,Curto,Estr. do catonho - alt. estr. do cafundá - taquara,Baixo,-22.906765903133035,-43.37995466099091,Fechado,Bolsão d'água em via,2022-02-07,
5.0,70924,Barra da tijuca,2022-02-07 18:27:41+00:00,2022-02-07 20:49:08+00:00,Curto,Estr. da pedra - alt. brt pingo d´agua - guaratiba ,Baixo,-22.9652037,-43.6469919,Fechado,Bolsão d'água em via,2022-02-07,
5.0,71254,Barra da tijuca,2022-02-17 21:33:24+00:00,2022-02-17 22:15:46+00:00,Curto,"Av. ayrton senna, alt. ponte nova brt - barra da tijuca - sent. orla",Baixo,-22.9860018,-43.3654065,Fechado,Bolsão d'água em via,2022-02-17,
5.0,71386,Barra da tijuca,2022-02-22 07:26:28+00:00,2022-02-22 10:00:46+00:00,Curto,Mergulhinho - alt. jardim oceânico - barra - ambos os sentidos,Baixo,-23.0110064,-43.3091914,Fechado,Bolsão d'água em via,2022-02-22,
5.0,71285,Jardim botânico,2022-02-18 19:02:23+00:00,2022-02-18 19:50:11+00:00,Curto,R. pacheco leão - alt. r. jardim botânico,Baixo,-22.9663775,-43.229963,Fechado,Bolsão d'água em via,2022-02-18,
5.0,71284,Jardim botânico,2022-02-18 18:50:19+00:00,2022-02-18 22:18:09+00:00,Curto,R. jardim botânico - alt. r. prof. saldanha,Baixo,-22.9603817,-43.2050687,Fechado,Bolsão d'água em via,2022-02-18,
5.0,71286,Jardim botânico,2022-02-18 19:51:59+00:00,2022-02-18 22:31:59+00:00,Curto,"Rua jardim botânico, alt. parque lage - jardim botânico",Baixo,-22.9636733,-43.2166721,Fechado,Bolsão d'água em via,2022-02-18,
5.0,71245,Jardim guanabara,2022-02-17 18:39:33+00:00,2022-02-17 19:46:20+00:00,Curto,Rua uçá - jardim guanabara,Baixo,-22.8170464,-43.2016845,Fechado,Bolsão d'água em via,2022-02-17,
5.0,71377,Sen. vasconcelos,2022-02-21 21:35:36+00:00,2022-02-21 21:36:13+00:00,Curto,"Av. de santa cruz, 11930 - sen. vasconcelos",Baixo,-22.8922333,-43.5289064,Fechado,Bolsão d'água em via,2022-02-21,
5.0,70913,Recreio dos bandeirantes,2022-02-07 17:10:13+00:00,2022-02-07 22:22:36+00:00,Curto,Av. gilka machado - alt. av. genaro de carvalho - recreio,Baixo,-23.0217233,-43.4767081,Fechado,Bolsão d'água em via,2022-02-07,
5.0,71014,Freguesia de jacarepaguá,2022-02-10 12:02:02+00:00,2022-02-10 18:11:58+00:00,Curto,R. júlio pôrto carrero - alt. r. orizona - freguesia ,Baixo,-22.9445325,-43.3429197,Fechado,Bolsão d'água em via,2022-02-10,
5.0,71242,Freguesia (ilha do governador),2022-02-17 18:20:28+00:00,2022-02-17 19:45:52+00:00,Curto,"R. pio dutra, 513 - freguesia (ilha do governador)",Baixo,-22.7932202,-43.17509949999999,Fechado,Bolsão d'água em via,2022-02-17,
31.0,71291,Lagoa,2022-02-18 20:29:08+00:00,2022-02-18 23:49:44+00:00,Curto,"Rua professor abelardo lóbo, alt. praça marcos tamoyo - lagoa",Baixo,-22.9614293,-43.2049368,Fechado,Alagamento,2022-02-18,
31.0,71288,Taquara,2022-02-18 20:03:09+00:00,2022-02-19 07:36:16+00:00,Curto,"Rua são zózimo, 57 - taquara",Baixo,-22.9469412,-43.3750926,Fechado,Alagamento,2022-02-18,
31.0,71287,Taquara,2022-02-18 20:00:05+00:00,2022-02-19 07:36:04+00:00,Curto,"Rua são zacarias, 26 - taquara",Baixo,-22.9474698,-43.3744302,Fechado,Alagamento,2022-02-18,
31.0,71293,Curicica,2022-02-18 20:55:21+00:00,2022-02-19 07:36:21+00:00,Curto,"Rua do castor, 127 - curicica",Baixo,-22.9538206,-43.3781657,Fechado,Alagamento,2022-02-18,
31.0,71289,Curicica,2022-02-18 20:16:37+00:00,2022-02-19 01:25:57+00:00,Curto,"Rua vila aurora, 170 - curicica",Baixo,-22.9380362,-43.3802712,Fechado,Alagamento,2022-02-18,
31.0,70927,Guaratiba,2022-02-07 18:42:49+00:00,2022-02-07 21:08:49+00:00,Curto,Av. campo mourão / av. pilar do sul / rua ronda alves - jardim maravilha - guaratiba,Baixo,-22.9622272,-43.6050691,Fechado,Alagamento,2022-02-07,
31.0,70918,Inhoaíba,2022-02-07 17:41:00+00:00,2022-02-07 20:56:20+00:00,Curto,Av. cesário de melo - alt. r. adolfo lemos - inhoaíba,Baixo,-22.9137419,-43.5973936,Fechado,Alagamento,2022-02-07,
31.0,71256,Inhoaíba,2022-02-17 22:06:56+00:00,2022-02-18 00:16:53+00:00,Curto,"Estrada do tingui, alt. estr. carvalho ramos - inhoaíba",Baixo,-22.8908804,-43.5896978,Fechado,Alagamento,2022-02-17,
31.0,71249,Inhoaíba,2022-02-17 21:14:51+00:00,2022-02-17 23:06:48+00:00,Curto,"Av. cesário de melo, alt. r. aurélio de figueiredo - campo grande",Baixo,-22.9094738,-43.5807627,Fechado,Alagamento,2022-02-17,
31.0,71294,Jacarepaguá,2022-02-18 20:59:18+00:00,2022-02-19 07:36:29+00:00,Curto,"Rua gambia, 26 - jacarepaguá",Baixo,-22.950304,-43.3762943,Fechado,Alagamento,2022-02-18,
31.0,71295,Jacarepaguá,2022-02-18 21:23:26+00:00,2022-02-19 07:36:39+00:00,Curto,"Rua são longino, alt. r. são turíbio - taquara",Baixo,-22.947011,-43.3739006,Fechado,Alagamento,2022-02-18,
5.0,22983,Sem bairro,2017-12-21 23:45:54+00:00,2017-12-22 05:41:49+00:00,Desconhecido,Rua professor abelardo lóbo - lagoa,Baixo,-22.962319322264047,-43.20518544973754,Fechado,Bolsão d'água em via,2017-12-21,
5.0,22980,Sem bairro,2017-12-21 22:28:44+00:00,2017-12-21 23:42:53+00:00,Desconhecido,Estrada da cacuia - cacuia,Baixo,-22.81195794272798,-43.19142863389891,Fechado,Bolsão d'água em via,2017-12-21,
5.0,22981,Sem bairro,2017-12-21 22:35:06+00:00,2017-12-21 23:42:38+00:00,Desconhecido,"Estrada da bica, 521 - jardim guanabara",Baixo,-22.8175664,-43.1877586,Fechado,Bolsão d'água em via,2017-12-21,
5.0,23003,Sem bairro,2017-12-22 16:30:45+00:00,2017-12-22 16:32:04+00:00,Desconhecido,Av. borges de medeiros - lagoa,Baixo,-22.9728162,-43.217637800000034,Fechado,Bolsão d'água em via,2017-12-22,
5.0,23001,Sem bairro,2017-12-22 16:27:27+00:00,2017-12-22 16:29:10+00:00,Desconhecido,Rua do catete - alt r. silveira martins - catete,Baixo,-22.9259474,-43.17777649999999,Fechado,Bolsão d'água em via,2017-12-22,
5.0,23002,Sem bairro,2017-12-22 16:29:17+00:00,2017-12-22 16:30:31+00:00,Desconhecido,Estr. lagoa-barra - alt golf club,Baixo,-22.9971128,-43.26265790000002,Fechado,Bolsão d'água em via,2017-12-22,
5.0,23000,Sem bairro,2017-12-22 16:25:06+00:00,2017-12-22 16:26:48+00:00,Desconhecido,Estr. rio do a - campo grande,Baixo,-22.8973393,-43.56478670000001,Fechado,Bolsão d'água em via,2017-12-22,
5.0,23004,Sem bairro,2017-12-22 16:32:09+00:00,2017-12-22 16:33:41+00:00,Desconhecido,R. dos coqueiros - catumbi,Baixo,-22.9170767,-43.19445300000001,Fechado,Bolsão d'água em via,2017-12-22,
5.0,23043,Sem bairro,2017-12-23 22:58:43+00:00,2017-12-24 03:27:24+00:00,Desconhecido,Autoestrada lagoa-barra - gávea,Baixo,-22.9971128,-43.26265790000002,Fechado,Bolsão d'água em via,2017-12-23,
5.0,23044,Sem bairro,2017-12-23 23:20:44+00:00,2017-12-24 00:40:17+00:00,Desconhecido,"Estrada da barra da tijuca, 1636 - itanhangá",Baixo,-22.9991405,-43.30470350000002,Fechado,Bolsão d'água em via,2017-12-23,
5.0,23068,Sem bairro,2017-12-24 18:31:17+00:00,2017-12-24 20:55:34+00:00,Desconhecido,Av. min. edgard romero - alt. do mercadão de madureira,Baixo,-22.8660996,-43.33433980000001,Fechado,Bolsão d'água em via,2017-12-24,
5.0,23056,Sem bairro,2017-12-24 11:01:32+00:00,2017-12-24 13:34:58+00:00,Desconhecido,"Av. borges de medeiros, 3709 - lagoa",Baixo,-22.9626348,-43.20626170000003,Fechado,Bolsão d'água em via,2017-12-24,
5.0,23047,Sem bairro,2017-12-24 01:11:26+00:00,2017-12-24 05:56:10+00:00,Desconhecido,Av. borges de medeiros - lagoa,Baixo,-22.9708772,-43.21736920000001,Fechado,Bolsão d'água em via,2017-12-24,
5.0,23073,Sem bairro,2017-12-24 19:21:52+00:00,2017-12-24 21:12:35+00:00,Desconhecido,Av. brasil - parada de lucas,Baixo,-22.8153277,-43.29902520000002,Fechado,Bolsão d'água em via,2017-12-24,
5.0,23050,Sem bairro,2017-12-24 05:19:52+00:00,2017-12-24 06:43:25+00:00,Desconhecido,"Rua fonte da saudade, alt. da r. humaitá - humaitá",Baixo,-22.9605633,-43.202805799999965,Fechado,Bolsão d'água em via,2017-12-24,
5.0,23097,Sem bairro,2017-12-26 00:25:21+00:00,2017-12-26 04:27:22+00:00,Desconhecido,"Av. brasil, 20051 - coelho neto",Baixo,-22.8314613,-43.351393400000006,Fechado,Bolsão d'água em via,2017-12-26,
5.0,23197,Sem bairro,2017-12-29 18:31:18+00:00,2017-12-29 21:52:47+00:00,Desconhecido,R. mercúrio - pavuna,Baixo,-22.8053885,-43.35611979999999,Fechado,Bolsão d'água em via,2017-12-29,
5.0,23199,Sem bairro,2017-12-29 18:36:33+00:00,2017-12-29 21:09:45+00:00,Desconhecido,"R. barão do bom retiro, 1115 - eng. novo - alt. mercado superprix",Baixo,-22.9122453,-43.266929800000014,Fechado,Bolsão d'água em via,2017-12-29,
5.0,23189,Sem bairro,2017-12-29 17:40:53+00:00,2017-12-29 21:12:36+00:00,Desconhecido,Estr. da água grande - irajá,Baixo,-22.8280472,-43.320419000000015,Fechado,Bolsão d'água em via,2017-12-29,
5.0,23200,Sem bairro,2017-12-29 18:49:01+00:00,2017-12-29 19:22:37+00:00,Desconhecido,"Av. ernani cardoso, 124 - cascadura - alt. r. padre telêmaco",Baixo,-22.882091,-43.33235000000002,Fechado,Bolsão d'água em via,2017-12-29,
5.0,23196,Sem bairro,2017-12-29 18:28:16+00:00,2017-12-29 21:16:52+00:00,Desconhecido,"Av. pastor martin luther king junior, 12926 - fazenda botafogo ",Baixo,-22.8144694,-43.35899819999997,Fechado,Bolsão d'água em via,2017-12-29,
5.0,23198,Sem bairro,2017-12-29 18:34:40+00:00,2017-12-29 21:16:09+00:00,Desconhecido,Av. chrisóstomo pimentel de oliveira - pavuna - alt. campo do falcão,Baixo,-22.8164311,-43.384932100000015,Fechado,Bolsão d'água em via,2017-12-29,
5.0,23188,Sem bairro,2017-12-29 17:37:41+00:00,2017-12-29 20:38:41+00:00,Desconhecido,Av. brasil - jardim america,Baixo,-22.811487,-43.32071769999999,Fechado,Bolsão d'água em via,2017-12-29,
5.0,23205,Sem bairro,2017-12-29 19:59:14+00:00,2017-12-29 21:52:04+00:00,Desconhecido,Estrada intendente magalhães - vila valqueire,Baixo,-22.8789145,-43.3571978,Fechado,Bolsão d'água em via,2017-12-29,
5.0,23193,Sem bairro,2017-12-29 18:03:12+00:00,2017-12-29 21:14:02+00:00,Desconhecido,"Av. dom hélder câmara, 8371 - piedade",Baixo,-22.8863026,-43.308130300000016,Fechado,Bolsão d'água em via,2017-12-29,
5.0,23191,Sem bairro,2017-12-29 17:47:29+00:00,2017-12-29 21:13:03+00:00,Desconhecido,Trevo das margaridas - irajá,Baixo,-22.949515,-43.37058730000001,Fechado,Bolsão d'água em via,2017-12-29,
5.0,23195,Sem bairro,2017-12-29 18:16:15+00:00,2017-12-29 21:08:58+00:00,Desconhecido,"R. haddock lobo, 309 - tijuca - alt. r. campos sales",Baixo,-22.9203418,-43.21607069999999,Fechado,Bolsão d'água em via,2017-12-29,
5.0,23224,Sem bairro,2017-12-30 15:59:16+00:00,2017-12-30 18:38:57+00:00,Desconhecido,"R. são josé, 78 - centro praça mario lago",Baixo,-22.9058085,-43.17623649999996,Fechado,Bolsão d'água em via,2017-12-30,
33.0,22975,Sem bairro,2017-12-21 20:41:01+00:00,2017-12-21 22:01:13+00:00,Desconhecido,Rua do catete - catete,Baixo,-22.927649837264727,-43.17680123068851,Fechado,Lâmina d'água,2017-12-21,
33.0,22972,Sem bairro,2017-12-21 19:57:30+00:00,2017-12-21 21:24:54+00:00,Desconhecido,Av. das américas -barra da tijuca,Baixo,-23.0006853,-43.3914107,Fechado,Lâmina d'água,2017-12-21,
33.0,22973,Sem bairro,2017-12-21 20:26:07+00:00,2017-12-22 01:05:19+00:00,Desconhecido,"Av. rio de janeiro, 30 - caju",Baixo,-22.88929500045684,-43.21584896403198,Fechado,Lâmina d'água,2017-12-21,
33.0,22976,Sem bairro,2017-12-21 20:55:22+00:00,2017-12-22 05:13:00+00:00,Desconhecido,Auto estrada lagoa - barra - são conrado,Baixo,-22.9976397,-43.26449330000003,Fechado,Lâmina d'água,2017-12-21,
31.0,998159,Santo cristo,2024-03-25 09:43:47+00:00,2024-03-25 10:43:47+00:00,Desconhecido,Testa ocorrencia que abriu ultimos 120 min,Normal,-22.8957408,-43.2033161,Aberto,Alagamento,2024-03-26,77952.75
33.0,998157,Anil,2024-03-26 10:54:02+00:00,2024-03-26 11:54:02+00:00,Desconhecido,Testa ocorrencia que abriu ultimos 15 min,Normal,-22.9556307,-43.3422066,Aberto,Lâmina d'água,2024-03-26,68639.2
31.0,998160,Lagoa,2024-03-26 05:58:38+00:00,2024-03-26 06:58:38+00:00,Desconhecido,Testa ocorrencia que abriu ultimo dia e não fechou,Normal,-22.9615041,-43.2041005,Aberto,Alagamento,2024-03-26,78985.0
5.0,7985,Copacabana,2024-03-22 09:57:59+00:00,2024-03-22 10:40:44+00:00,Desconhecido,"R. tonelero, alt. r. siqueira campos - copacabana",Média,-22.9666427,-43.1852321,Fechado,Bolsão d'água em via,2024-03-22,69726.0
31.0,7035,Bangu,2024-03-05 21:13:04+00:00,2024-03-05 22:13:04+00:00,Desconhecido,"Rua agricola., 530 - bangu",Média,-22.8804142,-43.4589309,Fechado,Alagamento,2024-03-05,78554.0
5.0,8126,Lagoa,2024-03-24 12:57:58+00:00,2024-03-24 15:12:46+00:00,Desconhecido,"Rua vinicius de moraes ,  - lagoa",Normal,-22.9804501,-43.202615,Fechado,Bolsão d'água em via,2024-03-24,72984.75
33.0,8125,Copacabana,2024-03-24 12:53:15+00:00,2024-03-24 15:13:42+00:00,Desconhecido,"Rua tonelero,  - copacabana",Normal,-22.9666427,-43.1852321,Fechado,Lâmina d'água,2024-03-24,72984.75
5.0,8047,Cascadura,2024-03-22 21:05:22+00:00,2024-03-22 22:10:55+00:00,Desconhecido,"Av. ernani cardoso,  - cascadura",Normal,-22.8824151,-43.3352074,Fechado,Bolsão d'água em via,2024-03-22,69726.0
5.0,8133,Magalhães bastos,2024-03-24 15:30:03+00:00,2024-03-25 02:54:01+00:00,Desconhecido,"R. salustiano silva x r. marechal mallet,  - magalhaes bastos",Normal,-22.8732113,-43.4079547,Fechado,Bolsão d'água em via,2024-03-24,76030.5
5.0,8109,Santa cruz,2024-03-24 08:18:31+00:00,2024-03-25 04:28:09+00:00,Desconhecido,"Estr. da pedra, entre est. brt vendas de varanda x brt santa veridiana - santa cruz",Normal,-22.95088,-43.6508,Fechado,Bolsão d'água em via,2024-03-24,74586.66666666667
5.0,8046,Centro,2024-03-22 19:49:51+00:00,2024-03-22 20:37:12+00:00,Desconhecido,"Rua mestre valentim - centro,  - centro",Normal,-22.9135809,-43.1752415,Fechado,Bolsão d'água em via,2024-03-22,77738.5
5.0,8035,Tauá,2024-03-22 17:22:21+00:00,2024-03-23 00:16:11+00:00,Desconhecido,"R. quatis, alt. r. soldado wandel sarmento - taua",Normal,-22.7932633,-43.185195,Fechado,Bolsão d'água em via,2024-03-22,69726.0
5.0,8037,Bancários,2024-03-22 17:31:29+00:00,2024-03-22 22:08:54+00:00,Desconhecido,"R. ilha fiscal,  - bancarios",Normal,-22.7887836,-43.1832662,Fechado,Bolsão d'água em via,2024-03-22,69726.0
5.0,8012,Tauá,2024-03-22 13:20:36+00:00,2024-03-23 04:49:09+00:00,Desconhecido,"R. demetrio de toledo, alt. no 151 - taua",Normal,-22.7940471,-43.1850998,Fechado,Bolsão d'água em via,2024-03-22,69726.0
5.0,8043,Botafogo,2024-03-22 18:21:05+00:00,2024-03-22 19:24:47+00:00,Desconhecido,"R. fernandes guimaraes,  - botafogo",Normal,-22.9551337,-43.1822492,Fechado,Bolsão d'água em via,2024-03-22,69726.0
5.0,8034,Tauá,2024-03-22 17:18:41+00:00,2024-03-22 18:03:53+00:00,Desconhecido,"R. carice, alt. r. max yantoc - taua",Normal,-22.7910308,-43.1836255,Fechado,Bolsão d'água em via,2024-03-22,69726.0
5.0,8033,Cacuia,2024-03-22 16:49:45+00:00,2024-03-22 17:10:56+00:00,Desconhecido,"Estr. da bica, alt. r. ipiaba - cacuia",Normal,-22.8191604,-43.1884935,Fechado,Bolsão d'água em via,2024-03-22,69726.0
5.0,8013,Tauá,2024-03-22 13:23:27+00:00,2024-03-22 17:03:43+00:00,Desconhecido,"R. eutiquio soledade, alt. r. capanema - taua",Normal,-22.7952234,-43.1851405,Fechado,Bolsão d'água em via,2024-03-22,69726.0
5.0,8017,Tijuca,2024-03-22 14:09:55+00:00,2024-03-22 16:56:26+00:00,Desconhecido,"R. barao de mesquita, alt. no 483 - tijuca",Normal,-22.9242419,-43.2425056,Fechado,Bolsão d'água em via,2024-03-22,69726.0
5.0,8009,Galeão,2024-03-22 13:09:08+00:00,2024-03-22 16:42:45+00:00,Desconhecido,"Estr. do galeao, alt. av. quatro - galeao",Normal,-22.8284787,-43.2350424,Fechado,Bolsão d'água em via,2024-03-22,69726.0
5.0,8027,Botafogo,2024-03-22 15:31:47+00:00,2024-03-22 16:34:31+00:00,Desconhecido,"R. muniz barreto, r. marques de olinda - botafogo",Normal,-22.9438373,-43.1837168,Fechado,Bolsão d'água em via,2024-03-22,69726.0
5.0,8021,Jardim guanabara,2024-03-22 14:42:49+00:00,2024-03-22 16:34:42+00:00,Desconhecido,"Av. cel. lu's oliveira sampaio, 285 - jardim guanabara",Normal,-22.8150033,-43.1891693,Fechado,Bolsão d'água em via,2024-03-22,69726.0
5.0,8022,Centro,2024-03-22 14:54:48+00:00,2024-03-22 16:11:05+00:00,Desconhecido,"Av. pres. vargas,  - centro",Normal,-22.9036894,-43.1873466,Fechado,Bolsão d'água em via,2024-03-22,74410.0
5.0,8007,Zumbi,2024-03-22 12:53:41+00:00,2024-03-22 16:06:47+00:00,Desconhecido,"Estr. do rio jequia, alt. no 1000 - zumbi",Normal,-22.822336,-43.176917,Fechado,Bolsão d'água em via,2024-03-22,69726.0
5.0,8025,Centro,2024-03-22 15:18:23+00:00,2024-03-22 15:58:01+00:00,Desconhecido,"R. do lavradio, alt. no 151 - centro",Normal,-22.9104094,-43.1829136,Fechado,Bolsão d'água em via,2024-03-22,69726.0
5.0,8023,Catete,2024-03-22 15:09:50+00:00,2024-03-22 15:51:10+00:00,Desconhecido,"R. do catete, alt. r. pedro americo - catete",Normal,-22.9270219,-43.1766223,Fechado,Bolsão d'água em via,2024-03-22,69726.0
5.0,8019,Cidade nova,2024-03-22 14:36:37+00:00,2024-03-22 15:59:06+00:00,Desconhecido,"Av presidente vargas, alt. caas - cidade nova",Normal,-22.9092224,-43.2026754,Fechado,Bolsão d'água em via,2024-03-22,69726.0
5.0,8024,Centro,2024-03-22 15:15:17+00:00,2024-03-22 15:37:39+00:00,Desconhecido,"Av. mem de sa, alt. r. dos invalidos - centro",Normal,-22.910562,-43.1852518,Fechado,Bolsão d'água em via,2024-03-22,69726.0
5.0,8011,Tauá,2024-03-22 13:16:35+00:00,2024-03-22 14:52:39+00:00,Desconhecido,"Av. paranapua, r. capanema - taua",Normal,-22.7953216,-43.1824399,Fechado,Bolsão d'água em via,2024-03-22,69726.0
5.0,8016,Jardim carioca,2024-03-22 13:41:22+00:00,2024-03-22 14:12:23+00:00,Desconhecido,"Estr. do galeao, alt. r. copenhague - jardim carioca",Normal,-22.8057705,-43.1932173,Fechado,Bolsão d'água em via,2024-03-22,69726.0
5.0,8014,Jardim carioca,2024-03-22 13:27:25+00:00,2024-03-22 14:13:03+00:00,Desconhecido,"Estr. do galeao, alt. r. vistula - jardim carioca",Normal,-22.8073233,-43.1974959,Fechado,Bolsão d'água em via,2024-03-22,69726.0
5.0,7948,Galeão,2024-03-21 21:14:54+00:00,2024-03-21 22:14:54+00:00,Desconhecido,"Estrada do galeao,  - galeao",Normal,-22.8185377,-43.2252866,Fechado,Bolsão d'água em via,2024-03-21,78459.4
5.0,7935,Oswaldo cruz,2024-03-21 18:04:08+00:00,2024-03-21 19:04:08+00:00,Desconhecido,"Estr. intendente magalhaes x estr. henrique de melo,  - oswaldo cruz",Normal,-22.87318,-43.3575381,Fechado,Bolsão d'água em via,2024-03-21,82270.5
5.0,7272,Coelho neto,2024-03-09 21:05:54+00:00,2024-03-09 22:05:54+00:00,Desconhecido,"Av brasil,  - coelho neto",Normal,-22.8305375,-43.3489533,Fechado,Bolsão d'água em via,2024-03-09,78066.2
5.0,7262,Benfica,2024-03-09 20:03:00+00:00,2024-03-09 21:03:00+00:00,Desconhecido,"Rua prefeito olimpio de melo,  - benfica",Normal,-22.8903989,-43.2344028,Fechado,Bolsão d'água em via,2024-03-09,78066.2
5.0,7258,Freguesia (ilha do governador),2024-03-09 19:45:02+00:00,2024-03-09 20:45:02+00:00,Desconhecido,"Estrada do galeao,  - freguesia (ilha do governador)",Normal,-22.811957,-43.2181706,Fechado,Bolsão d'água em via,2024-03-09,78066.2
5.0,7049,Campo grande,2024-03-05 23:08:04+00:00,2024-03-06 00:08:04+00:00,Desconhecido,"Av cesario de melo,  - campo grande",Normal,-22.9102244,-43.5829307,Fechado,Bolsão d'água em via,2024-03-05,77786.0
5.0,7038,Santa cruz,2024-03-05 21:21:14+00:00,2024-03-05 22:21:14+00:00,Desconhecido,"Rua felipe cardoso,  - santa cruz",Normal,-22.9277194,-43.6772512,Fechado,Bolsão d'água em via,2024-03-05,77786.0
5.0,7040,Inhoaíba,2024-03-05 21:31:43+00:00,2024-03-05 22:31:43+00:00,Desconhecido,"Av cesario de melo,  - inhoaiba",Normal,-22.9119302,-43.5923894,Fechado,Bolsão d'água em via,2024-03-05,76977.2
5.0,7028,Taquara,2024-03-05 20:26:43+00:00,2024-03-05 21:26:43+00:00,Desconhecido,"Estrada do tindiba,  - taquara",Normal,-22.9241489,-43.3714082,Fechado,Bolsão d'água em via,2024-03-05,76977.2
5.0,7027,Copacabana,2024-03-05 20:25:00+00:00,2024-03-05 21:25:00+00:00,Desconhecido,"Rua tonelero,  - copacabana",Normal,-22.9666427,-43.1852321,Fechado,Bolsão d'água em via,2024-03-05,76977.2
5.0,7026,Tanque,2024-03-05 20:22:24+00:00,2024-03-05 21:22:24+00:00,Desconhecido,"Estrada do cafunda,  - tanque",Normal,-22.914182,-43.3730796,Fechado,Bolsão d'água em via,2024-03-05,76977.2
5.0,7029,Taquara,2024-03-05 20:32:39+00:00,2024-03-05 21:32:39+00:00,Desconhecido,"Rua bacaris,  - taquara",Normal,-22.9184524,-43.3735934,Fechado,Bolsão d'água em via,2024-03-05,76977.2
5.0,7024,Tijuca,2024-03-05 20:02:42+00:00,2024-03-05 21:02:42+00:00,Desconhecido,"Rua doutor satamini,  - tijuca",Normal,-22.9184846,-43.217888,Fechado,Bolsão d'água em via,2024-03-05,77786.0
5.0,7025,Tijuca,2024-03-05 20:08:38+00:00,2024-03-05 21:08:38+00:00,Desconhecido,"Rua conde de bonfim, alt. ndeg 301 - tijuca",Normal,-22.9320902,-43.2401161,Fechado,Bolsão d'água em via,2024-03-05,77786.0
5.0,7268,Botafogo,2024-03-09 20:28:45+00:00,2024-03-09 21:28:45+00:00,Desconhecido,"Rua visconde de silva,  - botafogo",Normal,-22.9580236,-43.1958244,Fechado,Bolsão d'água em via,2024-03-09,78066.2
5.0,7257,Cordovil,2024-03-09 19:38:15+00:00,2024-03-09 20:38:15+00:00,Desconhecido,"Av brasil,  - cordovil",Normal,-22.8155791,-43.2905109,Fechado,Bolsão d'água em via,2024-03-09,78066.2
5.0,7031,Tijuca,2024-03-05 20:37:50+00:00,2024-03-05 21:37:50+00:00,Desconhecido,"Visconde de figueiredo,  - tijuca",Normal,-22.9228519,-43.2273321,Fechado,Bolsão d'água em via,2024-03-05,76977.2
5.0,7032,Tijuca,2024-03-05 20:37:51+00:00,2024-03-05 21:37:51+00:00,Desconhecido,"Visconde de figueiredo,  - tijuca",Normal,-22.9228519,-43.2273321,Fechado,Bolsão d'água em via,2024-03-05,76977.2
31.0,8030,Cacuia,2024-03-22 16:17:02+00:00,2024-03-22 17:09:57+00:00,Desconhecido,"Estr. do rio jequia, alt. no 428 - cacuia",Normal,-22.8205003,-43.1800946,Fechado,Alagamento,2024-03-22,76111.0
31.0,8015,Cacuia,2024-03-22 13:36:07+00:00,2024-03-22 16:24:20+00:00,Desconhecido,"Estr. do galeao, alt. no 123 - cacuia",Normal,-22.8134598,-43.1900034,Fechado,Alagamento,2024-03-22,69824.0
31.0,7259,Bento ribeiro,2024-03-09 19:47:01+00:00,2024-03-09 20:47:01+00:00,Desconhecido,"Rua henrique ferreira,  - bento ribeiro",Normal,-22.8619324,-43.3534578,Fechado,Alagamento,2024-03-09,72542.33333333333
31.0,7265,Penha,2024-03-09 20:20:21+00:00,2024-03-09 21:20:21+00:00,Desconhecido,"Rua aymore,  - penha",Normal,-22.8454793,-43.2861226,Fechado,Alagamento,2024-03-09,72194.875
31.0,7260,Freguesia (ilha do governador),2024-03-09 19:57:50+00:00,2024-03-09 20:57:50+00:00,Desconhecido,"Estarada do jequia, alt. ndeg 1000 - freguesia (ilha do governador)",Normal,-22.8205193,-43.1799963,Fechado,Alagamento,2024-03-09,71202.14285714286
33.0,8005,Engenho de dentro,2024-03-22 12:27:17+00:00,2024-03-22 14:30:12+00:00,Desconhecido,"R. borja reis, alt. r. monteiro da luz - engenho de dentro",Normal,-22.9044384,-43.304772,Fechado,Lâmina d'água,2024-03-22,69726.0
33.0,8004,Madureira,2024-03-22 12:16:33+00:00,2024-03-22 14:30:41+00:00,Desconhecido,"Av. min. edgar romero, alt. r. conselheiro galvao - madureira",Normal,-22.8681723,-43.3400605,Fechado,Lâmina d'água,2024-03-22,69726.0
33.0,7036,Cascadura,2024-03-05 21:13:07+00:00,2024-03-05 22:13:07+00:00,Desconhecido,"Av ernani cardoso,  - cascadura",Normal,-22.8824151,-43.3352074,Fechado,Lâmina d'água,2024-03-05,76199.0
5.0,7102,Barra da tijuca,2024-03-06 21:25:59+00:00,2024-03-06 22:25:59+00:00,Desconhecido,"Av. armando lombardi  - barra da tijuca - sent. sao conrado, 591 - barra da tijuca",Normal,-23.0066958,-43.310663,Fechado,Bolsão d'água em via,2024-03-06,81030.0
5.0,7048,Barra da tijuca,2024-03-05 23:04:43+00:00,2024-03-06 00:04:43+00:00,Desconhecido,"Av armando lombardi,  - barra da tijuca",Normal,-23.0066958,-43.310663,Fechado,Bolsão d'água em via,2024-03-05,76977.2
5.0,7261,Ramos,2024-03-09 20:00:51+00:00,2024-03-09 21:00:51+00:00,Desconhecido,"Av brasil,  - ramos",Normal,,,Fechado,Bolsão d'água em via,2024-03-09,79573.0
33.0,8026,Flamengo,2024-03-22 15:25:45+00:00,2024-03-22 15:56:43+00:00,Desconhecido,"Av. infante dom henrique, alt. no 11 - flamengo",Normal,-22.9340641,-43.1738128,Fechado,Lâmina d'água,2024-03-22,69726.0
5.0,7267,Penha,2024-03-09 20:26:09+00:00,2024-03-09 21:26:09+00:00,Desconhecido,"Av brasil,  - penha",Normal,-22.8294072,-43.2710391,Fechado,Bolsão d'água em via,2024-03-09,78066.2
5.0,7950,Caju,2024-03-21 21:43:17+00:00,2024-03-21 22:43:17+00:00,Desconhecido,"Av brasil,  - caju",Normal,-22.8876032,-43.2240622,Fechado,Bolsão d'água em via,2024-03-21,78459.4
5.0,7949,Benfica,2024-03-21 21:30:09+00:00,2024-03-21 22:30:09+00:00,Desconhecido,"Av brasil,  - benfica",Normal,-22.8850574,-43.2351722,Fechado,Bolsão d'água em via,2024-03-21,82270.5
31.0,998156,Joá,2024-03-26 10:55:17+00:00,2024-03-26 11:55:17+00:00,Desconhecido,Testa ocorrencia que abriu e fechou ultimos 15 min,Normal,-23.0068985,-43.2828396,Fechado,Alagamento,2024-03-26,68450.33333333333
5.0,7030,Gardênia azul,2024-03-05 20:35:00+00:00,2024-03-05 21:35:00+00:00,Desconhecido,"Av ayrton senna,  - gardenia azul",Normal,-22.9596532,-43.3573582,Fechado,Bolsão d'água em via,2024-03-05,76977.2
5.0,8130,Caju,2024-03-24 14:46:13+00:00,2024-03-24 17:53:00+00:00,Desconhecido,"Av. brasil, alt. caju - caju",Normal,-22.8612166,-43.4522323,Fechado,Bolsão d'água em via,2024-03-24,74586.66666666667
5.0,7264,Manguinhos,2024-03-09 20:08:32+00:00,2024-03-09 21:08:32+00:00,Desconhecido,"Av barsil,  - manguinhos",Normal,-22.8781176,-43.2411647,Fechado,Bolsão d'água em via,2024-03-09,78066.2
5.0,7263,Manguinhos,2024-03-09 20:06:35+00:00,2024-03-09 21:06:35+00:00,Desconhecido,"Av brasil,  - manguinhos",Normal,-22.8781176,-43.2411647,Fechado,Bolsão d'água em via,2024-03-09,78066.2
5.0,998158,Guaratiba,2024-03-26 09:48:33+00:00,2024-03-26 10:48:33+00:00,Desconhecido,Testa ocorrencia que abriu e fechou ultimos 120 min,Normal,-22.9941613,-43.5960107,Fechado,Bolsão d'água em via,2024-03-26,82118.0
6.0,3556,Sem bairro,2016-02-17 19:43:03+00:00,2016-02-17 22:33:55+00:00,Desconhecido,"R. bernardo de vasconcelos, 1082 - realengo",Baixo,-22.8761077,-43.432059400000014,Fechado,Alagamento,2016-02-17,
5.0,3486,Sem bairro,2016-02-15 19:24:06+00:00,2016-02-15 20:33:18+00:00,Desconhecido,Túnel zuzu angel. ,Baixo,,,Fechado,Bolsão d'água em via,2016-02-15,
5.0,3485,Sem bairro,2016-02-15 19:22:27+00:00,2016-02-15 21:16:07+00:00,Desconhecido,Rua mario ribeiro x praça sibelius,Baixo,,,Fechado,Bolsão d'água em via,2016-02-15,
5.0,3474,Sem bairro,2016-02-15 16:01:54+00:00,2016-02-15 16:40:41+00:00,Desconhecido,"Av. brasil, alt. ceasa - irajá",Baixo,,,Fechado,Bolsão d'água em via,2016-02-15,
5.0,3477,Sem bairro,2016-02-15 18:35:41+00:00,2016-02-15 18:59:41+00:00,Desconhecido,"R. frei caneca, 411 - cidade nova",Baixo,-22.91436189665769,-43.199492473016335,Fechado,Bolsão d'água em via,2016-02-15,
5.0,3479,Sem bairro,2016-02-15 18:44:25+00:00,2016-02-15 20:33:35+00:00,Desconhecido,"R. amoroso lima, 76 - cidade nova",Baixo,-22.9098323,-43.202247899999975,Fechado,Bolsão d'água em via,2016-02-15,
5.0,3482,Sem bairro,2016-02-15 19:16:08+00:00,2016-02-15 20:03:59+00:00,Desconhecido,Rua humaita x fonte da saudade,Baixo,,,Fechado,Bolsão d'água em via,2016-02-15,
5.0,3481,Sem bairro,2016-02-15 19:02:16+00:00,2016-02-15 20:12:03+00:00,Desconhecido,Av. pres. vargas - alt. passarela cidade nova,Baixo,,,Fechado,Bolsão d'água em via,2016-02-15,
5.0,3478,Sem bairro,2016-02-15 18:39:32+00:00,2016-02-15 20:16:55+00:00,Desconhecido,"Av. boulevard 28 de setembro, 20 - vila isabel",Baixo,-22.91372969485949,-43.23593361667179,Fechado,Bolsão d'água em via,2016-02-15,
5.0,3487,Sem bairro,2016-02-15 19:25:26+00:00,2016-02-15 20:20:46+00:00,Desconhecido,"Av. brasil( manquinhos, benfica e caju)",Baixo,,,Fechado,Bolsão d'água em via,2016-02-15,
5.0,3484,Sem bairro,2016-02-15 19:21:26+00:00,2016-02-15 20:12:21+00:00,Desconhecido,Rua da passagem,Baixo,,,Fechado,Bolsão d'água em via,2016-02-15,
5.0,3483,Sem bairro,2016-02-15 19:18:54+00:00,2016-02-15 20:53:32+00:00,Desconhecido,Rua joaquim palhares x paulo de de frontin,Baixo,,,Fechado,Bolsão d'água em via,2016-02-15,
5.0,3488,Sem bairro,2016-02-15 19:27:07+00:00,2016-02-15 20:39:02+00:00,Desconhecido,Rua do catete x silveira martins,Baixo,,,Fechado,Bolsão d'água em via,2016-02-15,
5.0,3490,Sem bairro,2016-02-15 19:30:48+00:00,2016-02-15 20:55:13+00:00,Desconhecido,Av. epitácio pessoa x vinicius de morais ,Baixo,,,Fechado,Bolsão d'água em via,2016-02-15,
5.0,3489,Sem bairro,2016-02-15 19:28:08+00:00,2016-02-15 21:16:56+00:00,Desconhecido,Borges de medeiros (retorno para rua humaitá),Baixo,,,Fechado,Bolsão d'água em via,2016-02-15,
5.0,3480,Sem bairro,2016-02-15 18:55:28+00:00,2016-02-15 20:24:29+00:00,Desconhecido,"R. vinte e quatro de maio, 648 (alt. buraco do padre) -  sampaio",Baixo,-22.90251617532532,-43.26001546057432,Fechado,Bolsão d'água em via,2016-02-15,
5.0,3513,Sem bairro,2016-02-16 19:40:00+00:00,2016-02-16 20:41:15+00:00,Desconhecido,R. 24 de maio - engenho novo,Baixo,-22.9029439607975,-43.26859831904903,Fechado,Bolsão d'água em via,2016-02-16,
5.0,3516,Sem bairro,2016-02-16 19:54:00+00:00,2016-02-16 20:33:24+00:00,Desconhecido,"Av. francisco bicalho,  santo cristo",Baixo,-22.9050223,-43.2095329,Fechado,Bolsão d'água em via,2016-02-16,
5.0,3519,Sem bairro,2016-02-16 20:05:16+00:00,2016-02-16 20:39:32+00:00,Desconhecido,"Av. brasil, 448 - parada de lucas",Baixo,-22.815844071206968,-43.30347483439334,Fechado,Bolsão d'água em via,2016-02-16,
5.0,3517,Sem bairro,2016-02-16 19:56:08+00:00,2016-02-16 20:24:24+00:00,Desconhecido,"R. da américa, 88-126 - santo cristo",Baixo,-22.90130797202941,-43.20030036137695,Fechado,Bolsão d'água em via,2016-02-16,
5.0,3514,Sem bairro,2016-02-16 19:43:29+00:00,2016-02-16 20:32:19+00:00,Desconhecido,"Av. governador carlos lacerda, 097 - agua santa",Baixo,-22.9068535,-43.30658579999999,Fechado,Bolsão d'água em via,2016-02-16,
5.0,3509,Sem bairro,2016-02-16 18:12:42+00:00,2016-02-16 20:38:43+00:00,Desconhecido,Av. brasil - barros filho,Baixo,,,Fechado,Bolsão d'água em via,2016-02-16,
5.0,3512,Sem bairro,2016-02-16 19:37:40+00:00,2016-02-16 19:59:52+00:00,Desconhecido,"Boulevard 28 de setembro, 223 - vila isabel",Baixo,-22.91368974213378,-43.23560505656127,Fechado,Bolsão d'água em via,2016-02-16,
5.0,3508,Sem bairro,2016-02-16 18:10:19+00:00,2016-02-16 20:38:06+00:00,Desconhecido,Av. brasil - coelho neto,Baixo,,,Fechado,Bolsão d'água em via,2016-02-16,
5.0,3549,Sem bairro,2016-02-17 19:32:18+00:00,2016-02-17 22:24:41+00:00,Desconhecido,"Av. brasil, em frente ao shop. guadalupe",Baixo,,,Fechado,Bolsão d'água em via,2016-02-17,
5.0,3553,Sem bairro,2016-02-17 19:36:32+00:00,2016-02-17 22:28:53+00:00,Desconhecido,"Av. brasil, alt. deodoro - sent. zona oeste",Baixo,,,Fechado,Bolsão d'água em via,2016-02-17,
5.0,3536,Sem bairro,2016-02-17 18:37:10+00:00,2016-02-17 20:25:43+00:00,Desconhecido,"R. vinte e quatro de maio, alt. buraco de padre - sampaio",Baixo,-22.9022098,-43.26103469999998,Fechado,Bolsão d'água em via,2016-02-17,
5.0,3639,Sem bairro,2016-02-19 19:20:59+00:00,2016-02-19 21:43:23+00:00,Desconhecido,"Av. brasil, altura da entrada da ilha.",Baixo,,,Fechado,Bolsão d'água em via,2016-02-19,
5.0,3644,Sem bairro,2016-02-19 19:53:09+00:00,2016-02-19 21:43:51+00:00,Desconhecido,Av. brasil. altura da penha e ramos.,Baixo,,,Fechado,Bolsão d'água em via,2016-02-19,
5.0,3642,Sem bairro,2016-02-19 19:44:30+00:00,2016-02-19 21:42:09+00:00,Desconhecido,Rua eleone de almeida( prox. túnel santa barbara),Baixo,,,Fechado,Bolsão d'água em via,2016-02-19,
5.0,3641,Sem bairro,2016-02-19 19:42:13+00:00,2016-02-19 21:40:40+00:00,Desconhecido,"Estrada do catonho, altura do n°4477.",Baixo,,,Fechado,Bolsão d'água em via,2016-02-19,
5.0,3645,Sem bairro,2016-02-19 19:54:42+00:00,2016-02-19 21:50:23+00:00,Desconhecido,Borges de medeiros x av. epitácio pessoa,Baixo,,,Fechado,Bolsão d'água em via,2016-02-19,
5.0,3643,Sem bairro,2016-02-19 19:51:51+00:00,2016-02-19 21:43:36+00:00,Desconhecido,Av. brasil. altura da cidade alta,Baixo,,,Fechado,Bolsão d'água em via,2016-02-19,
5.0,3640,Sem bairro,2016-02-19 19:39:09+00:00,2016-02-19 21:40:51+00:00,Desconhecido,Túnel santa barbara,Baixo,,,Fechado,Bolsão d'água em via,2016-02-19,
5.0,3671,Sem bairro,2016-02-20 21:04:20+00:00,2016-02-20 23:12:58+00:00,Desconhecido,R. voluntários da pátria em toda extensão,Baixo,-22.9533892,-43.18948739999996,Fechado,Bolsão d'água em via,2016-02-20,
5.0,3665,Sem bairro,2016-02-20 20:30:03+00:00,2016-02-20 22:51:58+00:00,Desconhecido,"R. pedro ernesto, 65-67 - gamboa",Baixo,-22.8962456,-43.19394399999999,Fechado,Bolsão d'água em via,2016-02-20,
5.0,3670,Sem bairro,2016-02-20 20:56:27+00:00,2016-02-20 21:41:32+00:00,Desconhecido,R. do catete toda extensão,Baixo,-22.9271319,-43.176641200000006,Fechado,Bolsão d'água em via,2016-02-20,
5.0,3666,Sem bairro,2016-02-20 20:32:22+00:00,2016-02-20 22:53:39+00:00,Desconhecido,"R. sen. pompeu, 199 - centro",Baixo,-22.9018101,-43.19025699999997,Fechado,Bolsão d'água em via,2016-02-20,
5.0,3667,Sem bairro,2016-02-20 20:32:52+00:00,2016-02-20 22:54:22+00:00,Desconhecido,"R. da américa, 88-126 - santo cristo",Baixo,-22.9023869,-43.19971659999999,Fechado,Bolsão d'água em via,2016-02-20,
5.0,3694,Sem bairro,2016-02-21 19:36:30+00:00,2016-02-21 21:53:57+00:00,Desconhecido,Aterro. prox. a teixeira de veira e marina da glória.,Baixo,,,Fechado,Bolsão d'água em via,2016-02-21,
5.0,3695,Sem bairro,2016-02-21 19:40:06+00:00,2016-02-21 21:54:06+00:00,Desconhecido,Av. paulo de frontin,Baixo,,,Fechado,Bolsão d'água em via,2016-02-21,
5.0,3686,Sem bairro,2016-02-21 18:14:56+00:00,2016-02-21 21:52:50+00:00,Desconhecido,"Av. brasil, alt. irajá",Baixo,,,Fechado,Bolsão d'água em via,2016-02-21,
5.0,3688,Sem bairro,2016-02-21 18:44:12+00:00,2016-02-21 20:20:41+00:00,Desconhecido,Av. vicente de carvalho - altura do shopping carioca,Baixo,-22.85025775542104,-43.30974674285278,Fechado,Bolsão d'água em via,2016-02-21,
5.0,3701,Sem bairro,2016-02-21 20:34:58+00:00,2016-02-21 22:52:08+00:00,Desconhecido,Rua dos inválidos. altura do n°162,Baixo,,,Fechado,Bolsão d'água em via,2016-02-21,
5.0,3692,Sem bairro,2016-02-21 19:34:49+00:00,2016-02-21 21:53:34+00:00,Desconhecido,Rua muniz barreto ,Baixo,,,Fechado,Bolsão d'água em via,2016-02-21,
5.0,3693,Sem bairro,2016-02-21 19:35:34+00:00,2016-02-21 21:53:45+00:00,Desconhecido,Viaduto 31 de março. ,Baixo,,,Fechado,Bolsão d'água em via,2016-02-21,
5.0,3691,Sem bairro,2016-02-21 19:33:15+00:00,2016-02-21 21:53:20+00:00,Desconhecido,Rua pinheiro machado,Baixo,,,Fechado,Bolsão d'água em via,2016-02-21,
5.0,3690,Sem bairro,2016-02-21 19:28:13+00:00,2016-02-21 22:18:52+00:00,Desconhecido,"Rua eleone de almeida, saída do túnel santa barbara ",Baixo,,,Fechado,Bolsão d'água em via,2016-02-21,
5.0,3687,Sem bairro,2016-02-21 18:25:32+00:00,2016-02-21 21:53:09+00:00,Desconhecido,"Av. monsenhor félix, 1779- irajá",Baixo,-22.83188952312689,-43.32863100450743,Fechado,Bolsão d'água em via,2016-02-21,
5.0,3697,Sem bairro,2016-02-21 20:01:47+00:00,2016-02-22 01:39:49+00:00,Desconhecido,"Av. francisco bicalho, altura da praça de dinah de queiroz. ",Baixo,-22.9068467,-43.17289649999998,Fechado,Bolsão d'água em via,2016-02-21,
5.0,3703,Sem bairro,2016-02-21 20:42:17+00:00,2016-02-21 21:47:00+00:00,Desconhecido,"Av. presidente vargas, altura da cidade nova.",Baixo,,,Fechado,Bolsão d'água em via,2016-02-21,
5.0,3696,Sem bairro,2016-02-21 19:56:27+00:00,2016-02-22 00:12:41+00:00,Desconhecido,Rua do catete ,Baixo,,,Fechado,Bolsão d'água em via,2016-02-21,
5.0,3689,Sem bairro,2016-02-21 18:58:40+00:00,2016-02-21 21:21:48+00:00,Desconhecido,Av. dos italianos x rua dos topázios,Baixo,,,Fechado,Bolsão d'água em via,2016-02-21,
5.0,3698,Sem bairro,2016-02-21 20:15:48+00:00,2016-02-21 22:08:21+00:00,Desconhecido,"Av. prof. pereira reis , trecho entre via binário e av. cidade de lima.",Baixo,-22.8987523,-43.20328919999997,Fechado,Bolsão d'água em via,2016-02-21,
5.0,3699,Sem bairro,2016-02-21 20:29:14+00:00,2016-02-21 22:51:52+00:00,Desconhecido,"Av. mem de sá, altura do n°105 ao 146",Baixo,,,Fechado,Bolsão d'água em via,2016-02-21,
5.0,3700,Sem bairro,2016-02-21 20:31:02+00:00,2016-02-21 22:51:59+00:00,Desconhecido,"Rua do resende, n°11",Baixo,,,Fechado,Bolsão d'água em via,2016-02-21,
5.0,3732,Sem bairro,2016-02-22 20:12:07+00:00,2016-02-22 20:58:12+00:00,Desconhecido,"R. real grandeza, 238 - botafogo",Baixo,-22.958058766947225,-43.19097587036134,Fechado,Bolsão d'água em via,2016-02-22,
5.0,3735,Sem bairro,2016-02-22 20:29:50+00:00,2016-02-22 22:20:39+00:00,Desconhecido,"Via binário do porto, 13-285 - santo cristo",Baixo,-22.8981704,-43.2069922,Fechado,Bolsão d'água em via,2016-02-22,
5.0,3731,Sem bairro,2016-02-22 20:11:25+00:00,2016-02-23 01:24:39+00:00,Desconhecido,"R. da américa, 88-126 - santo cristo",Baixo,-22.9023869,-43.19971659999999,Fechado,Bolsão d'água em via,2016-02-22,
5.0,3730,Sem bairro,2016-02-22 20:09:28+00:00,2016-02-23 01:24:31+00:00,Desconhecido,"Av. francisco bicalho, 584-740 - santo cristo",Baixo,-22.9055647,-43.20964459999999,Fechado,Bolsão d'água em via,2016-02-22,
5.0,3733,Sem bairro,2016-02-22 20:29:03+00:00,2016-02-23 01:24:50+00:00,Desconhecido,"R. sacadura cabral, 158 - saúde",Baixo,-22.8975065,-43.1868586,Fechado,Bolsão d'água em via,2016-02-22,
5.0,3728,Sem bairro,2016-02-22 20:04:43+00:00,2016-02-22 21:13:12+00:00,Desconhecido,"R. muniz barreto, 359 - botafogo",Baixo,-22.949261119971005,-43.184267161376965,Fechado,Bolsão d'água em via,2016-02-22,
5.0,3734,Sem bairro,2016-02-22 20:29:25+00:00,2016-02-23 01:24:59+00:00,Desconhecido,"R. gen. luís mendes de moraes, 172 - santo cristo",Baixo,-22.9029109,-43.2083677,Fechado,Bolsão d'água em via,2016-02-22,
5.0,3727,Sem bairro,2016-02-22 20:00:42+00:00,2016-02-23 01:23:54+00:00,Desconhecido,"Praia de botafogo, 340 - botafogo",Baixo,-22.9457108,-43.182220400000006,Fechado,Bolsão d'água em via,2016-02-22,
5.0,3736,Sem bairro,2016-02-22 20:30:21+00:00,2016-02-22 22:13:37+00:00,Desconhecido,"R. camerino, 100 - centro",Baixo,-22.900438,-43.18667849999997,Fechado,Bolsão d'água em via,2016-02-22,
5.0,3738,Sem bairro,2016-02-22 20:48:26+00:00,2016-02-22 22:21:01+00:00,Desconhecido,"R. gonzaga bastos, 209 - vila isabel",Baixo,-22.9198386,-43.2402171,Fechado,Bolsão d'água em via,2016-02-22,
5.0,3729,Sem bairro,2016-02-22 20:09:21+00:00,2016-02-22 22:01:20+00:00,Desconhecido,"R. sorocaba, 416 - botafogo",Baixo,-22.95011379366811,-43.191236710064686,Fechado,Bolsão d'água em via,2016-02-22,
5.0,3742,Sem bairro,2016-02-22 21:14:04+00:00,2016-02-23 01:25:43+00:00,Desconhecido,"R. do catete, 182-190 - glória",Baixo,-22.9271319,-43.176641200000006,Fechado,Bolsão d'água em via,2016-02-22,
5.0,3707,Sem bairro,2016-02-22 07:40:00+00:00,2016-02-22 12:27:18+00:00,Desconhecido,"Avenida presidente vargas, 4 - centro",Baixo,,,Fechado,Bolsão d'água em via,2016-02-22,
5.0,3780,Sem bairro,2016-02-23 20:28:43+00:00,2016-02-23 21:45:20+00:00,Desconhecido,Rua camerino x rua senador pompeu,Baixo,-22.9018101,-43.19025699999997,Fechado,Bolsão d'água em via,2016-02-23,
5.0,3774,Sem bairro,2016-02-23 19:51:33+00:00,2016-02-23 21:26:56+00:00,Desconhecido,"Av. brasil, altura da linha amarela. ",Baixo,,,Fechado,Bolsão d'água em via,2016-02-23,
5.0,3775,Sem bairro,2016-02-23 20:12:56+00:00,2016-02-23 21:15:26+00:00,Desconhecido,Rua joão paulo i - estácio ,Baixo,,,Fechado,Bolsão d'água em via,2016-02-23,
5.0,3783,Sem bairro,2016-02-23 20:40:16+00:00,2016-02-24 00:18:56+00:00,Desconhecido,Rua campo de são cristóvão ,Baixo,,,Fechado,Bolsão d'água em via,2016-02-23,
5.0,3781,Sem bairro,2016-02-23 20:29:27+00:00,2016-02-24 01:37:01+00:00,Desconhecido,"Rua gen. luiz mendes de moraes, altura do terminal padre henrique otte",Baixo,-22.9021966,-43.20801540000002,Fechado,Bolsão d'água em via,2016-02-23,
5.0,3777,Sem bairro,2016-02-23 20:24:33+00:00,2016-02-23 22:08:18+00:00,Desconhecido,Rua haddock lobo.,Baixo,,,Fechado,Bolsão d'água em via,2016-02-23,
5.0,3782,Sem bairro,2016-02-23 20:34:32+00:00,2016-02-24 00:18:39+00:00,Desconhecido,Rua general bruce. ,Baixo,,,Fechado,Bolsão d'água em via,2016-02-23,
5.0,3778,Sem bairro,2016-02-23 20:25:15+00:00,2016-02-23 21:15:48+00:00,Desconhecido,Av. paulo de frontin  ,Baixo,,,Fechado,Bolsão d'água em via,2016-02-23,
5.0,3779,Sem bairro,2016-02-23 20:27:10+00:00,2016-02-23 21:45:11+00:00,Desconhecido,"Av. prof. pereira reis, entre via binário e av. cidade de lima.",Baixo,-22.8987523,-43.20328919999997,Fechado,Bolsão d'água em via,2016-02-23,
5.0,3776,Sem bairro,2016-02-23 20:15:20+00:00,2016-02-24 03:13:31+00:00,Desconhecido,"Av. francisco bicalho, altura da praça dinah de queiroz.",Baixo,-22.9068467,-43.17289649999998,Fechado,Bolsão d'água em via,2016-02-23,
5.0,3818,Sem bairro,2016-02-25 17:40:37+00:00,2016-02-25 18:52:29+00:00,Desconhecido,"Av. brasil, guadalupe",Baixo,,,Fechado,Bolsão d'água em via,2016-02-25,
5.0,3918,Sem bairro,2016-02-29 16:50:38+00:00,2016-02-29 18:15:04+00:00,Desconhecido,"R. santo cristo, 311 - santo cristo",Baixo,-22.9004213,-43.20474289999999,Fechado,Bolsão d'água em via,2016-02-29,
5.0,3902,Sem bairro,2016-02-29 14:48:31+00:00,2016-02-29 20:16:16+00:00,Desconhecido,"Av. das américas, 5635 - barra da tijuca",Baixo,-23.0004981,-43.3696089,Fechado,Bolsão d'água em via,2016-02-29,
5.0,3898,Sem bairro,2016-02-29 14:13:18+00:00,2016-02-29 21:00:43+00:00,Desconhecido,"Av. armando lombardi, 37 - barra da tijuca",Alto,-23.0074767,-43.305127500000026,Fechado,Bolsão d'água em via,2016-02-29,
5.0,3910,Sem bairro,2016-02-29 16:25:50+00:00,2016-02-29 22:57:22+00:00,Desconhecido,"R. sacadura cabral, 331 - saúde",Baixo,-22.8959823,-43.19200219999999,Fechado,Bolsão d'água em via,2016-02-29,
5.0,3930,Sem bairro,2016-02-29 18:02:12+00:00,2016-02-29 21:02:34+00:00,Desconhecido,"Av. 24 de maio, alt. buraco do padre",Baixo,,,Fechado,Bolsão d'água em via,2016-02-29,
5.0,3920,Sem bairro,2016-02-29 16:51:37+00:00,2016-03-01 02:02:38+00:00,Desconhecido,"R. gen. luís mendes de moraes, 172 - santo cristo",Baixo,-22.9029109,-43.2083677,Fechado,Bolsão d'água em via,2016-02-29,
5.0,3929,Sem bairro,2016-02-29 17:46:54+00:00,2016-02-29 22:15:09+00:00,Desconhecido,"Av. brasil, alt. passarela 22",Baixo,,,Fechado,Bolsão d'água em via,2016-02-29,
5.0,3914,Sem bairro,2016-02-29 16:40:50+00:00,2016-02-29 20:48:04+00:00,Desconhecido,"R. catete, 135 - glória",Baixo,-22.92565251862332,-43.17656482645873,Fechado,Bolsão d'água em via,2016-02-29,
5.0,3928,Sem bairro,2016-02-29 17:44:23+00:00,2016-02-29 22:14:43+00:00,Desconhecido,Av. brasil - alt. av. washington luis ,Baixo,,,Fechado,Bolsão d'água em via,2016-02-29,
5.0,3909,Sem bairro,2016-02-29 16:03:58+00:00,2016-02-29 20:54:43+00:00,Desconhecido,"Av. pres. vargas, alt. prefeitura",Baixo,,,Fechado,Bolsão d'água em via,2016-02-29,
5.0,3922,Sem bairro,2016-02-29 16:55:42+00:00,2016-02-29 19:16:44+00:00,Desconhecido,"Av. prof. pereira réis, 50 - santo cristo",Baixo,-22.8978125,-43.20245539999996,Fechado,Bolsão d'água em via,2016-02-29,
5.0,3901,Sem bairro,2016-02-29 14:44:50+00:00,2016-02-29 20:15:56+00:00,Desconhecido,"Av. das américas, 1699 - barra da tijuca",Baixo,-23.001255,-43.33090920000001,Fechado,Bolsão d'água em via,2016-02-29,
5.0,3925,Sem bairro,2016-02-29 17:23:31+00:00,2016-02-29 20:56:18+00:00,Desconhecido,"R. voluntários da pátria, 339 - botafogo",Baixo,-22.954433121069133,-43.19278904365541,Fechado,Bolsão d'água em via,2016-02-29,
5.0,3895,Sem bairro,2016-02-29 13:04:04+00:00,2016-02-29 15:28:38+00:00,Desconhecido,"Av. brasil, 7350 - ramos",Baixo,-22.8473522,-43.24770319999999,Fechado,Bolsão d'água em via,2016-02-29,
5.0,3917,Sem bairro,2016-02-29 16:47:18+00:00,2016-02-29 21:13:24+00:00,Desconhecido,"Rua comandante garcía píres, 76-96 - santo cristo",Baixo,-22.9005424,-43.20979820000002,Fechado,Bolsão d'água em via,2016-02-29,
5.0,3927,Sem bairro,2016-02-29 17:41:07+00:00,2016-02-29 20:53:58+00:00,Desconhecido,"Praia de botafogo, alt. r. farani ",Medio,-22.9457108,-43.182220400000006,Fechado,Bolsão d'água em via,2016-02-29,
5.0,3912,Sem bairro,2016-02-29 16:28:33+00:00,2016-02-29 19:15:46+00:00,Desconhecido,"Av. prof. pereira réis, 50 - santo cristo",Baixo,-22.8978125,-43.20245539999996,Fechado,Bolsão d'água em via,2016-02-29,
5.0,3904,Sem bairro,2016-02-29 14:55:25+00:00,2016-02-29 15:37:17+00:00,Desconhecido,"Av. das américas, 411 - barra da tijuca",Baixo,-23.00549941970711,-43.318332596295136,Fechado,Bolsão d'água em via,2016-02-29,
5.0,3924,Sem bairro,2016-02-29 17:10:10+00:00,2016-02-29 19:16:21+00:00,Desconhecido,"Rua são clemente,226 - botafogo",Baixo,,,Fechado,Bolsão d'água em via,2016-02-29,
5.0,3938,Sem bairro,2016-02-29 20:21:50+00:00,2016-02-29 21:13:59+00:00,Desconhecido,Rua muniz barreto x rua marques de olinda,Baixo,,,Fechado,Bolsão d'água em via,2016-02-29,
5.0,3903,Sem bairro,2016-02-29 14:52:22+00:00,2016-02-29 20:16:33+00:00,Desconhecido,"Av. das américas, 1400 - barra da tijuca",Baixo,-23.0004253,-43.3480323,Fechado,Bolsão d'água em via,2016-02-29,
5.0,3926,Sem bairro,2016-02-29 17:26:59+00:00,2016-02-29 21:05:20+00:00,Desconhecido,"R. gen. polidoro, 333 - botafogo",Baixo,-22.958137799017585,-43.19130846427919,Fechado,Bolsão d'água em via,2016-02-29,
5.0,3911,Sem bairro,2016-02-29 16:27:17+00:00,2016-02-29 17:57:45+00:00,Desconhecido,"Av. francisco bicalho, 4802 - santo cristo",Baixo,-22.9063702,-43.20943219999998,Fechado,Bolsão d'água em via,2016-02-29,
5.0,3913,Sem bairro,2016-02-29 16:32:23+00:00,2016-02-29 20:31:54+00:00,Desconhecido,"R. camerino, 185 - centro",Baixo,-22.9017346,-43.1850177,Fechado,Bolsão d'água em via,2016-02-29,
5.0,3932,Sem bairro,2016-02-29 18:16:19+00:00,2016-02-29 22:15:55+00:00,Desconhecido,Av. brasil - alt. passarela 20,Baixo,-22.98064688158201,-43.2084273788513,Fechado,Bolsão d'água em via,2016-02-29,
5.0,3923,Sem bairro,2016-02-29 16:57:27+00:00,2016-02-29 22:14:02+00:00,Desconhecido,Av. brasil - benfica,Baixo,,,Fechado,Bolsão d'água em via,2016-02-29,
5.0,3919,Sem bairro,2016-02-29 16:49:13+00:00,2016-02-29 22:13:50+00:00,Desconhecido,"Av. brasil, - manguinhos",Baixo,-22.8803283,-43.23916329999997,Fechado,Bolsão d'água em via,2016-02-29,
5.0,3915,Sem bairro,2016-02-29 16:43:00+00:00,2016-02-29 20:47:02+00:00,Desconhecido,"Av. brasil, 7285- ramos",Baixo,-22.8479818,-43.24750489999997,Fechado,Bolsão d'água em via,2016-02-29,
5.0,3931,Sem bairro,2016-02-29 18:04:29+00:00,2016-02-29 21:07:22+00:00,Desconhecido,R. toneleros - alt. r. siqueira campos,Baixo,,,Fechado,Bolsão d'água em via,2016-02-29,
5.0,3899,Sem bairro,2016-02-29 14:28:43+00:00,2016-03-01 00:21:30+00:00,Desconhecido,"Estr da barra da tijuca, 426 - barra da tijuca",Baixo,-23.0081348,-43.301857600000005,Fechado,Bolsão d'água em via,2016-02-29,
5.0,3921,Sem bairro,2016-02-29 16:53:52+00:00,2016-02-29 19:17:12+00:00,Desconhecido,"R. da américa, 203 - santo cristo",Baixo,-22.9036495,-43.19747380000001,Fechado,Bolsão d'água em via,2016-02-29,
5.0,81341,Lagoa,2022-09-28 15:58:58+00:00,2022-09-28 23:34:54+00:00,Curto,Av. borges de medeiros - alt. praça marcos tamoyo - lagoa - sent. gávea,Baixo,-22.96173832125585,-43.20461467273713,Fechado,Bolsão d'água em via,2022-09-28,
5.0,81436,Lagoa,2022-09-29 15:38:34+00:00,2022-09-29 17:12:47+00:00,Curto,Av. epitácio pessoa - alt. r. vinicius de moraes - lagoa,Baixo,-22.979728,-43.202388,Fechado,Bolsão d'água em via,2022-09-29,
5.0,80689,Lagoa,2022-09-16 05:08:09+00:00,2022-09-16 06:56:15+00:00,Curto,Av. borges de medeiros - alt. rua  general garzon - lagoa - sent. tunel rebouças.,Baixo,-22.967479,-43.2175111,Fechado,Bolsão d'água em via,2022-09-16,
5.0,81477,Lagoa,2022-09-30 04:59:23+00:00,2022-09-30 07:15:53+00:00,Curto,Av. borges de medeiros - alt. parque dos patins - lagoa - sent. tunel rebouças ,Baixo,-22.9722713,-43.216449,Fechado,Bolsão d'água em via,2022-09-30,
5.0,80227,Lagoa,2022-09-04 00:37:13+00:00,2022-09-04 04:00:35+00:00,Curto,Av. borges de medeiros - alt. praça ricardo palma - lagoa,Baixo,-22.9626355,-43.2059975,Fechado,Bolsão d'água em via,2022-09-04,
5.0,80691,Lagoa,2022-09-16 05:38:40+00:00,2022-09-16 06:35:51+00:00,Curto,Rua vinícius de morais - alt. av. epitácio pessoa - lagoa.,Baixo,-22.9742628,-43.2064953,Fechado,Bolsão d'água em via,2022-09-16,
5.0,80685,Lagoa,2022-09-16 04:57:48+00:00,2022-09-16 06:56:38+00:00,Curto,Av. borges de medeiros - alt. praça marcos tamoyo  - lagoa,Baixo,-22.9617525,-43.20395449999999,Fechado,Bolsão d'água em via,2022-09-16,
5.0,80229,Lagoa,2022-09-04 00:59:11+00:00,2022-09-04 03:59:56+00:00,Curto,Av. borgues de medeiros - alt. rua batista da costa - lagoa,Baixo,-22.9728162,-43.2176378,Fechado,Bolsão d'água em via,2022-09-04,
5.0,80686,Lagoa,2022-09-16 05:00:49+00:00,2022-09-16 06:55:51+00:00,Curto,Av. borges de medeiros - alt. clube do vasco  - lagoa - sent. gávea,Baixo,-22.9728162,-43.2176378,Fechado,Bolsão d'água em via,2022-09-16,
5.0,80688,Lagoa,2022-09-16 05:06:00+00:00,2022-09-16 06:56:07+00:00,Curto,Av. borges de medeiros - alt. parque dos patins - lagoa - sent. tunel rebouças.,Baixo,-22.9728162,-43.2176378,Fechado,Bolsão d'água em via,2022-09-16,
5.0,80687,Lagoa,2022-09-16 05:03:38+00:00,2022-09-16 06:56:00+00:00,Curto,Av. borges de medeiros - alt. rua jj seabra - lagoa - sent. gávea.,Baixo,-22.9728162,-43.2176378,Fechado,Bolsão d'água em via,2022-09-16,
5.0,80228,Lagoa,2022-09-04 00:50:33+00:00,2022-09-04 04:12:52+00:00,Curto,Av. borgues de medeiros - alt. j.j. seabra - lagoa,Baixo,-22.9728162,-43.2176378,Fechado,Bolsão d'água em via,2022-09-04,
5.0,81396,Lagoa,2022-09-29 11:32:19+00:00,2022-09-29 16:12:07+00:00,Curto,Praça marcos tamoio - lagoa,Baixo,-22.9617351,-43.2047325,Fechado,Bolsão d'água em via,2022-09-29,
33.0,80662,Lagoa,2022-09-15 17:22:14+00:00,2022-09-15 20:00:58+00:00,Curto,Av. borges de medeiros - acesso a r. saturnino de brito - lagoa,Baixo,-22.9660698,-43.2175059,Fechado,Lâmina d'água,2022-09-15,
5.0,81444,Centro,2022-09-29 16:45:25+00:00,2022-09-29 17:14:43+00:00,Curto,Av. pres. vargas - alt. nº 3186 - cidade nova - sent. candelária.,Baixo,-22.9052054,-43.19267989999999,Fechado,Bolsão d'água em via,2022-09-29,
5.0,80209,Centro,2022-09-03 11:44:58+00:00,2022-09-03 11:47:14+00:00,Curto,Rua quitanda - alt. r. sete de setembro - centro,Baixo,-22.9022615,-43.1775797,Fechado,Bolsão d'água em via,2022-09-03,
5.0,81349,Ipanema,2022-09-28 20:56:45+00:00,2022-09-28 22:14:18+00:00,Curto,Av. epitácio pessoa - alt. rua vinicius de morais - ipanema,Baixo,-22.9810186,-43.2070009,Fechado,Bolsão d'água em via,2022-09-28,
5.0,80711,Ipanema,2022-09-16 09:57:09+00:00,2022-09-16 13:53:10+00:00,Curto,Av. epitácio pessoa - alt. r. vinicius de moraes - lagoa,Baixo,-22.979458437517216,-43.20263291901856,Fechado,Bolsão d'água em via,2022-09-16,
5.0,81361,Ipanema,2022-09-29 07:12:40+00:00,2022-09-29 07:50:23+00:00,Curto,Avenida epitácio pessoa - alt. r. vinicius de morais,Baixo,-22.9806684,-43.21123739999999,Fechado,Bolsão d'água em via,2022-09-29,
5.0,81392,Humaitá,2022-09-29 11:07:58+00:00,2022-09-29 12:32:19+00:00,Curto,Rua humaitá - alt. vto. saint hilaire - humaitá,Baixo,-22.9579921,-43.1996709,Fechado,Bolsão d'água em via,2022-09-29,
5.0,81466,Humaitá,2022-09-29 18:46:03+00:00,2022-09-30 09:30:40+00:00,Curto,Pça. marcos tamoio - humaitá,Baixo,-22.9621875,-43.2045625,Fechado,Bolsão d'água em via,2022-09-29,
5.0,80700,Copacabana,2022-09-16 07:52:35+00:00,2022-09-16 08:38:29+00:00,Curto,Rua siqueira campos - alt. r. tonelero - copacabana,Baixo,-22.9664282,-43.1870582,Fechado,Bolsão d'água em via,2022-09-16,
5.0,81348,Copacabana,2022-09-28 20:51:03+00:00,2022-09-28 22:07:46+00:00,Curto,R. tonelero - alt. rua siqueira campos - copacabana,Baixo,-22.9666427,-43.1852321,Fechado,Bolsão d'água em via,2022-09-28,
5.0,80720,Campo grande,2022-09-16 13:12:41+00:00,2022-09-16 16:28:16+00:00,Curto,Av. brasil - alt. passarela 18 - irajá - sent. z. oeste   ,Baixo,-22.8618923,-43.5494151,Fechado,Bolsão d'água em via,2022-09-16,
5.0,80714,São conrado,2022-09-16 11:14:54+00:00,2022-09-16 16:04:03+00:00,Curto,R. olimpo mourão filho - são conrado,Baixo,-22.9931215,-43.2534455,Fechado,Bolsão d'água em via,2022-09-16,
5.0,81357,Barra da tijuca,2022-09-29 04:56:01+00:00,2022-09-29 08:09:34+00:00,Curto,Av armando lombardi - alt. estação brt jardim oceanico - barra da tijuca - sent. recreio.,Baixo,-23.0066958,-43.310663,Fechado,Bolsão d'água em via,2022-09-29,
5.0,81372,Jardim botânico,2022-09-29 08:37:52+00:00,2022-09-29 08:40:53+00:00,Curto,R. jardim botânico - alt. r. prof. saldanha - jardim botânico,Baixo,-22.9640572,-43.2174343,Fechado,Bolsão d'água em via,2022-09-29,
33.0,81345,São cristóvão,2022-09-28 20:24:15+00:00,2022-09-28 22:08:55+00:00,Curto,Rua santos lima - alt. r. escobar - são cristóvão,Baixo,-22.897672,-43.2180433,Fechado,Lâmina d'água,2022-09-28,
5.0,81405,Recreio dos bandeirantes,2022-09-29 13:07:39+00:00,2022-09-29 15:56:16+00:00,Curto,Av. genaro de carvalho - alt. av. gilka machado - recreio,Baixo,-23.0180128,-43.4640783,Fechado,Bolsão d'água em via,2022-09-29,
5.0,80715,Recreio dos bandeirantes,2022-09-16 11:46:48+00:00,2022-09-16 16:01:14+00:00,Curto,R. dr. raimundo véras - recreio dos bandeirantes,Baixo,-23.0293962,-43.4778347,Fechado,Bolsão d'água em via,2022-09-16,
5.0,81409,Recreio dos bandeirantes,2022-09-29 13:27:30+00:00,2022-09-30 04:56:16+00:00,Curto,R. dr. raimundo véras - alt. nº 100 - recreio,Baixo,-23.0304898,-43.4829358,Fechado,Bolsão d'água em via,2022-09-29,
5.0,2803,Sem bairro,2016-01-01 21:19:59+00:00,2016-01-02 04:09:17+00:00,Desconhecido,Av ayrton senna-3009-barra,Baixo,,,Fechado,Bolsão d'água em via,2016-01-01,
5.0,2937,Sem bairro,2016-01-13 17:52:43+00:00,2016-01-13 21:08:50+00:00,Desconhecido,Av. brasil - guadalupe,Baixo,,,Fechado,Bolsão d'água em via,2016-01-13,
5.0,2936,Sem bairro,2016-01-13 17:26:38+00:00,2016-01-13 19:24:53+00:00,Desconhecido,"Av. brasil, 17473 - irajá",Baixo,-22.8235143,-43.32929130000002,Fechado,Bolsão d'água em via,2016-01-13,
5.0,2961,Sem bairro,2016-01-14 18:11:12+00:00,2016-01-14 19:44:43+00:00,Desconhecido,"Av. brasil,  - irajá",Baixo,-22.8235143,-43.32929130000002,Fechado,Bolsão d'água em via,2016-01-14,
5.0,2942,Sem bairro,2016-01-14 07:02:25+00:00,2016-01-14 07:50:09+00:00,Desconhecido,"Av. das américas,  - barra da tijuca",Baixo,-23.0039071,-43.32170080000003,Fechado,Bolsão d'água em via,2016-01-14,
5.0,2943,Sem bairro,2016-01-14 07:10:21+00:00,2016-01-14 07:49:31+00:00,Desconhecido,Av. das américas ,Baixo,,,Fechado,Bolsão d'água em via,2016-01-14,
5.0,2974,Sem bairro,2016-01-15 17:56:51+00:00,2016-01-15 20:06:49+00:00,Desconhecido,"R. eng. mario carvalho, 7 com pastor martin luther king - vicente de carvalho",Baixo,-22.8523981,-43.31590870000002,Fechado,Bolsão d'água em via,2016-01-15,
5.0,2972,Sem bairro,2016-01-15 17:36:05+00:00,2016-01-15 18:25:57+00:00,Desconhecido,"R. marquês de muritiba, 499 - cocotá",Baixo,-22.799468,-43.17876160000003,Fechado,Bolsão d'água em via,2016-01-15,
5.0,2977,Sem bairro,2016-01-15 18:26:51+00:00,2016-01-15 20:38:36+00:00,Desconhecido,"R. silveira martins, 71-99 - flamengo",Baixo,-22.9257749,-43.1765623,Fechado,Bolsão d'água em via,2016-01-15,
5.0,2982,Sem bairro,2016-01-15 19:30:17+00:00,2016-01-15 20:51:20+00:00,Desconhecido,"Av. amaro cavalcanti, todos os santos",Baixo,-22.897382279336544,-43.28559288410031,Fechado,Bolsão d'água em via,2016-01-15,
5.0,2981,Sem bairro,2016-01-15 19:09:37+00:00,2016-01-15 19:41:10+00:00,Desconhecido,"R. baronesa, 774 - praça seca",Baixo,-22.8975796615162,-43.35085249895019,Fechado,Bolsão d'água em via,2016-01-15,
5.0,2980,Sem bairro,2016-01-15 19:02:48+00:00,2016-01-15 21:10:41+00:00,Desconhecido,"Av. dr. agenor de almeida loyola, 317 - freguesia (ilha do governador)",Baixo,-22.7921914,-43.1803966,Fechado,Bolsão d'água em via,2016-01-15,
5.0,2973,Sem bairro,2016-01-15 17:55:16+00:00,2016-01-15 19:13:15+00:00,Desconhecido,"Av. dom hélder câmara, 8483 - piedade",Baixo,-22.8858619,-43.3091809,Fechado,Bolsão d'água em via,2016-01-15,
5.0,2975,Sem bairro,2016-01-15 18:12:30+00:00,2016-01-15 19:50:51+00:00,Desconhecido,"Av. brás de pina, 2142 - vista alegre",Baixo,-22.8347271,-43.31858009999996,Fechado,Bolsão d'água em via,2016-01-15,
5.0,2978,Sem bairro,2016-01-15 18:33:50+00:00,2016-01-15 20:23:28+00:00,Desconhecido,"R. carolina machado, 666 - madureira",Baixo,-22.8720648,-43.34475480000003,Fechado,Bolsão d'água em via,2016-01-15,
5.0,2979,Sem bairro,2016-01-15 18:50:20+00:00,2016-01-15 20:22:23+00:00,Desconhecido,"Av. das américas, 4200 - barra da tijuca",Baixo,-22.99965684357509,-43.3536769920654,Fechado,Bolsão d'água em via,2016-01-15,
5.0,3009,Sem bairro,2016-01-16 12:25:45+00:00,2016-01-16 13:53:06+00:00,Desconhecido,"R. max yantok, 303 - bancários",Baixo,-22.79224891495869,-43.18239999259032,Fechado,Bolsão d'água em via,2016-01-16,
5.0,2987,Sem bairro,2016-01-16 04:25:24+00:00,2016-01-16 05:54:03+00:00,Desconhecido,"R. da américa, 88 - santo cristo",Baixo,-22.9015847,-43.20012869999999,Fechado,Bolsão d'água em via,2016-01-16,
5.0,3010,Sem bairro,2016-01-16 12:28:47+00:00,2016-01-16 13:52:34+00:00,Desconhecido,"R. demétrio de tolêdo, 180 - tauá",Baixo,-22.7933747,-43.18438800000001,Fechado,Bolsão d'água em via,2016-01-16,
5.0,2992,Sem bairro,2016-01-16 04:57:43+00:00,2016-01-16 08:45:41+00:00,Desconhecido,"Av. brasil, 800 - maré",Baixo,-22.8313316,-43.26791809999997,Fechado,Bolsão d'água em via,2016-01-16,
5.0,2993,Sem bairro,2016-01-16 04:59:02+00:00,2016-01-16 09:15:29+00:00,Desconhecido,"Av. das américas, 1112 - recreio dos bandeirantes",Baixo,-23.0201986,-43.48914130000003,Fechado,Bolsão d'água em via,2016-01-16,
5.0,2995,Sem bairro,2016-01-16 05:50:08+00:00,2016-01-16 08:19:06+00:00,Desconhecido,"Av. armando lombardi,  barra da tijuca",Baixo,-23.0070497,-43.31069339999999,Fechado,Bolsão d'água em via,2016-01-16,
5.0,2991,Sem bairro,2016-01-16 04:57:07+00:00,2016-01-16 04:58:49+00:00,Desconhecido,"R. carlos gomes, 493 - santo cristo",Baixo,-22.9013982,-43.20149409999999,Fechado,Bolsão d'água em via,2016-01-16,
5.0,2989,Sem bairro,2016-01-16 04:56:18+00:00,2016-01-16 09:11:55+00:00,Desconhecido,"R. do catete, 140 - glória",Baixo,-22.9256384,-43.17670799999996,Fechado,Bolsão d'água em via,2016-01-16,
5.0,3011,Sem bairro,2016-01-16 12:30:24+00:00,2016-01-16 13:53:20+00:00,Desconhecido,"R. carice, 240 - bancários",Baixo,-22.79238740720048,-43.18512012513122,Fechado,Bolsão d'água em via,2016-01-16,
5.0,2986,Sem bairro,2016-01-16 04:24:55+00:00,2016-01-16 05:53:50+00:00,Desconhecido,"Av. francisco bicalho, 584-740 - santo cristo",Baixo,-22.9055647,-43.20964459999999,Fechado,Bolsão d'água em via,2016-01-16,
5.0,2998,Sem bairro,2016-01-16 08:57:03+00:00,2016-01-16 10:37:20+00:00,Desconhecido,"R. gen. luís mendes de moraes, 172 - santo cristo",Baixo,-22.9029109,-43.2083677,Fechado,Bolsão d'água em via,2016-01-16,
5.0,2990,Sem bairro,2016-01-16 04:56:49+00:00,2016-01-16 08:45:18+00:00,Desconhecido,"Av. brasil, 5622-5700 - manguinhos",Baixo,-22.8624862,-43.24768449999999,Fechado,Bolsão d'água em via,2016-01-16,
5.0,3014,Sem bairro,2016-01-16 15:01:50+00:00,2016-01-16 18:26:04+00:00,Desconhecido,"Av. epitácio pessoa, corte cantagalo - lagoa",Baixo,-22.9742462,-43.20638889999998,Fechado,Bolsão d'água em via,2016-01-16,
5.0,3008,Sem bairro,2016-01-16 12:20:58+00:00,2016-01-16 13:52:52+00:00,Desconhecido,"R. quatis, 273 - tauá",Baixo,-22.7905384,-43.18502339999998,Fechado,Bolsão d'água em via,2016-01-16,
5.0,3064,Sem bairro,2016-01-19 15:01:52+00:00,2016-01-19 16:15:24+00:00,Desconhecido,"Av. ayrton senna, 4894 - jacarepaguá",Baixo,-22.957615,-43.35648739999999,Fechado,Bolsão d'água em via,2016-01-19,
5.0,3063,Sem bairro,2016-01-19 14:54:27+00:00,2016-01-19 16:36:25+00:00,Desconhecido,"Av. armando lombardi, 1128 - barra da tijuca",Baixo,-23.006138,-43.3145558,Fechado,Bolsão d'água em via,2016-01-19,
5.0,3207,Sem bairro,2016-01-28 15:14:19+00:00,2016-01-28 17:54:07+00:00,Desconhecido,"Estr. do mendanha, 2390 - campo grande",Baixo,-22.8699548,-43.554510600000015,Fechado,Bolsão d'água em via,2016-01-28,
5.0,3205,Sem bairro,2016-01-28 15:09:15+00:00,2016-01-28 16:52:19+00:00,Desconhecido,"Estr. do taquaral, 487 - senador camará (posto lucinda)",Baixo,-22.8713607,-43.490163,Fechado,Bolsão d'água em via,2016-01-28,
5.0,3199,Sem bairro,2016-01-28 14:42:59+00:00,2016-01-28 16:04:34+00:00,Desconhecido,"Rua clarimundo de melo, 543 - piedade",Baixo,-22.8958709,-43.31581569999997,Fechado,Bolsão d'água em via,2016-01-28,
5.0,3204,Sem bairro,2016-01-28 15:05:32+00:00,2016-01-28 16:50:47+00:00,Desconhecido,Cesario de melo com prof castilho ,Baixo,-22.9068467,-43.17289649999998,Fechado,Bolsão d'água em via,2016-01-28,
5.0,3206,Sem bairro,2016-01-28 15:10:39+00:00,2016-01-28 17:52:31+00:00,Desconhecido,Cesario de melo com maria teresa,Baixo,,,Fechado,Bolsão d'água em via,2016-01-28,
5.0,3200,Sem bairro,2016-01-28 14:44:51+00:00,2016-01-28 16:49:33+00:00,Desconhecido,"Av. dom hélder câmara, 6613 - pilares",Baixo,-22.8822835,-43.29290249999997,Fechado,Bolsão d'água em via,2016-01-28,
5.0,3201,Sem bairro,2016-01-28 14:45:44+00:00,2016-01-28 17:54:41+00:00,Desconhecido,"R. netuno, 364 - pavuna",Baixo,-22.80549602021302,-43.356518085427865,Fechado,Bolsão d'água em via,2016-01-28,
5.0,3202,Sem bairro,2016-01-28 14:48:05+00:00,2016-01-28 15:23:29+00:00,Desconhecido,"R. figueiredo camargo, 565 - bangu",Baixo,-22.87140238803459,-43.45708482963869,Fechado,Bolsão d'água em via,2016-01-28,
5.0,49264,Caju,2019-12-23 14:58:53+00:00,2019-12-23 17:15:32+00:00,Curto,"Av. brasil, alt. linha vermelha - caju - sent. centro",Baixo,-22.885153758986867,-43.2269826981476,Fechado,Bolsão d'água em via,2019-12-23,
5.0,49226,Joá,2019-12-22 21:32:02+00:00,2019-12-22 23:04:11+00:00,Curto,"Av. min. ivan lins, alt. ponte do joá - barra - sent. são conrado",Baixo,-23.0089063,-43.2863524,Fechado,Bolsão d'água em via,2019-12-22,
5.0,49287,Lagoa,2019-12-23 15:49:25+00:00,2019-12-23 17:13:17+00:00,Curto,"R. prof. abelardo lobo, alt. rua professor saldanha - lagoa",Baixo,-22.9612591,-43.20481560000002,Fechado,Bolsão d'água em via,2019-12-23,
5.0,48698,Maré,2019-12-05 22:20:15+00:00,2019-12-06 09:39:27+00:00,Curto,Via c 4 -133 -  vila pinheiro - maré,Baixo,-22.8667408,-43.23560329999998,Fechado,Bolsão d'água em via,2019-12-05,
5.0,49270,Penha,2019-12-23 15:10:47+00:00,2019-12-23 16:22:55+00:00,Curto,R. ibiapina - alt. r. monsenhor alves - penha,Baixo,-22.8418737,-43.2744846,Fechado,Bolsão d'água em via,2019-12-23,
5.0,48893,Penha,2019-12-12 16:53:39+00:00,2019-12-12 22:27:25+00:00,Curto,R. ibiapina - alt. r. tomás ribeiro - penha,Baixo,-22.8426416,-43.27228360000004,Fechado,Bolsão d'água em via,2019-12-12,
5.0,49247,Teste,2019-12-23 13:39:18+00:00,2019-12-23 14:01:16+00:00,Curto,"Rua teste, 211 - teste - sent. teste",Baixo,-22.9771599,-43.2213228,Fechado,Bolsão d'água em via,2019-12-23,
5.0,49282,Catete,2019-12-23 15:41:27+00:00,2019-12-23 17:13:03+00:00,Curto,"R. do catete, alt. largo do machado - ",Baixo,-22.9269656,-43.17661150000004,Fechado,Bolsão d'água em via,2019-12-23,
5.0,49296,Centro,2019-12-23 16:10:25+00:00,2019-12-23 17:23:12+00:00,Curto,R. do lavradio - alt. delegacia - centro,Baixo,-22.9104094,-43.182913600000006,Fechado,Bolsão d'água em via,2019-12-23,
5.0,49292,Centro,2019-12-23 15:57:40+00:00,2019-12-23 17:46:53+00:00,Curto,Rua do resende - alt. rua tadeu kosciusco - centro,Baixo,-22.9145822,-43.188462500000014,Fechado,Bolsão d'água em via,2019-12-23,
5.0,49223,Centro,2019-12-22 21:23:24+00:00,2019-12-22 22:25:30+00:00,Curto,"Av. mem de sá, alt. r. de santana - centro",Baixo,-22.9119914,-43.18926320000003,Fechado,Bolsão d'água em via,2019-12-22,
5.0,49254,Irajá,2019-12-23 14:38:11+00:00,2019-12-23 17:14:57+00:00,Curto,"Tv. das margaridas, alt. shopping via brasil - irajá - sent. centro",Baixo,-22.821351,-43.31668760000002,Fechado,Bolsão d'água em via,2019-12-23,
5.0,48892,Irajá,2019-12-12 16:39:34+00:00,2019-12-12 22:22:55+00:00,Curto,Av. brasil - irajá - alt. trevo das margaridas - sent. centro,Baixo,-22.8204814,-43.32040119999999,Fechado,Bolsão d'água em via,2019-12-12,
5.0,49253,Irajá,2019-12-23 14:35:40+00:00,2019-12-23 14:38:03+00:00,Curto,"Tv. das margaridas, alt. shopping via brasil - irajá - sent. centro",Baixo,-22.821351,-43.31668760000002,Fechado,Bolsão d'água em via,2019-12-23,
5.0,48821,Irajá,2019-12-10 19:31:57+00:00,2019-12-11 00:34:39+00:00,Curto,"Av. brasil, alt. trevo das margaridas - sent. centro",Baixo,-22.8204814,-43.32040119999999,Fechado,Bolsão d'água em via,2019-12-10,
5.0,49319,Méier,2019-12-24 11:30:16+00:00,2019-12-25 07:27:51+00:00,Curto,R. affonso arinos - méier,Baixo,-22.9066286,-43.28387759999998,Fechado,Bolsão d'água em via,2019-12-24,
5.0,49272,Olaria,2019-12-23 15:13:27+00:00,2019-12-23 16:50:11+00:00,Curto,"R. ibiapina, alt. tomaz ribeiro - penha - sent. penha",Baixo,-22.84293949780698,-43.2712608698364,Fechado,Bolsão d'água em via,2019-12-23,
5.0,49263,Olaria,2019-12-23 14:58:37+00:00,2019-12-23 18:01:57+00:00,Curto,Rua etelvina - alt. est. supervia olaria - olaria,Baixo,-22.8473775,-43.26620300000002,Fechado,Bolsão d'água em via,2019-12-23,
5.0,49216,Olaria,2019-12-22 20:14:30+00:00,2019-12-22 22:54:08+00:00,Curto,"Rua paranapanema, alt. r. jorge martins - olaria",Baixo,-22.8521598,-43.26994160000004,Fechado,Bolsão d'água em via,2019-12-22,
5.0,48690,Tijuca,2019-12-05 19:32:45+00:00,2019-12-05 20:38:48+00:00,Curto,R. haddock lobo - alt.  r. eng. abel- tijuca,Baixo,-22.9189507,-43.21350559999996,Fechado,Bolsão d'água em via,2019-12-05,
5.0,49259,Benfica,2019-12-23 14:49:07+00:00,2019-12-23 15:35:28+00:00,Curto,"Av. brasil, alt. benfica - sent. centro",Baixo,-22.8875098,-43.2318166,Fechado,Bolsão d'água em via,2019-12-23,
5.0,49298,Benfica,2019-12-23 16:39:04+00:00,2019-12-24 00:52:09+00:00,Curto,Av. dom helder câmara alt. viaduto de del castilho - jacarezinho ,Baixo,-22.8863238,-43.25145520000001,Fechado,Bolsão d'água em via,2019-12-23,
5.0,48693,Glória,2019-12-05 20:00:04+00:00,2019-12-05 20:18:38+00:00,Curto,R. do catete - alt. r. pedro américo - glória,Baixo,-22.9269656,-43.17661150000004,Fechado,Bolsão d'água em via,2019-12-05,
5.0,49283,Ipanema,2019-12-23 15:42:24+00:00,2019-12-23 17:10:10+00:00,Curto,"R. vinícius de moraes, alt. epitacio pessoa - ipanema",Baixo,-22.9797387,-43.20243149999999,Fechado,Bolsão d'água em via,2019-12-23,
5.0,49220,Ipanema,2019-12-22 20:55:00+00:00,2019-12-22 21:10:12+00:00,Curto,"Av. epitácio pessoa, alt. r. vinícius de moraes - ipanema",Baixo,-22.9708637,-43.206964500000026,Fechado,Bolsão d'água em via,2019-12-22,
5.0,48692,Sampaio,2019-12-05 19:40:17+00:00,2019-12-05 20:44:49+00:00,Curto,R. vinte e quatro de maio - alt. r. bela vista  - sampaio,Baixo,-22.9022533,-43.26316910000003,Fechado,Bolsão d'água em via,2019-12-05,
5.0,49267,Botafogo,2019-12-23 15:06:25+00:00,2019-12-23 16:00:18+00:00,Curto,"R. muniz barreto, alt. r. marques de olinda - botafogo",Baixo,-22.9454349,-43.18409459999998,Fechado,Bolsão d'água em via,2019-12-23,
5.0,48683,Madureira,2019-12-05 19:15:48+00:00,2019-12-05 20:19:56+00:00,Curto,Viaduto negrão de lima - madureira,Baixo,-22.8764821,-43.33518520000001,Fechado,Bolsão d'água em via,2019-12-05,
5.0,48685,Madureira,2019-12-05 19:18:50+00:00,2019-12-05 20:13:45+00:00,Curto,"Av. ernani cardoso, alt. r. alberto silva - madureira",Baixo,-22.882321,-43.3374485,Fechado,Bolsão d'água em via,2019-12-05,
5.0,48691,Madureira,2019-12-05 19:36:03+00:00,2019-12-05 20:06:33+00:00,Curto,"Av. dom helder camara, alt. r. palatinado - cascadura ",Baixo,,,Fechado,Bolsão d'água em via,2019-12-05,
5.0,48694,Maracanã,2019-12-05 20:25:48+00:00,2019-12-05 21:10:38+00:00,Curto,"R. mariz e barros, alt. 724 - maracanã",Baixo,-22.9153223,-43.22127439999997,Fechado,Bolsão d'água em via,2019-12-05,
5.0,48897,Bonsucesso,2019-12-12 17:12:47+00:00,2019-12-12 19:44:42+00:00,Curto,Av. brasil - alt. linha amarela - bonsucesso - sent. z. oeste,Baixo,-22.8680856,-43.24767889999998,Fechado,Bolsão d'água em via,2019-12-12,
5.0,48695,Bonsucesso,2019-12-05 20:35:37+00:00,2019-12-05 21:38:53+00:00,Curto,Rua cardoso de morais - alt. n° 111 - bonsucesso,Baixo,-22.8638129,-43.254515500000025,Fechado,Bolsão d'água em via,2019-12-05,
5.0,48896,Manguinhos,2019-12-12 17:07:23+00:00,2019-12-12 20:30:32+00:00,Curto,Av. brasil - alt. r. paris - bonsucesso - sent. z. oeste,Baixo,-22.8639104,-43.24771369999996,Fechado,Bolsão d'água em via,2019-12-12,
5.0,48902,Manguinhos,2019-12-12 18:00:31+00:00,2019-12-12 19:49:25+00:00,Curto,Av. brasil - alt. refinaria de manguinhos - sent. z. oeste,Baixo,-22.8794597,-43.240159800000015,Fechado,Bolsão d'água em via,2019-12-12,
5.0,49261,Manguinhos,2019-12-23 14:53:20+00:00,2019-12-23 17:09:50+00:00,Curto,"Av. brasil, alt. linha vermelha - caju - sent. zona oeste",Baixo,-22.88487699750296,-43.226950511639416,Fechado,Bolsão d'água em via,2019-12-23,
5.0,49228,Manguinhos,2019-12-22 21:40:42+00:00,2019-12-22 22:34:39+00:00,Curto,"Av. brasil, alt. manguinhos - sent. z. oeste",Baixo,-22.8794597,-43.240159800000015,Fechado,Bolsão d'água em via,2019-12-22,
5.0,49299,Manguinhos,2019-12-23 16:46:41+00:00,2019-12-23 17:52:33+00:00,Curto,Av. brasil - alt. viaduto ataufo alves - benfica - sent. centro,Baixo,-22.8851976,-43.23535989999999,Fechado,Bolsão d'água em via,2019-12-23,
5.0,49219,Manguinhos,2019-12-22 20:30:23+00:00,2019-12-22 22:46:44+00:00,Curto,"Av. brasil, alt. fiocruz - sent. z. oeste",Baixo,-22.875704,-43.242977,Fechado,Bolsão d'água em via,2019-12-22,
5.0,48895,Santa cruz,2019-12-12 17:04:41+00:00,2019-12-12 19:42:14+00:00,Curto,Estr. da pedra - santa cruz - alt. brt santa veridiana,Baixo,-22.9404509,-43.66506190000001,Fechado,Bolsão d'água em via,2019-12-12,
5.0,48828,Santa cruz,2019-12-10 22:04:17+00:00,2019-12-11 00:10:05+00:00,Curto,"Av. brasil, alt. de guadalupe - sent. santa cruz",Baixo,-22.8875863,-43.65530309999997,Fechado,Bolsão d'água em via,2019-12-10,
5.0,49300,Cidade nova,2019-12-23 16:59:19+00:00,2019-12-23 19:19:51+00:00,Curto,Av. pres. vargas - alt. acesso av. f. bicalho - centro,Baixo,-22.909906993857373,-43.208583221795664,Fechado,Bolsão d'água em via,2019-12-23,
5.0,48689,Praça seca,2019-12-05 19:28:51+00:00,2019-12-05 20:13:00+00:00,Curto,Candido benício - alt. r. baronesa - praça seca,Baixo,-22.8969024,-43.35182469999995,Fechado,Bolsão d'água em via,2019-12-05,
5.0,49301,Praça seca,2019-12-23 17:28:39+00:00,2019-12-23 19:55:06+00:00,Curto,"R. cândido benício, 3602 - tanque - sent. praça seca",Baixo,-22.911249,-43.360472000000016,Fechado,Bolsão d'água em via,2019-12-23,
5.0,48687,Praça seca,2019-12-05 19:25:27+00:00,2019-12-05 19:45:13+00:00,Curto,"R. cândido benício, alt. brt ipase - praça seca",Baixo,-22.8986671,-43.35287410000001,Fechado,Bolsão d'água em via,2019-12-05,
5.0,48686,Praça seca,2019-12-05 19:23:17+00:00,2019-12-05 20:05:47+00:00,Curto,R. cândido benício - alt. r. cap. menezes - praça seca,Baixo,-22.8986671,-43.35287410000001,Fechado,Bolsão d'água em via,2019-12-05,
5.0,49289,Vila isabel,2019-12-23 15:52:03+00:00,2019-12-23 17:52:09+00:00,Curto,"R. gonzaga bastos, 224 - vila isabel",Baixo,-22.9196922,-43.24031830000001,Fechado,Bolsão d'água em via,2019-12-23,
5.0,49269,Del castilho,2019-12-23 15:08:09+00:00,2019-12-23 18:02:02+00:00,Curto,"Av. pastor martin luther king junior, 125 - del castilho - alt. rua cap. sampaio.",Baixo,-22.8785883,-43.2735376,Fechado,Bolsão d'água em via,2019-12-23,
5.0,49288,Engenho novo,2019-12-23 15:49:55+00:00,2019-12-24 00:57:09+00:00,Curto,"R. silva freire, 146 - engenho novo - buraco do padre sent. r. 24 de maio.",Baixo,-22.9028228,-43.26866430000001,Fechado,Bolsão d'água em via,2019-12-23,
5.0,48688,Jacarepaguá,2019-12-05 19:26:36+00:00,2019-12-05 20:06:02+00:00,Curto,R. pedro téles - alt r. baronesa. - jacarepaguá,Baixo,-22.8958325,-43.34767979999998,Fechado,Bolsão d'água em via,2019-12-05,
5.0,49258,Jacarepaguá,2019-12-23 14:49:27+00:00,2019-12-23 17:14:03+00:00,Curto,Av. ayrton senna - alt. via parque - jacarepaguá - sent. linha amarela,Baixo,-22.9826906,-43.36419109999997,Fechado,Bolsão d'água em via,2019-12-23,
5.0,49280,Jacarepaguá,2019-12-23 15:34:54+00:00,2019-12-23 17:13:38+00:00,Curto,"Av. ayrton senna, 5500 - jacarepaguá",Baixo,-22.9826821,-43.36437710000001,Fechado,Bolsão d'água em via,2019-12-23,
5.0,49215,Jacarepaguá,2019-12-22 20:00:18+00:00,2019-12-22 23:10:48+00:00,Curto,"Av. ayrton senna, 1746 - jacarepaguá - ambos os sentidos",Baixo,-22.9947639,-43.366363500000034,Fechado,Bolsão d'água em via,2019-12-22,
5.0,48824,Pitangueiras,2019-12-10 20:48:04+00:00,2019-12-11 02:20:29+00:00,Curto,"Rua do monjolo, 380 - pitangueiras (ilha do governador)",Baixo,-22.816863,-43.17998510000001,Fechado,Bolsão d'água em via,2019-12-10,
5.0,49286,Santo cristo,2019-12-23 15:43:01+00:00,2019-12-23 17:07:49+00:00,Curto,"Av. francisco bicalho, 2310 - santo cristo - sent. centro",Baixo,-22.90426900545004,-43.20969193254086,Fechado,Bolsão d'água em via,2019-12-23,
5.0,49227,São conrado,2019-12-22 21:36:35+00:00,2019-12-23 00:08:08+00:00,Curto,"Autoestrada eng. fernando mac dowell, alt. gávea golf - sent. gávea",Baixo,-22.99727,-43.2629,Fechado,Bolsão d'água em via,2019-12-22,
5.0,49273,São conrado,2019-12-23 15:16:33+00:00,2019-12-23 16:55:44+00:00,Curto,Estr. eng. fernando mac dowell - alt. gávea golf clube - são conrado - sent. lagoa,Baixo,-22.9972683,-43.262894200000005,Fechado,Bolsão d'água em via,2019-12-23,
5.0,49290,Higienópolis,2019-12-23 15:55:01+00:00,2019-12-23 17:51:22+00:00,Curto,"Av. dom hélder câmara, 1805 - higienópolis - alt. cidade da policia.",Baixo,-22.8822036,-43.25518060000002,Fechado,Bolsão d'água em via,2019-12-23,
5.0,49257,Parque união,2019-12-23 14:44:03+00:00,2019-12-23 17:24:01+00:00,Curto,"Av. brasil, alt. parque união - sent. zona oeste",Baixo,-22.8512342,-43.24725539999997,Fechado,Bolsão d'água em via,2019-12-23,
5.0,48825,Jardim carioca,2019-12-10 20:52:01+00:00,2019-12-11 00:39:29+00:00,Curto,"Rua muiatuca, alt. do jardim carioca - ilha do governador",Baixo,-22.8050121,-43.1967904,Fechado,Bolsão d'água em via,2019-12-10,
5.0,49233,Jardim carioca,2019-12-23 07:49:46+00:00,2019-12-23 12:35:30+00:00,Curto, r. muiatuca - ilha do governador - jardim carioca,Baixo,-22.8050121,-43.1967904,Fechado,Bolsão d'água em via,2019-12-23,
5.0,49473,Jardim carioca,2019-12-30 19:46:22+00:00,2019-12-31 06:05:20+00:00,Curto,"Rua muiatuca, 74 - jardim carioca (ilha do governador)",Baixo,-22.804934,-43.19685500000003,Fechado,Bolsão d'água em via,2019-12-30,
5.0,49256,Penha circular,2019-12-23 14:42:52+00:00,2019-12-23 15:21:32+00:00,Curto,Av. braz de pina - alt. rua jacarau - penha - sent. ramos,Baixo,-22.8395164,-43.29694030000002,Fechado,Bolsão d'água em via,2019-12-23,
5.0,48827,Vigário geral,2019-12-10 21:58:39+00:00,2019-12-10 22:51:41+00:00,Curto,"Av. brasil, alt. passarela 20 - parada de lucas - sent. centro",Baixo,-22.819183,-43.31040719999999,Fechado,Bolsão d'água em via,2019-12-10,
5.0,49225,Barra da tijuca,2019-12-22 21:28:53+00:00,2019-12-22 23:07:38+00:00,Curto,"Av. das américas, alt. down town - barra - sent. são conrado",Baixo,-23.0125261,-43.461709499999984,Fechado,Bolsão d'água em via,2019-12-22,
5.0,49214,Barra da tijuca,2019-12-22 19:56:34+00:00,2019-12-22 22:57:57+00:00,Curto,"Av. armando lombardi, alt. acesso barra point - sent. recreio",Baixo,-23.0066933,-43.3106674,Fechado,Bolsão d'água em via,2019-12-22,
5.0,49110,Barra da tijuca,2019-12-18 19:54:16+00:00,2019-12-18 22:28:45+00:00,Curto,Mergulhão billy blanco - barra da tijuca,Baixo,-22.9976374,-43.36677069999996,Fechado,Bolsão d'água em via,2019-12-18,
5.0,48911,Parada de lucas,2019-12-12 20:30:39+00:00,2019-12-12 21:18:36+00:00,Curto,Av. brasil -  parada de lucas - sent. centro,Baixo,-22.816922,-43.30476399999998,Fechado,Bolsão d'água em via,2019-12-12,
5.0,49222,Parada de lucas,2019-12-22 21:16:06+00:00,2019-12-22 23:07:11+00:00,Curto,"Av. brasil, alt. de parada de lucas - ambos os sentidos",Baixo,-22.8159459,-43.30351619999999,Fechado,Bolsão d'água em via,2019-12-22,
5.0,48826,Jardim guanabara,2019-12-10 21:49:52+00:00,2019-12-10 22:51:55+00:00,Curto,Estrada da bica - jardim guanabara (ilha do governador),Baixo,-22.818691,-43.188241300000016,Fechado,Bolsão d'água em via,2019-12-10,
5.0,49271,São cristóvão,2019-12-23 15:14:57+00:00,2019-12-23 16:03:09+00:00,Curto,"R. chaves faria, 11 - são cristóvão - alt. largo da cancela.",Baixo,-22.900434,-43.22540200000003,Fechado,Bolsão d'água em via,2019-12-23,
5.0,49281,São cristóvão,2019-12-23 15:37:01+00:00,2019-12-23 18:02:08+00:00,Curto,Rua general argolo - são cristóvão,Baixo,-22.8954569,-43.225962200000026,Fechado,Bolsão d'água em via,2019-12-23,
5.0,49293,São cristóvão,2019-12-23 16:04:13+00:00,2019-12-23 18:02:15+00:00,Curto,R. conde de leopoldina - são cristóvão,Baixo,-22.8918471,-43.22068639999998,Fechado,Bolsão d'água em via,2019-12-23,
5.0,49279,São cristóvão,2019-12-23 15:30:58+00:00,2019-12-23 17:48:08+00:00,Curto,"R. bela, alt. r. ricardo machado - são cristóvão",Baixo,-22.8895567,-43.22387950000001,Fechado,Bolsão d'água em via,2019-12-23,
5.0,49265,São cristóvão,2019-12-23 15:00:46+00:00,2019-12-23 18:01:59+00:00,Curto,"Campo de são cristóvão, 296 - são cristóvão",Baixo,-22.8968825,-43.2218302,Fechado,Bolsão d'água em via,2019-12-23,
5.0,49295,Praca da bandeira,2019-12-23 16:08:41+00:00,2019-12-23 17:19:24+00:00,Curto,R. pará - alt. rua teixera soares - praca da bandeira,Baixo,-22.9111446,-43.21709950000002,Fechado,Bolsão d'água em via,2019-12-23,
5.0,49268,Vicente de carvalho,2019-12-23 15:08:36+00:00,2019-12-23 18:02:05+00:00,Curto,Largo vicente de carvalho - alt. rua caroem - vicente de carvalho - sent. av. brasil,Baixo,-22.851281,-43.310921399999984,Fechado,Bolsão d'água em via,2019-12-23,
5.0,49251,Barra da tijuca - teste,2019-12-23 14:22:58+00:00,2019-12-23 14:28:54+00:00,Curto,"Av. armando lombardi, alt. barra point - barra da tijuca - sent. teste",Baixo,-23.0071335,-43.30854529999999,Fechado,Bolsão d'água em via,2019-12-23,
5.0,49249,Jardim guanabara - teste,2019-12-23 14:02:05+00:00,2019-12-23 14:04:48+00:00,Curto,"R. dom emanuel gomes, 96 - jardim guanabara - sent. rua ituá - teste",Baixo,-22.8148589,-43.204695000000015,Fechado,Bolsão d'água em via,2019-12-23,
5.0,49291,Freguesia de jacarepaguá,2019-12-23 15:55:54+00:00,2019-12-23 18:02:13+00:00,Curto,Rua mamoré - alt. geremario dantas - freguesia de jacarepaguá,Baixo,-22.9382347,-43.3432297,Fechado,Bolsão d'água em via,2019-12-23,
6.0,48901,Caju,2019-12-12 17:53:03+00:00,2019-12-12 19:23:25+00:00,Curto,Praia do cajú,Baixo,-22.8791532,-43.2138435,Fechado,Alagamento,2019-12-12,
6.0,48905,Bonsucesso,2019-12-12 18:39:28+00:00,2019-12-12 19:19:21+00:00,Curto,R. adail - bonsucesso,Baixo,-22.8603815,-43.254921999999965,Fechado,Alagamento,2019-12-12,
6.0,48900,Vigário geral,2019-12-12 17:35:44+00:00,2019-12-12 21:51:31+00:00,Curto,R. bulhões marcial - vigário geral,Baixo,-22.814348,-43.301245,Fechado,Alagamento,2019-12-12,
6.0,48899,Praia da bandeira,2019-12-12 17:19:25+00:00,2019-12-12 19:20:18+00:00,Curto,Rua erico coelho - tauá - ilha do governador,Baixo,-22.7985206,-43.18554640000002,Fechado,Alagamento,2019-12-12,
31.0,48907,Ramos,2019-12-12 19:09:44+00:00,2019-12-12 19:22:37+00:00,Curto,Av. teixeira de castro - bonsucesso,Baixo,-22.8552504,-43.25210400000003,Fechado,Alagamento,2019-12-12,
31.0,49276,Catete,2019-12-23 15:24:29+00:00,2019-12-23 17:11:41+00:00,Curto,"R. do catete, alt. r. pedro américo - catete",Medio,,,Fechado,Alagamento,2019-12-23,
31.0,49305,Itanhangá,2019-12-23 18:25:09+00:00,2019-12-24 00:48:59+00:00,Curto,"Av. eng. souza filho, 1193 - itanhangá - sent. barra",Baixo,-22.9877115,-43.32887789999995,Fechado,Alagamento,2019-12-23,
31.0,48898,Jardim carioca,2019-12-12 17:16:26+00:00,2019-12-12 20:14:36+00:00,Curto,R. muiatuca - jardim carioca,Baixo,-22.8050121,-43.1967904,Fechado,Alagamento,2019-12-12,
31.0,49250,Tijuca - teste,2019-12-23 14:06:09+00:00,2019-12-23 14:10:57+00:00,Curto,"Rua conde de bonfim, 545 - tijuca - sent. teste",Baixo,-22.92926460249996,-43.23692754173357,Fechado,Alagamento,2019-12-23,
31.0,49238,Vigário geral,2019-12-23 09:00:50+00:00,2019-12-23 13:51:16+00:00,Curto,R. bulhões maciel - alt. linha vermelha - vigário geral ,Baixo,-22.80263248183504,-43.30542600188295,Fechado,Alagamento,2019-12-23,
31.0,49308,Jardim guanabara,2019-12-23 18:59:42+00:00,2019-12-23 20:00:31+00:00,Curto,Estrada da bica - jardim guanabara,Baixo,-22.818691,-43.188241300000016,Fechado,Alagamento,2019-12-23,
33.0,49255,Olaria,2019-12-23 14:37:39+00:00,2019-12-23 15:33:45+00:00,Curto,Av. brasil - alt. r. filomena nunes - olaria - sent. centro,Baixo,-22.8368922,-43.2585742,Fechado,Lâmina d'água,2019-12-23,
33.0,48680,Pechincha,2019-12-05 18:49:06+00:00,2019-12-05 20:23:55+00:00,Curto,Av. geremário dantas - alt estr. do tindiba - pechincha ,Baixo,-22.9290527,-43.35400770000001,Fechado,Lâmina d'água,2019-12-05,
33.0,48682,Itanhangá,2019-12-05 19:14:31+00:00,2019-12-05 20:24:43+00:00,Curto,Av. eng.  souza filho - alt. av. princilal - itanhangá,Baixo,-22.9786046,-43.33367479999998,Fechado,Lâmina d'água,2019-12-05,
33.0,48696,Manguinhos,2019-12-05 21:16:38+00:00,2019-12-05 22:55:06+00:00,Curto,Av. brasil - alt. fio cruz - manguinhos - sent. z. oeste,Baixo,-22.8720568,-43.24534419999998,Fechado,Lâmina d'água,2019-12-05,
33.0,49266,Jacarepaguá,2019-12-23 15:01:32+00:00,2019-12-23 17:06:45+00:00,Curto,Ponte santos dumont - alt. av. abelardo bueno - sent. linha amarela,Baixo,-22.973823460489125,-43.363122932708734,Fechado,Lâmina d'água,2019-12-23,
33.0,48681,Barra da tijuca,2019-12-05 19:09:12+00:00,2019-12-05 20:31:59+00:00,Curto,Av. embaixador abelardo bueno - alt. r. arroio pavuna - barra da tijuca,Baixo,-22.9730997,-43.37782830000003,Fechado,Lâmina d'água,2019-12-05,
5.0,38831,Sem bairro,2019-01-25 16:36:02+00:00,2019-01-25 20:38:59+00:00,Desconhecido,"Av. pres. vargas, alt. cass - cidade nova",Baixo,,,Fechado,Bolsão d'água em via,2019-01-25,
5.0,38834,Sem bairro,2019-01-25 16:51:48+00:00,2019-01-25 17:49:12+00:00,Desconhecido,"R. 24 de maio, alt. r. cônego tobias - méier ",Baixo,,,Fechado,Bolsão d'água em via,2019-01-25,
5.0,38844,Sem bairro,2019-01-25 17:19:31+00:00,2019-01-25 20:31:42+00:00,Desconhecido,"Rua da passagem, alt. r. arnaldo quintela - botafogo",Baixo,-22.9533356,-43.18164389999998,Fechado,Bolsão d'água em via,2019-01-25,
5.0,38832,Sem bairro,2019-01-25 16:40:13+00:00,2019-01-25 19:46:06+00:00,Desconhecido,"R. vinte e quatro de maio, alt. r. bela vista - sampaio",Baixo,-22.902193,-43.261043400000005,Fechado,Bolsão d'água em via,2019-01-25,
5.0,38836,Sem bairro,2019-01-25 16:55:24+00:00,2019-01-25 19:06:38+00:00,Desconhecido,"R. dr. satamini, alt. praça afonso pena",Baixo,-22.9184858,-43.21788989999999,Fechado,Bolsão d'água em via,2019-01-25,
5.0,38837,Sem bairro,2019-01-25 16:58:24+00:00,2019-01-25 19:05:53+00:00,Desconhecido,"R. dr. satamini, alt. r. são francisco xavier ",Baixo,-22.9184858,-43.21788989999999,Fechado,Bolsão d'água em via,2019-01-25,
5.0,38861,Sem bairro,2019-01-25 18:08:56+00:00,2019-01-25 19:34:50+00:00,Desconhecido,Rua rad. waldir amaral - alt. da uerj - vila isabel,Baixo,-22.91267684885424,-43.235047557086205,Fechado,Bolsão d'água em via,2019-01-25,
5.0,38840,Sem bairro,2019-01-25 17:08:47+00:00,2019-01-25 18:33:23+00:00,Desconhecido,"R. muniz barreto, r. marques de olinda - botafogo",Baixo,-22.9454349,-43.18409459999998,Fechado,Bolsão d'água em via,2019-01-25,
5.0,38871,Sem bairro,2019-01-25 20:11:05+00:00,2019-01-25 21:48:57+00:00,Desconhecido,Estr. da pedra - guaratiba,Baixo,-22.968175,-43.64786019999997,Fechado,Bolsão d'água em via,2019-01-25,
5.0,38868,Sem bairro,2019-01-25 19:40:52+00:00,2019-01-25 19:55:22+00:00,Desconhecido,Av. padre leonel franca - gávea - alt. do terminal da puc,Baixo,-22.9807325,-43.232635500000015,Fechado,Bolsão d'água em via,2019-01-25,
5.0,38851,Sem bairro,2019-01-25 17:31:28+00:00,2019-01-25 20:24:40+00:00,Desconhecido,"Av. epitácio pessoa, alt. r. vinícius de moraes - lagoa",Baixo,-22.9801487,-43.20386510000003,Fechado,Bolsão d'água em via,2019-01-25,
5.0,38838,Sem bairro,2019-01-25 17:03:20+00:00,2019-01-25 21:14:49+00:00,Desconhecido,"R. do catete, alt. r. silveira martins ",Baixo,-22.925732,-43.1765863,Fechado,Bolsão d'água em via,2019-01-25,
5.0,38862,Sem bairro,2019-01-25 18:28:25+00:00,2019-01-25 19:33:20+00:00,Desconhecido,R. prof. euríco rabêlo - maracanã,Baixo,-22.9139368,-43.23101220000001,Fechado,Bolsão d'água em via,2019-01-25,
5.0,38841,Sem bairro,2019-01-25 17:10:57+00:00,2019-01-25 18:34:54+00:00,Desconhecido,"R. voluntários de patria, alt. r. dona mariana",Baixo,-22.9497298,-43.1897674,Fechado,Bolsão d'água em via,2019-01-25,
5.0,38860,Sem bairro,2019-01-25 18:03:15+00:00,2019-01-25 20:22:40+00:00,Desconhecido,"R. general polidoro, alt. r. real grandeza - botafogo",Baixo,-22.9563163,-43.19209939999996,Fechado,Bolsão d'água em via,2019-01-25,
5.0,38848,Sem bairro,2019-01-25 17:25:58+00:00,2019-01-25 18:27:02+00:00,Desconhecido,"R. são clemente, alt. r. sorocaba - botafogo",Baixo,-22.9536329,-43.18967459999999,Fechado,Bolsão d'água em via,2019-01-25,
5.0,38846,Sem bairro,2019-01-25 17:21:24+00:00,2019-01-25 18:59:12+00:00,Desconhecido,"Av. pasteur, alt. r. venceslau brás - urca",Baixo,-22.9519572,-43.17386640000001,Fechado,Bolsão d'água em via,2019-01-25,
5.0,38847,Sem bairro,2019-01-25 17:24:33+00:00,2019-01-25 17:53:18+00:00,Desconhecido,R. jardim botânico - alt. do viaduto saint hilaire,Baixo,-22.9643142,-43.21758669999997,Fechado,Bolsão d'água em via,2019-01-25,
5.0,38839,Sem bairro,2019-01-25 17:05:01+00:00,2019-01-25 18:35:13+00:00,Desconhecido,"R. do catete, alt. r. pedro américo",Baixo,,,Fechado,Bolsão d'água em via,2019-01-25,
5.0,38850,Sem bairro,2019-01-25 17:30:37+00:00,2019-01-25 19:33:52+00:00,Desconhecido,"Av. ayrton senna, 2600 - alt. passarela gardênia -  barra da tijuca",Baixo,-22.96587991006557,-43.35733360179137,Fechado,Bolsão d'água em via,2019-01-25,
5.0,38842,Sem bairro,2019-01-25 17:11:56+00:00,2019-01-25 18:27:25+00:00,Desconhecido,"R. são clemente, 226 - botafogo",Baixo,-22.9493961,-43.1900215,Fechado,Bolsão d'água em via,2019-01-25,
5.0,38835,Sem bairro,2019-01-25 16:53:52+00:00,2019-01-25 19:06:05+00:00,Desconhecido,R. dr. satamini - tijuca - alt. da r. do matoso ,Baixo,-22.9180423,-43.2171093,Fechado,Bolsão d'água em via,2019-01-25,
5.0,38853,Sem bairro,2019-01-25 17:37:59+00:00,2019-01-25 19:22:52+00:00,Desconhecido,"R. prof. saldanha, alt. r. jardim botânico",Baixo,-22.9603538,-43.20507459999999,Fechado,Bolsão d'água em via,2019-01-25,
5.0,38856,Sem bairro,2019-01-25 17:53:40+00:00,2019-01-25 20:39:58+00:00,Desconhecido,R. alm. joão cândido brasil - maracanã - alt. r. dona maria,Baixo,-22.918588,-43.23596999999995,Fechado,Bolsão d'água em via,2019-01-25,
5.0,38852,Sem bairro,2019-01-25 17:36:05+00:00,2019-01-25 18:28:54+00:00,Desconhecido,"Av. afrânio de melo franco, alt. r. gilberto cardoso - leblon",Baixo,-22.982672,-43.217920600000014,Fechado,Bolsão d'água em via,2019-01-25,
5.0,38843,Sem bairro,2019-01-25 17:13:44+00:00,2019-01-25 18:25:33+00:00,Desconhecido,"R. são clemente, alt. r. guilhermina guinle - botafogo",Baixo,-22.9497298,-43.1897674,Fechado,Bolsão d'água em via,2019-01-25,
5.0,38849,Sem bairro,2019-01-25 17:28:42+00:00,2019-01-25 18:26:17+00:00,Desconhecido,"R. são clemente, alt. r. martins ferreira - botafogo",Baixo,-22.9497298,-43.1897674,Fechado,Bolsão d'água em via,2019-01-25,
5.0,38086,Sem bairro,2019-01-01 18:45:58+00:00,2019-01-01 20:45:05+00:00,Desconhecido,"Av. vicente de carvalho, alt. av. pr. martin l. king jr. - vicente de carvalho",Baixo,-22.8516601,-43.31917490000001,Fechado,Bolsão d'água em via,2019-01-01,
5.0,38168,Sem bairro,2019-01-05 20:11:53+00:00,2019-01-05 23:18:32+00:00,Desconhecido,"Rua soldado wandel sarmento, 187 - tauá",Baixo,-22.7931466,-43.18486989999997,Fechado,Bolsão d'água em via,2019-01-05,
5.0,38163,Sem bairro,2019-01-05 19:53:43+00:00,2019-01-05 22:26:20+00:00,Desconhecido,"Estr. do rio jequiá, 886 - zumbi",Baixo,-22.8203897,-43.181328500000006,Fechado,Bolsão d'água em via,2019-01-05,
5.0,38145,Sem bairro,2019-01-05 00:23:40+00:00,2019-01-05 02:03:03+00:00,Desconhecido,"Av. das américas, alt. est. benvindo de novais - recreio dos bandeirantes",Baixo,-22.9923844,-43.44496559999999,Fechado,Bolsão d'água em via,2019-01-05,
5.0,38161,Sem bairro,2019-01-05 19:50:12+00:00,2019-01-05 20:43:56+00:00,Desconhecido,"Av. paranapuã, 1369 - tauá",Baixo,-22.7957531,-43.1829955,Fechado,Bolsão d'água em via,2019-01-05,
5.0,38167,Sem bairro,2019-01-05 20:04:58+00:00,2019-01-05 22:26:21+00:00,Desconhecido,"Av. cel. luís oliveira sampaio, 73 - cacuia",Baixo,-22.816393,-43.18804899999998,Fechado,Bolsão d'água em via,2019-01-05,
5.0,38166,Sem bairro,2019-01-05 20:01:07+00:00,2019-01-05 20:45:31+00:00,Desconhecido,"Rua teodoro da silva, alt. r. visconde de sta. isabel - vila isabel",Baixo,-22.9184206,-43.2500594,Fechado,Bolsão d'água em via,2019-01-05,
5.0,38162,Sem bairro,2019-01-05 19:52:24+00:00,2019-01-05 20:43:29+00:00,Desconhecido,"Estrada das canárias, alt. do galeão",Baixo,-22.8120658,-43.22755870000003,Fechado,Bolsão d'água em via,2019-01-05,
5.0,38174,Sem bairro,2019-01-05 21:10:36+00:00,2019-01-06 04:02:51+00:00,Desconhecido,"Av. brasil, 245 - caju",Baixo,-22.8883637,-43.22327059999998,Fechado,Bolsão d'água em via,2019-01-05,
5.0,38171,Sem bairro,2019-01-05 20:21:42+00:00,2019-01-05 22:51:51+00:00,Desconhecido,"Rua pio dutra, 585. bancários",Baixo,-22.79356,-43.175719000000015,Fechado,Bolsão d'água em via,2019-01-05,
5.0,38173,Sem bairro,2019-01-05 21:03:39+00:00,2019-01-06 02:10:59+00:00,Desconhecido,"Av. brasil, alt. parada de lucas",Baixo,-22.8147024,-43.2916406,Fechado,Bolsão d'água em via,2019-01-05,
5.0,38169,Sem bairro,2019-01-05 20:14:29+00:00,2019-01-05 22:52:20+00:00,Desconhecido,"R. capanema, 263 - tauá",Baixo,-22.7933906,-43.18436729999996,Fechado,Bolsão d'água em via,2019-01-05,
5.0,38165,Sem bairro,2019-01-05 20:01:59+00:00,2019-01-05 20:39:04+00:00,Desconhecido,"Estrada da bica, 306 - cacuia",Baixo,-22.819252,-43.18826390000004,Fechado,Bolsão d'água em via,2019-01-05,
5.0,38559,Sem bairro,2019-01-16 20:40:43+00:00,2019-01-17 01:54:35+00:00,Desconhecido,"Av. brasil, alt. da cidade alta",Baixo,-22.8196976,-43.29433949999998,Fechado,Bolsão d'água em via,2019-01-16,
5.0,38558,Sem bairro,2019-01-16 20:27:14+00:00,2019-01-16 23:04:01+00:00,Desconhecido,"Av. brasil, 16058 - vigário geral",Baixo,-22.819621,-43.31328180000003,Fechado,Bolsão d'água em via,2019-01-16,
5.0,38556,Sem bairro,2019-01-16 19:48:55+00:00,2019-01-16 20:08:01+00:00,Desconhecido,"Av. brasil, alt. acesso l. amarela - manguinhos",Baixo,-22.875704,-43.242977,Fechado,Bolsão d'água em via,2019-01-16,
5.0,35593,Sem bairro,2018-10-05 08:49:32+00:00,2018-10-05 08:57:46+00:00,Desconhecido,Av. borges de medeiros - lagoa - alt. av. epitácio pessoa,Baixo,-22.9711673,-43.21738679999999,Fechado,Bolsão d'água em via,2018-10-05,
5.0,35594,Sem bairro,2018-10-05 08:57:52+00:00,2018-10-05 11:31:00+00:00,Desconhecido,Av. borges de medeiros - lagoa - alt. av. epitácio pessoa,Baixo,-22.9728162,-43.217637800000034,Fechado,Bolsão d'água em via,2018-10-05,
5.0,35762,Sem bairro,2018-10-10 18:33:59+00:00,2018-10-10 19:51:21+00:00,Desconhecido,Rua carlos seidl,Baixo,-22.8789184,-43.22446479999997,Fechado,Bolsão d'água em via,2018-10-10,
5.0,35750,Sem bairro,2018-10-10 17:01:35+00:00,2018-10-10 18:10:17+00:00,Desconhecido,R. eleone de almeida - catumbi,Baixo,-22.9179799,-43.194220299999984,Fechado,Bolsão d'água em via,2018-10-10,
5.0,35757,Sem bairro,2018-10-10 17:51:26+00:00,2018-10-11 05:32:44+00:00,Desconhecido,"Av. brasil, alt. viaduto ataulfo alves - benfica",Baixo,,,Fechado,Bolsão d'água em via,2018-10-10,
5.0,35769,Sem bairro,2018-10-10 20:09:08+00:00,2018-10-10 22:41:25+00:00,Desconhecido,Av. brasil - alt. parada de lucas,Baixo,-22.8612161,-43.4522437,Fechado,Bolsão d'água em via,2018-10-10,
5.0,35752,Sem bairro,2018-10-10 17:15:24+00:00,2018-10-10 18:27:16+00:00,Desconhecido,"Campo de são cristóvão, 265 - são cristóvão",Baixo,-22.8966516,-43.22147469999999,Fechado,Bolsão d'água em via,2018-10-10,
5.0,35756,Sem bairro,2018-10-10 17:49:34+00:00,2018-10-10 18:39:18+00:00,Desconhecido,"R. do catete, alt. r. silveira martins - glória",Baixo,-22.9269607,-43.176574200000005,Fechado,Bolsão d'água em via,2018-10-10,
5.0,35760,Sem bairro,2018-10-10 18:11:35+00:00,2018-10-10 18:48:08+00:00,Desconhecido,"R. haddock lobo, 20 - estácio",Baixo,-22.915056638781703,-43.20757310969543,Fechado,Bolsão d'água em via,2018-10-10,
5.0,35754,Sem bairro,2018-10-10 17:31:33+00:00,2018-10-10 18:30:37+00:00,Desconhecido,R. vinte e quatro de maio - alt. r silva freire - sampaio,Baixo,-22.902193,-43.261043400000005,Fechado,Bolsão d'água em via,2018-10-10,
5.0,35755,Sem bairro,2018-10-10 17:47:05+00:00,2018-10-10 18:49:09+00:00,Desconhecido,"Rua mem de sá, alt. praça cruz vermelha,  - centro",Baixo,-22.91200172949568,-43.18781790608216,Fechado,Bolsão d'água em via,2018-10-10,
5.0,35773,Sem bairro,2018-10-10 21:43:56+00:00,2018-10-10 23:15:23+00:00,Desconhecido,R. francisco eugênio - frente ao prédio ipiranga - são cristóvão,Baixo,-22.9073908,-43.21637559999999,Fechado,Bolsão d'água em via,2018-10-10,
5.0,35791,Sem bairro,2018-10-11 11:24:26+00:00,2018-10-11 13:04:02+00:00,Desconhecido,"Av. brasil, alt. borgauto - ramos",Baixo,,,Fechado,Bolsão d'água em via,2018-10-11,
5.0,35787,Sem bairro,2018-10-11 09:23:45+00:00,2018-10-11 13:03:11+00:00,Desconhecido,"Av. brasil, alt. acesso para a linha amarela",Baixo,-22.8783725,-43.24051110000005,Fechado,Bolsão d'água em via,2018-10-11,
5.0,35786,Sem bairro,2018-10-11 09:19:11+00:00,2018-10-12 07:53:28+00:00,Desconhecido,Praia do cajú - cajú,Baixo,-22.8790981,-43.21327389999999,Fechado,Bolsão d'água em via,2018-10-11,
5.0,35839,Sem bairro,2018-10-13 19:55:51+00:00,2018-10-13 23:13:58+00:00,Desconhecido,"Rua epitácio pessoa, alt. r. vinícius de morais - lagoa",Baixo,-22.9708637,-43.206964500000026,Fechado,Bolsão d'água em via,2018-10-13,
5.0,35850,Sem bairro,2018-10-13 21:51:03+00:00,2018-10-13 23:00:38+00:00,Desconhecido,"Av. brasil, alt. viaduto ataulfo alves - benfica",Baixo,-22.8852693,-43.23482799999999,Fechado,Bolsão d'água em via,2018-10-13,
5.0,35840,Sem bairro,2018-10-13 20:04:10+00:00,2018-10-13 23:05:40+00:00,Desconhecido,"Av. armando lombardi, alt. barra point - barra da tijuca",Baixo,-23.0062772,-43.30857209999999,Fechado,Bolsão d'água em via,2018-10-13,
5.0,35852,Sem bairro,2018-10-13 22:10:02+00:00,2018-10-14 00:32:44+00:00,Desconhecido,"R. mercúrio, 939 - pavuna",Baixo,-22.8053885,-43.35611979999999,Fechado,Bolsão d'água em via,2018-10-13,
5.0,36163,Sem bairro,2018-10-25 04:05:58+00:00,2018-10-25 05:41:17+00:00,Desconhecido,"Av. brasil, alt. viaduto ataulfo alves - benfica",Baixo,-22.8852693,-43.23482799999999,Fechado,Bolsão d'água em via,2018-10-25,
5.0,36162,Sem bairro,2018-10-25 03:42:45+00:00,2018-10-25 05:15:39+00:00,Desconhecido,"Av. brasil, 15671 - parada de lucas",Baixo,-22.8191638,-43.30713739999999,Fechado,Bolsão d'água em via,2018-10-25,
5.0,36164,Sem bairro,2018-10-25 04:10:57+00:00,2018-10-25 06:30:51+00:00,Desconhecido,"Av. armando lombardi, 350 - barra da tijuca",Baixo,-23.0062772,-43.30857209999999,Fechado,Bolsão d'água em via,2018-10-25,
6.0,35813,Sem bairro,2018-10-12 11:58:23+00:00,2018-10-12 18:25:21+00:00,Desconhecido,Estr. das canárias - ilha do governador,Baixo,-22.8126375,-43.22736170000002,Fechado,Alagamento,2018-10-12,
5.0,10782,Sem bairro,2016-10-04 04:51:25+00:00,2016-10-04 06:56:10+00:00,Desconhecido,Estrada das canárias - ilha do governador,Baixo,-22.8052385,-43.20860849999997,Fechado,Bolsão d'água em via,2016-10-04,
5.0,10790,Sem bairro,2016-10-04 08:49:57+00:00,2016-10-04 09:50:33+00:00,Desconhecido,"Av. das américas, 777 - barra da tijuca",Baixo,-23.004375,-43.3228009,Fechado,Bolsão d'água em via,2016-10-04,
5.0,10788,Sem bairro,2016-10-04 07:55:28+00:00,2016-10-04 09:56:30+00:00,Desconhecido,"Estrada benvindo de novaes, 11 - recreio dos bandeirantes",Baixo,-22.9966178,-43.45001030000003,Fechado,Bolsão d'água em via,2016-10-04,
5.0,10792,Sem bairro,2016-10-04 09:21:37+00:00,2016-10-04 10:29:02+00:00,Desconhecido,"Av. trinta e um de março, 62 - santa teresa",Baixo,-22.9196839,-43.19426680000004,Fechado,Bolsão d'água em via,2016-10-04,
6.0,11521,Sem bairro,2016-10-29 16:59:42+00:00,2016-10-30 00:58:52+00:00,Desconhecido,Av. delfim moreira - leblon,Baixo,,,Fechado,Alagamento,2016-10-29,
6.0,11509,Sem bairro,2016-10-29 07:58:01+00:00,2016-10-29 16:59:30+00:00,Desconhecido,Av. delfim moreira - leblon,Baixo,-22.9870003,-43.221625500000016,Fechado,Alagamento,2016-10-29,
5.0,105172,Lagoa,2023-10-29 23:47:58+00:00,2023-10-29 23:50:13+00:00,Curto,Av. epitácio pessoa - alt. rua vinícius de moraes - lagoa,Baixo,-22.9742628,-43.2064953,Fechado,Bolsão d'água em via,2023-10-29,
5.0,105163,Madureira,2023-10-29 22:15:20+00:00,2023-10-29 23:04:36+00:00,Curto,Av. min. edgard romero - alt. rua conselheiro galvão - madureira,Baixo,-22.8661268,-43.3343465,Fechado,Bolsão d'água em via,2023-10-29,
5.0,105155,Bangu,2023-10-29 18:23:00+00:00,2023-10-29 19:01:40+00:00,Curto,R. da feira - alt. r. dos açudes - bangu,Baixo,-22.8801501,-43.47178419999999,Fechado,Bolsão d'água em via,2023-10-29,
5.0,104947,Santíssimo,2023-10-26 07:25:15+00:00,2023-10-26 08:08:17+00:00,Curto,Av. brasil - alt. santíssimo - sent. centro,Baixo,-22.8605042,-43.5234381,Fechado,Bolsão d'água em via,2023-10-26,
5.0,104951,Méier,2023-10-26 07:35:41+00:00,2023-10-26 08:08:21+00:00,Curto,R. dias da cruz - alt. r. magualhaes couto,Baixo,-22.9045871,-43.2882233,Fechado,Bolsão d'água em via,2023-10-26,
5.0,104978,Ipanema,2023-10-26 09:49:06+00:00,2023-10-26 09:49:59+00:00,Curto,"Av. epitácio pessoa, alt. r. vinícius de moraes - ipanema ",Baixo,-22.979986,-43.203731,Fechado,Bolsão d'água em via,2023-10-26,
5.0,104943,Campo grande,2023-10-26 07:09:18+00:00,2023-10-26 08:08:00+00:00,Curto,Av. cesário de melo - alt. av. maria tereza - campo grande - sent. bangu,Baixo,-22.908004,-43.5650874,Fechado,Bolsão d'água em via,2023-10-26,
5.0,104964,São cristóvão,2023-10-26 08:05:14+00:00,2023-10-26 08:13:51+00:00,Curto,R. campo de são cristóvão - alt. feira de são cristóvão - sent. benfica,Baixo,-22.8964816,-43.2213218,Fechado,Bolsão d'água em via,2023-10-26,
5.0,104944,Recreio dos bandeirantes,2023-10-26 07:17:23+00:00,2023-10-26 08:08:59+00:00,Curto,Av. das américas - alt. estr. benvindo de novaes - sent. são conrado,Baixo,-23.0135893,-43.4632586,Fechado,Bolsão d'água em via,2023-10-26,
5.0,103948,Sepetiba,2023-10-09 14:48:23+00:00,2023-10-09 15:21:13+00:00,Curto,R. piraí do sul - alt. r. buritizal - sepetiba,Baixo,,,Fechado,Bolsão d'água em via,2023-10-09,
5.0,103860,Sem bairro,2023-10-08 13:07:37+00:00,2023-10-08 15:46:43+00:00,Curto,Av. emb. abelardo bueno - alt. brt centro metropolitano - barra da tijuca - sent. transolimpica,Baixo,-22.972990532488577,-43.36620496866455,Fechado,Bolsão d'água em via,2023-10-08,
5.0,103839,Ipanema,2023-10-08 00:39:21+00:00,2023-10-08 05:22:57+00:00,Curto,"Av. epitácio pessoa, alt. r. vinícius de moraes - ipanema ",Baixo,-22.9696881,-43.2054789,Fechado,Bolsão d'água em via,2023-10-08,
5.0,103838,Cidade nova,2023-10-08 00:27:06+00:00,2023-10-08 05:07:44+00:00,Curto,"Av. pres. vargas, alt. cass - cidade nova - sent. av. francisco bicalho",Baixo,-22.909449,-43.2038313,Fechado,Bolsão d'água em via,2023-10-08,
5.0,103846,Cascadura,2023-10-08 04:36:27+00:00,2023-10-08 09:52:34+00:00,Curto,"Av. ernani cardoso, alt. r. padre telemaco - cascadura",Baixo,-22.8824192,-43.3354398,Fechado,Bolsão d'água em via,2023-10-08,
5.0,103832,Catete,2023-10-07 22:48:58+00:00,2023-10-08 00:10:00+00:00,Curto,"Rua do catete, alt. r. silveira martins - catete",Baixo,-22.9270219,-43.1766223,Fechado,Bolsão d'água em via,2023-10-07,
5.0,103829,Centro,2023-10-07 22:21:50+00:00,2023-10-08 00:50:22+00:00,Curto,"Rua teixeira de freitas, alt. av. augusto severo - centro",Baixo,-22.9142033,-43.1766675,Fechado,Bolsão d'água em via,2023-10-07,
5.0,103825,Leblon,2023-10-07 21:59:27+00:00,2023-10-08 00:49:33+00:00,Curto,"Av. visconde de albuquerque, alt. praça baden-powell - leblon - sent. gávea",Baixo,-22.981782,-43.2263914,Fechado,Bolsão d'água em via,2023-10-07,
5.0,103830,Botafogo,2023-10-07 22:25:42+00:00,2023-10-08 00:23:42+00:00,Curto,"Rua praia de botafogo, alt. viaduto santiago dantas - botafogo",Baixo,-22.9454948,-43.1821807,Fechado,Bolsão d'água em via,2023-10-07,
5.0,103831,Botafogo,2023-10-07 22:44:16+00:00,2023-10-08 00:25:14+00:00,Curto,"Av. venceslau brás, alt. alt. gmar - botafogo",Baixo,-22.9545319,-43.1773419,Fechado,Bolsão d'água em via,2023-10-07,
5.0,103826,Santa teresa,2023-10-07 22:07:17+00:00,2023-10-08 00:49:24+00:00,Curto,"Rua riachuelo, alt. r. costa bastos - santa teresa",Baixo,-22.9159535,-43.1899669,Fechado,Bolsão d'água em via,2023-10-07,
5.0,103833,São cristóvão,2023-10-07 23:05:07+00:00,2023-10-08 00:33:14+00:00,Curto,"Rua francisco palheta, alt. r. ricardo machado - são cristóvão",Baixo,-22.8905307,-43.2272207,Fechado,Bolsão d'água em via,2023-10-07,
5.0,103720,Olaria,2023-10-05 20:11:58+00:00,2023-10-05 20:46:17+00:00,Curto,R. comte. vergueiro da cruz - alt. rua claudionor jordan - olaria,Baixo,-22.8367601,-43.2649135,Fechado,Bolsão d'água em via,2023-10-05,
5.0,103702,Vila kosmos,2023-10-05 19:25:41+00:00,2023-10-05 19:48:36+00:00,Curto,"Av. vicente de carvalho, alt. r. sd. servino mengarda - vila kosmos - sent. av. braz de pina",Baixo,-22.8475611,-43.304834,Fechado,Bolsão d'água em via,2023-10-05,
5.0,103701,Irajá,2023-10-05 19:21:56+00:00,2023-10-05 19:56:07+00:00,Curto,Avenida pastor martin luther king junior - alr. largo de vicente de carvalho - irajá,Baixo,-22.8489819,-43.3212603,Fechado,Bolsão d'água em via,2023-10-05,
5.0,103705,Cascadura,2023-10-05 19:28:15+00:00,2023-10-05 20:00:57+00:00,Curto,"Av. ernani cardoso, alt. r .padre telemaco - cascadura",Baixo,-22.8824192,-43.3354398,Fechado,Bolsão d'água em via,2023-10-05,
5.0,103511,Flamengo,2023-10-02 20:55:23+00:00,2023-10-02 22:12:20+00:00,Curto,"Av. infante dom henrique, alt. hotel glória - glória - em ambos os sentidos",Baixo,-22.9257029,-43.1707997,Fechado,Bolsão d'água em via,2023-10-02,
5.0,104115,Caju,2023-10-13 00:52:24+00:00,2023-10-13 03:54:34+00:00,Curto,Av. brasil - caju - sent. centro,Baixo,-22.8876032,-43.2240622,Fechado,Bolsão d'água em via,2023-10-13,
5.0,103827,Centro,2023-10-07 22:12:58+00:00,2023-10-08 00:03:26+00:00,Curto,"Av. mem de sá, alt. r. de santana - centro",Baixo,-22.912313,-43.1861477,Fechado,Bolsão d'água em via,2023-10-07,
5.0,103828,Centro,2023-10-07 22:19:17+00:00,2023-10-07 23:54:27+00:00,Curto,"Av. mem de sá, alt. r. dos inválidos - centro",Baixo,-22.912313,-43.1861477,Fechado,Bolsão d'água em via,2023-10-07,
5.0,103706,Centro,2023-10-05 19:35:33+00:00,2023-10-05 20:01:50+00:00,Curto,Av. mem de sá - alt. rua dos inválidos - centro,Baixo,-22.912313,-43.1861477,Fechado,Bolsão d'água em via,2023-10-05,
5.0,103835,Gávea,2023-10-07 23:18:24+00:00,2023-10-08 00:31:31+00:00,Curto,"Av. padre leonel franca, alt. praça sibelius - gávea - sent. são conrado",Baixo,-22.9805752,-43.2324053,Fechado,Bolsão d'água em via,2023-10-07,
5.0,103834,Lagoa,2023-10-07 23:14:46+00:00,2023-10-08 00:49:14+00:00,Curto,"Av. borges de medeiros, alt. r. josé joaquim seabra - jardim botânico",Baixo,-22.9728162,-43.2176378,Fechado,Bolsão d'água em via,2023-10-07,
5.0,52454,Caju,2020-03-21 07:21:58+00:00,2020-03-21 13:27:49+00:00,Curto,Av. brasil - caju - sent. z. oeste,Baixo,-22.8883651,-43.2233215,Fechado,Bolsão d'água em via,2020-03-21,
5.0,52471,Caju,2020-03-21 11:06:46+00:00,2020-03-21 12:07:36+00:00,Curto,Av. brasil - caju - alt. r. conde de leopoldina - sent. centro,Baixo,-22.8901365,-43.217594,Fechado,Bolsão d'água em via,2020-03-21,
5.0,51761,Caju,2020-03-01 00:39:14+00:00,2020-03-01 01:24:41+00:00,Curto,"Av. brasil, alt. linha vermelha - são cristóvão - sent. centro",Baixo,-22.8889293,-43.2224423,Fechado,Bolsão d'água em via,2020-03-01,
5.0,52427,Bangu,2020-03-20 20:05:00+00:00,2020-03-20 20:45:52+00:00,Curto,"Rua da feira, alt. r. dos açudes - bangu",Baixo,-22.8802756,-43.4725686,Fechado,Bolsão d'água em via,2020-03-20,
5.0,51770,Bangu,2020-03-01 02:49:31+00:00,2020-03-01 06:20:53+00:00,Curto,"Rua falcão padilha, 130 - bangu",Baixo,-22.87396,-43.462096,Fechado,Bolsão d'água em via,2020-03-01,
5.0,51759,Lagoa,2020-03-01 00:15:03+00:00,2020-03-01 02:36:50+00:00,Curto,"Av. epitácio pessoa, alt. r. maria quitéria - lagoa",Baixo,-22.9722932,-43.2035247,Fechado,Bolsão d'água em via,2020-03-01,
5.0,51806,Lagoa,2020-03-01 07:43:28+00:00,2020-03-01 08:53:35+00:00,Curto,Av. epitácio pessoa - alt. r. vinícius de moraes - lagoa,Baixo,-22.9795535,-43.2025453,Fechado,Bolsão d'água em via,2020-03-01,
5.0,51758,Lagoa,2020-03-01 00:11:26+00:00,2020-03-01 02:37:52+00:00,Curto,"Av. borges de medeiros, alt. parque dos patins - lagoa",Baixo,-22.9722713,-43.216449,Fechado,Bolsão d'água em via,2020-03-01,
5.0,51767,Lagoa,2020-03-01 02:13:18+00:00,2020-03-01 02:31:57+00:00,Curto,"Praça jose m. filho, alt. maconhão - lagoa",Baixo,-22.9629843,-43.2042539,Fechado,Bolsão d'água em via,2020-03-01,
5.0,51832,Zumbi,2020-03-01 09:00:30+00:00,2020-03-01 09:02:29+00:00,Curto,Estr. do rio jequiá - zumbi,Baixo,-22.8205193,-43.1799963,Fechado,Bolsão d'água em via,2020-03-01,
5.0,51763,Gávea,2020-03-01 00:50:34+00:00,2020-03-01 02:38:53+00:00,Curto,Rua marquês de são vicente - gávea,Baixo,-22.9783392,-43.2337317,Fechado,Bolsão d'água em via,2020-03-01,
5.0,51814,Gávea,2020-03-01 07:52:55+00:00,2020-03-01 07:56:34+00:00,Curto,"Estr. da gávea, 638 - gávea",Baixo,-22.991818,-43.2537978,Fechado,Bolsão d'água em via,2020-03-01,
5.0,51756,Gávea,2020-03-01 00:02:32+00:00,2020-03-01 05:08:43+00:00,Curto,"Estr. da gávea, 638 - gávea",Baixo,-22.991818,-43.2537978,Fechado,Bolsão d'água em via,2020-03-01,
5.0,51827,Irajá,2020-03-01 08:38:09+00:00,2020-03-01 11:33:42+00:00,Curto,Av. brasil - alt. trevo das margaridas - irajá - sent. z. oeste,Baixo,-22.82304,-43.3279105,Fechado,Bolsão d'água em via,2020-03-01,
5.0,52464,Galeão,2020-03-21 08:37:42+00:00,2020-03-21 19:25:54+00:00,Curto,Praia são bento - alt. estr. do galeão - galeão,Baixo,-22.8183802,-43.2192439,Fechado,Bolsão d'água em via,2020-03-21,
5.0,51784,Glória,2020-03-01 04:42:12+00:00,2020-03-01 05:35:36+00:00,Curto,"Rua do catete, alt. r. silveira martins - catete",Baixo,-22.9270219,-43.1766223,Fechado,Bolsão d'água em via,2020-03-01,
5.0,51773,Rocinha,2020-03-01 03:03:16+00:00,2020-03-01 08:55:22+00:00,Curto,Rua gen. olímpio mourão filho - são conrado,Baixo,-22.9931215,-43.2534492,Fechado,Bolsão d'água em via,2020-03-01,
5.0,51782,Taquara,2020-03-01 04:33:39+00:00,2020-03-01 14:31:04+00:00,Curto,"Av. nelson cardoso, alt. est. brt aracy cabral - jpa",Baixo,-22.9201388,-43.368362,Fechado,Bolsão d'água em via,2020-03-01,
5.0,51780,Taquara,2020-03-01 04:03:16+00:00,2020-03-01 14:16:47+00:00,Curto,"Rua tindiba, alt. praça jauru - taquara",Baixo,-22.9241459,-43.3714121,Fechado,Bolsão d'água em via,2020-03-01,
5.0,51836,Taquara,2020-03-01 09:35:41+00:00,2020-03-01 15:31:32+00:00,Curto,"Estr. do engenho velho, 2200 - taquara",Baixo,-22.9159664,-43.3949417,Fechado,Bolsão d'água em via,2020-03-01,
5.0,51811,Curicica,2020-03-01 07:50:37+00:00,2020-03-01 17:06:17+00:00,Curto,R. mandaguari - curicica,Baixo,-22.9427159,-43.3795574,Fechado,Bolsão d'água em via,2020-03-01,
5.0,51820,Realengo,2020-03-01 08:06:58+00:00,2020-03-01 08:12:44+00:00,Curto,"Av. brasil, alt. realengo - sent. centro",Baixo,-22.8634016,-43.4383809,Fechado,Bolsão d'água em via,2020-03-01,
5.0,51781,Guaratiba,2020-03-01 04:31:12+00:00,2020-03-01 21:58:57+00:00,Curto,"Estr. da pedra, alt. est. brt p. d`água - guaratiba - sent. recreio",Baixo,-22.968175,-43.6478602,Fechado,Bolsão d'água em via,2020-03-01,
5.0,52374,Madureira,2020-03-17 20:33:44+00:00,2020-03-17 20:58:42+00:00,Curto,Av. min. edgard romero - alt. r. conselheiro galvão - madureira,Baixo,-22.8661268,-43.3343488,Fechado,Bolsão d'água em via,2020-03-17,
5.0,51830,Madureira,2020-03-01 08:44:29+00:00,2020-03-01 14:45:25+00:00,Curto,R. maria lopes - alt. r. padre manso - madureira,Baixo,-22.879725,-43.3373597,Fechado,Bolsão d'água em via,2020-03-01,
5.0,51944,Madureira,2020-03-02 14:52:09+00:00,2020-03-03 04:17:13+00:00,Curto,"Av. min. edgard romero, 184 - madureira",Baixo,-22.8697104,-43.33524999999999,Fechado,Bolsão d'água em via,2020-03-02,
5.0,51777,Madureira,2020-03-01 03:48:42+00:00,2020-03-01 06:09:31+00:00,Curto,Rua santo sepulcro - cascadura,Baixo,-22.8775622,-43.3311001,Fechado,Bolsão d'água em via,2020-03-01,
5.0,51778,Madureira,2020-03-01 03:57:04+00:00,2020-03-01 06:09:06+00:00,Curto,"Rua borneo, 270 - cascadura",Baixo,-22.8788767,-43.3303671,Fechado,Bolsão d'água em via,2020-03-01,
5.0,52428,Pechincha,2020-03-20 20:40:53+00:00,2020-03-20 21:36:00+00:00,Curto,"Av. geremário dantas, alt. estr. do tindiba - pechincha",Baixo,-22.9300814,-43.3535632,Fechado,Bolsão d'água em via,2020-03-20,
5.0,51793,Riachuelo,2020-03-01 06:25:22+00:00,2020-03-01 15:00:03+00:00,Curto,"Rua filgueiras lima, alt. r. mal. rondon - riachuelo",Baixo,-22.9043182,-43.2550511,Fechado,Bolsão d'água em via,2020-03-01,
5.0,52465,Itanhangá,2020-03-21 08:50:29+00:00,2020-03-21 13:27:56+00:00,Curto,Estrada da barra da tijuca - alt. hotel serra mar - itanhangá,Baixo,,,Fechado,Bolsão d'água em via,2020-03-21,
5.0,51968,Itanhangá,2020-03-03 07:50:31+00:00,2020-03-04 18:03:28+00:00,Curto,Av. eng. souza filho - itanhangá ( entre muzema e rio das pedras ),Baixo,-22.9786046,-43.3336748,Fechado,Bolsão d'água em via,2020-03-03,
5.0,52430,Itanhangá,2020-03-20 21:29:22+00:00,2020-03-21 05:25:47+00:00,Curto,"Av. eng. souza filho, 585 - jacarepaguá",Baixo,-22.9709772,-43.3368474,Fechado,Bolsão d'água em via,2020-03-20,
5.0,52460,Itanhangá,2020-03-21 08:03:35+00:00,2020-03-21 13:27:51+00:00,Curto,Estr. da barra da tijuca - alt. 100 - itanhangá,Baixo,-23.005047496269825,-43.30405345263977,Fechado,Bolsão d'água em via,2020-03-21,
5.0,52426,Santa cruz,2020-03-20 19:26:35+00:00,2020-03-20 20:14:26+00:00,Curto,"Rua felipe cardoso, alt. av. eng° gastão rangel - santa cruz",Baixo,-22.916723,-43.684227,Fechado,Bolsão d'água em via,2020-03-20,
5.0,51860,Santa cruz,2020-03-01 11:06:59+00:00,2020-03-01 15:02:06+00:00,Curto,"Rua senador camará, 186 - santa cruz",Baixo,-22.9141578,-43.686132,Fechado,Bolsão d'água em via,2020-03-01,
5.0,51911,Cidade nova,2020-03-01 19:01:51+00:00,2020-03-01 23:26:42+00:00,Curto,Av. pres. vargas - alt.  cidade nova - sent. av. francisco bicalho,Baixo,-22.90961,-43.2041631,Fechado,Bolsão d'água em via,2020-03-01,
5.0,51779,Barros filho,2020-03-01 03:59:52+00:00,2020-03-01 04:59:00+00:00,Curto,"Estrada joão paulo, alt. r. sgt. silvio h. - barros filho",Baixo,-22.8384308,-43.3624341,Fechado,Bolsão d'água em via,2020-03-01,
5.0,51880,Jacarepaguá,2020-03-01 12:33:41+00:00,2020-03-01 14:48:23+00:00,Curto,"Av. ayrton senna, 2521 - sentido linha amarela",Baixo,-22.9631139,-43.357238,Fechado,Bolsão d'água em via,2020-03-01,
5.0,51762,Padre miguel,2020-03-01 00:44:43+00:00,2020-03-01 02:10:37+00:00,Curto,"Av. brasil, alt. vd. ataulfo alves - benfica - sent. z. oeste",Baixo,-22.8612161,-43.4522437,Fechado,Bolsão d'água em via,2020-03-01,
5.0,51789,Santo cristo,2020-03-01 05:45:46+00:00,2020-03-01 08:53:42+00:00,Curto,"Av. francisco bicalho, alt. rodoviária - são cristóvão - sent. centro",Baixo,-22.8996291,-43.2084447,Fechado,Bolsão d'água em via,2020-03-01,
5.0,51757,São conrado,2020-03-01 00:07:25+00:00,2020-03-01 05:09:30+00:00,Curto,"Estrada eng. fernando mac dowell, alt. retorno r. gal. olympio - gávea",Baixo,-22.99727,-43.26289999999999,Fechado,Bolsão d'água em via,2020-03-01,
5.0,52485,Bento ribeiro,2020-03-21 15:52:39+00:00,2020-03-21 17:04:52+00:00,Curto,R. joão vicente - deodoro,Baixo,-22.8646994,-43.3614329,Fechado,Bolsão d'água em via,2020-03-21,
5.0,51833,Higienópolis,2020-03-01 09:03:54+00:00,2020-03-01 09:07:52+00:00,Curto,Av. dos democráticos- higienópolis,Baixo,-22.875402,-43.25729399999999,Fechado,Bolsão d'água em via,2020-03-01,
5.0,51966,Vargem grande,2020-03-03 07:02:35+00:00,2020-03-03 18:37:42+00:00,Curto,Estr. do rio morto - vargem grande,Baixo,-22.9904983,-43.4923498,Fechado,Bolsão d'água em via,2020-03-03,
5.0,52467,Jardim carioca,2020-03-21 10:03:02+00:00,2020-03-21 19:22:54+00:00,Curto,R. muiatuca - jardim carioca - ilha ,Baixo,-22.8050121,-43.1967904,Fechado,Bolsão d'água em via,2020-03-21,
5.0,51923,Jardim sulacap,2020-03-02 06:22:24+00:00,2020-03-03 07:07:22+00:00,Curto,Estr. do catonho - alt. estr. do cafunda - jardim sulacap - sent. taqura,Baixo,-22.8989795,-43.3891211,Fechado,Bolsão d'água em via,2020-03-02,
5.0,52492,Jardim sulacap,2020-03-21 22:05:52+00:00,2020-03-21 22:16:23+00:00,Curto,Estr. do catonho - alt. estr. do cafundá - jardim sulacap,Baixo,-22.9065267,-43.3799243,Fechado,Bolsão d'água em via,2020-03-21,
5.0,51879,Barra da tijuca,2020-03-01 12:28:57+00:00,2020-03-01 15:45:42+00:00,Curto,"Av. das américas, 489 - barra da tijuca - sent. s. conrado",Baixo,-23.0063908,-43.3212149,Fechado,Bolsão d'água em via,2020-03-01,
5.0,52450,Barra da tijuca,2020-03-21 06:57:34+00:00,2020-03-21 13:27:42+00:00,Curto,Av. armando lombardi - alt. unimed - barra - sent. recreio,Baixo,-23.0062943,-43.3102136,Fechado,Bolsão d'água em via,2020-03-21,
5.0,51783,Barra da tijuca,2020-03-01 04:38:43+00:00,2020-03-01 15:27:43+00:00,Curto,"Av. min. ivan lins, 78 - barra da tijuca",Baixo,-23.0118348,-43.2916563,Fechado,Bolsão d'água em via,2020-03-01,
5.0,52378,Barra da tijuca,2020-03-17 21:38:43+00:00,2020-03-18 01:31:36+00:00,Curto,Av. min. ivan lins - alt. hotel ibis - barra da tijuca - sent. são conrado,Baixo,-23.0122316,-43.2996369,Fechado,Bolsão d'água em via,2020-03-17,
5.0,52453,Barra da tijuca,2020-03-21 07:10:06+00:00,2020-03-21 13:27:46+00:00,Curto,Av. ministro ivan 11 - barra da tijuca - sent. são conrado,Baixo,-23.0129114,-43.2978112,Fechado,Bolsão d'água em via,2020-03-21,
5.0,51766,Barra da tijuca,2020-03-01 01:54:26+00:00,2020-03-01 04:59:24+00:00,Curto,"Av. das américas, alt. downtown - barra da tijuca",Baixo,-23.00487476509629,-43.31937402588196,Fechado,Bolsão d'água em via,2020-03-01,
5.0,52438,Barra da tijuca,2020-03-20 22:46:08+00:00,2020-03-21 00:54:09+00:00,Curto,"Av. min. ivan lins, 78 - barra da tijuca - sent. são conrado",Baixo,-23.0118348,-43.2916563,Fechado,Bolsão d'água em via,2020-03-20,
5.0,51760,Barra da tijuca,2020-03-01 00:22:52+00:00,2020-03-01 10:50:52+00:00,Curto,"Av. armando lombardi, (mergulinho) - barra da tijuca",Baixo,-23.0068307,-43.3107119,Fechado,Bolsão d'água em via,2020-03-01,
5.0,52486,Parada de lucas,2020-03-21 15:58:55+00:00,2020-03-21 23:04:37+00:00,Curto,Av. brasil - parada de lucas - sent. centro,Baixo,-22.8160229,-43.3033157,Fechado,Bolsão d'água em via,2020-03-21,
5.0,52377,Parada de lucas,2020-03-17 21:26:53+00:00,2020-03-17 23:39:39+00:00,Curto,Av. brasil - passarela 22 - parada de lucas - sent. centro,Baixo,-22.819183,-43.3104072,Fechado,Bolsão d'água em via,2020-03-17,
5.0,51776,Parada de lucas,2020-03-01 03:17:31+00:00,2020-03-01 10:03:44+00:00,Curto,"Av. brasil, alt. parada de lucas - sent. centro",Baixo,-22.8160229,-43.3033157,Fechado,Bolsão d'água em via,2020-03-01,
5.0,51764,Jardim botânico,2020-03-01 00:55:59+00:00,2020-03-01 01:24:05+00:00,Curto,"Rua jardim botânico, alt. praça santos dumont - jardim botânico",Baixo,-22.9636144,-43.2168983,Fechado,Bolsão d'água em via,2020-03-01,
5.0,52463,Jardim guanabara,2020-03-21 08:33:33+00:00,2020-03-21 19:28:50+00:00,Curto,Estrada do galeão - alt. base aérea,Baixo,-22.805728317645062,-43.20122062719727,Fechado,Bolsão d'água em via,2020-03-21,
5.0,51790,São cristóvão,2020-03-01 05:49:04+00:00,2020-03-01 08:05:27+00:00,Curto,"Av. brasil, alt. acesso a ponte - caju",Baixo,-22.8855186,-43.2265326,Fechado,Bolsão d'água em via,2020-03-01,
5.0,52435,Praia da bandeira,2020-03-20 22:20:00+00:00,2020-03-21 01:10:35+00:00,Curto,Rua erico coelho - tauá (ilha do governador),Baixo,-22.7985206,-43.1855464,Fechado,Bolsão d'água em via,2020-03-20,
5.0,51829,Quintino bocaiuva,2020-03-01 08:41:31+00:00,2020-03-01 14:43:47+00:00,Curto,"R. nerval de gouvêia, 150 - quintino bocaiuva",Baixo,-22.8874354,-43.3237856,Fechado,Bolsão d'água em via,2020-03-01,
5.0,51926,Recreio dos bandeirantes,2020-03-02 08:50:47+00:00,2020-03-02 12:38:59+00:00,Curto,"Av. miguel antônio fernandes, 700 - recreio",Baixo,-23.0101873,-43.4771428,Fechado,Bolsão d'água em via,2020-03-02,
5.0,52455,Recreio dos bandeirantes,2020-03-21 07:37:43+00:00,2020-03-21 12:07:38+00:00,Curto,Av. olof palme - alt. rua abraão jabour - recreio ,Baixo,-22.9801402,-43.4142774,Fechado,Bolsão d'água em via,2020-03-21,
5.0,52484,Freguesia (ilha do governador),2020-03-21 15:50:18+00:00,2020-03-21 19:42:18+00:00,Curto,"R. pio dutra, 600 - freguesia (ilha do governador)",Baixo,-22.7933843,-43.1757728,Fechado,Bolsão d'água em via,2020-03-21,
6.0,51838,Acari,2020-03-01 09:50:49+00:00,2020-03-01 19:21:42+00:00,Curto,"R. roberto carlos, 19 - acari",Baixo,-22.8231235,-43.3414955,Fechado,Alagamento,2020-03-01,
6.0,51862,Bangu,2020-03-01 12:13:18+00:00,2020-03-02 10:01:43+00:00,Curto,R. faixa da adutora - vila kenedy,Baixo,-22.8597574,-43.4962246,Fechado,Alagamento,2020-03-01,
6.0,51869,Bangu,2020-03-01 12:19:07+00:00,2020-03-02 12:37:41+00:00,Curto,"R. da felicidade, 16 - bangu",Baixo,-22.8655065,-43.4680834,Fechado,Alagamento,2020-03-01,
6.0,51815,Bangu,2020-03-01 07:54:04+00:00,2020-03-01 15:20:44+00:00,Curto,"Av. brasil, 37868 - bangu",Baixo,-22.8557402,-43.4945203,Fechado,Alagamento,2020-03-01,
6.0,51896,Cosmos,2020-03-01 13:41:10+00:00,2020-03-02 14:43:58+00:00,Curto,Rua k - santa cruz,Baixo,-22.9107789,-43.6104072,Fechado,Alagamento,2020-03-01,
6.0,51822,Irajá,2020-03-01 08:15:49+00:00,2020-03-01 15:37:57+00:00,Curto,Av. ten. rebelo - irajá,Baixo,-22.8190135,-43.3327232,Fechado,Alagamento,2020-03-01,
6.0,51828,Irajá,2020-03-01 08:40:52+00:00,2020-03-01 15:38:00+00:00,Curto,R. gervásio ferreira - irajá,Baixo,-22.8220594,-43.3317943,Fechado,Alagamento,2020-03-01,
6.0,51799,Irajá,2020-03-01 07:30:16+00:00,2020-03-01 15:41:20+00:00,Curto,"R. joaquim loureiro, 148 - irajá",Baixo,-22.8232665,-43.331764,Fechado,Alagamento,2020-03-01,
6.0,51807,Irajá,2020-03-01 07:45:17+00:00,2020-03-01 15:41:06+00:00,Curto,"R. moliére, 03 - irajá ",Baixo,-22.8221116,-43.3311724,Fechado,Alagamento,2020-03-01,
6.0,51810,Irajá,2020-03-01 07:48:41+00:00,2020-03-01 15:38:37+00:00,Curto,"R. joão dalton, 384 - irajá",Baixo,-22.819995,-43.332088,Fechado,Alagamento,2020-03-01,
6.0,51808,Irajá,2020-03-01 07:46:45+00:00,2020-03-01 15:41:03+00:00,Curto,"Rua bellini, 783 - irajá",Baixo,-22.8179305,-43.3314086,Fechado,Alagamento,2020-03-01,
6.0,51792,Irajá,2020-03-01 06:01:59+00:00,2020-03-01 15:22:23+00:00,Curto,Av. brasil - alt. da passarela 27 - irajá - sent. centro,Baixo,-22.82304,-43.3279105,Fechado,Alagamento,2020-03-01,
6.0,51801,Irajá,2020-03-01 07:38:31+00:00,2020-03-01 15:40:56+00:00,Curto,"R. pedro tenório, 36 - irajá",Baixo,-22.8200119,-43.331022,Fechado,Alagamento,2020-03-01,
6.0,51877,Tanque,2020-03-01 12:25:37+00:00,2020-03-01 16:48:47+00:00,Curto,"Rua virginia vidal, 243 - tanque",Baixo,-22.9160537,-43.3555284,Fechado,Alagamento,2020-03-01,
6.0,51852,Deodoro,2020-03-01 10:58:33+00:00,2020-03-01 18:25:42+00:00,Curto,"Estr. marechal alencastro, 329 ",Baixo,-22.8553704,-43.3875008,Fechado,Alagamento,2020-03-01,
6.0,51868,Deodoro,2020-03-01 12:18:11+00:00,2020-03-01 16:49:42+00:00,Curto,"R. do senai, 18 - deodoro",Baixo,-22.8534474,-43.3859911,Fechado,Alagamento,2020-03-01,
6.0,51823,Deodoro,2020-03-01 08:16:41+00:00,2020-03-01 16:49:59+00:00,Curto,Rua soldado josé lópes filho - deodoro,Baixo,-22.8518601,-43.3783007,Fechado,Alagamento,2020-03-01,
6.0,51791,Deodoro,2020-03-01 05:52:50+00:00,2020-03-01 19:50:41+00:00,Curto,"Estr. mal. alencastro, alt. av. brasil - deodoro",Baixo,-22.8470818,-43.3962649,Fechado,Alagamento,2020-03-01,
6.0,51846,Jacaré,2020-03-01 09:54:41+00:00,2020-03-01 16:37:34+00:00,Curto,R. professor frias vilar - benfica,Baixo,-22.88675,-43.255514,Fechado,Alagamento,2020-03-01,
6.0,51786,Taquara,2020-03-01 05:02:14+00:00,2020-03-01 14:43:02+00:00,Curto,"R. apiacás, 194 - taquara",Baixo,-22.921071,-43.371956,Fechado,Alagamento,2020-03-01,
6.0,51855,Taquara,2020-03-01 11:02:58+00:00,2020-03-01 16:29:53+00:00,Curto,"R. ariperana, 184 - taquara",Baixo,-22.915406,-43.3762479,Fechado,Alagamento,2020-03-01,
6.0,51955,Taquara,2020-03-02 18:27:01+00:00,2020-03-06 11:09:24+00:00,Curto,Região da taquara,Medio,-22.9191947,-43.3768465,Fechado,Alagamento,2020-03-02,
6.0,51816,Taquara,2020-03-01 07:55:32+00:00,2020-03-01 21:57:00+00:00,Curto,"Rua visconde de asseca, 143 - taquara",Baixo,-22.9226229,-43.3706379,Fechado,Alagamento,2020-03-01,
6.0,51870,Taquara,2020-03-01 12:19:52+00:00,2020-03-01 16:30:06+00:00,Curto,Rua aliás - taquara,Baixo,-22.9230494,-43.3739788,Fechado,Alagamento,2020-03-01,
6.0,51854,Taquara,2020-03-01 11:02:10+00:00,2020-03-01 14:57:03+00:00,Curto,"Estr. do tindiba, 3327 - taquara",Baixo,-22.9153786,-43.3800827,Fechado,Alagamento,2020-03-01,
6.0,51837,Taquara,2020-03-01 09:46:17+00:00,2020-03-01 16:31:09+00:00,Curto,"Av. dos mananciais, 72 - taquara",Baixo,-22.9163841,-43.3789944,Fechado,Alagamento,2020-03-01,
6.0,51858,Curicica,2020-03-01 11:05:46+00:00,2020-03-02 15:39:08+00:00,Curto,"R. vila aurora, 173 - curicica",Baixo,-22.9449409,-43.3773899,Fechado,Alagamento,2020-03-01,
6.0,51802,Paquetá,2020-03-01 07:39:24+00:00,2020-03-01 15:35:12+00:00,Curto,"Praia dos tamoios, 611 - paquetá",Baixo,-22.7567962,-43.1085213,Fechado,Alagamento,2020-03-01,
6.0,51842,Realengo,2020-03-01 09:52:44+00:00,2020-03-01 19:51:59+00:00,Curto,"R. beira rio, 6 - realengo",Baixo,-22.8986672,-43.4445939,Fechado,Alagamento,2020-03-01,
6.0,51871,Realengo,2020-03-01 12:20:33+00:00,2020-03-02 12:31:45+00:00,Curto,"R. réis e silva, 74 - realengo",Baixo,-22.8923553,-43.4379192,Fechado,Alagamento,2020-03-01,
6.0,51843,Realengo,2020-03-01 09:53:00+00:00,2020-03-01 15:05:21+00:00,Curto,"Av. júlio furtado, 193 - grajau",Baixo,-22.9198679,-43.2660423,Fechado,Alagamento,2020-03-01,
6.0,51851,Realengo,2020-03-01 10:58:13+00:00,2020-03-01 19:56:52+00:00,Curto,"R. silva neto, 183 - realengo",Baixo,-22.8895987,-43.4357848,Fechado,Alagamento,2020-03-01,
6.0,51821,Realengo,2020-03-01 08:14:48+00:00,2020-03-01 17:17:43+00:00,Curto,"R. são francisco, 14 - realengo",Baixo,-22.89885,-43.444429,Fechado,Alagamento,2020-03-01,
6.0,51890,Realengo,2020-03-01 13:30:16+00:00,2020-03-02 03:05:18+00:00,Curto,"R. joão luso, 230 - realengo",Baixo,-22.898747,-43.4381175,Fechado,Alagamento,2020-03-01,
6.0,51861,Realengo,2020-03-01 12:12:29+00:00,2020-03-01 19:57:24+00:00,Curto,"R. gomes de souza, 7 - realengo",Baixo,-22.8985386,-43.4369762,Fechado,Alagamento,2020-03-01,
6.0,51848,Realengo,2020-03-01 09:57:17+00:00,2020-03-01 19:53:09+00:00,Curto,R. manoel prestelo - realengo,Baixo,-22.8982706,-43.4440537,Fechado,Alagamento,2020-03-01,
6.0,51917,Guaratiba,2020-03-01 21:46:59+00:00,2020-03-02 12:53:14+00:00,Curto,Av. alto maranhão  - guaratiba,Baixo,-22.9879584,-43.6332708,Fechado,Alagamento,2020-03-01,
6.0,51991,Guaratiba,2020-03-03 17:58:12+00:00,2020-03-04 17:10:50+00:00,Curto,Região  jardim maravilha - guaratiba,Baixo,-22.9671541,-43.6110336,Fechado,Alagamento,2020-03-03,
6.0,51913,Guaratiba,2020-03-01 19:39:42+00:00,2020-03-02 08:23:18+00:00,Curto,Estrada do piaí - guaratiba,Baixo,-22.9815764,-43.6643507,Fechado,Alagamento,2020-03-01,
6.0,51874,Guaratiba,2020-03-01 12:22:36+00:00,2020-03-02 12:32:21+00:00,Curto,Rua são josé dos campos - guaratiba,Baixo,-22.966981,-43.6128309,Fechado,Alagamento,2020-03-01,
6.0,51853,Guaratiba,2020-03-01 10:59:17+00:00,2020-03-03 17:46:01+00:00,Curto,R. barão de cocais - jardim maravilha - guaratiba,Baixo,-22.9666374,-43.6062036,Fechado,Alagamento,2020-03-01,
6.0,51857,Guaratiba,2020-03-01 11:04:55+00:00,2020-03-03 17:45:13+00:00,Curto,Rua tefé - guaratiba,Baixo,-22.9646696,-43.6041719,Fechado,Alagamento,2020-03-01,
6.0,51818,Guaratiba,2020-03-01 07:58:52+00:00,2020-03-03 17:47:18+00:00,Curto,"R. tamboara, 430 - guaratiba",Baixo,-22.9727218,-43.6076438,Fechado,Alagamento,2020-03-01,
6.0,51982,Guaratiba,2020-03-03 16:15:45+00:00,2020-03-06 11:15:45+00:00,Curto,Região - praia da brisa - guaratiba,Medio,-22.9730691,-43.6714862,Fechado,Alagamento,2020-03-03,
6.0,51916,Guaratiba,2020-03-01 21:44:36+00:00,2020-03-01 22:22:34+00:00,Curto,Estr. do magarça - frente brt magarça  - guaratiba,Baixo,-22.957903,-43.610796,Fechado,Alagamento,2020-03-01,
6.0,51885,Inhoaíba,2020-03-01 13:25:22+00:00,2020-03-02 03:27:44+00:00,Curto,R. das orquídeas - inhoaíba,Baixo,-22.9040358,-43.5874617,Fechado,Alagamento,2020-03-01,
6.0,51872,Itanhangá,2020-03-01 12:21:07+00:00,2020-03-01 15:26:27+00:00,Curto,"Estr da barra da tijuca, 400 - itanhangá",Baixo,-23.008411,-43.30101,Fechado,Alagamento,2020-03-01,
6.0,51875,Paciência,2020-03-01 12:23:14+00:00,2020-03-02 03:49:14+00:00,Curto,"R. rosal, 33 - paciência",Baixo,-22.9175893,-43.6346417,Fechado,Alagamento,2020-03-01,
6.0,51889,Santa cruz,2020-03-01 13:29:44+00:00,2020-03-03 21:05:05+00:00,Curto,"R. projetada 3, 20 - santa cruz",Baixo,-22.9470124,-43.680891,Fechado,Alagamento,2020-03-01,
6.0,51893,Santa cruz,2020-03-01 13:36:34+00:00,2020-03-02 12:26:51+00:00,Curto,"R. herculano vieira, 41 b - santa cruz",Baixo,,,Fechado,Alagamento,2020-03-01,
6.0,51891,Santa cruz,2020-03-01 13:31:13+00:00,2020-03-02 12:27:02+00:00,Curto,R. mariano de oliveira 128 - santa cruz,Baixo,-22.8804478,-43.6732675,Fechado,Alagamento,2020-03-01,
6.0,51863,Santa cruz,2020-03-01 12:14:19+00:00,2020-03-02 04:31:20+00:00,Curto,Rua conceição de ipanema - santa cruz,Baixo,-22.903096,-43.6746965,Fechado,Alagamento,2020-03-01,
6.0,51867,Santa cruz,2020-03-01 12:17:15+00:00,2020-03-02 12:55:36+00:00,Curto,"R. mauricio caldeira de alvarenga, 611 - santa cruz",Baixo,-22.9140716,-43.6713596,Fechado,Alagamento,2020-03-01,
6.0,51895,Santa cruz,2020-03-01 13:40:36+00:00,2020-03-02 12:32:00+00:00,Curto,Estr. sao domingos savio - santa cruz,Baixo,-22.9445897,-43.6857406,Fechado,Alagamento,2020-03-01,
6.0,51903,Santa cruz,2020-03-01 16:18:25+00:00,2020-03-01 23:29:06+00:00,Curto,Av. dom joao vi - alt. estr. da capoeira grande - santa cruz - sent. barra,Baixo,-22.9764526,-43.612034,Fechado,Alagamento,2020-03-01,
6.0,51866,Santa cruz,2020-03-01 12:16:43+00:00,2020-03-02 11:16:44+00:00,Curto,R. do império - santa cruz,Baixo,-22.9189027,-43.6943288,Fechado,Alagamento,2020-03-01,
6.0,51894,Santa cruz,2020-03-01 13:40:03+00:00,2020-03-01 22:00:42+00:00,Curto,"R. viêira de campos, 416 - santa cruz",Baixo,-22.9340236,-43.6878402,Fechado,Alagamento,2020-03-01,
6.0,51847,Santa cruz,2020-03-01 09:55:54+00:00,2020-03-02 04:16:54+00:00,Curto,Tv. alegria - santa cruz,Baixo,-22.9172081,-43.6718432,Fechado,Alagamento,2020-03-01,
6.0,51884,Campo grande,2020-03-01 13:22:44+00:00,2020-03-02 02:17:12+00:00,Curto,R. morungaba - campo grande,Baixo,-22.8587777,-43.52840070000001,Fechado,Alagamento,2020-03-01,
6.0,51897,Campo grande,2020-03-01 13:42:02+00:00,2020-03-02 02:43:06+00:00,Curto,"Rua. h, 42 - campo grande",Baixo,-22.9570128,-43.5728805,Fechado,Alagamento,2020-03-01,
6.0,51996,Campo grande,2020-03-03 20:25:01+00:00,2020-03-06 11:08:52+00:00,Curto,Região da carobinha - campo grande,Medio,-22.855438,-43.53357,Fechado,Alagamento,2020-03-03,
6.0,51888,Campo grande,2020-03-01 13:28:08+00:00,2020-03-02 18:08:16+00:00,Curto,Rua cinquenta e cinco - campo grande,Baixo,-22.852918,-43.5312934,Fechado,Alagamento,2020-03-01,
6.0,51865,Campo grande,2020-03-01 12:15:53+00:00,2020-03-02 02:47:37+00:00,Curto,R. jorge sampaio - campo grande,Baixo,-22.9399579,-43.5605705,Fechado,Alagamento,2020-03-01,
6.0,51886,Campo grande,2020-03-01 13:26:29+00:00,2020-03-01 19:49:53+00:00,Curto,"R. nova viçosa, 176 - campo grande",Baixo,-22.885925,-43.585198,Fechado,Alagamento,2020-03-01,
6.0,51840,Campo grande,2020-03-01 09:51:59+00:00,2020-03-02 02:15:22+00:00,Curto,R. marcolino da costa - campo grande,Baixo,-22.8503594,-43.551128,Fechado,Alagamento,2020-03-01,
6.0,51887,Campo grande,2020-03-01 13:27:11+00:00,2020-03-02 02:42:20+00:00,Curto,R. portões - campo grande,Baixo,-22.8530593,-43.5340681,Fechado,Alagamento,2020-03-01,
6.0,51845,Jacarepaguá,2020-03-01 09:54:04+00:00,2020-03-01 19:23:06+00:00,Curto,"R. hipólito, 28 - acari",Baixo,-22.8261056,-43.3459128,Fechado,Alagamento,2020-03-01,
6.0,51844,Jacarepaguá,2020-03-01 09:53:32+00:00,2020-03-03 18:47:30+00:00,Curto,"Estr. rio pequeno, 1549 - jacarepaguá",Baixo,-22.9157417,-43.42798579999999,Fechado,Alagamento,2020-03-01,
6.0,51859,Vargem grande,2020-03-01 11:07:17+00:00,2020-03-01 16:42:56+00:00,Curto,Via serviente tres - vargem grande,Baixo,-22.9936277,-43.4993027,Fechado,Alagamento,2020-03-01,
6.0,51921,Vargem grande,2020-03-01 22:35:44+00:00,2020-03-02 03:20:02+00:00,Curto,"Estr. ver. alceu de carvalho, 1020 - vargem grande",Baixo,-23.0112006,-43.4932335,Fechado,Alagamento,2020-03-01,
6.0,51856,Vargem grande,2020-03-01 11:03:57+00:00,2020-03-01 15:49:06+00:00,Curto,"Estr. cap. pedro afonso, 260 - vargem grande",Baixo,-22.9858518,-43.4910585,Fechado,Alagamento,2020-03-01,
6.0,51800,Vargem grande,2020-03-01 07:34:13+00:00,2020-03-04 12:41:50+00:00,Curto,Via serviente quatro - vargem grande,Baixo,-22.9957583,-43.4988403,Fechado,Alagamento,2020-03-01,
6.0,51849,Jardim america,2020-03-01 10:56:33+00:00,2020-03-01 16:04:46+00:00,Curto,Rua robert schumann - jardim america,Baixo,-22.8076154,-43.3223587,Fechado,Alagamento,2020-03-01,
6.0,51841,Jardim america,2020-03-01 09:52:25+00:00,2020-03-01 19:25:37+00:00,Curto,"R. fidias, 31 - jardim america",Baixo,-22.805706,-43.328005,Fechado,Alagamento,2020-03-01,
6.0,51883,Jardim america,2020-03-01 13:22:16+00:00,2020-03-01 16:34:23+00:00,Curto,R. min. artur costa - jardim america,Baixo,-22.8088597,-43.3241725,Fechado,Alagamento,2020-03-01,
6.0,51805,Jardim america,2020-03-01 07:41:33+00:00,2020-03-01 16:48:46+00:00,Curto,"R. prof. costa ribeiro, 412 - jardim america",Baixo,-22.8086119,-43.32825,Fechado,Alagamento,2020-03-01,
6.0,51817,Jardim america,2020-03-01 07:57:17+00:00,2020-03-01 15:29:51+00:00,Curto,R. professor costa ribeiro - jardim america,Baixo,-22.8095824,-43.328861,Fechado,Alagamento,2020-03-01,
6.0,51839,Jardim america,2020-03-01 09:51:18+00:00,2020-03-01 19:21:53+00:00,Curto,"Rua marechal antônio sousa, 1662 - jardim america",Baixo,-22.8039608,-43.3206042,Fechado,Alagamento,2020-03-01,
6.0,51803,Jardim america,2020-03-01 07:40:15+00:00,2020-03-01 16:01:20+00:00,Curto,R. ibiuna - jardim america,Baixo,-22.8068059,-43.3281147,Fechado,Alagamento,2020-03-01,
6.0,51864,Jardim america,2020-03-01 12:15:22+00:00,2020-03-01 19:30:29+00:00,Curto,R. joão de paula fonseca - jardim america,Baixo,-22.8125774,-43.32816469999999,Fechado,Alagamento,2020-03-01,
6.0,51825,Jardim sulacap,2020-03-01 08:30:31+00:00,2020-03-01 15:56:02+00:00,Curto,Estr. do catonho - jardim sulacap,Baixo,-22.8989795,-43.3891211,Fechado,Alagamento,2020-03-01,
6.0,51878,Vargem pequena,2020-03-01 12:27:11+00:00,2020-03-01 16:41:03+00:00,Curto,"R. paulo josé mahfud, 21 - vargem pequena",Baixo,-22.9928578,-43.4575117,Fechado,Alagamento,2020-03-01,
6.0,51882,Vargem pequena,2020-03-01 13:21:29+00:00,2020-03-01 15:51:45+00:00,Curto,"R. castanheira, 333 - vargem pequena",Baixo,-22.9908725,-43.4609119,Fechado,Alagamento,2020-03-01,
6.0,51922,Barra da tijuca,2020-03-02 06:05:48+00:00,2020-03-02 11:05:26+00:00,Curto,"Mergulhão billy blanco  "" u "" - barra da tijuca ",Baixo,-22.9976374,-43.3667707,Fechado,Alagamento,2020-03-02,
6.0,51765,Barra da tijuca,2020-03-01 01:44:37+00:00,2020-03-01 16:27:15+00:00,Curto,Mergulhão y e u - barra da tijuca,Baixo,-23.0003709,-43.36589499999999,Fechado,Alagamento,2020-03-01,
6.0,51819,Fazenda botafogo,2020-03-01 08:02:36+00:00,2020-03-01 19:24:41+00:00,Curto,Região de fazenda botafogo,Baixo,,,Fechado,Alagamento,2020-03-01,
6.0,51850,Recreio dos bandeirantes,2020-03-01 10:57:04+00:00,2020-03-01 15:48:40+00:00,Curto,R. da natividade - recreio dos bandeirantes,Baixo,-23.0050827,-43.4448046,Fechado,Alagamento,2020-03-01,
6.0,51918,Recreio dos bandeirantes,2020-03-01 21:48:34+00:00,2020-03-02 12:31:34+00:00,Curto,Av. canal dois -  recreio dos bandeirantes,Baixo,-23.0252669,-43.5138697,Fechado,Alagamento,2020-03-01,
6.0,51873,Recreio dos bandeirantes,2020-03-01 12:22:04+00:00,2020-03-01 16:27:44+00:00,Curto,"R. risolêta neves, 31 - recreio dos bandeirantes",Baixo,-23.027797,-43.471715,Fechado,Alagamento,2020-03-01,
31.0,51771,Bangu,2020-03-01 02:53:27+00:00,2020-03-01 04:57:05+00:00,Curto,"Rua rio da prata, alt. r. barão de capanema - bangu",Baixo,-22.8861148,-43.4691369,Fechado,Alagamento,2020-03-01,
31.0,51831,Taquara,2020-03-01 08:47:53+00:00,2020-03-03 18:45:43+00:00,Curto,Estr. meringuava - taquara,Baixo,-22.9150536,-43.3848174,Fechado,Alagamento,2020-03-01,
31.0,51804,Taquara,2020-03-01 07:40:53+00:00,2020-03-01 10:01:22+00:00,Curto,"Av. nelson cardoso, 1247 - taquara",Baixo,-22.9224949,-43.3720039,Fechado,Alagamento,2020-03-01,
31.0,51769,Senador camará,2020-03-01 02:45:50+00:00,2020-03-01 04:57:04+00:00,Curto,"Av. de santa cruz, alt. r. silva cardoso - bangu",Baixo,-22.8828306,-43.4884403,Fechado,Alagamento,2020-03-01,
5.0,17035,Sem bairro,2017-05-19 10:42:20+00:00,2017-05-19 11:37:09+00:00,Desconhecido,"Av. brasil, 16691 - j. américa",Baixo,-22.8215683,-43.322723800000006,Fechado,Bolsão d'água em via,2017-05-19,
5.0,72959,Sem bairro,2022-04-02 09:58:41+00:00,2022-04-02 10:00:45+00:00,Curto,Av. epitácio pessoa - alt. parque da catacumba,Baixo,-22.9622272,-43.19736839999999,Fechado,Bolsão d'água em via,2022-04-02,
5.0,72913,Anil,2022-04-01 23:33:42+00:00,2022-04-02 19:10:09+00:00,Curto,Estr. de jacarepaguá - alt. n° 5420 - anil - ambos sentidos,Baixo,-22.9610383,-43.3347091,Fechado,Bolsão d'água em via,2022-04-01,
5.0,72818,Caju,2022-04-01 10:03:04+00:00,2022-04-02 17:27:56+00:00,Curto,Av. brasil - alt. into - sent. rodoviária,Baixo,-22.8934145,-43.2148592,Fechado,Bolsão d'água em via,2022-04-01,
5.0,73819,Bangu,2022-04-30 08:59:53+00:00,2022-04-30 09:47:24+00:00,Curto,R. da feira - alt. rua do açudes- bangu,Baixo,-22.8802756,-43.4725686,Fechado,Bolsão d'água em via,2022-04-30,
5.0,72919,Bangu,2022-04-02 01:06:36+00:00,2022-04-02 01:08:32+00:00,Curto,"R. da feira, 540 - bangu",Baixo,-22.8801501,-43.47178419999999,Fechado,Bolsão d'água em via,2022-04-02,
5.0,73773,Bangu,2022-04-30 01:31:47+00:00,2022-04-30 06:27:34+00:00,Curto,R. da feira - alt. rua dos açudes - bangu,Baixo,-22.8802756,-43.4725686,Fechado,Bolsão d'água em via,2022-04-30,
5.0,72831,Lagoa,2022-04-01 16:07:30+00:00,2022-04-01 23:22:32+00:00,Curto,R. jardim botânico - alt. parque lage - lagoa,Medio,-22.96115668410465,-43.21117083121339,Fechado,Bolsão d'água em via,2022-04-01,
5.0,72901,Lagoa,2022-04-01 22:11:19+00:00,2022-04-04 18:48:23+00:00,Curto,Av. borges de medeiros - alt.  parque dos patins - lagoa - sent. rebouças,Medio,-22.9728162,-43.2176378,Fechado,Bolsão d'água em via,2022-04-01,
5.0,72934,Lagoa,2022-04-02 06:03:47+00:00,2022-04-02 08:32:11+00:00,Curto,Avenida borges de medeiros - alt. parque dos patins  - lagoa - sent. gávea.,Baixo,-22.9728162,-43.2176378,Fechado,Bolsão d'água em via,2022-04-02,
5.0,72813,Lagoa,2022-04-01 07:37:07+00:00,2022-04-01 09:33:53+00:00,Curto,Av. lineu de paula machado - alt. r. alexandre ferreira - lagoa,Baixo,-22.962809437142365,-43.212535545755,Fechado,Bolsão d'água em via,2022-04-01,
5.0,72789,Lagoa,2022-04-01 00:48:22+00:00,2022-04-01 02:16:28+00:00,Curto,Av. epitácio pessoa - alt. rua carvalho de azevedo - lagoa - sent. tunel rebouças,Baixo,-22.9743299,-43.20643889999999,Fechado,Bolsão d'água em via,2022-04-01,
5.0,72829,Lagoa,2022-04-01 16:01:40+00:00,2022-04-01 17:07:40+00:00,Curto,Av. borges de medeiros - alt. r. j. j. seabra - lagoa - sent. rebouças,Baixo,-22.964742262756737,-43.21554008518067,Fechado,Bolsão d'água em via,2022-04-01,
5.0,72803,Lagoa,2022-04-01 05:18:01+00:00,2022-04-01 07:32:04+00:00,Curto,Av. epitácio pessoa - alt rua vinicius de morais - lagoa,Baixo,-22.9742628,-43.2064953,Fechado,Bolsão d'água em via,2022-04-01,
5.0,72806,Lagoa,2022-04-01 06:20:06+00:00,2022-04-01 07:10:01+00:00,Curto,Av. epitácio pessoa - alt. curva do calombo - lagoa,Baixo,-22.9688237,-43.2047642,Fechado,Bolsão d'água em via,2022-04-01,
5.0,72896,Lagoa,2022-04-01 21:58:10+00:00,2022-04-02 00:35:13+00:00,Curto,"Av. borges de medeiros, alt. r. gen. tasso fragoso - lagoa",Baixo,-22.9728162,-43.2176378,Fechado,Bolsão d'água em via,2022-04-01,
5.0,73345,Lagoa,2022-04-14 20:11:00+00:00,2022-04-14 22:31:41+00:00,Curto,"Rua vinícius de moraes, alt. av. epitacio pessoa - lagoa",Baixo,-22.9863851,-43.202863,Fechado,Bolsão d'água em via,2022-04-14,
5.0,73006,Lagoa,2022-04-03 11:00:52+00:00,2022-04-04 06:07:35+00:00,Curto,Av. epitácio pessoa - alt. corte do cantagalo - sent. leblon,Baixo,-22.97681125553088,-43.1997575909546,Fechado,Bolsão d'água em via,2022-04-03,
5.0,72897,Lagoa,2022-04-01 22:00:41+00:00,2022-04-02 00:34:49+00:00,Curto,"Avenida borges de medeiros, alt. av. lineu de paula machado - lagoa",Baixo,-22.9728162,-43.2176378,Fechado,Bolsão d'água em via,2022-04-01,
5.0,73364,Maré,2022-04-14 22:22:47+00:00,2022-04-15 00:53:39+00:00,Curto,"R. tancredo neves, alt. vila olímpica  maré",Baixo,-22.8579294,-43.2398478,Fechado,Bolsão d'água em via,2022-04-14,
5.0,73344,Catete,2022-04-14 20:06:54+00:00,2022-04-14 21:46:53+00:00,Curto,"Rua do catete, alt. r. silveira martins - catete",Baixo,-22.9258769,-43.178293,Fechado,Bolsão d'água em via,2022-04-14,
5.0,72836,Catete,2022-04-01 16:40:50+00:00,2022-04-01 20:54:28+00:00,Curto,"Rua do catete, alt. r. silveira martins - catete",Baixo,-22.9308225,-43.1773649,Fechado,Bolsão d'água em via,2022-04-01,
5.0,73200,Catete,2022-04-09 02:30:29+00:00,2022-04-09 03:35:37+00:00,Curto,R. do catete - alt rua silveira martins - catete,Baixo,-22.9269656,-43.1766115,Fechado,Bolsão d'água em via,2022-04-09,
5.0,73343,Catete,2022-04-14 20:01:10+00:00,2022-04-14 21:47:39+00:00,Curto,"Rua do catete, alt. r. pedro américo- catete",Baixo,-22.9194822,-43.1760821,Fechado,Bolsão d'água em via,2022-04-14,
5.0,73352,Centro,2022-04-14 20:44:23+00:00,2022-04-14 21:11:30+00:00,Curto,"Rua do passeio, alt. lapa - centro",Baixo,-22.9123948,-43.1766811,Fechado,Bolsão d'água em via,2022-04-14,
5.0,72790,Centro,2022-04-01 01:40:58+00:00,2022-04-01 03:16:29+00:00,Curto,Av. luís de vasconcelos - alt. rua teixeira de freitas - centro,Baixo,-22.9136247,-43.1752754,Fechado,Bolsão d'água em via,2022-04-01,
5.0,73204,Centro,2022-04-09 03:13:28+00:00,2022-04-09 04:16:36+00:00,Curto,Praça da república - alt. rua vinte de abril - centro,Baixo,-22.9064863,-43.1871262,Fechado,Bolsão d'água em via,2022-04-09,
5.0,73340,Centro,2022-04-14 19:39:42+00:00,2022-04-14 22:34:54+00:00,Curto,"Av. mem de sá, alt. r. frei caneca - centro",Baixo,-22.9107613,-43.1927107,Fechado,Bolsão d'água em via,2022-04-14,
5.0,72804,Gávea,2022-04-01 05:31:16+00:00,2022-04-01 06:30:22+00:00,Curto,R. marquês de são vicente - gávea,Baixo,-22.9783392,-43.2337317,Fechado,Bolsão d'água em via,2022-04-01,
5.0,73778,Irajá,2022-04-30 05:05:58+00:00,2022-04-30 11:46:27+00:00,Curto,Av. brasil - alt. trevo das margaridas - irajá  sent. centro,Baixo,-22.8204814,-43.3204012,Fechado,Bolsão d'água em via,2022-04-30,
5.0,73855,Irajá,2022-04-30 15:33:10+00:00,2022-04-30 16:22:25+00:00,Curto,Av. brasil - alt. trevo das margaridas - irajá  sent. centro,Baixo,-22.8204814,-43.3204012,Fechado,Bolsão d'água em via,2022-04-30,
5.0,73835,Irajá,2022-04-30 10:32:30+00:00,2022-04-30 13:01:36+00:00,Curto,"Av. brasil,  alt. ceasa - irajá - ambos os sentidos",Baixo,-22.82304,-43.3279105,Fechado,Bolsão d'água em via,2022-04-30,
5.0,73762,Méier,2022-04-29 23:33:15+00:00,2022-04-30 00:03:22+00:00,Curto,R. vilela tavares - alt. rua dias da cruz  - méier,Baixo,-22.9088667,-43.2868047,Fechado,Bolsão d'água em via,2022-04-29,
5.0,72848,Tijuca,2022-04-01 17:42:27+00:00,2022-04-01 21:00:47+00:00,Curto,"Rua dr. satamini, alt. rua campos sales - tijuca",Baixo,-22.9184247,-43.2173237,Fechado,Bolsão d'água em via,2022-04-01,
5.0,73209,Tijuca,2022-04-09 06:09:25+00:00,2022-04-09 11:02:52+00:00,Curto,R. carmela dutra - tijuca,Baixo,-22.9230741,-43.2265981,Fechado,Bolsão d'água em via,2022-04-09,
5.0,72858,Tijuca,2022-04-01 18:02:37+00:00,2022-04-01 19:19:36+00:00,Curto,"Rua pereira nunes, alt. rua barão de mesquita - tijuca",Baixo,-22.9238982,-43.236432,Fechado,Bolsão d'água em via,2022-04-01,
5.0,72875,Tijuca,2022-04-01 19:50:33+00:00,2022-04-02 00:18:11+00:00,Curto,R. dr. satamini - alt. r. prof. gabizo - tijuca,Baixo,-22.9187534,-43.2181674,Fechado,Bolsão d'água em via,2022-04-01,
5.0,72807,Tijuca,2022-04-01 06:22:27+00:00,2022-04-01 07:33:16+00:00,Curto,R. dona delfina  - tijuca,Baixo,-22.9296651,-43.2407796,Fechado,Bolsão d'água em via,2022-04-01,
5.0,72859,Tijuca,2022-04-01 18:04:27+00:00,2022-04-01 19:43:53+00:00,Curto,"Av. maracnã, alt. r. dep. soares filho - tijuca",Baixo,-22.918323,-43.2319645,Fechado,Bolsão d'água em via,2022-04-01,
5.0,72814,Tijuca,2022-04-01 08:15:21+00:00,2022-04-01 10:54:31+00:00,Curto,R. vicente licínio - alt. r. campos sales - tijuca,Baixo,-22.91578692626265,-43.21842650740967,Fechado,Bolsão d'água em via,2022-04-01,
5.0,73350,Tijuca,2022-04-14 20:33:24+00:00,2022-04-14 22:35:12+00:00,Curto,"R. haddock lobo, alt. r. eng. adel - tijuca",Baixo,-22.921571,-43.2160071,Fechado,Bolsão d'água em via,2022-04-14,
5.0,72852,Tijuca,2022-04-01 17:54:21+00:00,2022-04-01 19:46:49+00:00,Curto,"Rua conde de bonfim, alt. rua uruguai - tijuca",Baixo,-22.9326318,-43.2410897,Fechado,Bolsão d'água em via,2022-04-01,
5.0,73813,Tijuca,2022-04-30 08:45:04+00:00,2022-04-30 10:16:49+00:00,Curto,R. uruguai -  alt. r. ladislau neto,Baixo,-22.9234028,-43.2452728,Fechado,Bolsão d'água em via,2022-04-30,
5.0,73360,Tijuca,2022-04-14 21:50:39+00:00,2022-04-14 22:19:38+00:00,Curto,"R. dr. satamini, alt. r. heitor beltrão - tijuca",Baixo,-22.9184846,-43.217888,Fechado,Bolsão d'água em via,2022-04-14,
5.0,72850,Tijuca,2022-04-01 17:50:55+00:00,2022-04-01 21:02:10+00:00,Curto,"Rua conde de bonfim, alt. alm. cochrane  - tijuca",Baixo,-22.9237915,-43.2285353,Fechado,Bolsão d'água em via,2022-04-01,
5.0,72847,Tijuca,2022-04-01 17:42:19+00:00,2022-04-01 19:20:32+00:00,Curto,Rua haddock lobo - alt. r. eng. adel - tijuca,Baixo,-22.9203696,-43.2166298,Fechado,Bolsão d'água em via,2022-04-01,
5.0,73201,Glória,2022-04-09 02:33:15+00:00,2022-04-09 03:36:51+00:00,Curto,R. do catete - alt. rua pedro américo - glória,Baixo,-22.9242631,-43.1767665,Fechado,Bolsão d'água em via,2022-04-09,
5.0,73311,Ipanema,2022-04-14 04:28:39+00:00,2022-04-14 05:13:37+00:00,Curto, r. vinícius de morais -al. av. epitácio pessoa -  ipanema ,Baixo,-22.9832664,-43.2027898,Fechado,Bolsão d'água em via,2022-04-14,
5.0,72996,Ipanema,2022-04-03 06:30:39+00:00,2022-04-03 08:54:28+00:00,Curto,"Av. epitácio pessoa, alt. viaduto augusto frederico schmidt - lagoa - sent. leblon",Baixo,-22.9782382,-43.1995018,Fechado,Bolsão d'água em via,2022-04-03,
5.0,73199,Ipanema,2022-04-09 02:26:51+00:00,2022-04-09 03:39:41+00:00,Curto,Av. epitácio pessoa - alt. r. vinícius de moraes - ipanema ,Baixo,-22.9832664,-43.2027898,Fechado,Bolsão d'água em via,2022-04-09,
5.0,73098,Ipanema,2022-04-06 01:42:16+00:00,2022-04-06 02:23:52+00:00,Curto,R. vinícius de moraes - alt. av. epitácio pessoa- ipanema,Baixo,-22.9832664,-43.2027898,Fechado,Bolsão d'água em via,2022-04-06,
5.0,72832,Ipanema,2022-04-01 16:28:10+00:00,2022-04-02 01:52:35+00:00,Curto,"Av. epitácio pessoa, alt. r. vinícius de moraes - ipanema",Baixo,-22.979848856102464,-43.202446477246085,Fechado,Bolsão d'água em via,2022-04-01,
5.0,72973,Piedade,2022-04-02 14:45:11+00:00,2022-04-02 16:08:03+00:00,Curto,R. goiás - piedade,Baixo,-22.8892726,-43.3105029,Fechado,Bolsão d'água em via,2022-04-02,
5.0,72969,Piedade,2022-04-02 13:35:03+00:00,2022-04-02 14:33:21+00:00,Curto,Av. dom hélder câmara - alt. r. manoel da nóbrega  - piedade,Baixo,-22.8851211,-43.3105953,Fechado,Bolsão d'água em via,2022-04-02,
5.0,73767,Sampaio,2022-04-29 23:57:58+00:00,2022-04-30 01:08:57+00:00,Curto,R. vinte e quatro de maio - alt. rua silva freire ( buraco do padre ) - sampaio,Baixo,-22.9021825,-43.2619311,Fechado,Bolsão d'água em via,2022-04-29,
5.0,73764,Andaraí,2022-04-29 23:48:03+00:00,2022-04-30 00:05:33+00:00,Curto,R. teodoro da silva - alt. rua barão de são francisco - andaraí,Baixo,-22.9184206,-43.2500594,Fechado,Bolsão d'água em via,2022-04-29,
5.0,73197,Andaraí,2022-04-09 02:20:24+00:00,2022-04-09 03:07:46+00:00,Curto,R. teodoro da silva - alt. rua alexandre calaza - andaraí,Baixo,-22.9184206,-43.2500594,Fechado,Bolsão d'água em via,2022-04-09,
5.0,72843,Botafogo,2022-04-01 17:03:24+00:00,2022-04-01 20:21:37+00:00,Curto,Praia de botafogo - alt. r. visconde de ouro preto - botafogo,Baixo,-22.9454948,-43.1821807,Fechado,Bolsão d'água em via,2022-04-01,
5.0,72837,Botafogo,2022-04-01 16:38:49+00:00,2022-04-01 19:12:59+00:00,Curto,Praia de botafogo - alt. r. alfredo gomes - botafogo,Baixo,-22.9478171,-43.1827017,Fechado,Bolsão d'água em via,2022-04-01,
5.0,73348,Botafogo,2022-04-14 20:30:18+00:00,2022-04-14 22:35:05+00:00,Curto,"Rua muniz barreto, alt. r. marques de olinda - botafogo",Baixo,-22.9437967,-43.1839729,Fechado,Bolsão d'água em via,2022-04-14,
5.0,72902,Botafogo,2022-04-01 22:24:26+00:00,2022-04-02 00:55:53+00:00,Curto,R. marquês de olinda - alt. rua muniz barreto - botafogo,Baixo,-22.9437967,-43.1839729,Fechado,Bolsão d'água em via,2022-04-01,
5.0,72840,Botafogo,2022-04-01 16:55:32+00:00,2022-04-01 21:51:11+00:00,Curto,Rua voluntários da pátria - alt. rua dona mariana - botafogo,Baixo,-22.9532597,-43.1884877,Fechado,Bolsão d'água em via,2022-04-01,
5.0,72834,Botafogo,2022-04-01 16:34:24+00:00,2022-04-01 23:26:18+00:00,Curto,"R. são clemente, 398 - botafogo",Baixo,-22.9511043,-43.1949598,Fechado,Bolsão d'água em via,2022-04-01,
5.0,72800,Botafogo,2022-04-01 03:57:49+00:00,2022-04-01 05:57:03+00:00,Curto,Praia de botafogo - alt. n° 340 - botafogo,Baixo,-22.9456367,-43.1831476,Fechado,Bolsão d'água em via,2022-04-01,
5.0,73349,Botafogo,2022-04-14 20:31:09+00:00,2022-04-14 21:21:33+00:00,Curto,"R. são clemente, 226 - botafogo",Baixo,-22.9493961,-43.1900215,Fechado,Bolsão d'água em via,2022-04-14,
5.0,72835,Botafogo,2022-04-01 16:37:26+00:00,2022-04-02 01:01:14+00:00,Curto,"R. são clemente, 226 - botafogo",Medio,-22.9493961,-43.1900215,Fechado,Bolsão d'água em via,2022-04-01,
5.0,72841,Botafogo,2022-04-01 16:58:25+00:00,2022-04-01 19:15:34+00:00,Curto,Praia de botafogo - alt. r. são clemente - botafogo - sent. copacabana,Baixo,-22.9454948,-43.1821807,Fechado,Bolsão d'água em via,2022-04-01,
5.0,73341,Curicica,2022-04-14 19:50:15+00:00,2022-04-14 21:47:00+00:00,Curto,"Rua da reverência, alt. ciep - curicica",Baixo,-22.9574839,-43.3906536,Fechado,Bolsão d'água em via,2022-04-14,
5.0,72870,Curicica,2022-04-01 19:27:44+00:00,2022-04-02 08:59:18+00:00,Curto,Rua da ventura - n° 173 - curicica,Baixo,-22.9557361,-43.3917917,Fechado,Bolsão d'água em via,2022-04-01,
5.0,72833,Humaitá,2022-04-01 16:32:09+00:00,2022-04-01 19:11:03+00:00,Curto,Rua humaitá - alt. r. macedo sobrinho - humaitá,Baixo,-22.9576862576538,-43.19908601296692,Fechado,Bolsão d'água em via,2022-04-01,
5.0,72907,Realengo,2022-04-01 22:56:33+00:00,2022-04-02 02:03:24+00:00,Curto,"Av. brasil, alt. realengo - ambos os sentidos",Baixo,-22.8631729,-43.4389105,Fechado,Bolsão d'água em via,2022-04-01,
5.0,72940,Sepetiba,2022-04-02 07:58:31+00:00,2022-04-04 11:51:28+00:00,Curto,"Estr. do piaí, 2940 - sepetiba",Baixo,-22.9780912,-43.67765470000001,Fechado,Bolsão d'água em via,2022-04-02,
5.0,73780,Cascadura,2022-04-30 05:40:21+00:00,2022-04-30 09:16:29+00:00,Curto,Av. ernani cardoso - alt. rua padre telemaco  - cascadura,Baixo,-22.8824192,-43.3354398,Fechado,Bolsão d'água em via,2022-04-30,
5.0,72785,Cascadura,2022-04-01 00:00:38+00:00,2022-04-01 00:44:03+00:00,Curto,Av. dom hélder câmara - alt. n° 9653 - cascadura - sent. abolição,Baixo,-22.8836347,-43.3203723,Fechado,Bolsão d'água em via,2022-04-01,
5.0,72975,Cascadura,2022-04-02 15:08:47+00:00,2022-04-02 15:56:52+00:00,Curto,Rua sidonio paes - cascadura,Baixo,-22.8784665,-43.3255317,Fechado,Bolsão d'água em via,2022-04-02,
5.0,73777,Inhoaíba,2022-04-30 05:00:32+00:00,2022-04-30 11:42:45+00:00,Curto,Av. cesário de melo - alt. r. moranga - inhoaiba - sent. paciencia.,Baixo,-22.9130779,-43.5837004,Fechado,Bolsão d'água em via,2022-04-30,
5.0,72905,Inhoaíba,2022-04-01 22:36:44+00:00,2022-04-02 00:54:21+00:00,Curto,Av. cesário de melo - alt. rua morango - inhoaíba,Baixo,-22.9144723,-43.6009664,Fechado,Bolsão d'água em via,2022-04-01,
5.0,73771,Inhoaíba,2022-04-30 00:55:07+00:00,2022-04-30 03:09:59+00:00,Curto,Av. cesário de melo - alt. cemitério de campo grande - inhoaíba,Baixo,-22.9121472,-43.5930144,Fechado,Bolsão d'água em via,2022-04-30,
5.0,73782,Inhoaíba,2022-04-30 06:29:53+00:00,2022-04-30 12:49:39+00:00,Curto,Av. cesário de melo - alt rua aurélio de figueiredo,Baixo,-22.9143229,-43.6019568,Fechado,Bolsão d'água em via,2022-04-30,
5.0,73787,Inhoaíba,2022-04-30 07:02:38+00:00,2022-04-30 11:39:36+00:00,Curto,Av. cesário de melo - alt. estação brt julia miguel,Baixo,-22.9145304,-43.6007721,Fechado,Bolsão d'água em via,2022-04-30,
5.0,73816,Inhoaíba,2022-04-30 08:52:16+00:00,2022-04-30 13:16:27+00:00,Curto,Estr. do campinho - alt. av. brasil,Baixo,-22.8901842,-43.5954023,Fechado,Bolsão d'água em via,2022-04-30,
5.0,73307,Inhoaíba,2022-04-14 02:23:41+00:00,2022-04-14 03:49:34+00:00,Curto,Av. cesário de melo - alt. rua morango - inhoaíba - sent. santa cruz.,Baixo,-22.9144847,-43.6030859,Fechado,Bolsão d'água em via,2022-04-14,
5.0,73783,Inhoaíba,2022-04-30 06:45:33+00:00,2022-04-30 09:13:27+00:00,Curto,Av. cesário de melo - alt. estrada do monteiro.,Baixo,-22.9143229,-43.6019568,Fechado,Bolsão d'água em via,2022-04-30,
5.0,73786,Inhoaíba,2022-04-30 06:59:09+00:00,2022-04-30 11:40:25+00:00,Curto,Av. cesário de melo - alt. estação brt são paulo - inhoaíba,Baixo,-22.9143665,-43.6024444,Fechado,Bolsão d'água em via,2022-04-30,
5.0,72895,Inhoaíba,2022-04-01 21:45:56+00:00,2022-04-02 00:35:02+00:00,Curto,"R. augusto alves moreira, 1400 - inhoaíba",Baixo,-22.9143564,-43.6024511,Fechado,Bolsão d'água em via,2022-04-01,
5.0,73339,Madureira,2022-04-14 19:13:35+00:00,2022-04-15 01:00:52+00:00,Curto,"Av. edgard romero, alt. r. conselheiro galvão - madureira - sent. vaz lobo",Baixo,-22.8668979,-43.3345276,Fechado,Bolsão d'água em via,2022-04-14,
5.0,73806,Madureira,2022-04-30 08:16:53+00:00,2022-04-30 09:40:15+00:00,Curto,Rua maria josé - madureira,Baixo,-22.8801599,-43.3467858,Fechado,Bolsão d'água em via,2022-04-30,
5.0,72817,Madureira,2022-04-01 09:22:56+00:00,2022-04-01 11:32:49+00:00,Curto,Praça das mães - madureira,Baixo,-22.8725334,-43.33636389999999,Fechado,Bolsão d'água em via,2022-04-01,
5.0,73205,Maracanã,2022-04-09 03:30:00+00:00,2022-04-09 03:34:10+00:00,Curto,R. conselheiro olegário - maracanã,Baixo,-22.9134083,-43.2334695,Fechado,Bolsão d'água em via,2022-04-09,
5.0,73353,Maracanã,2022-04-14 20:48:58+00:00,2022-04-14 21:47:17+00:00,Curto,"R. ibituruna, alt. morais e silva 12 - maracanã",Baixo,-22.9120148,-43.2219162,Fechado,Bolsão d'água em via,2022-04-14,
5.0,72877,Maracanã,2022-04-01 20:02:41+00:00,2022-04-01 21:55:27+00:00,Curto,"Rua prof. eurico rabelo, em toda extensão - maracanã",Baixo,-22.9139582,-43.2311104,Fechado,Bolsão d'água em via,2022-04-01,
5.0,72862,Maracanã,2022-04-01 18:16:13+00:00,2022-04-01 21:06:28+00:00,Curto,Av. maracanã - alt. r. prof. euríco rabêlo - maracanã,Medio,-22.9152552,-43.2288072,Fechado,Bolsão d'água em via,2022-04-01,
5.0,72856,Maracanã,2022-04-01 18:00:32+00:00,2022-04-01 20:55:59+00:00,Curto,"Av. maracanã, alt. rua mata machado - maracanã",Baixo,-22.9127002,-43.22639789999999,Fechado,Bolsão d'água em via,2022-04-01,
5.0,72970,Abolição,2022-04-02 13:52:13+00:00,2022-04-02 14:31:37+00:00,Curto,Av. dom hélder câmara - alt. rua da abolição - abolição,Medio,-22.8852722,-43.2992598,Fechado,Bolsão d'água em via,2022-04-02,
5.0,73812,Bancários,2022-04-30 08:40:58+00:00,2022-04-30 15:17:28+00:00,Curto,Rua ilha fiscal - bancários,Baixo,-22.7887836,-43.1832662,Fechado,Bolsão d'água em via,2022-04-30,
5.0,73825,Bonsucesso,2022-04-30 09:17:43+00:00,2022-04-30 11:39:02+00:00,Curto,R. adail - bonsucesso,Baixo,-22.8603842,-43.2549155,Fechado,Bolsão d'água em via,2022-04-30,
5.0,73823,Bonsucesso,2022-04-30 09:09:45+00:00,2022-04-30 11:15:42+00:00,Curto,"R. barros barreto, 59 - bonsucesso",Baixo,-22.8592177,-43.2546823,Fechado,Bolsão d'água em via,2022-04-30,
5.0,73824,Bonsucesso,2022-04-30 09:14:10+00:00,2022-04-30 12:46:12+00:00,Curto,Av. teixeira de castro - teixeira de castro,Baixo,-22.8552504,-43.252104,Fechado,Bolsão d'água em via,2022-04-30,
5.0,72787,Bonsucesso,2022-04-01 00:05:28+00:00,2022-04-01 01:50:27+00:00,Curto,Av. itaóca - alt. escola municipal afonso varzea - bonsucesso,Baixo,-22.8688193,-43.2674209,Fechado,Bolsão d'água em via,2022-04-01,
5.0,73820,Cavalcante,2022-04-30 09:00:49+00:00,2022-04-30 10:06:50+00:00,Curto,R. herculano penaalt. pam de cavalcante - cavalcante,Baixo,-22.8729964,-43.3132995,Fechado,Bolsão d'água em via,2022-04-30,
5.0,72838,Copacabana,2022-04-01 16:44:46+00:00,2022-04-02 00:52:44+00:00,Curto,R. tonelero - alt. r. siqueira campos - copacabana,Baixo,-22.96715143584992,-43.18620305966339,Fechado,Bolsão d'água em via,2022-04-01,
5.0,73203,Copacabana,2022-04-09 02:42:10+00:00,2022-04-09 03:12:24+00:00,Curto,R. tonelero - alt. rua siqueira campos - copacabana,Baixo,-22.9666427,-43.1852321,Fechado,Bolsão d'água em via,2022-04-09,
5.0,73357,Copacabana,2022-04-14 21:00:48+00:00,2022-04-14 21:24:54+00:00,Curto,"Rua siqueira campos, alt. r. tonelero - copacabana",Baixo,-22.9664282,-43.1870582,Fechado,Bolsão d'água em via,2022-04-14,
5.0,72937,Itanhangá,2022-04-02 07:10:34+00:00,2022-04-02 15:37:38+00:00,Curto,Estrada da barra da tijuca -  golf club - itanhangá,Baixo,-22.9959852,-43.3042892,Fechado,Bolsão d'água em via,2022-04-02,
5.0,72860,Itanhangá,2022-04-01 18:05:25+00:00,2022-04-02 17:28:35+00:00,Curto,R. dom rosalvo costa rêgo - alt. r. eng. fonseca costa - itanhangá,Baixo,-22.9923315,-43.3027801,Fechado,Bolsão d'água em via,2022-04-01,
5.0,72797,Itanhangá,2022-04-01 03:30:37+00:00,2022-04-04 16:31:53+00:00,Medio,Av. engenheiro souza filho - muzema,Baixo,-22.9786046,-43.3336748,Fechado,Bolsão d'água em via,2022-04-01,
5.0,72910,Itanhangá,2022-04-01 23:29:32+00:00,2022-04-02 02:26:39+00:00,Curto,Largo do 48 - muzema- itanhangá,Baixo,-22.9848702,-43.3306457,Fechado,Bolsão d'água em via,2022-04-01,
5.0,73246,Itanhangá,2022-04-11 12:08:59+00:00,2022-04-13 19:12:56+00:00,Curto,"Av. eng. souza filho, 555 - itanhangá - sent. barra",Baixo,-22.9889688,-43.3232225,Fechado,Bolsão d'água em via,2022-04-11,
5.0,73372,Itanhangá,2022-04-15 00:12:47+00:00,2022-04-15 13:52:11+00:00,Curto,Av. engenheiro souza filho - muzema - em ambos os sentidos,Baixo,-22.978626,-43.3336711,Fechado,Bolsão d'água em via,2022-04-15,
5.0,72977,Itanhangá,2022-04-02 16:16:23+00:00,2022-04-02 16:17:03+00:00,Curto,"Estr. de itajuru, 744 - itanhangá",Baixo,-22.9898268,-43.2979168,Fechado,Bolsão d'água em via,2022-04-02,
5.0,73207,Manguinhos,2022-04-09 04:03:54+00:00,2022-04-09 06:13:10+00:00,Curto,Av. brasil - alt. passarela 06 - manguinhos - sent. z. oeste.,Baixo,-22.8790547,-43.2401616,Fechado,Bolsão d'água em via,2022-04-09,
5.0,73789,Paciência,2022-04-30 07:09:59+00:00,2022-04-30 13:08:42+00:00,Curto,Av. cesário de melo - alt. nº 9930 - paciência,Baixo,-22.915713,-43.625483,Fechado,Bolsão d'água em via,2022-04-30,
5.0,72951,Santa cruz,2022-04-02 08:56:15+00:00,2022-04-02 16:40:32+00:00,Curto,"Estr. da pedra, alt. brt santa veridiana - santa cruz - ambos os sentidos",Baixo,-22.94048,-43.66514,Fechado,Bolsão d'água em via,2022-04-02,
5.0,72971,Santa cruz,2022-04-02 14:25:50+00:00,2022-04-03 08:25:48+00:00,Curto,R. nelson xavier - santa cruz,Baixo,-22.9068175,-43.67232,Fechado,Bolsão d'água em via,2022-04-02,
5.0,72867,Cidade nova,2022-04-01 18:44:08+00:00,2022-04-01 21:54:11+00:00,Curto,"Av. pres. vargas, alt. cidade novas, sent. bicalho - cidade nova",Baixo,-22.9098965,-43.207238,Fechado,Bolsão d'água em via,2022-04-01,
5.0,72788,Cidade nova,2022-04-01 00:27:23+00:00,2022-04-01 02:32:27+00:00,Curto,Av. pres. vargas - alt. cass - cidade nova - sent. av. francisco bicalho.,Alto,-22.9090779,-43.2045086,Fechado,Bolsão d'água em via,2022-04-01,
5.0,73202,Cidade nova,2022-04-09 02:36:00+00:00,2022-04-09 08:19:54+00:00,Curto,Av. presidente vargas alt. cass - cidade nova - sent. av. francisco bicalho.,Baixo,-22.9097464,-43.2065385,Fechado,Bolsão d'água em via,2022-04-09,
5.0,73805,Mal. hermes,2022-04-30 08:09:54+00:00,2022-04-30 12:01:43+00:00,Curto,R. joão vicente - alt. rio luz - mal. hermes,Baixo,-22.8592294,-43.3744956,Fechado,Bolsão d'água em via,2022-04-30,
5.0,73794,Praça seca,2022-04-30 07:22:53+00:00,2022-04-30 12:03:13+00:00,Curto,R. cândido benício - alt. estação brt  capitão menezes,Baixo,-22.8931085,-43.3482981,Fechado,Bolsão d'água em via,2022-04-30,
5.0,73807,Praça seca,2022-04-30 08:20:05+00:00,2022-04-30 12:02:14+00:00,Curto,Travessa antonina - alt. rua marangá - praça seca,Baixo,-22.8995967,-43.3456894,Fechado,Bolsão d'água em via,2022-04-30,
5.0,73802,Praça seca,2022-04-30 08:03:37+00:00,2022-04-30 12:02:26+00:00,Curto,R. cândido benício  - alt nº 1551 - praça seca,Baixo,-22.8956806,-43.3502491,Fechado,Bolsão d'água em via,2022-04-30,
5.0,73808,Praça seca,2022-04-30 08:22:28+00:00,2022-04-30 12:01:39+00:00,Curto,Rua pinto teles -  praça seca,Baixo,-22.8869734,-43.3499161,Fechado,Bolsão d'água em via,2022-04-30,
5.0,73792,Praça seca,2022-04-30 07:16:54+00:00,2022-04-30 11:39:59+00:00,Curto,Rua cándido benicio -alt. estação brt ipase - praça seca,Baixo,-22.9046653,-43.3567672,Fechado,Bolsão d'água em via,2022-04-30,
5.0,73791,Praça seca,2022-04-30 07:15:22+00:00,2022-04-30 10:22:03+00:00,Curto,R. cândido benício - alt. n° 766 - praça seca,Baixo,-22.8893068,-43.3466538,Fechado,Bolsão d'água em via,2022-04-30,
5.0,73803,Praça seca,2022-04-30 08:08:21+00:00,2022-04-30 12:02:45+00:00,Curto,R. dr. bernardino - alt. 40 - praça seca,Baixo,-22.8954933,-43.3497188,Fechado,Bolsão d'água em via,2022-04-30,
5.0,73198,Vila isabel,2022-04-09 02:22:31+00:00,2022-04-09 03:05:16+00:00,Curto,Boulevard 28 de setembro - alt. rua felipe camarão - vila isabel,Baixo,-22.9152067,-43.2425792,Fechado,Bolsão d'água em via,2022-04-09,
5.0,73194,Vila isabel,2022-04-09 02:08:20+00:00,2022-04-09 03:10:40+00:00,Curto,R. visc. de santa isabel - alt. rua alexandre calaza  - vila isabel,Baixo,-22.9170305,-43.2606692,Fechado,Bolsão d'água em via,2022-04-09,
5.0,73769,Vila isabel,2022-04-30 00:11:24+00:00,2022-04-30 00:51:48+00:00,Curto,Boulevard 28 de setembro - alt. rua felipe camarão - vila isabel,Baixo,-22.9152067,-43.2425792,Fechado,Bolsão d'água em via,2022-04-30,
5.0,73196,Vila isabel,2022-04-09 02:17:54+00:00,2022-04-09 03:08:49+00:00,Curto,R. visc. de santa isabel - alt. rua barão de são francisco - vila isabel,Baixo,-22.9170305,-43.2606692,Fechado,Bolsão d'água em via,2022-04-09,
5.0,73770,Vila isabel,2022-04-30 00:13:27+00:00,2022-04-30 02:19:41+00:00,Curto,R. visc. de santa izabel - alt. rua barão de são francisco - vila isabel,Baixo,-22.9171489,-43.260678,Fechado,Bolsão d'água em via,2022-04-30,
5.0,73765,Vila isabel,2022-04-29 23:50:59+00:00,2022-04-30 00:06:17+00:00,Curto,Boulevard 28 de setembro - alt. praça barão de drumond - vila isabel,Baixo,-22.9152067,-43.2425792,Fechado,Bolsão d'água em via,2022-04-29,
5.0,73195,Vila isabel,2022-04-09 02:15:09+00:00,2022-04-09 03:09:45+00:00,Curto,R. visc. de santa isabel - alt. rua barão do bom retiro - vila isabel,Baixo,-22.9170305,-43.2606692,Fechado,Bolsão d'água em via,2022-04-09,
5.0,73766,Vila isabel,2022-04-29 23:54:02+00:00,2022-04-30 00:47:33+00:00,Curto,Boulevard 28 de setembro - alt. rua felipe camarão - vila isabel,Baixo,-22.9152067,-43.2425792,Fechado,Bolsão d'água em via,2022-04-29,
5.0,72890,Campo grande,2022-04-01 21:12:25+00:00,2022-04-01 21:42:02+00:00,Curto,Av. cesário de melo - frente cemitério de campo grande - campo grande,Baixo,-22.9067806,-43.5735353,Fechado,Bolsão d'água em via,2022-04-01,
5.0,73801,Campo grande,2022-04-30 07:55:15+00:00,2022-04-30 11:36:31+00:00,Curto,"R. gramado, - alt. nº1045 - campo grande",Baixo,-22.9044667,-43.569788,Fechado,Bolsão d'água em via,2022-04-30,
5.0,73788,Campo grande,2022-04-30 07:06:32+00:00,2022-04-30 11:42:27+00:00,Curto,Av. cesário de melo -alt. estação brt prefeito alim pedro - campo grande,Baixo,-22.9076961,-43.5640913,Fechado,Bolsão d'água em via,2022-04-30,
5.0,73785,Campo grande,2022-04-30 06:55:44+00:00,2022-04-30 11:42:04+00:00,Curto,R. gramado - alt. n° 1045 - campo grande,Baixo,-22.9044667,-43.569788,Fechado,Bolsão d'água em via,2022-04-30,
5.0,73342,Jacarepaguá,2022-04-14 19:55:46+00:00,2022-04-14 21:37:37+00:00,Curto,"Rua antônio cordeiro, 126 - jacarepaguá",Baixo,-22.941567,-43.33833,Fechado,Bolsão d'água em via,2022-04-14,
5.0,72906,Jacarepaguá,2022-04-01 22:43:07+00:00,2022-04-02 06:43:10+00:00,Curto,R. antônio cordeiro - alt. n° 201 - jacarepaguá,Baixo,-22.9419537,-43.3378228,Fechado,Bolsão d'água em via,2022-04-01,
5.0,72912,Jacarepaguá,2022-04-01 23:31:29+00:00,2022-04-02 18:35:40+00:00,Curto,Estr. de jacarepaguá - frente água viva - jacarepaguá,Baixo,-22.9633255,-43.3350005,Fechado,Bolsão d'água em via,2022-04-01,
5.0,73382,Jacarepaguá,2022-04-15 07:15:03+00:00,2022-04-15 10:14:27+00:00,Curto,"Av. ayrton senna, 3437 - jacarepaguá - sent. orla",Baixo,-22.9803001,-43.3667214,Fechado,Bolsão d'água em via,2022-04-15,
5.0,73101,São conrado,2022-04-06 03:32:58+00:00,2022-04-06 11:02:28+00:00,Curto,R. gen. olímpio mourão filho - são conrado,Baixo,-22.992905,-43.2540285,Fechado,Bolsão d'água em via,2022-04-06,
5.0,72826,São conrado,2022-04-01 15:32:40+00:00,2022-04-01 23:23:48+00:00,Curto,Autoestrada eng. fernando mac dowell - são conrado,Baixo,-22.9972625,-43.262872,Fechado,Bolsão d'água em via,2022-04-01,
5.0,72801,São conrado,2022-04-01 04:39:15+00:00,2022-04-01 06:17:11+00:00,Curto,Estr. da gávea - alt. golf club - são conrado - sent. gávea,Alto,-22.9965695,-43.2596527,Fechado,Bolsão d'água em via,2022-04-01,
5.0,72846,São conrado,2022-04-01 17:31:58+00:00,2022-04-01 19:19:28+00:00,Curto,"Estrada da gávea, alt da rocinha - sent. são conrado - são conrado",Baixo,-22.9974857,-43.26464130000001,Fechado,Bolsão d'água em via,2022-04-01,
5.0,72828,São conrado,2022-04-01 15:57:30+00:00,2022-04-01 20:52:34+00:00,Curto,Estr. fernando macdowell - alt. saída túnel zuzu angel - são conrado - sent. barra,Baixo,-22.992511990224184,-43.25183202769471,Fechado,Bolsão d'água em via,2022-04-01,
5.0,72827,São conrado,2022-04-01 15:37:39+00:00,2022-04-01 16:35:38+00:00,Curto,Estr. da gávea - alt. rocinha - sent. são conrado,Baixo,-22.992486744141228,-43.25367100926208,Fechado,Bolsão d'água em via,2022-04-01,
5.0,73831,Vila militar,2022-04-30 10:10:54+00:00,2022-04-30 11:55:09+00:00,Curto,Estr. são pedro de alcântara - alt. estação brt vila militar,Baixo,-22.8641047,-43.4054105,Fechado,Bolsão d'água em via,2022-04-30,
5.0,73781,Brás de pina,2022-04-30 05:49:28+00:00,2022-04-30 09:15:25+00:00,Curto,Av. brasil - alt. rua filomena nunes - penha - sent. centro.,Baixo,-22.8248404,-43.2768624,Fechado,Bolsão d'água em via,2022-04-30,
5.0,72918,Jardim sulacap,2022-04-02 01:04:09+00:00,2022-04-02 01:05:49+00:00,Curto,"Estr. do catonho, 977 - jardim sulacap",Baixo,-22.898978,-43.3891283,Fechado,Bolsão d'água em via,2022-04-02,
5.0,73381,Jardim sulacap,2022-04-15 06:44:56+00:00,2022-04-15 16:07:15+00:00,Curto,"Av. albérico diniz, 1273 - jardim sulacap - sent. realengo",Baixo,-22.8875941,-43.3889252,Fechado,Bolsão d'água em via,2022-04-15,
5.0,72960,Vargem pequena,2022-04-02 10:04:33+00:00,2022-04-04 11:55:36+00:00,Curto,Rua josé duarte - alt. r. paulo roberto matheus - vargem pequena,Baixo,-22.9871331,-43.4681097,Fechado,Bolsão d'água em via,2022-04-02,
5.0,73815,Vigário geral,2022-04-30 08:50:52+00:00,2022-04-30 11:12:49+00:00,Curto,Rua bulhões marcial - vigário geral,Baixo,-22.802333,-43.3059526,Fechado,Bolsão d'água em via,2022-04-30,
5.0,72891,Vila valqueire,2022-04-01 21:16:11+00:00,2022-04-01 21:40:43+00:00,Curto,Avenida jambeiro - vila valqueire,Baixo,-22.8818049,-43.3709069,Fechado,Bolsão d'água em via,2022-04-01,
5.0,73838,Vila valqueire,2022-04-30 10:54:45+00:00,2022-04-30 11:28:47+00:00,Curto,R. dos jasmins - alt. 41 - vila valqueire,Baixo,-22.8793123,-43.3659942,Fechado,Bolsão d'água em via,2022-04-30,
5.0,73346,Vila valqueire,2022-04-14 20:21:55+00:00,2022-04-14 21:11:49+00:00,Curto,"Rua das camélias, alt. r. das dálias - vila valqueire",Baixo,-22.8806759,-43.3667272,Fechado,Bolsão d'água em via,2022-04-14,
5.0,73347,Vila valqueire,2022-04-14 20:24:57+00:00,2022-04-14 22:51:58+00:00,Curto,"Rua das tulípas, alt. praça saiqui - vila valqueire",Baixo,-22.8848879,-43.3653486,Fechado,Bolsão d'água em via,2022-04-14,
5.0,73361,Vila valqueire,2022-04-14 21:53:11+00:00,2022-04-14 22:52:09+00:00,Curto,"Rua quiririm, alt. r. luiz beltrão - vila valqueire",Baixo,-22.8847887,-43.3564477,Fechado,Bolsão d'água em via,2022-04-14,
5.0,72888,Vila valqueire,2022-04-01 21:08:22+00:00,2022-04-01 21:42:38+00:00,Curto,Praça valqueire - vila valqueire,Baixo,-22.8780114,-43.3631093,Fechado,Bolsão d'água em via,2022-04-01,
5.0,72894,Vila valqueire,2022-04-01 21:40:54+00:00,2022-04-02 09:39:47+00:00,Curto,R. das dálias - vila valqueire,Baixo,-22.8803901,-43.3655751,Fechado,Bolsão d'água em via,2022-04-01,
5.0,73784,Vila valqueire,2022-04-30 06:51:20+00:00,2022-04-30 12:03:40+00:00,Curto,Av. jambeiro - vila valqueire,Baixo,-22.8820656,-43.3710414,Fechado,Bolsão d'água em via,2022-04-30,
5.0,72929,Barra da tijuca,2022-04-02 03:38:43+00:00,2022-04-02 13:01:56+00:00,Curto,Av. armando lombardi - alt. estação brt jardim oceãnico - barra da tijuca,Baixo,-23.0066805,-43.3109026,Fechado,Bolsão d'água em via,2022-04-02,
5.0,72845,Barra da tijuca,2022-04-01 17:28:37+00:00,2022-04-01 20:23:25+00:00,Curto,"Av. das américas, alt. downtown - sent. zona sul  - barra da tijuca",Baixo,-23.0050483,-43.3210901,Fechado,Bolsão d'água em via,2022-04-01,
5.0,73102,Barra da tijuca,2022-04-06 03:49:38+00:00,2022-04-06 07:17:40+00:00,Curto,Av. armando lombardi - alt. estação brt jardim oceânico - barra da tijuca - sent. av. das américas,Baixo,-23.0066958,-43.310663,Fechado,Bolsão d'água em via,2022-04-06,
5.0,73383,Barra da tijuca,2022-04-15 08:05:42+00:00,2022-04-15 09:59:56+00:00,Curto,Av. ayrton senna - alt. cond. alfabarra - barra - sent. orla,Baixo,-22.9860018,-43.3654065,Fechado,Bolsão d'água em via,2022-04-15,
5.0,72885,Barra da tijuca,2022-04-01 21:02:36+00:00,2022-04-02 01:26:50+00:00,Curto,Av. ayrton senna - alt. senac - barra da tijuca - ambos sentidos,Baixo,-22.9829359,-43.365378,Fechado,Bolsão d'água em via,2022-04-01,
5.0,73192,Barra da tijuca,2022-04-09 01:54:00+00:00,2022-04-09 04:17:27+00:00,Curto,Av. armando lombardi - alt. barra point - barra da tijuca - sent. recreio,Baixo,-23.0068307,-43.3107119,Fechado,Bolsão d'água em via,2022-04-09,
5.0,73309,Barra da tijuca,2022-04-14 03:42:22+00:00,2022-04-14 05:15:13+00:00,Curto,Av. ayrton senna - alt. ponte santos dumont - barra da tijuca - sent. orla ,Baixo,-22.9829359,-43.365378,Fechado,Bolsão d'água em via,2022-04-14,
5.0,72796,Barra da tijuca,2022-04-01 03:04:19+00:00,2022-04-01 03:18:03+00:00,Curto,R. pedro lago - alt. av armando lombardi - barra da tijuca,Baixo,-23.0083231,-43.3094964,Fechado,Bolsão d'água em via,2022-04-01,
5.0,72839,Barra da tijuca,2022-04-01 16:46:25+00:00,2022-04-01 20:58:17+00:00,Curto,"Av. armando lombardi, alt. barra point - barra da tijuca",Baixo,-23.0071335,-43.3085453,Fechado,Bolsão d'água em via,2022-04-01,
5.0,72844,Barra da tijuca,2022-04-01 17:09:40+00:00,2022-04-01 19:17:21+00:00,Curto,"Av. min. ivan lins, 600 - barra da tijuca - sent. são conrado",Baixo,-23.01214709777918,-43.2994790984253,Fechado,Bolsão d'água em via,2022-04-01,
5.0,72927,Barra da tijuca,2022-04-02 03:30:39+00:00,2022-04-02 05:36:53+00:00,Curto,Av. armando lombardi - alt. barra point - barra da tijuca - sent. recreio,Baixo,-23.0066958,-43.310663,Fechado,Bolsão d'água em via,2022-04-02,
5.0,72802,Barra da tijuca,2022-04-01 04:51:47+00:00,2022-04-01 05:58:19+00:00,Curto,Av. armando lombardi - alt. estação brt jardim oceanico - barra da tijuca - sent. são conrado.,Baixo,-23.0066958,-43.310663,Fechado,Bolsão d'água em via,2022-04-01,
5.0,73308,Barra da tijuca,2022-04-14 03:25:23+00:00,2022-04-14 05:52:41+00:00,Curto,Av. armando lombardi - alt. estação brt jardim oceanico  - barra da tijuca - sent. recreio.,Baixo,-23.0066958,-43.310663,Fechado,Bolsão d'água em via,2022-04-14,
5.0,72892,Barra da tijuca,2022-04-01 21:19:10+00:00,2022-04-01 23:48:42+00:00,Curto,Ponte santos dumont - barra da tijuca - ambos sentidos,Baixo,-22.9703193,-43.3618861,Fechado,Bolsão d'água em via,2022-04-01,
5.0,73097,Barra da tijuca,2022-04-06 01:11:59+00:00,2022-04-06 04:57:41+00:00,Curto,Av. armando lombardi - alt. estação brt jardim oceânico - barra da tijuca - sent. são conrado,Baixo,-23.0066958,-43.310663,Fechado,Bolsão d'água em via,2022-04-06,
5.0,72978,Barra da tijuca,2022-04-02 16:26:59+00:00,2022-04-02 17:24:06+00:00,Curto,Av. ayrton senna - alt. shopping uptown - barra - ambos os sentidos,Baixo,-22.9645642,-43.3547203,Fechado,Bolsão d'água em via,2022-04-02,
5.0,72928,Barra da tijuca,2022-04-02 03:33:10+00:00,2022-04-02 13:02:06+00:00,Curto,Av. armando lombardi - alt. estação brt jardim oceãnico - barra da tijuca - sent. recreio,Baixo,-23.0066958,-43.310663,Fechado,Bolsão d'água em via,2022-04-02,
5.0,72942,Barra da tijuca,2022-04-02 08:15:42+00:00,2022-04-02 09:55:42+00:00,Curto,"Av. armando lombardi, 205 - barra da tijuca",Baixo,-23.0078572,-43.3070394,Fechado,Bolsão d'água em via,2022-04-02,
5.0,72965,Barra guaratiba,2022-04-02 11:06:59+00:00,2022-04-02 18:30:23+00:00,Curto,"Estr. roberto burle marx, 2117 - barra guaratiba",Baixo,-23.024634,-43.54958999999999,Fechado,Bolsão d'água em via,2022-04-02,
5.0,73828,Parada de lucas,2022-04-30 09:55:22+00:00,2022-04-30 13:02:37+00:00,Curto,Av. brasil - alt. parada de lucas - sent. centro ,Baixo,-22.8143679,-43.2972745,Fechado,Bolsão d'água em via,2022-04-30,
5.0,72886,Todos os santos,2022-04-01 21:04:50+00:00,2022-04-02 02:28:05+00:00,Curto,R. getúlio - alt. rua salvador pires - todos os santos,Baixo,-22.893094,-43.2788958,Fechado,Bolsão d'água em via,2022-04-01,
5.0,72830,Jardim botânico,2022-04-01 16:04:35+00:00,2022-04-01 19:23:16+00:00,Curto,Rua jardim botânico - alt. rua pacheco leão - jardim botanico,Baixo,-22.9664071352087,-43.2194058253174,Fechado,Bolsão d'água em via,2022-04-01,
5.0,72872,Jardim botânico,2022-04-01 19:34:55+00:00,2022-04-02 06:54:02+00:00,Curto,"R. jardim botânico, alt. prof. saldanha - jardim botânico",Baixo,-22.9603817,-43.2050687,Fechado,Bolsão d'água em via,2022-04-01,
5.0,72869,Jardim botânico,2022-04-01 19:23:23+00:00,2022-04-01 23:53:24+00:00,Curto,"Rua jardim botânico, altura parque laje - jardim botânico",Baixo,-22.9642239,-43.2174748,Fechado,Bolsão d'água em via,2022-04-01,
5.0,73822,Sen. vasconcelos,2022-04-30 09:06:36+00:00,2022-04-30 13:01:56+00:00,Curto,R. irapuru - sen. vasconcelos,Baixo,-22.8907962,-43.5182268,Fechado,Bolsão d'água em via,2022-04-30,
5.0,72794,São cristóvão,2022-04-01 02:08:56+00:00,2022-04-01 03:29:36+00:00,Curto,Rua bela  - são cristóvão,Alto,-22.8895567,-43.2238795,Fechado,Bolsão d'água em via,2022-04-01,
5.0,73827,São cristóvão,2022-04-30 09:42:34+00:00,2022-04-30 11:28:02+00:00,Curto,Rua general bruce - são cristóvão,Baixo,-22.895311747730208,-43.22212236931153,Fechado,Bolsão d'água em via,2022-04-30,
5.0,73206,São cristóvão,2022-04-09 04:01:16+00:00,2022-04-09 06:13:37+00:00,Curto,Av. brasil - alt. passarela 05 - são cristóvão - sent. z. oeste,Baixo,-22.8886008,-43.2232064,Fechado,Bolsão d'água em via,2022-04-09,
5.0,73354,Praca da bandeira,2022-04-14 20:55:12+00:00,2022-04-14 22:40:54+00:00,Curto,"R. do matoso, alt.  travessa dr. araújo - praca da bandeira",Baixo,-22.91402,-43.2128488,Fechado,Bolsão d'água em via,2022-04-14,
5.0,72855,Praca da bandeira,2022-04-01 17:58:45+00:00,2022-04-01 21:52:04+00:00,Curto,R. mariz e barros - alt. r. felisberto de menezes - praca da bandeira,Baixo,-22.9125986,-43.2160861,Fechado,Bolsão d'água em via,2022-04-01,
5.0,73821,Quintino bocaiuva,2022-04-30 09:03:32+00:00,2022-04-30 11:31:53+00:00,Curto,Rua cupertino - quintino bocaiuva,Baixo,-22.8856988,-43.3213681,Fechado,Bolsão d'água em via,2022-04-30,
5.0,72974,Quintino bocaiuva,2022-04-02 15:08:17+00:00,2022-04-02 16:07:57+00:00,Curto,R. cupertino - cascadura,Baixo,-22.8863349,-43.3219651,Fechado,Bolsão d'água em via,2022-04-02,
5.0,73818,Quintino bocaiuva,2022-04-30 08:55:46+00:00,2022-04-30 09:48:26+00:00,Curto,R. clarimundo de melo -  alt. r. franco vaz - quintino bocaiuva,Baixo,-22.8899409,-43.3235492,Fechado,Bolsão d'água em via,2022-04-30,
5.0,73768,São francisco xavier,2022-04-30 00:08:37+00:00,2022-04-30 00:19:41+00:00,Curto,R. são francisco xavier - alt. av. prof° manuel de abreu - são francisco xavier,Baixo,-22.9043747,-43.2436871,Fechado,Bolsão d'água em via,2022-04-30,
5.0,72898,Recreio dos bandeirantes,2022-04-01 22:02:16+00:00,2022-04-02 01:08:52+00:00,Curto,Av. das américas - alt. estação brt dom bosco - recreio dos bandeirantes - ambos setidos,Baixo,-23.0182116,-43.5090057,Fechado,Bolsão d'água em via,2022-04-01,
5.0,73317,Recreio dos bandeirantes,2022-04-14 07:53:50+00:00,2022-04-14 11:00:47+00:00,Curto,Av. salvador allende - alt. av. das américas - recreio - sent. transolímpica,Baixo,-23.0063033,-43.436979,Fechado,Bolsão d'água em via,2022-04-14,
5.0,72909,Freguesia de jacarepaguá,2022-04-01 23:11:45+00:00,2022-04-02 08:18:59+00:00,Curto,Estr. do bananal - alt. condomínio eldorado - freguesia de jacarepaguá,Baixo,-22.9410997,-43.332213,Fechado,Bolsão d'água em via,2022-04-01,
5.0,72786,Freguesia de jacarepaguá,2022-04-01 00:03:47+00:00,2022-04-01 00:26:10+00:00,Curto,Estr. do bananal - alt. n° 1305 - freguesia de jacarepaguá,Baixo,-22.945205,-43.33029639999999,Fechado,Bolsão d'água em via,2022-04-01,
5.0,73351,Freguesia de jacarepaguá,2022-04-14 20:38:18+00:00,2022-04-14 22:44:29+00:00,Curto,"Av. ayrton senna, alt. acesso ponte santos dumont - jacarepaguá - sent. linha amarela",Baixo,-22.9358647,-43.3471181,Fechado,Bolsão d'água em via,2022-04-14,
5.0,73355,Freguesia (ilha do governador),2022-04-14 20:55:49+00:00,2022-04-14 23:25:00+00:00,Curto,"Av. dr. agenor de almeida loyola, 900 - freguesia (ilha do governador)",Baixo,-22.7891224,-43.1778842,Fechado,Bolsão d'água em via,2022-04-14,
31.0,72904,Anil,2022-04-01 22:35:05+00:00,2022-04-02 13:12:53+00:00,Curto,R. ituverava - anil,Medio,-22.9434223,-43.3322216,Fechado,Alagamento,2022-04-01,
31.0,72922,Acari,2022-04-02 01:50:41+00:00,2022-04-02 19:06:16+00:00,Curto,Praça roberto carlos - acari,Medio,-22.8229385,-43.34151629999999,Fechado,Alagamento,2022-04-02,
31.0,73834,Acari,2022-04-30 10:23:41+00:00,2022-04-30 16:13:52+00:00,Curto,Rio acari,Baixo,-22.8245173,-43.3497019,Fechado,Alagamento,2022-04-30,
31.0,73800,Acari,2022-04-30 07:50:56+00:00,2022-05-01 03:24:54+00:00,Curto,Praça roberto carlos - s/n  - acari,Baixo,-22.8228393,-43.3417452,Fechado,Alagamento,2022-04-30,
31.0,72851,Lagoa,2022-04-01 17:52:25+00:00,2022-04-01 23:49:57+00:00,Curto,Av. borges de medeiros - alt. av. lineu de paula machado - lagoa ,Alto,-22.9637973,-43.2141556,Fechado,Alagamento,2022-04-01,
31.0,73796,Cosmos,2022-04-30 07:28:28+00:00,2022-04-30 13:00:36+00:00,Curto,Rua maturéia - alt. rua ibiporã - campo grande,Baixo,-22.8917648,-43.60542119999999,Fechado,Alagamento,2022-04-30,
31.0,72917,Pavuna,2022-04-02 00:59:07+00:00,2022-04-02 19:06:36+00:00,Curto,"Av. chrisóstomo pimentel de oliveira, 2338 - pavuna",Medio,-22.8140523,-43.3780854,Fechado,Alagamento,2022-04-02,
31.0,73843,Pavuna,2022-04-30 11:57:12+00:00,2022-04-30 15:14:50+00:00,Curto,R. mercúrio - pavuna,Baixo,-22.8053885,-43.3561198,Fechado,Alagamento,2022-04-30,
31.0,72865,Tijuca,2022-04-01 18:34:14+00:00,2022-04-01 20:23:56+00:00,Curto,"R. haddock lobo, alt. rua são francisco xavier - tijuca",Alto,-22.9181142,-43.2119265,Fechado,Alagamento,2022-04-01,
31.0,73829,Galeão,2022-04-30 10:00:24+00:00,2022-04-30 11:33:13+00:00,Curto,Estr. de maracajás - alt. nº  973 - galeão - ilha do governador,Baixo,-22.8174737,-43.2284566,Fechado,Alagamento,2022-04-30,
31.0,73008,Glória,2022-04-03 12:41:41+00:00,2022-04-03 17:40:05+00:00,Curto,Av. das nações unidas - alt. edifício argentina - botafogo,Baixo,-22.9430626,-43.18015159999999,Fechado,Alagamento,2022-04-03,
31.0,73845,Jacaré,2022-04-30 12:07:03+00:00,2022-04-30 13:41:25+00:00,Curto,R. viúva cláudio - alt. nº 79 - jacaré,Baixo,-22.887329,-43.2525851,Fechado,Alagamento,2022-04-30,
31.0,72916,Taquara,2022-04-02 00:51:12+00:00,2022-04-02 06:12:45+00:00,Curto,Praça jauru - taquara,Medio,-22.916395,-43.3780622,Fechado,Alagamento,2022-04-02,
31.0,73799,Anchieta,2022-04-30 07:47:25+00:00,2022-05-02 19:22:32+00:00,Curto,Av. chrisóstomo pimentel de oliveira - alt. da via light - anchieta,Baixo,-22.8161347,-43.3872639,Fechado,Alagamento,2022-04-30,
31.0,72878,Anchieta,2022-04-01 20:06:16+00:00,2022-04-02 02:22:43+00:00,Curto,R. tomás édison - anchieta,Baixo,-22.822715,-43.3960099,Fechado,Alagamento,2022-04-01,
31.0,72853,Andaraí,2022-04-01 17:55:48+00:00,2022-04-01 19:17:32+00:00,Curto,R. uruguai - alt. av. maracanã - andaraí ,Medio,-22.9307058,-43.2423929,Fechado,Alagamento,2022-04-01,
31.0,72911,Curicica,2022-04-01 23:29:51+00:00,2022-04-02 18:34:30+00:00,Curto,R. vila aurora - curicica,Medio,-22.9424686,-43.3784716,Fechado,Alagamento,2022-04-01,
31.0,72915,Curicica,2022-04-02 00:41:51+00:00,2022-04-02 10:47:44+00:00,Curto,R. mandaguari - curicica,Medio,-22.9425011,-43.3795551,Fechado,Alagamento,2022-04-02,
31.0,73847,Guadalupe,2022-04-30 12:20:02+00:00,2022-04-30 13:07:06+00:00,Curto,"Rua orélia - guadalupe, ",Baixo,-22.8457187,-43.3768595,Fechado,Alagamento,2022-04-30,
31.0,72882,Guaratiba,2022-04-01 20:39:06+00:00,2022-04-02 04:05:53+00:00,Curto," av. dom joão vi - alt. estação  brt pingo d'água, 185 - guaratiba - ambos sentidos",Baixo,-22.9649,-43.64727999999999,Fechado,Alagamento,2022-04-01,
31.0,73763,Madureira,2022-04-29 23:44:05+00:00,2022-04-30 09:57:21+00:00,Curto,Av. min. edgard romero - alt. rua conselheiro galvão  - madureira,Baixo,-22.8661268,-43.3343465,Fechado,Alagamento,2022-04-29,
31.0,72861,Maracanã,2022-04-01 18:11:18+00:00,2022-04-01 23:25:06+00:00,Curto,R. morais e silva - maracanã,Baixo,-22.9143473,-43.2237356,Fechado,Alagamento,2022-04-01,
31.0,72887,Pechincha,2022-04-01 21:06:57+00:00,2022-04-02 06:42:47+00:00,Curto,Rua edgard werneck - alt. n° 1211 - pechincha,Baixo,-22.9456388,-43.3578723,Fechado,Alagamento,2022-04-01,
31.0,73809,Coelho neto,2022-04-30 08:25:27+00:00,2022-04-30 13:26:05+00:00,Curto,Av. pastor martin luther king júnior - hospital  ronaldo gazzola - coelho neto,Baixo,-22.825929,-43.3490125,Fechado,Alagamento,2022-04-30,
31.0,73848,Coelho neto,2022-04-30 12:33:38+00:00,2022-05-01 03:25:26+00:00,Curto,Av. pref. sá lessa - alt. nº 209 - acari,Baixo,-22.8247519,-43.3528917,Fechado,Alagamento,2022-04-30,
31.0,73842,Mal. hermes,2022-04-30 11:53:15+00:00,2022-04-30 12:59:10+00:00,Curto,R. gravatá - alt. 364 - mal. hermes,Baixo,-22.8678564,-43.3727237,Fechado,Alagamento,2022-04-30,
31.0,72879,Campo grande,2022-04-01 20:25:00+00:00,2022-04-02 02:23:14+00:00,Curto,Estr. do mendanha - alt. n° 10021 - campo grande,Baixo,-22.8391913,-43.5590831,Fechado,Alagamento,2022-04-01,
31.0,72881,Campo grande,2022-04-01 20:36:53+00:00,2022-04-02 02:23:22+00:00,Curto,Estrada do tingui  - campo grande,Baixo,-22.8806441,-43.585432,Fechado,Alagamento,2022-04-01,
31.0,73839,Campo grande,2022-04-30 11:01:31+00:00,2022-04-30 12:55:18+00:00,Curto,Estrada do mendanha - alt. fabrica da guaracamp - campo grande,Baixo,-22.865366,-43.5504557,Fechado,Alagamento,2022-04-30,
31.0,72883,Campo grande,2022-04-01 20:42:32+00:00,2022-04-02 01:06:46+00:00,Curto,Estrada do mendanha - alt. west shopping- campo grande,Baixo,-22.865366,-43.5504557,Fechado,Alagamento,2022-04-01,
31.0,72874,Vargem grande,2022-04-01 19:47:21+00:00,2022-04-01 21:37:46+00:00,Curto,Estr. dos bandeirantes - alt. n° 30000 - vargem grande,Baixo,-23.0108117,-43.5182271,Fechado,Alagamento,2022-04-01,
31.0,72868,Vargem grande,2022-04-01 18:52:44+00:00,2022-04-03 07:14:36+00:00,Curto,Estr. do rio morto - vargem grande,Medio,-22.9904993,-43.4923466,Fechado,Alagamento,2022-04-01,
31.0,72955,Vargem pequena,2022-04-02 09:38:15+00:00,2022-04-03 07:15:29+00:00,Curto,"Estr. dos bandeirantes, 21136 - vargem pequena",Medio,-22.9865388,-43.4770042,Fechado,Alagamento,2022-04-02,
31.0,72889,Vila valqueire,2022-04-01 21:10:50+00:00,2022-04-01 21:41:39+00:00,Curto,R. das margaridas - vila valqueire,Baixo,-22.8824979,-43.364265,Fechado,Alagamento,2022-04-01,
31.0,73859,Parque colúmbia,2022-04-30 16:09:02+00:00,2022-05-01 02:53:09+00:00,Curto,Rua sussekind de mendonça - pavuna,Baixo,-22.8112664,-43.3391191,Fechado,Alagamento,2022-04-30,
31.0,73837,Parque colúmbia,2022-04-30 10:37:54+00:00,2022-05-02 08:41:26+00:00,Curto,Av. ildefonso falcão - parque colúmbia - jardim america,Baixo,-22.8156904,-43.3361159,Fechado,Alagamento,2022-04-30,
31.0,72864,Praca da bandeira,2022-04-01 18:20:42+00:00,2022-04-01 21:57:12+00:00,Curto,"R. do matoso, alt. da praça da bandeira - praca da bandeira",Alto,-22.9112036,-43.2136935,Fechado,Alagamento,2022-04-01,
31.0,72964,Recreio dos bandeirantes,2022-04-02 10:28:36+00:00,2022-04-04 17:33:46+00:00,Curto,Av. miguel antônio fernandes - alt. cfz zico - recreio,Medio,-23.0093046,-43.4783456,Fechado,Alagamento,2022-04-02,
31.0,72857,Recreio dos bandeirantes,2022-04-01 18:02:23+00:00,2022-04-02 02:22:54+00:00,Curto,"Estr. do pontal, 1951 - recreio  ",Baixo,,,Fechado,Alagamento,2022-04-01,
31.0,73814,Freguesia (ilha do governador),2022-04-30 08:48:56+00:00,2022-04-30 10:16:55+00:00,Curto,R. pio dutra - freguesia (ilha do governador),Baixo,-22.7927046,-43.1743914,Fechado,Alagamento,2022-04-30,
33.0,73312,Irajá,2022-04-14 05:08:01+00:00,2022-04-14 10:30:37+00:00,Curto,Av. brasil - alt. trevo das margaridas - irajá  sent. centro,Baixo,-22.8205262,-43.3199452,Fechado,Lâmina d'água,2022-04-14,
33.0,73761,Madureira,2022-04-29 21:24:00+00:00,2022-04-29 22:46:38+00:00,Curto,Av. min. edgard romero - alt. rua conselheiro galvão - madureira,Baixo,-22.8661268,-43.3343465,Fechado,Lâmina d'água,2022-04-29,
33.0,72854,Maracanã,2022-04-01 17:57:28+00:00,2022-04-01 21:02:57+00:00,Curto,"Av. prof. manoel de abreu, alt. rua felipe camarão  - maracanã",Baixo,-22.9136035,-43.2343008,Fechado,Lâmina d'água,2022-04-01,
33.0,73193,Barra da tijuca,2022-04-09 01:56:34+00:00,2022-04-09 09:15:37+00:00,Curto,Av. armando lombardi - alt. estação brt jardim oceanico  - barra da tijuca - sent. rocinha,Baixo,-23.0071518,-43.3125446,Fechado,Lâmina d'água,2022-04-09,
33.0,73310,Barra da tijuca,2022-04-14 04:01:15+00:00,2022-04-14 05:51:52+00:00,Curto,Av. ayrton senna - alt. senac - barra da tijuca - sent. linha amarela.,Baixo,-22.9829359,-43.365378,Fechado,Lâmina d'água,2022-04-14,
6.0,4214,Sem bairro,2016-03-12 20:06:47+00:00,2016-03-13 03:19:14+00:00,Desconhecido,Praça da bandeira,Alto,,,Fechado,Alagamento,2016-03-12,
6.0,4215,Sem bairro,2016-03-12 20:07:14+00:00,2016-03-13 00:37:07+00:00,Desconhecido,Rua conde de bonfim ,Alto,,,Fechado,Alagamento,2016-03-12,
6.0,4217,Sem bairro,2016-03-12 20:16:01+00:00,2016-03-13 02:00:10+00:00,Desconhecido,Rua jardim botânico x rua pacheco leão,Alto,,,Fechado,Alagamento,2016-03-12,
5.0,4210,Sem bairro,2016-03-12 20:04:01+00:00,2016-03-12 23:44:12+00:00,Desconhecido,"Av. francisco bicalho, 584-936 - santo cristo",Baixo,-22.9055758,-43.20968149999999,Fechado,Bolsão d'água em via,2016-03-12,
5.0,4209,Sem bairro,2016-03-12 19:59:44+00:00,2016-03-12 23:42:32+00:00,Desconhecido,"R. sacadura cabral, 158 - saúde",Baixo,-22.8975065,-43.1868586,Fechado,Bolsão d'água em via,2016-03-12,
5.0,4211,Sem bairro,2016-03-12 20:04:24+00:00,2016-03-12 22:47:36+00:00,Desconhecido,"R. da américa, 86 - santo cristo",Baixo,-22.9016345,-43.20012120000001,Fechado,Bolsão d'água em via,2016-03-12,
5.0,4212,Sem bairro,2016-03-12 20:05:05+00:00,2016-03-12 23:55:49+00:00,Desconhecido,"Praça mal. hermes, 184 - santo cristo",Baixo,-22.900253,-43.20681479999996,Fechado,Bolsão d'água em via,2016-03-12,
5.0,4331,Sem bairro,2016-03-16 14:59:53+00:00,2016-03-16 18:36:11+00:00,Desconhecido,"Av. ayrton senna, 3000 - barra da tijuca",Baixo,-22.98287237465828,-43.36534914232789,Fechado,Bolsão d'água em via,2016-03-16,
5.0,4323,Sem bairro,2016-03-16 14:41:45+00:00,2016-03-16 18:04:59+00:00,Desconhecido,"R. são clemente, 68 - botafogo",Baixo,-22.949320397882868,-43.1845246534424,Fechado,Bolsão d'água em via,2016-03-16,
5.0,4341,Sem bairro,2016-03-16 15:28:41+00:00,2016-03-16 17:56:40+00:00,Desconhecido,"R. jardim botânico, 86 - jardim botânico",Baixo,-22.96035521283549,-43.20476155995789,Fechado,Bolsão d'água em via,2016-03-16,
5.0,4319,Sem bairro,2016-03-16 14:28:52+00:00,2016-03-16 18:07:04+00:00,Desconhecido,"R. gago coutinho, alt. r. bento lisboa",Baixo,-22.93076970781416,-43.17918456532897,Fechado,Bolsão d'água em via,2016-03-16,
5.0,4336,Sem bairro,2016-03-16 15:14:18+00:00,2016-03-16 18:38:50+00:00,Desconhecido,"Av. ayrton senna, alt. ponte santos dumont - barra da tijuca",Baixo,-22.9824279,-43.365370600000006,Fechado,Bolsão d'água em via,2016-03-16,
5.0,4339,Sem bairro,2016-03-16 15:21:32+00:00,2016-03-16 17:40:13+00:00,Desconhecido,"R. voluntários da pátria, 1 - botafogo",Baixo,-22.95050073623661,-43.18173904411924,Fechado,Bolsão d'água em via,2016-03-16,
5.0,4325,Sem bairro,2016-03-16 14:46:28+00:00,2016-03-16 18:26:52+00:00,Desconhecido,"Av. das américas, 1790 - barra da tijuca",Baixo,-23.0004266,-43.34794590000001,Fechado,Bolsão d'água em via,2016-03-16,
5.0,4346,Sem bairro,2016-03-16 16:23:23+00:00,2016-03-16 18:15:43+00:00,Desconhecido,"R. barão de lucena, 65 - botafogo",Baixo,-22.948041,-43.1878696,Fechado,Bolsão d'água em via,2016-03-16,
5.0,4337,Sem bairro,2016-03-16 15:16:39+00:00,2016-03-16 20:16:17+00:00,Desconhecido,"R. visc. de silva,  botafogo",Baixo,-22.9580564,-43.1958242,Fechado,Bolsão d'água em via,2016-03-16,
5.0,4327,Sem bairro,2016-03-16 14:49:28+00:00,2016-03-16 17:43:23+00:00,Desconhecido,"R. gen. polidoro, 319 - botafogo",Baixo,-22.958098282988185,-43.191168989410414,Fechado,Bolsão d'água em via,2016-03-16,
5.0,4340,Sem bairro,2016-03-16 15:23:59+00:00,2016-03-16 20:54:02+00:00,Desconhecido,"Rua figueiredo de magalhães, 354 - copacabana",Baixo,-22.969245023378,-43.18678245872195,Fechado,Bolsão d'água em via,2016-03-16,
5.0,4320,Sem bairro,2016-03-16 14:36:37+00:00,2016-03-16 20:54:42+00:00,Desconhecido,"Estrada da posse,",Baixo,-22.8781035,-43.5361959,Fechado,Bolsão d'água em via,2016-03-16,
5.0,4356,Sem bairro,2016-03-16 17:15:46+00:00,2016-03-16 20:14:24+00:00,Desconhecido,"Av. infante dom henrique, 1550 - glória",Baixo,-22.916189,-43.17524479999997,Fechado,Bolsão d'água em via,2016-03-16,
5.0,4349,Sem bairro,2016-03-16 16:40:26+00:00,2016-03-16 17:47:24+00:00,Desconhecido,"R. santo cristo, 287 - santo cristo",Baixo,-22.9005252,-43.2040538,Fechado,Bolsão d'água em via,2016-03-16,
5.0,4352,Sem bairro,2016-03-16 16:57:36+00:00,2016-03-16 17:46:33+00:00,Desconhecido,"R. santo cristo, 237 - santo cristo",Baixo,-22.9003558,-43.20272779999999,Fechado,Bolsão d'água em via,2016-03-16,
5.0,4351,Sem bairro,2016-03-16 16:42:59+00:00,2016-03-16 17:47:00+00:00,Desconhecido,"R. santo cristo, 311 - santo cristo",Baixo,-22.9004213,-43.20474289999999,Fechado,Bolsão d'água em via,2016-03-16,
5.0,4344,Sem bairro,2016-03-16 15:58:34+00:00,2016-03-16 17:34:45+00:00,Desconhecido,"R. são clemente, alt. praia de botafogo - botafogo",Baixo,-22.9490976,-43.18265610000003,Fechado,Bolsão d'água em via,2016-03-16,
5.0,4350,Sem bairro,2016-03-16 16:40:56+00:00,2016-03-16 18:01:14+00:00,Desconhecido,"Av. pres. vargas, 1632 - cidade nova",Baixo,-22.9040346,-43.1883709,Fechado,Bolsão d'água em via,2016-03-16,
5.0,4347,Sem bairro,2016-03-16 16:27:06+00:00,2016-03-16 18:31:20+00:00,Desconhecido,"Av. borges de medeiros, alt. av. epitácio pessoa - lagoa",Baixo,-22.9626348,-43.20626170000003,Fechado,Bolsão d'água em via,2016-03-16,
5.0,4342,Sem bairro,2016-03-16 15:51:32+00:00,2016-03-16 18:30:37+00:00,Desconhecido,"Av. epitácio pessoa, 1600 - lagoa",Baixo,-22.980162,-43.20409810000001,Fechado,Bolsão d'água em via,2016-03-16,
5.0,4322,Sem bairro,2016-03-16 14:40:03+00:00,2016-03-16 21:49:11+00:00,Desconhecido,"Praça saiqui,  vila valqueire",Baixo,-22.882944,-43.36794729999997,Fechado,Bolsão d'água em via,2016-03-16,
5.0,4321,Sem bairro,2016-03-16 14:38:39+00:00,2016-03-16 20:54:19+00:00,Desconhecido,"R. gustavo sampaio,  leme",Baixo,-22.9628091,-43.16956759999999,Fechado,Bolsão d'água em via,2016-03-16,
5.0,4345,Sem bairro,2016-03-16 16:07:54+00:00,2016-03-16 17:48:58+00:00,Desconhecido,"R. dos inválidos, 130 - centro",Baixo,-22.910985320296067,-43.185062988360585,Fechado,Bolsão d'água em via,2016-03-16,
5.0,4324,Sem bairro,2016-03-16 14:44:55+00:00,2016-03-16 18:26:02+00:00,Desconhecido,"Av. das américas, 3120 - barra da tijuca",Baixo,-22.9994143,-43.34385980000002,Fechado,Bolsão d'água em via,2016-03-16,
5.0,4330,Sem bairro,2016-03-16 14:59:00+00:00,2016-03-16 18:00:22+00:00,Desconhecido,"R. são clemente, 226 - botafogo",Baixo,-22.9497474,-43.19007069999998,Fechado,Bolsão d'água em via,2016-03-16,
5.0,4338,Sem bairro,2016-03-16 15:19:34+00:00,2016-03-16 20:15:58+00:00,Desconhecido,R. arnaldo quintela - botafogo,Baixo,-22.9552566,-43.1831171,Fechado,Bolsão d'água em via,2016-03-16,
5.0,4326,Sem bairro,2016-03-16 14:48:06+00:00,2016-03-16 20:15:24+00:00,Desconhecido,"R. voluntários da pátria, 156 - botafogo",Baixo,-22.9522752,-43.18681679999997,Fechado,Bolsão d'água em via,2016-03-16,
5.0,4316,Sem bairro,2016-03-16 13:38:01+00:00,2016-03-16 16:17:36+00:00,Desconhecido,"Av. ernâni cardoso, 125 - cascadura",Baixo,-22.8822942,-43.33270820000001,Fechado,Bolsão d'água em via,2016-03-16,
5.0,4353,Sem bairro,2016-03-16 16:59:36+00:00,2016-03-16 20:14:39+00:00,Desconhecido,"R. joão paulo i, 136 - estácio",Baixo,-22.9156722,-43.20972440000003,Fechado,Bolsão d'água em via,2016-03-16,
5.0,4334,Sem bairro,2016-03-16 15:07:08+00:00,2016-03-16 18:34:03+00:00,Desconhecido,"Av. ayrton senna, 415 - barra da tijuca",Baixo,-22.9950271,-43.36563849999999,Fechado,Bolsão d'água em via,2016-03-16,
5.0,4348,Sem bairro,2016-03-16 16:39:46+00:00,2016-03-16 17:48:22+00:00,Desconhecido,"R. da américa, 141 - santo cristo",Baixo,-22.9028319,-43.19909910000001,Fechado,Bolsão d'água em via,2016-03-16,
5.0,4317,Sem bairro,2016-03-16 13:56:49+00:00,2016-03-16 21:49:23+00:00,Desconhecido,"R. joão romeiro, 193 - cascadura - alt armando almeida",Baixo,-22.8845513,-43.333741799999984,Fechado,Bolsão d'água em via,2016-03-16,
5.0,4335,Sem bairro,2016-03-16 15:09:04+00:00,2016-03-16 20:15:07+00:00,Desconhecido,"R. do catete, 186 - catete",Baixo,-22.9271983,-43.17666080000004,Fechado,Bolsão d'água em via,2016-03-16,
5.0,4496,Sem bairro,2016-03-23 23:37:42+00:00,2016-03-24 03:17:43+00:00,Desconhecido,Av brasil - ramos,Baixo,-22.8503133,-43.2565606,Fechado,Bolsão d'água em via,2016-03-23,
5.0,4500,Sem bairro,2016-03-24 00:11:53+00:00,2016-03-24 05:15:11+00:00,Desconhecido,"R. silva freire, 11 - engenho novo",Baixo,-22.9027463,-43.26840519999996,Fechado,Bolsão d'água em via,2016-03-24,
5.0,4501,Sem bairro,2016-03-24 00:12:22+00:00,2016-03-24 03:25:20+00:00,Desconhecido,"Rua da bela vista, 1-9 - engenho novo",Baixo,-22.9029724,-43.26855449999999,Fechado,Bolsão d'água em via,2016-03-24,
5.0,4508,Sem bairro,2016-03-24 01:57:38+00:00,2016-03-24 05:14:44+00:00,Desconhecido,"Estrada do galeão, 3986-4726 - portuguesa",Baixo,-22.8130716,-43.22014569999999,Fechado,Bolsão d'água em via,2016-03-24,
5.0,4506,Sem bairro,2016-03-24 00:41:21+00:00,2016-03-24 05:14:52+00:00,Desconhecido,"Av. dom hélder câmara, 9641 - cascadura",Baixo,-22.8836665,-43.320268,Fechado,Bolsão d'água em via,2016-03-24,
5.0,4504,Sem bairro,2016-03-24 00:13:59+00:00,2016-03-24 04:17:56+00:00,Desconhecido,"Av. mal. floriano, 173 - centro",Baixo,-22.9026259,-43.18613640000001,Fechado,Bolsão d'água em via,2016-03-24,
5.0,4497,Sem bairro,2016-03-24 00:01:43+00:00,2016-03-24 05:15:17+00:00,Desconhecido,"R. carmo neto, 260 - cidade nova",Baixo,-22.9122859,-43.1994618,Fechado,Bolsão d'água em via,2016-03-24,
5.0,4505,Sem bairro,2016-03-24 00:14:32+00:00,2016-03-24 03:16:56+00:00,Desconhecido,"Av. francisco bicalho, 584-740 - santo cristo",Baixo,-22.9055647,-43.20964459999999,Fechado,Bolsão d'água em via,2016-03-24,
5.0,4498,Sem bairro,2016-03-24 00:11:11+00:00,2016-03-24 04:18:24+00:00,Desconhecido,"R. sacadura cabral, 158 - saúde",Baixo,-22.8975065,-43.1868586,Fechado,Bolsão d'água em via,2016-03-24,
5.0,4502,Sem bairro,2016-03-24 00:12:43+00:00,2016-03-24 05:14:59+00:00,Desconhecido,"R. da américa, 141 - santo cristo",Baixo,-22.9028319,-43.19909910000001,Fechado,Bolsão d'água em via,2016-03-24,
5.0,4503,Sem bairro,2016-03-24 00:13:11+00:00,2016-03-24 04:18:09+00:00,Desconhecido,"R. gen. luís mendes de morais, 172 - santo cristo",Baixo,-22.9029109,-43.2083677,Fechado,Bolsão d'água em via,2016-03-24,
5.0,4507,Sem bairro,2016-03-24 01:13:24+00:00,2016-03-24 03:16:20+00:00,Desconhecido,"R. pio dutra, 331 - freguesia (ilha do governador)",Baixo,-22.7924346,-43.17364120000002,Fechado,Bolsão d'água em via,2016-03-24,
5.0,4499,Sem bairro,2016-03-24 00:11:26+00:00,2016-03-24 03:17:18+00:00,Desconhecido,"R. camerino, 100 - centro",Baixo,-22.900492,-43.186763499999984,Fechado,Bolsão d'água em via,2016-03-24,
6.0,4223,Sem bairro,2016-03-12 20:46:20+00:00,2016-03-13 00:34:38+00:00,Desconhecido,"Av. barão de tefé, 43-79 - saúde",Baixo,-22.8957118,-43.18665750000002,Fechado,Alagamento,2016-03-12,
6.0,4225,Sem bairro,2016-03-12 20:50:12+00:00,2016-03-12 22:46:22+00:00,Desconhecido,"R. camerino, 100 - centro",Baixo,-22.900492,-43.186763499999984,Fechado,Alagamento,2016-03-12,
6.0,4222,Sem bairro,2016-03-12 20:44:45+00:00,2016-03-12 23:43:58+00:00,Desconhecido,"Ladeira do mendonça, 1-15 - santo cristo",Baixo,-22.898768,-43.203281300000015,Fechado,Alagamento,2016-03-12,
6.0,4420,Sem bairro,2016-03-19 20:33:13+00:00,2016-03-19 20:35:29+00:00,Desconhecido,"R. francisco sá, 5 - copacabana",Baixo,-22.9830165,-43.190322400000014,Fechado,Alagamento,2016-03-19,
5.0,4164,Sem bairro,2016-03-11 06:45:19+00:00,2016-03-11 09:05:20+00:00,Desconhecido,Av. ernani cardoso x rua padre telêmaco,Baixo,,,Fechado,Bolsão d'água em via,2016-03-11,
5.0,4162,Sem bairro,2016-03-11 06:31:08+00:00,2016-03-11 09:23:10+00:00,Desconhecido,Av. américas - 4319,Baixo,,,Fechado,Bolsão d'água em via,2016-03-11,
5.0,4160,Sem bairro,2016-03-11 06:11:11+00:00,2016-03-11 09:27:05+00:00,Desconhecido,Av. dom hélder câmara - cascadura ,Baixo,,,Fechado,Bolsão d'água em via,2016-03-11,
5.0,4218,Sem bairro,2016-03-12 20:21:19+00:00,2016-03-13 03:48:29+00:00,Desconhecido,Rua marquês de são vicente - gávea ,Baixo,,,Fechado,Bolsão d'água em via,2016-03-12,
5.0,4233,Sem bairro,2016-03-12 22:38:34+00:00,2016-03-13 00:16:52+00:00,Desconhecido,Av. ayrton senna - alt barra music,Baixo,,,Fechado,Bolsão d'água em via,2016-03-12,
5.0,4232,Sem bairro,2016-03-12 22:37:36+00:00,2016-03-13 00:17:07+00:00,Desconhecido,Av. ayrton senna - alt do sesc,Baixo,,,Fechado,Bolsão d'água em via,2016-03-12,
5.0,4234,Sem bairro,2016-03-12 22:39:23+00:00,2016-03-12 23:13:37+00:00,Desconhecido,Linha amarela - alt do nova américa ,Baixo,,,Fechado,Bolsão d'água em via,2016-03-12,
5.0,4236,Sem bairro,2016-03-12 23:13:47+00:00,2016-03-12 23:50:09+00:00,Desconhecido,Linha amarela - alt leopoldo bulhões.  ,Baixo,,,Fechado,Bolsão d'água em via,2016-03-12,
5.0,4226,Sem bairro,2016-03-12 20:55:16+00:00,2016-03-12 23:23:53+00:00,Desconhecido,Buraco do padre,Baixo,,,Fechado,Bolsão d'água em via,2016-03-12,
5.0,4249,Sem bairro,2016-03-13 05:35:15+00:00,2016-03-13 10:23:26+00:00,Desconhecido,Av. rotary internacional - são cristóvão ,Baixo,,,Fechado,Bolsão d'água em via,2016-03-13,
5.0,4246,Sem bairro,2016-03-13 01:46:44+00:00,2016-03-13 04:41:48+00:00,Desconhecido,"Rua jardim botânico, alt da praça santos dumont",Baixo,,,Fechado,Bolsão d'água em via,2016-03-13,
5.0,4247,Sem bairro,2016-03-13 02:00:34+00:00,2016-03-13 04:00:37+00:00,Desconhecido,"Autoestrada lagoa-barra, alt do fashion mall. ",Baixo,,,Fechado,Bolsão d'água em via,2016-03-13,
5.0,4244,Sem bairro,2016-03-13 01:17:23+00:00,2016-03-13 02:55:08+00:00,Desconhecido,Rua mario ribeiro x rua raul machado ,Baixo,,,Fechado,Bolsão d'água em via,2016-03-13,
5.0,4252,Sem bairro,2016-03-13 07:00:05+00:00,2016-03-13 10:04:11+00:00,Desconhecido,Rua gen. olímpio mourão filho - são conrado,Baixo,,,Fechado,Bolsão d'água em via,2016-03-13,
5.0,4332,Sem bairro,2016-03-16 15:04:10+00:00,2016-03-16 18:48:50+00:00,Desconhecido,"Av. brasil, alt. realengo",Baixo,,,Fechado,Bolsão d'água em via,2016-03-16,
5.0,4333,Sem bairro,2016-03-16 15:05:51+00:00,2016-03-16 18:45:24+00:00,Desconhecido,"Av. brasil, alt. shopping guadalupe",Baixo,,,Fechado,Bolsão d'água em via,2016-03-16,
5.0,4328,Sem bairro,2016-03-16 14:53:34+00:00,2016-03-16 18:23:20+00:00,Desconhecido,"Av. das americas, 4666 - barra da tijuca",Baixo,,,Fechado,Bolsão d'água em via,2016-03-16,
6.0,4221,Sem bairro,2016-03-12 20:41:16+00:00,2016-03-12 23:54:49+00:00,Desconhecido,Av. maracanã x rua eurico rabelo ,Baixo,,,Fechado,Alagamento,2016-03-12,
6.0,4237,Sem bairro,2016-03-12 23:20:21+00:00,2016-03-13 00:17:17+00:00,Desconhecido,Av. além paraíba ,Baixo,,,Fechado,Alagamento,2016-03-12,
6.0,4224,Sem bairro,2016-03-12 20:49:26+00:00,2016-03-12 22:55:23+00:00,Desconhecido,"Av. venezuela, 154 - saúde",Medio,-22.8957118,-43.18665750000002,Fechado,Alagamento,2016-03-12,
6.0,4219,Sem bairro,2016-03-12 20:24:23+00:00,2016-03-12 22:47:58+00:00,Desconhecido,Av. marechal floriano x rua acre,Medio,,,Fechado,Alagamento,2016-03-12,
6.0,4220,Sem bairro,2016-03-12 20:28:37+00:00,2016-03-13 00:55:46+00:00,Desconhecido,Av. binário.,Medio,,,Fechado,Alagamento,2016-03-12,
6.0,4228,Sem bairro,2016-03-12 21:04:04+00:00,2016-03-12 23:37:56+00:00,Desconhecido,"Av. presidente vargas, alt sambódromo",Medio,,,Fechado,Alagamento,2016-03-12,
5.0,64936,Lagoa,2021-07-30 05:55:59+00:00,2021-08-01 18:00:17+00:00,Curto,"Av. borges de medeiros, alt. parque dos patins - lagoa - sent. rebouças",Medio,-22.9722713,-43.216449,Fechado,Bolsão d'água em via,2021-07-30,
5.0,64873,Leblon,2021-07-28 11:30:33+00:00,2021-07-28 15:38:41+00:00,Curto,"Av. ataulfo de paiva, 221 - leblon",Baixo,-22.9839614,-43.2181925,Fechado,Bolsão d'água em via,2021-07-28,
5.0,64864,Ipanema,2021-07-28 09:38:24+00:00,2021-07-28 11:36:41+00:00,Curto,Av. epitácio pessoa - alt. r. vinícius de moraes - ipanema,Baixo,-22.9795584,-43.20256010000001,Fechado,Bolsão d'água em via,2021-07-28,
5.0,64879,Botafogo,2021-07-28 13:52:27+00:00,2021-07-28 14:04:42+00:00,Curto,Praia de botafogo - alt. r. visc. de ouro preto - botafogo - sent. copacabana,Baixo,-22.9459192,-43.1829509,Fechado,Bolsão d'água em via,2021-07-28,
5.0,64863,Humaitá,2021-07-28 09:31:29+00:00,2021-07-28 14:45:06+00:00,Curto,Rua humaitá - alt. rua fonte da saudade - humaitá,Baixo,-22.9579332,-43.1994984,Fechado,Bolsão d'água em via,2021-07-28,
5.0,64866,Copacabana,2021-07-28 09:43:42+00:00,2021-07-28 14:04:47+00:00,Curto,Rua tonelero - alt. r. siqueira campos - copacabana,Medio,-22.9671271,-43.1862083,Fechado,Bolsão d'água em via,2021-07-28,
5.0,64896,Copacabana,2021-07-28 18:08:03+00:00,2021-07-29 01:07:53+00:00,Curto,Rua tonelero - alt. r. siqueira campos - copacabana,Baixo,-22.9672426,-43.1862281,Fechado,Bolsão d'água em via,2021-07-28,
5.0,64867,Cidade nova,2021-07-28 09:46:22+00:00,2021-07-28 11:36:39+00:00,Curto,Av. pres. vargas - cidade nova - sent. candelária,Baixo,-22.9092224,-43.2026754,Fechado,Bolsão d'água em via,2021-07-28,
5.0,64869,Vila isabel,2021-07-28 09:55:11+00:00,2021-07-28 10:00:54+00:00,Curto,Rua são francisco xavier - alt. av. castelo branco - vila isabel,Baixo,-22.9092592,-43.238616,Fechado,Bolsão d'água em via,2021-07-28,
6.0,64562,Jacaré,2021-07-14 07:48:50+00:00,2021-07-14 10:16:05+00:00,Curto,"R. viúva cláudio, 75 - jacaré",Baixo,-22.887329,-43.2525851,Fechado,Alagamento,2021-07-14,
33.0,64865,Botafogo,2021-07-28 09:41:36+00:00,2021-07-28 13:52:15+00:00,Curto,Praia de botafogo - alt. r. visc. de ouro preto - botafogo - sent. copacabana,Baixo,-22.94605667881266,-43.18256738147582,Fechado,Lâmina d'água,2021-07-28,
5.0,62798,Caju,2021-04-29 01:20:41+00:00,2021-04-29 02:04:42+00:00,Curto,"Av. brasil, alt. do into - sent. centro",Baixo,-22.8934145,-43.2148592,Fechado,Bolsão d'água em via,2021-04-29,
5.0,62627,Caju,2021-04-22 11:43:57+00:00,2021-04-24 06:45:12+00:00,Curto,Av. brasil - alt. into - caju - sent. centro,Baixo,-22.8934145,-43.2148592,Fechado,Bolsão d'água em via,2021-04-22,
5.0,62180,Joá,2021-04-03 20:41:11+00:00,2021-04-03 21:36:45+00:00,Curto,"Elevado das bandeiras, alt. do joá - sent. barra da tijuca ",Baixo,-23.0068985,-43.2828396,Fechado,Bolsão d'água em via,2021-04-03,
5.0,62355,Cajú,2021-04-13 04:25:44+00:00,2021-04-13 05:50:17+00:00,Curto,"Av. brasil, alt. acesso ao viaduto do gasômetro - cajú - sent. centro",Baixo,,,Fechado,Bolsão d'água em via,2021-04-13,
5.0,62799,Lagoa,2021-04-29 02:34:45+00:00,2021-04-29 04:47:53+00:00,Curto,"Av. epitácio pessoa, 4800 - lagoa",Baixo,-22.9654465,-43.2033283,Fechado,Bolsão d'água em via,2021-04-29,
5.0,62790,Lagoa,2021-04-28 23:21:56+00:00,2021-04-29 02:47:52+00:00,Curto,Curva do maconhão - lagoa,Baixo,-22.96273980019728,-43.204247343624886,Fechado,Bolsão d'água em via,2021-04-28,
5.0,62787,Lagoa,2021-04-28 22:59:28+00:00,2021-04-29 00:59:38+00:00,Curto,"Av. borges de medeiros, alt. r. saturnino de brito - lagoa",Baixo,-22.9704835,-43.2173801,Fechado,Bolsão d'água em via,2021-04-28,
5.0,62801,Lagoa,2021-04-29 04:50:47+00:00,2021-04-29 12:13:15+00:00,Curto, parque dos patins - lagoa,Baixo,-22.9722713,-43.216449,Fechado,Bolsão d'água em via,2021-04-29,
5.0,62794,Catete,2021-04-28 23:37:28+00:00,2021-04-29 01:57:02+00:00,Curto,"Rua do catete, alt. r. silveira martins - catete",Baixo,-22.9260359,-43.1786045,Fechado,Bolsão d'água em via,2021-04-28,
5.0,62548,Catete,2021-04-21 03:21:43+00:00,2021-04-21 04:00:31+00:00,Curto,"Rua do catete, alt. r. silveira martins - catete",Baixo,-22.9260359,-43.1786045,Fechado,Bolsão d'água em via,2021-04-21,
5.0,62818,Centro,2021-04-29 08:57:58+00:00,2021-04-29 17:09:06+00:00,Curto,Rua araújo porto alegre - alt. av. rio branco - centro,Baixo,-22.909354,-43.1761026,Fechado,Bolsão d'água em via,2021-04-29,
5.0,62805,Gávea,2021-04-29 06:09:32+00:00,2021-04-29 10:39:28+00:00,Curto,Praça santos dumont - gávea - sent. barra,Baixo,-22.9741,-43.227136,Fechado,Bolsão d'água em via,2021-04-29,
5.0,62785,Leblon,2021-04-28 22:50:34+00:00,2021-04-29 00:22:03+00:00,Curto,"Praça sibélius, alt. r. mário ribeiro - gávea - sent. barra",Baixo,-22.9793262,-43.2264251,Fechado,Bolsão d'água em via,2021-04-28,
5.0,62813,Glória,2021-04-29 07:44:15+00:00,2021-04-29 16:45:27+00:00,Curto,Av. beira mar - alt. hotel glória - sent. aeroporto santos dumont,Baixo,-22.9185524,-43.1751409,Fechado,Bolsão d'água em via,2021-04-29,
5.0,62561,Ipanema,2021-04-21 07:21:15+00:00,2021-04-21 10:20:43+00:00,Curto,R. redentor - alt. av. epitácio pessoa  - ipanema,Baixo,-22.9821352,-43.213867,Fechado,Bolsão d'água em via,2021-04-21,
5.0,62365,Ipanema,2021-04-13 07:38:57+00:00,2021-04-13 11:24:27+00:00,Curto,Av. epitácio pessoa - alt. r. redentor - lagoa,Baixo,-22.98211638375434,-43.21383658828277,Fechado,Bolsão d'água em via,2021-04-13,
5.0,62786,Ipanema,2021-04-28 22:55:54+00:00,2021-04-29 04:37:58+00:00,Curto,"Av. epitácio pessoa, alt. r. vinícius de moaes - ipanema",Baixo,-22.9863862,-43.20286350000001,Fechado,Bolsão d'água em via,2021-04-28,
5.0,62797,Ipanema,2021-04-29 00:51:05+00:00,2021-04-29 05:15:01+00:00,Curto,"Av. epitácio pessoa, alt. jardim de alah - leblon",Baixo,-22.9709326,-43.206834,Fechado,Bolsão d'água em via,2021-04-29,
5.0,62545,Ipanema,2021-04-21 02:53:31+00:00,2021-04-21 04:11:15+00:00,Curto,"Av. epitácio pessoa, alt. r. vinícius de moraes - ipanema",Baixo,-22.9808726,-43.2105083,Fechado,Bolsão d'água em via,2021-04-21,
5.0,62793,Botafogo,2021-04-28 23:33:18+00:00,2021-04-29 01:51:04+00:00,Curto,"Rua real grandeza, alt. r. gal. polidoro - botafogo",Baixo,-22.9535821,-43.1936701,Fechado,Bolsão d'água em via,2021-04-28,
5.0,62804,Botafogo,2021-04-29 05:57:07+00:00,2021-04-29 06:03:50+00:00,Curto,"Rua real grandeza, alt. gal. polidoro - botafogo",Baixo,-22.9535821,-43.1936701,Fechado,Bolsão d'água em via,2021-04-29,
6.0,62859,Botafogo,2021-04-30 09:54:06+00:00,2021-04-30 11:55:21+00:00,Curto,Av. das nações unidas - alt. clube de regatas botafogo,Baixo,-22.9496487,-43.1799272,Fechado,Alagamento,2021-04-30,
5.0,62795,Botafogo,2021-04-28 23:41:28+00:00,2021-04-29 01:54:24+00:00,Curto,"Rua são clemente, alt. r. guilhermina guinle - botafogo",Baixo,-22.9501064,-43.1890886,Fechado,Bolsão d'água em via,2021-04-28,
5.0,62792,Botafogo,2021-04-28 23:29:16+00:00,2021-04-29 01:16:07+00:00,Curto,"Rua voluntários da pátria, alt. r. dona mariana - botafogo",Baixo,-22.953037,-43.188398,Fechado,Bolsão d'água em via,2021-04-28,
5.0,62796,Botafogo,2021-04-29 00:19:20+00:00,2021-04-29 01:43:43+00:00,Curto,"Rua farani, 464 - botafogo",Baixo,-22.9415834,-43.1814792,Fechado,Bolsão d'água em via,2021-04-29,
5.0,62354,Estácio,2021-04-13 04:16:31+00:00,2021-04-13 07:01:52+00:00,Curto,"Rua haddock lobo, alt. r. joaquim palhares - estácio",Baixo,-22.9133583,-43.2092057,Fechado,Bolsão d'água em via,2021-04-13,
5.0,62129,Humaitá,2021-04-01 07:17:59+00:00,2021-04-01 09:24:21+00:00,Curto,R. fonte da saudade  - alt. rua humaitá - lagoa,Baixo,-22.960343659608192,-43.20310865333405,Fechado,Bolsão d'água em via,2021-04-01,
5.0,62810,Humaitá,2021-04-29 07:05:42+00:00,2021-04-29 10:56:14+00:00,Curto,R. fonte da saudade  - alt. rua humaitá - lagoa,Baixo,-22.9602904,-43.2030308,Fechado,Bolsão d'água em via,2021-04-29,
5.0,62369,Realengo,2021-04-13 08:09:12+00:00,2021-04-13 12:12:43+00:00,Curto,"Av. marechal fontenele, 3861 - realengo - sent. sulacap",Baixo,-22.8840026,-43.407551,Fechado,Bolsão d'água em via,2021-04-13,
5.0,62749,Cascadura,2021-04-27 22:32:37+00:00,2021-04-27 22:58:38+00:00,Curto,"Av. ernani cardoso, alt. r. padre telêmaco - cascadura",Baixo,-22.882274,-43.33250899999999,Fechado,Bolsão d'água em via,2021-04-27,
5.0,62238,Guaratiba,2021-04-07 00:56:18+00:00,2021-04-07 11:43:27+00:00,Curto,Estr. da pedra - alt. rua felipe cardoso - santa cruz,Baixo,-22.968175,-43.6478602,Fechado,Bolsão d'água em via,2021-04-07,
5.0,62625,Guaratiba,2021-04-22 11:34:38+00:00,2021-04-22 14:19:28+00:00,Curto,"Av. campo mourão, 344 - jardim maravilha - guaratiba",Baixo,-22.9622272,-43.6050691,Fechado,Bolsão d'água em via,2021-04-22,
5.0,62746,Madureira,2021-04-27 22:08:19+00:00,2021-04-28 01:51:29+00:00,Curto,"Av. min. edgard romero, alt. r. conselheiro galvão - madureira - sent. vaz lobo",Baixo,-22.8724851,-43.336067,Fechado,Bolsão d'água em via,2021-04-27,
5.0,62791,Copacabana,2021-04-28 23:25:13+00:00,2021-04-29 01:13:26+00:00,Curto,"Av. nossa. sra. de copacabana, alt. r. sta. clara - copacabana",Baixo,-22.9721093,-43.18683,Fechado,Bolsão d'água em via,2021-04-28,
5.0,62789,Copacabana,2021-04-28 23:13:59+00:00,2021-04-29 01:14:55+00:00,Curto,"Rua barata ribeiro, alt. r. santa clara - copacabana",Baixo,-22.9721093,-43.18683,Fechado,Bolsão d'água em via,2021-04-28,
5.0,62788,Copacabana,2021-04-28 23:08:44+00:00,2021-04-29 02:49:10+00:00,Curto,"Rua tonelero, alt. r. siqueira campos - copacabana",Baixo,-22.9668207,-43.1861741,Fechado,Bolsão d'água em via,2021-04-28,
5.0,62750,Itanhangá,2021-04-27 22:58:12+00:00,2021-04-28 01:57:26+00:00,Curto,"Estr. da barra da tijuca, alt. hotel serramar - itanhangá - sent. alto da boa vista",Baixo,-23.0037904,-43.3046887,Fechado,Bolsão d'água em via,2021-04-27,
5.0,62745,Santa cruz,2021-04-27 21:50:13+00:00,2021-04-27 22:39:51+00:00,Curto,"Praça santa cruz, 2 - santa cruz",Baixo,-22.9356815,-43.6664249,Fechado,Bolsão d'água em via,2021-04-27,
5.0,62351,Cidade nova,2021-04-12 21:30:00+00:00,2021-04-13 00:12:32+00:00,Curto,"Av. pres. vargas, alt. av. francisco bicalho - cidade nova - sent. rodoviária",Baixo,-22.909996935058903,-43.20737527564084,Fechado,Bolsão d'água em via,2021-04-12,
5.0,62822,Engenho novo,2021-04-29 10:00:59+00:00,2021-04-29 17:13:36+00:00,Curto,Rua sousa barros - alt. r. propicia - engenho novo,Baixo,-22.9019131,-43.2690975,Fechado,Bolsão d'água em via,2021-04-29,
5.0,62609,Jacarepaguá,2021-04-22 06:47:20+00:00,2021-04-22 16:35:58+00:00,Curto,Av. eng. souza filho - alt. estr. de jacarepaguá - jacarepaguá ( muzema ),Baixo,-22.9720927,-43.33700049999999,Fechado,Bolsão d'água em via,2021-04-22,
5.0,62621,Jacarepaguá,2021-04-22 10:46:38+00:00,2021-04-22 11:51:15+00:00,Curto,Av. ayrton senna - alt. ponte santos dumont - barra - sent. linha amarela,Baixo,-22.97882992501289,-43.36494034655761,Fechado,Bolsão d'água em via,2021-04-22,
5.0,62826,Santo cristo,2021-04-29 12:46:26+00:00,2021-04-29 15:39:47+00:00,Curto,Av. francisco bicalho - alt. iml - santo cristo - sent. centro,Baixo,-22.9046586,-43.2097136,Fechado,Bolsão d'água em via,2021-04-29,
5.0,62748,Gardênia azul,2021-04-27 22:22:16+00:00,2021-04-28 01:55:52+00:00,Curto,"Av. ayrton senna, alt. acesso ao giro do cebolinha - gardênia azul - sent. cidade de deus",Baixo,-22.9566202,-43.3561189,Fechado,Bolsão d'água em via,2021-04-27,
5.0,62620,Gardênia azul,2021-04-22 10:26:57+00:00,2021-04-22 11:28:40+00:00,Curto,"Av. ayrton senna - alt,. ponte da gardênia - sent. linha amarela",Baixo,-22.9578676,-43.3567443,Fechado,Bolsão d'água em via,2021-04-22,
5.0,62747,Gardênia azul,2021-04-27 22:12:13+00:00,2021-04-28 02:03:57+00:00,Curto,"Av. ayrton senna, alt. senac - barra da tijuca -  ambos os sentidos",Baixo,-22.961760537696087,-43.357043923217766,Fechado,Bolsão d'água em via,2021-04-27,
5.0,62553,Barra da tijuca,2021-04-21 05:53:51+00:00,2021-04-21 08:06:38+00:00,Curto,"Av. das américas, est. brt bosque marapendi - barra da tijuca - sent. são conrado",Baixo,-23.0007532,-43.3837713,Fechado,Bolsão d'água em via,2021-04-21,
5.0,62754,Barra da tijuca,2021-04-28 02:04:38+00:00,2021-04-28 02:07:07+00:00,Curto,"Av. das américas, alt. cidade das artes - barra da tijuca",Baixo,-23.0076006,-43.4381311,Fechado,Bolsão d'água em via,2021-04-28,
5.0,62803,Barra da tijuca,2021-04-29 05:40:30+00:00,2021-04-29 10:39:39+00:00,Curto,"Av. armando lombardi, alt. acesso barra point - barra da tijuca - em ambos os sentidos",Baixo,-23.0063038,-43.3086847,Fechado,Bolsão d'água em via,2021-04-29,
5.0,62179,Barra da tijuca,2021-04-03 20:33:39+00:00,2021-04-03 21:32:59+00:00,Curto,"Av. armando lombardi, alt. barra point - barra da tijuca - sent. recreio",Baixo,-23.0062406,-43.3085662,Fechado,Bolsão d'água em via,2021-04-03,
5.0,62546,Barra da tijuca,2021-04-21 02:58:01+00:00,2021-04-21 08:36:36+00:00,Curto,"Av. armando lombardi, alt. acesso barra point - barra da tijuca - em ambos os sentidos",Baixo,-23.006684996273577,-43.308383809786974,Fechado,Bolsão d'água em via,2021-04-21,
5.0,62744,Barra da tijuca,2021-04-27 21:28:59+00:00,2021-04-28 05:16:41+00:00,Curto,"Av. armando lombardi, alt. acesso barra point - barra da tijuca - em ambos os sentidos",Baixo,-23.006852878929383,-43.306871043902575,Fechado,Bolsão d'água em via,2021-04-27,
5.0,62758,Barra da tijuca,2021-04-28 06:51:51+00:00,2021-04-28 09:31:52+00:00,Curto,Av. das américas - alt. brt ricardo marinho - barra - sent. são conrado,Baixo,-23.0001681,-43.34654219999999,Fechado,Bolsão d'água em via,2021-04-28,
5.0,62554,Barra da tijuca,2021-04-21 06:12:08+00:00,2021-04-21 08:31:15+00:00,Curto,"Av. armando lombardi, alt. santander - barra da tijuca - sent. são conrado",Baixo,-23.0073608,-43.3077206,Fechado,Bolsão d'água em via,2021-04-21,
5.0,62760,Barra da tijuca,2021-04-28 06:58:37+00:00,2021-04-28 08:23:34+00:00,Curto,Av. armando lombardi - alt. brt jardim oceanico - sent. são conrado,Baixo,-23.00714633131952,-43.31116605407104,Fechado,Bolsão d'água em via,2021-04-28,
5.0,62547,Jardim botânico,2021-04-21 03:06:11+00:00,2021-04-21 03:50:45+00:00,Curto,"Av. borges de medeiros, alt. r. lineu de paula machado - lagoa",Baixo,-22.9663889,-43.2183333,Fechado,Bolsão d'água em via,2021-04-21,
33.0,62570,São cristóvão,2021-04-21 08:55:15+00:00,2021-04-21 16:21:13+00:00,Curto,Av. bartolomeu de gusmão - alt. 850  - são cristóvão,Baixo,-22.9079717,-43.2309849,Fechado,Lâmina d'água,2021-04-21,
5.0,62144,Ilha do governador,2021-04-01 18:38:59+00:00,2021-04-01 23:55:44+00:00,Curto,"Estr. do rio jequiá, 428 - cacuia",Baixo,-22.8208964,-43.1777249,Fechado,Bolsão d'água em via,2021-04-01,
5.0,100741,Gávea,2023-08-13 19:51:23+00:00,2023-08-14 00:46:22+00:00,Curto,"Estr. da gávea, 800 - alt. golf club - sent. barra da tijuca.",Baixo,-22.998319,-43.2677017,Fechado,Bolsão d'água em via,2023-08-13,
33.0,100732,Gávea,2023-08-13 17:20:26+00:00,2023-08-13 18:53:48+00:00,Curto,"R. jardim botânico, alt. praça santos dumont - gávea - ambos os sentidos",Baixo,-22.9732248,-43.2260453,Fechado,Lâmina d'água,2023-08-13,
5.0,101638,Tijuca,2023-08-29 20:21:04+00:00,2023-08-29 21:07:06+00:00,Curto,"Rua doutor satamini, alt. r.campos sales - tijuca",Baixo,-22.9184846,-43.217888,Fechado,Bolsão d'água em via,2023-08-29,
33.0,100731,Ipanema,2023-08-13 17:15:12+00:00,2023-08-13 18:37:28+00:00,Curto,"R. vinícius de moraes, alt. av. borges de medeiros - ipanema",Baixo,-22.9797387,-43.2024315,Fechado,Lâmina d'água,2023-08-13,
5.0,101095,Vila isabel,2023-08-20 13:56:26+00:00,2023-08-20 14:08:14+00:00,Curto,"R. barão de são francisco, alt. r. torres homem - vila isabel",Baixo,-22.9151275,-43.25166900000001,Fechado,Bolsão d'água em via,2023-08-20,
5.0,101482,Barra da tijuca,2023-08-27 04:09:43+00:00,2023-08-27 05:28:21+00:00,Curto,"Av. armando lombardi, alt. est. brt jardim oceânico - barra da tijuca - sent. recreio",Baixo,-23.0067108,-43.3124895,Fechado,Bolsão d'água em via,2023-08-27,
5.0,5926,Olaria,2024-02-15 08:11:03+00:00,2024-02-15 09:11:03+00:00,Desconhecido,"R. comte. vergueiro da cruz , alt. av. prof. plinio bastos - olaria",Sem classificação,-22.8367601,-43.2649135,Aberto,Bolsão d'água em via,2024-02-15,78834.0
5.0,6639,Barra da tijuca,2024-02-28 04:49:28+00:00,2024-02-28 05:49:28+00:00,Desconhecido,"Av. armando lombardi,  - barra da tijuca",Normal,-23.0066958,-43.310663,Fechado,Bolsão d'água em via,2024-02-28,80127.5
5.0,6292,Bangu,2024-02-21 23:19:43+00:00,2024-02-22 00:19:43+00:00,Desconhecido,"Av santa cruz,  - bangu",Média,-22.8828566,-43.4886292,Fechado,Bolsão d'água em via,2024-02-21,79529.5
5.0,5964,Ribeira,2024-02-15 15:52:36+00:00,2024-02-15 16:52:36+00:00,Desconhecido,"R. serrao, alt. r. pojuca - ribeira",Média,-22.8216012,-43.1743708,Fechado,Bolsão d'água em via,2024-02-15,78834.0
5.0,5949,Freguesia (ilha do governador),2024-02-15 11:32:17+00:00,2024-02-15 12:32:17+00:00,Desconhecido,"R. pio dutra,  - freguesia (ilha do governador)",Média,-22.7918665,-43.1728986,Fechado,Bolsão d'água em via,2024-02-15,78834.0
5.0,6300,Bangu,2024-02-22 02:42:47+00:00,2024-02-22 03:42:47+00:00,Desconhecido,"Rua da feira,  - bangu",Normal,-22.8802756,-43.4725686,Fechado,Bolsão d'água em via,2024-02-22,79529.5
5.0,6298,Realengo,2024-02-22 00:23:58+00:00,2024-02-22 01:23:58+00:00,Desconhecido,"Rua limites,  - realengo",Normal,-22.8836356,-43.4384666,Fechado,Bolsão d'água em via,2024-02-22,79529.5
5.0,6297,Realengo,2024-02-22 00:19:52+00:00,2024-02-22 01:19:52+00:00,Desconhecido,"Av santa cruz,  - realengo",Normal,-22.8765708,-43.4470623,Fechado,Bolsão d'água em via,2024-02-22,76904.4
5.0,6295,Santíssimo,2024-02-21 23:54:36+00:00,2024-02-22 00:54:36+00:00,Desconhecido,"Av de santa cruz,  - santissimo",Normal,-22.8866906,-43.5207053,Fechado,Bolsão d'água em via,2024-02-21,77889.2
5.0,6291,Bangu,2024-02-21 23:17:27+00:00,2024-02-22 00:17:27+00:00,Desconhecido,"Rua francisco real,  - bangu",Normal,-22.8795565,-43.4572141,Fechado,Bolsão d'água em via,2024-02-21,79529.5
5.0,6290,Sem bairro,2024-02-21 23:15:38+00:00,2024-02-22 00:15:38+00:00,Desconhecido,"Av santa cruz,  - ",Normal,,,Fechado,Bolsão d'água em via,2024-02-21,77889.2
5.0,6284,Bangu,2024-02-21 22:08:35+00:00,2024-02-21 23:08:35+00:00,Desconhecido,"Rua da feira,  - bangu",Normal,-22.8802756,-43.4725686,Fechado,Bolsão d'água em via,2024-02-21,79964.33333333333
5.0,6285,Bangu,2024-02-21 22:11:08+00:00,2024-02-21 23:11:08+00:00,Desconhecido,"Estrada do quafa,  - bangu",Normal,-22.8539459,-43.4904716,Fechado,Bolsão d'água em via,2024-02-21,79529.5
5.0,6286,Bangu,2024-02-21 22:36:17+00:00,2024-02-21 23:36:17+00:00,Desconhecido,"Av brasil,  - bangu",Normal,-22.8600208,-43.5076179,Fechado,Bolsão d'água em via,2024-02-21,79529.5
5.0,6181,Campo grande,2024-02-20 14:33:44+00:00,2024-02-20 15:33:44+00:00,Desconhecido,"Estr. do mendanha, alt. ndeg 2132 - campo grande",Normal,-22.865366,-43.5504557,Fechado,Bolsão d'água em via,2024-02-20,80894.0
5.0,5965,Galeão,2024-02-15 16:21:09+00:00,2024-02-15 17:21:09+00:00,Desconhecido,"Estr. das canarias ,  - galeao",Normal,-22.8132366,-43.2274402,Fechado,Bolsão d'água em via,2024-02-15,78834.0
5.0,5984,Freguesia (jacarepaguá),2024-02-15 18:48:01+00:00,2024-02-15 19:48:01+00:00,Desconhecido,"Rua camatia, alt. 18o bpm - freguesia (jacarepagua)",Normal,-22.9269568,-43.3443032,Fechado,Bolsão d'água em via,2024-02-15,78834.0
5.0,5977,Gardênia azul,2024-02-15 17:10:33+00:00,2024-02-15 18:10:33+00:00,Desconhecido,"Av. ayrton senna , alt. espaco hall - gardenia azul",Normal,-22.9605794,-43.356919,Fechado,Bolsão d'água em via,2024-02-15,78834.0
5.0,5980,Praça da bandeira,2024-02-15 17:47:30+00:00,2024-02-15 18:47:30+00:00,Desconhecido,"Av. osvaldo aranha, alt. posto br - praca da bandeira",Normal,-22.9104595,-43.215125,Fechado,Bolsão d'água em via,2024-02-15,78834.0
5.0,5967,Jacarepaguá,2024-02-15 16:36:27+00:00,2024-02-15 17:36:27+00:00,Desconhecido,"Av. olof palm, alt. r. abrahao jabour - jacarepagua",Normal,-22.9739535,-43.4113532,Fechado,Bolsão d'água em via,2024-02-15,78834.0
5.0,5962,Guaratiba,2024-02-15 15:25:32+00:00,2024-02-15 16:25:32+00:00,Desconhecido,"Estr. do magarca, alt. no 4163 - guaratiba",Normal,-22.9579049,-43.6107839,Fechado,Bolsão d'água em via,2024-02-15,78834.0
5.0,5951,Jacaré,2024-02-15 11:43:28+00:00,2024-02-15 12:43:28+00:00,Desconhecido,"R. lino teixeira, alt. no 20 - jacare",Normal,-22.8944935,-43.2569284,Fechado,Bolsão d'água em via,2024-02-15,78834.0
5.0,5960,Bonsucesso,2024-02-15 14:11:23+00:00,2024-02-15 15:11:23+00:00,Desconhecido,"Av. dos democraticos, alt.  r. clemenceau - bonsucesso",Normal,-22.8687173,-43.2565171,Fechado,Bolsão d'água em via,2024-02-15,78834.0
5.0,5975,Pavuna,2024-02-15 17:05:18+00:00,2024-02-15 18:05:18+00:00,Desconhecido,"R. mercurio, alt. no 1545 - pavuna",Normal,-22.8053885,-43.3561198,Fechado,Bolsão d'água em via,2024-02-15,78834.0
5.0,5970,Jacarepaguá,2024-02-15 16:49:07+00:00,2024-02-15 17:49:07+00:00,Desconhecido,"Estr. cel. pedro correa, alt. r. aroazes - jacarepagua",Normal,-22.9709827,-43.3930075,Fechado,Bolsão d'água em via,2024-02-15,78834.0
5.0,5978,Taquara,2024-02-15 17:14:32+00:00,2024-02-15 18:14:32+00:00,Desconhecido,"Estr. da soca, alt. av. dos mananciais - taquara",Normal,-22.9157052,-43.3866752,Fechado,Bolsão d'água em via,2024-02-15,78834.0
5.0,5979,Recreio dos bandeirantes,2024-02-15 17:18:32+00:00,2024-02-15 18:18:32+00:00,Desconhecido,"Av. glaucio gil, alt. no 810 - recreio dos bandeirantes",Normal,-23.0190753,-43.4593765,Fechado,Bolsão d'água em via,2024-02-15,78834.0
5.0,5966,Recreio dos bandeirantes,2024-02-15 16:31:21+00:00,2024-02-15 17:31:21+00:00,Desconhecido,"Av. genaro de carvalho, alt. r. joaquim jose couto - recreio dos bandeirantes",Normal,-23.017998,-43.4642937,Fechado,Bolsão d'água em via,2024-02-15,78834.0
5.0,5948,Campo grande,2024-02-15 11:10:04+00:00,2024-02-15 12:10:04+00:00,Desconhecido,"Estr. do mendanha, alt. west shopping - campo grande",Normal,-22.8844836,-43.5576059,Fechado,Bolsão d'água em via,2024-02-15,78834.0
5.0,5929,Engenho novo,2024-02-15 10:15:39+00:00,2024-02-15 11:15:39+00:00,Desconhecido,"R. vinte e quatro de maio,  - engenho novo",Normal,-22.9028429,-43.2681691,Fechado,Bolsão d'água em via,2024-02-15,79899.66666666667
5.0,5933,Tauá,2024-02-15 10:20:59+00:00,2024-02-15 11:20:59+00:00,Desconhecido,"R. eutiquio soledade,  - taua",Normal,-22.7952234,-43.1851405,Fechado,Bolsão d'água em via,2024-02-15,78834.0
5.0,5932,Tauá,2024-02-15 10:19:45+00:00,2024-02-15 11:19:45+00:00,Desconhecido,"R. demetrio de toledo,  - taua",Normal,-22.7940471,-43.1850998,Fechado,Bolsão d'água em via,2024-02-15,78834.0
5.0,5930,Bonsucesso,2024-02-15 10:17:08+00:00,2024-02-15 11:17:08+00:00,Desconhecido,"Av. dos democraticos,  - bonsucesso",Normal,-22.87153,-43.258232,Fechado,Bolsão d'água em via,2024-02-15,78834.0
5.0,5939,Cacuia,2024-02-15 10:28:33+00:00,2024-02-15 11:28:33+00:00,Desconhecido,"Av. cel. luis oliveira sampaio, alt. n.o 180 - cacuia",Normal,-22.8158197,-43.1887044,Fechado,Bolsão d'água em via,2024-02-15,78834.0
5.0,5940,Jardim guanabara,2024-02-15 10:30:21+00:00,2024-02-15 11:30:21+00:00,Desconhecido,"Av. alm. alves camara junior, alt. no 1242 - jardim guanabara",Normal,-22.8188723,-43.1935971,Fechado,Bolsão d'água em via,2024-02-15,78834.0
5.0,5942,São cristóvão,2024-02-15 10:32:33+00:00,2024-02-15 11:32:33+00:00,Desconhecido,"R. benedito otoni, alt. r. santos lima - sao cristovao",Normal,-22.8967121,-43.2165414,Fechado,Bolsão d'água em via,2024-02-15,78834.0
5.0,5941,Jardim guanabara,2024-02-15 10:31:35+00:00,2024-02-15 11:31:35+00:00,Desconhecido,"Estrada da bica, alt. no 578 - jardim guanabara",Normal,-22.818691,-43.1882398,Fechado,Bolsão d'água em via,2024-02-15,78834.0
5.0,5943,São cristóvão,2024-02-15 10:33:45+00:00,2024-02-15 11:33:45+00:00,Desconhecido,"R. bela, alt. no 909 - sao cristovao",Normal,-22.8896766,-43.2238018,Fechado,Bolsão d'água em via,2024-02-15,78834.0
5.0,5945,São cristóvão,2024-02-15 10:35:41+00:00,2024-02-15 11:35:41+00:00,Desconhecido,"R. haddock lobo, alt. r. engenheio adel - sao cristovao",Normal,-22.9212038,-43.2162504,Fechado,Bolsão d'água em via,2024-02-15,78834.0
5.0,5936,São cristóvão,2024-02-15 10:23:52+00:00,2024-02-15 11:23:52+00:00,Desconhecido,"R. francisco palheta,  - sao cristovao",Normal,-22.8905307,-43.2272207,Fechado,Bolsão d'água em via,2024-02-15,78834.0
5.0,5935,Zumbi,2024-02-15 10:22:45+00:00,2024-02-15 11:22:45+00:00,Desconhecido,"Estr. do rio jequia,  - zumbi",Normal,-22.822336,-43.176917,Fechado,Bolsão d'água em via,2024-02-15,78834.0
5.0,5934,Tauá,2024-02-15 10:21:51+00:00,2024-02-15 11:21:51+00:00,Desconhecido," av. paranapua,  - taua",Normal,-22.8000774,-43.1826061,Fechado,Bolsão d'água em via,2024-02-15,78834.0
5.0,5937,São cristóvão,2024-02-15 10:24:58+00:00,2024-02-15 11:24:58+00:00,Desconhecido,"R. campo de sao cristovao,  - sao cristovao",Normal,-22.8964816,-43.2213218,Fechado,Bolsão d'água em via,2024-02-15,78834.0
5.0,5947,Bonsucesso,2024-02-15 10:37:14+00:00,2024-02-15 11:37:14+00:00,Desconhecido,"Av. teixeira de castro , alt. no 210 - bonsucesso",Normal,-22.8592967,-43.2536251,Fechado,Bolsão d'água em via,2024-02-15,78834.0
5.0,5973,Pavuna,2024-02-15 16:59:40+00:00,2024-02-15 17:59:40+00:00,Desconhecido,"R. netuno, alt. no 794 - pavuna",Normal,-22.8069168,-43.3594294,Fechado,Bolsão d'água em via,2024-02-15,78834.0
5.0,5946,Manguinhos,2024-02-15 10:36:54+00:00,2024-02-15 11:36:54+00:00,Desconhecido," linha amarela, alt. saida 9b - manguinhos",Normal,-22.8719032,-43.249596,Fechado,Bolsão d'água em via,2024-02-15,78834.0
5.0,5901,Olaria,2024-02-14 23:02:21+00:00,2024-02-15 00:02:21+00:00,Desconhecido,"Av brasil,  - olaria",Normal,-22.8371704,-43.2583206,Fechado,Bolsão d'água em via,2024-02-14,76551.0
5.0,5900,Olaria,2024-02-14 22:54:12+00:00,2024-02-14 23:54:12+00:00,Desconhecido,"Rua ibiapina,  - olaria",Normal,-22.8426708,-43.2721271,Fechado,Bolsão d'água em via,2024-02-14,76551.0
5.0,5903,Freguesia (ilha do governador),2024-02-14 23:10:01+00:00,2024-02-15 00:10:01+00:00,Desconhecido,"Estrada do galeao, ndeg 1803 - freguesia (ilha do governador)",Normal,-22.8062809,-43.19989169999999,Fechado,Bolsão d'água em via,2024-02-14,78834.0
5.0,5907,Centro,2024-02-14 23:54:29+00:00,2024-02-15 00:54:29+00:00,Desconhecido,"Rua mem de sa,  - centro",Normal,-22.8621036,-43.4840493,Fechado,Bolsão d'água em via,2024-02-14,76551.0
5.0,5908,Centro,2024-02-14 23:56:23+00:00,2024-02-15 00:56:23+00:00,Desconhecido,"Rua do santana,  - centro",Normal,-22.9081212,-43.1939546,Fechado,Bolsão d'água em via,2024-02-14,76551.0
5.0,5906,Penha,2024-02-14 23:53:10+00:00,2024-02-15 00:53:10+00:00,Desconhecido,"Av brasil,  - penha",Normal,-22.8294072,-43.2710391,Fechado,Bolsão d'água em via,2024-02-14,76551.0
5.0,5794,Campo grande,2024-02-12 18:17:35+00:00,2024-02-12 19:17:35+00:00,Desconhecido,"Rua gramado,  - campo grande",Normal,-22.9043674,-43.5703615,Fechado,Bolsão d'água em via,2024-02-12,80624.0
5.0,5061,Galeão,2024-02-01 01:50:23+00:00,2024-02-01 02:50:23+00:00,Desconhecido,"Estr. do galeao,  - galeao",Normal,-22.8286318,-43.2351674,Fechado,Bolsão d'água em via,2024-02-01,
31.0,5950,Bancários,2024-02-15 11:36:34+00:00,2024-02-15 12:36:34+00:00,Desconhecido,"Rua ilha fiscal,  - bancarios",Média,-22.7887836,-43.1832662,Fechado,Alagamento,2024-02-15,78067.0
31.0,6293,Bangu,2024-02-21 23:24:24+00:00,2024-02-22 00:24:24+00:00,Desconhecido,"Rua figueiredo camargo,  - bangu",Normal,-22.8714581,-43.4558835,Fechado,Alagamento,2024-02-21,74475.0
33.0,6280,Bangu,2024-02-21 20:35:13+00:00,2024-02-21 21:35:13+00:00,Desconhecido,"Rua francisco real,  - bangu",Normal,-22.8795565,-43.4572141,Fechado,Lâmina d'água,2024-02-21,76340.0
33.0,5972,Vila isabel,2024-02-15 16:57:00+00:00,2024-02-15 17:57:00+00:00,Desconhecido,"R. maxwell, alt. no 21 - vila isabel",Normal,-22.9169707,-43.2372079,Fechado,Lâmina d'água,2024-02-15,78834.0
33.0,5953,Campo grande,2024-02-15 12:07:24+00:00,2024-02-15 13:07:24+00:00,Desconhecido,"Av. cesario de melo, alt. r. morango - campo grande",Normal,-22.9102244,-43.5829307,Fechado,Lâmina d'água,2024-02-15,78834.0
33.0,5952,Santa cruz,2024-02-15 12:04:36+00:00,2024-02-15 13:04:36+00:00,Desconhecido,"R. felipe cardoso, av. eng. gastao rangel  - santa cruz",Normal,-22.927328,-43.67791210000001,Fechado,Lâmina d'água,2024-02-15,78834.0
33.0,5792,Campo grande,2024-02-12 17:09:11+00:00,2024-02-12 18:09:11+00:00,Desconhecido,"Estr. do mendanha, alt. no 4017 - campo grande",Normal,-22.865366,-43.5504557,Fechado,Lâmina d'água,2024-02-12,80624.0
33.0,5793,Campo grande,2024-02-12 17:33:19+00:00,2024-02-12 18:33:19+00:00,Desconhecido,"Av. cesario de melo, alt. no 3393 - campo grande",Normal,-22.9102244,-43.5829307,Fechado,Lâmina d'água,2024-02-12,80624.0
5.0,5957,São cristóvão,2024-02-15 13:29:36+00:00,2024-02-15 14:29:36+00:00,Desconhecido,"Avenida francisco bicalho,  - sao cristovao",Normal,-22.9046586,-43.2097136,Fechado,Bolsão d'água em via,2024-02-15,77076.8
5.0,5905,Ramos,2024-02-14 23:18:12+00:00,2024-02-15 00:18:12+00:00,Desconhecido,"Av brasil,  - ramos",Normal,,,Fechado,Bolsão d'água em via,2024-02-14,76551.0
5.0,5904,Freguesia (ilha do governador),2024-02-14 23:12:52+00:00,2024-02-15 00:12:52+00:00,Desconhecido,"Estrada do galeao,  - freguesia (ilha do governador)",Normal,-22.811957,-43.2181706,Fechado,Bolsão d'água em via,2024-02-14,76551.0
5.0,5902,Freguesia (ilha do governador),2024-02-14 23:05:40+00:00,2024-02-15 00:05:40+00:00,Desconhecido,"Estrada do galeao,  - freguesia (ilha do governador)",Normal,-22.811957,-43.2181706,Fechado,Bolsão d'água em via,2024-02-14,76551.0
5.0,5931,Bonsucesso,2024-02-15 10:18:28+00:00,2024-02-15 11:18:28+00:00,Desconhecido,"Av. brasil,  - bonsucesso",Média,-22.865276,-43.2476032,Fechado,Bolsão d'água em via,2024-02-15,78834.0
5.0,5944,São cristóvão,2024-02-15 10:34:39+00:00,2024-02-15 11:34:39+00:00,Desconhecido,"R. francisco eugenio, alt. no 329 - sao cristovao",Normal,-22.8996469,-43.2227,Fechado,Bolsão d'água em via,2024-02-15,78834.0
5.0,6288,Sem bairro,2024-02-21 22:40:29+00:00,2024-02-21 23:40:29+00:00,Desconhecido,"Av brasil,  - ",Normal,,,Fechado,Bolsão d'água em via,2024-02-21,77889.2
5.0,5938,São cristóvão,2024-02-15 10:26:42+00:00,2024-02-15 11:26:42+00:00,Desconhecido,"Linha vermelha, alt. km 0 - sao cristovao",Normal,-22.8912442,-43.2225924,Fechado,Bolsão d'água em via,2024-02-15,78834.0
33.0,45508,Gávea,2019-08-20 20:49:48+00:00,2019-08-21 00:54:56+00:00,Curto,"Av. borges de medeiros, alt. jockey club - gávea ",Baixo,-22.9741219,-43.22512280000001,Fechado,Lâmina d'água,2019-08-20,
5.0,45510,Gávea,2019-08-20 21:53:01+00:00,2019-08-21 00:38:03+00:00,Curto,"Rua jardim botânico, alt. pça. santos dumont - gávea",Baixo,-22.9741219,-43.22512280000001,Fechado,Bolsão d'água em via,2019-08-20,
5.0,45040,Gávea,2019-08-04 05:26:26+00:00,2019-08-04 08:00:46+00:00,Curto,Estr. da gávea - alt. fashion mall  - gávea - sent. lagoa,Baixo,-22.9964157,-43.25943050000001,Fechado,Bolsão d'água em via,2019-08-04,
5.0,45066,Rocinha,2019-08-04 19:00:54+00:00,2019-08-05 04:08:49+00:00,Curto,Rua gen. olímpio mourão filho - são conrado - sent. barra,Baixo,-22.9931215,-43.25344919999998,Fechado,Bolsão d'água em via,2019-08-04,
5.0,45512,Cidade nova,2019-08-20 22:14:54+00:00,2019-08-21 04:08:48+00:00,Curto,"Av. pres. vargas, alt. est. metrô cidade nova",Baixo,-22.908769,-43.20630130000001,Fechado,Bolsão d'água em via,2019-08-20,
5.0,45049,São conrado,2019-08-04 09:16:07+00:00,2019-08-04 11:52:48+00:00,Curto,"Estr. da gávea, alt. av. aquarela do brasil - s. conrado - sent. lagoa",Baixo,-22.993365749361217,-43.25365105158994,Fechado,Bolsão d'água em via,2019-08-04,
5.0,45063,Jardim carioca,2019-08-04 17:14:41+00:00,2019-08-05 00:01:15+00:00,Curto,"R. muiatuca, 123 - jardim carioca",Baixo,-22.8063377,-43.19814289999999,Fechado,Bolsão d'água em via,2019-08-04,
5.0,45039,Barra da tijuca,2019-08-04 05:10:25+00:00,2019-08-04 07:59:21+00:00,Curto,Av. armando lombardi - alt. jardim oceânico - barra da tijuca - sent. barra,Baixo,-23.0066933,-43.3106674,Fechado,Bolsão d'água em via,2019-08-04,
5.0,45509,Barra da tijuca,2019-08-20 21:16:07+00:00,2019-08-20 23:20:36+00:00,Curto,"Av. min. ivan lins, alt. pte. da joatinga - barra - sent. recreio",Baixo,-23.0129114,-43.29781120000001,Fechado,Bolsão d'água em via,2019-08-20,
5.0,1259,Sem bairro,2015-09-12 22:13:35+00:00,2015-09-13 01:21:45+00:00,Desconhecido,"Av. novo rio, 3131 - bonsucesso",Baixo,-22.8716844,-43.25617650000004,Fechado,Bolsão d'água em via,2015-09-12,
5.0,1258,Sem bairro,2015-09-12 20:12:42+00:00,2015-09-13 03:39:15+00:00,Desconhecido,R. pinheiro machado com muniz barreto - botafogo,Baixo,-22.9447735,-43.1839167,Fechado,Bolsão d'água em via,2015-09-12,
5.0,1269,Sem bairro,2015-09-13 14:30:27+00:00,2015-09-13 16:11:29+00:00,Desconhecido,"Praça gen. alcio souto, 8394 - lagoa",Baixo,-22.9607647,-43.204110300000025,Fechado,Bolsão d'água em via,2015-09-13,
5.0,1271,Sem bairro,2015-09-13 15:35:41+00:00,2015-09-13 16:11:56+00:00,Desconhecido,"Rua professor abelardo lóbo, 46 - lagoa",Baixo,-22.9615945,-43.205229900000006,Fechado,Bolsão d'água em via,2015-09-13,
5.0,1270,Sem bairro,2015-09-13 14:33:14+00:00,2015-09-14 01:05:35+00:00,Desconhecido,"Estr. da gávea, 655 - são conrado",Baixo,-22.995186,-43.25711949999999,Fechado,Bolsão d'água em via,2015-09-13,
5.0,1264,Sem bairro,2015-09-13 08:21:47+00:00,2015-09-13 16:10:52+00:00,Desconhecido,"Av. salvador allende, 3200 - recreio ",Baixo,-22.96588226168026,-43.396439160327134,Fechado,Bolsão d'água em via,2015-09-13,
5.0,1473,Sem bairro,2015-09-27 22:22:52+00:00,2015-09-28 04:21:30+00:00,Desconhecido,"R. vinte e quatro de maio, 1299 - engenho novo",Baixo,-22.9038511,-43.27622050000002,Fechado,Bolsão d'água em via,2015-09-27,
5.0,1474,Sem bairro,2015-09-27 22:56:38+00:00,2015-09-28 04:21:48+00:00,Desconhecido,Av. salvador allende x estr. dos bandeirantes - curicica,Baixo,-22.960660977530605,-43.39165539719238,Fechado,Bolsão d'água em via,2015-09-27,
5.0,1475,Sem bairro,2015-09-27 23:00:00+00:00,2015-09-27 23:06:20+00:00,Desconhecido,Av. pedro porto x salvador allender,Baixo,-22.973084445465226,-43.3855849460449,Fechado,Bolsão d'água em via,2015-09-27,
5.0,1265,Sem bairro,2015-09-13 08:36:16+00:00,2015-09-13 16:11:04+00:00,Desconhecido,"Av. borges de medeiros, 2545, lagoa ",Baixo,,,Fechado,Bolsão d'água em via,2015-09-13,
5.0,1277,Sem bairro,2015-09-13 19:14:43+00:00,2015-09-14 03:20:37+00:00,Desconhecido,"Estr. da gávea, 611 à 655 - são conrado",Baixo,,,Fechado,Bolsão d'água em via,2015-09-13,
5.0,1263,Sem bairro,2015-09-13 06:30:26+00:00,2015-09-13 16:14:42+00:00,Desconhecido,"Av. brasil, 40 - são cristóvão",Baixo,-22.8921787,-43.21636330000001,Fechado,Bolsão d'água em via,2015-09-13,
5.0,1260,Sem bairro,2015-09-12 22:15:52+00:00,2015-09-13 01:20:19+00:00,Desconhecido,"Av. ataulfo de paiva, 752 - leblon",Baixo,-22.9843373,-43.22314240000003,Fechado,Bolsão d'água em via,2015-09-12,
5.0,1261,Sem bairro,2015-09-12 22:16:47+00:00,2015-09-13 01:20:30+00:00,Desconhecido,Avenida general san martin / praça antero de quintal - leblon,Baixo,-22.9843373,-43.22314240000003,Fechado,Bolsão d'água em via,2015-09-12,
5.0,74008,Urca,2022-05-05 16:28:39+00:00,2022-05-06 06:59:28+00:00,Curto,Praça general tibúrcio - urca,Baixo,-22.9552043,-43.1663915,Fechado,Bolsão d'água em via,2022-05-05,
5.0,74272,Lagoa,2022-05-12 08:10:49+00:00,2022-05-12 09:01:38+00:00,Curto,"Av. epitácio pessoa, alt. r. vinícius de moraes - ipanema",Baixo,-22.9743299,-43.20643889999999,Fechado,Bolsão d'água em via,2022-05-12,
5.0,74263,Ramos,2022-05-12 06:53:58+00:00,2022-05-12 09:59:32+00:00,Curto,Linha vermelha - alt. km 13 - sent. centro,Baixo,-22.8386243,-43.2421897,Fechado,Bolsão d'água em via,2022-05-12,
5.0,73974,Catete,2022-05-04 20:42:08+00:00,2022-05-04 22:03:04+00:00,Curto,"Rua pedro américo, alt. r. do catete - catete - sent. glória",Baixo,-22.9242256,-43.1815321,Fechado,Bolsão d'água em via,2022-05-04,
5.0,74555,Catete,2022-05-16 15:45:06+00:00,2022-05-16 17:22:22+00:00,Curto,"Rua do catete, alt. r. silveira martins - catete",Baixo,-22.9308225,-43.1773649,Fechado,Bolsão d'água em via,2022-05-16,
5.0,73972,Catete,2022-05-04 20:27:07+00:00,2022-05-04 22:03:26+00:00,Curto,"Rua do catete, alt. r. silveira martins - catete",Baixo,-22.9308225,-43.1773649,Fechado,Bolsão d'água em via,2022-05-04,
5.0,74570,Centro,2022-05-16 17:44:17+00:00,2022-05-16 18:07:54+00:00,Curto,Estrada do monteiro - alt. estr. da cambota - campo grande,Baixo,-22.9068467,-43.1728965,Fechado,Bolsão d'água em via,2022-05-16,
5.0,74576,Centro,2022-05-16 19:44:22+00:00,2022-05-16 20:43:32+00:00,Curto,"Rua república do líbano, alt. ciee - centro",Baixo,-22.9070771,-43.1858493,Fechado,Bolsão d'água em via,2022-05-16,
5.0,74553,Grajau,2022-05-16 15:30:06+00:00,2022-05-16 15:52:53+00:00,Curto,"Estr. grajaú/jpa - alt. km 0,5 - grajaú - sent. jpa",Baixo,-22.9193077,-43.2843732,Fechado,Bolsão d'água em via,2022-05-16,
5.0,73977,Grajau,2022-05-04 21:23:54+00:00,2022-05-05 00:49:06+00:00,Curto,"Rua josé vicente, alt. r. barão de mesquita - grajaú",Baixo,-22.9241098,-43.2548538,Fechado,Bolsão d'água em via,2022-05-04,
5.0,74269,Irajá,2022-05-12 07:45:52+00:00,2022-05-12 08:43:20+00:00,Curto,Av. brasil - alt. irajá - sent. z.oeste,Baixo,-22.8263973,-43.3366913,Fechado,Bolsão d'água em via,2022-05-12,
5.0,74266,Irajá,2022-05-12 07:26:18+00:00,2022-05-12 08:52:03+00:00,Curto,Av. brasil - alt. trevo das margaridas - irajá  sent. centro,Baixo,-22.8204814,-43.3204012,Fechado,Bolsão d'água em via,2022-05-12,
5.0,74265,Pavuna,2022-05-12 07:21:26+00:00,2022-05-12 08:51:40+00:00,Curto,Av. chrisóstomo pimentel de oliveira - alt. vianense- pavuna,Baixo,-22.8164293,-43.384932,Fechado,Bolsão d'água em via,2022-05-12,
5.0,74267,Pavuna,2022-05-12 07:29:27+00:00,2022-05-12 08:51:24+00:00,Curto,R. comendador guerra - pavuna,Baixo,-22.8084589,-43.36930659999999,Fechado,Bolsão d'água em via,2022-05-12,
5.0,74554,Tijuca,2022-05-16 15:36:25+00:00,2022-05-16 17:07:53+00:00,Curto,R. haddock lobo - alt. r. engenheiro abel - tijuca,Baixo,-22.9189372,-43.213431,Fechado,Bolsão d'água em via,2022-05-16,
5.0,74001,Benfica,2022-05-05 13:18:03+00:00,2022-05-05 18:36:11+00:00,Curto,R. pereira lopes - alt. nº 99 - benfica,Baixo,-22.8941323,-43.237633,Fechado,Bolsão d'água em via,2022-05-05,
5.0,73980,Glória,2022-05-04 22:37:16+00:00,2022-05-04 23:55:04+00:00,Curto,"Rua teixeira de freitas ,altura da pça paris - glória",Baixo,-22.9148131,-43.1752379,Fechado,Bolsão d'água em via,2022-05-04,
5.0,73962,Ipanema,2022-05-04 16:33:05+00:00,2022-05-04 17:17:27+00:00,Curto,Avenida epitácio pessoa - alt. r. vinicius de morais,Baixo,-22.9806684,-43.21123739999999,Fechado,Bolsão d'água em via,2022-05-04,
5.0,73976,Cachambi,2022-05-04 20:59:51+00:00,2022-05-05 01:21:42+00:00,Curto,"Rua cachambi, 452 - cachambi",Baixo,-22.8868199,-43.2764567,Fechado,Bolsão d'água em via,2022-05-04,
5.0,73985,Estácio,2022-05-05 07:21:15+00:00,2022-05-05 08:20:01+00:00,Curto,R. estácio de sá - alt. nº 167 - estácio,Baixo,-22.9150366,-43.2067777,Fechado,Bolsão d'água em via,2022-05-05,
5.0,74556,Estácio,2022-05-16 15:47:41+00:00,2022-05-16 17:07:17+00:00,Curto,Rua estácio de sá - estácio - sent. tijuca,Baixo,-22.9141913,-43.20503,Fechado,Bolsão d'água em via,2022-05-16,
5.0,73979,Maracanã,2022-05-04 21:51:56+00:00,2022-05-04 23:00:33+00:00,Curto,"Rua morais e silva, 51 - maracanã",Baixo,-22.9127302,-43.2220629,Fechado,Bolsão d'água em via,2022-05-04,
5.0,74557,Maracanã,2022-05-16 15:58:10+00:00,2022-05-16 19:18:59+00:00,Curto,Rua ibituruna - alt. r. moraes e silva,Baixo,-22.9130099,-43.2205729,Fechado,Bolsão d'água em via,2022-05-16,
31.0,74770,Itanhangá,2022-05-20 06:53:31+00:00,2022-05-21 18:33:21+00:00,Curto,Av. engenheiro souza filho - alt. muzema,Baixo,-22.9786046,-43.3336748,Fechado,Alagamento,2022-05-20,
5.0,74552,Santa cruz,2022-05-16 15:19:01+00:00,2022-05-16 17:03:18+00:00,Curto,R. felipe cardoso - alt. av. eng° gastão rangel - santa cruz - sent. guaratiba,Baixo,-22.9277194,-43.6772512,Fechado,Bolsão d'água em via,2022-05-16,
5.0,74551,Santa cruz,2022-05-16 14:42:46+00:00,2022-05-16 14:59:29+00:00,Curto,R. felipe cardoso - alt. av. eng° gastão rangel - santa cruz - sent. guaratiba,Baixo,-22.9186291,-43.682294,Fechado,Bolsão d'água em via,2022-05-16,
5.0,73975,Vila isabel,2022-05-04 20:52:46+00:00,2022-05-04 21:24:07+00:00,Curto,"Rua alm. joão cândido brasil, alt. r. santa luíza - maracanã",Baixo,-22.9183822,-43.2360533,Fechado,Bolsão d'água em via,2022-05-04,
5.0,74577,Jardim sulacap,2022-05-16 19:53:49+00:00,2022-05-16 23:22:15+00:00,Curto,"Estr. do catonho, alt. coliseum eventos - jardim sulacap - sent. av. albérico diniz",Baixo,-22.8946744,-43.3969854,Fechado,Bolsão d'água em via,2022-05-16,
5.0,74579,São cristóvão,2022-05-16 20:09:30+00:00,2022-05-16 21:48:48+00:00,Curto,Rua francisco eugênio - são cristóvão,Baixo,-22.9074254,-43.2168083,Fechado,Bolsão d'água em via,2022-05-16,
31.0,73973,São cristóvão,2022-05-04 20:34:09+00:00,2022-05-04 21:26:12+00:00,Curto,Rua são cristóvão - alt. campo de são cristóvão ,Baixo,-22.9013134,-43.2169224,Fechado,Alagamento,2022-05-04,
5.0,73978,São cristóvão,2022-05-04 21:42:52+00:00,2022-05-04 23:02:24+00:00,Curto,"Rua bela, alt. r. general bruce - são cristóvão",Baixo,-22.8902205,-43.2233244,Fechado,Bolsão d'água em via,2022-05-04,
5.0,74561,São cristóvão,2022-05-16 16:20:10+00:00,2022-05-16 20:00:01+00:00,Curto,R. francisco eugênio - são cristóvão,Baixo,-22.9073908,-43.2163756,Fechado,Bolsão d'água em via,2022-05-16,
5.0,74568,Praca da bandeira,2022-05-16 17:18:05+00:00,2022-05-16 18:22:41+00:00,Curto,Av. osvaldo aranha - alt. posto br - praca da bandeira - sent. meier,Baixo,-22.9103675,-43.215538,Fechado,Bolsão d'água em via,2022-05-16,
5.0,99995,Ramos,2023-07-28 23:09:06+00:00,2023-07-28 23:48:21+00:00,Curto,Av. teixeira de castro - alt. rua barreiros - ramos,Baixo,-22.8552504,-43.252104,Fechado,Bolsão d'água em via,2023-07-28,
5.0,99994,Zumbi,2023-07-28 23:05:53+00:00,2023-07-28 23:46:11+00:00,Curto,R. formosa do zumbí  - ilha do governador,Baixo,-22.8196658,-43.1770586,Fechado,Bolsão d'água em via,2023-07-28,
33.0,99541,Ipanema,2023-07-19 20:14:21+00:00,2023-07-19 21:18:09+00:00,Curto,Av. epitácio pessoa - alt. r. vinicius de moraes - lagoa,Baixo,-22.97968292279747,-43.202495394104005,Fechado,Lâmina d'água,2023-07-19,
5.0,100001,Jardim guanabara,2023-07-29 00:13:30+00:00,2023-07-29 00:15:19+00:00,Curto,Estrada da bica - jardim guanabara - ilha do governador,Baixo,-22.8189087,-43.1882652,Fechado,Bolsão d'água em via,2023-07-29,
5.0,9203,Sem bairro,2016-08-21 08:42:58+00:00,2016-08-21 11:51:07+00:00,Desconhecido,"Av. brasil, 5700 - manguinhos",Baixo,-22.8624862,-43.24768449999999,Fechado,Bolsão d'água em via,2016-08-21,
5.0,11782,Sem bairro,2016-11-05 17:29:18+00:00,2016-11-05 18:33:55+00:00,Desconhecido,"R. pedro américo, 22 - alt. r. do catete",Baixo,-22.9242191,-43.18152380000004,Fechado,Bolsão d'água em via,2016-11-05,
5.0,11787,Sem bairro,2016-11-05 18:12:55+00:00,2016-11-05 19:30:28+00:00,Desconhecido,"Estr. da gávea, 728 - s. conrado - alt. gávea golf clube",Baixo,-22.996075,-43.26086399999997,Fechado,Bolsão d'água em via,2016-11-05,
5.0,11784,Sem bairro,2016-11-05 17:38:51+00:00,2016-11-05 19:54:44+00:00,Desconhecido,Av. epitácio pessoa - ipanema - alt. da r. joana angélica,Baixo,-22.9742378,-43.2063905,Fechado,Bolsão d'água em via,2016-11-05,
5.0,11783,Sem bairro,2016-11-05 17:31:54+00:00,2016-11-05 18:53:18+00:00,Desconhecido,R. aurelino leal - leme,Baixo,-22.962163,-43.16826549999996,Fechado,Bolsão d'água em via,2016-11-05,
5.0,11777,Sem bairro,2016-11-05 16:56:01+00:00,2016-11-05 18:35:34+00:00,Desconhecido,"R. do catete, 139 - alt. r. silveira martins",Baixo,-22.9256169,-43.1755488,Fechado,Bolsão d'água em via,2016-11-05,
5.0,11781,Sem bairro,2016-11-05 17:20:36+00:00,2016-11-06 04:43:55+00:00,Desconhecido,Av. eng. souza filho - itanhangá,Baixo,-22.9784711,-43.33370209999998,Fechado,Bolsão d'água em via,2016-11-05,
5.0,11780,Sem bairro,2016-11-05 17:04:49+00:00,2016-11-05 18:51:08+00:00,Desconhecido,Av. borges de medeiros - lagoa - alt. da saída do túnel rebouças,Baixo,-22.9725691,-43.217573000000016,Fechado,Bolsão d'água em via,2016-11-05,
5.0,11830,Sem bairro,2016-11-07 17:54:29+00:00,2016-11-07 18:37:14+00:00,Desconhecido,"Av. pasteur, 2538 - botafogo",Baixo,-22.95327542483994,-43.17157754019775,Fechado,Bolsão d'água em via,2016-11-07,
5.0,11993,Sem bairro,2016-11-13 05:13:46+00:00,2016-11-13 06:27:35+00:00,Desconhecido,Av. brasil - benfica,Baixo,-22.88709338932933,-43.233129297097776,Fechado,Bolsão d'água em via,2016-11-13,
5.0,12126,Sem bairro,2016-11-17 21:20:02+00:00,2016-11-17 23:49:03+00:00,Desconhecido,Estrada do galeão x estrada das canárias - ilha do governador. ,Baixo,,,Fechado,Bolsão d'água em via,2016-11-17,
5.0,12128,Sem bairro,2016-11-17 21:44:01+00:00,2016-11-17 22:36:49+00:00,Desconhecido,Av. brasil - alt de manguinhos,Baixo,,,Fechado,Bolsão d'água em via,2016-11-17,
5.0,12127,Sem bairro,2016-11-17 21:27:13+00:00,2016-11-17 22:04:49+00:00,Desconhecido,Av. paranapauã x rua capanema - ilha do governador,Baixo,,,Fechado,Bolsão d'água em via,2016-11-17,
5.0,22060,Sem bairro,2017-11-19 15:56:59+00:00,2017-11-19 17:09:17+00:00,Desconhecido,Av. brasil - alt jardim america ,Baixo,-22.815838391846217,-43.32475174235839,Fechado,Bolsão d'água em via,2017-11-19,
5.0,22059,Sem bairro,2017-11-19 15:51:42+00:00,2017-11-19 19:24:05+00:00,Desconhecido,"Av. brasil, 3535 - parada de lucas",Baixo,-22.8150498,-43.29765250000003,Fechado,Bolsão d'água em via,2017-11-19,
5.0,22089,Sem bairro,2017-11-20 08:27:23+00:00,2017-11-20 12:22:31+00:00,Desconhecido,"Av. trinta e um de março, 163 - santa teresa",Baixo,-22.9142918,-43.194625900000005,Fechado,Bolsão d'água em via,2017-11-20,
5.0,22092,Sem bairro,2017-11-20 08:34:59+00:00,2017-11-20 19:50:46+00:00,Desconhecido,Mergulhão billy blanco - barra da tijuca,Baixo,-22.9954413,-43.36555199999998,Fechado,Bolsão d'água em via,2017-11-20,
5.0,22093,Sem bairro,2017-11-20 08:38:36+00:00,2017-11-20 12:40:19+00:00,Desconhecido,"Av. das américas, 13000 - recreio dos bandeirantes",Baixo,-23.0064044,-43.4378408,Fechado,Bolsão d'água em via,2017-11-20,
5.0,22090,Sem bairro,2017-11-20 08:29:22+00:00,2017-11-20 12:22:09+00:00,Desconhecido,"Rua do passeio, 98 - centro",Baixo,-22.9138424,-43.17798579999999,Fechado,Bolsão d'água em via,2017-11-20,
5.0,22269,Sem bairro,2017-11-27 19:23:02+00:00,2017-11-27 23:28:37+00:00,Desconhecido,"Av. dos democráticos, alt. da r. uranos - bonsucesso",Baixo,,,Fechado,Bolsão d'água em via,2017-11-27,
5.0,61510,Caju,2021-03-06 23:03:51+00:00,2021-03-06 23:30:48+00:00,Curto,"Av. brasil, alt. r. bela - caju - p. lateral - sent. centro",Baixo,-22.8873898,-43.2242921,Fechado,Bolsão d'água em via,2021-03-06,
5.0,61506,Bangu,2021-03-06 22:34:05+00:00,2021-03-07 01:37:00+00:00,Curto,"R. figueiredo camargo, alt. ponto chic - padre miguel",Baixo,-22.871627,-43.4542131,Fechado,Bolsão d'água em via,2021-03-06,
5.0,61504,Bangu,2021-03-06 22:24:22+00:00,2021-03-06 22:56:28+00:00,Curto,"Rua barão de capanema, alt. r. da feira  - bangu",Baixo,-22.880398,-43.4700107,Fechado,Bolsão d'água em via,2021-03-06,
5.0,62099,Lagoa,2021-03-30 19:17:49+00:00,2021-03-30 20:40:26+00:00,Curto,"Av. borges de medeiros, alt. curva do maconhão - lagoa",Baixo,-22.9625931,-43.206966,Fechado,Bolsão d'água em via,2021-03-30,
5.0,61502,Lagoa,2021-03-06 22:06:39+00:00,2021-03-06 23:33:06+00:00,Curto,"Av. epitácio pessoa, alt. r. vinícius de moraes - ipanema",Sem_classificacao,-22.97960057079701,-43.20250944841005,Fechado,Bolsão d'água em via,2021-03-06,
5.0,61758,Maré,2021-03-16 15:25:30+00:00,2021-03-16 17:32:48+00:00,Curto,Av. brasil - alt. av. filomena nunes,Alto,-22.8368922,-43.2585742,Fechado,Bolsão d'água em via,2021-03-16,
5.0,61757,Penha,2021-03-16 15:22:54+00:00,2021-03-16 18:41:35+00:00,Curto,R. ibiapina - alt. r. monsenhor alves rocha - bras de pina,Medio,-22.8418737,-43.2744846,Fechado,Bolsão d'água em via,2021-03-16,
5.0,61771,Cacuia,2021-03-16 16:39:59+00:00,2021-03-16 17:41:48+00:00,Curto,Estrada da bica - cacuia - ilha do governador,Baixo,-22.8192322,-43.1884546,Fechado,Bolsão d'água em via,2021-03-16,
5.0,62066,Catete,2021-03-30 02:59:24+00:00,2021-03-30 03:37:01+00:00,Curto,R. do catete - alt. rua silveria martins- catete,Baixo,-22.9269656,-43.1766115,Fechado,Bolsão d'água em via,2021-03-30,
5.0,62111,Centro,2021-03-30 22:30:39+00:00,2021-03-30 23:29:15+00:00,Curto,"Av. mem de sá, alt. r. do senado - centro",Baixo,-22.9122749,-43.1860151,Fechado,Bolsão d'água em via,2021-03-30,
5.0,62096,Gávea,2021-03-30 19:12:46+00:00,2021-03-30 20:22:44+00:00,Curto,"Praça santos dumont,  - gávea - sent. humaitá",Baixo,-22.9732124,-43.2260473,Fechado,Bolsão d'água em via,2021-03-30,
5.0,62098,Gávea,2021-03-30 19:17:04+00:00,2021-03-30 19:55:46+00:00,Curto,"R. min. raul machado, alt. r. mário ribeiro - gávea",Baixo,-22.9787762,-43.2219715,Fechado,Bolsão d'água em via,2021-03-30,
5.0,61490,Irajá,2021-03-06 21:22:17+00:00,2021-03-07 00:22:40+00:00,Curto,"Av. brasil, alt. trevo das margaridas - irajá - sent. z. oeste",Baixo,-22.8204814,-43.3204012,Fechado,Bolsão d'água em via,2021-03-06,
5.0,61454,Irajá,2021-03-05 17:21:24+00:00,2021-03-05 17:46:37+00:00,Curto,Trevo das margaridas - irajá,Baixo,-22.8204814,-43.3204012,Fechado,Bolsão d'água em via,2021-03-05,
5.0,62094,Lagoa ,2021-03-30 18:55:42+00:00,2021-03-30 20:22:23+00:00,Curto,Av. epitacio pessoa - alt. r. vinicius de morais - lagoa,Baixo,,,Fechado,Bolsão d'água em via,2021-03-30,
5.0,61768,Galeão,2021-03-16 16:32:11+00:00,2021-03-16 19:22:04+00:00,Curto, estrada do galeão - praça do avião - galeão,Medio,-22.8156168,-43.2218282,Fechado,Bolsão d'água em via,2021-03-16,
5.0,61501,Glória,2021-03-06 22:03:39+00:00,2021-03-06 22:48:55+00:00,Curto,"Rua do catete, alt. r. silveira martins - catete",Baixo,-22.92574244731605,-43.17655922618102,Fechado,Bolsão d'água em via,2021-03-06,
5.0,62093,Gávea ,2021-03-30 18:50:02+00:00,2021-03-30 19:15:43+00:00,Curto,Praça sibélius - alt. av padre leonel franca - gávea - sent. barra,Baixo,,,Fechado,Bolsão d'água em via,2021-03-30,
5.0,61486,Ipanema,2021-03-06 19:13:06+00:00,2021-03-06 20:02:28+00:00,Curto,"Av. epitácio pessoa, alt. r. vinícius de moraes - ipanema",Baixo,-22.9863862,-43.20286350000001,Fechado,Bolsão d'água em via,2021-03-06,
5.0,61488,Ipanema,2021-03-06 20:10:29+00:00,2021-03-06 23:49:35+00:00,Curto,"Av. epitácio pessoa, alt. r. maria quitéria - lagoa",Baixo,-22.9810445,-43.2067637,Fechado,Bolsão d'água em via,2021-03-06,
5.0,62063,Ipanema,2021-03-30 02:09:08+00:00,2021-03-30 04:02:18+00:00,Curto,R. vinícius de moraes - alt. rua epitácio pessoa - ipanema. ( cam. 298 ),Baixo,-22.9798498,-43.2025052,Fechado,Bolsão d'água em via,2021-03-30,
5.0,62124,Ipanema,2021-03-31 23:41:53+00:00,2021-04-01 00:50:12+00:00,Curto,"Av. epitácio pessoa, alt. r. vinícius de moraes - ipanema",Baixo,-22.9792356,-43.20118859999999,Fechado,Bolsão d'água em via,2021-03-31,
5.0,62125,Ipanema,2021-03-31 23:49:49+00:00,2021-04-01 00:50:20+00:00,Curto,"Av. epitácio pessoa, alt. r. maria quitéria - ipanema - sent. gávea",Baixo,-22.9803803,-43.2109232,Fechado,Bolsão d'água em via,2021-03-31,
5.0,61765,Moneró,2021-03-16 16:14:35+00:00,2021-03-16 18:31:46+00:00,Curto,"Av. do magistério, 36 - moneró - ilha do governador",Medio,-22.7943596,-43.20147490000001,Fechado,Bolsão d'água em via,2021-03-16,
5.0,62101,Rocinha,2021-03-30 19:45:01+00:00,2021-03-30 19:47:13+00:00,Curto,Estr. da gávea - rocinha - sent. golf clube,Baixo,-22.9912423,-43.253297,Fechado,Bolsão d'água em via,2021-03-30,
5.0,61494,Sampaio,2021-03-06 21:29:40+00:00,2021-03-06 23:21:41+00:00,Curto,"R. vinte e quatro de maio, alt. buraco do padre - sampaio",Baixo,-22.9027856,-43.26806939999999,Fechado,Bolsão d'água em via,2021-03-06,
5.0,61492,Taquara,2021-03-06 21:26:30+00:00,2021-03-06 22:53:13+00:00,Curto,"R. bacairis, alt. r. apiacás - taquara",Baixo,-22.9184524,-43.3735934,Fechado,Bolsão d'água em via,2021-03-06,
5.0,61503,Anchieta,2021-03-06 22:11:32+00:00,2021-03-06 23:53:25+00:00,Curto,"Rua huron, 321 - anchieta",Baixo,-22.8177812,-43.3996895,Fechado,Bolsão d'água em via,2021-03-06,
5.0,61491,Cascadura,2021-03-06 21:22:33+00:00,2021-03-06 22:53:37+00:00,Curto,"Av. ernani cardoso, alt. r. padre telêmaco - cascadura",Baixo,-22.8824192,-43.3354398,Fechado,Bolsão d'água em via,2021-03-06,
5.0,61767,Guadalupe,2021-03-16 16:28:24+00:00,2021-03-16 18:13:09+00:00,Curto,R. melita - guadalupe,Medio,-22.84688,-43.3776518,Fechado,Bolsão d'água em via,2021-03-16,
5.0,61515,Guadalupe,2021-03-06 23:54:34+00:00,2021-03-07 01:37:50+00:00,Curto,"Av. brasil, alt. guadalupe shopping - guadalupe - p. central - ambos os sentidos",Baixo,-22.8427263,-43.3730742,Fechado,Bolsão d'água em via,2021-03-06,
5.0,61489,Madureira,2021-03-06 21:09:53+00:00,2021-03-07 00:08:33+00:00,Curto,"Av. min. edgard romero, alt. r. conselheiro galvão - madureira",Baixo,-22.8724851,-43.336067,Fechado,Bolsão d'água em via,2021-03-06,
5.0,61505,Maracanã,2021-03-06 22:29:12+00:00,2021-03-06 23:30:27+00:00,Curto,"Rua rad. waldir amaral, alt. r. são francisco xavier - maracanã",Baixo,-22.9126422,-43.2350113,Fechado,Bolsão d'água em via,2021-03-06,
5.0,61507,Maracanã,2021-03-06 22:39:07+00:00,2021-03-06 23:30:35+00:00,Curto,"R. rad. waldir amaral, alt. r. são francisco xavier - maracanã",Baixo,-22.9126422,-43.2350113,Fechado,Bolsão d'água em via,2021-03-06,
5.0,61763,Bonsucesso,2021-03-16 16:08:51+00:00,2021-03-16 19:13:45+00:00,Curto,Av. brasil - bonsucesso - sent. z. oeste,Medio,,,Fechado,Bolsão d'água em via,2021-03-16,
5.0,61762,Bonsucesso,2021-03-16 16:05:01+00:00,2021-03-16 19:42:07+00:00,Curto,Av. brasil - bonsucesso - sent. centro,Medio,-22.8660656,-43.24748750000001,Fechado,Bolsão d'água em via,2021-03-16,
5.0,61496,Cavalcante,2021-03-06 21:36:06+00:00,2021-03-06 22:35:55+00:00,Curto,"R. enaldo dos santos araújo, 1119 - cavalcante",Baixo,-22.8729664,-43.3144408,Fechado,Bolsão d'água em via,2021-03-06,
5.0,62126,Copacabana,2021-03-31 23:59:43+00:00,2021-04-01 02:11:05+00:00,Curto,"Rua tonelero, alt. r. siqueira campos - copacabana",Baixo,-22.9666843,-43.1854271,Fechado,Bolsão d'água em via,2021-03-31,
5.0,62095,Copacabana,2021-03-30 19:02:30+00:00,2021-03-30 20:28:23+00:00,Curto,Av. n. sra. de copacabana - alt. r. sá ferreira - copacabana,Baixo,,,Fechado,Bolsão d'água em via,2021-03-30,
5.0,62100,Copacabana,2021-03-30 19:36:42+00:00,2021-03-30 20:59:24+00:00,Curto,R. tonelero - alt. r. siqueira campos - copacabana,Baixo,-22.9666427,-43.1852321,Fechado,Bolsão d'água em via,2021-03-30,
5.0,62071,Copacabana,2021-03-30 04:12:23+00:00,2021-03-30 05:15:18+00:00,Curto,"Rua siqueira campos, alt. r. tonelero - copacabana",Baixo,-22.9664282,-43.1870582,Fechado,Bolsão d'água em via,2021-03-30,
5.0,62068,Itanhangá,2021-03-30 03:23:40+00:00,2021-03-30 04:17:12+00:00,Curto,Estrada da barra da tijuca - alt. n° 1030 - itanhangá - sent. golf club,Baixo,-23.0050664,-43.30401,Fechado,Bolsão d'água em via,2021-03-30,
5.0,62065,Itanhangá,2021-03-30 02:51:04+00:00,2021-03-30 05:08:48+00:00,Curto,Estr. do itanhangá - alt. n° 4001 - itanhangá,Baixo,-22.988766,-43.3187503,Fechado,Bolsão d'água em via,2021-03-30,
5.0,61761,Manguinhos,2021-03-16 15:55:52+00:00,2021-03-16 18:54:00+00:00,Longo,Av. brasil - canal do cunha - sent. centro,Alto,-22.8767496,-43.2483773,Fechado,Bolsão d'água em via,2021-03-16,
5.0,61493,Manguinhos,2021-03-06 21:26:48+00:00,2021-03-06 23:46:34+00:00,Curto,"Av. brasil, alt. viaduto ataulfo alves - benfica - sent. z. oeste",Baixo,-22.8850574,-43.2351722,Fechado,Bolsão d'água em via,2021-03-06,
5.0,61524,Manguinhos,2021-03-07 06:46:07+00:00,2021-03-07 06:47:48+00:00,Curto,"Avenida brasil, alt. vila do joão - manguinhos - sent. zona oeste - p. lateral",Baixo,-22.8781176,-43.2411647,Fechado,Bolsão d'água em via,2021-03-07,
5.0,61500,Paciência,2021-03-06 22:00:28+00:00,2021-03-07 00:15:58+00:00,Curto,"Av. cesário de melo, alt. de paciência",Baixo,-22.9206648,-43.6472388,Fechado,Bolsão d'água em via,2021-03-06,
5.0,61759,Paciência,2021-03-16 15:37:12+00:00,2021-03-16 16:52:05+00:00,Curto,Estr. do engenho novo - anchieta,Medio,-22.8714185,-43.6325574,Fechado,Bolsão d'água em via,2021-03-16,
5.0,62104,Paciência,2021-03-30 19:58:45+00:00,2021-03-30 21:09:43+00:00,Curto,"Av. cesário de melo, alt. est. brt curral falso - santa cruz - sent. campo grande",Baixo,-22.9202074,-43.6428119,Fechado,Bolsão d'água em via,2021-03-30,
5.0,62070,Santa cruz,2021-03-30 03:47:45+00:00,2021-03-30 04:23:36+00:00,Curto,"Estr. da pedra, alt. brt curral falso e brt santa veridiana - santa cruz",Baixo,-22.94048,-43.66514,Fechado,Bolsão d'água em via,2021-03-30,
5.0,61509,Vila isabel,2021-03-06 22:51:11+00:00,2021-03-06 23:42:27+00:00,Curto,"R. alexandre calaza, 145 - vila isabel",Baixo,-22.9184906,-43.2599066,Fechado,Bolsão d'água em via,2021-03-06,
5.0,61527,Campo grande,2021-03-07 11:08:21+00:00,2021-03-07 17:08:18+00:00,Curto,"Estr. do campinho, 6955 - campo grande",Baixo,-22.883411,-43.625799,Fechado,Bolsão d'água em via,2021-03-07,
5.0,61499,Campo grande,2021-03-06 21:56:07+00:00,2021-03-07 00:00:04+00:00,Curto,Estrada do tingui - campo grande,Baixo,-22.8808618,-43.5850778,Fechado,Bolsão d'água em via,2021-03-06,
5.0,61495,Costa barros,2021-03-06 21:31:11+00:00,2021-03-07 01:37:38+00:00,Curto,"Beco dos crioulos, alt. pedra rasa - costa barros",Baixo,-22.8266667,-43.3741667,Fechado,Bolsão d'água em via,2021-03-06,
5.0,61514,Jacarepaguá,2021-03-06 23:50:22+00:00,2021-03-06 23:59:15+00:00,Curto,"Estr. rio pequeno, 530 - jacarepaguá",Baixo,-22.9161556,-43.42437839999999,Fechado,Bolsão d'água em via,2021-03-06,
5.0,61769,Pitangueiras,2021-03-16 16:34:55+00:00,2021-03-16 20:44:28+00:00,Curto,Estr. do rio jequiá - alt. r. do monjolo - pitangueiras,Medio,-22.8191471,-43.1827009,Fechado,Bolsão d'água em via,2021-03-16,
5.0,62069,São conrado,2021-03-30 03:30:29+00:00,2021-03-30 04:05:42+00:00,Curto,Autoestrada eng. fernando mac dowell - alt. gávea golf club - são conrado - sent. rocinha,Baixo,-22.99727,-43.26289999999999,Fechado,Bolsão d'água em via,2021-03-30,
5.0,61780,Vigário geral,2021-03-16 18:16:43+00:00,2021-03-16 18:18:09+00:00,Curto,Rua bulhões marcial - vigário geral,Baixo,-22.8121417,-43.3012954,Fechado,Bolsão d'água em via,2021-03-16,
5.0,62109,Barra da tijuca,2021-03-30 22:26:21+00:00,2021-03-31 01:36:58+00:00,Curto,"Av. armando lombardi, alt. estação brt jardim oceânico - barra da tijuca - sent. recreio",Baixo,-23.0066933,-43.3106674,Fechado,Bolsão d'água em via,2021-03-30,
5.0,62106,Barra da tijuca,2021-03-30 20:18:50+00:00,2021-03-31 03:37:02+00:00,Curto,Mergulhão billy blanco (mergulhão y) - barra ,Baixo,-22.9977957,-43.36448439999999,Fechado,Bolsão d'água em via,2021-03-30,
5.0,62062,Barra da tijuca,2021-03-30 01:04:02+00:00,2021-03-30 04:45:51+00:00,Curto,Av. armando lombardi - alt. brt jardim oceânico - barra da tijuca - sent. são conrado. ( cam. 128 ),Baixo,-23.0066933,-43.3106674,Fechado,Bolsão d'água em via,2021-03-30,
5.0,62077,Barra da tijuca,2021-03-30 06:38:53+00:00,2021-03-30 08:49:27+00:00,Curto,Av. armando lombardi - alt. brt jardim oceânico - barra da tijuca - sent. recreio,Baixo,-23.0066933,-43.3106674,Fechado,Bolsão d'água em via,2021-03-30,
5.0,62061,Barra da tijuca,2021-03-30 00:59:22+00:00,2021-03-30 06:16:03+00:00,Curto,Av. armando lombardi - alt. barra point - barra da tijuca - ambos os sentidos. ( cam. 127 ),Baixo,-23.0066933,-43.3106674,Fechado,Bolsão d'água em via,2021-03-30,
5.0,61760,Honório gurgel,2021-03-16 15:48:56+00:00,2021-03-16 16:05:44+00:00,Curto,Av. brasil - alt. viaduto brg. trompowski - ramos,Baixo,-22.8400201,-43.2406236,Fechado,Bolsão d'água em via,2021-03-16,
5.0,61498,Senador camará,2021-03-06 21:44:47+00:00,2021-03-07 01:37:30+00:00,Curto,"Tv. santa margarida maria, alt. estr. do viegas - senador camará",Baixo,-22.8894732,-43.4911394,Fechado,Bolsão d'água em via,2021-03-06,
5.0,62074,Jardim botânico,2021-03-30 04:52:36+00:00,2021-03-30 05:02:14+00:00,Curto,"Av. borges de medeiros, alt. r. batista da costa - lagoa - sent. gávea",Baixo,-22.9650043,-43.2167755,Fechado,Bolsão d'água em via,2021-03-30,
5.0,61764,Praia da bandeira,2021-03-16 16:10:18+00:00,2021-03-16 18:13:14+00:00,Curto,"Rua erico coelho, 123 - praia da bandeira - ilha do governador",Medio,-22.7980975,-43.1849758,Fechado,Bolsão d'água em via,2021-03-16,
5.0,61518,Praia da bandeira,2021-03-07 00:38:21+00:00,2021-03-07 00:39:23+00:00,Curto,"Av. paranapuã, alt. supermercado mundial - praia da bandeira",Baixo,-22.795518,-43.1778117,Fechado,Bolsão d'água em via,2021-03-07,
6.0,61517,Acari,2021-03-07 00:19:22+00:00,2021-03-07 06:31:44+00:00,Curto,R. roberto carlos - acari,Medio,-22.8228393,-43.3417452,Fechado,Alagamento,2021-03-07,
33.0,62097,Lagoa,2021-03-30 19:13:16+00:00,2021-03-30 20:13:47+00:00,Curto,Av. borges de medeiros - alt. saturnino de brito - lagoa ,Baixo,,,Fechado,Lâmina d'água,2021-03-30,
33.0,61766,Guadalupe,2021-03-16 16:20:51+00:00,2021-03-16 18:13:12+00:00,Curto,"Rua orélia, 13 - guadalupe",Medio,-22.8446229,-43.3749668,Fechado,Lâmina d'água,2021-03-16,
33.0,62092,Barra da tijuca,2021-03-30 18:30:26+00:00,2021-03-30 18:53:49+00:00,Curto,Av armando lombardi - alt. barra point - barra - sent. recreio,Baixo,,,Fechado,Lâmina d'água,2021-03-30,
5.0,53159,Gardênia azul,2020-05-02 21:18:51+00:00,2020-05-03 02:13:38+00:00,Curto,"Av. ayrton senna, alt. espaço hall - gardênia azul - sent. l. amarela",Baixo,-22.9608957,-43.3565433,Fechado,Bolsão d'água em via,2020-05-02,
5.0,53246,Catete,2020-05-07 03:14:38+00:00,2020-05-07 05:25:02+00:00,Curto,"Rua pedro américo, alt. r. do catete - catete",Baixo,-22.9247315,-43.1787554,Fechado,Bolsão d'água em via,2020-05-07,
5.0,53270,Anil,2020-05-07 09:37:03+00:00,2020-05-07 16:53:46+00:00,Curto,"Estr. de jacarepaguá, 5380 - anil",Baixo,-22.9614984,-43.3346148,Fechado,Bolsão d'água em via,2020-05-07,
5.0,53393,Caju,2020-05-15 06:38:01+00:00,2020-05-15 08:38:31+00:00,Curto,Av. brasil - alt. into ,Baixo,-22.8933817,-43.2144339,Fechado,Bolsão d'água em via,2020-05-15,
5.0,53166,Caju,2020-05-02 22:27:36+00:00,2020-05-03 03:30:10+00:00,Curto,"Av. brasil, alt. do caju - sent. z. oeste",Baixo,-22.8873898,-43.2242921,Fechado,Bolsão d'água em via,2020-05-02,
5.0,53164,Caju,2020-05-02 22:17:25+00:00,2020-05-03 02:37:07+00:00,Curto,"Av. brasil, alt. do caju - sent. centro",Baixo,-22.8873898,-43.2242921,Fechado,Bolsão d'água em via,2020-05-02,
5.0,53244,Joá,2020-05-07 02:51:27+00:00,2020-05-07 05:50:31+00:00,Curto,"Elevado das bandeiras, alt. entrada do túnel - sent. barra",Baixo,-23.0068966,-43.282843,Fechado,Bolsão d'água em via,2020-05-07,
5.0,53388,Lagoa,2020-05-15 03:22:08+00:00,2020-05-15 03:43:57+00:00,Curto,"Av. epitácio pessoa, alt. r. vinícius de moraes - lagoa",Baixo,-22.9722932,-43.2035247,Fechado,Bolsão d'água em via,2020-05-15,
5.0,53169,Centro,2020-05-02 23:38:58+00:00,2020-05-03 17:41:25+00:00,Curto,"Av. pres. vargas, alt. est. metrô - cidade nova - sent. franc. bicalho",Baixo,-22.9083486,-43.2005796,Fechado,Bolsão d'água em via,2020-05-02,
5.0,53251,Centro,2020-05-07 03:50:22+00:00,2020-05-07 04:04:24+00:00,Curto,"R. do rezende, 23 - centro",Baixo,-22.9131779,-43.1860845,Fechado,Bolsão d'água em via,2020-05-07,
5.0,53240,Centro,2020-05-07 02:29:22+00:00,2020-05-07 06:46:27+00:00,Curto,"Av. pres. vargas, alt. est. metrô - cidade nova - sent. av. f. bicalho",Baixo,-22.9083486,-43.2005796,Fechado,Bolsão d'água em via,2020-05-07,
5.0,53401,Centro,2020-05-15 09:45:19+00:00,2020-05-15 13:01:27+00:00,Curto,Av. pres. vargas - alt. cidade nova - sent. av. f. bicalho,Baixo,-22.9090775,-43.2022754,Fechado,Bolsão d'água em via,2020-05-15,
5.0,53512,Irajá,2020-05-24 17:56:27+00:00,2020-05-24 19:52:13+00:00,Curto,Av. brasil - irajá - sent. zona oeste,Baixo,-22.82304,-43.3279105,Fechado,Bolsão d'água em via,2020-05-24,
5.0,53170,Tijuca,2020-05-03 00:31:51+00:00,2020-05-03 01:40:01+00:00,Curto,Rua gonçalves crespo - tijuca,Baixo,-22.916015,-43.217737,Fechado,Bolsão d'água em via,2020-05-03,
5.0,53242,Glória,2020-05-07 02:42:07+00:00,2020-05-07 05:23:31+00:00,Curto,"Rua do catete, alt. r. silveira martins - catete",Baixo,-22.9258592,-43.17622069999999,Fechado,Bolsão d'água em via,2020-05-07,
5.0,53384,Glória,2020-05-15 02:56:10+00:00,2020-05-15 05:48:00+00:00,Curto,Rua teixeira de freitas - centro,Baixo,-22.9149579,-43.17611160000001,Fechado,Bolsão d'água em via,2020-05-15,
5.0,53280,Ipanema,2020-05-08 01:31:43+00:00,2020-05-08 03:32:00+00:00,Curto,"Av. epitácio pessoa, alt. r. vinícius de morais - lagoa",Baixo,-22.9708637,-43.2069645,Fechado,Bolsão d'água em via,2020-05-08,
5.0,53241,Ipanema,2020-05-07 02:35:18+00:00,2020-05-07 05:47:57+00:00,Curto,"Rua epitácio pessoa, alt. r. vinícius de moraes - lagoa",Baixo,-22.9708637,-43.2069645,Fechado,Bolsão d'água em via,2020-05-07,
5.0,53263,Botafogo,2020-05-07 08:06:20+00:00,2020-05-07 22:43:30+00:00,Curto,"Praia de botafogo, 190 - botafogo",Baixo,-22.9414868,-43.1801346,Fechado,Bolsão d'água em via,2020-05-07,
5.0,53243,Botafogo,2020-05-07 02:44:52+00:00,2020-05-07 05:46:20+00:00,Curto,"Rua muniz barreto, alt. r. marques de olinda - botafogo",Baixo,-22.9454349,-43.18409459999999,Fechado,Bolsão d'água em via,2020-05-07,
5.0,53400,Botafogo,2020-05-15 09:29:00+00:00,2020-05-15 13:01:58+00:00,Curto,"Praia de botafogo, 148 - botafogo - sent. copacabana",Baixo,-22.941738259359884,-43.178936638098136,Fechado,Bolsão d'água em via,2020-05-15,
5.0,53250,Cascadura,2020-05-07 03:44:24+00:00,2020-05-07 06:02:57+00:00,Curto,"Av. ernani cardoso, alt. r. padre telêmaco - cascadura",Baixo,-22.8824151,-43.33520739999999,Fechado,Bolsão d'água em via,2020-05-07,
5.0,53245,Copacabana,2020-05-07 02:54:41+00:00,2020-05-07 05:01:58+00:00,Curto,"Rua tonelero, alt. r. siqueira campos - copacabana",Baixo,-22.966751,-43.185458,Fechado,Bolsão d'água em via,2020-05-07,
5.0,53266,Itanhangá,2020-05-07 09:00:43+00:00,2020-05-07 15:45:12+00:00,Curto,Av. eng. souza filho - muzema,Baixo,-22.9890342,-43.32254520000001,Fechado,Bolsão d'água em via,2020-05-07,
5.0,53383,Itanhangá,2020-05-15 01:01:24+00:00,2020-05-15 08:40:21+00:00,Curto,Estrada da barra da tijuca - itanhangá,Baixo,-22.9964851,-43.3048152,Fechado,Bolsão d'água em via,2020-05-15,
5.0,53237,Itanhangá,2020-05-07 02:03:00+00:00,2020-05-07 05:45:04+00:00,Curto,Estr. da barra da tijuca - itanhangá - sent. alto da boa vista,Baixo,-22.9985303,-43.3046861,Fechado,Bolsão d'água em via,2020-05-07,
5.0,53167,Manguinhos,2020-05-02 22:30:26+00:00,2020-05-03 02:14:26+00:00,Curto,"Av. brasil, alt. de benfica - sent. z. oeste",Baixo,-22.8850574,-43.2351722,Fechado,Bolsão d'água em via,2020-05-02,
5.0,53165,Manguinhos,2020-05-02 22:24:42+00:00,2020-05-03 05:13:33+00:00,Curto,"Av. brasil, alt. de manguinhos - sent. centro",Baixo,-22.8781176,-43.2411647,Fechado,Bolsão d'água em via,2020-05-02,
5.0,53160,Jacarepaguá,2020-05-02 21:23:10+00:00,2020-05-03 02:13:29+00:00,Curto,"Av. ayrton senna, alt. p. santos dumont - jpa - sent. l. amarela",Baixo,-22.9695365,-43.36013010000001,Fechado,Bolsão d'água em via,2020-05-02,
5.0,53168,Padre miguel,2020-05-02 22:32:41+00:00,2020-05-03 05:13:39+00:00,Curto,"Av. brasil, alt. da vila do joão - sent. z. oeste",Baixo,-22.8612161,-43.4522437,Fechado,Bolsão d'água em via,2020-05-02,
5.0,53390,Padre miguel,2020-05-15 06:00:39+00:00,2020-05-15 13:01:06+00:00,Curto,"Av. brasil, alt. caju - sent. centro",Baixo,-22.8612161,-43.4522437,Fechado,Bolsão d'água em via,2020-05-15,
5.0,53528,Santo cristo,2020-05-25 09:29:39+00:00,2020-05-25 17:30:53+00:00,Curto,Av. francisco bicalho - alt. iml - santo cristo - sent. rebouças,Baixo,-22.9058843,-43.2107078,Fechado,Bolsão d'água em via,2020-05-25,
5.0,53408,Santo cristo,2020-05-15 19:47:09+00:00,2020-05-15 21:52:13+00:00,Curto,"Av. brasil, alt. rodoviária n. rio - são cristóvão - sent. centro",Baixo,-22.8996291,-43.2084447,Fechado,Bolsão d'água em via,2020-05-15,
5.0,53238,São conrado,2020-05-07 02:07:09+00:00,2020-05-07 05:49:06+00:00,Curto,"Estrada eng. fernando mac dowell, alt. shopping fashion mall - sent. z. sul",Baixo,-22.9964157,-43.2594305,Fechado,Bolsão d'água em via,2020-05-07,
5.0,53382,Jardim sulacap,2020-05-15 00:45:28+00:00,2020-05-15 04:44:39+00:00,Curto,"Estr. do catonho, 11 - jardim sulacap - em ambos os sentidos ",Baixo,-22.8989795,-43.3891211,Fechado,Bolsão d'água em via,2020-05-15,
5.0,53162,Jardim sulacap,2020-05-02 22:00:51+00:00,2020-05-03 01:43:02+00:00,Curto,"Estr. do catonho, 10 - jardim sulacap - em ambos os sentidos",Baixo,-22.9053331,-43.3793703,Fechado,Bolsão d'água em via,2020-05-02,
5.0,53163,Jardim sulacap,2020-05-02 22:07:05+00:00,2020-05-03 05:18:18+00:00,Curto,"Estr. do catonho, 2483 - jardim sulacap - em ambos os sentidos",Baixo,-22.8962142,-43.3982313,Fechado,Bolsão d'água em via,2020-05-02,
5.0,53249,Barra da tijuca,2020-05-07 03:40:15+00:00,2020-05-07 05:43:14+00:00,Curto,"Av. das américas, merguhão u - barra da tijuca",Baixo,-23.0035708,-43.3173069,Fechado,Bolsão d'água em via,2020-05-07,
5.0,53178,Barra da tijuca,2020-05-03 09:03:22+00:00,2020-05-03 14:08:40+00:00,Curto,Av. ayrton senna - mergulhão u - barra ,Baixo,-22.9829389,-43.3653695,Fechado,Bolsão d'água em via,2020-05-03,
5.0,53179,Barra da tijuca,2020-05-03 10:05:07+00:00,2020-05-03 14:46:42+00:00,Curto,Av. josé silva de azevedo neto - alt. joão cabral de azevedo neto - barra - sent. península ,Baixo,-22.9904068,-43.3608178,Fechado,Bolsão d'água em via,2020-05-03,
5.0,53254,Barra da tijuca,2020-05-07 04:11:27+00:00,2020-05-07 11:07:02+00:00,Curto,"Av. min. ivan lins, 78 - barra da tijuca - sent. são conrado",Baixo,-23.0118348,-43.2916563,Fechado,Bolsão d'água em via,2020-05-07,
5.0,53386,Barra da tijuca,2020-05-15 03:04:42+00:00,2020-05-15 08:38:47+00:00,Curto,"Av. armando lombardi, alt. est. brt jd. oceânico - barra - em ambos os sentidos",Baixo,-23.0068307,-43.3107119,Fechado,Bolsão d'água em via,2020-05-15,
5.0,53385,Barra da tijuca,2020-05-15 02:59:18+00:00,2020-05-15 08:39:14+00:00,Curto,"Av. min. ivan lins, 170 - barra da tijuca - sent. são conrado",Baixo,-23.0093666,-43.3032538,Fechado,Bolsão d'água em via,2020-05-15,
5.0,53236,Barra da tijuca,2020-05-07 01:56:42+00:00,2020-05-07 11:53:42+00:00,Curto,"Av. armando lombardi, alt. acesso barra point - barra da tijuca - sent. recreio",Baixo,-23.0068307,-43.3107119,Fechado,Bolsão d'água em via,2020-05-07,
5.0,53149,Barra da tijuca,2020-05-02 18:58:02+00:00,2020-05-02 21:31:54+00:00,Curto,Av. das américas - alt. r. jornalista ricardo marinho- barra - sent. recreio,Baixo,-23.0004607,-43.3472823,Fechado,Bolsão d'água em via,2020-05-02,
5.0,53185,Barra da tijuca,2020-05-03 16:46:14+00:00,2020-05-05 05:00:20+00:00,Curto,Av. armando lombardi - mergulhinho - barra,Baixo,-23.0077557,-43.3064882,Fechado,Bolsão d'água em via,2020-05-03,
5.0,53161,Barra da tijuca,2020-05-02 21:27:44+00:00,2020-05-03 02:13:18+00:00,Curto,"Av. das américas, alt. giro do cebolinha - barra da tijuca  ",Baixo,-23.0007532,-43.3837713,Fechado,Bolsão d'água em via,2020-05-02,
5.0,53239,Barra da tijuca,2020-05-07 02:19:25+00:00,2020-05-07 11:53:46+00:00,Curto,"Av. armando lombardi, alt. est. brt jd. oceânico - barra da tijuca - sent. recreio",Baixo,-23.0066614,-43.312428,Fechado,Bolsão d'água em via,2020-05-07,
5.0,53176,Barra da tijuca,2020-05-03 07:15:17+00:00,2020-05-03 16:33:19+00:00,Curto,Av. armando lombardi - mergulhinho - barra ,Baixo,-23.0056277,-43.3141112,Fechado,Bolsão d'água em via,2020-05-03,
5.0,53511,Parada de lucas,2020-05-24 17:47:08+00:00,2020-05-24 19:54:04+00:00,Curto,Av. brasil - parada de lucas - sent. centro,Baixo,-22.8162474,-43.3035665,Fechado,Bolsão d'água em via,2020-05-24,
5.0,69252,Sem bairro,2021-12-17 16:23:06+00:00,2021-12-17 18:54:57+00:00,Curto,Av. brasil - trevo das missões - sent. z. oeste,Medio,-22.8110502,-43.2882584,Fechado,Bolsão d'água em via,2021-12-17,
5.0,69723,Sem bairro,2021-12-30 17:13:05+00:00,2021-12-30 18:51:46+00:00,Curto,Av. ayrton senna - alt. shopping uptown - barra - sent. linha amarela,Baixo,-22.965116267624488,-43.35683784649658,Fechado,Bolsão d'água em via,2021-12-30,
5.0,69535,Caju,2021-12-23 06:45:26+00:00,2021-12-23 08:43:49+00:00,Curto,Av. brasil - alt. into  - caju - sent. centro,Baixo,-22.8934145,-43.2148592,Fechado,Bolsão d'água em via,2021-12-23,
5.0,69755,Acari,2021-12-30 20:36:53+00:00,2021-12-30 21:22:19+00:00,Curto,"Av. pref. sá lessa, 151 - acari",Baixo,-22.8278913,-43.3575624,Fechado,Bolsão d'água em via,2021-12-30,
5.0,69746,Acari,2021-12-30 19:34:33+00:00,2021-12-30 21:21:56+00:00,Curto,R. união - acari,Medio,-22.8235084,-43.34171690000001,Fechado,Bolsão d'água em via,2021-12-30,
5.0,69263,Bangu,2021-12-17 17:11:38+00:00,2021-12-17 19:11:37+00:00,Curto,Rua da feira - alt. shopping bangu - bangu,Baixo,-22.8786888,-43.4665869,Fechado,Bolsão d'água em via,2021-12-17,
5.0,69754,Bangu,2021-12-30 20:26:59+00:00,2021-12-30 20:28:19+00:00,Curto,R. silva cardoso -  bangu,Baixo,-22.8808377,-43.4637796,Fechado,Bolsão d'água em via,2021-12-30,
5.0,69092,Bangu,2021-12-14 16:10:11+00:00,2021-12-14 17:21:05+00:00,Curto,R. da feira - alt. rua dos açudes - bangu,Baixo,-22.8802756,-43.4725686,Fechado,Bolsão d'água em via,2021-12-14,
5.0,69722,Bangu,2021-12-30 17:08:29+00:00,2021-12-30 17:35:45+00:00,Curto,Rua da feira - alt. shopping bangu - bangu,Baixo,-22.8786888,-43.4665869,Fechado,Bolsão d'água em via,2021-12-30,
5.0,69260,Bangu,2021-12-17 17:01:12+00:00,2021-12-17 21:49:21+00:00,Curto,"R. francisco real, 1365 - bangu",Baixo,-22.8796495,-43.4585546,Fechado,Bolsão d'água em via,2021-12-17,
5.0,69485,Bangu,2021-12-22 23:31:28+00:00,2021-12-22 23:39:59+00:00,Curto,Av. brasil - alt. vila kennedy- bangu - sent. santa cruz.,Baixo,-22.8551502,-43.4910399,Fechado,Bolsão d'água em via,2021-12-22,
5.0,68717,Lagoa,2021-12-07 21:17:29+00:00,2021-12-07 22:56:19+00:00,Curto,"Av. epitácio pessoa, alt. vinicius de morais - lagoa",Baixo,-22.9799448,-43.2031526,Fechado,Bolsão d'água em via,2021-12-07,
5.0,68682,Lagoa,2021-12-07 13:39:09+00:00,2021-12-07 14:05:42+00:00,Curto,"Av. epitácio pessoa, alt. vinicius de morais - lagoa",Baixo,-22.9797904,-43.2027136,Fechado,Bolsão d'água em via,2021-12-07,
5.0,69522,Lagoa,2021-12-23 03:57:58+00:00,2021-12-23 06:04:59+00:00,Curto,Av. epitácio pessoa - alt. r. carvalho azevedo - lagoa,Medio,-22.9643242,-43.2035381,Fechado,Bolsão d'água em via,2021-12-23,
5.0,68622,Lagoa,2021-12-05 23:58:49+00:00,2021-12-06 06:13:06+00:00,Curto,Rua fonte da saudade - alt. rua humaitá - lagoa,Baixo,-22.9637,-43.2027975,Fechado,Bolsão d'água em via,2021-12-05,
5.0,69510,Lagoa,2021-12-23 02:56:38+00:00,2021-12-23 05:09:11+00:00,Curto,Av. borges de medeiros - alt. rua batista da costa- lagoa - sent. leblon,Medio,-22.9728162,-43.2176378,Fechado,Bolsão d'água em via,2021-12-23,
5.0,68708,Lagoa,2021-12-07 19:04:55+00:00,2021-12-07 19:38:33+00:00,Curto,"Av. borges de medeiros, alt. r. batista da costa - lagoa",Baixo,-22.9653233,-43.21588140000001,Fechado,Bolsão d'água em via,2021-12-07,
5.0,69511,Lagoa,2021-12-23 02:58:27+00:00,2021-12-23 06:11:50+00:00,Curto,Av. epitácio pessoa - alt rua vinícius de moraes  - lagoa,Medio,-22.9742628,-43.2064953,Fechado,Bolsão d'água em via,2021-12-23,
5.0,68699,Lagoa,2021-12-07 17:34:39+00:00,2021-12-07 18:19:28+00:00,Curto,"Avenida borges de medeiros, alt. r. saturnino de brito - lagoa",Baixo,-22.9728162,-43.2176378,Fechado,Bolsão d'água em via,2021-12-07,
5.0,68621,Lagoa,2021-12-05 23:52:31+00:00,2021-12-06 03:27:57+00:00,Curto,Av. borges de medeiros - alt. praça marcos tamoyo- lagoa,Baixo,-22.9617351,-43.2047325,Fechado,Bolsão d'água em via,2021-12-05,
5.0,68901,Meier,2021-12-12 16:15:45+00:00,2021-12-12 18:21:42+00:00,Curto,"Rua dias da cruz , alt. r. emengarda - méier - sent. eng. novo",Baixo,,,Fechado,Bolsão d'água em via,2021-12-12,
5.0,68898,Meier,2021-12-12 15:58:12+00:00,2021-12-12 18:39:47+00:00,Curto,"Rua goias, alt. r. angelina - encantado - sent. méier",Baixo,,,Fechado,Bolsão d'água em via,2021-12-12,
5.0,69186,Penha,2021-12-16 18:06:00+00:00,2021-12-16 18:42:05+00:00,Curto,"Av. brasil ,alt. r. horacio wells -iraja -  sen. centro",Alto,-22.833020561567235,-43.26551978039551,Fechado,Bolsão d'água em via,2021-12-16,
5.0,69175,Penha,2021-12-16 17:44:03+00:00,2021-12-16 18:45:24+00:00,Curto,"Av. brasil, alt. filomena - penha - sent. centro",Baixo,-22.8294072,-43.2710391,Fechado,Bolsão d'água em via,2021-12-16,
5.0,69176,Penha,2021-12-16 17:45:30+00:00,2021-12-16 19:49:35+00:00,Curto,"Estr. do otaviano, 154 - turiaçu",Medio,-22.8615338,-43.3436789,Fechado,Bolsão d'água em via,2021-12-16,
5.0,69719,Tauá,2021-12-30 16:43:40+00:00,2021-12-30 20:40:34+00:00,Curto,Rua soldado wandel sarmento - tauá - ilha do gov.,Baixo,-22.7932633,-43.185195,Fechado,Bolsão d'água em via,2021-12-30,
5.0,69716,Tauá,2021-12-30 16:38:20+00:00,2021-12-31 01:59:37+00:00,Curto,"R. demétrio de tolêdo, 250 - tauá - ilha do gov.",Baixo,-22.7936291,-43.1848223,Fechado,Bolsão d'água em via,2021-12-30,
5.0,69244,Tauá,2021-12-17 15:59:49+00:00,2021-12-17 19:31:05+00:00,Curto,"R. carice, 397 - tauá - ilha do gov.",Baixo,-22.7914316,-43.1845155,Fechado,Bolsão d'água em via,2021-12-17,
5.0,69245,Tauá,2021-12-17 16:06:17+00:00,2021-12-17 19:32:01+00:00,Curto,"R. demétrio de tolêdo, 57 - tauá - ilha do gov.",Baixo,-22.7926773,-43.1832121,Fechado,Bolsão d'água em via,2021-12-17,
5.0,69711,Tauá,2021-12-30 16:14:47+00:00,2021-12-30 20:38:30+00:00,Curto,R. praia da rosa - alt. clinica da familia - tauá,Baixo,-22.7922998,-43.1890101,Fechado,Bolsão d'água em via,2021-12-30,
5.0,69717,Zumbi,2021-12-30 16:40:38+00:00,2021-12-30 20:36:50+00:00,Curto,R. pojuca - zumbi - ilha do gov.,Baixo,-22.8219343,-43.1745037,Fechado,Bolsão d'água em via,2021-12-30,
5.0,69241,Zumbi,2021-12-17 15:53:38+00:00,2021-12-17 19:20:31+00:00,Curto,Estrada do rio jequia 800 - zumbi - ilha do gov.,Baixo,-22.8203173,-43.1804512,Fechado,Bolsão d'água em via,2021-12-17,
5.0,69168,Cacuia,2021-12-16 17:38:33+00:00,2021-12-16 18:40:10+00:00,Curto,"Estrada da bica, 327 - cacuia",Baixo,-22.8192327,-43.1884561,Fechado,Bolsão d'água em via,2021-12-16,
5.0,69242,Cacuia,2021-12-17 15:54:59+00:00,2021-12-17 19:12:53+00:00,Curto,Estrada da bica - alt. r. arriba - cacuia - ilha do gov.,Baixo,-22.8192327,-43.1884561,Fechado,Bolsão d'água em via,2021-12-17,
5.0,68716,Catete,2021-12-07 21:14:31+00:00,2021-12-07 22:20:09+00:00,Curto,"Rua do catete, alt. r. silveira martins - catete",Baixo,-22.925981,-43.1778532,Fechado,Bolsão d'água em via,2021-12-07,
5.0,69514,Catete,2021-12-23 03:24:48+00:00,2021-12-23 05:32:30+00:00,Curto,R. do catete - alt. rua silveira martins  - catete,Baixo,-22.9269656,-43.1766115,Fechado,Bolsão d'água em via,2021-12-23,
5.0,68911,Catete,2021-12-12 16:44:59+00:00,2021-12-12 18:00:30+00:00,Curto,"Rua do catete, alt. r. silveira martins - catete",Baixo,,,Fechado,Bolsão d'água em via,2021-12-12,
5.0,69689,Catete,2021-12-29 21:31:05+00:00,2021-12-29 22:19:19+00:00,Curto,Rua pedro américo - alt. r. do catete - catete,Baixo,-22.9270219,-43.1766223,Fechado,Bolsão d'água em via,2021-12-29,
5.0,69498,Catete,2021-12-23 01:36:45+00:00,2021-12-23 02:58:12+00:00,Curto,"R. do catete, alt. r. silveira martins - catete",Medio,-22.9269656,-43.1766115,Fechado,Bolsão d'água em via,2021-12-23,
5.0,69515,Catete,2021-12-23 03:25:51+00:00,2021-12-23 04:40:43+00:00,Curto,"R. do catete, alt. r. pedro américo - catete",Baixo,-22.9269656,-43.1766115,Fechado,Bolsão d'água em via,2021-12-23,
5.0,69496,Catete,2021-12-23 01:32:58+00:00,2021-12-23 02:25:08+00:00,Curto,"R. do catete, alt. r. pedro américo - catete",Baixo,-22.9269656,-43.1766115,Fechado,Bolsão d'água em via,2021-12-23,
5.0,69688,Catete,2021-12-29 21:27:55+00:00,2021-12-29 22:35:33+00:00,Curto,Rua do catete - alt. rua silveira martins  - catete,Baixo,-22.9308225,-43.1773649,Fechado,Bolsão d'água em via,2021-12-29,
5.0,68700,Catete,2021-12-07 17:42:14+00:00,2021-12-07 18:40:52+00:00,Curto,"R. do catete, alt. r. silveira martins - catete",Baixo,-22.9269656,-43.1766115,Fechado,Bolsão d'água em via,2021-12-07,
5.0,68723,Centro,2021-12-08 00:23:39+00:00,2021-12-08 01:14:13+00:00,Curto,"Praça cristiano otoni, alt. av. pres. vargas - centro",Baixo,-22.90420385009491,-43.19046216931152,Fechado,Bolsão d'água em via,2021-12-08,
5.0,68900,Centro,2021-12-12 16:14:09+00:00,2021-12-12 18:21:02+00:00,Curto,Linha vermelha - km 1 - sent. baixada,Baixo,,,Fechado,Bolsão d'água em via,2021-12-12,
5.0,69253,Centro,2021-12-17 16:27:33+00:00,2021-12-17 17:03:11+00:00,Curto,Rua mem de sá - alt. r. de santana - centro,Baixo,-22.9109748,-43.1929535,Fechado,Bolsão d'água em via,2021-12-17,
5.0,68718,Centro,2021-12-07 22:26:19+00:00,2021-12-08 00:30:25+00:00,Curto,"Rua frei caneca, 229 (alt. estacionamento bpm choque) - centro ",Baixo,-22.9113594,-43.1947373,Fechado,Bolsão d'água em via,2021-12-07,
5.0,69518,Centro,2021-12-23 03:46:23+00:00,2021-12-23 04:02:08+00:00,Curto,"R. de santana, alt. r. frei caneca - centro",Baixo,-22.9081212,-43.1939546,Fechado,Bolsão d'água em via,2021-12-23,
5.0,69516,Centro,2021-12-23 03:39:09+00:00,2021-12-23 04:46:51+00:00,Curto,"Av. mem de sá, alt. r. dos inválidos - centro",Baixo,-22.912313,-43.1861477,Fechado,Bolsão d'água em via,2021-12-23,
5.0,68724,Centro,2021-12-08 01:19:59+00:00,2021-12-08 01:26:02+00:00,Curto,"Rua araújo porto alegre, 74 - centro",Baixo,-22.9082092,-43.1754225,Fechado,Bolsão d'água em via,2021-12-08,
5.0,68939,Centro,2021-12-12 17:39:41+00:00,2021-12-12 19:39:47+00:00,Curto,Praça da bandeira (alt. felisberto de menezes,Baixo,,,Fechado,Bolsão d'água em via,2021-12-12,
5.0,69542,Centro,2021-12-23 08:47:02+00:00,2021-12-23 10:08:10+00:00,Curto,"R. araújo porto alegre, alt. av. rio branco - centro",Baixo,-22.9093357,-43.1758829,Fechado,Bolsão d'água em via,2021-12-23,
5.0,69502,Centro,2021-12-23 01:57:57+00:00,2021-12-23 02:29:53+00:00,Curto,"Av. mem de sá, alt.  r. dos inválidos - centro",Baixo,-22.9126,-43.1846316,Fechado,Bolsão d'água em via,2021-12-23,
5.0,69500,Centro,2021-12-23 01:47:46+00:00,2021-12-23 02:34:19+00:00,Curto,Rua da carioca - alt. praça tiradentes - centro,Baixo,-22.9074045,-43.1825751,Fechado,Bolsão d'água em via,2021-12-23,
5.0,69509,Centro,2021-12-23 02:53:06+00:00,2021-12-23 03:18:01+00:00,Curto,Av. mem de sá - alt. rua do lavradio  - centro,Baixo,-22.912313,-43.1861477,Fechado,Bolsão d'água em via,2021-12-23,
5.0,69528,Centro,2021-12-23 04:33:38+00:00,2021-12-23 05:22:49+00:00,Curto,Av. mem de sá - alt. rua frei caneca - centro,Baixo,-22.912313,-43.1861477,Fechado,Bolsão d'água em via,2021-12-23,
5.0,69521,Grajau,2021-12-23 03:57:55+00:00,2021-12-23 04:48:40+00:00,Curto,R. mal. jofre - alt hosp. casa italiano- grajau,Baixo,-22.9190938,-43.26616629999999,Fechado,Bolsão d'água em via,2021-12-23,
5.0,68999,Gávea,2021-12-13 06:15:21+00:00,2021-12-13 08:01:03+00:00,Curto,"Rua min. raul machado, alt. r. mário ribeiro - gávea - sent. lagoa",Baixo,-22.9787762,-43.2219715,Fechado,Bolsão d'água em via,2021-12-13,
5.0,69517,Gávea,2021-12-23 03:42:58+00:00,2021-12-23 06:15:01+00:00,Curto,Estrada eng. fernando mac dowell - alt. gávea golf club  - sent. gávea,Alto,-22.9984332,-43.2661166,Fechado,Bolsão d'água em via,2021-12-23,
5.0,68613,Irajá,2021-12-05 19:29:56+00:00,2021-12-05 22:36:27+00:00,Curto,Av. brasil - alt. trevo das margaridas - irajá - sent. z. centro,Baixo,-22.8204814,-43.3204012,Fechado,Bolsão d'água em via,2021-12-05,
5.0,69194,Irajá,2021-12-16 19:05:38+00:00,2021-12-16 19:07:27+00:00,Curto,"Av. brasil, alt. trevo das margaridas - irajá",Baixo,-22.8205523,-43.3200086,Fechado,Bolsão d'água em via,2021-12-16,
5.0,69174,Irajá,2021-12-16 17:43:21+00:00,2021-12-16 19:05:37+00:00,Curto,"Estr. do portinho, 502 - irajá",Baixo,-22.8291056,-43.3332411,Fechado,Bolsão d'água em via,2021-12-16,
5.0,69173,Irajá,2021-12-16 17:42:54+00:00,2021-12-16 18:22:55+00:00,Curto,"Av. braz de pina, 1952 - irajá",Baixo,-22.834669,-43.318404,Fechado,Bolsão d'água em via,2021-12-16,
5.0,69177,Irajá,2021-12-16 17:45:55+00:00,2021-12-16 19:18:15+00:00,Curto,"Estr. da água grande, alt. mercado extra - irajá",Baixo,-22.8280485,-43.3222224,Fechado,Bolsão d'água em via,2021-12-16,
5.0,69270,Méier,2021-12-17 17:51:41+00:00,2021-12-17 19:13:41+00:00,Curto,R. dias da cruz - alt. r. vilela tavares - méier,Baixo,-22.9048796,-43.2889013,Fechado,Bolsão d'água em via,2021-12-17,
5.0,69733,Méier,2021-12-30 18:36:54+00:00,2021-12-30 19:35:07+00:00,Curto,R. dias da cruz - alt. r. vilela tavares - méier,Medio,-22.9048796,-43.2889013,Fechado,Bolsão d'água em via,2021-12-30,
5.0,69750,Pavuna,2021-12-30 20:02:38+00:00,2021-12-30 21:12:29+00:00,Curto,R. mercúrio - pavuna,Baixo,-22.805257,-43.355906,Fechado,Bolsão d'água em via,2021-12-30,
5.0,69491,Tijuca,2021-12-23 01:21:40+00:00,2021-12-23 01:39:03+00:00,Curto,"R. josé higino, alt. r. conde de bonfim - tijuca",Baixo,-22.929586,-43.23818079999999,Fechado,Bolsão d'água em via,2021-12-23,
5.0,69290,Tijuca,2021-12-17 22:31:11+00:00,2021-12-18 01:01:04+00:00,Curto,"R. visc. de figueiredo, 51 - tijuca",Baixo,-22.9228519,-43.2273321,Fechado,Bolsão d'água em via,2021-12-17,
5.0,69249,Tijuca,2021-12-17 16:14:53+00:00,2021-12-17 19:09:19+00:00,Curto,R. dr. satamini - alt. r. campos sales - tijuca (cam 365),Medio,-22.9182468,-43.21731140000001,Fechado,Bolsão d'água em via,2021-12-17,
5.0,69108,Tijuca,2021-12-14 21:15:34+00:00,2021-12-14 21:25:08+00:00,Curto,R. haddock lobo - alt. n° 347 - tijuca,Baixo,-22.9209213,-43.2174805,Fechado,Bolsão d'água em via,2021-12-14,
5.0,69268,Tijuca,2021-12-17 17:30:00+00:00,2021-12-17 18:48:44+00:00,Curto,Rua conde de bonfim - alt. r. almirante cochrame - tijuca,Baixo,-22.9320902,-43.24011609999999,Fechado,Bolsão d'água em via,2021-12-17,
5.0,69492,Tijuca,2021-12-23 01:23:03+00:00,2021-12-23 02:37:11+00:00,Curto,R. haddock lobo - alt. r. eng. adel - tijuca,Medio,-22.9212002,-43.2162555,Fechado,Bolsão d'água em via,2021-12-23,
5.0,69545,Tijuca,2021-12-23 09:14:36+00:00,2021-12-23 09:55:16+00:00,Curto,"R. haddock lobo, alt. clube municipal - tijuca",Baixo,-22.9189372,-43.213431,Fechado,Bolsão d'água em via,2021-12-23,
5.0,69493,Tijuca,2021-12-23 01:24:53+00:00,2021-12-23 02:36:12+00:00,Curto,"R. campos sales, alt. praça afonso pena - tijuca",Medio,-22.917278,-43.21776630000001,Fechado,Bolsão d'água em via,2021-12-23,
5.0,69264,Tijuca,2021-12-17 17:15:21+00:00,2021-12-17 18:32:24+00:00,Curto,Rua conde de bonfim - alt. r. josé higino - tijuca,Baixo,-22.9298968,-43.2373285,Fechado,Bolsão d'água em via,2021-12-17,
5.0,69262,Tijuca,2021-12-17 17:09:21+00:00,2021-12-17 18:50:24+00:00,Curto,"R. pareto, alt. upa - tijuca",Baixo,-22.9221034,-43.2300304,Fechado,Bolsão d'água em via,2021-12-17,
5.0,69734,Tijuca,2021-12-30 18:42:51+00:00,2021-12-30 20:22:24+00:00,Curto,R. barão de mesquita - alt. r. josé higino - tijuca,Baixo,-22.9241251,-43.2404997,Fechado,Bolsão d'água em via,2021-12-30,
5.0,69250,Tijuca,2021-12-17 16:16:43+00:00,2021-12-17 18:41:49+00:00,Curto,Rua haddock lobo - alt. r. eng. adel - tijuca,Baixo,-22.920493121973028,-43.216560062565605,Fechado,Bolsão d'água em via,2021-12-17,
5.0,69293,Tijuca,2021-12-17 23:37:59+00:00,2021-12-17 23:41:59+00:00,Curto,R. visc. de figueiredo - alt. n° 51 - tijuca,Baixo,-22.9227621,-43.2274361,Fechado,Bolsão d'água em via,2021-12-17,
5.0,69495,Tijuca,2021-12-23 01:29:40+00:00,2021-12-23 01:31:41+00:00,Curto,R. haddock lobo - alt. rua engenheiro adel - tijuca,Baixo,-22.9189372,-43.213431,Fechado,Bolsão d'água em via,2021-12-23,
5.0,69738,Tijuca,2021-12-30 19:00:00+00:00,2021-12-30 19:38:11+00:00,Curto,Rua conde de bonfim - alt. rua uruguai - tijuca,Baixo,-22.9320902,-43.24011609999999,Fechado,Bolsão d'água em via,2021-12-30,
5.0,69266,Tijuca,2021-12-17 17:22:22+00:00,2021-12-17 19:33:49+00:00,Curto,"Rua professor gabizo, alt. haddock lobo - maracanã",Baixo,-22.921108179782745,-43.218793016918944,Fechado,Bolsão d'água em via,2021-12-17,
5.0,68938,Benfica,2021-12-12 17:40:07+00:00,2021-12-12 20:39:59+00:00,Curto,"Av. brasil, benfica - set. zona oeste",Baixo,-22.8850574,-43.2351722,Fechado,Bolsão d'água em via,2021-12-12,
5.0,69243,Galeão,2021-12-17 15:57:37+00:00,2021-12-17 19:29:45+00:00,Curto,R. cabo roberto mothe - galeão,Baixo,-22.8121483,-43.2261178,Fechado,Bolsão d'água em via,2021-12-17,
5.0,69228,Galeão,2021-12-17 13:33:40+00:00,2021-12-17 14:23:21+00:00,Curto,Linha vermelha - km 7 - sent. baixada,Baixo,-22.8278692,-43.2503136,Fechado,Bolsão d'água em via,2021-12-17,
5.0,69232,Galeão,2021-12-17 13:55:01+00:00,2021-12-17 14:54:20+00:00,Curto,Estr. do galeão - alt. restaurante siri da ilha - galeão,Baixo,-22.8207517,-43.22720899999999,Fechado,Bolsão d'água em via,2021-12-17,
5.0,69256,Galeão,2021-12-17 16:39:38+00:00,2021-12-17 19:35:46+00:00,Curto,Linha vermelha - km 16 - sent. baixada,Baixo,-22.8278692,-43.2503136,Fechado,Bolsão d'água em via,2021-12-17,
5.0,68711,Glória,2021-12-07 19:38:20+00:00,2021-12-07 19:42:45+00:00,Curto,"Rua pedro américo, alt. r. do catete, 6 - glória",Baixo,-22.9212892,-43.1770556,Fechado,Bolsão d'água em via,2021-12-07,
5.0,68706,Glória,2021-12-07 18:14:22+00:00,2021-12-07 18:44:07+00:00,Curto,"R. pedro americo, alt. r. do catete, 6 - glória",Baixo,-22.9212892,-43.1770556,Fechado,Bolsão d'água em via,2021-12-07,
5.0,69475,Ipanema,2021-12-22 20:04:58+00:00,2021-12-22 21:37:31+00:00,Curto,R. vinícius de moraes - alt. av. epitácio pessoa - ipanema,Baixo,-22.9832664,-43.2027898,Fechado,Bolsão d'água em via,2021-12-22,
5.0,68698,Ipanema,2021-12-07 17:20:57+00:00,2021-12-07 19:24:08+00:00,Curto,"R. vinícius de moraes, alt. av. epitacio pessoa - lagoa",Baixo,-22.9798882,-43.2024645,Fechado,Bolsão d'água em via,2021-12-07,
5.0,69183,Ipanema,2021-12-16 17:59:38+00:00,2021-12-16 18:49:03+00:00,Curto,"R. vinícius de moraes,alt. av. eptacio pessoa  - ipanema",Baixo,-22.9797488,-43.2024596,Fechado,Bolsão d'água em via,2021-12-16,
5.0,68623,Ipanema,2021-12-06 00:08:48+00:00,2021-12-06 01:33:37+00:00,Curto,R. vinícius de moraes - alt. av. eptácio pessoa - ipanema,Baixo,-22.9832664,-43.2027898,Fechado,Bolsão d'água em via,2021-12-06,
5.0,69167,Moneró,2021-12-16 17:37:13+00:00,2021-12-16 20:39:15+00:00,Curto,"Av. do magistério, 1367 - moneró",Baixo,-22.7969297,-43.1930521,Fechado,Bolsão d'água em via,2021-12-16,
5.0,69483,Piedade,2021-12-22 23:00:18+00:00,2021-12-22 23:48:18+00:00,Curto,R. goiás - alt. rua divino salvador - piedade,Baixo,-22.8892726,-43.3105029,Fechado,Bolsão d'água em via,2021-12-22,
5.0,69274,Piedade,2021-12-17 18:26:18+00:00,2021-12-17 19:32:30+00:00,Curto,"R. goiás, alt. estação piedade - piedade",Baixo,-22.8892726,-43.3105029,Fechado,Bolsão d'água em via,2021-12-17,
5.0,69526,Rocinha,2021-12-23 04:21:23+00:00,2021-12-23 06:15:45+00:00,Curto,"Estr. da gávea, alt. fashion mall - s. conrado - ambos os sentidos",Baixo,-22.9912423,-43.2532955,Fechado,Bolsão d'água em via,2021-12-23,
5.0,69513,Rocinha,2021-12-23 03:11:28+00:00,2021-12-23 03:29:39+00:00,Curto,Estrada eng. fernando mac dowell - alt. rocinha - sent. são conrado.,Baixo,-22.9925424,-43.251499,Fechado,Bolsão d'água em via,2021-12-23,
5.0,69751,Taquara,2021-12-30 20:06:02+00:00,2021-12-30 20:23:23+00:00,Curto,Estr. do cafundá - alt. estr. do catonho - taquara,Baixo,-22.9125537,-43.3766502,Fechado,Bolsão d'água em via,2021-12-30,
5.0,69169,Taquara,2021-12-16 17:39:06+00:00,2021-12-16 18:18:56+00:00,Curto,"Praça jauru, 190 - taquara",Baixo,-22.916395,-43.3780622,Fechado,Bolsão d'água em via,2021-12-16,
5.0,69163,Taquara,2021-12-16 16:46:45+00:00,2021-12-16 17:29:46+00:00,Curto,"Estr. do cafundá, alt. estr. meringuava - taquara",Baixo,-22.9125537,-43.3766502,Fechado,Bolsão d'água em via,2021-12-16,
5.0,69179,Taquara,2021-12-16 17:47:50+00:00,2021-12-16 18:34:43+00:00,Curto,"R. godofredo viana, 215 - taquara",Baixo,-22.914675,-43.3654363,Fechado,Bolsão d'água em via,2021-12-16,
5.0,68701,Taquara,2021-12-07 17:46:54+00:00,2021-12-07 19:25:23+00:00,Curto,"Estr. do cafundá, alt. mercado guanabara - taquara",Baixo,-22.9125537,-43.3766502,Fechado,Bolsão d'água em via,2021-12-07,
5.0,69165,Taquara,2021-12-16 17:01:09+00:00,2021-12-16 18:37:55+00:00,Curto,"Estr. do tindiba, alt. r. caviana - taquara",Medio,-22.9247371,-43.3705716,Fechado,Bolsão d'água em via,2021-12-16,
5.0,69107,Taquara,2021-12-14 20:51:22+00:00,2021-12-14 21:46:09+00:00,Curto,Estr. dos bandeirantes - alt. n°  3792 - taquara,Baixo,-22.9515632,-43.3741782,Fechado,Bolsão d'água em via,2021-12-14,
5.0,69548,Anchieta,2021-12-23 11:20:57+00:00,2021-12-23 17:38:27+00:00,Curto,"Av. chrisóstomo pimentel de oliveira, alt. via light - pavuna",Baixo,-22.8164293,-43.384932,Fechado,Bolsão d'água em via,2021-12-23,
5.0,69219,Anchieta,2021-12-17 10:24:58+00:00,2021-12-17 22:02:14+00:00,Curto,Av. chrisóstomo pimentel de oliveira - alt. via light - anchieta,Baixo,-22.8165749,-43.3886762,Fechado,Bolsão d'água em via,2021-12-17,
5.0,69319,Anchieta,2021-12-18 16:12:46+00:00,2021-12-19 18:42:44+00:00,Curto,Av. chrisóstomo pimentel de oliveira - alt. via light - anchieta,Baixo,-22.81619195596807,-43.38860126193237,Fechado,Bolsão d'água em via,2021-12-18,
5.0,68702,Andaraí,2021-12-07 17:48:16+00:00,2021-12-07 23:37:37+00:00,Curto,"R. silva téles, 71  - andaraí",Baixo,-22.9225601,-43.2434195,Fechado,Bolsão d'água em via,2021-12-07,
5.0,68933,Botafogo,2021-12-12 17:27:03+00:00,2021-12-12 19:35:17+00:00,Curto,"Praia de botafogo, alt. viaduto santiago dantas - sent. centro",Baixo,-22.9495972,-43.1816912,Fechado,Bolsão d'água em via,2021-12-12,
5.0,69523,Botafogo,2021-12-23 04:16:11+00:00,2021-12-23 05:03:20+00:00,Curto,R. muniz barreto - alt. rua marques de olinda - botafogo,Baixo,-22.9454349,-43.18409459999999,Fechado,Bolsão d'água em via,2021-12-23,
5.0,68705,Botafogo,2021-12-07 18:07:42+00:00,2021-12-07 18:51:12+00:00,Curto,"R. muniz barreto, - alt. r. marquês de olinda - botafogo",Baixo,-22.9454349,-43.18409459999999,Fechado,Bolsão d'água em via,2021-12-07,
5.0,69185,Botafogo,2021-12-16 18:02:46+00:00,2021-12-16 18:25:52+00:00,Curto,"Rua general polidoro, alt. r. real grandeza- botafogo",Medio,-22.9565048,-43.1866646,Fechado,Bolsão d'água em via,2021-12-16,
5.0,68912,Botafogo,2021-12-12 16:50:05+00:00,2021-12-12 18:11:47+00:00,Curto,"Rua são clemente, alt. muniz barreto - botafogo",Baixo,,,Fechado,Bolsão d'água em via,2021-12-12,
5.0,69030,Botafogo,2021-12-13 10:56:35+00:00,2021-12-13 16:53:45+00:00,Curto,"R. barão de lucena, 81 - botafogo",Baixo,-22.9475612,-43.1879674,Fechado,Bolsão d'água em via,2021-12-13,
5.0,69162,Campinho,2021-12-16 16:27:32+00:00,2021-12-16 18:55:27+00:00,Curto,"Estr. intendente magalhãe, alt. r. henrique de melo - campinho",Baixo,-22.8789145,-43.3571978,Fechado,Bolsão d'água em via,2021-12-16,
5.0,69481,Campinho,2021-12-22 22:32:10+00:00,2021-12-22 22:52:39+00:00,Curto,Estr. intendente magalhães - rua henrique de melo - campinho - sent. cascadura,Baixo,-22.8789145,-43.3571978,Fechado,Bolsão d'água em via,2021-12-22,
5.0,69166,Campinho,2021-12-16 17:03:59+00:00,2021-12-16 18:59:04+00:00,Curto,"Av. vicente de carvalho, alt. av. meriti - vicente de carvalho",Medio,-22.8512685,-43.3109469,Fechado,Bolsão d'água em via,2021-12-16,
5.0,69105,Curicica,2021-12-14 20:46:12+00:00,2021-12-14 21:39:50+00:00,Curto,R. vila aurora - alt. n° 171 - curicica,Baixo,-22.9448648,-43.3774125,Fechado,Bolsão d'água em via,2021-12-14,
5.0,69106,Curicica,2021-12-14 20:48:55+00:00,2021-12-14 21:30:49+00:00,Curto,R. do castor - alt. n° 317 - curicica,Baixo,-22.9520128,-43.3790737,Fechado,Bolsão d'água em via,2021-12-14,
5.0,69230,Flamengo,2021-12-17 13:39:02+00:00,2021-12-17 14:22:41+00:00,Curto,Rua catete - alt r. silveira martins - catete,Baixo,-22.9258769,-43.178293,Fechado,Bolsão d'água em via,2021-12-17,
5.0,68684,Humaitá,2021-12-07 13:48:24+00:00,2021-12-07 14:04:26+00:00,Curto,"R. fonte da saudade, alt. r. humaita - humaitá",Baixo,-22.9593698,-43.2016571,Fechado,Bolsão d'água em via,2021-12-07,
5.0,69530,Humaitá,2021-12-23 06:19:10+00:00,2021-12-23 09:18:24+00:00,Curto,Rua humaitá - alt. rua fonte da saudadae - humaitá,Baixo,-22.957382,-43.19851000000001,Fechado,Bolsão d'água em via,2021-12-23,
5.0,69771,Humaitá,2021-12-31 06:48:45+00:00,2021-12-31 10:20:40+00:00,Curto,Rua humaitá - alt. rua fonte da saudade - humaitá,Baixo,-22.9579332,-43.1994984,Fechado,Bolsão d'água em via,2021-12-31,
5.0,69730,Realengo,2021-12-30 18:13:43+00:00,2021-12-30 18:21:26+00:00,Curto,Av. brasil - alt. posto vagão - realengo,Baixo,-22.8643303,-43.4360237,Fechado,Bolsão d'água em via,2021-12-30,
5.0,69095,Realengo,2021-12-14 17:55:21+00:00,2021-12-14 18:07:38+00:00,Curto,R. bernardo de vasconcelos - realengo,Baixo,-22.876013,-43.4340806,Fechado,Bolsão d'água em via,2021-12-14,
5.0,69261,Realengo,2021-12-17 17:08:35+00:00,2021-12-17 23:49:16+00:00,Curto,"Av. de santa cruz, 1652 - realengo",Baixo,-22.8778221,-43.4389323,Fechado,Bolsão d'água em via,2021-12-17,
5.0,69292,Realengo,2021-12-17 23:20:15+00:00,2021-12-18 00:16:49+00:00,Curto,Av. brasil - alt. posto vagão - realengo - sent. z. oeste,Baixo,-22.8650574,-43.42843149999999,Fechado,Bolsão d'água em via,2021-12-17,
5.0,69549,Realengo,2021-12-23 11:32:20+00:00,2021-12-23 11:35:42+00:00,Curto,"Avenida de santa cruz, alt. universidade castelo branco - realengo",Baixo,-22.8781274,-43.4393649,Fechado,Bolsão d'água em via,2021-12-23,
5.0,69505,Realengo,2021-12-23 02:11:31+00:00,2021-12-23 02:26:51+00:00,Curto,"R. bernardo de vasconcelos, 1307 - realengo",Baixo,-22.876013,-43.4340806,Fechado,Bolsão d'água em via,2021-12-23,
5.0,68721,Realengo,2021-12-08 00:05:46+00:00,2021-12-08 00:09:19+00:00,Curto,"Av. de santa cruz, 1200 - realengo",Baixo,-22.8778268,-43.434883,Fechado,Bolsão d'água em via,2021-12-08,
5.0,69271,Cascadura,2021-12-17 17:55:15+00:00,2021-12-17 19:56:42+00:00,Curto,Av. ernani cardoso - alt. alt. r. padre telêmaco - madureira,Baixo,-22.8820385,-43.3318595,Fechado,Bolsão d'água em via,2021-12-17,
5.0,69190,Guadalupe,2021-12-16 18:27:40+00:00,2021-12-16 19:20:55+00:00,Curto,"R. argos, 536 - guadalupe",Baixo,-22.8416851,-43.38122329999999,Fechado,Bolsão d'água em via,2021-12-16,
5.0,69767,Guadalupe,2021-12-31 01:51:01+00:00,2021-12-31 04:59:40+00:00,Curto,Av. brasil - alt.  supermarket - barros filho - sent. z. oeste,Baixo,-22.839081,-43.3672156,Fechado,Bolsão d'água em via,2021-12-31,
5.0,69291,Guaratiba,2021-12-17 22:39:25+00:00,2021-12-18 00:20:26+00:00,Curto,Av. dom joão vi - alt. estação brt pingo d'água - guaratiba - sent. santa cruz.,Baixo,-22.9649,-43.64727999999999,Fechado,Bolsão d'água em via,2021-12-17,
5.0,69295,Guaratiba,2021-12-18 00:57:20+00:00,2021-12-18 04:49:36+00:00,Curto,Estrada da pedra - alt n° 4598 - guaratiba,Baixo,-22.9686009,-43.64786780000001,Fechado,Bolsão d'água em via,2021-12-18,
5.0,69277,Inhoaíba,2021-12-17 18:58:33+00:00,2021-12-17 23:04:49+00:00,Curto,"Av. cesário de melo, alt. estr. do monteiro - inhoaíba",Baixo,-22.9143349,-43.6023262,Fechado,Bolsão d'água em via,2021-12-17,
5.0,69519,Inhoaíba,2021-12-23 03:53:04+00:00,2021-12-23 04:04:19+00:00,Curto,Av. cesário de melo - alt. estr. santa eugênia - inhoaíba - sent. campo grande,Baixo,-22.9145048,-43.6034432,Fechado,Bolsão d'água em via,2021-12-23,
5.0,69287,Inhoaíba,2021-12-17 22:15:33+00:00,2021-12-17 23:10:37+00:00,Curto,Av cesário de mello - alt. estação brt inhoaíba - inhoaíba,Baixo,-22.910867,-43.58423519999999,Fechado,Bolsão d'água em via,2021-12-17,
5.0,68899,Inhoaíba,2021-12-12 16:04:08+00:00,2021-12-12 18:30:41+00:00,Curto,Av cesario de melo - alt. estr. do monteiro,Baixo,-22.9142678,-43.6025406,Fechado,Bolsão d'água em via,2021-12-12,
5.0,69507,Inhoaíba,2021-12-23 02:20:48+00:00,2021-12-23 02:50:06+00:00,Curto,"Av. cesário de melo, alt. estação brt inhoaíba - inhoaíba",Baixo,-22.910867,-43.58423519999999,Fechado,Bolsão d'água em via,2021-12-23,
5.0,69487,Inhoaíba,2021-12-23 00:18:53+00:00,2021-12-23 00:46:33+00:00,Curto,Av. cesário de melo - alt. estr. santa eugênia- inhoaíba - sent. campo grande.,Baixo,-22.913977,-43.60012400000001,Fechado,Bolsão d'água em via,2021-12-23,
5.0,69161,Madureira,2021-12-16 16:23:49+00:00,2021-12-16 18:31:04+00:00,Curto,"Av. min. edgard romero, alt. r. conselheiro galvão  - madureira",Medio,-22.8661268,-43.3343465,Fechado,Bolsão d'água em via,2021-12-16,
5.0,68948,Maracanã,2021-12-12 18:03:07+00:00,2021-12-12 18:27:03+00:00,Curto,Rua são francisco xavier - alt. praça noel - maracanã,Baixo,-22.9137067,-43.2341342,Fechado,Bolsão d'água em via,2021-12-12,
5.0,68940,Maracanã,2021-12-12 17:42:40+00:00,2021-12-12 18:17:12+00:00,Curto,"R. são francisco xavier, alt. general canabarro - maracanã",Baixo,-22.9139781,-43.2336463,Fechado,Bolsão d'água em via,2021-12-12,
5.0,68937,Maracanã,2021-12-12 17:35:38+00:00,2021-12-12 19:36:55+00:00,Curto,R. sen. furtado - maracanã,Baixo,-22.9116765,-43.2186893,Fechado,Bolsão d'água em via,2021-12-12,
5.0,69756,Maracanã,2021-12-30 20:40:44+00:00,2021-12-30 20:45:35+00:00,Curto,R. prof. euríco rabêlo - alt. r. conselheiro olegário - maracanã,Baixo,-22.9131456,-43.2326805,Fechado,Bolsão d'água em via,2021-12-30,
5.0,69257,Maracanã,2021-12-17 16:44:15+00:00,2021-12-17 18:39:19+00:00,Curto,Av. radial oeste - alt. maracanã - ambos os sentidos,Baixo,-22.9108226,-43.226742,Fechado,Bolsão d'água em via,2021-12-17,
5.0,69265,Maracanã,2021-12-17 17:20:07+00:00,2021-12-17 18:35:05+00:00,Curto,Av. prof. manoel de abreu - praça niterói - maracanã - sent. s. francisco xavier ,Medio,-22.915427,-43.2345363,Fechado,Bolsão d'água em via,2021-12-17,
5.0,69288,Pechincha,2021-12-17 22:20:02+00:00,2021-12-17 22:59:51+00:00,Curto,Rua edgard werneck - alt. n° 1310 - pechincha,Baixo,-22.9453382,-43.3576102,Fechado,Bolsão d'água em via,2021-12-17,
5.0,69713,Bancários,2021-12-30 16:19:33+00:00,2021-12-30 20:39:24+00:00,Curto,R. gipóia - alt. r. max yantok - bancários,Baixo,-22.7908796,-43.1835052,Fechado,Bolsão d'água em via,2021-12-30,
5.0,69710,Bancários,2021-12-30 16:14:22+00:00,2021-12-30 18:12:37+00:00,Curto,R. ilha das cobras - bancários,Baixo,-22.7892912,-43.1841847,Fechado,Bolsão d'água em via,2021-12-30,
5.0,69240,Bancários,2021-12-17 15:52:24+00:00,2021-12-17 19:18:33+00:00,Curto,R. max yantok - bancários - ilha do gov.,Baixo,-22.7917275,-43.182906,Fechado,Bolsão d'água em via,2021-12-17,
5.0,69191,Bancários,2021-12-16 18:30:21+00:00,2021-12-16 19:56:17+00:00,Curto,"R. max yantok, 100 - bancários",Baixo,-22.7936604,-43.1808371,Fechado,Bolsão d'água em via,2021-12-16,
5.0,69706,Bancários,2021-12-30 16:08:58+00:00,2021-12-30 18:12:52+00:00,Curto,Rua ilha fiscal - bancários,Baixo,-22.7887836,-43.1832662,Fechado,Bolsão d'água em via,2021-12-30,
5.0,69279,Bonsucesso,2021-12-17 19:06:43+00:00,2021-12-17 19:10:11+00:00,Curto,R.uranos - alt. 1323 - bonsucesso,Baixo,-22.8612703,-43.2575934,Fechado,Bolsão d'água em via,2021-12-17,
5.0,69199,Bonsucesso,2021-12-16 20:34:16+00:00,2021-12-16 21:08:39+00:00,Curto,"Av. itaóca, 2181 - inhaúma",Baixo,-22.8683033,-43.2744249,Fechado,Bolsão d'água em via,2021-12-16,
5.0,68897,Bonsucesso,2021-12-12 15:50:16+00:00,2021-12-12 19:21:08+00:00,Curto,Av brasil - alt parada de lucas - passarela 21 - sent z oeste,Baixo,,,Fechado,Bolsão d'água em via,2021-12-12,
5.0,69499,Copacabana,2021-12-23 01:45:30+00:00,2021-12-23 02:06:24+00:00,Curto,R. tonelero - alt. rua siqueira campos  - copacabana,Baixo,-22.9666427,-43.1852321,Fechado,Bolsão d'água em via,2021-12-23,
5.0,68913,Copacabana,2021-12-12 16:51:45+00:00,2021-12-12 18:07:43+00:00,Curto,"Rua tonelero, alt. fiqueiredo magalhaes  - copacabana",Baixo,,,Fechado,Bolsão d'água em via,2021-12-12,
5.0,69527,Copacabana,2021-12-23 04:26:31+00:00,2021-12-23 04:52:08+00:00,Curto,"Av. nossa sra. de copacabana, alt. r. siqueira campos - copacabana",Baixo,-22.9707463,-43.1864773,Fechado,Bolsão d'água em via,2021-12-23,
5.0,69284,Copacabana,2021-12-17 21:53:45+00:00,2021-12-17 22:52:27+00:00,Curto,R. tonelero - alt. rua siqueira campos - copacabana - cam 278,Baixo,-22.9666427,-43.1852321,Fechado,Bolsão d'água em via,2021-12-17,
5.0,69520,Copacabana,2021-12-23 03:53:33+00:00,2021-12-23 05:15:58+00:00,Curto,"R. barata ribeiro, alt. r. siqueira campos - copacabana",Baixo,-22.9686451,-43.1858006,Fechado,Bolsão d'água em via,2021-12-23,
5.0,69184,Copacabana,2021-12-16 18:01:05+00:00,2021-12-16 18:52:38+00:00,Curto,"R. tonelero, alt. r. siqueira campos - copacabana",Baixo,-22.9666427,-43.1852321,Fechado,Bolsão d'água em via,2021-12-16,
5.0,68719,Copacabana,2021-12-07 22:33:33+00:00,2021-12-07 22:45:33+00:00,Curto,"Rua siqueira campos, alt. r. toneleiro - copacabana",Baixo,-22.9661813,-43.18737360000001,Fechado,Bolsão d'água em via,2021-12-07,
5.0,69529,Copacabana,2021-12-23 04:33:35+00:00,2021-12-23 06:02:38+00:00,Curto,"R. min. alfredo valadão, alt. r. siqueira campos - copacabana",Baixo,-22.9658803,-43.1889653,Fechado,Bolsão d'água em via,2021-12-23,
5.0,68916,Copacabana,2021-12-12 16:56:46+00:00,2021-12-12 18:06:12+00:00,Curto,"Rua tonelero, alt. fiqueiredo magalhaes  - copacabana",Baixo,,,Fechado,Bolsão d'água em via,2021-12-12,
5.0,69512,Copacabana,2021-12-23 03:13:54+00:00,2021-12-23 04:31:39+00:00,Curto,R. tonelero - alt. r. siqueira campos - copacabana,Baixo,-22.9671127,-43.1861562,Fechado,Bolsão d'água em via,2021-12-23,
5.0,68732,Itanhangá,2021-12-08 04:21:29+00:00,2021-12-08 22:31:36+00:00,Curto,"Av. eng. souza filho, 1193 - itanhangá - sent. estr. do itanhangá",Baixo,-22.974496,-43.3356946,Fechado,Bolsão d'água em via,2021-12-08,
5.0,69749,Itanhangá,2021-12-30 20:00:25+00:00,2021-12-30 20:34:41+00:00,Curto,"Estr. da barra da tijuca, 1020 - itanhangá",Baixo,-23.0031817,-43.3036572,Fechado,Bolsão d'água em via,2021-12-30,
5.0,68703,Itanhangá,2021-12-07 18:01:03+00:00,2021-12-07 19:27:06+00:00,Curto,"Estr. do itanhangá, 1020- itanhangá",Baixo,-22.9952425,-43.3113164,Fechado,Bolsão d'água em via,2021-12-07,
5.0,69696,Itanhangá,2021-12-29 23:45:42+00:00,2021-12-30 06:48:01+00:00,Curto,Av. eng. souza filho - alt. n° 1079 - itanhangá - sent. muzema.,Baixo,-22.9880099,-43.3284663,Fechado,Bolsão d'água em via,2021-12-29,
5.0,69729,Itanhangá,2021-12-30 17:55:13+00:00,2021-12-31 18:23:41+00:00,Curto,Av. engenheiro souza filho - alt. casas bahia - muzema,Baixo,-22.9752887,-43.3356605,Fechado,Bolsão d'água em via,2021-12-30,
5.0,69690,Itanhangá,2021-12-29 21:57:42+00:00,2021-12-29 21:59:19+00:00,Curto,Estr. do itanhangá - itanhangá,Baixo,-22.9964163,-43.3143077,Fechado,Bolsão d'água em via,2021-12-29,
5.0,69276,Manguinhos,2021-12-17 18:46:41+00:00,2021-12-17 19:58:26+00:00,Curto,Av. brasil - manguinhos - sent. z. oeste,Baixo,-22.8790547,-43.2401616,Fechado,Bolsão d'água em via,2021-12-17,
5.0,69638,Manguinhos,2021-12-27 18:42:25+00:00,2021-12-27 20:12:24+00:00,Curto,"Av. brasil, alt. canal do cunha - manguinhos - sent. centro",Baixo,-22.8797376,-43.2401316,Fechado,Bolsão d'água em via,2021-12-27,
5.0,68970,Manguinhos,2021-12-12 19:59:08+00:00,2021-12-12 21:23:05+00:00,Curto,"Av. brasil, alt.  passarela 10 - sent. centro",Baixo,-22.8562003,-43.2479105,Fechado,Bolsão d'água em via,2021-12-12,
5.0,68669,Manguinhos,2021-12-07 06:18:23+00:00,2021-12-07 06:19:19+00:00,Curto,Av. brasil - manguinhos - sent. z. oeste,Baixo,-22.8790547,-43.2401616,Fechado,Bolsão d'água em via,2021-12-07,
5.0,69744,Manguinhos,2021-12-30 19:23:04+00:00,2021-12-30 20:41:24+00:00,Curto,Av. brasil - alt. passarela 4 - benfica - sent. zona oeste ,Baixo,-22.8850574,-43.2351722,Fechado,Bolsão d'água em via,2021-12-30,
5.0,68725,Manguinhos,2021-12-08 01:33:37+00:00,2021-12-08 01:34:59+00:00,Curto,"Av. brasil, alt. canal do cunha - manguinhos - sent. centro",Baixo,-22.879316,-43.23979749999999,Fechado,Bolsão d'água em via,2021-12-08,
5.0,68668,Manguinhos,2021-12-07 06:15:25+00:00,2021-12-07 06:17:40+00:00,Curto,"Av. brasil, alt. manguinhos - sent. centro",Baixo,-22.8742644,-43.2435598,Fechado,Bolsão d'água em via,2021-12-07,
5.0,69286,Paciência,2021-12-17 22:07:58+00:00,2021-12-17 22:12:29+00:00,Curto,Av. cesário de mello - alt. viaduto de paciência - paciência - sent. campo grande,Baixo,-22.9160282,-43.6290597,Fechado,Bolsão d'água em via,2021-12-17,
5.0,68894,Santa cruz,2021-12-12 15:35:16+00:00,2021-12-12 18:20:23+00:00,Curto,Av. brasil - sent. santa cruz,Baixo,,,Fechado,Bolsão d'água em via,2021-12-12,
5.0,69489,Santa cruz,2021-12-23 00:42:13+00:00,2021-12-23 02:09:58+00:00,Curto,Estr. da pedra - alt. estação brt santa veridiana - santa cruz - sent. alvorada.,Baixo,-22.94048,-43.66514,Fechado,Bolsão d'água em via,2021-12-23,
5.0,68714,Santa cruz,2021-12-07 20:28:48+00:00,2021-12-08 01:30:12+00:00,Curto,"Estr. da pedra, 184 - santa cruz - sent. guaratiba",Baixo,-22.9442553,-43.6607478,Fechado,Bolsão d'água em via,2021-12-07,
5.0,69486,Santa cruz,2021-12-23 00:14:01+00:00,2021-12-23 00:49:55+00:00,Curto,R. felipe cardoso - alt. av. eng° gastão rangel - santa cruz - sent. guaratiba.,Baixo,-22.9277194,-43.6772512,Fechado,Bolsão d'água em via,2021-12-23,
5.0,68713,Santa cruz,2021-12-07 20:00:42+00:00,2021-12-07 20:01:45+00:00,Curto,"Av. eng. gastão rangel, 775 - santa cruz",Baixo,-22.9327103,-43.6823655,Fechado,Bolsão d'água em via,2021-12-07,
5.0,69247,Cidade nova,2021-12-17 16:09:58+00:00,2021-12-17 21:55:23+00:00,Curto,Av. pres. vargas - cidade nova - sent. av. f. bicalho,Medio,-22.90974298307556,-43.20623701290282,Fechado,Bolsão d'água em via,2021-12-17,
5.0,69251,Cidade nova,2021-12-17 16:19:22+00:00,2021-12-17 17:18:40+00:00,Curto,Rua anibal benevolo - alt. av. salvador de sá - cidade nova,Baixo,-22.9116171,-43.1989501,Fechado,Bolsão d'água em via,2021-12-17,
5.0,69544,Cidade nova,2021-12-23 09:11:51+00:00,2021-12-23 12:47:26+00:00,Curto,"Av. pres vargas, alt. passarela cidade nova - cidade nova - sent. praça da bandeira",Baixo,-22.9080531,-43.2008561,Fechado,Bolsão d'água em via,2021-12-23,
5.0,69503,Cidade nova,2021-12-23 02:02:09+00:00,2021-12-23 02:29:23+00:00,Curto,"R. santana, alt. rua frei caneca - cidade nova",Baixo,-22.9128425,-43.19551860000001,Fechado,Bolsão d'água em via,2021-12-23,
5.0,69494,Cidade nova,2021-12-23 01:26:00+00:00,2021-12-23 06:03:44+00:00,Curto,Av. pres. vargas - alt. cass - cidade nova - sent. av. francisco bicalho.,Baixo,-22.9096631,-43.2058428,Fechado,Bolsão d'água em via,2021-12-23,
5.0,69748,Coelho neto,2021-12-30 19:59:31+00:00,2021-12-30 21:21:32+00:00,Curto,R. ouseley - coelho neto,Baixo,-22.8268576,-43.3500085,Fechado,Bolsão d'água em via,2021-12-30,
5.0,69195,Coelho neto,2021-12-16 19:20:56+00:00,2021-12-16 20:09:56+00:00,Curto,"R. agenor pôrto, alt rua gustavo viana filho - coelho neto",Baixo,-22.8374288,-43.3577129,Fechado,Bolsão d'água em via,2021-12-16,
5.0,68915,Laranjeiras,2021-12-12 16:55:38+00:00,2021-12-12 18:08:57+00:00,Curto,"Rua das laranjeiras, alt. r. soares cabral - laranjeiras",Baixo,,,Fechado,Bolsão d'água em via,2021-12-12,
5.0,68712,Mal. hermes,2021-12-07 19:48:02+00:00,2021-12-07 21:31:49+00:00,Curto,"Rua boqueirão, alt. academia hartt fitness - mal. hermes",Baixo,-22.8566627,-43.3653974,Fechado,Bolsão d'água em via,2021-12-07,
5.0,69164,Praça seca,2021-12-16 16:50:59+00:00,2021-12-16 18:02:37+00:00,Curto,"R. cândido benício, alt. est. brt itapase - praça seca",Medio,-22.8989213,-43.3530551,Fechado,Bolsão d'água em via,2021-12-16,
5.0,68942,Praça seca,2021-12-12 17:47:38+00:00,2021-12-12 19:33:22+00:00,Curto,R. barão - alt. candido benício - praça seca,Baixo,-22.8986468,-43.3523871,Fechado,Bolsão d'água em via,2021-12-12,
5.0,69272,Praça seca,2021-12-17 18:13:44+00:00,2021-12-17 18:24:13+00:00,Curto,"R. cândido benício, alt. rua barão - praça seca",Baixo,-22.8989213,-43.3530551,Fechado,Bolsão d'água em via,2021-12-17,
5.0,69726,Praça seca,2021-12-30 17:29:36+00:00,2021-12-30 18:44:54+00:00,Curto,R. cândido benício - alt. brt ipase - praça seca ,Medio,-22.9050969,-43.3566631,Fechado,Bolsão d'água em via,2021-12-30,
5.0,69187,Praça seca,2021-12-16 18:08:19+00:00,2021-12-16 18:43:48+00:00,Curto,R. cap. menezes - alt. r. cândido benício - praça seca,Baixo,-22.8923402,-43.3482302,Fechado,Bolsão d'água em via,2021-12-16,
5.0,69737,Vila isabel,2021-12-30 18:54:10+00:00,2021-12-30 20:13:31+00:00,Curto,Boulevard 28 de setembro - alt. são francisco xavier - vila isabel,Alto,-22.9152067,-43.2425792,Fechado,Bolsão d'água em via,2021-12-30,
5.0,69267,Vila isabel,2021-12-17 17:25:52+00:00,2021-12-17 18:30:51+00:00,Curto,"Boulevard 28 de setembro, 223 - vila isabel",Baixo,-22.91344766787677,-43.23549816820068,Fechado,Bolsão d'água em via,2021-12-17,
5.0,69739,Vila isabel,2021-12-30 19:02:48+00:00,2021-12-30 20:09:48+00:00,Curto,R. alexandre calaza - alt rua teodoro da silva - vila isabel,Baixo,-22.9184906,-43.2599066,Fechado,Bolsão d'água em via,2021-12-30,
5.0,69735,Vila isabel,2021-12-30 18:46:24+00:00,2021-12-30 20:11:43+00:00,Curto,"Rua josé do patrocínio, alt. r. visc. santa isabel - grajaú",Baixo,-22.9173363,-43.2628811,Fechado,Bolsão d'água em via,2021-12-30,
5.0,69736,Vila isabel,2021-12-30 18:49:14+00:00,2021-12-30 19:42:38+00:00,Curto,R. teodoro da silva - alt. r. barão de são francisco - vila isabel,Baixo,-22.9185789,-43.251003,Fechado,Bolsão d'água em via,2021-12-30,
5.0,68919,Vila isabel,2021-12-12 17:00:50+00:00,2021-12-12 18:10:29+00:00,Curto,"Boulevard 28 de setembro, alt. rua felipe camarão - vila isabel",Baixo,-22.9152067,-43.2425792,Fechado,Bolsão d'água em via,2021-12-12,
5.0,69742,Vila isabel,2021-12-30 19:16:33+00:00,2021-12-30 19:45:10+00:00,Curto,Boulevard 28 de setembro - alt. praça barão de drumond - vila isabel,Baixo,-22.9152067,-43.2425792,Fechado,Bolsão d'água em via,2021-12-30,
5.0,68659,Campo grande,2021-12-07 00:56:21+00:00,2021-12-07 01:06:28+00:00,Curto,Estr. do mendanha - alt. n° 1161 - campo grande - ambos sentidos.,Baixo,-22.8711864,-43.55467669999999,Fechado,Bolsão d'água em via,2021-12-07,
5.0,69504,Campo grande,2021-12-23 02:02:07+00:00,2021-12-23 02:03:24+00:00,Curto,Estr. do mendanha - alt. n° 1161 - campo grande,Baixo,-22.8711864,-43.55467669999999,Fechado,Bolsão d'água em via,2021-12-23,
5.0,68663,Campo grande,2021-12-07 01:58:27+00:00,2021-12-07 02:12:49+00:00,Curto,Av. cesário de melo - alt. cemitério de campo grande - campo grande - sent. estr. do monteiro.,Baixo,-22.9084387,-43.5731585,Fechado,Bolsão d'água em via,2021-12-07,
5.0,69732,Campo grande,2021-12-30 18:24:24+00:00,2021-12-30 20:24:54+00:00,Curto,Est. do cabuçu - alt. r olinda ellis - campo grande,Baixo,-22.912488,-43.544982,Fechado,Bolsão d'água em via,2021-12-30,
5.0,69189,Engenho novo,2021-12-16 18:21:51+00:00,2021-12-16 18:24:00+00:00,Curto,"Rua sousa barros, alt. r. bolivia - engenho novo",Baixo,-22.9008999,-43.2671921,Fechado,Bolsão d'água em via,2021-12-16,
5.0,69484,Engenho novo,2021-12-22 23:04:23+00:00,2021-12-22 23:34:59+00:00,Curto,R. silva freire - alt. rua buraco do padre  - engenho novo,Baixo,-22.9024462,-43.2687688,Fechado,Bolsão d'água em via,2021-12-22,
5.0,69269,Engenho novo,2021-12-17 17:47:46+00:00,2021-12-17 18:36:26+00:00,Curto,"R. silva freire, alt. buraco do padre - engenho novo",Baixo,-22.9024462,-43.2687688,Fechado,Bolsão d'água em via,2021-12-17,
5.0,68963,Jacarepaguá,2021-12-12 18:48:29+00:00,2021-12-12 19:13:03+00:00,Curto,"Estr. de jacarepaguá, alt. bosque dos esquilos - jacarepaguá",Baixo,-22.9633255,-43.3350005,Fechado,Bolsão d'água em via,2021-12-12,
5.0,69478,Jacarepaguá,2021-12-22 20:39:29+00:00,2021-12-23 16:29:50+00:00,Curto,Av. eng. souza filho - alt. muzama - jacarepaguá,Baixo,-22.9748397,-43.3357246,Fechado,Bolsão d'água em via,2021-12-22,
5.0,69353,Jacarepaguá,2021-12-20 13:02:53+00:00,2021-12-21 04:49:31+00:00,Curto,"Av. eng. souza filho, 1188 - jacarepaguá",Baixo,-22.9748397,-43.3357246,Fechado,Bolsão d'água em via,2021-12-20,
5.0,69691,Jacarepaguá,2021-12-29 22:08:02+00:00,2021-12-30 02:11:33+00:00,Curto,Av. ayrton senna - alt. ponte santos dumont  - jacarepaguá - sent. av abelerdo bueno.,Baixo,-22.9716013,-43.3623897,Fechado,Bolsão d'água em via,2021-12-29,
5.0,69115,Jacarepaguá,2021-12-15 06:53:26+00:00,2021-12-15 07:50:32+00:00,Curto,Estr. dos bandeirantes - alt. estação brt praça do bandolim - jacarepaguá - sent. taquara.,Baixo,-22.9587104,-43.3828092,Fechado,Bolsão d'água em via,2021-12-15,
5.0,69632,Jacarepaguá,2021-12-27 17:10:32+00:00,2021-12-27 19:06:41+00:00,Curto,"Av. eng. souza filho, 1188 - jacarepaguá",Baixo,-22.9748397,-43.3357246,Fechado,Bolsão d'água em via,2021-12-27,
5.0,69762,Oswaldo cruz,2021-12-30 22:07:14+00:00,2021-12-31 04:57:42+00:00,Curto,R. piuna - alt. n° 386 - oswaldo cruz,Baixo,-22.874624,-43.34836800000001,Fechado,Bolsão d'água em via,2021-12-30,
5.0,69724,Padre miguel,2021-12-30 17:16:10+00:00,2021-12-30 18:20:24+00:00,Curto,R. francisco real - alt. hospital bangu - bangu,Baixo,-22.8795405,-43.4556663,Fechado,Bolsão d'água em via,2021-12-30,
5.0,68691,Padre miguel,2021-12-07 15:45:00+00:00,2021-12-07 21:31:29+00:00,Curto,"R. francisco real, alt. r. agrícola - padre miguel",Baixo,-22.8795405,-43.4556663,Fechado,Bolsão d'água em via,2021-12-07,
5.0,68722,Santo cristo,2021-12-08 00:18:57+00:00,2021-12-08 01:22:06+00:00,Curto,"R. camerino, 41 - centro",Baixo,,,Fechado,Bolsão d'água em via,2021-12-08,
5.0,69524,São conrado,2021-12-23 04:09:26+00:00,2021-12-23 07:17:10+00:00,Curto,R. gen. olímpio mourão filho - são conrado,Baixo,-22.9933641,-43.2550491,Fechado,Bolsão d'água em via,2021-12-23,
5.0,69138,São conrado,2021-12-15 18:09:10+00:00,2021-12-15 19:59:00+00:00,Curto,"Autoestrada eng. fernando mac dowell, alt. gof club - são conrado- sent. lagoa",Baixo,-22.99727,-43.2628978,Fechado,Bolsão d'água em via,2021-12-15,
5.0,69725,Bento ribeiro,2021-12-30 17:24:19+00:00,2021-12-30 18:35:51+00:00,Curto,Estr. intendente magalhães - alt. r. henrique de melo - bento ribeiro,Medio,-22.8791459,-43.356596,Fechado,Bolsão d'água em via,2021-12-30,
5.0,69171,Rocha miranda,2021-12-16 17:40:34+00:00,2021-12-16 19:03:36+00:00,Curto,"Estr. do barro vermelho, 892 - rocha miranda",Baixo,-22.8487664,-43.34312660000001,Fechado,Bolsão d'água em via,2021-12-16,
5.0,69180,Rocha miranda,2021-12-16 17:49:30+00:00,2021-12-16 19:02:00+00:00,Curto,"Av. dos italianos, 749 - rocha miranda",Baixo,-22.8465105,-43.3494385,Fechado,Bolsão d'água em via,2021-12-16,
5.0,69170,Jardim sulacap,2021-12-16 17:39:29+00:00,2021-12-16 19:08:33+00:00,Curto,"Estr. do catonho, 19 - jardim sulacap",Baixo,-22.9069075,-43.37973179999999,Fechado,Bolsão d'água em via,2021-12-16,
5.0,69635,Jardim sulacap,2021-12-27 17:41:19+00:00,2021-12-27 19:06:11+00:00,Curto,"Estr. cafundá, alt. estr. do catonho - jardim sulacap",Baixo,-22.898978,-43.3891283,Fechado,Bolsão d'água em via,2021-12-27,
5.0,69727,Jardim sulacap,2021-12-30 17:39:47+00:00,2021-12-30 21:03:53+00:00,Curto,Estr. do catonho - jardim sulacap,Baixo,-22.898978,-43.3891283,Fechado,Bolsão d'água em via,2021-12-30,
5.0,69764,Jardim sulacap,2021-12-30 23:21:08+00:00,2021-12-31 09:36:31+00:00,Curto,Estr. do catonho - alt. estr. do cafundá - jardim sulacap,Baixo,-22.898978,-43.3891283,Fechado,Bolsão d'água em via,2021-12-30,
5.0,69534,Jardim sulacap,2021-12-23 06:42:22+00:00,2021-12-23 08:43:44+00:00,Curto,Estr. do catonho - alt. n° 1 - jardim sulacap - sent. taquara.,Baixo,-22.9068466,-43.3799289,Fechado,Bolsão d'água em via,2021-12-23,
5.0,68626,Jardim sulacap,2021-12-06 06:35:50+00:00,2021-12-06 07:59:21+00:00,Curto,"Estr. do catonho, 2447 - jardim sulacap - sent. vila valqueire",Baixo,-22.8962808,-43.3985224,Fechado,Bolsão d'água em via,2021-12-06,
5.0,69254,Vigário geral,2021-12-17 16:32:33+00:00,2021-12-17 18:04:49+00:00,Curto,R. bulhões marcial - vigário geral,Baixo,-22.8100624,-43.3018198,Fechado,Bolsão d'água em via,2021-12-17,
5.0,69172,Vila valqueire,2021-12-16 17:41:51+00:00,2021-12-16 19:43:51+00:00,Curto,"Praça saiqui, 46 - vila valqueire",Baixo,-22.8829334,-43.3678489,Fechado,Bolsão d'água em via,2021-12-16,
5.0,69728,Vila valqueire,2021-12-30 17:50:07+00:00,2021-12-30 20:19:53+00:00,Curto,Av. jambeiro - alt. rua cairuçu - vila valqueire,Baixo,-22.8781958,-43.3699904,Fechado,Bolsão d'água em via,2021-12-30,
5.0,68967,Vila valqueire,2021-12-12 19:15:45+00:00,2021-12-12 21:19:18+00:00,Curto,"R. das verbenas, 315 - vila valqueire",Baixo,-22.8783338,-43.3664974,Fechado,Bolsão d'água em via,2021-12-12,
5.0,69178,Vila valqueire,2021-12-16 17:47:18+00:00,2021-12-16 20:24:36+00:00,Curto,"R. namur, 525 - vila valqueire",Baixo,-22.8817989,-43.3608261,Fechado,Bolsão d'água em via,2021-12-16,
5.0,69765,Barra da tijuca,2021-12-31 00:10:46+00:00,2021-12-31 02:33:48+00:00,Curto,Av. pref. dulcídio cardoso - alt. av. min. afrânio costa - barra da tijuca - ambos sentidos,Baixo,-23.0050373,-43.3518361,Fechado,Bolsão d'água em via,2021-12-31,
5.0,69693,Barra da tijuca,2021-12-29 22:36:45+00:00,2021-12-30 00:30:12+00:00,Curto,Av. das américas - alt retorno do américas park - barra da tijuca - sent. recreio,Baixo,-23.0004345,-43.38978580000001,Fechado,Bolsão d'água em via,2021-12-29,
5.0,68620,Barra da tijuca,2021-12-05 23:32:36+00:00,2021-12-06 02:01:02+00:00,Curto,Av. ayrton senna - acesso ponte santos dumont - barra da tijuca - sent. orla.,Baixo,-22.9703193,-43.3618861,Fechado,Bolsão d'água em via,2021-12-05,
5.0,69501,Barra da tijuca,2021-12-23 01:54:42+00:00,2021-12-23 03:35:26+00:00,Curto,Av. ayrton senna - acesso av. abelardo bueno  - barra da tijuca,Baixo,-22.9829359,-43.365378,Fechado,Bolsão d'água em via,2021-12-23,
5.0,68667,Barra da tijuca,2021-12-07 05:16:16+00:00,2021-12-07 06:23:10+00:00,Curto,"Av. armando lombardi, alt. brt jardim oceânico - barra da tijuca - sent. recreio",Baixo,-23.0066958,-43.310663,Fechado,Bolsão d'água em via,2021-12-07,
5.0,69692,Barra da tijuca,2021-12-29 22:13:33+00:00,2021-12-29 22:39:21+00:00,Curto,Av. ayrton senna - alt. via parque - barra da tijuca - sent. recreio,Baixo,-22.9829359,-43.365378,Fechado,Bolsão d'água em via,2021-12-29,
5.0,68666,Barra da tijuca,2021-12-07 03:09:10+00:00,2021-12-07 06:50:23+00:00,Curto,Mergulhão billy blanco (mergulhão u) - barra da tijuca - sent. linha amarela.,Baixo,-22.9970898,-43.3665425,Fechado,Bolsão d'água em via,2021-12-07,
5.0,69685,Barra da tijuca,2021-12-29 21:14:43+00:00,2021-12-29 22:28:58+00:00,Curto,Av. armando lombardi - alt. rua manuel brasiliense - barra da tijuca - sent. são conrado.,Baixo,-23.0066958,-43.310663,Fechado,Bolsão d'água em via,2021-12-29,
5.0,69686,Barra da tijuca,2021-12-29 21:19:30+00:00,2021-12-29 22:27:12+00:00,Curto,Av. armando lombardi - rua pedro bolato - barra da tijuca - sent. são conrado.,Baixo,-23.0066958,-43.310663,Fechado,Bolsão d'água em via,2021-12-29,
5.0,69683,Barra da tijuca,2021-12-29 20:15:53+00:00,2021-12-29 22:22:09+00:00,Curto,Av. armando lombardi - alt. parme - barra da tijuca - sent. são conrado,Baixo,-23.0066958,-43.310663,Fechado,Bolsão d'água em via,2021-12-29,
5.0,68730,Barra da tijuca,2021-12-08 03:10:34+00:00,2021-12-08 05:36:06+00:00,Curto,"Av. armando lombardi, alt. brt jardim oceânico - barra da tijuca - sent. recreio",Baixo,-23.0066958,-43.310663,Fechado,Bolsão d'água em via,2021-12-08,
5.0,68729,Barra da tijuca,2021-12-08 02:57:51+00:00,2021-12-08 05:43:04+00:00,Curto,"Av. armando lombardi, alt. brt jardim oceânico - barra da tijuca - sent. s. conrado",Baixo,-23.0066958,-43.310663,Fechado,Bolsão d'água em via,2021-12-08,
5.0,69296,Barra da tijuca,2021-12-18 01:26:06+00:00,2021-12-18 06:14:18+00:00,Curto,Mergulinho - alt. barra pont -  barra da tijuca,Baixo,-23.0062894,-43.311554,Fechado,Bolsão d'água em via,2021-12-18,
5.0,69227,Barra da tijuca,2021-12-17 13:29:01+00:00,2021-12-17 17:27:17+00:00,Curto,Av. ayrton senna - alt. passarela do gardênia - sent. orla,Baixo,-22.9645642,-43.3547203,Fechado,Bolsão d'água em via,2021-12-17,
5.0,68665,Barra da tijuca,2021-12-07 03:05:07+00:00,2021-12-07 06:58:34+00:00,Curto,Av. armando lombardi - alt. brt jardim oceânico - barra da tijuca - sent. são conrado,Baixo,-23.0067108,-43.3124895,Fechado,Bolsão d'água em via,2021-12-07,
5.0,68707,Barra da tijuca,2021-12-07 18:54:54+00:00,2021-12-07 21:20:05+00:00,Curto,"Av. ayrton senna,alt. ponte santos dumont - barra da tijuca - sent. linha amarela",Baixo,-22.9829359,-43.365378,Fechado,Bolsão d'água em via,2021-12-07,
5.0,69508,Barra da tijuca,2021-12-23 02:44:08+00:00,2021-12-23 04:48:21+00:00,Curto,"Av. armando lombardi, alt. barra point - barra da tijuca - sent. recreio",Baixo,-23.0066958,-43.310663,Fechado,Bolsão d'água em via,2021-12-23,
5.0,69233,Barra da tijuca,2021-12-17 14:06:42+00:00,2021-12-17 19:37:29+00:00,Curto,Av. ayrton senna - via sesc - barra da tijuca - sent. orla,Baixo,-22.9694448,-43.36002939999999,Fechado,Bolsão d'água em via,2021-12-17,
5.0,69182,Parada de lucas,2021-12-16 17:50:34+00:00,2021-12-16 18:55:59+00:00,Curto,"R. cordovil, 866 - parada de lucas",Baixo,-22.8209993,-43.3066061,Fechado,Bolsão d'água em via,2021-12-16,
5.0,69238,Parada de lucas,2021-12-17 15:35:23+00:00,2021-12-17 18:57:15+00:00,Curto,Av. brasil - parada de lucas,Baixo,-22.8162474,-43.3035665,Fechado,Bolsão d'água em via,2021-12-17,
5.0,69237,Parada de lucas,2021-12-17 15:24:59+00:00,2021-12-17 19:03:38+00:00,Curto,Av. brasil - trevo das margaridas - ambos os sentidos,Medio,-22.8162474,-43.3035665,Fechado,Bolsão d'água em via,2021-12-17,
5.0,69714,Parque anchieta,2021-12-30 16:31:19+00:00,2021-12-30 18:08:59+00:00,Curto,"Estr. do engenho novo, 727 - parque anchieta",Baixo,-22.8299579,-43.4064129,Fechado,Bolsão d'água em via,2021-12-30,
5.0,69490,Jardim botânico,2021-12-23 00:59:08+00:00,2021-12-23 01:48:03+00:00,Curto,Av. borges de medeiros - alt. rua batista da costa - jardim botânico - sent. leblon,Baixo,-22.9649103,-43.2167763,Fechado,Bolsão d'água em via,2021-12-23,
5.0,69709,Jardim guanabara,2021-12-30 16:12:40+00:00,2021-12-30 17:18:34+00:00,Curto,Praça jerusalém - praia da bica - jardim guanabara,Baixo,-22.8192847,-43.202101,Fechado,Bolsão d'água em via,2021-12-30,
5.0,69712,Jardim guanabara,2021-12-30 16:17:56+00:00,2021-12-30 17:15:02+00:00,Curto,Rua uçá - jardim guanabara,Baixo,-22.8170464,-43.2016845,Fechado,Bolsão d'água em via,2021-12-30,
5.0,69740,Jardim guanabara,2021-12-30 19:08:00+00:00,2021-12-30 20:21:12+00:00,Curto,Praia da bica - alt. n° 1191 - jardim guanabara,Baixo,-22.8214792,-43.1896036,Fechado,Bolsão d'água em via,2021-12-30,
5.0,69193,Jardim guanabara,2021-12-16 18:45:03+00:00,2021-12-16 19:00:26+00:00,Curto,"Rua uçá, alt. praça jerusalém - jardim guanabara",Baixo,-22.8170464,-43.2016845,Fechado,Bolsão d'água em via,2021-12-16,
5.0,69708,Jardim guanabara,2021-12-30 16:11:25+00:00,2021-12-30 17:14:50+00:00,Curto,"Rua cambaúba, 187 - jardim guanabara",Baixo,-22.8063991,-43.2077311,Fechado,Bolsão d'água em via,2021-12-30,
5.0,69715,Jardim guanabara,2021-12-30 16:36:38+00:00,2021-12-30 18:18:31+00:00,Curto,"Estrada da bica, 470 - jardim guanabara",Baixo,-22.8181279,-43.1877143,Fechado,Bolsão d'água em via,2021-12-30,
5.0,69707,Jardim guanabara,2021-12-30 16:10:30+00:00,2021-12-30 18:05:35+00:00,Curto,"R. ituá, 184 - jardim guanabara",Baixo,-22.8109962,-43.1980037,Fechado,Bolsão d'água em via,2021-12-30,
5.0,69281,Sen. vasconcelos,2021-12-17 19:47:14+00:00,2021-12-17 21:51:19+00:00,Curto,"R. artur rios, 1191 - campo grande",Baixo,-22.9014905,-43.5444652,Fechado,Bolsão d'água em via,2021-12-17,
5.0,69745,São cristóvão,2021-12-30 19:34:04+00:00,2021-12-30 20:59:52+00:00,Curto,Rua bela - são cristóvão,Baixo,-22.8895567,-43.2238795,Fechado,Bolsão d'água em via,2021-12-30,
5.0,69757,São cristóvão,2021-12-30 20:44:41+00:00,2021-12-30 21:11:42+00:00,Curto,R. conde de leopoldina - são cristóvão,Baixo,-22.8918471,-43.2206864,Fechado,Bolsão d'água em via,2021-12-30,
5.0,69282,São cristóvão,2021-12-17 19:49:45+00:00,2021-12-17 19:55:16+00:00,Curto,"R. gen. bruce, 445 - são cristóvão",Baixo,-22.8953997,-43.2220276,Fechado,Bolsão d'água em via,2021-12-17,
5.0,69752,São cristóvão,2021-12-30 20:11:48+00:00,2021-12-30 21:00:45+00:00,Curto,R. gen. bruce - alt. r. sen. alencar - são cristóvão,Baixo,-22.89487994041975,-43.2216876255867,Fechado,Bolsão d'água em via,2021-12-30,
5.0,69275,São cristóvão,2021-12-17 18:44:34+00:00,2021-12-17 19:02:30+00:00,Curto,R. ricardo machado - alt. rua bela - são cristóvão,Baixo,-22.887981458352225,-43.22544515050966,Fechado,Bolsão d'água em via,2021-12-17,
5.0,69741,Alto da boa vista,2021-12-30 19:08:56+00:00,2021-12-30 20:49:29+00:00,Curto,"Av. édison passos, 815 - alto da boa vista",Baixo,-22.9496103,-43.26165169999999,Fechado,Bolsão d'água em via,2021-12-30,
5.0,69488,Magalhães bastos,2021-12-23 00:36:57+00:00,2021-12-23 02:11:27+00:00,Curto,Av. marechal fontenele - alt. n °4890 - magalhães bastos - sent. vila valqueire.,Baixo,-22.8788455,-43.4149001,Fechado,Bolsão d'água em via,2021-12-23,
5.0,69248,Praca da bandeira,2021-12-17 16:13:13+00:00,2021-12-17 18:44:12+00:00,Curto,Rua teixera soares - alt. r. paraíba - praca da bandeira,Baixo,-22.91128955334506,-43.21667165152054,Fechado,Bolsão d'água em via,2021-12-17,
5.0,69258,Praia da bandeira,2021-12-17 16:48:23+00:00,2021-12-17 19:22:50+00:00,Curto,"Estr. do dendê, 150 - praia da bandeira - ilha do gov.",Baixo,-22.7990677,-43.1851563,Fechado,Bolsão d'água em via,2021-12-17,
5.0,69747,Praia da bandeira,2021-12-30 19:54:04+00:00,2021-12-30 21:13:33+00:00,Curto,Rua erico coelho - ilha do governador,Baixo,-22.7985206,-43.1855464,Fechado,Bolsão d'água em via,2021-12-30,
5.0,69236,Ilha do governador,2021-12-17 15:16:36+00:00,2021-12-17 19:18:13+00:00,Curto,Estrada do galeão - alt. subida da ponte nova - galeão - sent. linha vermelha,Baixo,-22.830799722259545,-43.23678791225585,Fechado,Bolsão d'água em via,2021-12-17,
5.0,69231,Ilha do governador,2021-12-17 13:46:23+00:00,2021-12-17 14:31:28+00:00,Curto,Estrada do galeão - alt. subida da ponte nova - galeão - sent. linha vermelha,Medio,-22.83071637534852,-43.23669929987488,Fechado,Bolsão d'água em via,2021-12-17,
5.0,69196,Ricardo de albuquerque,2021-12-16 19:30:56+00:00,2021-12-16 19:46:11+00:00,Curto,"R. japoara, alt. rua guanandi - ricardo de albuquerque",Baixo,-22.8406373,-43.4050455,Fechado,Bolsão d'água em via,2021-12-16,
5.0,69197,Ricardo de albuquerque,2021-12-16 19:59:18+00:00,2021-12-16 20:02:46+00:00,Curto,"Rua japoara, 668 - ricardo de albuquerque",Baixo,-22.8406373,-43.4050455,Fechado,Bolsão d'água em via,2021-12-16,
5.0,69181,Ricardo de albuquerque,2021-12-16 17:50:04+00:00,2021-12-16 19:12:51+00:00,Curto,"R. lôbo, 294c - ricardo de albuquerque",Baixo,-22.8370989,-43.39469,Fechado,Bolsão d'água em via,2021-12-16,
5.0,69283,Recreio dos bandeirantes,2021-12-17 19:55:28+00:00,2021-12-17 20:13:28+00:00,Curto,Av. glaucio gil - alt. av. genaro de carvalho - recreio dos bandeirantes,Baixo,-23.0190753,-43.4593765,Fechado,Bolsão d'água em via,2021-12-17,
5.0,69308,Recreio dos bandeirantes,2021-12-18 09:44:53+00:00,2021-12-18 22:12:07+00:00,Curto,Av. genaro de carvalho - alt. av. gilka machado - recreio,Baixo,-23.021256587982283,-43.47721658303376,Fechado,Bolsão d'água em via,2021-12-18,
5.0,68683,Recreio dos bandeirantes,2021-12-07 13:43:25+00:00,2021-12-07 21:08:11+00:00,Curto,"Av. gilka machado, alt. av. genario de carvalho - recreio dos bandeirantes",Baixo,-23.0210792,-43.4775054,Fechado,Bolsão d'água em via,2021-12-07,
5.0,69633,Freguesia de jacarepaguá,2021-12-27 17:19:29+00:00,2021-12-27 18:03:45+00:00,Curto,"Estr. do gabinal, 1731 - freguesia ",Baixo,-22.9529174,-43.3527102,Fechado,Bolsão d'água em via,2021-12-27,
5.0,69482,Freguesia de jacarepaguá,2021-12-22 22:53:49+00:00,2021-12-23 02:58:44+00:00,Curto,Estr. do gabinal - alt. rua guilherme moreira - freguesia de jacarepaguá - sent. barra.,Baixo,-22.9477511,-43.3478952,Fechado,Bolsão d'água em via,2021-12-22,
5.0,69103,Freguesia de jacarepaguá,2021-12-14 19:59:31+00:00,2021-12-14 20:35:23+00:00,Curto,R. mamoré - alt. av. geremário dantas - freguesia de jacarepaguá,Baixo,-22.9382347,-43.34322969999999,Fechado,Bolsão d'água em via,2021-12-14,
5.0,69097,Freguesia de jacarepaguá,2021-12-14 18:04:10+00:00,2021-12-14 19:19:22+00:00,Curto,Rua marmoré  - alt. av. geremário dantas - freguesia de jacarepaguá,Baixo,-22.9387801,-43.3449049,Fechado,Bolsão d'água em via,2021-12-14,
5.0,69246,Freguesia (ilha do governador),2021-12-17 16:07:11+00:00,2021-12-17 19:33:06+00:00,Curto,"R. jarí, 75 - freguesia (ilha do governador)",Baixo,-22.7937943,-43.17398,Fechado,Bolsão d'água em via,2021-12-17,
5.0,69718,Freguesia (ilha do governador),2021-12-30 16:42:46+00:00,2021-12-30 20:35:53+00:00,Curto,R. pio dutra - freguesia (ilha do governador),Baixo,-22.7925755,-43.1744258,Fechado,Bolsão d'água em via,2021-12-30,
5.0,69188,Freguesia (ilha do governador),2021-12-16 18:09:27+00:00,2021-12-16 19:57:19+00:00,Curto,"R. pio dutra, 536  (ilha do governador)",Baixo,-22.7927046,-43.1743914,Fechado,Bolsão d'água em via,2021-12-16,
31.0,69200,Acari,2021-12-16 20:40:56+00:00,2021-12-16 21:49:01+00:00,Curto,"Rua união, 59 - acari",Baixo,-22.8235084,-43.34171690000001,Fechado,Alagamento,2021-12-16,
31.0,68968,Ramos,2021-12-12 19:29:18+00:00,2021-12-12 19:52:44+00:00,Curto,"Av. teixeira de castro, 343-335 - ramos",Baixo,-22.8552504,-43.252104,Fechado,Alagamento,2021-12-12,
31.0,68917,Catete,2021-12-12 16:57:45+00:00,2021-12-12 17:54:04+00:00,Curto,"Rua pedro américo, alt, rua do catete - catete",Baixo,,,Fechado,Alagamento,2021-12-12,
31.0,69198,Pavuna,2021-12-16 20:27:51+00:00,2021-12-16 21:25:26+00:00,Curto,"Av. chrisóstomo pimentel de oliveira, alt. via light - pavuna",Baixo,-22.8163185,-43.3879861,Fechado,Alagamento,2021-12-16,
31.0,68924,Taquara,2021-12-12 17:09:06+00:00,2021-12-12 19:50:27+00:00,Curto,"R. são zózimo, alt. rua zacarias - taquara",Baixo,-22.9469412,-43.3750926,Fechado,Alagamento,2021-12-12,
31.0,69015,Botafogo,2021-12-13 08:57:09+00:00,2021-12-13 15:11:45+00:00,Curto,Av. das nações unidas - passagem subterrânea - botafogo,Baixo,-22.9469105,-43.1816722,Fechado,Alagamento,2021-12-13,
31.0,68922,Curicica,2021-12-12 17:06:04+00:00,2021-12-12 20:46:51+00:00,Curto,"Rua vila aurora, alt. rua cento e oito ",Baixo,,,Fechado,Alagamento,2021-12-12,
31.0,68923,Curicica,2021-12-12 17:07:41+00:00,2021-12-12 20:45:34+00:00,Curto,"R. androcles, curicica",Baixo,-22.955652,-43.3828079,Fechado,Alagamento,2021-12-12,
31.0,69192,Mal. hermes,2021-12-16 18:40:22+00:00,2021-12-16 20:48:14+00:00,Curto,"Praça montese, 5 - mal. hermes",Baixo,-22.861546,-43.3712892,Fechado,Alagamento,2021-12-16,
31.0,68905,Engenho novo,2021-12-12 16:24:04+00:00,2021-12-12 19:28:36+00:00,Curto,"R. monsenhor amorim, 40 - alt. buraco padre - engenho novo",Baixo,-22.9021312,-43.2658427,Fechado,Alagamento,2021-12-12,
31.0,69203,Brás de pina,2021-12-16 21:10:37+00:00,2021-12-16 21:13:48+00:00,Curto,Passagem de nível de cordovil - cordovil,Baixo,-22.8237943,-43.2960229,Fechado,Alagamento,2021-12-16,
31.0,69302,Vargem grande,2021-12-18 07:47:22+00:00,2021-12-19 23:13:34+00:00,Curto,R. zenetildes alves meira - condominio imperial - vargem grande,Medio,-22.9906218,-43.5000899,Fechado,Alagamento,2021-12-18,
31.0,69321,Vargem pequena,2021-12-18 17:27:21+00:00,2021-12-22 16:13:58+00:00,Medio,Comunidade santa luzia - vargem pequena,Medio,-22.98046961262293,-43.45888240126954,Fechado,Alagamento,2021-12-18,
31.0,69731,Vila valqueire,2021-12-30 18:16:26+00:00,2021-12-30 19:39:14+00:00,Curto,"R. quiririm, 1405 - vila valqueire",Medio,-22.8891785,-43.35659829999999,Fechado,Alagamento,2021-12-30,
31.0,69753,Parque colúmbia,2021-12-30 20:22:41+00:00,2021-12-31 01:37:09+00:00,Curto,Av. idelfonso falcão - pavuna,Baixo,-22.8156904,-43.3361159,Fechado,Alagamento,2021-12-30,
31.0,69259,São cristóvão,2021-12-17 16:55:16+00:00,2021-12-17 18:17:20+00:00,Curto,Campo de são cristovão - alt. r. bela - são cristóvão,Medio,-22.8966516,-43.22147469999999,Fechado,Alagamento,2021-12-17,
31.0,68925,São cristóvão,2021-12-12 17:11:20+00:00,2021-12-12 19:47:30+00:00,Curto,Rua bela - alt. conde de leopoldina,Baixo,-22.8895567,-43.2238795,Fechado,Alagamento,2021-12-12,
33.0,68704,Lagoa,2021-12-07 18:05:47+00:00,2021-12-07 18:37:07+00:00,Curto,"Av. epitácio pessoa, alt. jardim de alah - lagoa - sent. corte cantagalo",Baixo,-22.9742628,-43.2064953,Fechado,Lâmina d'água,2021-12-07,
33.0,68686,Lagoa,2021-12-07 14:12:39+00:00,2021-12-07 14:41:19+00:00,Curto,"Av. borges de medeiros, alt. r. batista da costa - lagoa",Baixo,-22.9728162,-43.2176378,Fechado,Lâmina d'água,2021-12-07,
33.0,69300,Lagoa,2021-12-18 06:28:25+00:00,2021-12-18 11:26:06+00:00,Curto,Rua fonte da saudade - alt. rua humaitá  - lagoa,Baixo,-22.9637,-43.2027975,Fechado,Lâmina d'água,2021-12-18,
33.0,68660,Inhoaíba,2021-12-07 01:00:34+00:00,2021-12-07 02:47:38+00:00,Curto,Av. cesário de melo - alt. rua moranga - inhoaíba - sent. campo grande.,Baixo,-22.9142551,-43.5994866,Fechado,Lâmina d'água,2021-12-07,
33.0,68624,Barra da tijuca,2021-12-06 00:23:01+00:00,2021-12-06 05:34:01+00:00,Curto,Av. armando lombardi - alt. brt jardim oceânico - barra da tijuca - sent. são conrado.,Baixo,-23.0067108,-43.3124895,Fechado,Lâmina d'água,2021-12-06,
33.0,69684,Barra da tijuca,2021-12-29 20:27:54+00:00,2021-12-29 21:38:12+00:00,Curto,Av. das américas - alt. hotel dunas - barra da tijuca - sent. são conrado.,Baixo,-23.0015363,-43.3297841,Fechado,Lâmina d'água,2021-12-29,
33.0,69301,São cristóvão,2021-12-18 07:05:09+00:00,2021-12-18 18:04:51+00:00,Curto,Av. brasil - alt. into - caju - sent. rodoviária,Baixo,-22.89777315358475,-43.21238083887024,Fechado,Lâmina d'água,2021-12-18,
5.0,52746,Jardim sulacap,2020-04-08 05:10:29+00:00,2020-04-08 12:03:46+00:00,Curto,Estr. do catonho - alt. n° 185 - jardim sulacap - ambos os sentidos,Baixo,-22.903555,-43.38094,Fechado,Bolsão d'água em via,2020-04-08,
5.0,52749,Freguesia de jacarepaguá,2020-04-08 06:24:53+00:00,2020-04-08 13:52:10+00:00,Curto,Giro do cebolinha - alt. gardênia azul - sent. freguesia,Baixo,-22.9389375,-43.3408269,Fechado,Bolsão d'água em via,2020-04-08,
6.0,52737,Inhauma,2020-04-07 17:58:25+00:00,2020-04-07 18:10:00+00:00,Curto,"Estrada adhemar bebiano, 2607 - inhauma",Baixo,-22.8708213,-43.28361830000001,Fechado,Alagamento,2020-04-07,
6.0,52792,Portuguesa,2020-04-09 16:49:23+00:00,2020-04-10 13:19:35+00:00,Curto,Parque royal - ilha do governador,Baixo,-22.7946849,-43.2086681,Fechado,Alagamento,2020-04-09,
6.0,52791,Cidade universitária da universidade federal do rio de janeiro,2020-04-09 16:46:35+00:00,2020-04-10 12:57:34+00:00,Curto,Vila residencial fundão,Baixo,-22.8679669,-43.2196389,Fechado,Alagamento,2020-04-09,
33.0,52676,Madureira,2020-04-03 16:17:23+00:00,2020-04-03 16:49:09+00:00,Curto,Av. min edgard romero - alt. r. conselheiro galvão - madureira,Baixo,-22.8724899,-43.3363901,Fechado,Lâmina d'água,2020-04-03,
5.0,101989,Pavuna,2023-09-05 12:25:31+00:00,2023-09-05 13:42:23+00:00,Curto,R. mercúrio - alt. nº 1545 - pavuna,Baixo,-22.8053885,-43.3561198,Fechado,Bolsão d'água em via,2023-09-05,
5.0,40227,Sem bairro,2019-03-01 20:50:21+00:00,2019-03-01 23:42:07+00:00,Desconhecido,Av. das américas - alt. barra shopping - barra da tijuca,Medio,-22.99967841215161,-43.35719679629517,Fechado,Bolsão d'água em via,2019-03-01,
5.0,40243,Sem bairro,2019-03-01 21:33:57+00:00,2019-03-01 23:42:22+00:00,Desconhecido,Av. brasil - alt. viaduto ataufo alves - benfica,Medio,-22.8849818,-43.235242200000016,Fechado,Bolsão d'água em via,2019-03-01,
5.0,40224,Sem bairro,2019-03-01 19:25:58+00:00,2019-03-02 08:47:47+00:00,Desconhecido,R. clarimundo de melo - alt. rua assis carneiro - piedade,Medio,-22.896307749978487,-43.31288436032713,Fechado,Bolsão d'água em via,2019-03-01,
5.0,40228,Sem bairro,2019-03-01 20:53:02+00:00,2019-03-01 22:20:11+00:00,Desconhecido,"Autoestrd. eng. fernando mac dowell, 841 - são conrado",Medio,-22.9984099,-43.266108799999984,Fechado,Bolsão d'água em via,2019-03-01,
5.0,40225,Sem bairro,2019-03-01 20:41:35+00:00,2019-03-02 04:33:15+00:00,Desconhecido,Estr. lagoa-barra - alt. saída tnl zuzu angel - rocinha,Medio,-22.9930504,-43.253392599999984,Fechado,Bolsão d'água em via,2019-03-01,
5.0,40257,Sem bairro,2019-03-01 23:38:21+00:00,2019-03-01 23:39:19+00:00,Desconhecido,Estr. das canárias - ilha do governador,Medio,-22.8126375,-43.22736170000002,Fechado,Bolsão d'água em via,2019-03-01,
5.0,40242,Sem bairro,2019-03-01 21:28:21+00:00,2019-03-01 23:02:54+00:00,Desconhecido,Av. maracanã - alt. r. prof. euríco rabêlo - maracanã,Medio,-22.915166,-43.2289581,Fechado,Bolsão d'água em via,2019-03-01,
5.0,40252,Sem bairro,2019-03-01 22:10:28+00:00,2019-03-02 01:47:45+00:00,Desconhecido,R. haddock lobo - alt. r. eng. adel - tijuca,Medio,-22.9203576,-43.21663790000002,Fechado,Bolsão d'água em via,2019-03-01,
5.0,40245,Sem bairro,2019-03-01 21:38:05+00:00,2019-03-01 23:41:46+00:00,Desconhecido,"Estr. da barra da tijuca, 793 - barra da tijuca",Medio,-23.000549785605468,-43.30455616505128,Fechado,Bolsão d'água em via,2019-03-01,
5.0,40235,Sem bairro,2019-03-01 21:12:30+00:00,2019-03-02 04:35:27+00:00,Desconhecido,Rua do catete - alt. r. silveira martins - catete,Medio,-22.925732,-43.1765863,Fechado,Bolsão d'água em via,2019-03-01,
5.0,40231,Sem bairro,2019-03-01 20:58:27+00:00,2019-03-02 01:44:53+00:00,Desconhecido,R. visc. de santa isabel - alt .barão de são francisco - vila isabel,Medio,-22.9161434,-43.2516986,Fechado,Bolsão d'água em via,2019-03-01,
5.0,40247,Sem bairro,2019-03-01 21:46:03+00:00,2019-03-01 23:42:47+00:00,Desconhecido,R. alexandre calaza - altr. teodoro da silva - vila isabel,Medio,-22.920238,-43.25979410000002,Fechado,Bolsão d'água em via,2019-03-01,
5.0,40258,Sem bairro,2019-03-01 23:39:42+00:00,2019-03-02 13:37:25+00:00,Desconhecido,Estr. das canárias - ilha do governador,Medio,-22.8126375,-43.22736170000002,Fechado,Bolsão d'água em via,2019-03-01,
5.0,40233,Sem bairro,2019-03-01 21:08:30+00:00,2019-03-02 02:00:06+00:00,Desconhecido,Av. epitácio pessoa - alt. r. vinicius de moraes - ipanema,Medio,-22.9808213,-43.20703639999999,Fechado,Bolsão d'água em via,2019-03-01,
5.0,40241,Sem bairro,2019-03-01 21:25:41+00:00,2019-03-02 02:47:24+00:00,Desconhecido,R. prof. euríco rabêlo - alt. manoel de abreu - maracanã,Medio,-22.9139368,-43.23101220000001,Fechado,Bolsão d'água em via,2019-03-01,
5.0,40226,Sem bairro,2019-03-01 20:43:39+00:00,2019-03-01 22:24:51+00:00,Desconhecido,Autoestr. eng. fernando mac dowell - alt. gávea golf clube - são conrado,Medio,-22.9971128,-43.26265790000002,Fechado,Bolsão d'água em via,2019-03-01,
5.0,40229,Sem bairro,2019-03-01 20:55:44+00:00,2019-03-02 09:00:14+00:00,Desconhecido,Av. brasil - coelho neto,Medio,-22.8311384,-43.35060329999999,Fechado,Bolsão d'água em via,2019-03-01,
5.0,40234,Sem bairro,2019-03-01 21:09:47+00:00,2019-03-01 22:28:27+00:00,Desconhecido,R. joaquim palhares - alt. av. paulo de frontin  - cidade nova,Medio,-22.9127264,-43.21011149999998,Fechado,Bolsão d'água em via,2019-03-01,
5.0,40244,Sem bairro,2019-03-01 21:36:07+00:00,2019-03-01 23:49:51+00:00,Desconhecido,R. sâo clemente - alt. r. muniz barreto - botafogo,Medio,-22.9492753,-43.18424379999999,Fechado,Bolsão d'água em via,2019-03-01,
5.0,40267,Sem bairro,2019-03-02 03:47:48+00:00,2019-03-02 09:50:23+00:00,Desconhecido,Estr. do itanhangá 1020 - itanhangá,Medio,-22.9952425,-43.31131640000001,Fechado,Bolsão d'água em via,2019-03-02,
5.0,40313,Sem bairro,2019-03-03 18:05:57+00:00,2019-03-03 20:28:24+00:00,Desconhecido,"Av. braz de pina, alt. jacarau - penha circular",Alto,,,Fechado,Bolsão d'água em via,2019-03-03,
5.0,40326,Sem bairro,2019-03-03 18:47:18+00:00,2019-03-03 21:52:45+00:00,Desconhecido,"Av. epitácio pessoa, alr. r. maria quitéria - lagoa",Alto,,,Fechado,Bolsão d'água em via,2019-03-03,
5.0,40336,Sem bairro,2019-03-03 19:40:16+00:00,2019-03-03 20:43:44+00:00,Desconhecido,"R. mário ribeiro, alt. r. ministro raul machado - leblon",Alto,,,Fechado,Bolsão d'água em via,2019-03-03,
5.0,40332,Sem bairro,2019-03-03 19:14:28+00:00,2019-03-04 04:22:23+00:00,Desconhecido,"Estr. do galeão, alt. av. 20 de janeiro",Alto,,,Fechado,Bolsão d'água em via,2019-03-03,
5.0,40337,Sem bairro,2019-03-03 20:23:10+00:00,2019-03-03 22:08:09+00:00,Desconhecido,"Av. ayrton senna - alt, uptown - barra da tijuca",Critico,-22.9827512,-43.36281339999999,Fechado,Bolsão d'água em via,2019-03-03,
5.0,40325,Sem bairro,2019-03-03 18:45:24+00:00,2019-03-03 21:55:58+00:00,Desconhecido,"R. muniz barreto, alt. r. marquês de olinda - botafogo",Alto,-22.9068467,-43.17289649999998,Fechado,Bolsão d'água em via,2019-03-03,
5.0,40320,Sem bairro,2019-03-03 18:28:27+00:00,2019-03-03 20:41:17+00:00,Desconhecido,"R. real grandeza, alt. r. general polidoro - botafogo",Alto,,,Fechado,Bolsão d'água em via,2019-03-03,
5.0,40314,Sem bairro,2019-03-03 18:09:48+00:00,2019-03-03 20:28:08+00:00,Desconhecido,"Campo de são cristóvão, alt. r. bela - são cristóvão",Alto,-22.8895567,-43.22387950000001,Fechado,Bolsão d'água em via,2019-03-03,
5.0,40323,Sem bairro,2019-03-03 18:36:57+00:00,2019-03-03 21:49:06+00:00,Desconhecido,"Estr. lagoa - barra, alt. rocinha - s. conrado",Alto,,,Fechado,Bolsão d'água em via,2019-03-03,
5.0,40328,Sem bairro,2019-03-03 18:51:31+00:00,2019-03-03 20:40:08+00:00,Desconhecido,"Av. afrânio de melo franco, alt. r. gilberto cardoso - leblon",Alto,,,Fechado,Bolsão d'água em via,2019-03-03,
5.0,40322,Sem bairro,2019-03-03 18:35:07+00:00,2019-03-03 20:35:43+00:00,Desconhecido,"Rua jardim botânico, alt. r. pacheco leão - jardim botânico",Alto,,,Fechado,Bolsão d'água em via,2019-03-03,
5.0,40327,Sem bairro,2019-03-03 18:49:12+00:00,2019-03-03 18:50:17+00:00,Desconhecido,"Av. afrânio de melo franco, alt. gilberto cardoso - leblon",Baixo,,,Fechado,Bolsão d'água em via,2019-03-03,
5.0,40341,Sem bairro,2019-03-03 21:43:14+00:00,2019-03-03 22:02:56+00:00,Desconhecido,R. jardim botânico - alt. pacheco leão - jardim botânico,Baixo,-22.9643142,-43.21758669999997,Fechado,Bolsão d'água em via,2019-03-03,
5.0,40330,Sem bairro,2019-03-03 18:59:01+00:00,2019-03-03 20:36:20+00:00,Desconhecido,"R. jardim botânico, alt. parque lage",Alto,,,Fechado,Bolsão d'água em via,2019-03-03,
5.0,40319,Sem bairro,2019-03-03 18:25:18+00:00,2019-03-03 22:13:40+00:00,Desconhecido,"Rua voluntários da pátria, alt. r. nelson mandela - botafogo",Alto,,,Fechado,Bolsão d'água em via,2019-03-03,
5.0,40316,Sem bairro,2019-03-03 18:15:02+00:00,2019-03-03 23:24:49+00:00,Desconhecido,"Av. brasil, alt. fiocruz - manguinhos",Alto,,,Fechado,Bolsão d'água em via,2019-03-03,
5.0,40318,Sem bairro,2019-03-03 18:21:25+00:00,2019-03-03 21:31:58+00:00,Desconhecido,"Av. brasil, alt. viaduto ataulfo alves - benfica",Alto,-22.8612161,-43.4522437,Fechado,Bolsão d'água em via,2019-03-03,
5.0,40338,Sem bairro,2019-03-03 21:14:14+00:00,2019-03-03 23:59:37+00:00,Desconhecido,Rua mario ribeiro -  alt. min. raul machado  leblon,Critico,-22.9776166,-43.222537399999965,Fechado,Bolsão d'água em via,2019-03-03,
5.0,40333,Sem bairro,2019-03-03 19:18:35+00:00,2019-03-03 20:45:35+00:00,Desconhecido,"R. rad. waldir amaral, alt. r. s. fco. xavier - maracanã",Alto,,,Fechado,Bolsão d'água em via,2019-03-03,
5.0,40342,Sem bairro,2019-03-03 22:11:59+00:00,2019-03-04 02:56:50+00:00,Desconhecido,R. jardim botânico - alt. pacheco leão jardim botânico,Critico,-22.964131,-43.21742340000003,Fechado,Bolsão d'água em via,2019-03-03,
5.0,40335,Sem bairro,2019-03-03 19:33:55+00:00,2019-03-03 20:44:31+00:00,Desconhecido,"R. barão de mesquita, alt. r. josé higino - maracanã",Alto,,,Fechado,Bolsão d'água em via,2019-03-03,
5.0,40315,Sem bairro,2019-03-03 18:11:44+00:00,2019-03-03 22:16:29+00:00,Desconhecido,"Av. epitácio pessoa, alt. r. vinícius de moraes - lagoa",Alto,-22.9743299,-43.20643889999997,Fechado,Bolsão d'água em via,2019-03-03,
5.0,40329,Sem bairro,2019-03-03 18:54:37+00:00,2019-03-03 20:39:09+00:00,Desconhecido,"Av. borges de medeiros, alt. r. saturnino de brito - lagoa",Alto,,,Fechado,Bolsão d'água em via,2019-03-03,
5.0,40317,Sem bairro,2019-03-03 18:18:07+00:00,2019-03-03 20:33:46+00:00,Desconhecido,Viaduto saint hilaire - lagoa,Alto,-22.9615041,-43.20410049999998,Fechado,Bolsão d'água em via,2019-03-03,
5.0,40334,Sem bairro,2019-03-03 19:28:08+00:00,2019-03-03 20:37:52+00:00,Desconhecido,"Av. maracanã, alt. r. mata machado - maracanã",Alto,-22.92706,-43.238516300000015,Fechado,Bolsão d'água em via,2019-03-03,
5.0,40321,Sem bairro,2019-03-03 18:31:15+00:00,2019-03-03 20:32:55+00:00,Desconhecido,Praça sibélius - gávea,Alto,,,Fechado,Bolsão d'água em via,2019-03-03,
5.0,40348,Sem bairro,2019-03-04 02:07:21+00:00,2019-03-04 04:32:07+00:00,Desconhecido,R. adolfo mota - esq. av. maracanã - tijuca,Baixo,-22.9204235,-43.23268729999995,Fechado,Bolsão d'água em via,2019-03-04,
5.0,40352,Sem bairro,2019-03-04 07:09:54+00:00,2019-03-04 11:57:16+00:00,Desconhecido,"Autoestrada grajaú-jpa, km 1,5",Baixo,-22.9211363,-43.284936000000016,Fechado,Bolsão d'água em via,2019-03-04,
5.0,40354,Sem bairro,2019-03-04 08:15:45+00:00,2019-03-04 18:17:43+00:00,Desconhecido,Estr. do galeão -  alt. da base aérea - ilha do governador,Baixo,-22.8283263,-43.23567830000002,Fechado,Bolsão d'água em via,2019-03-04,
5.0,40355,Sem bairro,2019-03-04 08:34:26+00:00,2019-03-04 13:47:44+00:00,Desconhecido,Av. pres. vargas - cidade nova - alt. da prefeitura,Baixo,-22.9090775,-43.20227539999996,Fechado,Bolsão d'água em via,2019-03-04,
5.0,40351,Sem bairro,2019-03-04 07:00:01+00:00,2019-03-04 10:33:43+00:00,Desconhecido,"Av. niemeyer, 418 - leblon - alt. do vip""s",Baixo,-23.0004295,-43.24463049999997,Fechado,Bolsão d'água em via,2019-03-04,
5.0,40350,Sem bairro,2019-03-04 06:31:05+00:00,2019-03-04 10:34:02+00:00,Desconhecido,Av. brasil - benfica - alt. do viaduto ataulfo alves,Baixo,-22.8849818,-43.235242200000016,Fechado,Bolsão d'água em via,2019-03-04,
5.0,40428,Sem bairro,2019-03-06 17:59:05+00:00,2019-03-06 21:42:38+00:00,Desconhecido,Estr. do dendê - alt. hospital da ilha do gov - tauá,Medio,-22.797719,-43.18988760000002,Fechado,Bolsão d'água em via,2019-03-06,
5.0,40463,Sem bairro,2019-03-06 19:49:24+00:00,2019-03-06 20:01:17+00:00,Desconhecido,R. morais e silva - maracanã,Medio,-22.9145614,-43.22393099999999,Fechado,Bolsão d'água em via,2019-03-06,
5.0,40449,Sem bairro,2019-03-06 18:55:30+00:00,2019-03-06 20:17:11+00:00,Desconhecido,R. 28 de setembro - alt. av. são francisco xavier - maracanã,Medio,-22.9137067,-43.23413419999997,Fechado,Bolsão d'água em via,2019-03-06,
5.0,40438,Sem bairro,2019-03-06 18:30:06+00:00,2019-03-06 20:15:38+00:00,Desconhecido,Campo de são cristóvão  - são cristóvão,Medio,-22.8963837,-43.218591300000014,Fechado,Bolsão d'água em via,2019-03-06,
5.0,40435,Sem bairro,2019-03-06 18:27:00+00:00,2019-03-07 03:11:12+00:00,Desconhecido,Estrada do galeão - alt. união da ilha - cacuia,Medio,-22.8137761,-43.18872240000002,Fechado,Bolsão d'água em via,2019-03-06,
5.0,40458,Sem bairro,2019-03-06 19:29:42+00:00,2019-03-06 20:46:52+00:00,Desconhecido,Av. brasil - manguinhos,Medio,-22.8787526,-43.240613,Fechado,Bolsão d'água em via,2019-03-06,
5.0,40553,Sem bairro,2019-03-07 17:08:51+00:00,2019-03-09 14:59:12+00:00,Desconhecido,Praia do cajú - caju,Medio,-22.8790981,-43.21327389999999,Fechado,Bolsão d'água em via,2019-03-07,
5.0,40649,Sem bairro,2019-03-11 08:19:46+00:00,2019-03-11 17:00:35+00:00,Desconhecido,"Rua clarimundo de melo, 847 - quintino - alt. da cf. carlos nery ",Baixo,-22.8929667,-43.32446970000001,Fechado,Bolsão d'água em via,2019-03-11,
5.0,40648,Sem bairro,2019-03-11 08:16:31+00:00,2019-03-11 10:28:49+00:00,Desconhecido,"Av. mem de sá, 111 - centro",Baixo,-22.9128745,-43.18370340000001,Fechado,Bolsão d'água em via,2019-03-11,
5.0,40630,Sem bairro,2019-03-11 06:08:52+00:00,2019-03-11 09:57:13+00:00,Desconhecido,"R. do catete, 148 - alt. da r. silveira martins",Medio,-22.9256666,-43.17689189999999,Fechado,Bolsão d'água em via,2019-03-11,
5.0,40650,Sem bairro,2019-03-11 08:25:20+00:00,2019-03-11 09:56:14+00:00,Desconhecido,"R. haddock lobo, 303 - tijuca - alt. da r. campos sales",Baixo,-22.9203615,-43.216113500000006,Fechado,Bolsão d'água em via,2019-03-11,
5.0,40641,Sem bairro,2019-03-11 07:19:06+00:00,2019-03-11 10:01:57+00:00,Desconhecido,Av. francisco bicalho - santo cristo,Medio,-22.9046586,-43.20971359999999,Fechado,Bolsão d'água em via,2019-03-11,
5.0,40645,Sem bairro,2019-03-11 07:57:25+00:00,2019-03-11 22:27:25+00:00,Desconhecido,R. francisco fragoso - piedade,Baixo,-22.8974148,-43.30713000000003,Fechado,Bolsão d'água em via,2019-03-11,
5.0,40647,Sem bairro,2019-03-11 08:12:32+00:00,2019-03-11 09:49:06+00:00,Desconhecido,Estr. do catonho - jardim sulacap,Baixo,-22.8989795,-43.38912110000001,Fechado,Bolsão d'água em via,2019-03-11,
5.0,40643,Sem bairro,2019-03-11 07:45:14+00:00,2019-03-11 10:13:42+00:00,Desconhecido,"R. bulhões de carvalho, 279 - copacabana",Medio,-22.985095,-43.19332880000002,Fechado,Bolsão d'água em via,2019-03-11,
5.0,40644,Sem bairro,2019-03-11 07:47:25+00:00,2019-03-11 08:38:04+00:00,Desconhecido,Av. epitácio pessoa - lagoa - alt. da r. vinicius de moraes,Baixo,-22.9797904,-43.20271360000004,Fechado,Bolsão d'água em via,2019-03-11,
5.0,40646,Sem bairro,2019-03-11 08:01:27+00:00,2019-03-11 10:13:09+00:00,Desconhecido,Rua professor gabizo - maracanã - alt. da r. dr. satamini,Baixo,-22.9176477,-43.22046130000001,Fechado,Bolsão d'água em via,2019-03-11,
5.0,40632,Sem bairro,2019-03-11 06:22:18+00:00,2019-03-11 08:34:32+00:00,Desconhecido,Avenida ministro ivan lins  - barra ,Medio,-23.0129256,-43.29779930000001,Fechado,Bolsão d'água em via,2019-03-11,
5.0,40631,Sem bairro,2019-03-11 06:17:05+00:00,2019-03-11 09:52:04+00:00,Desconhecido,Estr. do itanhangá,Medio,-22.9964163,-43.31430769999997,Fechado,Bolsão d'água em via,2019-03-11,
5.0,40636,Sem bairro,2019-03-11 06:49:56+00:00,2019-03-11 09:52:14+00:00,Desconhecido,R. frei caneca - estácio - alt. da r. heitor carrilho,Medio,-22.914257,-43.1995847,Fechado,Bolsão d'água em via,2019-03-11,
5.0,40635,Sem bairro,2019-03-11 06:45:49+00:00,2019-03-11 08:32:43+00:00,Desconhecido,Av. osvaldo aranha - pca da bandeira,Medio,-22.9104894,-43.215591200000006,Fechado,Bolsão d'água em via,2019-03-11,
5.0,40657,Sem bairro,2019-03-11 10:03:47+00:00,2019-03-11 10:13:35+00:00,Desconhecido,"R. haddock lobo, 303 - tijuca - alt. da r. campos sales",Medio,-22.9203615,-43.216113500000006,Fechado,Bolsão d'água em via,2019-03-11,
5.0,40628,Sem bairro,2019-03-11 04:52:49+00:00,2019-03-11 06:12:49+00:00,Desconhecido,Rua senador camará - alt. do fórum regional - santa cruz,Medio,-22.9140463,-43.686237300000016,Fechado,Bolsão d'água em via,2019-03-11,
5.0,40721,Sem bairro,2019-03-13 17:03:16+00:00,2019-03-13 19:59:21+00:00,Desconhecido,Campo de são cristóvão - alt. rua bela - são cristóvão,Medio,-22.8966723,-43.2215448,Fechado,Bolsão d'água em via,2019-03-13,
5.0,40715,Sem bairro,2019-03-13 16:43:05+00:00,2019-03-13 17:00:28+00:00,Desconhecido,Av. braz de pina - penha circular - alt. da r. jacaraú,Baixo,-22.8378932,-43.2885038,Fechado,Bolsão d'água em via,2019-03-13,
5.0,40718,Sem bairro,2019-03-13 16:58:25+00:00,2019-03-14 00:33:35+00:00,Desconhecido,"Av. itaóca, 2751 - bonsucesso",Baixo,-22.8730137,-43.27751409999996,Fechado,Bolsão d'água em via,2019-03-13,
5.0,40720,Sem bairro,2019-03-13 17:03:46+00:00,2019-03-13 20:33:12+00:00,Desconhecido,Av. brasil - penha - alt. do megabox,Medio,-22.8354222,-43.26143939999997,Fechado,Bolsão d'água em via,2019-03-13,
5.0,40811,Sem bairro,2019-03-15 21:08:33+00:00,2019-03-15 22:08:52+00:00,Desconhecido,Rua do catete - alt. r. silveira martins - catete,Medio,-22.925732,-43.1765863,Fechado,Bolsão d'água em via,2019-03-15,
5.0,40788,Sem bairro,2019-03-15 12:17:52+00:00,2019-03-15 15:47:10+00:00,Desconhecido,"Av. brasil, 8685 - olaria - alt. da localiza",Medio,-22.838981,-43.25615529999999,Fechado,Bolsão d'água em via,2019-03-15,
5.0,40795,Sem bairro,2019-03-15 13:32:57+00:00,2019-03-15 15:45:16+00:00,Desconhecido,Av brasil - passarela 13 - olaria ,Medio,-22.9149949,-43.62508230000003,Fechado,Bolsão d'água em via,2019-03-15,
5.0,40785,Sem bairro,2019-03-15 11:18:10+00:00,2019-03-15 11:21:40+00:00,Desconhecido,Av. brasil - benfica - alt. do viaduto ataulfo alves,Baixo,-22.887523,-43.23214189999999,Fechado,Bolsão d'água em via,2019-03-15,
5.0,40784,Sem bairro,2019-03-15 11:10:20+00:00,2019-03-15 13:11:52+00:00,Desconhecido,Av. brasil - manguinhos - alt. da linha amarela,Baixo,-22.875704,-43.242977,Fechado,Bolsão d'água em via,2019-03-15,
5.0,40783,Sem bairro,2019-03-15 11:05:56+00:00,2019-03-15 12:40:17+00:00,Desconhecido,"Av. brasil, 4365 - manguinhos - alt. da fiocruz",Baixo,-22.8750113,-43.245545100000015,Fechado,Bolsão d'água em via,2019-03-15,
5.0,40797,Sem bairro,2019-03-15 14:12:19+00:00,2019-03-15 15:46:28+00:00,Desconhecido,"R. ibituruna, 120 - maracanã - alt. da r. morais e silva",Medio,-22.9120177,-43.22190260000002,Fechado,Bolsão d'água em via,2019-03-15,
5.0,40794,Sem bairro,2019-03-15 13:31:26+00:00,2019-03-15 15:46:03+00:00,Desconhecido,Av brasil - passarela 12 - ramos,Medio,-22.819183,-43.31040719999999,Fechado,Bolsão d'água em via,2019-03-15,
5.0,40796,Sem bairro,2019-03-15 13:37:19+00:00,2019-03-15 15:44:39+00:00,Desconhecido,Av brasil - passarela 14 ,Medio,,,Fechado,Bolsão d'água em via,2019-03-15,
5.0,40808,Sem bairro,2019-03-15 20:11:43+00:00,2019-03-16 00:15:48+00:00,Desconhecido,Av. brasil - vigário geral,Medio,-22.8185893,-43.30966910000001,Fechado,Bolsão d'água em via,2019-03-15,
5.0,40793,Sem bairro,2019-03-15 13:26:37+00:00,2019-03-15 15:47:37+00:00,Desconhecido,Av brasil - passarela 9 - bonsucesso,Medio,-22.856124,-43.2473521,Fechado,Bolsão d'água em via,2019-03-15,
5.0,40812,Sem bairro,2019-03-15 21:35:54+00:00,2019-03-15 22:05:46+00:00,Desconhecido,R. 24 de maio - alt. rua da bela vista - engenho novo,Medio,-22.9029524,-43.268576199999984,Fechado,Bolsão d'água em via,2019-03-15,
5.0,40790,Sem bairro,2019-03-15 12:47:43+00:00,2019-03-15 15:37:19+00:00,Desconhecido,Av. brasil - penha - alt. da passarela 15,Medio,-22.8291871,-43.2705272,Fechado,Bolsão d'água em via,2019-03-15,
5.0,40816,Sem bairro,2019-03-15 22:52:06+00:00,2019-03-16 00:15:32+00:00,Desconhecido,Av. pres. vargas - cidade nova,Medio,-22.9090775,-43.20227539999996,Fechado,Bolsão d'água em via,2019-03-15,
5.0,40789,Sem bairro,2019-03-15 12:22:17+00:00,2019-03-15 18:27:43+00:00,Desconhecido,Av. brasil - bonsucesso - alt. do viaduto de saída da ilha - passarela 10 ,Medio,-22.8514034510208,-43.24779033306578,Fechado,Bolsão d'água em via,2019-03-15,
5.0,40835,Sem bairro,2019-03-16 15:06:55+00:00,2019-03-16 17:29:37+00:00,Desconhecido,Av. brasil - passarela 19 a 21 ( cidade alta até parada de lucas ),Alto,-22.8200109,-43.29470430000004,Fechado,Bolsão d'água em via,2019-03-16,
5.0,40852,Sem bairro,2019-03-16 20:39:10+00:00,2019-03-17 00:36:04+00:00,Desconhecido,Autoestrada lagoa barra - alt.  fashion mall - são conrado,Alto,-22.9971128,-43.26265790000002,Fechado,Bolsão d'água em via,2019-03-16,
5.0,40855,Sem bairro,2019-03-16 21:04:39+00:00,2019-03-16 23:26:29+00:00,Desconhecido,Av. padre leonel franca - alt. pça sibélius - gávea,Alto,-22.97833002981365,-43.226939057147206,Fechado,Bolsão d'água em via,2019-03-16,
5.0,40858,Sem bairro,2019-03-16 21:13:07+00:00,2019-03-16 23:25:12+00:00,Desconhecido,Av. ns. de copacabana - alt. r. sá ferreira - copacabana,Alto,-22.9807894,-43.19110660000001,Fechado,Bolsão d'água em via,2019-03-16,
5.0,40861,Sem bairro,2019-03-16 22:04:38+00:00,2019-03-17 05:57:09+00:00,Desconhecido,Av. gilka machado - alt. estr. do pontal,Alto,-23.03072946882179,-43.47189758780519,Fechado,Bolsão d'água em via,2019-03-16,
5.0,40837,Sem bairro,2019-03-16 15:26:09+00:00,2019-03-16 17:06:50+00:00,Desconhecido,Av. brasil - guadalupe - alt. da passarela 32,Medio,-22.8427263,-43.37307420000002,Fechado,Bolsão d'água em via,2019-03-16,
5.0,40860,Sem bairro,2019-03-16 21:52:15+00:00,2019-03-16 23:03:45+00:00,Desconhecido,Av. mario ribeiro - alt. r. min. raul machado - gávea,Alto,-22.97786746714269,-43.22212170370483,Fechado,Bolsão d'água em via,2019-03-16,
5.0,40829,Sem bairro,2019-03-16 10:27:17+00:00,2019-03-16 16:41:38+00:00,Desconhecido,R. francisco fragoso - encantado,Medio,-22.8974148,-43.30713000000003,Fechado,Bolsão d'água em via,2019-03-16,
5.0,40853,Sem bairro,2019-03-16 20:42:06+00:00,2019-03-17 00:24:04+00:00,Desconhecido,Av. min. ivan lins - barra da tijuca,Alto,-23.0111105,-43.30188959999998,Fechado,Bolsão d'água em via,2019-03-16,
5.0,40854,Sem bairro,2019-03-16 20:44:23+00:00,2019-03-17 05:56:54+00:00,Desconhecido,Estr. da barra - alt. ponte velha - itanhangá,Alto,-22.9985303,-43.304686100000026,Fechado,Bolsão d'água em via,2019-03-16,
5.0,40836,Sem bairro,2019-03-16 15:12:30+00:00,2019-03-16 18:28:28+00:00,Desconhecido,Estr. das canárias - galeão,Medio,-22.8126375,-43.22736170000002,Fechado,Bolsão d'água em via,2019-03-16,
5.0,40859,Sem bairro,2019-03-16 21:15:53+00:00,2019-03-17 00:03:13+00:00,Desconhecido,Túnel zuzu angel - alt. rocinha,Alto,-22.9892532,-43.24223210000002,Fechado,Bolsão d'água em via,2019-03-16,
5.0,40862,Sem bairro,2019-03-16 22:44:56+00:00,2019-03-16 23:30:17+00:00,Desconhecido,Av. nossa sra. de copacabana - alt. rua djalma ulrich - copacabana,Alto,-22.97899711729312,-43.18992412009891,Fechado,Bolsão d'água em via,2019-03-16,
5.0,40883,Sem bairro,2019-03-17 18:37:44+00:00,2019-03-18 01:26:57+00:00,Desconhecido,"Praia das pitangueiras, alt. r. do monjolo - pitangueiras (ilha do governador)",Baixo,-22.8147992,-43.1765916,Fechado,Bolsão d'água em via,2019-03-17,
5.0,40885,Sem bairro,2019-03-17 19:37:00+00:00,2019-03-17 21:54:22+00:00,Desconhecido,"Av. francisco bicalho, alt. rodoviária n. rio - santo cristo",Baixo,-22.8996291,-43.20844469999997,Fechado,Bolsão d'água em via,2019-03-17,
5.0,40864,Sem bairro,2019-03-17 01:03:42+00:00,2019-03-17 02:45:24+00:00,Desconhecido,R. haddock lobo - alt. hotel vila da tijuca - tijuca,Alto,-22.9206095,-43.21669689999999,Fechado,Bolsão d'água em via,2019-03-17,
5.0,40947,Sem bairro,2019-03-19 22:49:16+00:00,2019-03-20 04:02:52+00:00,Desconhecido,Auto estr. fernando mac dowell - alt. rocinha - são conrado,Medio,-22.99268080543324,-43.25121700323484,Fechado,Bolsão d'água em via,2019-03-19,
5.0,40946,Sem bairro,2019-03-19 22:45:09+00:00,2019-03-20 08:36:51+00:00,Desconhecido,"Estr. da barra da tijuca, 793 - barra da tijuca",Medio,-23.000589289221445,-43.30477074177247,Fechado,Bolsão d'água em via,2019-03-19,
5.0,40943,Sem bairro,2019-03-19 22:11:30+00:00,2019-03-20 04:08:14+00:00,Desconhecido,Av. gilka machado - alt. estr. do pontal,Baixo,-23.030571489594816,-43.47206924918214,Fechado,Bolsão d'água em via,2019-03-19,
5.0,40951,Sem bairro,2019-03-19 23:26:36+00:00,2019-03-20 04:06:06+00:00,Desconhecido,"Av. armando lombardi, 55 - barra da tijuca",Medio,-23.0067588,-43.315668800000026,Fechado,Bolsão d'água em via,2019-03-19,
5.0,40950,Sem bairro,2019-03-19 23:12:42+00:00,2019-03-20 04:10:09+00:00,Desconhecido,Av. armando lombardi - alt. barra point - barra da tijuca,Medio,-23.0066768036798,-43.30857880580447,Fechado,Bolsão d'água em via,2019-03-19,
5.0,40945,Sem bairro,2019-03-19 22:40:19+00:00,2019-03-20 03:57:54+00:00,Desconhecido,Av. ministro ivan lins 460- barra da tijuca,Medio,-23.01079258320108,-43.30162949447328,Fechado,Bolsão d'água em via,2019-03-19,
5.0,40949,Sem bairro,2019-03-19 23:09:00+00:00,2019-03-20 04:04:24+00:00,Desconhecido,Av. epitácio pessoa - alt. vinicius de moraes - ipanema,Medio,-22.979572288075428,-43.20240356190186,Fechado,Bolsão d'água em via,2019-03-19,
5.0,40968,Sem bairro,2019-03-20 09:01:04+00:00,2019-03-20 09:36:07+00:00,Desconhecido,"Rua tonelero, alt. siqueira campos - copacabana",Baixo,-22.966751,-43.18545799999998,Fechado,Bolsão d'água em via,2019-03-20,
5.0,40958,Sem bairro,2019-03-20 06:48:58+00:00,2019-03-20 08:30:17+00:00,Desconhecido,"Estr. da gávea, 599 - são conrado",Baixo,-22.993673,-43.25413400000002,Fechado,Bolsão d'água em via,2019-03-20,
5.0,40999,Sem bairro,2019-03-20 23:26:59+00:00,2019-03-21 02:38:14+00:00,Desconhecido,Av. 31 de março - alt. saída do tnl santa barbara - santa teresa,Medio,-22.9146397,-43.19473960000005,Fechado,Bolsão d'água em via,2019-03-20,
5.0,40998,Sem bairro,2019-03-20 23:07:17+00:00,2019-03-21 02:38:27+00:00,Desconhecido,Av. gilka machado - alt. estr. do pontal - recreio,Medio,-23.0310186,-43.471911999999975,Fechado,Bolsão d'água em via,2019-03-20,
5.0,40966,Sem bairro,2019-03-20 08:55:42+00:00,2019-03-20 13:32:32+00:00,Desconhecido,"Av. braz crispino, alt. estr. das canárias - galeão",Baixo,-22.8029444,-43.221377200000006,Fechado,Bolsão d'água em via,2019-03-20,
5.0,41033,Sem bairro,2019-03-21 18:44:33+00:00,2019-03-21 21:19:04+00:00,Desconhecido,"Av. epitácio pessoa, alt. corte do cantagalo - ipanema",Baixo,-22.9762487,-43.200393599999984,Fechado,Bolsão d'água em via,2019-03-21,
5.0,41012,Sem bairro,2019-03-21 07:57:16+00:00,2019-03-21 13:07:01+00:00,Desconhecido,"Av. brasil, alt. parada de lucas",Medio,,,Fechado,Bolsão d'água em via,2019-03-21,
5.0,41032,Sem bairro,2019-03-21 17:03:24+00:00,2019-03-21 19:17:01+00:00,Desconhecido,"Av. ayrton senna, alt. passarela do gardênia",Baixo,,,Fechado,Bolsão d'água em via,2019-03-21,
5.0,41002,Sem bairro,2019-03-21 00:45:21+00:00,2019-03-21 01:45:16+00:00,Desconhecido,R. do catete - alt. r. silveira martins - catete,Medio,-22.925732,-43.1765863,Fechado,Bolsão d'água em via,2019-03-21,
5.0,41007,Sem bairro,2019-03-21 06:23:34+00:00,2019-03-22 14:07:57+00:00,Desconhecido,"Av. engenheiro souza filho, alt. estação azul - rio das pedras",Medio,-22.9786046,-43.33367479999998,Fechado,Bolsão d'água em via,2019-03-21,
5.0,41019,Sem bairro,2019-03-21 09:38:59+00:00,2019-03-21 11:27:11+00:00,Desconhecido,"R. ribeiro guimarães, r. dos artistas - vila isabel",Baixo,-22.9198076,-43.23694899999998,Fechado,Bolsão d'água em via,2019-03-21,
5.0,41003,Sem bairro,2019-03-21 00:47:03+00:00,2019-03-21 01:43:22+00:00,Desconhecido,R. do catete - alt. r. pedro américo - catete,Medio,-22.9234676,-43.17733580000004,Fechado,Bolsão d'água em via,2019-03-21,
5.0,41004,Sem bairro,2019-03-21 00:55:58+00:00,2019-03-21 09:36:24+00:00,Desconhecido,Av. pres. vargas - alt. cass - centro,Medio,-22.903238,-43.18673999999999,Fechado,Bolsão d'água em via,2019-03-21,
5.0,41039,Sem bairro,2019-03-21 20:17:04+00:00,2019-03-21 20:51:41+00:00,Desconhecido,"Rua do catete, alt. r. silveira martins - catete",Baixo,-22.9259854,-43.178282800000034,Fechado,Bolsão d'água em via,2019-03-21,
5.0,41022,Sem bairro,2019-03-21 09:56:32+00:00,2019-03-21 11:14:01+00:00,Desconhecido,"Estr. da pedra, alt. brt santa veridiana - santa cruz",Baixo,,,Fechado,Bolsão d'água em via,2019-03-21,
5.0,41037,Sem bairro,2019-03-21 19:55:04+00:00,2019-03-21 21:18:17+00:00,Desconhecido,"Av. epitácio pessoa, alt. r. vinícius de moraes - ipanema",Baixo,-22.9808213,-43.20703639999999,Fechado,Bolsão d'água em via,2019-03-21,
5.0,41011,Sem bairro,2019-03-21 07:53:35+00:00,2019-03-21 09:24:06+00:00,Desconhecido,"Av. brasil, alt. passarela 5 - benfica",Medio,,,Fechado,Bolsão d'água em via,2019-03-21,
5.0,41005,Sem bairro,2019-03-21 01:56:37+00:00,2019-03-21 08:08:29+00:00,Desconhecido,Av. brasil - canal do cunha - benfica,Medio,-22.875704,-43.242977,Fechado,Bolsão d'água em via,2019-03-21,
5.0,41025,Sem bairro,2019-03-21 11:48:36+00:00,2019-03-23 18:01:11+00:00,Desconhecido,"Estrada da barra da tijuca, alt. muzema",Baixo,-22.9985303,-43.304686100000026,Fechado,Bolsão d'água em via,2019-03-21,
5.0,41046,Sem bairro,2019-03-22 06:57:28+00:00,2019-03-22 09:17:08+00:00,Desconhecido,Av. braz crispino - ilha do governador,Baixo,-22.8029444,-43.221377200000006,Fechado,Bolsão d'água em via,2019-03-22,
5.0,41206,Sem bairro,2019-03-28 01:39:14+00:00,2019-03-28 07:47:36+00:00,Desconhecido,"Av. min. ivan lins, 314 - barra da tijuca",Medio,-23.010794495387632,-43.30133170052488,Fechado,Bolsão d'água em via,2019-03-28,
5.0,41235,Sem bairro,2019-03-28 16:33:27+00:00,2019-03-28 18:50:51+00:00,Desconhecido,"Elevado das bandeiras, alt. entrada do túnel do joá",Baixo,,,Fechado,Bolsão d'água em via,2019-03-28,
5.0,41236,Sem bairro,2019-03-28 16:37:25+00:00,2019-03-28 18:19:25+00:00,Desconhecido,"Estrada da barra da tijuca, 1020 - itanhangá",Baixo,-23.0033188,-43.3036189,Fechado,Bolsão d'água em via,2019-03-28,
5.0,41209,Sem bairro,2019-03-28 02:00:41+00:00,2019-03-28 14:28:46+00:00,Desconhecido,"Estr. da barra da tijuca, 1020 - itanhangá",Medio,-22.9985303,-43.304686100000026,Fechado,Bolsão d'água em via,2019-03-28,
5.0,41205,Sem bairro,2019-03-28 01:28:00+00:00,2019-03-28 06:30:34+00:00,Desconhecido,Autoestr. lagoa-barra - alt. rocinha,Medio,-22.9930504,-43.253392599999984,Fechado,Bolsão d'água em via,2019-03-28,
5.0,41208,Sem bairro,2019-03-28 01:52:29+00:00,2019-03-28 06:32:08+00:00,Desconhecido,"Av. armando lombardi, 165 - barra da tijuca",Medio,-23.0076239,-43.3062698,Fechado,Bolsão d'água em via,2019-03-28,
5.0,41249,Sem bairro,2019-03-28 22:07:55+00:00,2019-03-29 02:59:28+00:00,Desconhecido,Av. ministro ivan lins - 849 - barra da tijuca,Medio,-23.011878845970426,-43.29968757514649,Fechado,Bolsão d'água em via,2019-03-28,
5.0,41207,Sem bairro,2019-03-28 01:42:33+00:00,2019-03-28 06:33:39+00:00,Desconhecido,"Av. niemeyer, 318 - são conrado",Medio,-22.9970375,-43.23797109999998,Fechado,Bolsão d'água em via,2019-03-28,
5.0,41237,Sem bairro,2019-03-28 16:41:55+00:00,2019-03-28 17:37:02+00:00,Desconhecido,"Estr. eng. fernando mac dowell, alt. estr. das canoas  - são conrado",Baixo,-23.00130022557595,-43.27435233130496,Fechado,Bolsão d'água em via,2019-03-28,
5.0,41250,Sem bairro,2019-03-28 22:10:16+00:00,2019-03-29 02:59:18+00:00,Desconhecido,"Estr. da barra da tijuca, 1020 - itanhangá",Medio,-23.00462238647702,-43.30400513809815,Fechado,Bolsão d'água em via,2019-03-28,
5.0,41239,Sem bairro,2019-03-28 17:18:50+00:00,2019-03-28 17:40:39+00:00,Desconhecido,"Av. epitácio pessoa, alt. r. vinicius de moares - lagoa ",Baixo,,,Fechado,Bolsão d'água em via,2019-03-28,
5.0,41215,Sem bairro,2019-03-28 08:13:16+00:00,2019-03-28 08:39:39+00:00,Desconhecido,"Av. genaro de carvalho, alt. av. glaúcio gil - recreio",Baixo,-23.0180375,-43.4642945,Fechado,Bolsão d'água em via,2019-03-28,
5.0,41252,Sem bairro,2019-03-28 22:39:38+00:00,2019-03-29 00:07:38+00:00,Desconhecido,R. gen. polidoro - alt. r. real grandeza - botafogo,Medio,-22.9580456,-43.19118659999998,Fechado,Bolsão d'água em via,2019-03-28,
5.0,41269,Sem bairro,2019-03-29 07:48:44+00:00,2019-03-29 10:57:22+00:00,Desconhecido,Av. brasil - guadalupe,Baixo,-22.8427263,-43.37307420000002,Fechado,Bolsão d'água em via,2019-03-29,
5.0,41268,Sem bairro,2019-03-29 07:12:25+00:00,2019-03-29 10:12:08+00:00,Desconhecido,Av. brasil - cordovil - alt. do acesso à rod. washington luiz,Baixo,-22.8167508,-43.28799889999999,Fechado,Bolsão d'água em via,2019-03-29,
5.0,41259,Sem bairro,2019-03-29 06:00:26+00:00,2019-03-29 09:53:36+00:00,Desconhecido,R. mario ribeiro - leblon - alt. da r. min. raul machado,Medio,-22.9774092,-43.222578399999975,Fechado,Bolsão d'água em via,2019-03-29,
5.0,41266,Sem bairro,2019-03-29 06:35:53+00:00,2019-03-29 09:28:57+00:00,Desconhecido,"Av. epitácio pessoa, 1772 - lagoa - alt. da r. vinicius de moaraes",Medio,-22.9797182,-43.202439200000015,Fechado,Bolsão d'água em via,2019-03-29,
5.0,41263,Sem bairro,2019-03-29 06:22:47+00:00,2019-03-29 09:30:58+00:00,Desconhecido,R. prof. abelardo lóbo - lagoa - alt. do maconhão,Medio,-22.9614006,-43.20490649999999,Fechado,Bolsão d'água em via,2019-03-29,
5.0,41261,Sem bairro,2019-03-29 06:14:01+00:00,2019-03-29 09:35:08+00:00,Desconhecido,"Av. borges de medeiros, 3607 - lagoa",Baixo,-22.962593,-43.20732989999999,Fechado,Bolsão d'água em via,2019-03-29,
5.0,41260,Sem bairro,2019-03-29 06:09:58+00:00,2019-03-29 08:39:01+00:00,Desconhecido,"Av. armando lombardi, 800 - barra ",Medio,-23.0057887,-43.31279039999998,Fechado,Bolsão d'água em via,2019-03-29,
5.0,41267,Sem bairro,2019-03-29 07:04:58+00:00,2019-03-29 15:46:07+00:00,Desconhecido,"Av. salvador allende, 6700 - recreio - alt. da av. das américas",Baixo,-23.0052787,-43.4354515,Fechado,Bolsão d'água em via,2019-03-29,
5.0,41262,Sem bairro,2019-03-29 06:15:35+00:00,2019-03-29 08:14:35+00:00,Desconhecido,Muzema - rio  das pedras,Medio,-22.9819444,-43.32249999999999,Fechado,Bolsão d'água em via,2019-03-29,
31.0,40239,Sem bairro,2019-03-01 21:23:30+00:00,2019-03-02 01:55:18+00:00,Desconhecido,R. pedro américo - alt. r. do catete - catete,Medio,-22.9234676,-43.17733580000004,Fechado,Alagamento,2019-03-01,
31.0,40236,Sem bairro,2019-03-01 21:16:05+00:00,2019-03-02 19:12:32+00:00,Desconhecido,Mergulhão billy blanco y - barra da tijuca,Medio,-22.9976374,-43.36677069999996,Fechado,Alagamento,2019-03-01,
31.0,40254,Sem bairro,2019-03-01 22:35:21+00:00,2019-03-01 23:43:00+00:00,Desconhecido,Estr. do guanumbi 270 - jacarepagua,Medio,-22.9355099,-43.32735809999997,Fechado,Alagamento,2019-03-01,
31.0,40256,Sem bairro,2019-03-01 23:17:04+00:00,2019-03-02 04:47:00+00:00,Desconhecido,Rua aruti - praça seca,Medio,-22.9030946,-43.34636169999999,Fechado,Alagamento,2019-03-01,
31.0,40250,Sem bairro,2019-03-01 22:00:44+00:00,2019-03-02 18:27:49+00:00,Desconhecido,Buraco do lacerda - jacaré,Medio,-22.887329,-43.25258510000003,Fechado,Alagamento,2019-03-01,
31.0,40246,Sem bairro,2019-03-01 21:40:21+00:00,2019-03-01 23:42:34+00:00,Desconhecido,R. vinte e quatro de maio - alt. rua bela vista  - engenho novo,Medio,-22.902193,-43.261043400000005,Fechado,Alagamento,2019-03-01,
31.0,40240,Sem bairro,2019-03-01 21:25:50+00:00,2019-03-01 23:26:57+00:00,Desconhecido,Rua bela - são cristóvão,Medio,-22.8902205,-43.22332440000002,Fechado,Alagamento,2019-03-01,
31.0,40263,Sem bairro,2019-03-02 00:53:10+00:00,2019-03-02 01:48:58+00:00,Desconhecido,"Av. dom joão vi, alt. est. brt pingo d'agua - guaratiba",Alto,-22.96972246289713,-43.63545281669923,Fechado,Alagamento,2019-03-02,
31.0,40324,Sem bairro,2019-03-03 18:40:56+00:00,2019-03-03 20:38:52+00:00,Desconhecido,Av. paulo de frontin - rio comprido,Alto,,,Fechado,Alagamento,2019-03-03,
31.0,40331,Sem bairro,2019-03-03 19:10:46+00:00,2019-03-03 20:14:49+00:00,Desconhecido,"Av. maracanã, alt. r. eurico rabelo - maracanã",Alto,,,Fechado,Alagamento,2019-03-03,
31.0,40439,Sem bairro,2019-03-06 18:32:15+00:00,2019-03-06 20:15:06+00:00,Desconhecido,Estrd. da bica 536 - cocotá,Medio,-22.803921,-43.181266,Fechado,Alagamento,2019-03-06,
31.0,40655,Sem bairro,2019-03-11 09:44:21+00:00,2019-03-11 11:51:24+00:00,Desconhecido,Av. eng. souza filho - itanhangá,Baixo,-22.9786046,-43.33367479999998,Fechado,Alagamento,2019-03-11,
31.0,40654,Sem bairro,2019-03-11 09:35:29+00:00,2019-03-11 21:33:05+00:00,Desconhecido,"Av. eng. souza filho, 1186 - jacarepagua - alt. da casas bahia",Baixo,-22.9747026,-43.335844899999984,Fechado,Alagamento,2019-03-11,
31.0,40634,Sem bairro,2019-03-11 06:36:58+00:00,2019-03-11 08:29:36+00:00,Desconhecido,Muzema - rio das pedras,Medio,,,Fechado,Alagamento,2019-03-11,
31.0,40786,Sem bairro,2019-03-15 11:45:02+00:00,2019-03-15 12:41:48+00:00,Desconhecido,"R. cuba, 108 - penha",Medio,-22.8318024,-43.271478,Fechado,Alagamento,2019-03-15,
31.0,40863,Sem bairro,2019-03-16 22:48:17+00:00,2019-03-17 00:42:18+00:00,Desconhecido,"R. bulhões de carvalho, 619 - copacabana ",Alto,-22.9821268,-43.19471859999999,Fechado,Alagamento,2019-03-16,
31.0,40857,Sem bairro,2019-03-16 21:09:20+00:00,2019-03-17 00:24:47+00:00,Desconhecido,Av. epitácio pessoa - corte do cantagalo,Alto,-22.97895465385368,-43.20060881324463,Fechado,Alagamento,2019-03-16,
31.0,40842,Sem bairro,2019-03-16 15:59:10+00:00,2019-03-16 19:40:27+00:00,Desconhecido,R. araçá - ricardo de albuquerque,Alto,-22.8397731,-43.40543209999999,Fechado,Alagamento,2019-03-16,
31.0,40851,Sem bairro,2019-03-16 20:35:17+00:00,2019-03-17 03:59:07+00:00,Desconhecido,Av. epitácio pessoa - alt. r. vinícius de moraes - ipanema,Alto,-22.9795535,-43.2025453,Fechado,Alagamento,2019-03-16,
31.0,40839,Sem bairro,2019-03-16 15:38:56+00:00,2019-03-16 17:23:57+00:00,Desconhecido,R. joão vicente - alt. da estação de mal. hermes,Medio,-22.8609502,-43.371150899999975,Fechado,Alagamento,2019-03-16,
31.0,40846,Sem bairro,2019-03-16 16:52:45+00:00,2019-03-16 17:27:48+00:00,Desconhecido,Estr. do engenho novo - anchieta,Medio,-22.831296,-43.40686690000001,Fechado,Alagamento,2019-03-16,
31.0,40833,Sem bairro,2019-03-16 14:28:42+00:00,2019-03-16 17:05:23+00:00,Desconhecido,R. bernardo de vasconcelos - realengo - alt. da pça do canhão,Medio,-22.8764368,-43.42978040000003,Fechado,Alagamento,2019-03-16,
31.0,40834,Sem bairro,2019-03-16 14:46:00+00:00,2019-03-16 21:19:39+00:00,Desconhecido,R. aripua - ricardo de albuquerque,Alto,-22.8439555,-43.40122639999999,Fechado,Alagamento,2019-03-16,
31.0,40848,Sem bairro,2019-03-16 17:15:12+00:00,2019-03-16 17:27:32+00:00,Desconhecido,Estr. mal. alencastro -  alt. da estação de anchieta,Baixo,-22.825296,-43.402344200000016,Fechado,Alagamento,2019-03-16,
31.0,40838,Sem bairro,2019-03-16 15:31:03+00:00,2019-03-16 17:13:26+00:00,Desconhecido,R. bulhões marcial - vigário geral,Medio,-22.814999,-43.301147000000014,Fechado,Alagamento,2019-03-16,
31.0,40850,Sem bairro,2019-03-16 19:54:36+00:00,2019-03-17 18:30:50+00:00,Desconhecido,Rua campo mourão - jardim maravilha,Baixo,-22.9056235,-43.592568700000015,Fechado,Alagamento,2019-03-16,
31.0,40871,Sem bairro,2019-03-17 10:55:22+00:00,2019-03-20 18:29:15+00:00,Desconhecido,R. carlos seidl - caju,Baixo,-22.8762614,-43.23073099999999,Fechado,Alagamento,2019-03-17,
31.0,40948,Sem bairro,2019-03-19 22:52:47+00:00,2019-03-20 02:31:33+00:00,Desconhecido,Estr. da gávea - gávea golf clube - são conrado,Medio,-22.997393780690714,-43.26414176560672,Fechado,Alagamento,2019-03-19,
31.0,40952,Sem bairro,2019-03-19 23:31:39+00:00,2019-03-20 04:00:53+00:00,Desconhecido,"Av. epitácio pessoa - alt. saída ""e"" metro - lagoa",Medio,-22.9797560358388,-43.203140558105474,Fechado,Alagamento,2019-03-19,
31.0,41061,Sem bairro,2019-03-22 15:34:24+00:00,2019-03-25 18:25:53+00:00,Desconhecido,R. praia do caju,Baixo,-22.8790981,-43.21327389999999,Fechado,Alagamento,2019-03-22,
32.0,41041,Sem bairro,2019-03-21 21:01:43+00:00,2019-03-23 09:07:08+00:00,Desconhecido,Litoral da cidade do rio de janeiro,Baixo,-22.9295268,-43.35403609999997,Fechado,Alagamento,2019-03-21,
33.0,40265,Sem bairro,2019-03-02 03:22:02+00:00,2019-03-02 09:27:36+00:00,Desconhecido,Av. borges de medeiros alt. 3426 - lagoa,Medio,-22.962760089691905,-43.20884015443119,Fechado,Lâmina d'água,2019-03-02,
33.0,40261,Sem bairro,2019-03-02 00:10:12+00:00,2019-03-02 04:31:22+00:00,Desconhecido,"Av. ministro ivan lins, 460 - barra da tijuca",Medio,-23.0129256,-43.29779930000001,Fechado,Lâmina d'água,2019-03-02,
33.0,41000,Sem bairro,2019-03-21 00:08:44+00:00,2019-03-21 02:38:03+00:00,Desconhecido,Av. rio branco - alt. r. evaristo de veiga - centro,Medio,-22.9093184,-43.176056500000016,Fechado,Lâmina d'água,2019-03-21,
33.0,41210,Sem bairro,2019-03-28 02:52:03+00:00,2019-03-28 02:54:36+00:00,Desconhecido,Avenida ministro ivan lins próximo ao 11 - barra da tijuca,Baixo,-23.0129256,-43.29779930000001,Fechado,Lâmina d'água,2019-03-28,
5.0,63968,Joá,2021-06-17 06:15:49+00:00,2021-06-17 08:22:28+00:00,Curto,Elevado do joá - joá - sent. são conrado,Baixo,-23.0068985,-43.2828396,Fechado,Bolsão d'água em via,2021-06-17,
5.0,63982,Lagoa,2021-06-17 11:44:12+00:00,2021-06-17 14:57:30+00:00,Curto,Av. borges de medeiros - alt. viaduto saint hilaire - lagoa - sent. túnel rebouças,Baixo,-22.96267612098558,-43.20407118680268,Fechado,Bolsão d'água em via,2021-06-17,
5.0,63966,Lagoa,2021-06-17 03:44:21+00:00,2021-06-17 04:37:49+00:00,Curto,Av. epitácio pessoa - alt. rua vinicius de moraes - lagoa,Baixo,-22.9742628,-43.2064953,Fechado,Bolsão d'água em via,2021-06-17,
5.0,63816,Lagoa,2021-06-09 06:59:09+00:00,2021-06-09 07:43:28+00:00,Curto,Av. borges de medeiros - alt. r. j j seabra ,Baixo,-22.964817,-43.21533,Fechado,Bolsão d'água em via,2021-06-09,
5.0,63978,Lagoa,2021-06-17 09:59:39+00:00,2021-06-17 12:26:07+00:00,Curto,Av. epitácio pessoa - alt. rua henrique dumont - ipanema - sent. copacabana,Baixo,-22.98059173019307,-43.212151014541625,Fechado,Bolsão d'água em via,2021-06-17,
5.0,63820,Catete,2021-06-09 07:12:57+00:00,2021-06-09 08:19:23+00:00,Curto,R. do catete - alt. rua silveira martins - catete,Medio,-22.9269656,-43.1766115,Fechado,Bolsão d'água em via,2021-06-09,
5.0,63821,Catete,2021-06-09 07:25:33+00:00,2021-06-09 08:26:07+00:00,Curto,R. do catete - alt. r. pedro américo - catete,Medio,-22.9234676,-43.1773358,Fechado,Bolsão d'água em via,2021-06-09,
5.0,63990,Leblon,2021-06-17 15:31:41+00:00,2021-06-17 18:23:58+00:00,Curto,"Av. ataulfo de paiva, 221 - leblon",Baixo,-22.9839614,-43.2181925,Fechado,Bolsão d'água em via,2021-06-17,
5.0,63819,Leblon,2021-06-09 07:10:49+00:00,2021-06-09 09:15:06+00:00,Curto,Rua mário ribeiro - alt. r. raul machado - leblon,Baixo,-22.977912927153387,-43.222151161901856,Fechado,Bolsão d'água em via,2021-06-09,
5.0,63815,Ipanema,2021-06-09 06:55:32+00:00,2021-06-09 08:28:13+00:00,Curto,Av. epitácio pessoa - alt. r. vinícius de moraes  - ipanema,Baixo,-22.979868610939867,-43.20253230793456,Fechado,Bolsão d'água em via,2021-06-09,
5.0,63823,Ipanema,2021-06-09 08:42:54+00:00,2021-06-09 09:56:16+00:00,Curto,Av. epitácio pessoa - alt. rua garcia d'avila - ipanema - sent. copacabana,Baixo,-22.9834441,-43.2091861,Fechado,Bolsão d'água em via,2021-06-09,
5.0,63818,Copacabana,2021-06-09 07:04:21+00:00,2021-06-09 08:12:03+00:00,Curto,Rua tonelero - alt. r. figueiredo de magalhães - copacabana,Medio,-22.9666427,-43.1852321,Fechado,Bolsão d'água em via,2021-06-09,
5.0,63817,Copacabana,2021-06-09 07:02:45+00:00,2021-06-09 17:55:12+00:00,Curto,Rua tonelero - alt. rua siqueira campos - copacabana,Baixo,-22.967136618327952,-43.18625133942566,Fechado,Bolsão d'água em via,2021-06-09,
5.0,63661,Itanhangá,2021-06-01 06:41:53+00:00,2021-06-01 18:12:33+00:00,Curto,Av. engenheiro souza filho - alt n ° 565 - itanhangá,Baixo,-22.9786046,-43.3336748,Fechado,Bolsão d'água em via,2021-06-01,
5.0,63981,Itanhangá,2021-06-17 10:51:45+00:00,2021-06-17 15:58:50+00:00,Curto,Estr. do itanhangá - alt. clube marina - itanhangá - sent. alto da boa vista,Baixo,-22.9964163,-43.3143077,Fechado,Bolsão d'água em via,2021-06-17,
5.0,64084,Jacarepaguá,2021-06-23 08:45:21+00:00,2021-06-23 13:17:24+00:00,Curto,Av. ayrton senna - alt. espaço hall - jacarepaguá - sent. orla,Baixo,-22.9631779,-43.3573654,Fechado,Bolsão d'água em via,2021-06-23,
5.0,63789,Barra da tijuca,2021-06-07 22:36:57+00:00,2021-06-08 00:40:09+00:00,Curto,"Av. armando lombardi, alt. acesso barra point - barra da tijuca - sent. recreio",Baixo,-23.0062608,-43.3085822,Fechado,Bolsão d'água em via,2021-06-07,
5.0,63965,Barra da tijuca,2021-06-17 03:34:11+00:00,2021-06-17 05:48:45+00:00,Curto,Av. armando lombardi - alt. barra point - barra da tijuca - sent. recreio - ambos os sentidos.,Baixo,-23.0066958,-43.310663,Fechado,Bolsão d'água em via,2021-06-17,
5.0,63967,Barra da tijuca,2021-06-17 06:04:48+00:00,2021-06-17 08:06:12+00:00,Curto,Av. das américas - alt. estação brt ricardo marinho - barra da tijuca - sent. recreio,Baixo,-23.0001681,-43.34654219999999,Fechado,Bolsão d'água em via,2021-06-17,
5.0,94445,Urca,2023-04-08 12:52:54+00:00,2023-04-08 15:17:07+00:00,Curto,Pça general tibúrcio - urca,Baixo,-22.9552043,-43.1663915,Fechado,Bolsão d'água em via,2023-04-08,
5.0,94430,Lagoa,2023-04-08 09:22:58+00:00,2023-04-08 16:52:39+00:00,Curto,Av. borges de medeiros - alt. r. batista da costa - lagoa,Baixo,-22.9769764,-43.2179514,Fechado,Bolsão d'água em via,2023-04-08,
5.0,94818,Penha,2023-04-14 17:06:21+00:00,2023-04-14 18:32:42+00:00,Curto,R. ibiapina - alt. r. monsenhor alves rocha - penha,Baixo,-22.8426708,-43.2721271,Fechado,Bolsão d'água em via,2023-04-14,
5.0,94819,Ramos,2023-04-14 17:10:38+00:00,2023-04-14 18:23:31+00:00,Curto,Av. brasil - alt. ramos - sent. centro,Baixo,-22.8510278,-43.2477585,Fechado,Bolsão d'água em via,2023-04-14,
31.0,94821,Ramos,2023-04-14 17:27:50+00:00,2023-04-14 18:39:44+00:00,Curto,Av. teixeira de castro - alt. brt santa luzia - bonsucesso,Medio,-22.8552504,-43.252104,Fechado,Alagamento,2023-04-14,
5.0,94822,Ramos,2023-04-14 17:34:53+00:00,2023-04-14 18:21:14+00:00,Curto,R. leopoldina rego - alt. viaduto de ramos - ramos,Baixo,-22.8467963,-43.2663986,Fechado,Bolsão d'água em via,2023-04-14,
31.0,95450,Tauá,2023-04-26 21:16:45+00:00,2023-04-27 00:23:36+00:00,Curto,"Rua demétrio de tolêdo, alt. r. capanema - tauá (ilha do governador)",Baixo,-22.793402,-43.1843797,Fechado,Alagamento,2023-04-26,
5.0,94411,Centro,2023-04-08 06:58:07+00:00,2023-04-08 10:42:48+00:00,Curto,R. de santana x r. frei caneca - centro,Baixo,-22.9081212,-43.1939546,Fechado,Bolsão d'água em via,2023-04-08,
5.0,95600,Centro,2023-04-28 18:17:22+00:00,2023-04-28 18:19:00+00:00,Curto,Av. passos x r. buenos aires - centro,Baixo,-22.9040087,-43.1834202,Fechado,Bolsão d'água em via,2023-04-28,
5.0,94468,Centro,2023-04-08 22:13:28+00:00,2023-04-08 22:58:59+00:00,Curto,Praça da república - alt. rua vinte de abril - centro,Baixo,-22.9068124,-43.1889597,Fechado,Bolsão d'água em via,2023-04-08,
5.0,94523,Centro,2023-04-09 18:11:22+00:00,2023-04-09 18:56:18+00:00,Curto,Praça marechal âncora - centro,Baixo,-22.9049078,-43.1704191,Fechado,Bolsão d'água em via,2023-04-09,
33.0,94496,Méier,2023-04-09 10:33:42+00:00,2023-04-09 11:10:12+00:00,Curto,R. medina - alt. r. silva rabelo - méier,Baixo,-22.9002635,-43.2815886,Fechado,Lâmina d'água,2023-04-09,
5.0,94393,Méier,2023-04-08 03:42:14+00:00,2023-04-08 04:11:57+00:00,Curto,R. dias da cruz - alt. rua vilela tavares  - méier,Baixo,-22.9045871,-43.2882233,Fechado,Bolsão d'água em via,2023-04-08,
33.0,94820,Olaria,2023-04-14 17:18:51+00:00,2023-04-14 18:32:03+00:00,Curto,Av. brasil - alt. olaria - sent. centro,Baixo,-22.8363196,-43.2596385,Fechado,Lâmina d'água,2023-04-14,
5.0,94403,Glória,2023-04-08 04:30:36+00:00,2023-04-08 06:02:18+00:00,Curto,R. do catete - alt. rua rua correia dutra - glória,Baixo,-22.9269656,-43.1766115,Fechado,Bolsão d'água em via,2023-04-08,
5.0,94405,Glória,2023-04-08 04:37:40+00:00,2023-04-08 06:02:01+00:00,Curto,R. do catete - alt. rua silveira martins - glória,Baixo,-22.9269656,-43.1766115,Fechado,Bolsão d'água em via,2023-04-08,
5.0,94414,Glória,2023-04-08 07:31:35+00:00,2023-04-08 10:52:38+00:00,Curto,R. do catete - alt. r. silveira martins - catete,Baixo,-22.9269656,-43.1766115,Fechado,Bolsão d'água em via,2023-04-08,
5.0,94418,Ipanema,2023-04-08 07:44:16+00:00,2023-04-08 11:30:47+00:00,Curto,R. vinícius de moraes x av. eptácio pessoa - ipanema,Baixo,-22.9832664,-43.2027898,Fechado,Bolsão d'água em via,2023-04-08,
5.0,95585,Ipanema,2023-04-28 11:42:07+00:00,2023-04-28 15:00:11+00:00,Curto,Av. vieira souto x  av. henrique dumont - ipanema,Baixo,-22.9865649,-43.2049704,Fechado,Bolsão d'água em via,2023-04-28,
5.0,94395,Piedade,2023-04-08 03:49:42+00:00,2023-04-08 04:09:01+00:00,Curto,R. goiás - alt. rua silvana - piedade,Baixo,-22.8892726,-43.3105029,Fechado,Bolsão d'água em via,2023-04-08,
5.0,94401,Botafogo,2023-04-08 04:22:56+00:00,2023-04-08 06:42:26+00:00,Curto,Praia de botafogo - alt. rua visconde de ouro preto - botafogo - sent. copadabana,Baixo,-22.9521886,-43.181076,Fechado,Bolsão d'água em via,2023-04-08,
5.0,94426,Botafogo,2023-04-08 08:54:50+00:00,2023-04-08 16:54:01+00:00,Curto,R. marquês de olinda x praia de botafogo - botafogo,Baixo,-22.9437967,-43.1839729,Fechado,Bolsão d'água em via,2023-04-08,
5.0,94429,Flamengo,2023-04-08 09:18:26+00:00,2023-04-08 11:29:50+00:00,Curto,Av. infante dom henrique - alt. campo de futebol - flamengo - sent. z. sul,Baixo,-22.9303189,-43.1730561,Fechado,Bolsão d'água em via,2023-04-08,
5.0,94514,Realengo,2023-04-09 14:53:07+00:00,2023-04-09 17:51:11+00:00,Curto,R. bernardo de vasconcelos - alt. r. dr. lessa - realengo,Baixo,-22.876013,-43.4340806,Fechado,Bolsão d'água em via,2023-04-09,
5.0,94507,Cascadura,2023-04-09 13:19:37+00:00,2023-04-09 13:20:32+00:00,Curto,Av. ernani cardoso x r. padre telemaco- cascadura,Baixo,-22.8824192,-43.3354398,Fechado,Bolsão d'água em via,2023-04-09,
5.0,95553,Guaratiba,2023-04-28 05:57:37+00:00,2023-04-28 08:18:49+00:00,Curto,Estrada da pedra - entre as estações brt venda de varandas e santa veridiana - guaratiba - sent. santa cruz,Baixo,-22.9686009,-43.6478678,Fechado,Bolsão d'água em via,2023-04-28,
5.0,95557,Guaratiba,2023-04-28 06:38:22+00:00,2023-04-28 17:46:25+00:00,Curto,Av dom joão vi - alt. estação brt mato alto - guaratiba - sent. santa cruz,Baixo,-22.9942823,-43.5962884,Fechado,Bolsão d'água em via,2023-04-28,
5.0,94493,Madureira,2023-04-09 10:15:37+00:00,2023-04-09 11:26:01+00:00,Curto,Av. min. edgard romero - alt. rua conselheiro galvão - madureira,Baixo,-22.8661268,-43.3343465,Fechado,Bolsão d'água em via,2023-04-09,
5.0,94509,Madureira,2023-04-09 13:29:52+00:00,2023-04-09 17:51:02+00:00,Curto,R. padre manso - madureira,Baixo,-22.8797586,-43.3373623,Fechado,Bolsão d'água em via,2023-04-09,
5.0,94417,Maracanã,2023-04-08 07:40:50+00:00,2023-04-08 10:39:12+00:00,Curto,R. morais e silva x r. ibituruna - maracanã,Baixo,-22.9143473,-43.2237356,Fechado,Bolsão d'água em via,2023-04-08,
31.0,95452,Bancários,2023-04-26 21:32:21+00:00,2023-04-27 00:44:01+00:00,Curto,"Rua max yantok, alt. ilha fiscal - bancários",Baixo,-22.7917275,-43.182906,Fechado,Alagamento,2023-04-26,
5.0,94413,Copacabana,2023-04-08 07:25:09+00:00,2023-04-08 14:00:27+00:00,Curto,R. tonelero x r. siqueira campos - copacabana,Baixo,-22.966589,-43.18536030000001,Fechado,Bolsão d'água em via,2023-04-08,
5.0,94048,Copacabana,2023-04-02 01:33:56+00:00,2023-04-02 02:17:08+00:00,Curto,"Rua tonelero, alt. r. siqueira campos - copacabana",Baixo,-22.9664282,-43.1870582,Fechado,Bolsão d'água em via,2023-04-02,
5.0,94410,Itanhangá,2023-04-08 06:53:29+00:00,2023-04-08 15:22:13+00:00,Curto,Estr. da barra da tijuca - alt. n° 1636 - itanhangá - sent. tijuca,Baixo,-22.9983192,-43.3044309,Fechado,Bolsão d'água em via,2023-04-08,
5.0,95548,Cidade nova,2023-04-28 04:58:49+00:00,2023-04-28 07:08:39+00:00,Curto,Av. presidente vargas - alt. cass - cidade nova - sent. av. francisco bicalho.,Baixo,-22.9092224,-43.2026754,Fechado,Bolsão d'água em via,2023-04-28,
5.0,94467,Cidade nova,2023-04-08 22:09:54+00:00,2023-04-08 22:54:18+00:00,Curto,Rua do santana - alt. rua frei caneca - cidade nova,Baixo,-22.9128425,-43.1955186,Fechado,Bolsão d'água em via,2023-04-08,
5.0,94404,Cidade nova,2023-04-08 04:35:00+00:00,2023-04-08 06:07:47+00:00,Curto,Av. pres. vargas - alt. cass - cidade nova - sent. av francisco bicalho,Baixo,-22.9101004,-43.205493,Fechado,Bolsão d'água em via,2023-04-08,
5.0,94406,Jacarepaguá,2023-04-08 04:55:20+00:00,2023-04-08 06:45:22+00:00,Curto,Estrada do bandeirantes - alt. estação brt arroio pavuna - jacarepaguá - sent. taquara,Baixo,-22.9602998,-43.3789659,Fechado,Bolsão d'água em via,2023-04-08,
5.0,94438,Santa teresa,2023-04-08 10:59:37+00:00,2023-04-08 17:06:42+00:00,Curto,R. benedito hipólito - alt. viaduto são sebastião - santa teresa,Baixo,-22.9083653,-43.197354,Fechado,Bolsão d'água em via,2023-04-08,
5.0,95550,Santo cristo,2023-04-28 05:38:15+00:00,2023-04-28 13:11:37+00:00,Curto,Av. francisco bicalho - alt. usina de asfalto - santo cristo - sent. centro,Baixo,-22.9046586,-43.2097136,Fechado,Bolsão d'água em via,2023-04-28,
5.0,95572,Jardim sulacap,2023-04-28 09:07:10+00:00,2023-04-28 17:48:04+00:00,Curto,Estr. do catonho - alt. n° 1900 - jardim sulacap - sent. malé,Baixo,-22.896515,-43.3977534,Fechado,Bolsão d'água em via,2023-04-28,
5.0,94415,Barra da tijuca,2023-04-08 07:34:38+00:00,2023-04-08 10:39:35+00:00,Curto,Av. ayrton senna - alt. uptown - barra da tijuca - ambos os sentidos,Baixo,-22.9828496,-43.3653116,Fechado,Bolsão d'água em via,2023-04-08,
5.0,94045,Barra da tijuca,2023-04-01 22:59:51+00:00,2023-04-02 00:36:10+00:00,Curto,"Av. ayrton senna, alt. uptown barra - barra da tijuca - em ambos os sentidos",Baixo,-22.9828496,-43.3653116,Fechado,Bolsão d'água em via,2023-04-01,
5.0,94402,Barra da tijuca,2023-04-08 04:27:59+00:00,2023-04-08 14:06:01+00:00,Curto,Av. das américas - alt. estação brt bosque marapendi - barra da tijuca - sent. recreio.,Baixo,-23.0034077,-43.32371759999999,Fechado,Bolsão d'água em via,2023-04-08,
5.0,94421,Jardim botânico,2023-04-08 08:22:04+00:00,2023-04-08 10:40:50+00:00,Curto,R. jardim botânico x r. pacheco leão - jardim botânico,Baixo,-22.9642239,-43.2174748,Fechado,Bolsão d'água em via,2023-04-08,
5.0,94817,Jardim guanabara,2023-04-14 16:58:30+00:00,2023-04-14 18:12:29+00:00,Curto,Rua cambaúba - alt. nº 1664 - jardim guanabara,Baixo,-22.8171114,-43.2033873,Fechado,Bolsão d'água em via,2023-04-14,
5.0,94827,Freguesia (ilha do governador),2023-04-14 17:45:25+00:00,2023-04-14 18:10:15+00:00,Curto,R. pio dutra -  freguesia (ilha do governador),Baixo,-22.7927046,-43.1743914,Fechado,Bolsão d'água em via,2023-04-14,
5.0,95448,Freguesia (ilha do governador),2023-04-26 20:51:55+00:00,2023-04-27 01:01:12+00:00,Curto,"Rua pio dutra, alt. n° 300 - freguesia (ilha do governador)",Baixo,-22.7920755,-43.1735243,Fechado,Bolsão d'água em via,2023-04-26,
5.0,41578,Tijuca,2019-04-08 19:26:54+00:00,2019-04-08 21:44:46+00:00,Desconhecido,Rua conde de bonfim - r. uruguai - tijuca,Medio,-22.9325415,-43.24107500000002,Fechado,Bolsão d'água em via,2019-04-08,
5.0,41574,Tijuca,2019-04-08 19:19:42+00:00,2019-04-08 21:42:34+00:00,Desconhecido,R. josé higino - alt. barão de mesquita - tijuca,Medio,-22.9241251,-43.24049969999999,Fechado,Bolsão d'água em via,2019-04-08,
5.0,41600,Catete,2019-04-08 22:02:05+00:00,2019-04-09 02:33:50+00:00,Desconhecido,Rua do catete - alt. r. silveira martins - catete,Alto,-22.9260359,-43.178604500000006,Fechado,Bolsão d'água em via,2019-04-08,
5.0,41611,Leme,2019-04-08 23:00:54+00:00,2019-04-09 02:11:30+00:00,Desconhecido,Av. atlântica - alt. r. anchieta ,Medio,-22.9636555,-43.1697173,Fechado,Bolsão d'água em via,2019-04-08,
5.0,41607,Copacabana,2019-04-08 22:43:59+00:00,2019-04-09 02:44:08+00:00,Desconhecido,Rua tonelero - r. siqueira campos - copacabana,Medio,-22.9671271,-43.186208299999976,Fechado,Bolsão d'água em via,2019-04-08,
5.0,41576,Botafogo,2019-04-08 19:22:15+00:00,2019-04-09 01:53:41+00:00,Desconhecido,R. voluntários da pátria - alt. r. nelson mandela - botafogo,Medio,-22.9514759,-43.18486310000003,Fechado,Bolsão d'água em via,2019-04-08,
5.0,41582,Rocinha,2019-04-08 19:44:21+00:00,2019-04-09 01:54:08+00:00,Desconhecido,Autoestrada eng. fernando mac dowell - alt. da rocinha,Alto,-22.9930504,-43.253392599999984,Fechado,Bolsão d'água em via,2019-04-08,
5.0,41575,Tijuca,2019-04-08 19:21:07+00:00,2019-04-09 02:11:26+00:00,Desconhecido,Av. maracanã - alt. r. uruguai - tijuca,Medio,-22.9308569,-43.24215179999999,Fechado,Bolsão d'água em via,2019-04-08,
5.0,41579,Botafogo,2019-04-08 19:30:59+00:00,2019-04-08 21:41:10+00:00,Desconhecido,R. voluntários da pátria - alt. praia de botafogo- botafogo,Medio,-22.95047991515426,-43.18130916184077,Fechado,Bolsão d'água em via,2019-04-08,
5.0,41588,Maracanã,2019-04-08 20:07:04+00:00,2019-04-09 01:05:32+00:00,Desconhecido,R. prof. euríco rabêlo - maracanã,Medio,-22.9139368,-43.23101220000001,Fechado,Bolsão d'água em via,2019-04-08,
5.0,41563,Jardim botânico,2019-04-08 18:06:52+00:00,2019-04-09 02:21:14+00:00,Desconhecido,R. jardim botânico - alt. r. pacheco leão- jardim botânico,Medio,-22.9664159,-43.21941119999997,Fechado,Bolsão d'água em via,2019-04-08,
5.0,41605,Botafogo,2019-04-08 22:23:32+00:00,2019-04-09 01:51:14+00:00,Desconhecido,R. real grandeza - alt. r. gen. polidoro - botafogo,Medio,-22.95817214431209,-43.1912421322632,Fechado,Bolsão d'água em via,2019-04-08,
5.0,41567,Ipanema,2019-04-08 18:30:32+00:00,2019-04-10 07:55:12+00:00,Desconhecido,R. vinícius de moraes - alt. av. epitácio pessoa - ipanema,Medio,-22.9795535,-43.2025453,Fechado,Bolsão d'água em via,2019-04-08,
5.0,41599,Botafogo,2019-04-08 21:52:16+00:00,2019-04-09 02:32:37+00:00,Desconhecido,R. voluntários da pátria - alt. praia de botafogo - botafogo,Alto,-22.9533252,-43.18980639999995,Fechado,Bolsão d'água em via,2019-04-08,
5.0,41584,Copacabana,2019-04-08 19:54:50+00:00,2019-04-09 01:59:10+00:00,Desconhecido,Av. atlântica - alt. r. republica do peru - copacabana,Medio,-22.9687882,-43.18073400000003,Fechado,Bolsão d'água em via,2019-04-08,
5.0,41592,Gardênia azul,2019-04-08 21:09:55+00:00,2019-04-09 02:46:01+00:00,Desconhecido,Av. ayrton senna - gardênia azul,Alto,-22.97017696332203,-43.35957592852782,Fechado,Bolsão d'água em via,2019-04-08,
5.0,41562,Rocinha,2019-04-08 17:38:14+00:00,2019-04-08 18:44:48+00:00,Desconhecido,Autoestrada eng. fernando mac dowell - alt. da rocinha ,Medio,-22.9931117,-43.25323839999999,Fechado,Bolsão d'água em via,2019-04-08,
5.0,41557,Cocotá,2019-04-08 16:19:22+00:00,2019-04-08 18:46:39+00:00,Desconhecido,R. marquês de muritiba - cocotá,Baixo,-22.7994906,-43.178706199999965,Fechado,Bolsão d'água em via,2019-04-08,
5.0,41580,Copacabana,2019-04-08 19:37:57+00:00,2019-04-09 01:54:36+00:00,Desconhecido,Av. atlântica - alt. rua siqueira campos - copacabana,Medio,-22.9708131,-43.183243800000014,Fechado,Bolsão d'água em via,2019-04-08,
5.0,41565,Gávea,2019-04-08 18:13:33+00:00,2019-04-08 18:44:13+00:00,Desconhecido,Av. padre leonel franca - alt. pça. sibélius - gávea,Medio,-22.978559464463192,-43.22709942059328,Fechado,Bolsão d'água em via,2019-04-08,
5.0,41571,Humaitá,2019-04-08 19:02:08+00:00,2019-04-08 19:43:43+00:00,Desconhecido,R. humaitá - alt. r. macedo sobrinho - humaitá,Medio,-22.9586424,-43.198562400000014,Fechado,Bolsão d'água em via,2019-04-08,
5.0,41586,Barra da tijuca,2019-04-08 20:00:34+00:00,2019-04-09 03:29:02+00:00,Desconhecido,Av. min. ivan lins - alt. barra grill- barra da tijuca,Medio,-23.0129114,-43.29781120000001,Fechado,Bolsão d'água em via,2019-04-08,
5.0,41581,Jacarepaguá,2019-04-08 19:40:57+00:00,2019-04-10 08:06:37+00:00,Desconhecido,Av. abelardo bueno - alt. av. ayrton senna - jacarepaguá,Alto,-22.973647,-43.36532399999999,Fechado,Bolsão d'água em via,2019-04-08,
5.0,41615,Galeão,2019-04-08 23:49:05+00:00,2019-04-09 18:17:01+00:00,Desconhecido,"Estr. das canárias, 799b - galeão",Alto,-22.8126375,-43.22736170000002,Fechado,Bolsão d'água em via,2019-04-08,
5.0,41609,Copacabana,2019-04-08 22:47:53+00:00,2019-04-09 02:00:51+00:00,Desconhecido,Av. princesa isabel - copacabana,Alto,-22.9631525,-43.1746776,Fechado,Bolsão d'água em via,2019-04-08,
5.0,41604,Itanhangá,2019-04-08 22:19:08+00:00,2019-04-10 17:42:31+00:00,Desconhecido,"Estr. da barra da tijuca, 480 - itanhangá",Alto,-23.001902,-43.30441099999996,Fechado,Bolsão d'água em via,2019-04-08,
5.0,41564,Jardim botânico,2019-04-08 18:09:52+00:00,2019-04-09 02:23:01+00:00,Desconhecido,R. jardim botânico - alt. r. prof. saldanha - jardim botânico,Medio,-22.9603538,-43.20507459999999,Fechado,Bolsão d'água em via,2019-04-08,
5.0,41573,Lagoa,2019-04-08 19:13:34+00:00,2019-04-09 17:15:25+00:00,Desconhecido,Av. borges de medeiros - alt. mario ribeiro - lagoa,Critico,-22.977047760852823,-43.21865464841005,Fechado,Bolsão d'água em via,2019-04-08,
5.0,41566,Lagoa,2019-04-08 18:25:47+00:00,2019-04-09 18:20:07+00:00,Desconhecido,Av. epitácio pessoa - alt. corte do cantagalo - ipanema,Alto,-22.97975590641477,-43.202984035473605,Fechado,Bolsão d'água em via,2019-04-08,
5.0,41568,Botafogo,2019-04-08 18:48:18+00:00,2019-04-08 21:31:34+00:00,Desconhecido,R. real grandeza - alt. r. gen. polidoro - botafogo,Medio,-22.9580456,-43.19118659999998,Fechado,Bolsão d'água em via,2019-04-08,
5.0,41587,Tijuca,2019-04-08 20:04:20+00:00,2019-04-08 21:43:08+00:00,Desconhecido,Rua conde de bonfim - alt. r. almirante cochrane - tijuca,Medio,-22.9230598,-43.23116649999997,Fechado,Bolsão d'água em via,2019-04-08,
5.0,41694,Copacabana,2019-04-09 15:28:35+00:00,2019-04-09 18:20:29+00:00,Desconhecido,"Praça serzedelo corrêa, alt. r. siqueira campos - copacabana",Medio,-22.9694962,-43.18372950000003,Fechado,Bolsão d'água em via,2019-04-09,
5.0,41634,Humaitá,2019-04-09 06:39:36+00:00,2019-04-09 09:00:01+00:00,Desconhecido,"Rua humaitá, alt. r. macedo sobrinho - humaitá",Medio,-22.9579332,-43.19949840000004,Fechado,Bolsão d'água em via,2019-04-09,
5.0,41645,Catete,2019-04-09 07:37:50+00:00,2019-04-09 17:57:18+00:00,Desconhecido,"R. do catete, alt. r. pedro américo - catete",Medio,-22.9269656,-43.17661150000004,Fechado,Bolsão d'água em via,2019-04-09,
5.0,41644,Engenho novo,2019-04-09 07:26:54+00:00,2019-04-09 08:51:48+00:00,Desconhecido,"R. silva freire, alt. buraco do padre - engenho novo",Alto,-22.9024462,-43.268768799999975,Fechado,Bolsão d'água em via,2019-04-09,
5.0,41651,Maracanã,2019-04-09 08:43:07+00:00,2019-04-09 17:56:02+00:00,Desconhecido,"R. ibituruna, alt. r. gen. canabarro  - maracanã",Medio,-22.9130099,-43.22057289999998,Fechado,Bolsão d'água em via,2019-04-09,
5.0,41640,Lagoa,2019-04-09 07:05:22+00:00,2019-04-10 07:57:58+00:00,Desconhecido,"Av. borges de medeiros, 3235 - lagoa",Alto,-22.9624689,-43.210944900000015,Fechado,Bolsão d'água em via,2019-04-09,
5.0,41629,Botafogo,2019-04-09 06:23:13+00:00,2019-04-09 08:54:46+00:00,Desconhecido,"Rua real grandeza, alt. cemitério são joão batista - botafogo",Medio,,,Fechado,Bolsão d'água em via,2019-04-09,
5.0,41648,Caju,2019-04-09 08:26:24+00:00,2019-04-09 08:49:23+00:00,Desconhecido,"Av. brasil, alt. linha vermelha - cajú",Alto,-22.8792069,-43.21555239999998,Fechado,Bolsão d'água em via,2019-04-09,
5.0,41636,Leblon,2019-04-09 06:51:26+00:00,2019-04-09 08:57:56+00:00,Desconhecido,Praça sibélius - leblon,Medio,-22.9746376,-43.226039300000025,Fechado,Bolsão d'água em via,2019-04-09,
5.0,41672,Barra da tijuca,2019-04-09 12:36:56+00:00,2019-04-10 12:50:24+00:00,Desconhecido,"Mergulhão billy blanco, y - barra da tijuca",Baixo,-22.9978325,-43.36448960000001,Fechado,Bolsão d'água em via,2019-04-09,
5.0,41631,Botafogo,2019-04-09 06:32:12+00:00,2019-04-09 08:59:02+00:00,Desconhecido,"R. são clemente, 398 - botafogo",Medio,-22.9511043,-43.19495979999999,Fechado,Bolsão d'água em via,2019-04-09,
5.0,41683,Botafogo,2019-04-09 13:52:19+00:00,2019-04-09 16:22:00+00:00,Desconhecido,"R. real grandeza, alt. cemitério são joão batista - botafogo",Alto,,,Fechado,Bolsão d'água em via,2019-04-09,
5.0,41633,Botafogo,2019-04-09 06:36:42+00:00,2019-04-09 08:59:11+00:00,Desconhecido,"R. são clemente, alt. consulado português - botafogo",Medio,-22.9497298,-43.1897674,Fechado,Bolsão d'água em via,2019-04-09,
5.0,41630,Botafogo,2019-04-09 06:29:58+00:00,2019-04-09 08:58:50+00:00,Desconhecido,"R. são clemente, 226 - botafogo",Medio,-22.9493961,-43.1900215,Fechado,Bolsão d'água em via,2019-04-09,
5.0,41635,Botafogo,2019-04-09 06:43:50+00:00,2019-04-09 09:03:03+00:00,Desconhecido,"R. muniz barreto, alt. r. marquês de olinda - botafogo",Medio,-22.9454349,-43.18409459999998,Fechado,Bolsão d'água em via,2019-04-09,
5.0,41621,Manguinhos,2019-04-09 03:51:24+00:00,2019-04-09 08:41:59+00:00,Desconhecido,Av. brasil - alt. viaduto ataufo alves - benfica,Medio,-22.887396056879485,-43.23239862478636,Fechado,Bolsão d'água em via,2019-04-09,
5.0,41618,Flamengo,2019-04-09 01:45:31+00:00,2019-04-09 05:22:08+00:00,Desconhecido,Av. oswaldo cruz - aterro do flamengo,Medio,-22.936691755400968,-43.171799100524936,Fechado,Bolsão d'água em via,2019-04-09,
5.0,41619,Lagoa,2019-04-09 02:23:44+00:00,2019-04-09 18:31:02+00:00,Desconhecido,"Rua jardim botânico, 772 - lagoa",Critico,-22.967104,-43.21990299999999,Fechado,Bolsão d'água em via,2019-04-09,
5.0,41701,Copacabana,2019-04-09 19:49:05+00:00,2019-04-10 08:08:34+00:00,Desconhecido,Rua hilário de gouvêia - alt. ns. de copacabana - copacabana,Medio,-22.9685301,-43.1837918,Fechado,Bolsão d'água em via,2019-04-09,
5.0,41616,Recreio dos bandeirantes,2019-04-09 00:16:50+00:00,2019-04-09 02:44:25+00:00,Desconhecido,Av. genaro de carvalho - benvindo novaes - recreio dos bandeirantes,Medio,-23.0172835,-43.46042750000004,Fechado,Bolsão d'água em via,2019-04-09,
5.0,41656,"Rua tonelero, alt. r. siqueira campos - ipanema",2019-04-09 09:46:37+00:00,2019-04-09 15:10:45+00:00,Desconhecido,"Rua tonelero, 196 - copacabana",Medio,-22.966751,-43.18545799999998,Fechado,Bolsão d'água em via,2019-04-09,
5.0,41658,Joá,2019-04-09 09:56:05+00:00,2019-04-09 17:13:17+00:00,Desconhecido,Elevado dos bandeiras - joá,Medio,-23.0068966,-43.282843000000014,Fechado,Bolsão d'água em via,2019-04-09,
5.0,41699,Lagoa,2019-04-09 18:47:05+00:00,2019-04-10 11:51:06+00:00,Desconhecido,Av. borges de medeiros - alt. parque dos patins - lagoa,Critico,-22.97225154405195,-43.21747896826173,Fechado,Bolsão d'água em via,2019-04-09,
5.0,41646,Catete,2019-04-09 07:39:31+00:00,2019-04-09 17:56:25+00:00,Desconhecido,"R. do catete, alt. r. silveira martins - catete",Medio,,,Fechado,Bolsão d'água em via,2019-04-09,
5.0,41649,São cristóvão,2019-04-09 08:30:39+00:00,2019-04-10 12:47:45+00:00,Desconhecido,"R. conde de leopoldina, alt. r. monsenhor manuel gomes - são cristóvão",Medio,-22.8908484,-43.21939950000001,Fechado,Bolsão d'água em via,2019-04-09,
5.0,41637,Gardênia azul,2019-04-09 06:54:54+00:00,2019-04-09 09:17:57+00:00,Desconhecido,"Av. ayrton senna, alt. barra music - gardênia azul",Medio,-22.9608551,-43.35669310000003,Fechado,Bolsão d'água em via,2019-04-09,
5.0,41617,Botafogo,2019-04-09 00:21:06+00:00,2019-04-09 02:15:55+00:00,Desconhecido,"R. gen. severiano, 97 - botafogo",Medio,-22.9533905,-43.17825830000004,Fechado,Bolsão d'água em via,2019-04-09,
5.0,41740,Santo cristo,2019-04-10 12:12:50+00:00,2019-04-11 11:36:07+00:00,Desconhecido,"Rua rêgo barros, 86 - santo cristo",Medio,-22.9037324,-43.19610009999997,Fechado,Bolsão d'água em via,2019-04-10,
5.0,41742,Lagoa,2019-04-10 12:29:43+00:00,2019-04-11 00:14:49+00:00,Desconhecido,"Av. borges de medeiros, alt. parque dos patins - lagoa",Medio,-22.9733363,-43.2180497,Fechado,Bolsão d'água em via,2019-04-10,
5.0,41745,Itanhangá,2019-04-10 12:50:39+00:00,2019-04-10 17:58:59+00:00,Desconhecido,"Av. eng. souza filho, 222 - itanhangá",Alto,-22.9891903,-43.32227850000004,Fechado,Bolsão d'água em via,2019-04-10,
5.0,41726,São cristóvão,2019-04-10 09:27:25+00:00,2019-04-11 12:01:04+00:00,Desconhecido,"Av. bartolomeu de gusmão, 1103 - são cristóvão",Baixo,-22.9063978,-43.2320699,Fechado,Bolsão d'água em via,2019-04-10,
5.0,41707,Cocotá,2019-04-10 01:50:03+00:00,2019-04-10 09:59:11+00:00,Desconhecido,R. marquês de muritiba 461- cocotá,Medio,-22.7994906,-43.178706199999965,Fechado,Bolsão d'água em via,2019-04-10,
5.0,41727,Recreio dos bandeirantes,2019-04-10 09:28:56+00:00,2019-04-12 22:13:29+00:00,Desconhecido,"Av. miguel antônio fernandes, 553 - recreio dos bandeirantes",Medio,-23.011008,-43.47790099999997,Fechado,Bolsão d'água em via,2019-04-10,
5.0,41770,Cordovil,2019-04-10 22:36:04+00:00,2019-04-11 01:24:20+00:00,Desconhecido,"Av. brasil, alt. passarela 19 - cidade alta",Alto,-22.8196976,-43.29433949999998,Fechado,Bolsão d'água em via,2019-04-10,
5.0,41739,Santo cristo,2019-04-10 11:52:54+00:00,2019-04-10 12:33:14+00:00,Desconhecido,"R. equador, alt. r. cordeiro da graça - santo cristo",Alto,-22.8983888,-43.20576540000002,Fechado,Bolsão d'água em via,2019-04-10,
5.0,41894,Itanhangá,2019-04-14 20:54:05+00:00,2019-04-15 11:52:09+00:00,Desconhecido,Av. engenheiro souza filho - muzema,Medio,-22.9786046,-43.33367479999998,Fechado,Bolsão d'água em via,2019-04-14,
5.0,41911,Santa cruz,2019-04-15 20:12:17+00:00,2019-04-15 20:50:49+00:00,Desconhecido,"R. felipe cardoso, 1529 - santa cruz",Baixo,-22.9277194,-43.6772512,Fechado,Bolsão d'água em via,2019-04-15,
5.0,42096,Catete,2019-04-23 20:13:07+00:00,2019-04-23 21:18:25+00:00,Curto,"Rua do catete, alt. r. silveira martins - catete",Medio,-22.9259854,-43.17783370000001,Fechado,Bolsão d'água em via,2019-04-23,
5.0,42097,Centro,2019-04-23 20:50:17+00:00,2019-04-23 21:18:15+00:00,Curto,"R. do rezende, alt. r. mem de sá - centro",Medio,-22.9131779,-43.18608449999999,Fechado,Bolsão d'água em via,2019-04-23,
5.0,42235,Gávea,2019-04-28 20:48:11+00:00,2019-04-29 05:36:36+00:00,Curto,Autoestrada eng. fernando mac dowell - são conrado,Medio,-22.993161461000373,-43.25427401580811,Fechado,Bolsão d'água em via,2019-04-28,
6.0,41627,Alto da boa vista,2019-04-09 06:12:43+00:00,2019-04-10 12:12:11+00:00,Desconhecido,"Av. édison passos, 105 - alto da boa vista",Alto,-22.9465167,-43.2576709,Fechado,Alagamento,2019-04-09,
6.0,41638,São conrado,2019-04-09 06:58:30+00:00,2019-04-09 08:46:48+00:00,Desconhecido,"Estr. da gávea, alt. fashion mall - s. conrado",Critico,-22.9912423,-43.253296999999975,Fechado,Alagamento,2019-04-09,
31.0,41596,Barra da tijuca,2019-04-08 21:43:13+00:00,2019-04-09 02:21:02+00:00,Desconhecido,Avenida das américas próximo ao 77777 - barra da tijuca,Alto,-23.0008657,-43.38596050000001,Fechado,Alagamento,2019-04-08,
31.0,41595,Barra da tijuca,2019-04-08 21:26:50+00:00,2019-04-10 04:46:29+00:00,Desconhecido,Av. armando lombardi - mergulhinho - barra da tijuca,Critico,-23.00684143175684,-43.30964816057434,Fechado,Alagamento,2019-04-08,
31.0,41594,Barra da tijuca,2019-04-08 21:24:16+00:00,2019-04-09 01:57:32+00:00,Desconhecido,Av. abelardo bueno - alt. estr. cel. pedro corrêa - barra da tijuca,Critico,-22.9730498,-43.38195489999998,Fechado,Alagamento,2019-04-08,
31.0,41608,Urca,2019-04-08 22:46:27+00:00,2019-04-09 01:07:08+00:00,Desconhecido,Av. pasteur - alt. ufrj - urca,Critico,-22.9523608,-43.17446430000001,Fechado,Alagamento,2019-04-08,
31.0,41577,Tijuca,2019-04-08 19:24:23+00:00,2019-04-09 02:15:35+00:00,Desconhecido,"Av. maracanã - alt. r. soares filho,- tijuca",Alto,-22.9183935,-43.23224490000001,Fechado,Alagamento,2019-04-08,
31.0,41610,Barra da tijuca,2019-04-08 22:52:36+00:00,2019-04-09 18:18:17+00:00,Desconhecido,Mergulhão billy blanco - y - barra da tijuca,Alto,-22.9976374,-43.36677069999996,Fechado,Alagamento,2019-04-08,
31.0,41612,Lagoa,2019-04-08 23:15:53+00:00,2019-04-09 18:41:07+00:00,Desconhecido,Av. borges de medeiros - av. lineu de paula machado - lagoa,Critico,-22.9728162,-43.217637800000034,Fechado,Alagamento,2019-04-08,
31.0,41589,Gávea,2019-04-08 20:22:19+00:00,2019-04-09 01:05:09+00:00,Desconhecido,Av. padre leonel franca - alt. pça. sibélius - gávea,Critico,-22.97861647789332,-43.22711071852416,Fechado,Alagamento,2019-04-08,
31.0,41590,São conrado,2019-04-08 20:54:32+00:00,2019-04-08 23:23:14+00:00,Desconhecido,Autoestr. eng. fernando mac dowell - gávea golf clube - são conrado,Critico,-22.99727,-43.2629,Fechado,Alagamento,2019-04-08,
31.0,41585,São conrado,2019-04-08 19:57:03+00:00,2019-04-09 02:07:00+00:00,Desconhecido,Estr. da gávea - são conrado,Alto,-22.9964157,-43.25943050000001,Fechado,Alagamento,2019-04-08,
31.0,41700,Barra da tijuca,2019-04-09 19:04:37+00:00,2019-04-11 21:41:12+00:00,Desconhecido,Mergulhão billy blanco y - barra da tijuca,Medio,-22.9976374,-43.36677069999996,Fechado,Alagamento,2019-04-09,
31.0,41620,Barra da tijuca,2019-04-09 02:27:36+00:00,2019-04-09 22:17:00+00:00,Desconhecido,"Av. armando lombardi, 34 - barra da tijuca",Critico,-23.0067129,-43.30785830000002,Fechado,Alagamento,2019-04-09,
31.0,41669,Guaratiba,2019-04-09 11:56:00+00:00,2019-04-14 08:59:10+00:00,Desconhecido, jardim maravilha ,Medio,-22.9599233,-43.6112473,Fechado,Alagamento,2019-04-09,
31.0,41709,Tauá,2019-04-10 02:13:58+00:00,2019-04-10 09:38:26+00:00,Desconhecido,"R. eutíquio soledade, 332 - tauá",Medio,-22.7952234,-43.18514049999999,Fechado,Alagamento,2019-04-10,
31.0,41711,Meier,2019-04-10 02:21:41+00:00,2019-04-10 09:26:54+00:00,Desconhecido,Trecho da estrada tubiacanga - canarias,Medio,-22.7846412,-43.22847860000002,Fechado,Alagamento,2019-04-10,
31.0,41731,Ricardo de albuquerque,2019-04-10 09:38:42+00:00,2019-04-11 11:24:59+00:00,Desconhecido,"R. aripua, 344 - ricardo de albuquerque",Baixo,-22.8439555,-43.40122639999999,Fechado,Alagamento,2019-04-10,
31.0,41725,Maracanã,2019-04-10 09:16:11+00:00,2019-04-10 12:25:57+00:00,Desconhecido,R. ibituruna - alt. moraes e silva - maracanã,Alto,-22.9119128,-43.2218226,Fechado,Alagamento,2019-04-10,
31.0,41712,Praia da bandeira,2019-04-10 02:33:44+00:00,2019-04-10 09:37:01+00:00,Desconhecido,"Rua erico coelho, 203 - praia da bandeira",Medio,-22.7985206,-43.18554640000002,Fechado,Alagamento,2019-04-10,
31.0,41708,Jardim guanabara,2019-04-10 01:59:52+00:00,2019-04-10 03:25:33+00:00,Desconhecido,Estrada do galeão - alt. delegacia - jardim guanabara,Medio,-22.8084094,-43.196888,Fechado,Alagamento,2019-04-10,
31.0,41710,Jardim carioca,2019-04-10 02:16:59+00:00,2019-04-10 08:07:20+00:00,Desconhecido,Av. maestro paulo e silva - alt. ilha plaza - jardim carioca,Medio,-22.801925,-43.20241850000002,Fechado,Alagamento,2019-04-10,
31.0,41771,Tijuca,2019-04-11 01:14:12+00:00,2019-04-11 02:24:00+00:00,Desconhecido,"R. adolfo mota, alt. av. maracanã - tijuca",Baixo,-22.9204235,-43.23268729999995,Fechado,Alagamento,2019-04-11,
31.0,42101,Itanhangá,2019-04-24 07:02:07+00:00,2019-04-26 09:37:52+00:00,Curto,Muzema,Alto,-22.99419165486191,-43.31095577239989,Fechado,Alagamento,2019-04-24,
31.0,42259,Meier,2019-04-28 22:39:52+00:00,2019-04-29 06:16:34+00:00,Curto,Rua 24 de maio - alt. r. silva freire- meier,Medio,-22.9041216,-43.27518450000002,Fechado,Alagamento,2019-04-28,
32.0,41597,Tijuca,2019-04-08 21:45:26+00:00,2019-04-08 21:47:18+00:00,Desconhecido,Av. maracanã - alt. r. major ávila - tijuca,Critico,-22.9195445,-43.23401039999999,Fechado,Alagamento,2019-04-08,
33.0,41569,Humaitá,2019-04-08 18:51:17+00:00,2019-04-09 02:17:21+00:00,Desconhecido,"Rua humaitá, 380 - humaitá ",Medio,-22.9600002,-43.2033758,Fechado,Lâmina d'água,2019-04-08,
33.0,41572,Tijuca,2019-04-08 19:08:22+00:00,2019-04-09 02:12:16+00:00,Desconhecido,Rua conde de bonfim - alt. general rocca - tijuca,Medio,-22.9247479,-43.2334353,Fechado,Lâmina d'água,2019-04-08,
33.0,41583,Glória,2019-04-08 19:52:30+00:00,2019-04-08 21:21:24+00:00,Desconhecido,Rua do catete - alt. r. silveira martins - catete,Medio,-22.925732,-43.1765863,Fechado,Lâmina d'água,2019-04-08,
5.0,57528,Bangu,2020-10-30 00:21:07+00:00,2020-10-30 20:04:52+00:00,Curto,"R. monte alto, 465 - bangu",Baixo,-22.850693,-43.471502,Fechado,Bolsão d'água em via,2020-10-30,
5.0,57564,Lagoa,2020-10-30 18:09:50+00:00,2020-10-30 21:53:25+00:00,Curto,"Av. borges de medeiros, alt. r. saturnino de brito - lagoa",Baixo,-22.9704835,-43.2173801,Fechado,Bolsão d'água em via,2020-10-30,
5.0,56910,Lagoa,2020-10-07 23:52:01+00:00,2020-10-08 00:24:16+00:00,Curto,"Av. epitácio pessoa, 1772 - lagoa",Baixo,-22.9797182,-43.2024392,Fechado,Bolsão d'água em via,2020-10-07,
5.0,57555,Tijuca,2020-10-30 16:34:27+00:00,2020-10-30 17:36:39+00:00,Curto,"R. campos sales, alt. haddock lobo - tijuca",Baixo,-22.9172803,-43.2177586,Fechado,Bolsão d'água em via,2020-10-30,
5.0,57556,Glória,2020-10-30 16:44:18+00:00,2020-10-30 21:37:13+00:00,Curto,"Rua do catete, alt. r. silveira martins - catete",Baixo,-22.9270219,-43.1766223,Fechado,Bolsão d'água em via,2020-10-30,
5.0,57526,Ipanema,2020-10-30 00:07:15+00:00,2020-10-30 00:33:33+00:00,Curto,R. vinícius de moraes - alt. av. epitácio pessoa - ipanema,Baixo,-22.980061,-43.20243,Fechado,Bolsão d'água em via,2020-10-30,
5.0,57581,Rocinha,2020-10-30 23:09:04+00:00,2020-10-30 23:18:16+00:00,Curto,Estr. da gávea - alt. gávea golf club - são conrado,Baixo,-22.9912423,-43.253297,Fechado,Bolsão d'água em via,2020-10-30,
5.0,57561,Copacabana,2020-10-30 17:28:49+00:00,2020-10-30 21:11:17+00:00,Curto,"Rua tonelero, alt. r. siqueira campos - copacabana",Baixo,-22.966751,-43.185458,Fechado,Bolsão d'água em via,2020-10-30,
5.0,56983,Itanhangá,2020-10-09 22:05:02+00:00,2020-10-09 23:37:32+00:00,Curto,"Estrada da barra da tijuca, 3163 - itanhangá",Baixo,-22.9964851,-43.3048152,Fechado,Bolsão d'água em via,2020-10-09,
5.0,57383,Itanhangá,2020-10-26 05:18:06+00:00,2020-10-26 09:53:12+00:00,Curto,"Estr. do itanhangá, 1020 - itanhangá",Baixo,-22.9952425,-43.3113164,Fechado,Bolsão d'água em via,2020-10-26,
5.0,57529,Itanhangá,2020-10-30 00:24:13+00:00,2020-10-30 02:04:40+00:00,Curto,Estr. da barra da tijuca - alt. itanhangá golf club - ambos os sentidos,Baixo,-22.9985303,-43.3046861,Fechado,Bolsão d'água em via,2020-10-30,
5.0,57525,Cidade nova,2020-10-29 23:59:53+00:00,2020-10-30 04:25:02+00:00,Curto,Av. pres. vargas - alt. cass - cidade nova - sent. pça da bandeira,Baixo,-22.9013228,-43.1790716,Fechado,Bolsão d'água em via,2020-10-29,
5.0,57563,Laranjeiras,2020-10-30 17:50:28+00:00,2020-10-30 19:08:21+00:00,Curto,Rua pinheiro machado - alt. palácio guanabara - laranjeiras - sent. centro,Baixo,-22.9370188,-43.1837453,Fechado,Bolsão d'água em via,2020-10-30,
5.0,56955,Jacarepaguá,2020-10-09 07:37:02+00:00,2020-10-09 09:46:04+00:00,Curto,Estr. da ligação - alt. estr. rio grande - taquara,Baixo,-22.9202983,-43.3986096,Fechado,Bolsão d'água em via,2020-10-09,
5.0,57527,São conrado,2020-10-30 00:15:03+00:00,2020-10-30 01:46:34+00:00,Curto,Estr. eng. fernando mac dowell - alt. gávea golf club - são conrado - sent. barra,Baixo,-22.997277,-43.2629244,Fechado,Bolsão d'água em via,2020-10-30,
5.0,57557,Gardênia azul,2020-10-30 16:55:59+00:00,2020-10-30 21:10:16+00:00,Curto,Av. ayrton senna - alt. senac - sent. barra,Baixo,-22.9625484,-43.35740759999999,Fechado,Bolsão d'água em via,2020-10-30,
5.0,57532,Barra da tijuca,2020-10-30 06:26:24+00:00,2020-10-30 17:19:05+00:00,Curto,Mergulhinho (av armando lombardi ) - alt. barra point - barra - sent. recreio,Baixo,-23.0066933,-43.3106674,Fechado,Bolsão d'água em via,2020-10-30,
5.0,56792,Barra da tijuca,2020-10-04 17:43:11+00:00,2020-10-04 23:50:21+00:00,Curto,Avenida ministro ivan  - barra da tijuca - sent. são conrado,Baixo,-23.0129114,-43.2978112,Fechado,Bolsão d'água em via,2020-10-04,
5.0,57530,Barra da tijuca,2020-10-30 00:41:35+00:00,2020-10-30 06:45:40+00:00,Curto,Av. min. ivan lins - alt. ponte da joatinga - barra - sent. são conrado,Baixo,-23.01276,-43.2985127,Fechado,Bolsão d'água em via,2020-10-30,
5.0,57566,Barra da tijuca,2020-10-30 18:20:34+00:00,2020-10-30 21:37:26+00:00,Curto,"Av. ayrton senna, alt. ponte da gardênia - sent. orla",Baixo,-22.9829389,-43.3653695,Fechado,Bolsão d'água em via,2020-10-30,
5.0,57559,Barra da tijuca,2020-10-30 17:04:31+00:00,2020-10-30 23:16:41+00:00,Curto,Estr. da barra da tijuca - alt. shopping itanhangá - sent. rio das pedras,Baixo,,,Fechado,Bolsão d'água em via,2020-10-30,
5.0,57558,Barra da tijuca,2020-10-30 16:55:59+00:00,2020-10-31 04:30:31+00:00,Curto,"Av. min. ivan lins, alt. acesso ponte da joatinga - barra - sent. são conrado",Baixo,-23.0129114,-43.2978112,Fechado,Bolsão d'água em via,2020-10-30,
33.0,57562,Lagoa,2020-10-30 17:27:32+00:00,2020-10-30 21:55:16+00:00,Curto,Av. epitácio pessoa - alt. vinicius de morais - lagoa,Baixo,-22.9742588,-43.2064927,Fechado,Lâmina d'água,2020-10-30,
33.0,56793,Itanhangá,2020-10-04 18:06:19+00:00,2020-10-05 05:33:43+00:00,Curto,Estrada da barra da tijuca - alt. posto br - itanhangá - sent. alto da boa vista,Baixo,-23.0024373,-43.30524519999999,Fechado,Lâmina d'água,2020-10-04,
5.0,39226,Sem bairro,2019-02-04 23:16:49+00:00,2019-02-04 23:58:47+00:00,Desconhecido,Av. nossa sra. de copacabana x sá ferreira - copacabana,Baixo,-22.9707463,-43.18647729999998,Fechado,Bolsão d'água em via,2019-02-04,
5.0,39201,Sem bairro,2019-02-04 16:40:28+00:00,2019-02-04 18:53:03+00:00,Desconhecido,Estr. euzébio de almeida - alt. estr. do catonho - jardim sulacap,Baixo,-22.89362263395217,-43.396545454553234,Fechado,Bolsão d'água em via,2019-02-04,
5.0,39217,Sem bairro,2019-02-04 21:00:22+00:00,2019-02-05 11:45:46+00:00,Desconhecido,Estr. do catonho - jardim sulacap,Baixo,-22.8989795,-43.38912110000001,Fechado,Bolsão d'água em via,2019-02-04,
5.0,39218,Sem bairro,2019-02-04 21:19:19+00:00,2019-02-05 01:02:06+00:00,Desconhecido,Praça santa cruz,Baixo,-22.9355805,-43.66674599999999,Fechado,Bolsão d'água em via,2019-02-04,
5.0,39219,Sem bairro,2019-02-04 22:15:42+00:00,2019-02-05 07:54:50+00:00,Desconhecido,Av. armando lombardi - alt. barra point - barra da tijuca,Baixo,-23.0065978,-43.31066020000003,Fechado,Bolsão d'água em via,2019-02-04,
5.0,39222,Sem bairro,2019-02-04 22:49:38+00:00,2019-02-04 23:09:17+00:00,Desconhecido,Praça sibéluis - gávea,Baixo,-22.9770657,-43.22635969999999,Fechado,Bolsão d'água em via,2019-02-04,
5.0,39198,Sem bairro,2019-02-04 16:14:03+00:00,2019-02-04 16:48:28+00:00,Desconhecido,"R. cândido benício, 1001, alt vila olimpica - praça seca",Baixo,-22.90669213816299,-43.357702076226815,Fechado,Bolsão d'água em via,2019-02-04,
5.0,39221,Sem bairro,2019-02-04 22:42:20+00:00,2019-02-05 07:51:23+00:00,Desconhecido,Av. epitácio pessoa - alt. vinicius de morais - lagoa,Baixo,-22.9742588,-43.20649270000001,Fechado,Bolsão d'água em via,2019-02-04,
5.0,39216,Sem bairro,2019-02-04 20:34:52+00:00,2019-02-04 22:58:46+00:00,Desconhecido,Av. brasil - alt. viad. ataulfo alves,Baixo,-22.8612161,-43.4522437,Fechado,Bolsão d'água em via,2019-02-04,
5.0,39229,Sem bairro,2019-02-04 23:40:17+00:00,2019-02-05 06:41:52+00:00,Desconhecido,Av. epitácio pessoa x rua maria quitéria - lagoa,Baixo,-22.9742588,-43.20649270000001,Fechado,Bolsão d'água em via,2019-02-04,
5.0,39215,Sem bairro,2019-02-04 20:17:23+00:00,2019-02-04 21:51:20+00:00,Desconhecido,R. haddock lobo - alt. eng. adel  - tijuca,Baixo,-22.9189507,-43.21350559999996,Fechado,Bolsão d'água em via,2019-02-04,
5.0,39196,Sem bairro,2019-02-04 16:08:53+00:00,2019-02-04 18:52:40+00:00,Desconhecido,Av. albérico diniz - jardim sulacap,Baixo,-22.887158,-43.388824399999976,Fechado,Bolsão d'água em via,2019-02-04,
5.0,39220,Sem bairro,2019-02-04 22:34:53+00:00,2019-02-05 02:06:11+00:00,Desconhecido,Estr. da pedra - alt. brt veridiana - sta. cruz,Baixo,-22.968175,-43.64786019999997,Fechado,Bolsão d'água em via,2019-02-04,
5.0,39223,Sem bairro,2019-02-04 22:53:49+00:00,2019-02-05 02:26:56+00:00,Desconhecido,Estr. lagoa barra - são conrado,Baixo,-22.9971128,-43.26265790000002,Fechado,Bolsão d'água em via,2019-02-04,
5.0,39195,Sem bairro,2019-02-04 16:00:52+00:00,2019-02-04 17:11:48+00:00,Desconhecido,Av. jambeiro - alt. gallo grill - vila valqueire,Baixo,-22.882039,-43.37147600000003,Fechado,Bolsão d'água em via,2019-02-04,
5.0,39227,Sem bairro,2019-02-04 23:19:54+00:00,2019-02-04 23:59:55+00:00,Desconhecido,Av. nossa sra. de copacabana x r. sá ferreira - copacabana,Baixo,-22.9707463,-43.18647729999998,Fechado,Bolsão d'água em via,2019-02-04,
5.0,39224,Sem bairro,2019-02-04 23:04:35+00:00,2019-02-05 11:42:56+00:00,Desconhecido,Estrada da barra da tijuca - itanhangá,Baixo,-22.9985303,-43.304686100000026,Fechado,Bolsão d'água em via,2019-02-04,
5.0,39225,Sem bairro,2019-02-04 23:13:15+00:00,2019-02-04 23:56:51+00:00,Desconhecido,Av. nossa sra. de copacabana - alt. miguel lemos - copacabana,Baixo,-22.9707463,-43.18647729999998,Fechado,Bolsão d'água em via,2019-02-04,
5.0,39203,Sem bairro,2019-02-04 16:46:47+00:00,2019-02-04 16:52:29+00:00,Desconhecido,Rua barão - praça seca,Baixo,-22.8986468,-43.35238709999999,Fechado,Bolsão d'água em via,2019-02-04,
5.0,39228,Sem bairro,2019-02-04 23:27:44+00:00,2019-02-05 00:43:52+00:00,Desconhecido,R. do catete x r. silveira martins - catete,Baixo,-22.9269656,-43.17661150000004,Fechado,Bolsão d'água em via,2019-02-04,
5.0,39200,Sem bairro,2019-02-04 16:35:35+00:00,2019-02-04 18:52:17+00:00,Desconhecido,Estr. do catonho - jardim sulacap,Baixo,-22.90634237469968,-43.3797172751938,Fechado,Bolsão d'água em via,2019-02-04,
5.0,39231,Sem bairro,2019-02-04 23:50:53+00:00,2019-02-05 02:38:52+00:00,Desconhecido,Av. ayrton senna - alt. senac - barra da tijuca,Baixo,-22.9829389,-43.36536949999999,Fechado,Bolsão d'água em via,2019-02-04,
5.0,39295,Sem bairro,2019-02-05 18:58:01+00:00,2019-02-06 00:50:51+00:00,Desconhecido,"Praça aquidauana, alt. carioca shopping - vila kosmos",Baixo,-22.8506522,-43.308818900000006,Fechado,Bolsão d'água em via,2019-02-05,
5.0,39268,Sem bairro,2019-02-05 08:14:12+00:00,2019-02-05 11:16:16+00:00,Desconhecido,Av. genaro de carvalho - recreio - alt. da av. gilka machado,Baixo,-23.0213072,-43.4765238,Fechado,Bolsão d'água em via,2019-02-05,
5.0,39269,Sem bairro,2019-02-05 08:18:03+00:00,2019-02-05 10:43:06+00:00,Desconhecido,"Av. genaro de carvalho, 3715 - recreio ",Baixo,-23.0221827,-43.48029489999999,Fechado,Bolsão d'água em via,2019-02-05,
5.0,39250,Sem bairro,2019-02-05 04:25:47+00:00,2019-02-05 07:51:45+00:00,Desconhecido,Estr. lagoa barra  - alt. saída do túnel - são conrado,Baixo,-22.9971128,-43.26265790000002,Fechado,Bolsão d'água em via,2019-02-05,
5.0,39258,Sem bairro,2019-02-05 06:49:53+00:00,2019-02-05 07:52:11+00:00,Desconhecido,Av. borges de medeiros - lagoa - alt. da r. saturnino de brito,Baixo,-22.968548865377485,-43.2175948846558,Fechado,Bolsão d'água em via,2019-02-05,
5.0,39235,Sem bairro,2019-02-05 00:28:27+00:00,2019-02-05 11:20:21+00:00,Desconhecido,Av. armando lombardi  x manuel brasiliense - barra da tijuca,Baixo,-23.0065978,-43.31066020000003,Fechado,Bolsão d'água em via,2019-02-05,
5.0,39288,Sem bairro,2019-02-05 13:53:26+00:00,2019-02-05 16:54:04+00:00,Desconhecido,"R. araújo porto alegre, alt. av. rio branco - centro",Baixo,-22.9087599,-43.174421,Fechado,Bolsão d'água em via,2019-02-05,
5.0,39272,Sem bairro,2019-02-05 08:35:01+00:00,2019-02-05 11:36:59+00:00,Desconhecido,Parque dos patins - lagoa ( estacionamento ),Baixo,-22.9722713,-43.21644900000001,Fechado,Bolsão d'água em via,2019-02-05,
5.0,39244,Sem bairro,2019-02-05 03:38:10+00:00,2019-02-05 06:41:34+00:00,Desconhecido,Av. epitácio pessoa - esq. r. vinicius morais - lagoa,Baixo,-22.9742588,-43.20649270000001,Fechado,Bolsão d'água em via,2019-02-05,
5.0,39246,Sem bairro,2019-02-05 03:47:45+00:00,2019-02-05 12:08:14+00:00,Desconhecido,Av. gilberto amado - barra da tijuca,Baixo,-23.0123656,-43.30278870000001,Fechado,Bolsão d'água em via,2019-02-05,
5.0,39240,Sem bairro,2019-02-05 01:13:22+00:00,2019-02-05 01:17:00+00:00,Desconhecido,Estr. da gávea - alt. fashion mall - gávea,Baixo,-22.9988373,-43.26940400000001,Fechado,Bolsão d'água em via,2019-02-05,
5.0,39247,Sem bairro,2019-02-05 03:55:48+00:00,2019-02-05 04:01:49+00:00,Desconhecido,R. saturnino de brito x  r. saturnino de brito - lagoa,Baixo,-22.9653362,-43.2182952,Fechado,Bolsão d'água em via,2019-02-05,
5.0,39248,Sem bairro,2019-02-05 04:01:55+00:00,2019-02-05 06:40:40+00:00,Desconhecido,Av. borges de medeiros x r. sartunino de brito - lagoa,Baixo,-22.9728162,-43.217637800000034,Fechado,Bolsão d'água em via,2019-02-05,
5.0,39264,Sem bairro,2019-02-05 08:07:08+00:00,2019-02-05 09:02:08+00:00,Desconhecido,Estr. das canárias - ilha do governador,Baixo,-22.8126375,-43.22736170000002,Fechado,Bolsão d'água em via,2019-02-05,
5.0,39241,Sem bairro,2019-02-05 01:25:46+00:00,2019-02-05 12:20:13+00:00,Desconhecido,Av. brasil - alt. viad. parada de lucas,Baixo,-22.8612161,-43.4522437,Fechado,Bolsão d'água em via,2019-02-05,
5.0,39277,Sem bairro,2019-02-05 09:33:44+00:00,2019-02-05 10:59:45+00:00,Desconhecido,Av. epitácio pessoa - lagoa - alt. da r. vinicius de moraes,Baixo,-22.9797904,-43.20271360000004,Fechado,Bolsão d'água em via,2019-02-05,
5.0,39242,Sem bairro,2019-02-05 02:34:27+00:00,2019-02-05 02:49:51+00:00,Desconhecido,Túnel zuzu angel - entrada do túnel - gávea,Baixo,-22.9892532,-43.24223210000002,Fechado,Bolsão d'água em via,2019-02-05,
5.0,39280,Sem bairro,2019-02-05 10:33:38+00:00,2019-02-05 11:15:15+00:00,Desconhecido,Av. francisco bicalho - santo cristo - alt. do iml,Baixo,-22.9046586,-43.20971359999999,Fechado,Bolsão d'água em via,2019-02-05,
5.0,39276,Sem bairro,2019-02-05 09:03:00+00:00,2019-02-05 11:35:55+00:00,Desconhecido,"Estr. das canárias, ilha do governador",Baixo,-22.8126375,-43.22736170000002,Fechado,Bolsão d'água em via,2019-02-05,
5.0,39254,Sem bairro,2019-02-05 05:33:22+00:00,2019-02-05 07:55:00+00:00,Desconhecido,Av. eng. souza filho - rio das pedras,Baixo,-22.9730188,-43.3366064,Fechado,Bolsão d'água em via,2019-02-05,
5.0,39253,Sem bairro,2019-02-05 04:55:54+00:00,2019-02-05 10:56:56+00:00,Desconhecido,Av. ayrton senna - alt. sesc - barra da tijuca,Baixo,-22.9829389,-43.36536949999999,Fechado,Bolsão d'água em via,2019-02-05,
5.0,39236,Sem bairro,2019-02-05 00:32:44+00:00,2019-02-05 11:06:12+00:00,Desconhecido,Rua pedro boleto x av. armando lombardi - barra da tijuca,Baixo,-23.0062943,-43.3102136,Fechado,Bolsão d'água em via,2019-02-05,
5.0,39249,Sem bairro,2019-02-05 04:19:40+00:00,2019-02-05 06:40:20+00:00,Desconhecido,Av. epitácio pessoa - alt. parque da catacumba - lagoa,Baixo,-22.9742588,-43.20649270000001,Fechado,Bolsão d'água em via,2019-02-05,
5.0,39232,Sem bairro,2019-02-05 00:03:01+00:00,2019-02-05 07:57:05+00:00,Desconhecido,Av. das américas x terminal alvorada - barra da tijuca,Baixo,-23.0013325,-43.36605350000002,Fechado,Bolsão d'água em via,2019-02-05,
5.0,39245,Sem bairro,2019-02-05 03:43:11+00:00,2019-02-05 07:51:02+00:00,Desconhecido,Estr.lagoa-barra - alt. fashion mall -  são conrado,Baixo,-22.9971128,-43.26265790000002,Fechado,Bolsão d'água em via,2019-02-05,
5.0,39251,Sem bairro,2019-02-05 04:31:10+00:00,2019-02-05 07:56:22+00:00,Desconhecido,Av. armando lombardi - alt.  estação jardim oceânica - barra da tijuca,Baixo,-23.0065978,-43.31066020000003,Fechado,Bolsão d'água em via,2019-02-05,
5.0,39255,Sem bairro,2019-02-05 05:45:11+00:00,2019-02-05 07:15:28+00:00,Desconhecido,Autoestrada eng. fernando mac dowell - alt. do gávcea golf club,Baixo,-22.9971128,-43.26265790000002,Fechado,Bolsão d'água em via,2019-02-05,
5.0,39252,Sem bairro,2019-02-05 04:36:18+00:00,2019-02-05 04:43:52+00:00,Desconhecido,R. min. raul machado - gávea,Baixo,-22.9787762,-43.2219715,Fechado,Bolsão d'água em via,2019-02-05,
5.0,39261,Sem bairro,2019-02-05 07:48:46+00:00,2019-02-05 08:01:04+00:00,Desconhecido,Av. das américas - barra - alt do barra shoppping,Baixo,-23.0076006,-43.43813109999997,Fechado,Bolsão d'água em via,2019-02-05,
5.0,39234,Sem bairro,2019-02-05 00:16:57+00:00,2019-02-05 16:30:10+00:00,Desconhecido,Estr. do mendanha - campo grande,Baixo,-22.8644709,-43.54889990000004,Fechado,Bolsão d'água em via,2019-02-05,
5.0,39239,Sem bairro,2019-02-05 01:09:57+00:00,2019-02-05 06:16:34+00:00,Desconhecido,Estrada da bica - alt. gar. viação ideal - cacuia,Baixo,-22.8192322,-43.1884546,Fechado,Bolsão d'água em via,2019-02-05,
5.0,39271,Sem bairro,2019-02-05 08:23:34+00:00,2019-02-05 12:35:37+00:00,Desconhecido,"Estr. dos bandeirantes, 22774 - vargem pequena",Baixo,-22.9878275,-43.48556410000003,Fechado,Bolsão d'água em via,2019-02-05,
5.0,39332,Sem bairro,2019-02-06 21:01:49+00:00,2019-02-07 02:43:14+00:00,Desconhecido,"Rua do catete, alt. r. silveira martins - catete",Baixo,-22.9259854,-43.17783370000001,Fechado,Bolsão d'água em via,2019-02-06,
5.0,39326,Sem bairro,2019-02-06 20:34:21+00:00,2019-02-07 05:08:43+00:00,Desconhecido,"Av. ayrton senna, alt. senac - barra da tijuca",Baixo,-22.9611026,-43.36065230000003,Fechado,Bolsão d'água em via,2019-02-06,
5.0,39344,Sem bairro,2019-02-06 22:03:13+00:00,2019-02-07 05:12:08+00:00,Desconhecido,R. prudente de morais - alt. maria quitéria - ipanema,Baixo,-22.9850808,-43.20686520000004,Fechado,Bolsão d'água em via,2019-02-06,
5.0,39338,Sem bairro,2019-02-06 21:26:16+00:00,2019-02-06 23:10:38+00:00,Desconhecido,"R. são clemente, 226 - botafogo",Baixo,-22.9493961,-43.1900215,Fechado,Bolsão d'água em via,2019-02-06,
5.0,39323,Sem bairro,2019-02-06 19:13:37+00:00,2019-02-07 05:00:31+00:00,Desconhecido,"Autoestrada eng. fernando mac dowell, alt. rocinha - são conrado",Baixo,-22.9971128,-43.26265790000002,Fechado,Bolsão d'água em via,2019-02-06,
5.0,39330,Sem bairro,2019-02-06 20:56:54+00:00,2019-02-06 21:12:03+00:00,Desconhecido,"Rua jardim botânico, alt. r. pacheco leão - jardim botânico",Baixo,-22.9673717,-43.225038100000006,Fechado,Bolsão d'água em via,2019-02-06,
5.0,39328,Sem bairro,2019-02-06 20:45:32+00:00,2019-02-06 22:49:27+00:00,Desconhecido,"R. santo sepulcro, 146 - madureira",Baixo,-22.8775622,-43.331100100000015,Fechado,Bolsão d'água em via,2019-02-06,
5.0,39337,Sem bairro,2019-02-06 21:19:48+00:00,2019-02-07 05:11:34+00:00,Desconhecido,"R. marquês de olinda, alt. praia de botafogo",Baixo,-22.9441883,-43.18258220000001,Fechado,Bolsão d'água em via,2019-02-06,
5.0,39334,Sem bairro,2019-02-06 21:06:23+00:00,2019-02-07 05:10:58+00:00,Desconhecido,R. real grandeza alt. general polidoro   - botafogo,Baixo,-22.957705,-43.191598,Fechado,Bolsão d'água em via,2019-02-06,
5.0,39335,Sem bairro,2019-02-06 21:13:12+00:00,2019-02-07 01:03:23+00:00,Desconhecido,"Rua muniz barreto, alt. r. marques de olinda - botafogo ",Baixo,-22.9454349,-43.18409459999998,Fechado,Bolsão d'água em via,2019-02-06,
5.0,39327,Sem bairro,2019-02-06 20:39:54+00:00,2019-02-07 18:23:01+00:00,Desconhecido,"Av. armando lombardi, alt. barra point - barra da tijuca",Baixo,-23.0062772,-43.30857209999999,Fechado,Bolsão d'água em via,2019-02-06,
5.0,39364,Sem bairro,2019-02-06 23:53:01+00:00,2019-02-07 05:14:23+00:00,Desconhecido,R. são clemente - alt. guilhermina guinle -  botafogo,Medio,-22.9493737,-43.189168600000016,Fechado,Bolsão d'água em via,2019-02-06,
5.0,39333,Sem bairro,2019-02-06 21:05:51+00:00,2019-02-07 05:10:28+00:00,Desconhecido,"Rua epitácio pessoa, alt. r. vinícius de morais - lagoa",Baixo,-22.9708637,-43.206964500000026,Fechado,Bolsão d'água em via,2019-02-06,
5.0,39329,Sem bairro,2019-02-06 20:49:23+00:00,2019-02-07 02:18:03+00:00,Desconhecido,"Estr. mal. miguel salazar m. de moraes, alt. r. edgard werneck - cidade de deus",Baixo,-22.945256,-43.363849500000015,Fechado,Bolsão d'água em via,2019-02-06,
5.0,39331,Sem bairro,2019-02-06 20:59:40+00:00,2019-02-07 05:09:51+00:00,Desconhecido,Av. brasil  - alt. ataulfo alves - manguinhos,Baixo,-22.8866182,-43.23337189999995,Fechado,Bolsão d'água em via,2019-02-06,
5.0,39336,Sem bairro,2019-02-06 21:15:22+00:00,2019-02-07 00:30:50+00:00,Desconhecido,R. haddock lobo - alt. eng. adel -  tijuca,Baixo,-22.92035391768069,-43.21659014036709,Fechado,Bolsão d'água em via,2019-02-06,
5.0,39372,Sem bairro,2019-02-07 01:13:22+00:00,2019-02-09 01:25:00+00:00,Desconhecido,R. jardim botânico - alt. general garzon - jardim botânico,Baixo,-22.9661157,-43.21945979999998,Fechado,Bolsão d'água em via,2019-02-07,
5.0,39386,Sem bairro,2019-02-07 02:53:53+00:00,2019-02-07 05:13:45+00:00,Desconhecido,"Av. vieira souto - alt. rainha elisabeth , 130 - ipanema",Baixo,-22.9867084,-43.19828589999997,Fechado,Bolsão d'água em via,2019-02-07,
5.0,39366,Sem bairro,2019-02-07 00:25:06+00:00,2019-02-08 16:50:35+00:00,Desconhecido,Av. ayrton senna - mergulhão billy blanco- barra da tijuca,Alto,-22.9695365,-43.36013009999999,Fechado,Bolsão d'água em via,2019-02-07,
5.0,39436,Sem bairro,2019-02-07 09:18:49+00:00,2019-02-07 22:06:13+00:00,Desconhecido,Estr. lagoa-barra - alt. fashion mall - sâo conrado,Baixo,-22.99606263710179,-43.259653212303135,Fechado,Bolsão d'água em via,2019-02-07,
5.0,39368,Sem bairro,2019-02-07 00:50:53+00:00,2019-02-07 05:12:59+00:00,Desconhecido,Av. min. ivan lins - alt. elevado do joá - barra da tijuca,Baixo,-23.0120869,-43.30028149999998,Fechado,Bolsão d'água em via,2019-02-07,
5.0,39513,Sem bairro,2019-02-08 11:46:44+00:00,2019-02-09 01:27:56+00:00,Desconhecido,"Av. eng. souza filho, 1159 - rio das pedras - alt. da casas bahia ",Baixo,-22.9749014,-43.335768400000006,Fechado,Bolsão d'água em via,2019-02-08,
5.0,39500,Sem bairro,2019-02-08 07:45:42+00:00,2019-02-08 09:57:20+00:00,Desconhecido,"Estr. da gávea, 674 - são conrado - alt. do motel escort",Alto,-22.9943299,-43.257468200000005,Fechado,Bolsão d'água em via,2019-02-08,
5.0,39638,Sem bairro,2019-02-12 23:23:36+00:00,2019-02-13 01:30:54+00:00,Desconhecido,Rua clarimundo de melo - piedade,Baixo,-22.895834,-43.31614830000001,Fechado,Bolsão d'água em via,2019-02-12,
5.0,39637,Sem bairro,2019-02-12 22:58:26+00:00,2019-02-13 01:54:15+00:00,Desconhecido,Av. brasil - alt. canal do cunha - manguinhos,Baixo,-22.8787526,-43.240613,Fechado,Bolsão d'água em via,2019-02-12,
5.0,39633,Sem bairro,2019-02-12 22:39:58+00:00,2019-02-13 00:03:42+00:00,Desconhecido,Av brasil - alt. monsenhor manuel gomes,Baixo,-22.8612161,-43.4522437,Fechado,Bolsão d'água em via,2019-02-12,
5.0,39641,Sem bairro,2019-02-12 23:54:21+00:00,2019-02-13 01:44:00+00:00,Desconhecido,R. silva freire (buraco do padre ) - engenho novo,Baixo,-22.9024462,-43.268768799999975,Fechado,Bolsão d'água em via,2019-02-12,
5.0,39636,Sem bairro,2019-02-12 22:51:50+00:00,2019-02-13 01:23:09+00:00,Desconhecido,R. do catete alt. silveira martins- catete,Baixo,-22.9257192,-43.17676599999999,Fechado,Bolsão d'água em via,2019-02-12,
5.0,39640,Sem bairro,2019-02-12 23:36:39+00:00,2019-02-13 01:27:52+00:00,Desconhecido,R. min. raul machado - gávea,Baixo,-22.9787762,-43.2219715,Fechado,Bolsão d'água em via,2019-02-12,
5.0,39630,Sem bairro,2019-02-12 22:20:22+00:00,2019-02-13 01:34:36+00:00,Desconhecido,R. visc. santa izabel - alt. barão de sao francisco - vila isabel  ,Baixo,-22.9170305,-43.2606692,Fechado,Bolsão d'água em via,2019-02-12,
5.0,39635,Sem bairro,2019-02-12 22:53:03+00:00,2019-02-13 00:33:44+00:00,Desconhecido,"Av brasil - alt, viad. ataulfo alves - benfica ",Baixo,-22.8612161,-43.4522437,Fechado,Bolsão d'água em via,2019-02-12,
5.0,39632,Sem bairro,2019-02-12 22:34:29+00:00,2019-02-13 01:52:17+00:00,Desconhecido,Av das américas - alt. j ricardo marinho ,Baixo,-23.0076006,-43.43813109999997,Fechado,Bolsão d'água em via,2019-02-12,
5.0,39631,Sem bairro,2019-02-12 22:27:00+00:00,2019-02-12 22:39:38+00:00,Desconhecido,"Av. das américas, 20045 - recreio dos bandeirantes",Baixo,-23.021421,-43.49689899999999,Fechado,Bolsão d'água em via,2019-02-12,
5.0,39629,Sem bairro,2019-02-12 22:12:49+00:00,2019-02-13 01:46:56+00:00,Desconhecido,Av. armando lombarde - alt. barra point,Baixo,-23.0065978,-43.31066020000003,Fechado,Bolsão d'água em via,2019-02-12,
5.0,39634,Sem bairro,2019-02-12 22:42:20+00:00,2019-02-13 00:20:02+00:00,Desconhecido,Av. epitácio pessoa - alt. vinicius de moraes - lagoa,Baixo,-22.9797904,-43.20271360000004,Fechado,Bolsão d'água em via,2019-02-12,
5.0,39639,Sem bairro,2019-02-12 23:32:18+00:00,2019-02-13 01:48:52+00:00,Desconhecido,R. pinheiro machado - alt. ana leonídia. -laranjeiras,Baixo,-22.9369963,-43.183751400000006,Fechado,Bolsão d'água em via,2019-02-12,
5.0,39684,Sem bairro,2019-02-13 09:05:03+00:00,2019-02-13 16:27:23+00:00,Desconhecido,R. barão de são francisco - alt. r. visc. de santa isabel - vila isabel,Baixo,-22.9168619,-43.25678400000004,Fechado,Bolsão d'água em via,2019-02-13,
5.0,39676,Sem bairro,2019-02-13 08:09:49+00:00,2019-02-13 08:11:09+00:00,Desconhecido,"R. francisco real, alt. r. agrícola - bangu",Baixo,-22.8795405,-43.45566629999996,Fechado,Bolsão d'água em via,2019-02-13,
5.0,39648,Sem bairro,2019-02-13 03:19:43+00:00,2019-02-13 11:20:27+00:00,Desconhecido,Av. armando lombardi -  alt. barra point - barra da tijuca,Baixo,-23.0065978,-43.31066020000003,Fechado,Bolsão d'água em via,2019-02-13,
5.0,39675,Sem bairro,2019-02-13 07:57:41+00:00,2019-02-13 09:19:54+00:00,Desconhecido,Estrada do galeão - alt. da base aérea - galeão,Medio,-22.811957,-43.21817060000001,Fechado,Bolsão d'água em via,2019-02-13,
5.0,39657,Sem bairro,2019-02-13 04:49:01+00:00,2019-02-13 08:55:26+00:00,Desconhecido,Rua do catete  - alt. r. silveira martins - catete,Medio,-22.9269656,-43.17661150000004,Fechado,Bolsão d'água em via,2019-02-13,
5.0,39679,Sem bairro,2019-02-13 08:28:39+00:00,2019-02-13 10:28:57+00:00,Desconhecido,Av. mal. floriano - alt. rua da conceição - centro,Medio,-22.902255,-43.18549719999999,Fechado,Bolsão d'água em via,2019-02-13,
5.0,39660,Sem bairro,2019-02-13 05:00:26+00:00,2019-02-13 08:42:22+00:00,Desconhecido,R. bela - alt. campo de são cristovão - são cristovão,Baixo,-22.8895567,-43.22387950000001,Fechado,Bolsão d'água em via,2019-02-13,
5.0,39661,Sem bairro,2019-02-13 05:15:45+00:00,2019-02-13 08:40:02+00:00,Desconhecido,Rua silveira martins  - flamengo ,Baixo,-22.925732,-43.1765863,Fechado,Bolsão d'água em via,2019-02-13,
5.0,39673,Sem bairro,2019-02-13 07:48:38+00:00,2019-02-13 11:29:02+00:00,Desconhecido,"Av. brasil, alt. parada de lucas",Medio,,,Fechado,Bolsão d'água em via,2019-02-13,
5.0,39674,Sem bairro,2019-02-13 07:53:06+00:00,2019-02-13 16:26:45+00:00,Desconhecido,R. barão de cotegipe - alt. r. viana drumond - vila isabel,Baixo,-22.9184577,-43.25619760000001,Fechado,Bolsão d'água em via,2019-02-13,
5.0,39692,Sem bairro,2019-02-13 10:09:35+00:00,2019-02-13 10:17:23+00:00,Desconhecido,R. bernardo de vaasconcelos - alt. pça do canhão -  realengo,Baixo,-22.8760033,-43.43444439999996,Fechado,Bolsão d'água em via,2019-02-13,
5.0,39663,Sem bairro,2019-02-13 06:34:07+00:00,2019-02-13 11:25:51+00:00,Desconhecido,R. santo sepucro - madureira,Baixo,-22.8773715,-43.330861700000014,Fechado,Bolsão d'água em via,2019-02-13,
5.0,39669,Sem bairro,2019-02-13 06:54:11+00:00,2019-02-13 07:29:53+00:00,Desconhecido,R. mem de sá - alt. r. dos inválidos - centro,Baixo,-22.912584507380632,-43.18460170052492,Fechado,Bolsão d'água em via,2019-02-13,
5.0,39678,Sem bairro,2019-02-13 08:15:05+00:00,2019-02-13 16:32:52+00:00,Desconhecido,R. teixeira de freitas - glória,Medio,-22.9150816,-43.17613389999997,Fechado,Bolsão d'água em via,2019-02-13,
5.0,39659,Sem bairro,2019-02-13 04:56:43+00:00,2019-02-13 05:57:26+00:00,Desconhecido,"R. josé do patrocínio, 344 - grajau",Baixo,-22.919161,-43.26285100000001,Fechado,Bolsão d'água em via,2019-02-13,
5.0,39698,Sem bairro,2019-02-13 11:12:29+00:00,2019-02-13 12:01:28+00:00,Desconhecido,Rua da constituição - alt. r. regente feijó - centro,Baixo,-22.906809510599533,-43.18455814218902,Fechado,Bolsão d'água em via,2019-02-13,
5.0,39658,Sem bairro,2019-02-13 04:53:29+00:00,2019-02-13 11:22:09+00:00,Desconhecido,"Av. das américas, 489 - barra da tijuca",Baixo,-23.0063806,-43.321244699999966,Fechado,Bolsão d'água em via,2019-02-13,
5.0,39649,Sem bairro,2019-02-13 03:43:27+00:00,2019-02-13 16:32:25+00:00,Desconhecido,Estrada da barra - barra,Baixo,-22.9985303,-43.304686100000026,Fechado,Bolsão d'água em via,2019-02-13,
5.0,39666,Sem bairro,2019-02-13 06:40:06+00:00,2019-02-13 10:46:06+00:00,Desconhecido,"Av. brasil, alt. passarela 5 - benfica",Medio,-22.860857,-43.53360620000001,Fechado,Bolsão d'água em via,2019-02-13,
5.0,39677,Sem bairro,2019-02-13 08:15:03+00:00,2019-02-13 16:31:58+00:00,Desconhecido,"R. monsenhor manuel gomes, alt. arsenal de guerra - caju",Baixo,-22.888164,-43.21928560000004,Fechado,Bolsão d'água em via,2019-02-13,
5.0,39652,Sem bairro,2019-02-13 04:08:05+00:00,2019-02-13 11:44:59+00:00,Desconhecido,Av. francisco bicalho - alt. francisco eugênio - rsanto cristo,Baixo,-22.9046586,-43.20971359999999,Fechado,Bolsão d'água em via,2019-02-13,
5.0,39653,Sem bairro,2019-02-13 04:12:44+00:00,2019-02-13 11:24:11+00:00,Desconhecido,Av. epitácio pessoa- alt. vinicius de moraes - lagoa,Medio,-22.9742588,-43.20649270000001,Fechado,Bolsão d'água em via,2019-02-13,
5.0,39703,Sem bairro,2019-02-13 12:53:24+00:00,2019-02-13 13:18:40+00:00,Desconhecido,"R. pio dutra, 440 - freguesia (ilha do governador)",Baixo,-22.792621,-43.174397,Fechado,Bolsão d'água em via,2019-02-13,
5.0,39651,Sem bairro,2019-02-13 03:58:56+00:00,2019-02-13 11:23:16+00:00,Desconhecido,Praça sibéluis - gávea,Baixo,-22.9770657,-43.22635969999999,Fechado,Bolsão d'água em via,2019-02-13,
5.0,39691,Sem bairro,2019-02-13 10:06:38+00:00,2019-02-14 08:00:51+00:00,Desconhecido,R. silva téles - alt. rua goiania - andaraí ,Baixo,-22.9225601,-43.243419500000016,Fechado,Bolsão d'água em via,2019-02-13,
5.0,39656,Sem bairro,2019-02-13 04:39:24+00:00,2019-02-13 08:08:21+00:00,Desconhecido,Av brasil - alt. l. vermelha,Medio,-22.8277382,-43.2504156,Fechado,Bolsão d'água em via,2019-02-13,
5.0,39665,Sem bairro,2019-02-13 06:37:50+00:00,2019-02-13 09:20:34+00:00,Desconhecido,Passarela da rocinha,Medio,-22.9924558,-43.25123669999999,Fechado,Bolsão d'água em via,2019-02-13,
5.0,39680,Sem bairro,2019-02-13 08:39:36+00:00,2019-02-13 12:56:33+00:00,Desconhecido,R. alexandre calaza - alt. jerônimo de lemos - vila isabel ,Medio,-22.9184906,-43.25990660000002,Fechado,Bolsão d'água em via,2019-02-13,
5.0,39828,Sem bairro,2019-02-17 21:59:43+00:00,2019-02-18 03:27:13+00:00,Desconhecido,"Rua do passeio, 52 - centro",Baixo,-22.9125587,-43.17688050000004,Fechado,Bolsão d'água em via,2019-02-17,
5.0,39836,Sem bairro,2019-02-17 22:37:02+00:00,2019-02-18 01:05:35+00:00,Desconhecido,"Rua dr. satamini, alt. r. afonso pena - tijuca",Baixo,-22.9179771,-43.21806379999998,Fechado,Bolsão d'água em via,2019-02-17,
5.0,39818,Sem bairro,2019-02-17 21:21:55+00:00,2019-02-17 22:42:22+00:00,Desconhecido,"Linha amarela, alt. saída 9b - manguinhos",Baixo,-22.8719032,-43.249596,Fechado,Bolsão d'água em via,2019-02-17,
5.0,39831,Sem bairro,2019-02-17 22:16:43+00:00,2019-02-18 02:34:09+00:00,Desconhecido,"Av. itaóca, 783 - bonsucesso",Baixo,-22.8688503,-43.262721,Fechado,Bolsão d'água em via,2019-02-17,
5.0,39817,Sem bairro,2019-02-17 21:14:22+00:00,2019-02-18 02:52:56+00:00,Desconhecido,"Av. genaro de carvalho, alt. av. gilka machado - recreio dos bandeirantes",Baixo,-23.0180375,-43.4642945,Fechado,Bolsão d'água em via,2019-02-17,
5.0,39825,Sem bairro,2019-02-17 21:48:19+00:00,2019-02-18 00:34:25+00:00,Desconhecido,"Av. brasil, alt. canal do cunha - manguinhos",Baixo,-22.8612161,-43.4522437,Fechado,Bolsão d'água em via,2019-02-17,
5.0,39829,Sem bairro,2019-02-17 22:04:02+00:00,2019-02-18 01:27:00+00:00,Desconhecido,"Av. ayrton senna, alt. do uptonw - gardênia azul",Baixo,-22.9646666,-43.35467489999997,Fechado,Bolsão d'água em via,2019-02-17,
5.0,39819,Sem bairro,2019-02-17 21:27:09+00:00,2019-02-18 01:12:30+00:00,Desconhecido,"Rua conde de bonfim, alt. tijuca tênis clube - tijuca",Baixo,-22.9275494,-43.23454319999996,Fechado,Bolsão d'água em via,2019-02-17,
5.0,39835,Sem bairro,2019-02-17 22:34:17+00:00,2019-02-18 01:05:58+00:00,Desconhecido,"Rua haddock lobo, alt. r. eng. adel - tijuca",Baixo,-22.9200224,-43.21588099999997,Fechado,Bolsão d'água em via,2019-02-17,
5.0,39820,Sem bairro,2019-02-17 21:30:22+00:00,2019-02-18 01:13:05+00:00,Desconhecido,"Rua conde de bonfim, alt. morro da formiga - tijuca",Baixo,-22.9441667,-43.24083329999996,Fechado,Bolsão d'água em via,2019-02-17,
5.0,39840,Sem bairro,2019-02-17 23:09:08+00:00,2019-02-18 00:07:49+00:00,Desconhecido,"Rua da feira, alt. r. barão de capanema - bangu",Baixo,-22.8802756,-43.47256859999999,Fechado,Bolsão d'água em via,2019-02-17,
5.0,39830,Sem bairro,2019-02-17 22:12:16+00:00,2019-02-18 01:21:00+00:00,Desconhecido,"Av. dom hélder câmara, alt. r. estevão silva - cachambi",Baixo,-22.8860986,-43.27954750000004,Fechado,Bolsão d'água em via,2019-02-17,
5.0,39842,Sem bairro,2019-02-17 23:27:04+00:00,2019-02-18 00:40:00+00:00,Desconhecido,"Estrada do galeão, alt. base aérea - ilha do governador",Baixo,-22.8283263,-43.23567830000002,Fechado,Bolsão d'água em via,2019-02-17,
5.0,39832,Sem bairro,2019-02-17 22:19:32+00:00,2019-02-18 01:37:17+00:00,Desconhecido,"Estrada adhemar bebiano, 375 - del castilho",Baixo,-22.8756319,-43.26725190000002,Fechado,Bolsão d'água em via,2019-02-17,
5.0,39826,Sem bairro,2019-02-17 21:50:46+00:00,2019-02-18 00:34:53+00:00,Desconhecido,"Av. brasil, alt. viaduto ataulfo alves - benfica",Baixo,-22.8849818,-43.235242200000016,Fechado,Bolsão d'água em via,2019-02-17,
5.0,39839,Sem bairro,2019-02-17 23:04:27+00:00,2019-02-18 02:57:17+00:00,Desconhecido,"R. guaiuba, 405 - acari",Baixo,-22.8234423,-43.34579339999999,Fechado,Bolsão d'água em via,2019-02-17,
5.0,39838,Sem bairro,2019-02-17 22:50:48+00:00,2019-02-17 23:24:12+00:00,Desconhecido,Av. rotary internacional - mangueira,Baixo,-22.9030302,-43.22566710000001,Fechado,Bolsão d'água em via,2019-02-17,
5.0,39821,Sem bairro,2019-02-17 21:33:11+00:00,2019-02-18 01:21:16+00:00,Desconhecido,"R. josé higino, alt. r. barão de mesquita - tijuca",Baixo,-22.929586,-43.23818080000001,Fechado,Bolsão d'água em via,2019-02-17,
5.0,39827,Sem bairro,2019-02-17 21:55:41+00:00,2019-02-17 23:36:48+00:00,Desconhecido,"Rua do catete, alt. r. silveira martins - catete",Baixo,-22.9270219,-43.17662229999996,Fechado,Bolsão d'água em via,2019-02-17,
5.0,39824,Sem bairro,2019-02-17 21:45:59+00:00,2019-02-17 23:33:42+00:00,Desconhecido,Rua bela - são cristóvão,Baixo,-22.8902205,-43.22332440000002,Fechado,Bolsão d'água em via,2019-02-17,
5.0,39823,Sem bairro,2019-02-17 21:42:52+00:00,2019-02-18 02:11:53+00:00,Desconhecido,"Rua cairuçu, 575 - vila valqueire",Baixo,-22.8810223,-43.37159759999997,Fechado,Bolsão d'água em via,2019-02-17,
5.0,39845,Sem bairro,2019-02-18 02:20:55+00:00,2019-02-18 05:57:28+00:00,Desconhecido,"R. joão vicente, 2143 - mal. hermes",Baixo,-22.8584501,-43.37791519999996,Fechado,Bolsão d'água em via,2019-02-18,
5.0,39865,Sem bairro,2019-02-18 21:12:33+00:00,2019-02-19 01:13:45+00:00,Desconhecido,"Av. brasil, alt. viaduto ataulfo alves - benfica",Baixo,-22.8849818,-43.235242200000016,Fechado,Bolsão d'água em via,2019-02-18,
5.0,39962,Sem bairro,2019-02-22 21:20:24+00:00,2019-02-22 22:04:39+00:00,Desconhecido,R. candido benício - alt. est. brt ipase - praça seca,Baixo,-22.9046925,-43.357058,Fechado,Bolsão d'água em via,2019-02-22,
5.0,40041,Sem bairro,2019-02-25 17:21:42+00:00,2019-02-25 19:31:46+00:00,Desconhecido,"Av. vicente de carvalho, 1393 - penha circular",Medio,-22.8429717,-43.300656600000025,Fechado,Bolsão d'água em via,2019-02-25,
5.0,40068,Sem bairro,2019-02-25 19:35:39+00:00,2019-02-25 21:12:29+00:00,Desconhecido,Mergulhão billy blanco u - barra da tijuca,Medio,-22.99732136383745,-43.36595530845944,Fechado,Bolsão d'água em via,2019-02-25,
5.0,40067,Sem bairro,2019-02-25 19:32:52+00:00,2019-02-25 23:27:22+00:00,Desconhecido,Mergulhão billy blanco y - barra da tijuca,Medio,-22.9976374,-43.36677069999996,Fechado,Bolsão d'água em via,2019-02-25,
5.0,40062,Sem bairro,2019-02-25 19:12:41+00:00,2019-02-26 09:38:10+00:00,Desconhecido,R. santo sepulcro - madureira,Medio,-22.8775622,-43.331100100000015,Fechado,Bolsão d'água em via,2019-02-25,
5.0,40138,Sem bairro,2019-02-26 19:41:03+00:00,2019-02-26 20:17:54+00:00,Desconhecido,Av. ministro ivan lins - ponte da joatinga  - barra da tijuca,Medio,-23.0129256,-43.29779930000001,Fechado,Bolsão d'água em via,2019-02-26,
5.0,40140,Sem bairro,2019-02-26 20:03:11+00:00,2019-02-26 21:35:07+00:00,Desconhecido,Praia de botafogo - alt. viaduto san tiago dantas - botafogo,Medio,-22.944070721016512,-43.18152244285278,Fechado,Bolsão d'água em via,2019-02-26,
5.0,40139,Sem bairro,2019-02-26 19:45:05+00:00,2019-02-26 23:56:04+00:00,Desconhecido,Mergulhão billy blanco y - barra da tijuca,Critico,-22.99954347741699,-43.36207146980587,Fechado,Bolsão d'água em via,2019-02-26,
5.0,40133,Sem bairro,2019-02-26 19:19:56+00:00,2019-02-26 20:42:30+00:00,Desconhecido,Estrada da barra da tijuca - alt. ponte velha - itanhangá,Medio,-22.9985303,-43.304686100000026,Fechado,Bolsão d'água em via,2019-02-26,
5.0,40134,Sem bairro,2019-02-26 19:23:47+00:00,2019-02-26 20:21:03+00:00,Desconhecido,Rua do catete - alt. r. silveira martins - catete,Medio,-22.9269656,-43.17661150000004,Fechado,Bolsão d'água em via,2019-02-26,
5.0,40132,Sem bairro,2019-02-26 19:18:10+00:00,2019-02-26 21:07:28+00:00,Desconhecido,Av. epitácio pessoa - alt. r. vinícius de moraes - ipanema,Medio,-22.9795535,-43.2025453,Fechado,Bolsão d'água em via,2019-02-26,
5.0,40142,Sem bairro,2019-02-26 20:28:15+00:00,2019-02-26 23:56:01+00:00,Desconhecido,Mergulhão billy blanco u - barra da tijuca,Critico,-22.9976374,-43.36677069999996,Fechado,Bolsão d'água em via,2019-02-26,
5.0,40136,Sem bairro,2019-02-26 19:27:56+00:00,2019-02-26 20:22:31+00:00,Desconhecido,Autoestr. lagoa barra - alt. gavea golf club - são conrado,Medio,-22.9971128,-43.26265790000002,Fechado,Bolsão d'água em via,2019-02-26,
5.0,40137,Sem bairro,2019-02-26 19:28:50+00:00,2019-02-26 21:03:07+00:00,Desconhecido,Autoestrada lagoa barra -  841  - gávea,Medio,-22.9984099,-43.266108799999984,Fechado,Bolsão d'água em via,2019-02-26,
5.0,40135,Sem bairro,2019-02-26 19:25:56+00:00,2019-02-26 23:56:16+00:00,Desconhecido,Estr. lagoa barra - rocinha,Critico,-22.9924558,-43.25123669999999,Fechado,Bolsão d'água em via,2019-02-26,
5.0,40196,Sem bairro,2019-02-28 23:26:00+00:00,2019-03-01 00:23:36+00:00,Desconhecido,Av. brasil - alt. into ,Alto,-22.8612161,-43.4522437,Fechado,Bolsão d'água em via,2019-02-28,
5.0,40190,Sem bairro,2019-02-28 22:23:40+00:00,2019-03-01 02:23:05+00:00,Desconhecido,Av. vicente de carvalho - alt. praça marco aurélio. - vicente de carvalho,Alto,-22.8512845,-43.31093010000001,Fechado,Bolsão d'água em via,2019-02-28,
5.0,40194,Sem bairro,2019-02-28 22:54:14+00:00,2019-03-01 00:55:03+00:00,Desconhecido,R. bela - alt. linha vermelha - são cristóvão,Alto,-22.8895567,-43.22387950000001,Fechado,Bolsão d'água em via,2019-02-28,
5.0,40192,Sem bairro,2019-02-28 22:38:45+00:00,2019-02-28 23:48:20+00:00,Desconhecido,Av. brasil - alt. viad. ataulfo alves - benfica,Alto,-22.8612161,-43.4522437,Fechado,Bolsão d'água em via,2019-02-28,
5.0,40189,Sem bairro,2019-02-28 22:08:04+00:00,2019-03-01 00:21:30+00:00,Desconhecido,Estr. do quitungo - alt. rua itabira - bráz de pina,Alto,-22.8319059,-43.302209000000005,Fechado,Bolsão d'água em via,2019-02-28,
5.0,40193,Sem bairro,2019-02-28 22:42:22+00:00,2019-03-01 01:15:59+00:00,Desconhecido,Av. brasil - alt. acesso l. vermelha ,Alto,-22.8612161,-43.4522437,Fechado,Bolsão d'água em via,2019-02-28,
5.0,40195,Sem bairro,2019-02-28 23:23:10+00:00,2019-03-01 00:09:08+00:00,Desconhecido,Av brasil - alt. fiocruz ,Alto,-22.8612161,-43.4522437,Fechado,Bolsão d'água em via,2019-02-28,
5.0,40191,Sem bairro,2019-02-28 22:33:07+00:00,2019-02-28 23:46:38+00:00,Desconhecido,Av brasil - acesso ponte rio - niteroi,Alto,-22.8612161,-43.4522437,Fechado,Bolsão d'água em via,2019-02-28,
31.0,39286,Sem bairro,2019-02-05 11:57:23+00:00,2019-02-05 22:43:39+00:00,Desconhecido,Muzema,Baixo,,,Fechado,Alagamento,2019-02-05,
31.0,39278,Sem bairro,2019-02-05 09:56:58+00:00,2019-02-06 17:56:48+00:00,Desconhecido,Praia do cajú,Baixo,-22.8790981,-43.21327389999999,Fechado,Alagamento,2019-02-05,
31.0,39378,Sem bairro,2019-02-07 01:54:58+00:00,2019-02-07 12:54:08+00:00,Desconhecido,"Av. armando lombardi, - alt. metrô j. oceanico - barra da tijuca",Baixo,-23.0069146,-43.31159450000001,Fechado,Alagamento,2019-02-07,
31.0,39389,Sem bairro,2019-02-07 03:34:28+00:00,2019-02-07 05:45:36+00:00,Desconhecido,Av. epitácio pessoa - alt. curva do calombo - lagoa,Alto,-22.9743376,-43.20723140000001,Fechado,Alagamento,2019-02-07,
31.0,39381,Sem bairro,2019-02-07 02:25:46+00:00,2019-02-09 03:29:09+00:00,Desconhecido,Estrada da barra da tijuca - alt. ponte velha - itanhangá,Baixo,-23.0047558,-43.30381969999996,Fechado,Alagamento,2019-02-07,
31.0,39455,Sem bairro,2019-02-07 13:03:10+00:00,2019-02-07 20:41:05+00:00,Desconhecido,Av armando lombardi - alt. mergulhão u - barra da tijuca,Baixo,-23.006775558214496,-43.30956585872195,Fechado,Alagamento,2019-02-07,
31.0,39422,Sem bairro,2019-02-07 08:10:12+00:00,2019-02-07 16:19:06+00:00,Desconhecido,"R. retiro dos artistas, 1039 - pechincha",Baixo,-22.9379815,-43.35935430000001,Fechado,Alagamento,2019-02-07,
31.0,39520,Sem bairro,2019-02-08 16:56:25+00:00,2019-02-08 19:36:18+00:00,Desconhecido,Av. armando lombardi - alt. do megulhão - barra,Medio,-23.0065978,-43.31066020000003,Fechado,Alagamento,2019-02-08,
31.0,39711,Sem bairro,2019-02-13 17:58:36+00:00,2019-02-14 21:53:14+00:00,Desconhecido,Engenheiro souza filho - muzema,Baixo,-22.9786046,-43.33367479999998,Fechado,Alagamento,2019-02-13,
31.0,39707,Sem bairro,2019-02-13 14:43:01+00:00,2019-02-13 16:38:04+00:00,Desconhecido,"R. francisco fragoso, 20 - encantado",Baixo,-22.8974148,-43.30713000000003,Fechado,Alagamento,2019-02-13,
31.0,39670,Sem bairro,2019-02-13 06:57:02+00:00,2019-02-13 16:27:00+00:00,Desconhecido,Rua da praia - alt. casa de banho - caju,Baixo,-22.877690289081468,-43.21356815004884,Fechado,Alagamento,2019-02-13,
31.0,39709,Sem bairro,2019-02-13 16:41:00+00:00,2019-02-13 21:27:36+00:00,Desconhecido,"R. francisco fragoso, 20 - encantado",Baixo,-22.8972368,-43.3061323,Fechado,Alagamento,2019-02-13,
31.0,39822,Sem bairro,2019-02-17 21:36:36+00:00,2019-02-18 01:52:18+00:00,Desconhecido,"R. cândido benício, alt. r. albano - praça seca",Baixo,-22.897305,-43.35177090000002,Fechado,Alagamento,2019-02-17,
31.0,39856,Sem bairro,2019-02-18 09:41:10+00:00,2019-02-20 11:54:03+00:00,Desconhecido,Buraco do lacerda - jacaré,Baixo,-22.887329,-43.25258510000003,Fechado,Alagamento,2019-02-18,
31.0,40141,Sem bairro,2019-02-26 20:24:27+00:00,2019-02-26 21:24:36+00:00,Desconhecido,Passagem subterrânea - praia de botafogo alt. churrascaria fogo de chão ,Medio,-22.9488007,-43.18017600000002,Fechado,Alagamento,2019-02-26,
33.0,39833,Sem bairro,2019-02-17 22:23:38+00:00,2019-02-18 00:32:05+00:00,Desconhecido,"Av. epitácio pessoa, alt. r. vinícius de moraes - lagoa",Baixo,-22.9708637,-43.206964500000026,Fechado,Lâmina d'água,2019-02-17,
31.0,34456,Sem bairro,2018-08-26 13:02:01+00:00,2018-08-26 16:49:42+00:00,Desconhecido,"Mergulhão billy blanco, 65 - barra da tijuca",Baixo,-22.9976374,-43.36677069999996,Fechado,Alagamento,2018-08-26,
5.0,32026,Sem bairro,2018-08-01 23:34:05+00:00,2018-08-02 06:51:47+00:00,Desconhecido,"Estr. do itanhangá, alt. hotel serramar - itanhangá",Medio,-22.9964163,-43.31430769999997,Fechado,Bolsão d'água em via,2018-08-01,
5.0,32021,Sem bairro,2018-08-01 22:08:46+00:00,2018-08-02 04:28:31+00:00,Desconhecido,"Autoestrada eng. fernando mac dowell, alt. rocinha - gávea",Medio,-22.9971128,-43.26265790000002,Fechado,Bolsão d'água em via,2018-08-01,
5.0,32027,Sem bairro,2018-08-01 23:58:15+00:00,2018-08-02 03:09:05+00:00,Desconhecido,"Rua mario ribeiro, alt. r. raul machado - gávea",Medio,-22.9776166,-43.222537399999965,Fechado,Bolsão d'água em via,2018-08-01,
5.0,32015,Sem bairro,2018-08-01 21:45:56+00:00,2018-08-01 22:34:48+00:00,Desconhecido,"Av. borges de medeiros, alt. do maconhão - lagoa",Medio,,,Fechado,Bolsão d'água em via,2018-08-01,
5.0,32020,Sem bairro,2018-08-01 22:05:07+00:00,2018-08-02 03:08:23+00:00,Desconhecido,"Av. armando lombardi, 350 - barra da tijuca",Medio,-23.0062768,-43.30857279999998,Fechado,Bolsão d'água em via,2018-08-01,
5.0,32040,Sem bairro,2018-08-02 04:31:54+00:00,2018-08-02 06:51:39+00:00,Desconhecido,"Av. brasil, 870 - benfica",Medio,-22.8852693,-43.23482799999999,Fechado,Bolsão d'água em via,2018-08-02,
5.0,32159,Sem bairro,2018-08-02 20:32:34+00:00,2018-08-02 21:37:16+00:00,Desconhecido,Túnel u - barra da tijuca,Medio,-22.9215329,-43.656529699999965,Fechado,Bolsão d'água em via,2018-08-02,
5.0,32575,Sem bairro,2018-08-06 16:55:58+00:00,2018-08-06 18:53:57+00:00,Desconhecido,"Av. brasil, 2021 - são cristóvão - alt. da linha vermelha",Medio,-22.886304,-43.22956099999999,Fechado,Bolsão d'água em via,2018-08-06,
5.0,32566,Sem bairro,2018-08-06 16:31:16+00:00,2018-08-06 18:52:35+00:00,Desconhecido,"Av. brasil, 4327 - manguinhos - alt. do canal do cunha",Medio,-22.875704,-43.242977,Fechado,Bolsão d'água em via,2018-08-06,
5.0,32572,Sem bairro,2018-08-06 16:50:36+00:00,2018-08-06 19:09:31+00:00,Desconhecido,"Av. brasil, 13589 - cordovil - alt. do trevo das missões",Medio,-22.8154748,-43.29082729999999,Fechado,Bolsão d'água em via,2018-08-06,
5.0,32573,Sem bairro,2018-08-06 16:52:52+00:00,2018-08-06 20:05:33+00:00,Desconhecido,"Av. brasil, 13350 - alt. do viaduto de parada de lucas",Medio,-22.8147024,-43.2916406,Fechado,Bolsão d'água em via,2018-08-06,
5.0,32574,Sem bairro,2018-08-06 16:57:12+00:00,2018-08-06 17:36:26+00:00,Desconhecido,"R. mercúrio, 940 - pavuna",Medio,-22.8055213,-43.35609529999999,Fechado,Bolsão d'água em via,2018-08-06,
5.0,32570,Sem bairro,2018-08-06 16:44:22+00:00,2018-08-06 20:05:19+00:00,Desconhecido,"Av. brasil, 17241 - irajá - alt. da passarela 26",Medio,-22.8230758,-43.32800850000001,Fechado,Bolsão d'água em via,2018-08-06,
5.0,32591,Sem bairro,2018-08-06 17:53:28+00:00,2018-08-06 19:33:00+00:00,Desconhecido,Mergulhão billy blanco - barra,Medio,-22.9978325,-43.36448960000001,Fechado,Bolsão d'água em via,2018-08-06,
5.0,32576,Sem bairro,2018-08-06 16:59:19+00:00,2018-08-06 20:05:38+00:00,Desconhecido,"Av. brasil, 12277 - alt. do viaduto de parada de lucas",Medio,-22.8279068,-43.27382699999998,Fechado,Bolsão d'água em via,2018-08-06,
5.0,32562,Sem bairro,2018-08-06 15:28:40+00:00,2018-08-06 18:52:25+00:00,Desconhecido,"Av. brasil, 5493 - bonsucesso - alt. passarela 11",Medio,-22.8653178,-43.248202100000015,Fechado,Bolsão d'água em via,2018-08-06,
5.0,32569,Sem bairro,2018-08-06 16:40:31+00:00,2018-08-06 20:05:11+00:00,Desconhecido,"Av. brasil, 19000 - j. américa",Medio,-22.837954,-43.36551399999996,Fechado,Bolsão d'água em via,2018-08-06,
5.0,32571,Sem bairro,2018-08-06 16:46:43+00:00,2018-08-06 18:52:58+00:00,Desconhecido,"Av. brasil, 3938 - manguinhos",Medio,-22.8783725,-43.24051110000005,Fechado,Bolsão d'água em via,2018-08-06,
5.0,32567,Sem bairro,2018-08-06 16:37:08+00:00,2018-08-06 18:52:43+00:00,Desconhecido,"Av. brasil, 2996 - benfica",Medio,-22.886304,-43.22956099999999,Fechado,Bolsão d'água em via,2018-08-06,
5.0,33846,Sem bairro,2018-08-17 23:11:57+00:00,2018-08-18 02:29:24+00:00,Desconhecido,"Av. armando lombardi, alt. est. brt jardim oceânico - barra da tijuca",Medio,-22.9730498,-43.38195489999998,Fechado,Bolsão d'água em via,2018-08-17,
5.0,33845,Sem bairro,2018-08-17 23:07:02+00:00,2018-08-18 02:30:06+00:00,Desconhecido,"Av. armando lombardi, alt. barra point - barra da tijuca",Medio,-22.972905,-43.366457999999966,Fechado,Bolsão d'água em via,2018-08-17,
31.0,26933,Sem bairro,2018-05-16 11:39:49+00:00,2018-05-23 11:25:28+00:00,Desconhecido,Lagoa da tijuca - barra da tijuca,Baixo,-22.9965579,-43.3373747,Fechado,Alagamento,2018-05-16,
5.0,27006,Sem bairro,2018-05-19 16:25:10+00:00,2018-05-19 21:32:03+00:00,Desconhecido,"Av. presidente vargas, alt. metrô cidade nova",Baixo,,,Fechado,Bolsão d'água em via,2018-05-19,
5.0,27008,Sem bairro,2018-05-19 16:31:58+00:00,2018-05-19 17:30:28+00:00,Desconhecido,"R. marques de olinda, alt. r. muniz barreto",Baixo,,,Fechado,Bolsão d'água em via,2018-05-19,
5.0,27020,Sem bairro,2018-05-19 19:50:27+00:00,2018-05-19 21:20:24+00:00,Desconhecido,Praia de botafogo - alt. ed. argentina - botafogo,Baixo,-22.9456613,-43.18221519999997,Fechado,Bolsão d'água em via,2018-05-19,
5.0,27026,Sem bairro,2018-05-19 21:12:34+00:00,2018-05-19 21:52:00+00:00,Desconhecido,R. vinte e quatro de maio - alt buraco do padre - sampaio,Baixo,-22.902193,-43.261043400000005,Fechado,Bolsão d'água em via,2018-05-19,
5.0,27009,Sem bairro,2018-05-19 16:47:26+00:00,2018-05-19 18:08:12+00:00,Desconhecido,Trevo das margaridas - irajá,Baixo,,,Fechado,Bolsão d'água em via,2018-05-19,
5.0,27007,Sem bairro,2018-05-19 16:28:30+00:00,2018-05-19 17:29:11+00:00,Desconhecido,"R. muniz barreto, alt. r. visconde de ouro preto",Baixo,,,Fechado,Bolsão d'água em via,2018-05-19,
5.0,27012,Sem bairro,2018-05-19 17:23:42+00:00,2018-05-19 17:31:17+00:00,Desconhecido,"R. do catete, alt. r. silveira martins",Baixo,,,Fechado,Bolsão d'água em via,2018-05-19,
5.0,27010,Sem bairro,2018-05-19 16:50:45+00:00,2018-05-19 18:07:17+00:00,Desconhecido,"Av. brasil, alt. trevo das margaridas",Baixo,,,Fechado,Bolsão d'água em via,2018-05-19,
5.0,27013,Sem bairro,2018-05-19 17:31:23+00:00,2018-05-19 17:32:06+00:00,Desconhecido,"R. augusto severo, 877",Baixo,,,Fechado,Bolsão d'água em via,2018-05-19,
5.0,26722,Sem bairro,2018-05-07 12:15:41+00:00,2018-05-07 14:11:46+00:00,Desconhecido,"R. 24 de maio, alt. r. bela vista",Baixo,,,Fechado,Bolsão d'água em via,2018-05-07,
5.0,26000,Sem bairro,2018-04-02 19:35:46+00:00,2018-04-02 21:40:00+00:00,Desconhecido,"Av. brasil, alt. rod. washington luíz - jd. américa",Baixo,,,Fechado,Bolsão d'água em via,2018-04-02,
5.0,26001,Sem bairro,2018-04-02 19:42:19+00:00,2018-04-02 21:39:48+00:00,Desconhecido,"Av. brasil, alt. viaduto parada de lucas - p. de lucas",Baixo,,,Fechado,Bolsão d'água em via,2018-04-02,
5.0,26038,Sem bairro,2018-04-03 21:25:10+00:00,2018-04-03 22:09:32+00:00,Desconhecido,R. camerino - centro,Baixo,-22.9002821,-43.1868475,Fechado,Bolsão d'água em via,2018-04-03,
5.0,26041,Sem bairro,2018-04-03 21:53:02+00:00,2018-04-04 01:48:18+00:00,Desconhecido,Av. armando lombardi- barra da tijuca,Baixo,-23.0065927,-43.31076150000001,Fechado,Bolsão d'água em via,2018-04-03,
5.0,26034,Sem bairro,2018-04-03 20:57:20+00:00,2018-04-03 23:48:05+00:00,Desconhecido,Av. brasil - alt. acesso l. amarela ,Baixo,-22.8611732,-43.452495,Fechado,Bolsão d'água em via,2018-04-03,
5.0,26040,Sem bairro,2018-04-03 21:43:10+00:00,2018-04-03 23:34:36+00:00,Desconhecido,Campo de são cristóvão,Baixo,-22.8982426,-43.218900599999984,Fechado,Bolsão d'água em via,2018-04-03,
5.0,26031,Sem bairro,2018-04-03 20:26:47+00:00,2018-04-04 00:02:18+00:00,Desconhecido,Av. brasil - alt. viaduto ataulfo alves,Baixo,-22.8611732,-43.452495,Fechado,Bolsão d'água em via,2018-04-03,
5.0,26035,Sem bairro,2018-04-03 21:05:46+00:00,2018-04-03 23:32:06+00:00,Desconhecido,R. do catete - junto r. silveira matins - centro,Baixo,-22.9269656,-43.17661150000004,Fechado,Bolsão d'água em via,2018-04-03,
5.0,26043,Sem bairro,2018-04-03 22:10:37+00:00,2018-04-04 04:13:46+00:00,Desconhecido,Av. rotary internacional - são cristovão ,Baixo,-22.9036939,-43.22437260000004,Fechado,Bolsão d'água em via,2018-04-03,
5.0,26033,Sem bairro,2018-04-03 20:50:16+00:00,2018-04-03 22:28:48+00:00,Desconhecido,R. vinte e quatro de maio - alt rua bela vista -engenho novo,Baixo,-22.9048385,-43.27367119999997,Fechado,Bolsão d'água em via,2018-04-03,
5.0,26039,Sem bairro,2018-04-03 21:37:13+00:00,2018-04-03 22:53:09+00:00,Desconhecido,R. dona maria com candido brasil - maracanã,Baixo,-22.918699,-43.23551659999998,Fechado,Bolsão d'água em via,2018-04-03,
5.0,26037,Sem bairro,2018-04-03 21:17:35+00:00,2018-04-03 23:33:41+00:00,Desconhecido,R. visc. de santa isabel com b. de são francisco- vila isabel,Baixo,-22.9170191,-43.2600549,Fechado,Bolsão d'água em via,2018-04-03,
5.0,26044,Sem bairro,2018-04-03 22:26:26+00:00,2018-04-03 23:32:52+00:00,Desconhecido,Praça jauru - taquara,Baixo,-22.9163341,-43.37805789999999,Fechado,Bolsão d'água em via,2018-04-03,
5.0,26036,Sem bairro,2018-04-03 21:12:22+00:00,2018-04-03 22:03:25+00:00,Desconhecido,R. rr. satamini junto campos salles ,Baixo,-22.9173094,-43.217744400000015,Fechado,Bolsão d'água em via,2018-04-03,
5.0,26092,Sem bairro,2018-04-05 22:42:57+00:00,2018-04-06 01:51:48+00:00,Desconhecido,R. bela - são cristóvão,Baixo,-22.8902897,-43.2232765,Fechado,Bolsão d'água em via,2018-04-05,
5.0,26093,Sem bairro,2018-04-05 22:58:36+00:00,2018-04-06 03:56:44+00:00,Desconhecido,Av. armando lombardi - são conrado,Baixo,-22.9730498,-43.38195489999998,Fechado,Bolsão d'água em via,2018-04-05,
5.0,26095,Sem bairro,2018-04-06 00:56:50+00:00,2018-04-06 03:56:11+00:00,Desconhecido,"Av. armando lombardi, 331 - barra da tijuca",Baixo,-23.0065927,-43.31076150000001,Fechado,Bolsão d'água em via,2018-04-06,
5.0,26111,Sem bairro,2018-04-07 01:56:09+00:00,2018-04-07 03:09:29+00:00,Desconhecido,"Autoestrada, alt. do joá - são conrado",Baixo,,,Fechado,Bolsão d'água em via,2018-04-07,
5.0,26110,Sem bairro,2018-04-07 01:51:34+00:00,2018-04-07 03:06:36+00:00,Desconhecido,"Auto estr. lagoa-barra, alt. estr. da gávea - rocinha",Baixo,,,Fechado,Bolsão d'água em via,2018-04-07,
5.0,26319,Sem bairro,2018-04-15 11:08:22+00:00,2018-04-15 14:44:23+00:00,Desconhecido,"Av. brasil, 2996 - alt. viaduto de benfica",Baixo,-22.886304,-43.22956099999999,Fechado,Bolsão d'água em via,2018-04-15,
5.0,26309,Sem bairro,2018-04-15 03:35:35+00:00,2018-04-15 05:31:50+00:00,Desconhecido,"Av. brasil, - alt. viad. ataulfo alves ",Baixo,-22.8611831,-43.45244779999996,Fechado,Bolsão d'água em via,2018-04-15,
31.0,26042,Sem bairro,2018-04-03 21:57:13+00:00,2018-04-04 14:40:33+00:00,Desconhecido,Estação mal. hermes,Baixo,-22.8599462,-43.369837700000005,Fechado,Alagamento,2018-04-03,
33.0,26321,Sem bairro,2018-04-15 11:37:08+00:00,2018-04-15 15:10:44+00:00,Desconhecido,"R. dos artistas, 176 - v. isabel - alt. r. ribeiro guimarães",Baixo,-22.9181994,-43.23821239999995,Fechado,Lâmina d'água,2018-04-15,
33.0,26311,Sem bairro,2018-04-15 06:21:32+00:00,2018-04-15 08:13:04+00:00,Desconhecido,"Av. pres. vargas, 3102 - cidade nova",Baixo,-22.909823,-43.206743200000005,Fechado,Lâmina d'água,2018-04-15,
5.0,23280,Sem bairro,2018-01-02 19:09:20+00:00,2018-01-02 22:33:41+00:00,Desconhecido,Avenida brasil - irajá,Baixo,-22.8238011,-43.3301768,Fechado,Bolsão d'água em via,2018-01-02,
5.0,23283,Sem bairro,2018-01-02 19:21:13+00:00,2018-01-02 20:08:33+00:00,Desconhecido,Linha vermelha - ilha do governador,Baixo,-22.8277382,-43.2504156,Fechado,Bolsão d'água em via,2018-01-02,
5.0,23274,Sem bairro,2018-01-02 18:38:32+00:00,2018-01-02 22:35:22+00:00,Desconhecido,Avenida brasil - jardim américa,Baixo,-22.7636397,-43.40736960000004,Fechado,Bolsão d'água em via,2018-01-02,
5.0,23279,Sem bairro,2018-01-02 19:05:01+00:00,2018-01-02 22:34:06+00:00,Desconhecido,Av. vicente de carvalho - penha circular,Baixo,-22.8459711,-43.3026271,Fechado,Bolsão d'água em via,2018-01-02,
5.0,23276,Sem bairro,2018-01-02 18:46:41+00:00,2018-01-02 22:35:01+00:00,Desconhecido,Avenida brasil - parada de lucas,Baixo,-22.8153277,-43.29902520000002,Fechado,Bolsão d'água em via,2018-01-02,
5.0,23278,Sem bairro,2018-01-02 18:58:48+00:00,2018-01-02 22:34:32+00:00,Desconhecido,Avenida brasil - manguinhos,Baixo,-22.8628651,-43.24761999999998,Fechado,Bolsão d'água em via,2018-01-02,
5.0,23291,Sem bairro,2018-01-02 20:58:59+00:00,2018-01-02 22:33:18+00:00,Desconhecido,Avenida brasil - coelho neto,Baixo,-22.8314613,-43.351393400000006,Fechado,Bolsão d'água em via,2018-01-02,
5.0,23277,Sem bairro,2018-01-02 18:52:12+00:00,2018-01-02 22:01:45+00:00,Desconhecido,Avenida brasil - ilha,Baixo,-22.8611732,-43.452495,Fechado,Bolsão d'água em via,2018-01-02,
5.0,23367,Sem bairro,2018-01-04 09:54:29+00:00,2018-01-04 15:49:07+00:00,Desconhecido,"R. mercúrio, 1562 - pavuna - alt. r. gomes de campos",Baixo,-22.8047416,-43.34939399999996,Fechado,Bolsão d'água em via,2018-01-04,
5.0,23358,Sem bairro,2018-01-04 07:47:20+00:00,2018-01-04 09:35:52+00:00,Desconhecido,R. bulhões marcial - v. geral - alt. linha vermelha,Baixo,-22.8125987,-43.30125099999998,Fechado,Bolsão d'água em via,2018-01-04,
5.0,23389,Sem bairro,2018-01-04 19:56:39+00:00,2018-01-04 22:45:36+00:00,Desconhecido,"Avenida brasil, alt. do viaduto de p. de lucas - parada de lucas",Baixo,,,Fechado,Bolsão d'água em via,2018-01-04,
5.0,23371,Sem bairro,2018-01-04 11:12:52+00:00,2018-01-04 15:46:44+00:00,Desconhecido,"Av. alfredo balthazar da silveira, 1900 - recreio ",Baixo,-23.0194558,-43.4528067,Fechado,Bolsão d'água em via,2018-01-04,
5.0,23356,Sem bairro,2018-01-04 07:13:41+00:00,2018-01-04 10:50:22+00:00,Desconhecido,"R. haddock lobo, 332 - tijuca - alt. r. eng. adel",Baixo,-22.9203107,-43.216856800000016,Fechado,Bolsão d'água em via,2018-01-04,
5.0,23354,Sem bairro,2018-01-04 06:56:21+00:00,2018-01-04 17:59:53+00:00,Desconhecido,"Av. eng. souza filho, 1138 - alt. estr. do itanhangá",Baixo,-22.9731557,-43.3365493,Fechado,Bolsão d'água em via,2018-01-04,
5.0,23353,Sem bairro,2018-01-04 06:53:38+00:00,2018-01-04 09:14:47+00:00,Desconhecido,"R. fonte da saudade, 55 - alt. r. humaitá",Baixo,-22.9602307,-43.203122399999984,Fechado,Bolsão d'água em via,2018-01-04,
5.0,23351,Sem bairro,2018-01-04 05:15:46+00:00,2018-01-04 09:19:57+00:00,Desconhecido,"Av. pres. vargas, 3137- cidade nova",Baixo,-22.9096098,-43.20607840000002,Fechado,Bolsão d'água em via,2018-01-04,
5.0,23445,Sem bairro,2018-01-07 10:20:55+00:00,2018-01-07 14:11:18+00:00,Desconhecido,"Estr. do mendanha, 1099 - campo grande",Baixo,-22.8715449,-43.55448239999998,Fechado,Bolsão d'água em via,2018-01-07,
5.0,23460,Sem bairro,2018-01-07 21:08:36+00:00,2018-01-08 00:01:22+00:00,Desconhecido,"Av. ayrton senna, 3000 - barra da tijuca",Baixo,-22.990013903961177,-43.3654224,Fechado,Bolsão d'água em via,2018-01-07,
5.0,23463,Sem bairro,2018-01-07 22:08:16+00:00,2018-01-08 01:36:14+00:00,Desconhecido,"Av. ernani cardoso, 350 - cascadura",Baixo,-22.8816328,-43.338975800000014,Fechado,Bolsão d'água em via,2018-01-07,
5.0,23462,Sem bairro,2018-01-07 21:45:39+00:00,2018-01-08 02:09:24+00:00,Desconhecido,"Estrada da barra da tijuca, 666 - barra da tijuca",Baixo,-23.006940556502368,-43.30282274019777,Fechado,Bolsão d'água em via,2018-01-07,
5.0,23461,Sem bairro,2018-01-07 21:35:07+00:00,2018-01-07 21:44:00+00:00,Desconhecido,Mergulhão billy blanco y- barra da tijuca,Baixo,,,Fechado,Bolsão d'água em via,2018-01-07,
5.0,23458,Sem bairro,2018-01-07 20:51:05+00:00,2018-01-08 01:35:04+00:00,Desconhecido,Av. ayrton senna - barra da tijuca,Baixo,-22.9866953,-43.3654224,Fechado,Bolsão d'água em via,2018-01-07,
5.0,23446,Sem bairro,2018-01-07 11:40:16+00:00,2018-01-07 14:10:55+00:00,Desconhecido,"R. bernardo de vasconcelos, 1595 - realengo - alt. r. vieira do nascimento",Baixo,-22.8758476,-43.43703370000003,Fechado,Bolsão d'água em via,2018-01-07,
5.0,23438,Sem bairro,2018-01-07 07:48:43+00:00,2018-01-07 14:12:35+00:00,Desconhecido,"Estr. do catonho, 2477 - jardim sulacap",Baixo,-22.8990007,-43.38938359999997,Fechado,Bolsão d'água em via,2018-01-07,
5.0,23465,Sem bairro,2018-01-07 22:24:48+00:00,2018-01-08 02:06:55+00:00,Desconhecido,"Estr. do joá, 2100 - joá",Baixo,-23.0073689,-43.28621850000002,Fechado,Bolsão d'água em via,2018-01-07,
5.0,23457,Sem bairro,2018-01-07 20:40:58+00:00,2018-01-08 02:08:00+00:00,Desconhecido,Av. brasil - manguinhos,Baixo,-22.8628651,-43.24761999999998,Fechado,Bolsão d'água em via,2018-01-07,
5.0,23456,Sem bairro,2018-01-07 20:21:43+00:00,2018-01-07 21:06:19+00:00,Desconhecido,"Estr. das capoeiras, 546- campo grande",Baixo,-22.89108781016684,-43.55944696137692,Fechado,Bolsão d'água em via,2018-01-07,
5.0,23441,Sem bairro,2018-01-07 08:56:14+00:00,2018-01-07 14:11:43+00:00,Desconhecido,"Av. brasil, 3535 - parada de lucas",Baixo,-22.814496987359743,-43.294519088855,Fechado,Bolsão d'água em via,2018-01-07,
5.0,23440,Sem bairro,2018-01-07 08:26:46+00:00,2018-01-07 14:12:03+00:00,Desconhecido,"Estr. da pedra, 3282 - guaratiba  ",Baixo,-22.9751943,-43.64780050000002,Fechado,Bolsão d'água em via,2018-01-07,
5.0,23484,Sem bairro,2018-01-08 06:15:41+00:00,2018-01-08 09:48:50+00:00,Desconhecido,R. domingos lopes - alt. estr. intendente de magalhães - madureira,Baixo,-22.88284717043955,-43.342317676196274,Fechado,Bolsão d'água em via,2018-01-08,
5.0,23535,Sem bairro,2018-01-08 21:03:56+00:00,2018-01-09 00:35:02+00:00,Desconhecido,Avenida brasil - benfica,Baixo,-22.8869731,-43.23228169999999,Fechado,Bolsão d'água em via,2018-01-08,
5.0,23494,Sem bairro,2018-01-08 07:25:52+00:00,2018-01-08 10:50:06+00:00,Desconhecido,Av. dos democráticos - alt cidade da policia - jacaré,Baixo,-22.9145174,-43.18330270000001,Fechado,Bolsão d'água em via,2018-01-08,
5.0,23534,Sem bairro,2018-01-08 20:59:34+00:00,2018-01-09 03:18:30+00:00,Desconhecido,"Av. brasil, alt. da passarela 22 - irajá",Baixo,-22.8217732,-43.32334130000004,Fechado,Bolsão d'água em via,2018-01-08,
5.0,23477,Sem bairro,2018-01-08 05:20:38+00:00,2018-01-08 09:48:55+00:00,Desconhecido,"Av. ernani cardoso, 350 - cascadura",Baixo,-22.8816328,-43.338975800000014,Fechado,Bolsão d'água em via,2018-01-08,
5.0,23530,Sem bairro,2018-01-08 20:38:30+00:00,2018-01-09 00:29:49+00:00,Desconhecido,"Av. brasil, alt. refinaria de manguinhos - manguinhos",Baixo,-22.8858621,-43.23558919999999,Fechado,Bolsão d'água em via,2018-01-08,
5.0,23490,Sem bairro,2018-01-08 07:06:47+00:00,2018-01-08 08:22:42+00:00,Desconhecido,R. fonte da saudade - alt acesso ao humaitá - lagoa,Baixo,-22.96052095356059,-43.20271116931156,Fechado,Bolsão d'água em via,2018-01-08,
5.0,23503,Sem bairro,2018-01-08 08:24:18+00:00,2018-01-08 08:36:13+00:00,Desconhecido,Rua clarimundo de melo - quintino bocaiuva,Baixo,-22.895834,-43.31614730000001,Fechado,Bolsão d'água em via,2018-01-08,
5.0,23539,Sem bairro,2018-01-08 23:02:54+00:00,2018-01-08 23:21:54+00:00,Desconhecido,R. gramado - campo grande,Baixo,-22.9044311,-43.57067089999998,Fechado,Bolsão d'água em via,2018-01-08,
5.0,23495,Sem bairro,2018-01-08 07:27:45+00:00,2018-01-08 09:51:19+00:00,Desconhecido,Estação tomás coelho  - tomás coelho ,Baixo,-22.8690772711054,-43.30396403121336,Fechado,Bolsão d'água em via,2018-01-08,
5.0,23475,Sem bairro,2018-01-08 02:21:03+00:00,2018-01-08 03:56:02+00:00,Desconhecido,"Av. radial oeste, 173 - praça da bandeira",Baixo,-22.910619387642765,-43.21728107724607,Fechado,Bolsão d'água em via,2018-01-08,
5.0,23485,Sem bairro,2018-01-08 06:21:43+00:00,2018-01-08 08:20:36+00:00,Desconhecido,R. candido do benício - alt. r. pinto teles - praça seca ,Baixo,-22.89046515534168,-43.347322513739016,Fechado,Bolsão d'água em via,2018-01-08,
5.0,23482,Sem bairro,2018-01-08 06:04:31+00:00,2018-01-08 07:59:18+00:00,Desconhecido,R. vinte e quatro de maio - buraco do padre - meier,Baixo,-22.9024414,-43.26846949999998,Fechado,Bolsão d'água em via,2018-01-08,
5.0,23532,Sem bairro,2018-01-08 20:46:56+00:00,2018-01-09 00:33:21+00:00,Desconhecido,"Avenida brasil, alt. do bpve - parada de lucas",Baixo,,,Fechado,Bolsão d'água em via,2018-01-08,
5.0,23529,Sem bairro,2018-01-08 19:41:41+00:00,2018-01-09 00:23:51+00:00,Desconhecido,"Avenida brasil, alt. rod. washington luís - cidade alta",Baixo,,,Fechado,Bolsão d'água em via,2018-01-08,
5.0,23508,Sem bairro,2018-01-08 09:26:27+00:00,2018-01-08 12:07:12+00:00,Desconhecido, r. morais e silva - alt. rua ibituruna - maracanã,Baixo,-22.91328028924111,-43.222720474066136,Fechado,Bolsão d'água em via,2018-01-08,
5.0,23497,Sem bairro,2018-01-08 07:33:39+00:00,2018-01-08 14:14:19+00:00,Desconhecido,R. alexandre calaza - vila isabel,Baixo,-22.9186044,-43.25990209999998,Fechado,Bolsão d'água em via,2018-01-08,
5.0,23491,Sem bairro,2018-01-08 07:09:07+00:00,2018-01-08 07:41:32+00:00,Desconhecido,Estra. do catonho 2483 - jardim sulacap,Baixo,-22.8962142,-43.39823130000002,Fechado,Bolsão d'água em via,2018-01-08,
5.0,23474,Sem bairro,2018-01-08 00:37:08+00:00,2018-01-08 02:17:27+00:00,Desconhecido,"Estr. do barro vermelho, 1470 - colégio",Baixo,-22.84547341923153,-43.33819223698731,Fechado,Bolsão d'água em via,2018-01-08,
5.0,23500,Sem bairro,2018-01-08 07:50:20+00:00,2018-01-08 11:46:25+00:00,Desconhecido,Estr. adhemar bebiano 4552 - inhauma,Baixo,-22.8707017,-43.28369429999998,Fechado,Bolsão d'água em via,2018-01-08,
5.0,23498,Sem bairro,2018-01-08 07:45:11+00:00,2018-01-08 12:00:21+00:00,Desconhecido,Av. vicente de carvalho - alt. praça marco aurélio - vicente de carvalho,Baixo,-22.8512885,-43.31092109999997,Fechado,Bolsão d'água em via,2018-01-08,
5.0,23533,Sem bairro,2018-01-08 20:54:52+00:00,2018-01-09 00:34:22+00:00,Desconhecido,"Av. brasil, alt. da passarela 23 - irajá",Baixo,-22.8217732,-43.32334130000004,Fechado,Bolsão d'água em via,2018-01-08,
5.0,23481,Sem bairro,2018-01-08 05:49:00+00:00,2018-01-08 14:14:22+00:00,Desconhecido,"R. barão de capanema, 85- bangu",Baixo,-22.87786721245588,-43.46976915396726,Fechado,Bolsão d'água em via,2018-01-08,
5.0,23504,Sem bairro,2018-01-08 08:38:57+00:00,2018-01-08 10:51:00+00:00,Desconhecido,R. bonsucesso - alt. da saída 7 - alt. manguinhos,Baixo,-22.8628516,-43.25337339999999,Fechado,Bolsão d'água em via,2018-01-08,
5.0,23525,Sem bairro,2018-01-08 16:16:33+00:00,2018-01-09 03:18:07+00:00,Desconhecido,"Av. campo mourão, 341 - guaratiba",Baixo,-22.9617698,-43.60818929999999,Fechado,Bolsão d'água em via,2018-01-08,
5.0,23618,Sem bairro,2018-01-12 17:05:49+00:00,2018-01-12 17:52:16+00:00,Desconhecido,Av. brasil - benfica - alt. da linha vermelha,Baixo,-22.8869731,-43.23228169999999,Fechado,Bolsão d'água em via,2018-01-12,
5.0,23617,Sem bairro,2018-01-12 16:33:34+00:00,2018-01-12 16:40:11+00:00,Desconhecido,Campo de são cristóvão,Baixo,-22.8967618,-43.22156819999998,Fechado,Bolsão d'água em via,2018-01-12,
5.0,23615,Sem bairro,2018-01-12 16:19:58+00:00,2018-01-12 17:31:20+00:00,Desconhecido,Rua clarimundo de melo - quintino ,Baixo,-22.8921129,-43.32382589999997,Fechado,Bolsão d'água em via,2018-01-12,
5.0,23606,Sem bairro,2018-01-12 15:44:12+00:00,2018-01-12 16:41:14+00:00,Desconhecido,"R. vinte e quatro de maio, 983 - sampaio - alt. do buraco do padre",Baixo,-22.9032958,-43.26910520000001,Fechado,Bolsão d'água em via,2018-01-12,
5.0,23611,Sem bairro,2018-01-12 16:03:11+00:00,2018-01-12 17:30:51+00:00,Desconhecido,"Av. pres. vargas, 3102 - alt. do metrô da cidade nova",Baixo,-22.909823,-43.206743200000005,Fechado,Bolsão d'água em via,2018-01-12,
5.0,23604,Sem bairro,2018-01-12 15:38:40+00:00,2018-01-12 16:42:35+00:00,Desconhecido,"Av. dom hélder câmara, 312 - benfica - alt. r. leopoldo bulhões",Baixo,-22.890313,-43.242232899999976,Fechado,Bolsão d'água em via,2018-01-12,
5.0,23666,Sem bairro,2018-01-13 20:01:26+00:00,2018-01-13 21:59:15+00:00,Desconhecido,"Rua francisco real, 1300 - bangu",Baixo,-22.8792914,-43.4579589,Fechado,Bolsão d'água em via,2018-01-13,
5.0,23869,Sem bairro,2018-01-20 20:52:29+00:00,2018-01-20 22:05:37+00:00,Desconhecido,R. vital - quintino bocaiuva,Baixo,-22.8863907,-43.3188821,Fechado,Bolsão d'água em via,2018-01-20,
5.0,23868,Sem bairro,2018-01-20 20:49:38+00:00,2018-01-20 22:02:23+00:00,Desconhecido,R. joão barbalho - quintino bocaiuva,Baixo,-22.890603410423388,-43.31786021639402,Fechado,Bolsão d'água em via,2018-01-20,
5.0,23864,Sem bairro,2018-01-20 19:36:55+00:00,2018-01-20 20:27:40+00:00,Desconhecido,Av. marechal fontenele - realengo,Baixo,-22.88439832495389,-43.40458919206543,Fechado,Bolsão d'água em via,2018-01-20,
5.0,23867,Sem bairro,2018-01-20 20:05:00+00:00,2018-01-20 22:02:42+00:00,Desconhecido,"Estrada do portela - madureira,",Baixo,-22.87246896356052,-43.33961245711669,Fechado,Bolsão d'água em via,2018-01-20,
5.0,23904,Sem bairro,2018-01-22 19:34:11+00:00,2018-01-22 21:24:17+00:00,Desconhecido,R. bernardo de vasconcelos - realengo,Baixo,-22.8760466,-43.43363260000001,Fechado,Bolsão d'água em via,2018-01-22,
5.0,23909,Sem bairro,2018-01-22 20:10:58+00:00,2018-01-23 01:25:16+00:00,Desconhecido,"Av. brasil, alt. de bangu",Baixo,-22.8557973,-43.4915896,Fechado,Bolsão d'água em via,2018-01-22,
5.0,24019,Sem bairro,2018-01-26 12:12:03+00:00,2018-01-26 12:47:16+00:00,Desconhecido,Campo de são cristóvão - alt. r. leonor porto,Baixo,-22.8960064,-43.22177429999999,Fechado,Bolsão d'água em via,2018-01-26,
5.0,24045,Sem bairro,2018-01-26 21:44:35+00:00,2018-01-26 21:50:15+00:00,Desconhecido,R. clemente falcão - tijuca,Baixo,-22.926961,-43.24224579999998,Fechado,Bolsão d'água em via,2018-01-26,
5.0,24008,Sem bairro,2018-01-26 09:48:42+00:00,2018-01-26 10:28:54+00:00,Desconhecido,Descida do viaduto dos aviadores - sent. pça da bandeira,Baixo,-22.9070828,-43.181914800000015,Fechado,Bolsão d'água em via,2018-01-26,
5.0,24037,Sem bairro,2018-01-26 19:19:42+00:00,2018-01-26 20:35:13+00:00,Desconhecido,Av. min. edgard romero - madureira,Baixo,-22.8660996,-43.33433980000001,Fechado,Bolsão d'água em via,2018-01-26,
5.0,24044,Sem bairro,2018-01-26 20:20:43+00:00,2018-01-26 21:42:36+00:00,Desconhecido,"R. manuel vitórino, 851 - piedade",Baixo,-22.8911658,-43.30943130000003,Fechado,Bolsão d'água em via,2018-01-26,
5.0,24040,Sem bairro,2018-01-26 20:01:09+00:00,2018-01-26 21:41:02+00:00,Desconhecido,R. pirangi - olaria,Baixo,-22.8398998,-43.25742500000001,Fechado,Bolsão d'água em via,2018-01-26,
5.0,24021,Sem bairro,2018-01-26 12:56:11+00:00,2018-01-26 14:40:06+00:00,Desconhecido,"Av. brasil, 2996 - alt. viaduto de benfica",Baixo,-22.886304,-43.22956099999999,Fechado,Bolsão d'água em via,2018-01-26,
5.0,24007,Sem bairro,2018-01-26 09:23:46+00:00,2018-01-26 10:00:44+00:00,Desconhecido,"Campo de são cristóvão, alt. r. leonor porto - são cristóvão",Baixo,-22.896465295182004,-43.22136435211485,Fechado,Bolsão d'água em via,2018-01-26,
5.0,24046,Sem bairro,2018-01-26 21:47:05+00:00,2018-01-26 21:50:26+00:00,Desconhecido,Av. teixeira de castro - ramos,Baixo,-22.852433,-43.2508368,Fechado,Bolsão d'água em via,2018-01-26,
5.0,23998,Sem bairro,2018-01-26 06:07:31+00:00,2018-01-26 07:35:52+00:00,Desconhecido,"Av. cesário de melo, 8121 - cosmos - alt. gar. pégaso",Baixo,-22.9161086,-43.607958,Fechado,Bolsão d'água em via,2018-01-26,
5.0,24036,Sem bairro,2018-01-26 18:59:52+00:00,2018-01-26 19:39:16+00:00,Desconhecido,"R. leopoldo bulhões, alt. da av. dom helder câmara - benfica",Baixo,,,Fechado,Bolsão d'água em via,2018-01-26,
5.0,24043,Sem bairro,2018-01-26 20:09:23+00:00,2018-01-26 21:42:20+00:00,Desconhecido,"Av. amaro cavalcanti, alt. do numeral 2407 - piedade",Baixo,-22.8964838,-43.28906340000003,Fechado,Bolsão d'água em via,2018-01-26,
5.0,24039,Sem bairro,2018-01-26 19:55:03+00:00,2018-01-26 20:36:07+00:00,Desconhecido,"Av. cesário de melo, alt. do cemitério - campo grande",Baixo,-22.9084387,-43.57315849999998,Fechado,Bolsão d'água em via,2018-01-26,
5.0,24041,Sem bairro,2018-01-26 20:02:48+00:00,2018-01-26 21:41:13+00:00,Desconhecido,"Av. santa cruz, alt. do cavalo de aço - santíssimo",Baixo,,,Fechado,Bolsão d'água em via,2018-01-26,
5.0,24096,Sem bairro,2018-01-27 18:09:00+00:00,2018-01-27 20:23:39+00:00,Desconhecido,"Av. francisco bicalho, 10 - santo cristo",Baixo,-22.89922375058857,-43.21114166085204,Fechado,Bolsão d'água em via,2018-01-27,
5.0,24078,Sem bairro,2018-01-27 13:02:08+00:00,2018-01-27 16:31:38+00:00,Desconhecido,"Estr. do rio jequiá, 1042 - zumbi",Baixo,-22.8197176,-43.1824307,Fechado,Bolsão d'água em via,2018-01-27,
5.0,24058,Sem bairro,2018-01-27 08:00:46+00:00,2018-01-27 10:17:33+00:00,Desconhecido,"Estr. do galeão, 1346 - ilha do governador - alt. r. vístula",Baixo,-22.8080323,-43.19645000000003,Fechado,Bolsão d'água em via,2018-01-27,
5.0,24089,Sem bairro,2018-01-27 16:34:45+00:00,2018-01-27 17:45:18+00:00,Desconhecido,"Via binário do porto, 563 - santo cristo - alt. av. prof. pereira reis",Baixo,-22.8957636,-43.201391400000034,Fechado,Bolsão d'água em via,2018-01-27,
5.0,24070,Sem bairro,2018-01-27 10:53:20+00:00,2018-01-27 12:08:54+00:00,Desconhecido,"Campo de são cristóvão, 101 - alt. r. leonor porto",Baixo,-22.8967618,-43.22156819999998,Fechado,Bolsão d'água em via,2018-01-27,
5.0,24060,Sem bairro,2018-01-27 08:41:43+00:00,2018-01-27 10:17:08+00:00,Desconhecido,R. muiatuca - ilha do governador,Baixo,-22.8050856,-43.19712470000002,Fechado,Bolsão d'água em via,2018-01-27,
5.0,24067,Sem bairro,2018-01-27 10:08:37+00:00,2018-01-27 12:38:24+00:00,Desconhecido,"R. barão de mesquita, 440 - tijuca - alt. r. josé higino",Baixo,-22.9240982,-43.24007340000003,Fechado,Bolsão d'água em via,2018-01-27,
5.0,24077,Sem bairro,2018-01-27 12:24:44+00:00,2018-01-27 14:27:14+00:00,Desconhecido,"Estr. do galeão, 2220 - ilha do gov - alt. da av. maestro paulo e silva",Baixo,-22.8039647,-43.2035659,Fechado,Bolsão d'água em via,2018-01-27,
5.0,24073,Sem bairro,2018-01-27 11:18:30+00:00,2018-01-27 19:54:03+00:00,Desconhecido,"Av. francisco bicalho, 300 - s. cristo - alt. do iml",Baixo,-22.9058322,-43.21075489999998,Fechado,Bolsão d'água em via,2018-01-27,
5.0,24062,Sem bairro,2018-01-27 09:04:32+00:00,2018-01-27 14:27:26+00:00,Desconhecido,"R. mendes de aguiar, 248 - madureira",Baixo,-22.880081,-43.33433549999995,Fechado,Bolsão d'água em via,2018-01-27,
5.0,24066,Sem bairro,2018-01-27 09:46:42+00:00,2018-01-27 12:37:24+00:00,Desconhecido,R. pio dutra - ilha do governador,Baixo,-22.7923047,-43.17368210000001,Fechado,Bolsão d'água em via,2018-01-27,
5.0,24075,Sem bairro,2018-01-27 12:15:13+00:00,2018-01-27 13:14:58+00:00,Desconhecido,Av. ernani cardoso - cascadura,Baixo,-22.8819269,-43.33274829999999,Fechado,Bolsão d'água em via,2018-01-27,
5.0,24063,Sem bairro,2018-01-27 09:06:31+00:00,2018-01-27 15:59:29+00:00,Desconhecido,R. elias da silva - piedade,Baixo,-22.889086,-43.31530509999999,Fechado,Bolsão d'água em via,2018-01-27,
5.0,24074,Sem bairro,2018-01-27 12:11:23+00:00,2018-01-27 12:26:33+00:00,Desconhecido,Praia da bica - ilha do governador,Baixo,-22.8185663,-43.19842140000003,Fechado,Bolsão d'água em via,2018-01-27,
5.0,24097,Sem bairro,2018-01-27 18:12:14+00:00,2018-01-27 20:23:09+00:00,Desconhecido,Av. rio de janeiro - caju,Baixo,-22.893109383933627,-43.21443435637207,Fechado,Bolsão d'água em via,2018-01-27,
5.0,24065,Sem bairro,2018-01-27 09:45:34+00:00,2018-01-27 12:41:48+00:00,Desconhecido,Rua erico coelho - ilha do governador,Baixo,-22.7983012,-43.185297100000014,Fechado,Bolsão d'água em via,2018-01-27,
5.0,24068,Sem bairro,2018-01-27 10:41:17+00:00,2018-01-27 13:44:34+00:00,Desconhecido,R. dos artistas - vila isabel,Baixo,-22.9184921,-43.23863159999996,Fechado,Bolsão d'água em via,2018-01-27,
5.0,24069,Sem bairro,2018-01-27 10:46:21+00:00,2018-01-27 23:15:20+00:00,Desconhecido,R. alexandre calaza - vila isabel,Baixo,-22.9186044,-43.25990209999998,Fechado,Bolsão d'água em via,2018-01-27,
5.0,24079,Sem bairro,2018-01-27 13:09:26+00:00,2018-01-28 06:52:30+00:00,Desconhecido,"R. ribeiro guimarães, 245 - vila isabel",Baixo,-22.919563,-43.237300800000014,Fechado,Bolsão d'água em via,2018-01-27,
5.0,24088,Sem bairro,2018-01-27 16:00:14+00:00,2018-01-27 22:03:04+00:00,Desconhecido,R. alm. joão cândido brasil - vila isabel,Baixo,-22.9181795,-43.2361914,Fechado,Bolsão d'água em via,2018-01-27,
5.0,24192,Sem bairro,2018-01-30 18:39:50+00:00,2018-01-30 20:22:31+00:00,Desconhecido,"Av. brasil, alt. de benfica ",Baixo,-22.8869731,-43.23228169999999,Fechado,Bolsão d'água em via,2018-01-30,
6.0,24018,Sem bairro,2018-01-26 11:47:59+00:00,2018-01-26 12:48:17+00:00,Desconhecido,"Av. brasil, 7035 - ramos - alt. da borgauto",Baixo,-22.8476419,-43.24773490000001,Fechado,Alagamento,2018-01-26,
6.0,24103,Sem bairro,2018-01-27 19:36:35+00:00,2018-01-27 21:24:53+00:00,Desconhecido,"Praia de botafogo, 228 - botafogo",Baixo,-22.9422037,-43.1813181,Fechado,Alagamento,2018-01-27,
31.0,23520,Sem bairro,2018-01-08 11:55:53+00:00,2018-01-08 13:40:16+00:00,Desconhecido,Comunidade cidade de deus,Baixo,-22.9481688,-43.3626721,Fechado,Alagamento,2018-01-08,
31.0,23492,Sem bairro,2018-01-08 07:14:13+00:00,2018-01-08 11:34:34+00:00,Desconhecido,Av. leopoldo bulhões - alt. r. uranos - benfica,Baixo,-22.88779638985695,-43.24626181338351,Fechado,Alagamento,2018-01-08,
31.0,23519,Sem bairro,2018-01-08 11:26:56+00:00,2018-01-08 12:23:33+00:00,Desconhecido,Rua padre peroneli - alt. dutra - jardim america,Baixo,-22.81340904987948,-43.32904369472044,Fechado,Alagamento,2018-01-08,
31.0,23499,Sem bairro,2018-01-08 07:47:36+00:00,2018-01-08 11:08:34+00:00,Desconhecido,Estação mal. hermes - marechal hermes,Baixo,-22.86057891297799,-43.37024539577027,Fechado,Alagamento,2018-01-08,
31.0,23517,Sem bairro,2018-01-08 11:11:25+00:00,2018-01-09 03:17:24+00:00,Desconhecido,Rio acarí,Baixo,-22.83391652962573,-43.35952328582766,Fechado,Alagamento,2018-01-08,
31.0,23501,Sem bairro,2018-01-08 07:55:37+00:00,2018-01-08 18:11:33+00:00,Desconhecido,Av. olof palme - curicica ,Baixo,-22.9801402,-43.4142774,Fechado,Alagamento,2018-01-08,
31.0,23907,Sem bairro,2018-01-22 19:54:07+00:00,2018-01-23 01:26:30+00:00,Desconhecido,R. prof. clemente ferreira - bangu,Baixo,-22.8777408,-43.45993479999999,Fechado,Alagamento,2018-01-22,
31.0,23912,Sem bairro,2018-01-22 20:35:05+00:00,2018-01-23 01:24:09+00:00,Desconhecido,Praça da fé - bangu,Baixo,-22.8819783,-43.46467229999996,Fechado,Alagamento,2018-01-22,
31.0,23910,Sem bairro,2018-01-22 20:19:09+00:00,2018-01-23 01:24:57+00:00,Desconhecido,Rua do arroio - bangu,Baixo,-22.8698837,-43.459378000000015,Fechado,Alagamento,2018-01-22,
31.0,23915,Sem bairro,2018-01-22 21:25:27+00:00,2018-01-23 01:23:10+00:00,Desconhecido,"R. mal. marciano, 1756 - padre miguel",Baixo,-22.8692474,-43.44770619999997,Fechado,Alagamento,2018-01-22,
31.0,23908,Sem bairro,2018-01-22 19:59:41+00:00,2018-01-23 01:26:01+00:00,Desconhecido,"R. maravilha, alt. da r. da usina - bangu",Baixo,-22.8803029,-43.4575337,Fechado,Alagamento,2018-01-22,
31.0,23916,Sem bairro,2018-01-22 22:35:08+00:00,2018-01-22 23:58:08+00:00,Desconhecido,"R. bernardo de vasconcelos, alt. da r. imperador - realengo",Baixo,-22.8766138,-43.43085669999999,Fechado,Alagamento,2018-01-22,
31.0,23901,Sem bairro,2018-01-22 19:13:02+00:00,2018-01-23 01:28:43+00:00,Desconhecido,Rua baitaca - realengo,Baixo,-22.8647185,-43.43778259999999,Fechado,Alagamento,2018-01-22,
31.0,23902,Sem bairro,2018-01-22 19:16:04+00:00,2018-01-23 01:28:12+00:00,Desconhecido,Rua porto das pedras - padre miguel,Baixo,-22.8694169,-43.45434849999998,Fechado,Alagamento,2018-01-22,
31.0,23919,Sem bairro,2018-01-22 23:02:55+00:00,2018-01-23 07:40:28+00:00,Desconhecido,Buraco do faim - bangu,Baixo,-22.8753188,-43.4624432,Fechado,Alagamento,2018-01-22,
31.0,23903,Sem bairro,2018-01-22 19:21:46+00:00,2018-01-23 01:27:27+00:00,Desconhecido,"Av. santa cruz, alt. da estação ferroviária - bangu",Baixo,,,Fechado,Alagamento,2018-01-22,
33.0,23373,Sem bairro,2018-01-04 11:32:44+00:00,2018-01-04 18:04:34+00:00,Desconhecido,"Av. passos, 65 - centro - alt. r. buenos aires",Baixo,-22.9044036,-43.18339979999996,Fechado,Lâmina d'água,2018-01-04,
33.0,23376,Sem bairro,2018-01-04 14:10:10+00:00,2018-01-04 18:52:10+00:00,Desconhecido,"Av. heitor beltrão, 351 - tijuca",Baixo,-22.9205292,-43.22357410000001,Fechado,Lâmina d'água,2018-01-04,
33.0,23455,Sem bairro,2018-01-07 20:13:01+00:00,2018-01-08 02:10:31+00:00,Desconhecido,"Estrada marechal miguel salazar mendes de moraes, 1622 - cidade de deus",Baixo,-22.9469127,-43.36112379999997,Fechado,Lâmina d'água,2018-01-07,
33.0,23435,Sem bairro,2018-01-07 07:15:52+00:00,2018-01-07 14:12:48+00:00,Desconhecido,"Av. marechal fontenele, 4895 - realengo",Baixo,-22.8788106,-43.4155323,Fechado,Lâmina d'água,2018-01-07,
33.0,23429,Sem bairro,2018-01-07 06:23:03+00:00,2018-01-07 14:13:07+00:00,Desconhecido,"Av. armando lombardi, 350 - alt. do barra point",Baixo,-23.0062768,-43.30857279999998,Fechado,Lâmina d'água,2018-01-07,
33.0,23434,Sem bairro,2018-01-07 07:13:37+00:00,2018-01-07 14:12:54+00:00,Desconhecido,"Av. de santa cruz, 2109 - alt. da estr. do realengo",Baixo,-22.8776648,-43.44352909999998,Fechado,Lâmina d'água,2018-01-07,
33.0,23452,Sem bairro,2018-01-07 17:57:36+00:00,2018-01-08 01:33:54+00:00,Desconhecido,"Estr. do campinho, 6891 - paciência",Baixo,-22.8854532,-43.62715809999997,Fechado,Lâmina d'água,2018-01-07,
33.0,23454,Sem bairro,2018-01-07 19:58:33+00:00,2018-01-08 01:33:46+00:00,Desconhecido,Autoestrada lagoa-barra - são conrado,Baixo,-22.99565458561674,-43.2592468991669,Fechado,Lâmina d'água,2018-01-07,
33.0,23436,Sem bairro,2018-01-07 07:18:09+00:00,2018-01-07 14:12:42+00:00,Desconhecido,"Av. marechal fontenele, 4138 - sulacap - alt. estr. mal. mallet",Baixo,-22.8822598,-43.40972199999999,Fechado,Lâmina d'água,2018-01-07,
33.0,23442,Sem bairro,2018-01-07 09:25:30+00:00,2018-01-07 14:11:29+00:00,Desconhecido,"Av. ayrton senna, 5555 - gardênia azul - alt. do senac",Baixo,-22.9633882,-43.35857099999998,Fechado,Lâmina d'água,2018-01-07,
33.0,23433,Sem bairro,2018-01-07 07:11:25+00:00,2018-01-07 14:13:00+00:00,Desconhecido,"Av. de santa cruz, 2317 - padre miguel - alt. da r. cajaíba",Baixo,-22.8772143,-43.4452733,Fechado,Lâmina d'água,2018-01-07,
33.0,23478,Sem bairro,2018-01-08 05:24:31+00:00,2018-01-08 08:15:54+00:00,Desconhecido,"Av. ayrton senna, 3600 - jacarepagua",Baixo,-22.96302007946443,-43.35705858088989,Fechado,Lâmina d'água,2018-01-08,
33.0,23479,Sem bairro,2018-01-08 05:36:48+00:00,2018-01-08 10:36:51+00:00,Desconhecido,Rua medina - meier,Baixo,-22.899952755153944,-43.28126371586916,Fechado,Lâmina d'água,2018-01-08,
33.0,23480,Sem bairro,2018-01-08 05:39:39+00:00,2018-01-08 08:15:10+00:00,Desconhecido,"Av. ayrton senna, 4130 - gardênia azul",Baixo,-22.95787066711105,-43.35673942750856,Fechado,Lâmina d'água,2018-01-08,
33.0,23541,Sem bairro,2018-01-09 06:14:36+00:00,2018-01-09 14:36:26+00:00,Desconhecido,Av. eng. souza filho - itanhangá,Baixo,-22.98840273498836,-43.32543505390623,Fechado,Lâmina d'água,2018-01-09,
33.0,23865,Sem bairro,2018-01-20 19:42:28+00:00,2018-01-20 20:28:05+00:00,Desconhecido,"Av. de santa cruz, 419 - realengo",Baixo,-22.878672908116418,-43.42830214137268,Fechado,Lâmina d'água,2018-01-20,
33.0,24006,Sem bairro,2018-01-26 09:20:40+00:00,2018-01-26 10:29:04+00:00,Desconhecido,"R. escobar, alt.  r. santos lima, 15 - são cristóvão",Baixo,-22.89779592614509,-43.21772826455685,Fechado,Lâmina d'água,2018-01-26,
5.0,59392,Caju,2020-12-27 09:47:54+00:00,2020-12-27 17:11:40+00:00,Curto,Av. brasil - into - caju - sent. centro,Baixo,-22.8934145,-43.2148592,Fechado,Bolsão d'água em via,2020-12-27,
5.0,58826,Caju,2020-12-08 07:07:25+00:00,2020-12-08 20:29:34+00:00,Curto,"Av. brasil, 500 - alt. into - caju - sent. centro",Baixo,-22.8934145,-43.2148592,Fechado,Bolsão d'água em via,2020-12-08,
5.0,58932,Caju,2020-12-11 06:14:00+00:00,2020-12-11 11:08:36+00:00,Curto,Av rodrigues alves - alt into - caju - sent centro,Baixo,-22.8934145,-43.2148592,Fechado,Bolsão d'água em via,2020-12-11,
5.0,59360,Caju,2020-12-26 06:28:14+00:00,2020-12-26 16:49:49+00:00,Curto,"Av. brasil, alt. de são cristóvão - sent. centro",Baixo,-22.8868952,-43.2250095,Fechado,Bolsão d'água em via,2020-12-26,
5.0,58804,Caju,2020-12-07 23:45:44+00:00,2020-12-08 01:51:38+00:00,Curto,"Av. brasil, alt do caju - sent. z. oeste",Baixo,-22.8832286,-43.2261155,Fechado,Bolsão d'água em via,2020-12-07,
5.0,59348,Lagoa,2020-12-25 21:15:32+00:00,2020-12-25 23:21:48+00:00,Curto,Av. epitácio pessoa - alt. r. vinícius de moraes - lagoa,Baixo,-22.980224876438857,-43.205591477770994,Fechado,Bolsão d'água em via,2020-12-25,
5.0,58809,Lagoa,2020-12-08 00:08:19+00:00,2020-12-08 01:28:38+00:00,Curto,"Av. borges de medeiros, alt. piraque - lagoa",Baixo,-22.9733447,-43.2180507,Fechado,Bolsão d'água em via,2020-12-08,
5.0,59337,Penha,2020-12-25 20:15:30+00:00,2020-12-25 22:12:42+00:00,Curto,Av. brasil - alt. canal do cunha - sent. centro,Baixo,-22.8342946,-43.2608316,Fechado,Bolsão d'água em via,2020-12-25,
5.0,58877,Catete,2020-12-09 23:04:59+00:00,2020-12-10 03:09:16+00:00,Curto,"Rua do catete, alt. r. silveira martins - catete",Baixo,-22.9259796,-43.1778145,Fechado,Bolsão d'água em via,2020-12-09,
5.0,58909,Catete,2020-12-10 11:48:49+00:00,2020-12-10 12:30:18+00:00,Curto,Rua do catete alt. r. silveira martins,Baixo,-22.925732,-43.1765863,Fechado,Bolsão d'água em via,2020-12-10,
5.0,58879,Catete,2020-12-09 23:13:10+00:00,2020-12-10 01:00:59+00:00,Curto,"Rua do catete, alt. r. das laranjeiras - catete",Baixo,-22.9279602,-43.1807701,Fechado,Bolsão d'água em via,2020-12-09,
5.0,58878,Catete,2020-12-09 23:08:21+00:00,2020-12-10 00:59:54+00:00,Curto,"Largo do machado, alt. r. bento lisboa - catete",Baixo,-22.930645,-43.179477,Fechado,Bolsão d'água em via,2020-12-09,
5.0,58798,Catete,2020-12-07 23:09:58+00:00,2020-12-08 02:00:47+00:00,Curto,"Rua do catete, alt. r. silveira martins - catete",Baixo,-22.9259796,-43.1778145,Fechado,Bolsão d'água em via,2020-12-07,
5.0,58800,Centro,2020-12-07 23:24:35+00:00,2020-12-08 01:04:25+00:00,Curto,"Praça da república, alt. r. vinte de abril - centro",Baixo,-22.909504,-43.1887206,Fechado,Bolsão d'água em via,2020-12-07,
5.0,58887,Centro,2020-12-10 00:55:01+00:00,2020-12-10 04:00:37+00:00,Curto,"Av. augusto severo, alt. praça paris - glória - sent. centro",Baixo,-22.9158641,-43.1757683,Fechado,Bolsão d'água em via,2020-12-10,
5.0,59350,Centro,2020-12-25 21:25:21+00:00,2020-12-25 23:23:40+00:00,Curto,"Av. henrique valadares, alt. r. dos inválidos - centro",Baixo,-22.9113173,-43.18607540000001,Fechado,Bolsão d'água em via,2020-12-25,
5.0,59362,Centro,2020-12-26 07:05:49+00:00,2020-12-26 09:16:07+00:00,Curto,"R. araújo porto alegre, 79 - centro",Baixo,-22.9091348,-43.1757375,Fechado,Bolsão d'água em via,2020-12-26,
5.0,59349,Centro,2020-12-25 21:17:54+00:00,2020-12-25 23:23:29+00:00,Curto,"Av. gomes freire, alt. r. dos inválidos - centro",Baixo,-22.9105632,-43.183956,Fechado,Bolsão d'água em via,2020-12-25,
5.0,59361,Centro,2020-12-26 06:44:11+00:00,2020-12-26 08:55:56+00:00,Curto,"Av. pres. vargas, alt. da candelária - centro - sent. central do brasil",Baixo,-22.9008826,-43.1778419,Fechado,Bolsão d'água em via,2020-12-26,
5.0,59331,Centro,2020-12-25 19:45:06+00:00,2020-12-25 22:18:42+00:00,Curto,Av. pres. vargas - alt. cidade nova - sent. av. francisco bicalho,Baixo,-22.9090775,-43.2022754,Fechado,Bolsão d'água em via,2020-12-25,
5.0,58911,Centro,2020-12-10 12:16:33+00:00,2020-12-11 01:41:40+00:00,Curto,Av. passos - alt. r. senhor dos passos - centro,Baixo,-22.9040012,-43.1834226,Fechado,Bolsão d'água em via,2020-12-10,
5.0,59368,Centro,2020-12-26 08:23:54+00:00,2020-12-26 10:23:10+00:00,Curto,"Av. passos, 56 - centro",Baixo,-22.9041519,-43.18326099999999,Fechado,Bolsão d'água em via,2020-12-26,
5.0,59328,Grajau,2020-12-25 19:29:38+00:00,2020-12-25 20:42:38+00:00,Curto,R. teodoro da silva - alt. r. alexandre calaza,Baixo,-22.920238,-43.2597941,Fechado,Bolsão d'água em via,2020-12-25,
5.0,59320,Gávea,2020-12-25 18:41:10+00:00,2020-12-25 20:34:14+00:00,Curto,Av. padre leonel franca - alt. praça sibélius - sent. são conrado,Baixo,-22.9770657,-43.2263597,Fechado,Bolsão d'água em via,2020-12-25,
5.0,59309,Irajá,2020-12-25 16:02:16+00:00,2020-12-25 17:35:58+00:00,Curto,Av. brasil - alt. passarela 28 - cidade alta - sent. centro,Baixo,-22.8280327,-43.3429242,Fechado,Bolsão d'água em via,2020-12-25,
5.0,58799,Irajá,2020-12-07 23:13:45+00:00,2020-12-08 00:34:19+00:00,Curto,"Av. brasil, alt. trevo das margaridas - sent. centro",Baixo,-22.8204814,-43.3204012,Fechado,Bolsão d'água em via,2020-12-07,
5.0,58811,Irajá,2020-12-08 00:15:17+00:00,2020-12-08 00:24:25+00:00,Curto,Avenida brasil - alt. passarela 21- irajá - sent. centro,Baixo,,,Fechado,Bolsão d'água em via,2020-12-08,
5.0,58868,Irajá,2020-12-09 13:11:11+00:00,2020-12-09 13:51:21+00:00,Curto,Av. brasil - alt. trevo das margaridas - irajá - sent. centro,Baixo,-22.8204814,-43.3204012,Fechado,Bolsão d'água em via,2020-12-09,
5.0,59211,Tijuca,2020-12-22 10:14:44+00:00,2020-12-22 12:37:52+00:00,Curto,R. dr. satamini - alt. r. do matoso - tijuca,Baixo,-22.9184858,-43.2178899,Fechado,Bolsão d'água em via,2020-12-22,
5.0,59210,Tijuca,2020-12-22 10:02:19+00:00,2020-12-22 10:45:44+00:00,Curto,"R. haddock lobo, 278 - tijuca",Baixo,-22.919548,-43.215055,Fechado,Bolsão d'água em via,2020-12-22,
5.0,59365,Tijuca,2020-12-26 07:18:10+00:00,2020-12-26 11:06:54+00:00,Curto,Av. heitor beltrão - alt. r. visc. de figueiredo - tijuca,Baixo,-22.9212911,-43.2279854,Fechado,Bolsão d'água em via,2020-12-26,
5.0,59341,Benfica,2020-12-25 20:30:58+00:00,2020-12-25 23:03:31+00:00,Curto,Av. brasil - alt. viaduto ataulfo alves - sent. centro ,Baixo,,,Fechado,Bolsão d'água em via,2020-12-25,
5.0,58808,Galeão,2020-12-07 23:58:55+00:00,2020-12-08 01:29:06+00:00,Curto,"Estr. do galeão, alt. praça do avião - sent. ilha",Baixo,-22.8156168,-43.2218282,Fechado,Bolsão d'água em via,2020-12-07,
5.0,59212,Galeão,2020-12-22 10:24:00+00:00,2020-12-22 11:19:49+00:00,Curto,Estr. do galeão - alt. base aérea - ilha do governador - ambos os sentidos,Baixo,-22.8238006,-43.23319009999999,Fechado,Bolsão d'água em via,2020-12-22,
5.0,58769,Galeão,2020-12-07 08:30:22+00:00,2020-12-07 08:52:30+00:00,Curto,"Estr. do galeão, alt. descida da ponte do galeão - ilha do governador - sent. portuguesa",Baixo,-22.811957,-43.2181706,Fechado,Bolsão d'água em via,2020-12-07,
5.0,58822,Galeão,2020-12-08 06:24:42+00:00,2020-12-08 08:52:51+00:00,Curto,"Estr. do galeão, alt. base aérea - sent. ilha",Baixo,-22.8238006,-43.23319009999999,Fechado,Bolsão d'água em via,2020-12-08,
5.0,59311,Galeão,2020-12-25 17:01:51+00:00,2020-12-25 22:10:37+00:00,Curto,Estrada do galeão - alt. praça do avião - galeão - sent. entrada da ilha do governador,Baixo,-22.815633,-43.2218415,Fechado,Bolsão d'água em via,2020-12-25,
5.0,59307,Galeão,2020-12-25 13:30:17+00:00,2020-12-25 15:08:23+00:00,Curto,Estrada do galeão - galeão - altura da base aérea - sent l vermelha,Baixo,-22.811957,-43.2181706,Fechado,Bolsão d'água em via,2020-12-25,
5.0,58885,Glória,2020-12-10 00:45:29+00:00,2020-12-10 02:01:10+00:00,Curto,"R. da glória, 446 - glória - sent. catete",Baixo,-22.920932,-43.17711509999999,Fechado,Bolsão d'água em via,2020-12-10,
5.0,58747,Rocinha,2020-12-06 21:03:12+00:00,2020-12-07 00:56:29+00:00,Curto,"Estr. da gávea, alt. da rocinha ",Baixo,-22.9912423,-43.253297,Fechado,Bolsão d'água em via,2020-12-06,
5.0,59323,Botafogo,2020-12-25 19:16:16+00:00,2020-12-25 20:34:38+00:00,Curto,"Praia de botafogo, 326 - botafogo - sent. copacabana",Baixo,-22.9454948,-43.1821807,Fechado,Bolsão d'água em via,2020-12-25,
5.0,58886,Flamengo,2020-12-10 00:49:36+00:00,2020-12-10 06:41:03+00:00,Curto,"Praia do flamengo, 144 - flamengo",Baixo,-22.9295494,-43.1746304,Fechado,Bolsão d'água em via,2020-12-10,
5.0,58594,Madureira,2020-12-01 20:23:46+00:00,2020-12-01 22:11:57+00:00,Curto,Av. min. edgard romero - alt. da conselheiro galvão - madureira - sent. mercadão,Baixo,-22.8661268,-43.3343488,Fechado,Bolsão d'água em via,2020-12-01,
5.0,58776,Madureira,2020-12-07 09:22:15+00:00,2020-12-07 13:39:09+00:00,Curto,R. padre manso - alt. r. maria lopes - madureira,Baixo,-22.8797586,-43.3373623,Fechado,Bolsão d'água em via,2020-12-07,
5.0,59386,Madureira,2020-12-27 01:56:12+00:00,2020-12-27 05:39:13+00:00,Curto,"R. domingos lopes, alt. r. maria lopes - madureira - sent. r. quaxima",Baixo,-22.879194,-43.3412451,Fechado,Bolsão d'água em via,2020-12-27,
5.0,59366,Maracanã,2020-12-26 07:22:35+00:00,2020-12-26 10:42:54+00:00,Curto,R. prof. euríco rabêlo - alt. av. prof. manoel de abreu - maracanã,Baixo,-22.912491,-43.233583,Fechado,Bolsão d'água em via,2020-12-26,
5.0,58815,Bonsucesso,2020-12-08 00:46:05+00:00,2020-12-08 01:25:29+00:00,Curto,"Av. brasil, alt. passarela 9 - bonsucesso - sent. centro",Baixo,-22.8660656,-43.24748750000001,Fechado,Bolsão d'água em via,2020-12-08,
5.0,58993,Itanhangá,2020-12-13 12:01:44+00:00,2020-12-13 12:52:19+00:00,Curto,"Estrada da barra da tijuca, 1020 - itanhangá",Baixo,-23.0031817,-43.3036572,Fechado,Bolsão d'água em via,2020-12-13,
5.0,58884,Itanhangá,2020-12-10 00:40:51+00:00,2020-12-10 04:02:56+00:00,Curto,"Estr. do itanhangá, 1006 - itanhangá - em ambos os sentidos",Baixo,-22.9952425,-43.3113164,Fechado,Bolsão d'água em via,2020-12-10,
5.0,59318,Itanhangá,2020-12-25 18:33:02+00:00,2020-12-25 21:01:10+00:00,Curto,Estrada da barra da tijuca - alt. shopping itanhangá - itanhangá - sent. são conrado,Baixo,-22.9985303,-43.3046861,Fechado,Bolsão d'água em via,2020-12-25,
5.0,58761,Itanhangá,2020-12-07 07:04:09+00:00,2020-12-07 11:29:23+00:00,Curto,"Estr. da barra da tijuca,1020 - itanhangá",Baixo,-23.0031817,-43.3036572,Fechado,Bolsão d'água em via,2020-12-07,
5.0,58820,Manguinhos,2020-12-08 05:05:03+00:00,2020-12-08 05:51:56+00:00,Curto,"Av. brasil, alt. viaduto ataulfo alves - benfica - sent. centro",Baixo,-22.8850574,-43.2351722,Fechado,Bolsão d'água em via,2020-12-08,
5.0,58805,Manguinhos,2020-12-07 23:50:08+00:00,2020-12-08 01:48:22+00:00,Curto,"Av. brasil, alt. fiocruz - manguinhos - sent. centro",Medio,-22.8771869,-43.2436227,Fechado,Bolsão d'água em via,2020-12-07,
5.0,58814,Manguinhos,2020-12-08 00:39:12+00:00,2020-12-08 05:07:34+00:00,Curto,"Av. brasil, alt. viaduto ataulfo alves - benfica - sent. z. oeste",Baixo,-22.8850574,-43.2351722,Fechado,Bolsão d'água em via,2020-12-08,
5.0,58772,Portuguesa,2020-12-07 08:53:57+00:00,2020-12-07 13:10:22+00:00,Curto,"Estr. do galeão, alt. descida da ponte do galeão - ilha do governador - sent. portuguesa",Baixo,-22.8051248,-43.2080562,Fechado,Bolsão d'água em via,2020-12-07,
5.0,58770,Cidade nova,2020-12-07 08:43:09+00:00,2020-12-07 10:16:10+00:00,Curto,Av. pres. vargas - cidade nova - sent. av. francisco bicalho,Baixo,-22.9098965,-43.207238,Fechado,Bolsão d'água em via,2020-12-07,
5.0,58910,Cidade nova,2020-12-10 12:01:39+00:00,2020-12-10 13:35:29+00:00,Curto,Av. pres. vargas - cidade nova - sent. av. francisco bicalho,Baixo,-22.9090775,-43.2022754,Fechado,Bolsão d'água em via,2020-12-10,
5.0,59466,Cidade nova,2020-12-31 16:25:28+00:00,2020-12-31 16:42:44+00:00,Curto,Av. presi. vargas - alt. cass - cidade nova - sent. av. francisco bicalho,Baixo,-22.9097464,-43.2065385,Fechado,Bolsão d'água em via,2020-12-31,
5.0,59329,Cosme velho,2020-12-25 19:31:13+00:00,2020-12-25 20:54:27+00:00,Curto,R. abelardo lobo - lagoa - sent. túnel rebouças,Baixo,-22.9376379,-43.2045366,Fechado,Bolsão d'água em via,2020-12-25,
5.0,59354,Laranjeiras,2020-12-25 22:24:41+00:00,2020-12-25 23:23:53+00:00,Curto,"Rua das laranjeiras, 13 - laranjeiras",Baixo,-22.9319977,-43.179635,Fechado,Bolsão d'água em via,2020-12-25,
5.0,58824,Mal. hermes,2020-12-08 06:42:57+00:00,2020-12-08 13:10:17+00:00,Curto,Rua joão vicente - mal. hermes - sent. vila militar,Baixo,-22.8620337,-43.3695714,Fechado,Bolsão d'água em via,2020-12-08,
5.0,59335,Vila isabel,2020-12-25 20:00:51+00:00,2020-12-25 20:41:58+00:00,Curto,"Rua visconde de santa isabel, alt. r. mendes tavares - vila isabel",Baixo,-22.9172574,-43.2547335,Fechado,Bolsão d'água em via,2020-12-25,
5.0,59327,Vila isabel,2020-12-25 19:26:29+00:00,2020-12-25 20:22:02+00:00,Curto,R. teodoro da silva r. souza franco - vila isabel,Baixo,-22.9175689,-43.2454703,Fechado,Bolsão d'água em via,2020-12-25,
5.0,58810,Engenho novo,2020-12-08 00:14:47+00:00,2020-12-08 05:00:50+00:00,Curto,"Rua vinte e quatro de maio, alt. buraco do padre - sampaio",Baixo,-22.9022972,-43.2655167,Fechado,Bolsão d'água em via,2020-12-08,
5.0,58778,Santo cristo,2020-12-07 10:10:11+00:00,2020-12-07 15:56:14+00:00,Curto,"Av. francisco bicalho, 250 - santo cristo - sent. centro",Baixo,-22.9063941,-43.2103115,Fechado,Bolsão d'água em via,2020-12-07,
5.0,59304,São conrado,2020-12-25 10:02:29+00:00,2020-12-25 12:13:14+00:00,Curto,Estr. fernando mac dowell - alt. saída do túnel zuzu angel - sent. barra ,Baixo,-22.99727,-43.26289999999999,Fechado,Bolsão d'água em via,2020-12-25,
5.0,58801,Gardênia azul,2020-12-07 23:35:16+00:00,2020-12-08 01:23:38+00:00,Curto,"Av. ayrton senna, alt. uptown barra - sent. linha amarela",Baixo,-22.961922,-43.356938,Fechado,Bolsão d'água em via,2020-12-07,
5.0,58767,Jardim sulacap,2020-12-07 08:03:52+00:00,2020-12-07 10:18:29+00:00,Curto,"Estr. do catonho, 1750 - jardim sulacap ",Baixo,-22.899211,-43.391954,Fechado,Bolsão d'água em via,2020-12-07,
5.0,59256,Vigário geral,2020-12-23 11:01:00+00:00,2020-12-23 18:21:58+00:00,Curto,"R. bulhões marcial, 955 - vigário geral - sent. cordovil",Baixo,-22.8035918,-43.3057871,Fechado,Bolsão d'água em via,2020-12-23,
5.0,59315,Barra da tijuca,2020-12-25 18:22:16+00:00,2020-12-26 09:35:34+00:00,Curto,"Av. armando lombardi, alt. barra point - barra da tijuca - sent. recreio",Baixo,-23.0066933,-43.3106674,Fechado,Bolsão d'água em via,2020-12-25,
5.0,58762,Barra da tijuca,2020-12-07 07:09:16+00:00,2020-12-07 11:28:40+00:00,Curto,Av. das américas - alt. shopping downtown - barra,Baixo,-23.003571,-43.317307,Fechado,Bolsão d'água em via,2020-12-07,
5.0,59300,Barra da tijuca,2020-12-25 09:56:39+00:00,2020-12-25 15:07:48+00:00,Curto,Av. armando lombardi - alt. barra point -barra - sent. são conrado,Baixo,-23.0066933,-43.3106674,Fechado,Bolsão d'água em via,2020-12-25,
5.0,58744,Barra da tijuca,2020-12-06 20:37:25+00:00,2020-12-07 10:52:46+00:00,Curto,"Av. min. ivan lins, alt. pb4 - sent. são conrado",Baixo,-23.0129114,-43.2978112,Fechado,Bolsão d'água em via,2020-12-06,
5.0,58991,Barra da tijuca,2020-12-13 11:26:18+00:00,2020-12-13 12:49:26+00:00,Curto,Av. armando lombardi - alt. barra point -barra - sent. recreio,Baixo,-23.0066933,-43.3106674,Fechado,Bolsão d'água em via,2020-12-13,
5.0,58741,Barra da tijuca,2020-12-06 20:07:29+00:00,2020-12-07 11:29:43+00:00,Curto,"Av. armando lombardi, alt. acesso barra point - sent. recreio",Baixo,-23.0062608,-43.3085822,Fechado,Bolsão d'água em via,2020-12-06,
5.0,59369,Barra da tijuca,2020-12-26 08:28:32+00:00,2020-12-26 12:55:19+00:00,Curto,Av. das américas - alt. centro emp. mario henrique simonsen - barra - sent. zona sul,Baixo,-22.9979381,-43.3458999,Fechado,Bolsão d'água em via,2020-12-26,
5.0,58748,Barra da tijuca,2020-12-06 21:10:06+00:00,2020-12-07 05:16:49+00:00,Curto,"Est. da barra da tijuca, alt. marina barra club - sent. itanhangá",Baixo,-23.0036262,-43.3065307,Fechado,Bolsão d'água em via,2020-12-06,
5.0,59322,Barra da tijuca,2020-12-25 19:10:16+00:00,2020-12-25 20:32:34+00:00,Curto,Av. ayrton senna - alt. acesso à av. abelardo bueno,Baixo,-22.97308110127151,-43.36373871691894,Fechado,Bolsão d'água em via,2020-12-25,
5.0,58803,Barra da tijuca,2020-12-07 23:39:21+00:00,2020-12-08 03:38:55+00:00,Curto,"Av. das américas, alt. barra shopping - sent. são conrado",Baixo,-22.99901503207085,-43.35965287653809,Fechado,Bolsão d'água em via,2020-12-07,
5.0,58807,Barra da tijuca,2020-12-07 23:55:56+00:00,2020-12-08 08:26:05+00:00,Curto,Av. armando lombardi - alt. barra point - barra da tijuca - sent. recreio.,Baixo,-23.0068928,-43.3150789,Fechado,Bolsão d'água em via,2020-12-07,
5.0,59316,Barra da tijuca,2020-12-25 18:24:16+00:00,2020-12-25 20:33:10+00:00,Curto,Av. armando lombardi - alt. est. brt jardim oceânico - barra - sent. recreio,Baixo,-23.0066933,-43.3106674,Fechado,Bolsão d'água em via,2020-12-25,
5.0,58994,Barra da tijuca,2020-12-13 12:03:44+00:00,2020-12-13 13:13:48+00:00,Curto,Avenida ministro ivan lins - barra da tijuca - sent. são conrado,Baixo,-23.0129114,-43.2978112,Fechado,Bolsão d'água em via,2020-12-13,
5.0,58882,Barra da tijuca,2020-12-09 23:45:35+00:00,2020-12-10 04:18:15+00:00,Curto,"Av. armando lombardi, alt. barra point - barra da tijuca - sent. recreio",Baixo,-23.0062608,-43.3085822,Fechado,Bolsão d'água em via,2020-12-09,
5.0,58806,Barra da tijuca,2020-12-07 23:48:43+00:00,2020-12-08 03:37:38+00:00,Curto,Av. armando lombardi - alt. est. brt j. oceânico - barra - sent. são conrado.,Baixo,-23.0068307,-43.3107119,Fechado,Bolsão d'água em via,2020-12-07,
5.0,59317,Barra da tijuca,2020-12-25 18:28:47+00:00,2020-12-25 22:18:55+00:00,Curto,Av. min. ivan lins - alt. barra grill - sent. são conrado,Baixo,-23.0129114,-43.2978112,Fechado,Bolsão d'água em via,2020-12-25,
5.0,59319,Barra da tijuca,2020-12-25 18:35:23+00:00,2020-12-25 21:18:46+00:00,Curto,Av. armnando lombardi - alt. mergulhinho -  sent. são conrado ,Baixo,-23.00704053864394,-43.30967574652709,Fechado,Bolsão d'água em via,2020-12-25,
5.0,59302,Barra da tijuca,2020-12-25 09:59:52+00:00,2020-12-25 12:13:18+00:00,Curto,Av. min. ivan lins - alt. barra grill - sent. são conrado,Baixo,-23.0129114,-43.2978112,Fechado,Bolsão d'água em via,2020-12-25,
5.0,59303,Barra da tijuca,2020-12-25 10:01:25+00:00,2020-12-25 12:13:16+00:00,Curto,Av. das américas - alt. downtown - barra - sent. são conrado ,Baixo,-23.005467118078634,-43.31799364550782,Fechado,Bolsão d'água em via,2020-12-25,
5.0,59301,Barra da tijuca,2020-12-25 09:59:01+00:00,2020-12-25 12:13:21+00:00,Curto,Av. das américas - alt. barra garden - barra - sent. são conrado,Baixo,-23.000110823748468,-43.34572823862305,Fechado,Bolsão d'água em via,2020-12-25,
5.0,58883,Barra da tijuca,2020-12-09 23:52:25+00:00,2020-12-10 04:17:56+00:00,Curto,"Av. min. ivan lins, alt. ponte da joatinga - barra - sent. são conrado",Baixo,-23.0129114,-43.2978112,Fechado,Bolsão d'água em via,2020-12-09,
5.0,58802,Barra da tijuca,2020-12-07 23:39:04+00:00,2020-12-08 08:25:27+00:00,Curto,Av. min. ivan lins - alt. ponte do joá - barra - sent. s. conrado.,Baixo,-23.0128115,-43.2979117,Fechado,Bolsão d'água em via,2020-12-07,
5.0,59321,Barra da tijuca,2020-12-25 18:54:34+00:00,2020-12-25 21:18:09+00:00,Curto,Av. armnando lombardi - alt. mergulhinho -  sent. recreio,Baixo,-23.006971410613,-43.30984740790404,Fechado,Bolsão d'água em via,2020-12-25,
5.0,59342,Jardim botânico,2020-12-25 20:36:03+00:00,2020-12-25 21:21:03+00:00,Curto,Rua jardim botânico - jardim botânico,Baixo,-22.9641859,-43.21743980000001,Fechado,Bolsão d'água em via,2020-12-25,
5.0,59336,Jardim botânico,2020-12-25 20:05:26+00:00,2020-12-25 21:03:45+00:00,Curto,Rua pacheco leão - alt. r. jardim botânico,Baixo,-22.9641859,-43.21743980000001,Fechado,Bolsão d'água em via,2020-12-25,
5.0,58992,Jardim botânico,2020-12-13 11:44:20+00:00,2020-12-13 12:25:45+00:00,Curto,Rua pacheco leão - alt. r. jardim botânico,Baixo,-22.9663775,-43.22996300000001,Fechado,Bolsão d'água em via,2020-12-13,
5.0,59352,São cristóvão,2020-12-25 21:43:07+00:00,2020-12-25 23:02:52+00:00,Curto,"Rua bela, alt. r. ricardo machado - são cristóvão",Baixo,-22.8875487,-43.224455,Fechado,Bolsão d'água em via,2020-12-25,
5.0,58912,São cristóvão,2020-12-10 12:23:22+00:00,2020-12-10 16:05:10+00:00,Curto,Rua bela alt. general bruce - são cristovão,Baixo,-22.8923632,-43.2201767,Fechado,Bolsão d'água em via,2020-12-10,
5.0,59332,Praca da bandeira,2020-12-25 19:50:55+00:00,2020-12-25 20:50:12+00:00,Curto,Av. osvaldo aranha - alt. r. do matoso - praca da bandeira,Baixo,-22.9104957,-43.2155935,Fechado,Bolsão d'água em via,2020-12-25,
5.0,59325,São francisco xavier,2020-12-25 19:22:37+00:00,2020-12-25 21:16:38+00:00,Curto,R. sao francisco xavier - alt. heitor beltrão ,Baixo,-22.9043747,-43.2436871,Fechado,Bolsão d'água em via,2020-12-25,
6.0,59339,Cacuia,2020-12-25 20:22:43+00:00,2020-12-25 22:57:48+00:00,Curto,Estrada da bica - jardim guanabara - ilha do governador ,Baixo,-22.8192322,-43.1884546,Fechado,Alagamento,2020-12-25,
6.0,59333,Catete,2020-12-25 19:54:38+00:00,2020-12-25 23:04:07+00:00,Curto,Rua do catete - alt. r. silveira martins - catete,Baixo,-22.9269656,-43.1766115,Fechado,Alagamento,2020-12-25,
6.0,59330,Tijuca,2020-12-25 19:37:56+00:00,2020-12-25 20:10:28+00:00,Curto,Av. maracanã - alt. r. dep. soares filho ,Baixo,-22.92706,-43.2385163,Fechado,Alagamento,2020-12-25,
6.0,59324,Tijuca,2020-12-25 19:20:20+00:00,2020-12-25 21:34:26+00:00,Curto,R. satamini - praça afonso pena - alt. r. campos sales ,Baixo,-22.9182342,-43.2173062,Fechado,Alagamento,2020-12-25,
6.0,59340,Benfica,2020-12-25 20:26:36+00:00,2020-12-25 23:03:46+00:00,Curto,Av. brasil - alt. viaduto ataulfo alves - sent. z. oeste,Baixo,-22.8856804,-43.2521463,Fechado,Alagamento,2020-12-25,
6.0,58823,Vila isabel,2020-12-08 06:35:33+00:00,2020-12-08 13:07:54+00:00,Curto,Rua alexandre calaza - vila isabel,Baixo,-22.9184906,-43.2599066,Fechado,Alagamento,2020-12-08,
6.0,59334,Vila isabel,2020-12-25 19:56:37+00:00,2020-12-25 21:36:08+00:00,Curto,R. teodoro da silva - alt. barão de são francisco - vila isabel,Baixo,-22.9184206,-43.2500594,Fechado,Alagamento,2020-12-25,
6.0,59347,Jardim carioca,2020-12-25 20:57:52+00:00,2020-12-25 22:45:11+00:00,Curto,R. ten. cleto campêlo (clube cocotá) - jardim carioca,Baixo,-22.8084087,-43.183499,Fechado,Alagamento,2020-12-25,
6.0,58817,São cristóvão,2020-12-08 01:00:17+00:00,2020-12-08 01:54:47+00:00,Curto,"Rua bela, alt. linha vermelha - são cristóvão",Baixo,-22.8887844,-43.2246324,Fechado,Alagamento,2020-12-08,
6.0,59346,Praia da bandeira,2020-12-25 20:51:09+00:00,2020-12-25 22:46:01+00:00,Curto,Av. paranapuã - tauá - ilha do governador,Baixo,-22.795518,-43.1778117,Fechado,Alagamento,2020-12-25,
33.0,59213,Humaitá,2020-12-22 10:28:46+00:00,2020-12-22 10:56:53+00:00,Curto,R. humaitá - alt. r. fonte da saudade - sent. botafogo,Baixo,-22.9602307,-43.2031224,Fechado,Lâmina d'água,2020-12-22,
33.0,58593,Cascadura,2020-12-01 19:21:16+00:00,2020-12-01 20:07:14+00:00,Curto,Av. ernani cardoso - alt da padre telêmaco- cascadura,Baixo,-22.8824192,-43.3354398,Fechado,Lâmina d'água,2020-12-01,
33.0,58768,Santa teresa,2020-12-07 08:18:43+00:00,2020-12-07 09:52:41+00:00,Curto,Rua eleone de almeida - alt. r. dr. agra - catumbi,Baixo,-22.9179868,-43.1942585,Fechado,Lâmina d'água,2020-12-07,
33.0,59225,Barra da tijuca,2020-12-22 16:51:13+00:00,2020-12-22 17:36:13+00:00,Curto,Av. armando lombardi - alt. barra point - barra - sent. recreio,Baixo,-23.0062608,-43.3085822,Fechado,Lâmina d'água,2020-12-22,
33.0,59228,Barra da tijuca,2020-12-22 17:37:30+00:00,2020-12-22 19:06:24+00:00,Curto,Av. min. ivan lins - alt. ponte da joatinga - barra - sent. são conrado,Baixo,-23.0129114,-43.2978112,Fechado,Lâmina d'água,2020-12-22,
33.0,59306,Barra da tijuca,2020-12-25 12:01:35+00:00,2020-12-25 15:08:03+00:00,Curto,Av. abelardo bueno - alt. av. ayrton senna - sent. av. salvador allende,Baixo,-22.97313870121839,-43.36670922395935,Fechado,Lâmina d'água,2020-12-25,
33.0,58989,Barra da tijuca,2020-12-13 11:20:37+00:00,2020-12-13 12:49:28+00:00,Curto,Av. ayrton senna - alt. carrefour - barra da tijuca - sent. linha amarela,Baixo,-22.9829389,-43.3653695,Fechado,Lâmina d'água,2020-12-13,
33.0,58990,Barra da tijuca,2020-12-13 11:24:36+00:00,2020-12-13 12:26:20+00:00,Curto,Av. armando lombardi - alt. est. brt jardim oceânico - barra - sent. recreio,Baixo,-23.0066933,-43.3106674,Fechado,Lâmina d'água,2020-12-13,
5.0,13026,Sem bairro,2016-12-21 21:58:28+00:00,2016-12-21 22:41:31+00:00,Desconhecido,Rua da feira x rua dos açudes - padre miguel ,Baixo,,,Fechado,Bolsão d'água em via,2016-12-21,
5.0,13064,Sem bairro,2016-12-23 10:46:06+00:00,2016-12-23 12:16:47+00:00,Desconhecido,Mergulhão - av. armando lombardi - barra,Baixo,,,Fechado,Bolsão d'água em via,2016-12-23,
5.0,13237,Sem bairro,2016-12-30 18:58:15+00:00,2016-12-30 20:58:15+00:00,Desconhecido,"Av. albérico diniz, 800 - jardim sulacap",Baixo,-22.8862165,-43.3814501,Fechado,Bolsão d'água em via,2016-12-30,
5.0,13236,Sem bairro,2016-12-30 18:39:54+00:00,2016-12-30 20:58:06+00:00,Desconhecido,"R. cândido benício, 1173 - pça seca - alt. r. cap. menezes",Baixo,-22.8926268,-43.34825139999998,Fechado,Bolsão d'água em via,2016-12-30,
5.0,13234,Sem bairro,2016-12-30 18:23:58+00:00,2016-12-30 20:57:58+00:00,Desconhecido,"R. nerval de gouvêia, 139 - quintino - alt. r. bernardo guimarães",Baixo,-22.8859868,-43.3248534,Fechado,Bolsão d'água em via,2016-12-30,
5.0,13233,Sem bairro,2016-12-30 18:21:16+00:00,2016-12-30 20:57:50+00:00,Desconhecido,"R. elias da silva, 231 - alt. do viaduto de quintino",Baixo,-22.889144,-43.315403,Fechado,Bolsão d'água em via,2016-12-30,
5.0,12467,Sem bairro,2016-12-01 06:38:55+00:00,2016-12-02 06:53:27+00:00,Desconhecido,Av. ayrton senna - gardênia azul,Baixo,-22.96148277261404,-43.35710849206544,Fechado,Bolsão d'água em via,2016-12-01,
5.0,12537,Sem bairro,2016-12-03 23:30:37+00:00,2016-12-04 01:18:01+00:00,Desconhecido,Av. brasil - alt do caju ,Baixo,,,Fechado,Bolsão d'água em via,2016-12-03,
5.0,12539,Sem bairro,2016-12-03 23:50:07+00:00,2016-12-04 01:17:12+00:00,Desconhecido,Rua mestre valentim - centro,Baixo,,,Fechado,Bolsão d'água em via,2016-12-03,
5.0,12536,Sem bairro,2016-12-03 23:28:39+00:00,2016-12-04 00:26:29+00:00,Desconhecido,Rua do catete x rua pedro américo ,Baixo,,,Fechado,Bolsão d'água em via,2016-12-03,
5.0,12538,Sem bairro,2016-12-03 23:47:11+00:00,2016-12-04 01:17:25+00:00,Desconhecido,Rua dos coqueiros - estácio,Baixo,,,Fechado,Bolsão d'água em via,2016-12-03,
5.0,12548,Sem bairro,2016-12-04 04:48:59+00:00,2016-12-04 07:11:32+00:00,Desconhecido,Av. brasil - alt de bonsucesso ,Baixo,,,Fechado,Bolsão d'água em via,2016-12-04,
5.0,12542,Sem bairro,2016-12-04 00:35:20+00:00,2016-12-04 01:15:54+00:00,Desconhecido,Rua epitácio pessoa x rua vinicius de morais - ipanema ,Baixo,,,Fechado,Bolsão d'água em via,2016-12-04,
5.0,12541,Sem bairro,2016-12-04 00:03:50+00:00,2016-12-04 00:54:10+00:00,Desconhecido,Rua haddock lobo x rua campo sales - tijuca,Baixo,,,Fechado,Bolsão d'água em via,2016-12-04,
5.0,12767,Sem bairro,2016-12-12 18:40:31+00:00,2016-12-12 21:47:30+00:00,Desconhecido,Av. brasil - alt. trevo das missões,Baixo,-22.817804,-43.28576329999999,Fechado,Bolsão d'água em via,2016-12-12,
5.0,12776,Sem bairro,2016-12-12 20:21:35+00:00,2016-12-12 23:12:22+00:00,Desconhecido,Estrada da água grande x av. meriti - cordovil,Baixo,,,Fechado,Bolsão d'água em via,2016-12-12,
5.0,12784,Sem bairro,2016-12-12 21:05:20+00:00,2016-12-12 21:44:53+00:00,Desconhecido,"Av. rio de janeiro, 303 - caju",Baixo,-22.893006,-43.214191700000015,Fechado,Bolsão d'água em via,2016-12-12,
5.0,12778,Sem bairro,2016-12-12 20:29:02+00:00,2016-12-12 21:25:26+00:00,Desconhecido,"Av brasil, alt rua paris - bonsucesso",Baixo,,,Fechado,Bolsão d'água em via,2016-12-12,
5.0,12782,Sem bairro,2016-12-12 21:03:01+00:00,2016-12-12 21:49:26+00:00,Desconhecido,"R. camerino, 51 - centro",Baixo,-22.900375,-43.18658299999999,Fechado,Bolsão d'água em via,2016-12-12,
5.0,12769,Sem bairro,2016-12-12 19:06:54+00:00,2016-12-12 23:12:11+00:00,Desconhecido,"Av 24 de maio , buraco do padre - eng. novo",Baixo,,,Fechado,Bolsão d'água em via,2016-12-12,
5.0,12771,Sem bairro,2016-12-12 19:41:54+00:00,2016-12-12 23:12:30+00:00,Desconhecido,"Av. 24 de maio, alt. rua bela vista - eng. novo",Baixo,,,Fechado,Bolsão d'água em via,2016-12-12,
5.0,12773,Sem bairro,2016-12-12 19:57:36+00:00,2016-12-12 21:22:48+00:00,Desconhecido,Av. martin luther king x av. monsenhor felix - irajá,Baixo,,,Fechado,Bolsão d'água em via,2016-12-12,
5.0,12787,Sem bairro,2016-12-12 21:15:49+00:00,2016-12-12 23:32:42+00:00,Desconhecido,"Av. mal. floriano, 191 - centro",Baixo,-22.9028308,-43.18664100000001,Fechado,Bolsão d'água em via,2016-12-12,
5.0,12772,Sem bairro,2016-12-12 19:45:11+00:00,2016-12-12 21:22:05+00:00,Desconhecido,"Rua da feira, alt. rua açudes- bangu",Baixo,,,Fechado,Bolsão d'água em via,2016-12-12,
5.0,12765,Sem bairro,2016-12-12 18:29:34+00:00,2016-12-12 21:27:25+00:00,Desconhecido,"R. ibiapina, 169 - olaria",Baixo,-22.8427502,-43.271616900000026,Fechado,Bolsão d'água em via,2016-12-12,
5.0,12786,Sem bairro,2016-12-12 21:13:59+00:00,2016-12-12 21:46:22+00:00,Desconhecido,"Praça diná de queirós, 263 - santo cristo",Baixo,-22.9058389,-43.2094548,Fechado,Bolsão d'água em via,2016-12-12,
5.0,12783,Sem bairro,2016-12-12 21:04:23+00:00,2016-12-12 23:32:34+00:00,Desconhecido,"R. cordeiro da graça, 519 - santo cristo",Baixo,-22.898753,-43.205604100000016,Fechado,Bolsão d'água em via,2016-12-12,
5.0,12774,Sem bairro,2016-12-12 20:03:14+00:00,2016-12-12 21:02:03+00:00,Desconhecido,Av. braz de pina x rua jacaraú - braz de pìna,Baixo,,,Fechado,Bolsão d'água em via,2016-12-12,
5.0,12780,Sem bairro,2016-12-12 20:54:54+00:00,2016-12-12 21:43:05+00:00,Desconhecido,"Av. francisco bicalho, 583 - santo cristo",Baixo,-22.9055659,-43.20966329999999,Fechado,Bolsão d'água em via,2016-12-12,
5.0,12768,Sem bairro,2016-12-12 18:49:41+00:00,2016-12-12 23:12:02+00:00,Desconhecido,"Av. brasil, 5700 - manguinhos",Baixo,-22.87322194849073,-43.24438001849364,Fechado,Bolsão d'água em via,2016-12-12,
5.0,12770,Sem bairro,2016-12-12 19:12:54+00:00,2016-12-12 19:51:59+00:00,Desconhecido,Rua felipe camarão x av. 28 de setembro - vila isabel,Baixo,,,Fechado,Bolsão d'água em via,2016-12-12,
5.0,12764,Sem bairro,2016-12-12 18:23:18+00:00,2016-12-12 18:39:57+00:00,Desconhecido,"Av. brás de pina, 595 - penha circular",Baixo,-22.837978,-43.28867809999997,Fechado,Bolsão d'água em via,2016-12-12,
5.0,12766,Sem bairro,2016-12-12 18:35:28+00:00,2016-12-12 21:26:42+00:00,Desconhecido,"Av. brás de pina, 269 - penha",Baixo,-22.8402098,-43.28185689999998,Fechado,Bolsão d'água em via,2016-12-12,
5.0,12789,Sem bairro,2016-12-13 06:17:32+00:00,2016-12-13 12:10:33+00:00,Desconhecido,"Av. dos democráticos, alt. cidade da policia - manguinhos",Baixo,,,Fechado,Bolsão d'água em via,2016-12-13,
5.0,12836,Sem bairro,2016-12-14 19:48:55+00:00,2016-12-14 20:38:43+00:00,Desconhecido,"Av. francisco bicalho, 583 - santo cristo",Baixo,-22.9055659,-43.20966329999999,Fechado,Bolsão d'água em via,2016-12-14,
5.0,12801,Sem bairro,2016-12-14 04:38:41+00:00,2016-12-14 05:42:53+00:00,Desconhecido,Av. brasil - alt do trevo das missões ,Baixo,,,Fechado,Bolsão d'água em via,2016-12-14,
5.0,12834,Sem bairro,2016-12-14 18:36:05+00:00,2016-12-15 01:14:26+00:00,Desconhecido,"R. ibituruna, 96 - maracanã - alt. veiga de almeida",Baixo,-22.9124828,-43.22127309999996,Fechado,Bolsão d'água em via,2016-12-14,
5.0,12802,Sem bairro,2016-12-14 05:12:03+00:00,2016-12-14 10:08:05+00:00,Desconhecido,Estrada do galeão x estrada das canarias - ilha do governador ,Baixo,,,Fechado,Bolsão d'água em via,2016-12-14,
5.0,12832,Sem bairro,2016-12-14 18:23:19+00:00,2016-12-14 21:31:07+00:00,Desconhecido,R. hadock lobo - tijuca - alt. r. campos sales,Baixo,-22.91981510200678,-43.21597009975278,Fechado,Bolsão d'água em via,2016-12-14,
6.0,13037,Sem bairro,2016-12-22 15:34:55+00:00,2016-12-22 17:00:59+00:00,Desconhecido,"Av. brasil, 23616 - guadalupe",Baixo,-22.8473495,-43.38132089999999,Fechado,Alagamento,2016-12-22,
6.0,12775,Sem bairro,2016-12-12 20:08:40+00:00,2016-12-12 21:45:29+00:00,Desconhecido,Av. vicente de carvalho x rua caroen - penha,Baixo,,,Fechado,Alagamento,2016-12-12,
6.0,12785,Sem bairro,2016-12-12 21:06:49+00:00,2016-12-12 21:45:55+00:00,Desconhecido,Pça de marechal hermes -  marechal hermes,Baixo,-22.9003659,-43.206541300000026,Fechado,Alagamento,2016-12-12,
6.0,12779,Sem bairro,2016-12-12 20:35:21+00:00,2016-12-12 21:19:49+00:00,Desconhecido,"Av. brasil,alt. passarela 32 - deodoro",Baixo,,,Fechado,Alagamento,2016-12-12,
5.0,15653,Sem bairro,2017-04-01 20:05:00+00:00,2017-04-02 05:45:19+00:00,Desconhecido,Túnel rio 450 anos - centro,Baixo,-22.895547,-43.18517250000002,Fechado,Bolsão d'água em via,2017-04-01,
5.0,15652,Sem bairro,2017-04-01 19:49:22+00:00,2017-04-01 20:44:24+00:00,Desconhecido,Viaduto do gasômetro - caju,Baixo,-22.89198329058609,-43.21655905197599,Fechado,Bolsão d'água em via,2017-04-01,
5.0,15651,Sem bairro,2017-04-01 19:42:40+00:00,2017-04-01 20:39:48+00:00,Desconhecido,Rua do catete - catete,Baixo,,,Fechado,Bolsão d'água em via,2017-04-01,
5.0,15650,Sem bairro,2017-04-01 19:37:58+00:00,2017-04-01 20:40:41+00:00,Desconhecido,Av. epitácio pessoa - lagoa,Baixo,-22.9730938,-43.204582500000015,Fechado,Bolsão d'água em via,2017-04-01,
5.0,15659,Sem bairro,2017-04-02 00:08:58+00:00,2017-04-02 02:23:57+00:00,Desconhecido,Av. brasil - benfica,Baixo,-22.887311378051752,-43.231281521951246,Fechado,Bolsão d'água em via,2017-04-02,
5.0,15831,Sem bairro,2017-04-07 23:32:15+00:00,2017-04-08 03:35:38+00:00,Desconhecido,Av. gilka machado - recreio,Baixo,-23.021210889917526,-43.47666119101564,Fechado,Bolsão d'água em via,2017-04-07,
5.0,15832,Sem bairro,2017-04-07 23:46:16+00:00,2017-04-08 03:35:53+00:00,Desconhecido,"Av. genaro de carvalho, 13 - recreio dos bandeirantes",Baixo,-23.0135395,-43.4465487,Fechado,Bolsão d'água em via,2017-04-07,
5.0,15829,Sem bairro,2017-04-07 22:29:02+00:00,2017-04-08 00:19:15+00:00,Desconhecido," r. felipe camarão, 6 - maracanã",Baixo,-22.9135942,-43.2358236,Fechado,Bolsão d'água em via,2017-04-07,
5.0,15828,Sem bairro,2017-04-07 22:26:10+00:00,2017-04-08 00:19:50+00:00,Desconhecido,Rua visconde de santa isabel - vila isabel,Baixo,-22.917012100000026,-43.261144785458384,Fechado,Bolsão d'água em via,2017-04-07,
5.0,15830,Sem bairro,2017-04-07 23:05:15+00:00,2017-04-08 00:18:32+00:00,Desconhecido,"R. teodoro da silva, 563 - vila isabel",Baixo,-22.918163670240183,-43.24858954945984,Fechado,Bolsão d'água em via,2017-04-07,
5.0,15847,Sem bairro,2017-04-08 06:39:09+00:00,2017-04-08 10:45:31+00:00,Desconhecido,"Estr. dos bandeirantes, 5136 - jacarepagua",Baixo,-22.9599348,-43.389606000000015,Fechado,Bolsão d'água em via,2017-04-08,
5.0,15842,Sem bairro,2017-04-08 04:11:38+00:00,2017-04-08 06:34:34+00:00,Desconhecido,"Av. rio de janeiro, 30 - caju",Baixo,-22.889943486839574,-43.21552194921264,Fechado,Bolsão d'água em via,2017-04-08,
5.0,15835,Sem bairro,2017-04-08 00:59:18+00:00,2017-04-08 04:22:37+00:00,Desconhecido,"Av. eng. souza filho, 1110 - itanhangá",Baixo,-22.97219851368041,-43.33687520000001,Fechado,Bolsão d'água em via,2017-04-08,
5.0,15838,Sem bairro,2017-04-08 02:12:08+00:00,2017-04-08 05:56:55+00:00,Desconhecido,"Estr. da pedra, 5440 - guaratiba",Baixo,-22.964218105491383,-43.64797009999995,Fechado,Bolsão d'água em via,2017-04-08,
5.0,15836,Sem bairro,2017-04-08 01:53:28+00:00,2017-04-08 02:40:01+00:00,Desconhecido,Rua toneleiros - copacabana,Baixo,-22.967037472620525,-43.18617683201597,Fechado,Bolsão d'água em via,2017-04-08,
5.0,15834,Sem bairro,2017-04-08 00:36:56+00:00,2017-04-08 02:08:09+00:00,Desconhecido,Avenida olof palme - recreio dos bandeirantes,Baixo,-22.978362256639016,-43.41616567514649,Fechado,Bolsão d'água em via,2017-04-08,
5.0,15995,Sem bairro,2017-04-12 19:31:11+00:00,2017-04-12 22:09:55+00:00,Desconhecido,Av brasil - trevo das margaridas.,Baixo,,,Fechado,Bolsão d'água em via,2017-04-12,
5.0,16285,Sem bairro,2017-04-23 19:53:07+00:00,2017-04-23 22:02:39+00:00,Desconhecido,"Av. brasil, irajá - trevo das margaridas.",Baixo,-22.820004115479016,-43.31813331049807,Fechado,Bolsão d'água em via,2017-04-23,
5.0,16286,Sem bairro,2017-04-23 19:58:37+00:00,2017-04-23 20:50:48+00:00,Desconhecido,"Av. brasil, - into",Baixo,-22.89330319565898,-43.21567786455688,Fechado,Bolsão d'água em via,2017-04-23,
5.0,16287,Sem bairro,2017-04-23 20:10:12+00:00,2017-04-23 21:12:09+00:00,Desconhecido,Túnel prefeito marcello alencar - saúde,Baixo,-22.896962463866966,-43.181422947607416,Fechado,Bolsão d'água em via,2017-04-23,
5.0,16400,Sem bairro,2017-04-28 04:20:53+00:00,2017-04-28 06:36:57+00:00,Desconhecido, avenida brasil - caju,Baixo,-22.8891534,-43.221968100000026,Fechado,Bolsão d'água em via,2017-04-28,
5.0,16397,Sem bairro,2017-04-28 02:55:17+00:00,2017-04-28 06:36:07+00:00,Desconhecido,Auto estrada lagoa-barra - são conrado,Baixo,-22.9975628,-43.26412019999998,Fechado,Bolsão d'água em via,2017-04-28,
5.0,16395,Sem bairro,2017-04-28 02:19:29+00:00,2017-04-28 06:26:34+00:00,Desconhecido,Av. borges de medeiros - lagoa,Baixo,-22.9708772,-43.21736920000001,Fechado,Bolsão d'água em via,2017-04-28,
5.0,16399,Sem bairro,2017-04-28 03:35:39+00:00,2017-04-28 04:58:32+00:00,Desconhecido,Av. das américas - barra da tijuca,Baixo,-23.003029590985253,-43.32506253125001,Fechado,Bolsão d'água em via,2017-04-28,
5.0,16398,Sem bairro,2017-04-28 03:16:04+00:00,2017-04-28 04:57:25+00:00,Desconhecido,"Av. armando lombardi, - barra da tijuca",Baixo,-23.0069869,-43.31061399999999,Fechado,Bolsão d'água em via,2017-04-28,
5.0,16396,Sem bairro,2017-04-28 02:48:17+00:00,2017-04-28 06:35:19+00:00,Desconhecido,Auto estrada lagoa-barra - são conrado,Baixo,-22.9971786,-43.26257229999999,Fechado,Bolsão d'água em via,2017-04-28,
5.0,5023,Campo grande,2024-01-31 18:20:48+00:00,2024-01-31 19:20:48+00:00,Desconhecido,"Estr. do mendanha, 555 - campo grande",Normal,-22.884864,-43.5572605,Fechado,Bolsão d'água em via,2024-01-31,
5.0,5032,Méier,2024-01-31 18:42:09+00:00,2024-01-31 19:42:09+00:00,Desconhecido,"Rua 24 de maio,  - meier",Normal,-22.9047926,-43.273901,Fechado,Bolsão d'água em via,2024-01-31,
5.0,5038,Méier,2024-01-31 19:04:38+00:00,2024-01-31 20:04:38+00:00,Desconhecido,"Av. amaro cavalcanti, 135 - meier",Normal,-22.9012604,-43.2790044,Fechado,Bolsão d'água em via,2024-01-31,
5.0,5028,Tauá,2024-01-31 18:32:11+00:00,2024-01-31 19:32:11+00:00,Desconhecido,"R. prof. hilariao da rocha,  - taua",Normal,-22.7964058,-43.1848533,Fechado,Bolsão d'água em via,2024-01-31,
5.0,5024,Cocotá,2024-01-31 18:22:38+00:00,2024-01-31 19:22:38+00:00,Desconhecido,"R. marques de muritiba,  - cocota",Normal,-22.799389,-43.1790549,Fechado,Bolsão d'água em via,2024-01-31,
5.0,5011,Tauá,2024-01-31 17:50:04+00:00,2024-01-31 18:50:04+00:00,Desconhecido,"R. eutiquio soledade,  - taua",Normal,-22.7952234,-43.1851405,Fechado,Bolsão d'água em via,2024-01-31,
5.0,5013,Praia da bandeira,2024-01-31 17:55:19+00:00,2024-01-31 18:55:19+00:00,Desconhecido,"Av. paranapua,  - praia da bandeira",Normal,-22.795518,-43.1778117,Fechado,Bolsão d'água em via,2024-01-31,
5.0,5019,Ramos,2024-01-31 18:11:25+00:00,2024-01-31 19:11:25+00:00,Desconhecido,"Av. teixeira de castro , alt. r. barreiros - ramos",Normal,-22.8552973,-43.2521453,Fechado,Bolsão d'água em via,2024-01-31,
5.0,5020,São cristóvão,2024-01-31 18:14:16+00:00,2024-01-31 19:14:16+00:00,Desconhecido,"R.  bela, alt. no 909 - sao cristovao",Normal,-22.8896766,-43.2238018,Fechado,Bolsão d'água em via,2024-01-31,
5.0,5030,Maracanã,2024-01-31 18:36:31+00:00,2024-01-31 19:36:31+00:00,Desconhecido,"R. prof. eurico rabelo,  - maracana",Normal,-22.9139368,-43.2310122,Fechado,Bolsão d'água em via,2024-01-31,
5.0,5014,Freguesia (ilha do governador),2024-01-31 17:57:17+00:00,2024-01-31 18:57:17+00:00,Desconhecido,"R. pio dutra,  - freguesia (ilha do governador)",Normal,-22.7918665,-43.1728986,Fechado,Bolsão d'água em via,2024-01-31,
5.0,5027,Lapa,2024-01-31 18:30:38+00:00,2024-01-31 19:30:38+00:00,Desconhecido,"Av. mem de sa lapa,  - lapa",Normal,-22.912313,-43.1861477,Fechado,Bolsão d'água em via,2024-01-31,
5.0,5039,Méier,2024-01-31 19:10:22+00:00,2024-01-31 20:10:22+00:00,Desconhecido,"Rua cardoso de morais,  - meier",Normal,-22.8598403,-43.2560922,Fechado,Bolsão d'água em via,2024-01-31,
5.0,5047,Senador vasconcelos,2024-01-31 19:48:57+00:00,2024-01-31 20:48:57+00:00,Desconhecido,"Av. de santa cruz, 12055 - senador vasconcelos",Normal,-22.889697,-43.5235831,Fechado,Bolsão d'água em via,2024-01-31,
5.0,5037,Manguinhos,2024-01-31 19:03:53+00:00,2024-01-31 20:03:53+00:00,Desconhecido,"Av. dos democraticos,  - manguinhos",Normal,-22.8790743,-43.2548939,Fechado,Bolsão d'água em via,2024-01-31,
5.0,5042,Manguinhos,2024-01-31 19:25:24+00:00,2024-01-31 20:25:24+00:00,Desconhecido,"R. leopoldo bulhoes,  - manguinhos",Normal,-22.8813683,-43.2499253,Fechado,Bolsão d'água em via,2024-01-31,
5.0,5043,Piedade,2024-01-31 19:30:39+00:00,2024-01-31 20:30:39+00:00,Desconhecido,"Rua clarimundo de melo,  - piedade",Normal,-22.8958623,-43.3145486,Fechado,Bolsão d'água em via,2024-01-31,
5.0,5046,Zumbi,2024-01-31 19:45:39+00:00,2024-01-31 20:45:39+00:00,Desconhecido,"R. pojuca,  - zumbi",Normal,-22.8219343,-43.1745037,Fechado,Bolsão d'água em via,2024-01-31,
5.0,5048,Ribeira,2024-01-31 19:49:38+00:00,2024-01-31 20:49:38+00:00,Desconhecido,"R. serrao,  - ribeira",Normal,-22.8227889,-43.1744504,Fechado,Bolsão d'água em via,2024-01-31,
5.0,5016,Jardim carioca,2024-01-31 18:02:52+00:00,2024-01-31 19:02:52+00:00,Desconhecido,"Estr. do rio jequia, alt. no 1118 - jardim carioca",Normal,-22.8205193,-43.1799963,Fechado,Bolsão d'água em via,2024-01-31,
5.0,5029,Vila isabel,2024-01-31 18:36:09+00:00,2024-01-31 19:36:09+00:00,Desconhecido,"Boulevard 28 de setembro,  - vila isabel",Normal,-22.9155343,-43.2443327,Fechado,Bolsão d'água em via,2024-01-31,
5.0,5012,Tauá,2024-01-31 17:52:30+00:00,2024-01-31 18:52:30+00:00,Desconhecido,"R. demetrio de toledo,  - taua",Normal,-22.7940471,-43.1850998,Fechado,Bolsão d'água em via,2024-01-31,
5.0,5045,Bonsucesso,2024-01-31 19:42:54+00:00,2024-01-31 20:42:54+00:00,Desconhecido,"R. humboldt ,  - bonsucesso",Normal,-22.8707831,-43.2568902,Fechado,Bolsão d'água em via,2024-01-31,
5.0,5022,São cristóvão,2024-01-31 18:17:57+00:00,2024-01-31 19:17:57+00:00,Desconhecido,"Largo da cancela,  - sao cristovao",Normal,-22.9003568,-43.2247522,Fechado,Bolsão d'água em via,2024-01-31,
5.0,5034,Méier,2024-01-31 18:49:00+00:00,2024-01-31 19:49:00+00:00,Desconhecido,"R. dias da cruz,  - meier",Normal,-22.9042661,-43.2858217,Fechado,Bolsão d'água em via,2024-01-31,
5.0,5033,Copacabana,2024-01-31 18:43:18+00:00,2024-01-31 19:43:18+00:00,Desconhecido,"R. tonelero, alt. r. siqueira campos - copacabana",Normal,-22.9666427,-43.1852321,Fechado,Bolsão d'água em via,2024-01-31,
5.0,5031,Riachuelo,2024-01-31 18:37:56+00:00,2024-01-31 19:37:56+00:00,Desconhecido,"Burado do padre,  - riachuelo",Normal,,,Fechado,Bolsão d'água em via,2024-01-31,
5.0,5017,Benfica,2024-01-31 18:05:08+00:00,2024-01-31 19:05:08+00:00,Desconhecido,"Av brasil, alt. passarela 05 - benfica",Normal,-22.8850574,-43.2351722,Fechado,Bolsão d'água em via,2024-01-31,
5.0,5036,Rocinha,2024-01-31 18:58:24+00:00,2024-01-31 19:58:24+00:00,Desconhecido,"Estr. eng. fernando mac dowell,  - rocinha",Normal,-22.987941,-43.2480087,Fechado,Bolsão d'água em via,2024-01-31,
5.0,5018,Galeão,2024-01-31 18:07:53+00:00,2024-01-31 19:07:53+00:00,Desconhecido,"Pr. belo jardim,  - galeao",Normal,-22.8188473,-43.2222662,Fechado,Bolsão d'água em via,2024-01-31,
5.0,5021,Galeão,2024-01-31 18:14:40+00:00,2024-01-31 19:14:40+00:00,Desconhecido,"Rua pr. belo jardim,  - galeao",Normal,-22.8188473,-43.2222662,Fechado,Bolsão d'água em via,2024-01-31,
5.0,5044,Ramos,2024-01-31 19:35:00+00:00,2024-01-31 20:35:00+00:00,Desconhecido,"Av. brasil,  - ramos",Normal,,,Fechado,Bolsão d'água em via,2024-01-31,
5.0,5015,Manguinhos,2024-01-31 18:00:03+00:00,2024-01-31 19:00:03+00:00,Desconhecido,"Av. brasil,  - manguinhos",Normal,-22.8781176,-43.2411647,Fechado,Bolsão d'água em via,2024-01-31,
5.0,4551,Flamengo,2024-01-24 05:15:27+00:00,2024-01-24 06:15:27+00:00,Desconhecido,"Av. infante dom henrique,  - flamengo",Normal,-22.9340641,-43.1738128,Fechado,Bolsão d'água em via,2024-01-24,
33.0,4563,Centro,2024-01-24 09:22:08+00:00,2024-01-24 10:22:08+00:00,Desconhecido,"R. primeiro de marco,  - centro",Normal,-22.9013187,-43.1764795,Fechado,Lâmina d'água,2024-01-24,
5.0,4698,Gardênia azul,2024-01-26 08:14:42+00:00,2024-01-26 09:14:42+00:00,Desconhecido,"Av. ayrton senna ,  - gardenia azul",Normal,-22.9596532,-43.3573582,Fechado,Bolsão d'água em via,2024-01-26,
33.0,4688,Centro,2024-01-26 07:10:46+00:00,2024-01-26 08:10:46+00:00,Desconhecido,"Av. beira mar,  - centro",Normal,-22.9136805,-43.1743366,Fechado,Lâmina d'água,2024-01-26,
5.0,4839,Freguesia (ilha do governador),2024-01-28 18:52:33+00:00,2024-01-28 19:52:33+00:00,Desconhecido,"R. pio dutra, ndeg 600 - freguesia (ilha do governador)",Normal,-22.7933288,-43.1757946,Fechado,Bolsão d'água em via,2024-01-28,
33.0,4860,Barra da tijuca,2024-01-29 06:18:39+00:00,2024-01-29 07:18:39+00:00,Desconhecido,"Av das americas,  - barra da tijuca",Normal,-23.0007498,-43.3835775,Fechado,Lâmina d'água,2024-01-29,
5.0,4857,Caju,2024-01-29 05:48:27+00:00,2024-01-29 06:48:27+00:00,Desconhecido,"Av brasil,  - caju",Normal,-22.8876032,-43.2240622,Fechado,Bolsão d'água em via,2024-01-29,
5.0,4861,Santo cristo,2024-01-29 06:27:20+00:00,2024-01-29 07:27:20+00:00,Desconhecido,"Av francisco bicalho,  - santo cristo",Normal,-22.9037906,-43.2101629,Fechado,Bolsão d'água em via,2024-01-29,
5.0,85190,Sem bairro,2022-11-28 13:43:24+00:00,2022-11-28 14:25:33+00:00,Curto,Rua pinheiro machado - alt.  palácio guanabara - laranjeiras - ambos os sentidos,Medio,,,Fechado,Bolsão d'água em via,2022-11-28,
5.0,84478,Sem bairro,2022-11-16 08:51:57+00:00,2022-11-16 09:48:29+00:00,Curto,Av. emb. abelardo bueno - alt. brt arroio pavuna - jacarepaguá - ambos os sentidos,Baixo,-22.9730632,-43.3785277,Fechado,Bolsão d'água em via,2022-11-16,
5.0,83612,Lagoa,2022-11-01 15:53:41+00:00,2022-11-01 19:10:01+00:00,Curto,Av. borges de medeiros - alt. nº 3525 - lagoa,Baixo,-22.9627385,-43.2080876,Fechado,Bolsão d'água em via,2022-11-01,
5.0,83631,Lagoa,2022-11-02 00:00:22+00:00,2022-11-02 03:15:51+00:00,Curto,"Av. borges de medeiros, alt. paróquia são josé da lagoa - lagoa - sent. túnel rebouças",Baixo,-22.9625962,-43.2080331,Fechado,Bolsão d'água em via,2022-11-02,
5.0,83611,Lagoa,2022-11-01 15:50:35+00:00,2022-11-01 18:33:39+00:00,Curto,Praça marcos tamoio - lagoa,Baixo,-22.9617351,-43.2047325,Fechado,Bolsão d'água em via,2022-11-01,
5.0,85188,Catete,2022-11-28 13:39:14+00:00,2022-11-28 14:25:29+00:00,Curto,Rua bento lisboa - largo do machado,Baixo,-22.9311212,-43.1785245,Fechado,Bolsão d'água em via,2022-11-28,
5.0,85200,Centro,2022-11-28 14:29:06+00:00,2022-11-28 17:05:36+00:00,Curto,"Av. mem de sá, 99 - centro",Baixo,-22.9129654,-43.1833295,Fechado,Bolsão d'água em via,2022-11-28,
33.0,85195,Centro,2022-11-28 13:58:59+00:00,2022-11-28 15:16:10+00:00,Curto,R. da alfândega - entre sr. dos passos e r. dos andradas - centro,Baixo,-22.9031571,-43.1821377,Fechado,Lâmina d'água,2022-11-28,
5.0,85187,Centro,2022-11-28 13:35:11+00:00,2022-11-28 14:20:01+00:00,Curto,R. riachuelo - alt. monte alegre - centro,Baixo,-22.9151765,-43.18751109999999,Fechado,Bolsão d'água em via,2022-11-28,
5.0,84777,Centro,2022-11-21 17:26:38+00:00,2022-11-21 18:51:41+00:00,Curto,Av. mal. floriano - alt. nº 80 - centro,Baixo,-22.901635,-43.184202,Fechado,Bolsão d'água em via,2022-11-21,
5.0,83622,Leblon,2022-11-01 18:11:26+00:00,2022-11-01 19:37:27+00:00,Curto,Saida do túnel santa barbara - sent. centro,Baixo,-22.9256072,-43.1899768,Fechado,Bolsão d'água em via,2022-11-01,
5.0,84100,Tijuca,2022-11-09 15:33:55+00:00,2022-11-09 16:02:44+00:00,Curto,"R. haddock lobo , alt. av. paulo de frontin - estácio",Baixo,-22.9189372,-43.213431,Fechado,Bolsão d'água em via,2022-11-09,
5.0,83678,Galeão,2022-11-02 15:55:40+00:00,2022-11-02 16:02:18+00:00,Curto,Estrada do galeão - alt. restaurante siri da ilha - ilha do governador - sent. jardim guanabara,Baixo,-22.811957,-43.2181706,Fechado,Bolsão d'água em via,2022-11-02,
31.0,85186,Glória,2022-11-28 13:33:46+00:00,2022-11-28 16:17:42+00:00,Curto,"Rua do catete, alt. r. silveira martins - catete",Medio,-22.9256951,-43.1761985,Fechado,Alagamento,2022-11-28,
5.0,85189,Glória,2022-11-28 13:40:46+00:00,2022-11-28 15:15:56+00:00,Curto,R. do catete - largo do machado,Baixo,-22.9269656,-43.1766115,Fechado,Bolsão d'água em via,2022-11-28,
5.0,83617,Ipanema,2022-11-01 16:34:31+00:00,2022-11-01 18:32:05+00:00,Curto,"R. vinícius de moraes, alt. av. epitacio pessoa - lagoa",Baixo,-22.9797488,-43.2024596,Fechado,Bolsão d'água em via,2022-11-01,
5.0,84264,Anchieta,2022-11-11 21:53:20+00:00,2022-11-11 22:36:26+00:00,Curto,R. alcobaça - anchieta,Baixo,-22.8270004,-43.3921766,Fechado,Bolsão d'água em via,2022-11-11,
33.0,85192,Botafogo,2022-11-28 13:48:04+00:00,2022-11-28 14:27:50+00:00,Curto,R. muniz barreto - alt. r. alfredo gomes - botafogo,Baixo,,,Fechado,Lâmina d'água,2022-11-28,
33.0,85193,Botafogo,2022-11-28 13:49:46+00:00,2022-11-28 16:32:24+00:00,Curto,Praia de botafogo - alt. r. visc. de ouro petro - botafogo,Baixo,-22.9454948,-43.1821807,Fechado,Lâmina d'água,2022-11-28,
5.0,85191,Botafogo,2022-11-28 13:46:30+00:00,2022-11-28 15:16:03+00:00,Curto,R. muniz barreto - alt. r. marques de olinda - botafogo,Baixo,-22.943933141778736,-43.18372981957398,Fechado,Bolsão d'água em via,2022-11-28,
5.0,85194,Botafogo,2022-11-28 13:54:48+00:00,2022-11-28 15:16:06+00:00,Curto,R. são clemente - alt. r. guilhermina guinle - botafogo,Baixo,-22.949537,-43.1888472,Fechado,Bolsão d'água em via,2022-11-28,
5.0,83595,Curicica,2022-11-01 14:02:37+00:00,2022-11-01 16:48:53+00:00,Curto,R. da reverência - curicica,Baixo,-22.9574839,-43.3906536,Fechado,Bolsão d'água em via,2022-11-01,
5.0,83596,Curicica,2022-11-01 14:03:32+00:00,2022-11-01 16:15:43+00:00,Curto,R. da ventura - alt. r. aurelino ferreira - curicica,Baixo,-22.9530675,-43.3896884,Fechado,Bolsão d'água em via,2022-11-01,
5.0,85198,Estácio,2022-11-28 14:21:31+00:00,2022-11-28 16:32:27+00:00,Curto,Rua haddock lobo - alt. r. sampaio ferraz - estácio,Baixo,-22.9159689,-43.2069107,Fechado,Bolsão d'água em via,2022-11-28,
5.0,85197,Flamengo,2022-11-28 14:16:27+00:00,2022-11-28 18:12:48+00:00,Curto,R. alm. tamandaré - flamengo,Baixo,-22.9321124,-43.1758483,Fechado,Bolsão d'água em via,2022-11-28,
31.0,85203,Flamengo,2022-11-28 14:49:24+00:00,2022-11-28 18:13:40+00:00,Curto,Tv. dos tamoios - flamengo,Baixo,-22.9345507,-43.176537,Fechado,Alagamento,2022-11-28,
5.0,85206,Flamengo,2022-11-28 15:31:30+00:00,2022-11-28 18:12:53+00:00,Curto,Av. infante dom henrique - flamengo ,Baixo,-22.9303189,-43.1730561,Fechado,Bolsão d'água em via,2022-11-28,
5.0,84101,Sepetiba,2022-11-09 15:37:09+00:00,2022-11-09 16:05:08+00:00,Curto,Praia de sepetiba - alt. nº 1886 - sepetiba,Baixo,,,Fechado,Bolsão d'água em via,2022-11-09,
33.0,84504,Cavalcante,2022-11-16 10:01:37+00:00,2022-11-16 10:33:43+00:00,Curto,"R. silva vale, 249 - cavalcante",Baixo,-22.8704805,-43.3124798,Fechado,Lâmina d'água,2022-11-16,
5.0,83616,Copacabana,2022-11-01 16:32:09+00:00,2022-11-01 18:36:58+00:00,Curto,R. tonelero - alt. rua siqueira campos - copacabana,Baixo,-22.9663745,-43.18508569999999,Fechado,Bolsão d'água em via,2022-11-01,
5.0,85196,Copacabana,2022-11-28 14:03:23+00:00,2022-11-28 14:45:02+00:00,Curto,R. tonelero - alt. r. siqueira campos - copacabana,Baixo,-22.9666427,-43.1852321,Fechado,Bolsão d'água em via,2022-11-28,
5.0,84505,Vila isabel,2022-11-16 10:09:30+00:00,2022-11-16 10:11:00+00:00,Curto,Rua jose do patrocínio - vila isabel ,Baixo,-22.9173363,-43.2628811,Fechado,Bolsão d'água em via,2022-11-16,
5.0,83698,Vila isabel,2022-11-02 22:59:20+00:00,2022-11-02 23:08:02+00:00,Curto,Rua piza e almeida - alt. extra - vila isabel,Baixo,-22.9189848,-43.2442451,Fechado,Bolsão d'água em via,2022-11-02,
5.0,84263,Engenho novo,2022-11-11 21:52:01+00:00,2022-11-11 22:40:37+00:00,Curto,Buraco do padre - engenho novo,Baixo,-22.9020841,-43.2656087,Fechado,Bolsão d'água em via,2022-11-11,
5.0,84482,Engenho novo,2022-11-16 09:07:08+00:00,2022-11-16 09:48:52+00:00,Curto,Av. min. ivan lins - alt. da ponte da joatinga - barra da tijuca - ambos os sentidos,Baixo,-22.9211046,-43.2850245,Fechado,Bolsão d'água em via,2022-11-16,
33.0,84773,Santo cristo,2022-11-21 17:02:05+00:00,2022-11-21 18:05:38+00:00,Curto,Av. francisco bicalho - alt. av. pedro ll - santo cristo - sent. av. brasil,Baixo,-22.9046586,-43.2097136,Fechado,Lâmina d'água,2022-11-21,
5.0,84036,São conrado,2022-11-08 17:13:26+00:00,2022-11-08 17:27:52+00:00,Curto,Estr. fernando macdowell - alt. passarela de são conrado - sent. barra,Baixo,,,Fechado,Bolsão d'água em via,2022-11-08,
5.0,84035,São conrado,2022-11-08 17:12:34+00:00,2022-11-08 17:27:48+00:00,Curto,Estr. fernando macdowell - alt. gávea golf club - são conrado - sent. lagoa,Baixo,-22.99727,-43.2628978,Fechado,Bolsão d'água em via,2022-11-08,
5.0,84480,Barra da tijuca,2022-11-16 08:59:21+00:00,2022-11-16 09:49:14+00:00,Curto,Av. ayrton senna - alt. aeroporto de jacarepaguá - barra - sent. orla,Baixo,-22.9826906,-43.3641911,Fechado,Bolsão d'água em via,2022-11-16,
5.0,84479,Barra da tijuca,2022-11-16 08:56:03+00:00,2022-11-16 09:48:33+00:00,Curto,Av. ayrton senna - alt. av. emb. abelardo bueno - jacarepaguá - sent. orla,Baixo,-22.9829359,-43.365378,Fechado,Bolsão d'água em via,2022-11-16,
5.0,84109,Barra da tijuca,2022-11-09 16:36:26+00:00,2022-11-09 16:40:10+00:00,Curto,Av. ayrton senna - alt. uptow barra - barra da tijca - sent. linha amarela,Baixo,-22.9829359,-43.365378,Fechado,Bolsão d'água em via,2022-11-09,
5.0,83701,Barra da tijuca,2022-11-03 01:56:06+00:00,2022-11-03 05:16:01+00:00,Curto,Av. armando lombardi - alt. estação brt jardim oceânico - n° 800 - sent. av. ayrton senna.,Baixo,-23.0066958,-43.310663,Fechado,Bolsão d'água em via,2022-11-03,
5.0,84034,Barra da tijuca,2022-11-08 17:09:18+00:00,2022-11-08 17:27:44+00:00,Curto,"Av. armando lombardi, 188 - barra da tijuca - sent. recreio",Baixo,-23.0066958,-43.310663,Fechado,Bolsão d'água em via,2022-11-08,
5.0,84278,Todos os santos,2022-11-11 22:51:02+00:00,2022-11-11 22:52:05+00:00,Curto,Avenida amaro cavalcanti - alt. rua cruz e souza  - todos os santos,Baixo,-22.8964563,-43.2891662,Fechado,Bolsão d'água em via,2022-11-11,
5.0,84516,Engenho de dentro,2022-11-16 10:52:04+00:00,2022-11-16 11:13:06+00:00,Curto,R. monsenhor jerônimo - engenho de dentro,Baixo,-22.8999084,-43.2947993,Fechado,Bolsão d'água em via,2022-11-16,
5.0,70011,Lagoa,2022-01-09 06:46:33+00:00,2022-01-09 11:52:55+00:00,Curto,"Rua humaitá, alt. fonte da saudade - humaitá",Baixo,-22.96694,-43.202914,Fechado,Bolsão d'água em via,2022-01-09,
5.0,70621,Lagoa,2022-01-29 23:35:44+00:00,2022-01-30 01:00:07+00:00,Curto,"Rua epitácio pessoa, alt. r. vinícius de moraes - lagoa ",Baixo,-22.9742628,-43.2064953,Fechado,Bolsão d'água em via,2022-01-29,
5.0,70217,Lagoa,2022-01-16 19:51:31+00:00,2022-01-16 20:48:45+00:00,Curto,"Rua epitácio pessoa, alt. r. vinícius de moraes - lagoa ",Baixo,-22.9742628,-43.2064953,Fechado,Bolsão d'água em via,2022-01-16,
5.0,69944,Tauá,2022-01-07 10:33:28+00:00,2022-01-07 10:34:37+00:00,Curto,R. eutíquio soledade - tauá - ilha do gov.,Baixo,-22.7952234,-43.1851405,Fechado,Bolsão d'água em via,2022-01-07,
5.0,70218,Tauá,2022-01-16 19:58:34+00:00,2022-01-16 23:17:21+00:00,Curto,R. eutíquio soledade - tauá,Baixo,-22.7952234,-43.1851405,Fechado,Bolsão d'água em via,2022-01-16,
5.0,69937,Tauá,2022-01-07 09:35:33+00:00,2022-01-07 14:41:58+00:00,Curto,"Rua soldado wandel sarmento, 61 - tauá - ilha do gov.",Baixo,-22.792351,-43.18399600000001,Fechado,Bolsão d'água em via,2022-01-07,
5.0,69935,Tauá,2022-01-07 09:26:44+00:00,2022-01-07 10:34:28+00:00,Curto,"R. demétrio de tolêdo, 57 - tauá - ilha do gov.",Baixo,-22.7926455,-43.183286,Fechado,Bolsão d'água em via,2022-01-07,
5.0,70095,Tauá,2022-01-11 17:21:44+00:00,2022-01-11 18:59:07+00:00,Curto,"R. praia da rosa, 1300 - tauá",Baixo,-22.7921235,-43.1889038,Fechado,Bolsão d'água em via,2022-01-11,
5.0,69928,Zumbi,2022-01-07 08:14:11+00:00,2022-01-07 14:07:27+00:00,Curto,R. pojuca 230 - zumbi,Baixo,-22.8231212,-43.1751652,Fechado,Bolsão d'água em via,2022-01-07,
5.0,70653,Zumbi,2022-01-30 20:38:08+00:00,2022-01-31 01:08:01+00:00,Curto,"Estr. do rio jequiá, 1276 - zumbi - ilha do governador.",Baixo,-22.8187755,-43.1842413,Fechado,Bolsão d'água em via,2022-01-30,
5.0,70119,Zumbi,2022-01-11 18:59:42+00:00,2022-01-11 19:03:13+00:00,Curto,"R. pojuca, 230 - zumbi",Baixo,-22.8231822,-43.1751149,Fechado,Bolsão d'água em via,2022-01-11,
5.0,69929,Zumbi,2022-01-07 08:18:00+00:00,2022-01-07 10:06:15+00:00,Curto,Estr. do rio jequiá - zumbi - ilha do gov.,Baixo,-22.8205193,-43.1799963,Fechado,Bolsão d'água em via,2022-01-07,
5.0,70213,Zumbi,2022-01-16 19:41:18+00:00,2022-01-16 21:24:51+00:00,Curto,Estr. do rio jequiá - (zumbi) - ilha do governador,Baixo,-22.822336,-43.176917,Fechado,Bolsão d'água em via,2022-01-16,
5.0,69930,Cacuia,2022-01-07 08:21:59+00:00,2022-01-07 10:12:15+00:00,Curto,Estrada da bica - cacuia - ilha do gov.,Baixo,-22.8192327,-43.1884561,Fechado,Bolsão d'água em via,2022-01-07,
5.0,70087,Cacuia,2022-01-11 17:05:23+00:00,2022-01-11 18:57:32+00:00,Curto,Estrada da bica próximo ao 327 - cacuia,Baixo,-22.8192327,-43.1884561,Fechado,Bolsão d'água em via,2022-01-11,
5.0,70212,Catete,2022-01-16 19:37:50+00:00,2022-01-16 21:45:49+00:00,Curto,"Rua pedro américo, alt. r. do catete - catete - sent. glória",Baixo,-22.9234676,-43.1773358,Fechado,Bolsão d'água em via,2022-01-16,
5.0,70591,Catete,2022-01-29 15:32:46+00:00,2022-01-29 16:08:43+00:00,Curto,"R. do catete, alt. r. silveira martins - catete",Baixo,-22.9269656,-43.1766115,Fechado,Bolsão d'água em via,2022-01-29,
5.0,70211,Catete,2022-01-16 19:26:38+00:00,2022-01-16 21:28:23+00:00,Curto,"Rua do cadete, alt. r. silveira martins - catete - sent. glória",Medio,-22.9270219,-43.1766223,Fechado,Bolsão d'água em via,2022-01-16,
5.0,70221,Centro,2022-01-16 20:17:17+00:00,2022-01-16 21:19:47+00:00,Curto,"Rua do lavradio, alt. r. do rezende - centro",Medio,-22.9107432,-43.18276789999999,Fechado,Bolsão d'água em via,2022-01-16,
5.0,70220,Centro,2022-01-16 20:07:46+00:00,2022-01-16 20:59:53+00:00,Curto,"Av. mem de sá, alt. r. dos inválidos - centro - sent. lapa",Baixo,-22.912313,-43.1861477,Fechado,Bolsão d'água em via,2022-01-16,
5.0,70106,Centro,2022-01-11 18:06:52+00:00,2022-01-11 19:01:12+00:00,Curto,"Rua da constituição, 10 - centro",Baixo,-22.9066803,-43.1841751,Fechado,Bolsão d'água em via,2022-01-11,
5.0,70104,Gávea,2022-01-11 17:57:10+00:00,2022-01-11 18:20:59+00:00,Curto,"Av. rodrigo otávio, 260 - gávea",Baixo,-22.9750828,-43.2261809,Fechado,Bolsão d'água em via,2022-01-11,
5.0,70094,Gávea,2022-01-11 17:19:23+00:00,2022-01-11 18:14:40+00:00,Curto,"R. mario ribeiro, alt. r. min. raul machado - gávea",Baixo,-22.9778928,-43.2220873,Fechado,Bolsão d'água em via,2022-01-11,
5.0,70604,Irajá,2022-01-29 16:37:06+00:00,2022-01-29 16:58:45+00:00,Curto,"Trevo das magaridas, alt. av. brasil - irajá - ambos os sentidos",Baixo,-22.8204814,-43.3204012,Fechado,Bolsão d'água em via,2022-01-29,
5.0,70080,Irajá,2022-01-11 16:12:26+00:00,2022-01-11 18:00:46+00:00,Curto,Av. brasil - alt. trevo das margaridas - irajá - sent. centro,Baixo,-22.8204814,-43.3204012,Fechado,Bolsão d'água em via,2022-01-11,
5.0,70583,Irajá,2022-01-29 15:01:23+00:00,2022-01-29 16:35:52+00:00,Curto,"Trevo das magaridas, alt. av. brasil - irajá - ambos os sentidos",Baixo,-22.8204814,-43.3204012,Fechado,Bolsão d'água em via,2022-01-29,
5.0,70216,Leblon,2022-01-16 19:49:13+00:00,2022-01-16 21:56:13+00:00,Curto,"Rua mario ribeiro, alt. clube flamengo - leblon - sent. lagoa",Baixo,-22.9776408,-43.2203293,Fechado,Bolsão d'água em via,2022-01-16,
5.0,69963,Leblon,2022-01-07 19:24:44+00:00,2022-01-07 20:51:23+00:00,Curto,"Rua mario ribeiro, alt. clube flamengo - leblon - sent. lagoa",Baixo,-22.9776408,-43.2203293,Fechado,Bolsão d'água em via,2022-01-07,
5.0,70097,Méier,2022-01-11 17:28:18+00:00,2022-01-11 19:06:32+00:00,Curto,R. silva rabêlo - méier,Baixo,-22.8999136,-43.2814755,Fechado,Bolsão d'água em via,2022-01-11,
5.0,70083,Olaria,2022-01-11 16:56:32+00:00,2022-01-11 18:11:45+00:00,Curto,Av. brasil - alt. r. filomena nunes - olaria sent. centro ,Baixo,-22.8379735,-43.25972600000001,Fechado,Bolsão d'água em via,2022-01-11,
5.0,70032,Pavuna,2022-01-10 07:50:18+00:00,2022-01-10 15:30:52+00:00,Curto,"Av. chrisóstomo pimentel de oliveira,alt. via light - pavuna",Baixo,-22.8158896,-43.3877139,Fechado,Bolsão d'água em via,2022-01-10,
5.0,70606,Tijuca,2022-01-29 16:43:09+00:00,2022-01-29 18:04:36+00:00,Curto,"Av. heitor beltrão, alt. r. visconde de figueiredo - tijuca - ambos os sentidos",Baixo,-22.9207824,-43.22422,Fechado,Bolsão d'água em via,2022-01-29,
5.0,69945,Tijuca,2022-01-07 10:36:32+00:00,2022-01-07 11:34:33+00:00,Curto,"R. haddock lobo, 285 - tijuca",Baixo,-22.9203506,-43.2156725,Fechado,Bolsão d'água em via,2022-01-07,
5.0,70224,Cocotá,2022-01-16 20:46:04+00:00,2022-01-16 21:26:01+00:00,Curto,"Rua ten. cleto campelo, 871 - cocotá",Baixo,-22.8083092,-43.1834453,Fechado,Bolsão d'água em via,2022-01-16,
5.0,70215,Cocotá,2022-01-16 19:45:47+00:00,2022-01-16 21:24:30+00:00,Curto,"Rua grana, 1433 - cocotá",Baixo,-22.8059197,-43.1842716,Fechado,Bolsão d'água em via,2022-01-16,
5.0,70585,Galeão,2022-01-29 15:18:08+00:00,2022-01-29 17:36:26+00:00,Curto,"Estr. do galeão, alt. base aérea - ilha do governador - sent. linha vermelha",Baixo,-22.811957,-43.2181706,Fechado,Bolsão d'água em via,2022-01-29,
5.0,70658,Galeão,2022-01-30 21:13:35+00:00,2022-01-30 23:49:04+00:00,Curto,Estrada do galeão - alt restaurante siri da ilha - galeão,Baixo,-22.8207517,-43.22720899999999,Fechado,Bolsão d'água em via,2022-01-30,
5.0,70240,Glória,2022-01-17 06:46:46+00:00,2022-01-17 11:12:33+00:00,Curto,"Rua teixeira de freitas, alt. r. mte. valentim - glória - sent. flamengo",Baixo,-22.9149843,-43.176116,Fechado,Bolsão d'água em via,2022-01-17,
5.0,70100,Glória,2022-01-11 17:39:36+00:00,2022-01-11 19:21:55+00:00,Curto,"R. da glória, 148 - glória",Baixo,-22.918393,-43.1771644,Fechado,Bolsão d'água em via,2022-01-11,
5.0,70660,Ipanema,2022-01-30 21:28:54+00:00,2022-01-30 21:53:14+00:00,Curto,R. vinícius de moraes - alt. av. eptácio pessoa - ipanema,Baixo,-22.9833705,-43.2027195,Fechado,Bolsão d'água em via,2022-01-30,
5.0,70086,Ipanema,2022-01-11 17:04:29+00:00,2022-01-11 19:13:34+00:00,Curto,Av. epitácio pessoa - alt r. vinícius de moraes - ipanema,Baixo,-22.9832664,-43.2027898,Fechado,Bolsão d'água em via,2022-01-11,
5.0,69970,Ipanema,2022-01-08 01:30:46+00:00,2022-01-08 02:43:34+00:00,Curto,"Av. epitácio pessoa - alt. r. vinícius de moraes, 290 - ipanema",Baixo,-22.9797488,-43.2024596,Fechado,Bolsão d'água em via,2022-01-08,
5.0,70596,Taquara,2022-01-29 15:53:58+00:00,2022-01-29 17:36:21+00:00,Curto,"R. ariperana, 150 - taquara",Baixo,-22.9152066,-43.376088,Fechado,Bolsão d'água em via,2022-01-29,
5.0,70593,Anchieta,2022-01-29 15:45:51+00:00,2022-01-30 07:48:09+00:00,Curto,"Av. chrisóstomo pimentel de oliveira, 1073 (via light) - anchieta",Medio,-22.8171132,-43.3905401,Fechado,Bolsão d'água em via,2022-01-29,
5.0,69994,Anchieta,2022-01-08 14:12:05+00:00,2022-01-08 17:50:26+00:00,Curto,Av. chrisóstomo pimentel de oliveira -alt. via light - anchieta,Baixo,-22.8164293,-43.384932,Fechado,Bolsão d'água em via,2022-01-08,
5.0,70110,Andaraí,2022-01-11 18:19:43+00:00,2022-01-11 18:51:15+00:00,Curto,"R. teodoro da silva, alt. alexandre calaza - andaraí",Baixo,-22.9184206,-43.2500594,Fechado,Bolsão d'água em via,2022-01-11,
5.0,70085,Flamengo,2022-01-11 17:00:47+00:00,2022-01-11 18:49:20+00:00,Curto,R. silveira martins - atlt. r. do catete,Baixo,-22.92586,-43.176988,Fechado,Bolsão d'água em via,2022-01-11,
5.0,69969,Humaitá,2022-01-08 01:27:19+00:00,2022-01-08 05:05:22+00:00,Curto,Rua humaitá - alt. r. fonte da saudade - humaitá,Baixo,-22.9602307,-43.2031224,Fechado,Bolsão d'água em via,2022-01-08,
5.0,69949,Realengo,2022-01-07 11:31:27+00:00,2022-01-07 11:33:47+00:00,Curto,"Av. de santa cruz, 1475 - realengo",Baixo,-22.8782754,-43.4377504,Fechado,Bolsão d'água em via,2022-01-07,
5.0,69832,Guaratiba,2022-01-03 18:48:09+00:00,2022-01-03 19:30:53+00:00,Curto,Av. dom joão vi - alt. acesso túnel da grota - sent. barra,Baixo,-23.011313060701795,-43.534514957739255,Fechado,Bolsão d'água em via,2022-01-03,
5.0,70528,Madureira,2022-01-27 17:06:17+00:00,2022-01-27 18:36:43+00:00,Curto,R. conselheiro galvão - alt. av. min. edgar romero - madureira,Baixo,-22.8724265,-43.3364431,Fechado,Bolsão d'água em via,2022-01-27,
5.0,69968,Madureira,2022-01-08 01:15:40+00:00,2022-01-08 01:44:11+00:00,Curto,"Av. min. edgard romero, alt. r. conselheiro galvão - madureira - sent. vaz lobo",Baixo,-22.8661268,-43.3343465,Fechado,Bolsão d'água em via,2022-01-08,
5.0,69934,Bancários,2022-01-07 09:15:29+00:00,2022-01-07 10:18:11+00:00,Curto,R. max yantok - bancários - ilha do gov.,Baixo,-22.7917275,-43.182906,Fechado,Bolsão d'água em via,2022-01-07,
5.0,70219,Bancários,2022-01-16 20:01:34+00:00,2022-01-16 23:19:26+00:00,Curto,"R. gipóia, alt. r. max yantok - bancários",Baixo,-22.7908796,-43.1835052,Fechado,Bolsão d'água em via,2022-01-16,
5.0,70229,Bancários,2022-01-16 21:03:24+00:00,2022-01-16 23:11:28+00:00,Curto,"R. carice, alt. r. quatis - bancários",Baixo,-22.7929809,-43.1856678,Fechado,Bolsão d'água em via,2022-01-16,
5.0,70225,Bancários,2022-01-16 20:53:45+00:00,2022-01-16 23:12:25+00:00,Curto,R. benedito patrício - bancários,Baixo,-22.7910537,-43.181782,Fechado,Bolsão d'água em via,2022-01-16,
5.0,70099,Bonsucesso,2022-01-11 17:39:59+00:00,2022-01-11 19:18:35+00:00,Curto,R. cardoso de morais - bonsucesso,Baixo,-22.859998,-43.255895,Fechado,Bolsão d'água em via,2022-01-11,
5.0,70084,Cavalcante,2022-01-11 17:00:15+00:00,2022-01-11 19:33:07+00:00,Curto,"R. silva vale, alt. r. tumucumaque - cavalcante",Baixo,-22.870391359296228,-43.312117242080696,Fechado,Bolsão d'água em via,2022-01-11,
5.0,70093,Copacabana,2022-01-11 17:18:02+00:00,2022-01-11 18:56:58+00:00,Curto,"R. tonelero, alt. r. siqueira campos - copacabana",Baixo,-22.9666427,-43.1852321,Fechado,Bolsão d'água em via,2022-01-11,
5.0,70222,Copacabana,2022-01-16 20:35:34+00:00,2022-01-16 20:55:53+00:00,Curto,"R. tonelero, alt. r. siqueira campos - copacabana",Baixo,-22.9666427,-43.1852321,Fechado,Bolsão d'água em via,2022-01-16,
5.0,70622,Copacabana,2022-01-29 23:40:18+00:00,2022-01-30 01:00:19+00:00,Curto,"Rua tonelero, alt. r. siqueira campos - copacabana",Baixo,-22.966589,-43.18536030000001,Fechado,Bolsão d'água em via,2022-01-29,
5.0,69998,Copacabana,2022-01-08 17:32:28+00:00,2022-01-08 19:39:42+00:00,Curto,R. tonelero -alt. r. siqueira campos - copacabana,Baixo,-22.9666427,-43.1852321,Fechado,Bolsão d'água em via,2022-01-08,
5.0,69971,Copacabana,2022-01-08 01:53:33+00:00,2022-01-08 02:34:40+00:00,Curto,"R. tonelero, 216 - copacabana",Baixo,-22.9671127,-43.1861562,Fechado,Bolsão d'água em via,2022-01-08,
5.0,70587,Manguinhos,2022-01-29 15:23:10+00:00,2022-01-29 15:57:28+00:00,Curto,"Av. brasil, alt. r. filomena nunes - olaria - sent. centro",Baixo,-22.8382094,-43.2560382,Fechado,Bolsão d'água em via,2022-01-29,
5.0,70088,Manguinhos,2022-01-11 17:08:24+00:00,2022-01-11 19:05:49+00:00,Curto,Av. brasil - benfica - sent. zona oeste,Baixo,-22.8850574,-43.2351722,Fechado,Bolsão d'água em via,2022-01-11,
5.0,69959,Manguinhos,2022-01-07 18:06:54+00:00,2022-01-07 20:47:24+00:00,Curto,Av. brasil - manguinhos - sent. z. oeste,Baixo,-22.8790547,-43.2401616,Fechado,Bolsão d'água em via,2022-01-07,
5.0,70592,Manguinhos,2022-01-29 15:38:29+00:00,2022-01-29 17:39:47+00:00,Curto,"Av brasil, alt. atacadão - sent. z. oeste",Medio,-22.886501,-43.23336330000001,Fechado,Bolsão d'água em via,2022-01-29,
5.0,70584,Manguinhos,2022-01-29 15:11:13+00:00,2022-01-29 16:33:21+00:00,Curto,"Av. brasil, alt. piscinão de ramos - sent. z. oeste",Baixo,-22.8481099,-43.2467389,Fechado,Bolsão d'água em via,2022-01-29,
5.0,70214,Portuguesa,2022-01-16 19:42:17+00:00,2022-01-16 20:30:11+00:00,Curto,"Estrada do galeão, 1 - portuguesa",Baixo,-22.816658,-43.187333,Fechado,Bolsão d'água em via,2022-01-16,
5.0,70209,Santa cruz,2022-01-16 17:01:28+00:00,2022-01-16 18:09:43+00:00,Curto,"R. felipe cardoso, alt. av. eng gastão rangel - santa cruz",Baixo,-22.9277194,-43.6772512,Fechado,Bolsão d'água em via,2022-01-16,
5.0,70107,Cidade nova,2022-01-11 18:08:49+00:00,2022-01-11 18:17:12+00:00,Curto,"R. frei caneca, 414 - cidade nova",Baixo,-22.9138664,-43.2003077,Fechado,Bolsão d'água em via,2022-01-11,
5.0,70098,Cidade nova,2022-01-11 17:37:29+00:00,2022-01-11 18:43:38+00:00,Curto,"Av. pres. vargas, alt. cidade nova - cidade nova",Baixo,-22.9013228,-43.1790716,Fechado,Bolsão d'água em via,2022-01-11,
5.0,70586,Cidade nova,2022-01-29 15:19:52+00:00,2022-01-29 16:07:14+00:00,Curto,"Av. presidente vargas, alt. do cass – cidade nova - sent. av. brasil",Baixo,-22.9098393,-43.20641639999999,Fechado,Bolsão d'água em via,2022-01-29,
5.0,70610,Praça seca,2022-01-29 17:47:28+00:00,2022-01-29 18:41:17+00:00,Curto,"R. cândido benício, alt. vila olimpica  - praça seca - sent. tanque",Baixo,-22.9051007,-43.3575012,Fechado,Bolsão d'água em via,2022-01-29,
5.0,70589,Praça seca,2022-01-29 15:28:21+00:00,2022-01-29 15:56:14+00:00,Curto,"R. cândido benício, alt. r. godofredo viana - praça seca",Baixo,-22.8989213,-43.3530551,Fechado,Bolsão d'água em via,2022-01-29,
5.0,70046,Vila cosmos,2022-01-10 12:36:54+00:00,2022-01-10 19:22:04+00:00,Curto,Praça aquidauana - alt. do carioca shopping vila cosmos,Baixo,-22.8505132,-43.309113,Fechado,Bolsão d'água em via,2022-01-10,
5.0,70082,Vila isabel,2022-01-11 16:52:11+00:00,2022-01-11 17:35:52+00:00,Curto,"R,. josé do patrocínio - alt. r. visc. de santa isabel - grajaú",Baixo,-22.917311,-43.2629885,Fechado,Bolsão d'água em via,2022-01-11,
5.0,70091,Vila isabel,2022-01-11 17:15:01+00:00,2022-01-11 17:47:36+00:00,Curto,"Boulevard 28 de setembro, alt. uerj - vila isabel",Baixo,-22.913516843728512,-43.23533723565978,Fechado,Bolsão d'água em via,2022-01-11,
5.0,70652,Engenho novo,2022-01-30 20:25:36+00:00,2022-01-30 20:33:42+00:00,Curto,Buraco do padre - engenho novo,Baixo,-22.9020841,-43.2656087,Fechado,Bolsão d'água em via,2022-01-30,
5.0,70654,Engenho novo,2022-01-30 20:49:53+00:00,2022-01-30 22:21:13+00:00,Curto,Buraco do padre - engenho novo,Baixo,-22.9020841,-43.2656087,Fechado,Bolsão d'água em via,2022-01-30,
5.0,70081,Engenho novo,2022-01-11 16:47:09+00:00,2022-01-11 17:53:17+00:00,Curto,R. vinte e quatro de maio - alt. r. cônego tobias - eng. novo,Baixo,-22.9024799,-43.2777458,Fechado,Bolsão d'água em via,2022-01-11,
5.0,69943,Ilha fiscal ,2022-01-07 10:32:33+00:00,2022-01-07 10:34:58+00:00,Curto,Rua ilha fiscal - ilha do governador,Baixo,-22.8969444,-43.1669444,Fechado,Bolsão d'água em via,2022-01-07,
5.0,69917,Jacarepaguá,2022-01-06 20:24:17+00:00,2022-01-07 00:23:12+00:00,Curto,R. oscar alfredo sebastião cox - atras do sesc - jacarepaguá,Baixo,-22.9624675,-43.3615562,Fechado,Bolsão d'água em via,2022-01-06,
5.0,70612,Jacarepaguá,2022-01-29 17:59:37+00:00,2022-01-29 21:01:32+00:00,Curto,"R. antônio cordeiro, 281 - jacarepaguá",Baixo,-22.9427697,-43.3375179,Fechado,Bolsão d'água em via,2022-01-29,
5.0,69923,Jacarepaguá,2022-01-07 06:48:04+00:00,2022-01-07 16:54:13+00:00,Curto,Av. eng. souza filho - muzema - jacarepaguá,Baixo,-22.9720927,-43.33700049999999,Fechado,Bolsão d'água em via,2022-01-07,
5.0,70601,Bento ribeiro,2022-01-29 16:21:40+00:00,2022-01-29 20:44:00+00:00,Curto,"R. duarte da costa, 103 - bento ribeiro",Baixo,-22.8675544,-43.3670045,Fechado,Bolsão d'água em via,2022-01-29,
5.0,69932,Jardim sulacap,2022-01-07 08:40:43+00:00,2022-01-07 09:06:56+00:00,Curto,Estr. do catonho - alt. estr. cafundá - jardim sulacap,Medio,-22.90685477863296,-43.37989077215271,Fechado,Bolsão d'água em via,2022-01-07,
5.0,69947,Jardim sulacap,2022-01-07 11:15:40+00:00,2022-01-07 16:47:25+00:00,Curto,Av. albérico diniz - alt. r. pacifico pereira - jardim sulacap,Baixo,-22.8871322,-43.3889652,Fechado,Bolsão d'água em via,2022-01-07,
5.0,70599,Jardim sulacap,2022-01-29 16:09:47+00:00,2022-01-29 17:27:14+00:00,Curto,"Estr. do catonho, alt. estr. do cafundá - jardim sulacap",Medio,-22.898978,-43.3891283,Fechado,Bolsão d'água em via,2022-01-29,
5.0,70120,Jardim sulacap,2022-01-11 19:32:28+00:00,2022-01-11 19:47:25+00:00,Curto,Estr. do catonho - alt. estrada do cafundá  - jardim sulacap - ambos sentidos,Baixo,-22.9046859,-43.3802044,Fechado,Bolsão d'água em via,2022-01-11,
5.0,69948,Jardim sulacap,2022-01-07 11:17:16+00:00,2022-01-07 11:18:45+00:00,Curto,Av. marechal fontenele - alt. museu aeroespacial - jardim sulacap,Baixo,-22.8850331,-43.3905378,Fechado,Bolsão d'água em via,2022-01-07,
5.0,70570,Vila valqueire,2022-01-28 21:21:27+00:00,2022-01-28 22:18:46+00:00,Curto,"Rua das tulípas, r. das camélias - vila valqueire",Baixo,-22.883199,-43.3670766,Fechado,Bolsão d'água em via,2022-01-28,
5.0,70569,Vila valqueire,2022-01-28 20:42:49+00:00,2022-01-28 21:17:22+00:00,Curto,Praça saiqui - vila valqueire,Baixo,-22.8829334,-43.3678489,Fechado,Bolsão d'água em via,2022-01-28,
5.0,69918,Barra da tijuca,2022-01-06 20:31:24+00:00,2022-01-07 00:21:40+00:00,Curto,Av. ayrton senna - alt. ponte santos dumond - barra da tijuca - sent. av. abelardo bueno.,Baixo,-22.9829359,-43.365378,Fechado,Bolsão d'água em via,2022-01-06,
5.0,69931,Barra da tijuca,2022-01-07 08:24:28+00:00,2022-01-07 08:27:06+00:00,Curto,Av. das américas - alt. esplanada da barra - barra - sent. são conrado,Baixo,-23.000707,-43.3523752,Fechado,Bolsão d'água em via,2022-01-07,
5.0,69927,Barra da tijuca,2022-01-07 08:02:06+00:00,2022-01-07 09:07:14+00:00,Curto,Av. das américas - alt. barra shopping - barra da tijuca - sent. são conrado,Baixo,-23.0001865622728,-43.359371344982925,Fechado,Bolsão d'água em via,2022-01-07,
5.0,70096,Barra da tijuca,2022-01-11 17:24:03+00:00,2022-01-11 17:52:03+00:00,Curto,"Av. das américas, alt. downtown, sent centro - barra da tijuca",Baixo,-23.0076006,-43.4381311,Fechado,Bolsão d'água em via,2022-01-11,
5.0,69836,Barra guaratiba,2022-01-03 20:13:25+00:00,2022-01-03 21:29:55+00:00,Curto,"Estr. roberto burle marx, 727 - barra guaratiba",Baixo,-23.0114486,-43.54124640000001,Fechado,Bolsão d'água em via,2022-01-03,
5.0,70661,Parada de lucas,2022-01-30 22:09:33+00:00,2022-01-30 23:46:34+00:00,Curto,Av. brasil - alt. garagem itapemirim - parada de lucas - sent. centro.,Baixo,-22.8189943,-43.2849846,Fechado,Bolsão d'água em via,2022-01-30,
5.0,70103,Todos os santos,2022-01-11 17:54:08+00:00,2022-01-11 19:27:18+00:00,Curto,"R. getúlio, 13 - todos os santos",Baixo,-22.8975996,-43.2819609,Fechado,Bolsão d'água em via,2022-01-11,
5.0,70090,Jardim guanabara,2022-01-11 17:13:19+00:00,2022-01-11 18:58:41+00:00,Curto,"Rua uçá, 472 - jardim guanabara",Baixo,-22.8170464,-43.2016845,Fechado,Bolsão d'água em via,2022-01-11,
5.0,70226,Jardim guanabara,2022-01-16 20:56:20+00:00,2022-01-16 21:34:32+00:00,Curto,"Estrada da bica, 386 - jardim guanabara",Baixo,-22.8189087,-43.1882652,Fechado,Bolsão d'água em via,2022-01-16,
5.0,69978,São cristóvão,2022-01-08 06:22:25+00:00,2022-01-08 11:59:55+00:00,Curto,Av. brasil - alt. rua são cristóvão - são cristóvão - sent. centro,Baixo,-22.8930301,-43.21594650000001,Fechado,Bolsão d'água em via,2022-01-08,
5.0,70101,São cristóvão,2022-01-11 17:41:53+00:00,2022-01-11 17:52:32+00:00,Curto,"R. bela, alt. r. ricardo machado - são cristóvão",Baixo,-22.8879608,-43.225295,Fechado,Bolsão d'água em via,2022-01-11,
5.0,70228,Praia da bandeira,2022-01-16 20:58:17+00:00,2022-01-16 23:20:09+00:00,Curto,"Av. paranapuã, alt. r. capanema - praia da bandeira",Baixo,-22.7953868,-43.1821598,Fechado,Bolsão d'água em via,2022-01-16,
5.0,70223,Ilha do governador,2022-01-16 20:40:22+00:00,2022-01-16 21:35:27+00:00,Curto,"Estr. do galeão, alt. praça do avião - sent. portuguesa",Baixo,-22.815633,-43.2218415,Fechado,Bolsão d'água em via,2022-01-16,
5.0,69987,Recreio dos bandeirantes,2022-01-08 09:45:12+00:00,2022-01-08 18:32:43+00:00,Curto,Av. genaro de carvalho - alt. av. gilka machado - recreio,Baixo,-23.0216036,-43.4781503,Fechado,Bolsão d'água em via,2022-01-08,
5.0,69902,Freguesia de jacarepaguá,2022-01-06 15:20:52+00:00,2022-01-06 15:28:55+00:00,Curto,Rua tirol - alt. r. cmte. rubens silva- freguesia de jacarepaguá,Baixo,-22.9394282,-43.3366942,Fechado,Bolsão d'água em via,2022-01-06,
5.0,70595,Freguesia de jacarepaguá,2022-01-29 15:50:31+00:00,2022-01-29 17:36:45+00:00,Curto,"Rua geminiano góis, alt. r. três rios - freguesia de jacarepaguá",Baixo,-22.9318561,-43.3366165,Fechado,Bolsão d'água em via,2022-01-29,
5.0,70594,Freguesia de jacarepaguá,2022-01-29 15:47:48+00:00,2022-01-29 16:46:21+00:00,Curto,"R. tirol, alt. r. comandante rubens silva  - freguesia de jacarepaguá",Baixo,-22.9399597,-43.3371493,Fechado,Bolsão d'água em via,2022-01-29,
5.0,69909,Freguesia de jacarepaguá,2022-01-06 17:01:09+00:00,2022-01-06 18:09:29+00:00,Curto,"Estr. do gabinal, 1737 - freguesia de jacarepaguá",Baixo,-22.9527561,-43.3530703,Fechado,Bolsão d'água em via,2022-01-06,
5.0,69926,Freguesia (ilha do governador),2022-01-07 07:47:21+00:00,2022-01-07 14:10:37+00:00,Curto,R. pio dutra - freguesia (ilha do governador),Medio,-22.7927046,-43.1743914,Fechado,Bolsão d'água em via,2022-01-07,
5.0,70089,Freguesia (ilha do governador),2022-01-11 17:09:22+00:00,2022-01-11 18:58:03+00:00,Curto,"R. juciape, alt. rua aruja - freguesia (ilha do governador)",Baixo,-22.7934755,-43.1725348,Fechado,Bolsão d'água em via,2022-01-11,
5.0,70230,Freguesia (ilha do governador),2022-01-16 21:31:37+00:00,2022-01-16 22:47:41+00:00,Curto,"Av. dr. agenor de almeida loyola, 929 - freguesia (ilha do governador)",Baixo,-22.788832,-43.1780844,Fechado,Bolsão d'água em via,2022-01-16,
5.0,70657,Freguesia (ilha do governador),2022-01-30 21:10:44+00:00,2022-01-30 23:49:49+00:00,Curto,R. pio dutra - freguesia (ilha do governador),Baixo,-22.7927046,-43.1743914,Fechado,Bolsão d'água em via,2022-01-30,
5.0,70590,Freguesia (ilha do governador),2022-01-29 15:30:31+00:00,2022-01-29 16:19:03+00:00,Curto,"R. pio dutra, 440 - freguesia (ilha do governador)",Baixo,-22.7927046,-43.1743914,Fechado,Bolsão d'água em via,2022-01-29,
31.0,70102,Penha,2022-01-11 17:47:47+00:00,2022-01-11 18:52:32+00:00,Curto,R. aimoré - alt. mercado guanabara - penha,Baixo,-22.8454793,-43.2861226,Fechado,Alagamento,2022-01-11,
31.0,70118,Cacuia,2022-01-11 18:54:04+00:00,2022-01-11 19:02:28+00:00,Curto,"R. arriba, 370 - cacuia",Baixo,-22.8194319,-43.1877906,Fechado,Alagamento,2022-01-11,
31.0,70108,Bancários,2022-01-11 18:13:07+00:00,2022-01-11 18:59:34+00:00,Curto,R. max yantok - bancários,Baixo,-22.7917275,-43.182906,Fechado,Alagamento,2022-01-11,
31.0,70114,Bonsucesso,2022-01-11 18:27:08+00:00,2022-01-11 19:31:11+00:00,Curto,R. 24 de fevereiro - bonsucesso,Baixo,-22.8605819,-43.2500828,Fechado,Alagamento,2022-01-11,
31.0,70092,Vila isabel,2022-01-11 17:16:38+00:00,2022-01-11 18:03:18+00:00,Curto,Boulevard 28 de setembro - alt. r. felipe camarão - vila isabel,Baixo,-22.9153377,-43.2426739,Fechado,Alagamento,2022-01-11,
31.0,70115,Jacarepaguá,2022-01-11 18:37:27+00:00,2022-01-12 05:38:29+00:00,Curto,"Av. eng. souza filho, 1188 - jacarepaguá",Baixo,-22.9748397,-43.3357246,Fechado,Alagamento,2022-01-11,
31.0,70117,Jardim guanabara,2022-01-11 18:47:34+00:00,2022-01-11 18:55:44+00:00,Curto,"Rua uçá, 742 - jardim guanabara",Baixo,-22.8183744,-43.2016314,Fechado,Alagamento,2022-01-11,
31.0,70111,Jardim guanabara,2022-01-11 18:19:47+00:00,2022-01-11 19:01:55+00:00,Curto,R. mangalô - jardim guanabara,Baixo,-22.8161252,-43.19652749999999,Fechado,Alagamento,2022-01-11,
31.0,70109,Jardim guanabara,2022-01-11 18:17:11+00:00,2022-01-11 19:00:18+00:00,Curto,Av. cel. luís oliveira sampaio - jardim guanabara,Baixo,-22.8156252,-43.1887789,Fechado,Alagamento,2022-01-11,
31.0,70116,Freguesia (ilha do governador),2022-01-11 18:41:16+00:00,2022-01-11 18:56:19+00:00,Curto,R. arujá - freguesia (ilha do governador),Baixo,-22.7932597,-43.1736173,Fechado,Alagamento,2022-01-11,
31.0,70112,Freguesia (ilha do governador),2022-01-11 18:23:40+00:00,2022-01-11 19:01:00+00:00,Curto,"R. pio dutra, 532 - freguesia (ilha do governador)",Baixo,-22.7929607,-43.1752092,Fechado,Alagamento,2022-01-11,
33.0,70560,Pavuna,2022-01-28 15:11:20+00:00,2022-01-28 16:03:59+00:00,Curto,"Av. srg. de milícias, alt. r. sargento fernandes fontes - pavuna",Baixo,-22.804507,-43.3568532,Fechado,Lâmina d'água,2022-01-28,
33.0,69938,Cidade nova,2022-01-07 09:40:24+00:00,2022-01-07 12:21:33+00:00,Curto,"Av. presidente vargas, 3220 - cidade nova - sent. av. f. bicalho",Baixo,-22.9098386,-43.2067789,Fechado,Lâmina d'água,2022-01-07,
33.0,69922,Barra da tijuca,2022-01-07 06:30:17+00:00,2022-01-07 08:35:32+00:00,Curto,Av. armando lombardi - alt. estação brt jardim oceânico - barra da tijuca - sent. são conrado,Baixo,-23.0072417,-43.3108259,Fechado,Lâmina d'água,2022-01-07,
5.0,43823,Lagoa,2019-06-20 20:58:51+00:00,2019-06-20 23:17:28+00:00,Curto,"Av. epitácio pessoa, 1772 - lagoa",Baixo,-22.9797182,-43.202439200000015,Fechado,Bolsão d'água em via,2019-06-20,
5.0,43362,Catete,2019-06-03 18:38:53+00:00,2019-06-03 19:20:11+00:00,Curto,"R. pedro américo, 1 - catete",Baixo,-22.9238054,-43.177438,Fechado,Bolsão d'água em via,2019-06-03,
5.0,43363,Centro,2019-06-03 18:45:03+00:00,2019-06-03 20:06:45+00:00,Curto,"R. da relação, 45 - centro",Baixo,-22.9106689,-43.18468740000003,Fechado,Bolsão d'água em via,2019-06-03,
5.0,43826,Tijuca,2019-06-20 21:39:52+00:00,2019-06-20 23:22:12+00:00,Curto,"R. barão de mesquita,prox. ao batalhão da pe",Baixo,-22.924215,-43.24243769999998,Fechado,Bolsão d'água em via,2019-06-20,
5.0,43324,Glória,2019-06-02 10:17:37+00:00,2019-06-02 12:54:16+00:00,Curto,"R. do catete, - glória",Baixo,-22.9283146,-43.17739359999996,Fechado,Bolsão d'água em via,2019-06-02,
5.0,43360,Glória,2019-06-03 18:26:34+00:00,2019-06-03 20:18:26+00:00,Curto,"Rua do catete x silveira martins ,alt. 141",Baixo,-22.925732,-43.1765863,Fechado,Bolsão d'água em via,2019-06-03,
5.0,43321,Ipanema,2019-06-02 09:50:32+00:00,2019-06-02 13:16:45+00:00,Curto,"Av. epitácio pessoa,  - ipanema",Baixo,-22.9796329,-43.21280089999999,Fechado,Bolsão d'água em via,2019-06-02,
5.0,43323,Maracanã,2019-06-02 10:08:52+00:00,2019-06-02 13:11:20+00:00,Curto,"R. morais e silva, 25 - maracanã",Baixo,-22.9128355,-43.222115299999984,Fechado,Bolsão d'água em via,2019-06-02,
5.0,43326,Copacabana,2019-06-02 10:59:02+00:00,2019-06-02 13:16:25+00:00,Curto,"Rua tonelero, - copacabana",Baixo,-22.9677391,-43.187051800000006,Fechado,Bolsão d'água em via,2019-06-02,
5.0,43831,Manguinhos,2019-06-21 04:10:51+00:00,2019-06-21 08:54:56+00:00,Curto,Av. brasil - alt. linha vermelha,Baixo,-22.8850384,-43.22742779999999,Fechado,Bolsão d'água em via,2019-06-21,
5.0,43825,Vila isabel,2019-06-20 21:36:45+00:00,2019-06-20 23:25:30+00:00,Curto,Rua gonzaga bastos - prox. da r. maxwell,Baixo,-22.9198769,-43.2401979,Fechado,Bolsão d'água em via,2019-06-20,
5.0,43348,São conrado,2019-06-03 14:03:04+00:00,2019-06-03 16:22:28+00:00,Curto,Autoestr. eng. fernando mac dowell - rocinha,Medio,-22.99727,-43.2629,Fechado,Bolsão d'água em via,2019-06-03,
5.0,43353,São conrado,2019-06-03 16:42:55+00:00,2019-06-03 18:24:09+00:00,Curto,"R. gen. olímpio mourão filho, 30 - são conrado",Medio,-22.9932812,-43.25479610000002,Fechado,Bolsão d'água em via,2019-06-03,
5.0,43322,Gardênia azul,2019-06-02 10:01:18+00:00,2019-06-02 15:04:13+00:00,Curto,"Av. ayrton senna,  - gardênia azul",Baixo,-22.961922,-43.356938000000014,Fechado,Bolsão d'água em via,2019-06-02,
5.0,43319,Barra da tijuca,2019-06-02 09:36:05+00:00,2019-06-02 13:34:29+00:00,Curto,"Av. min. ivan lins, 314 - barra da tijuca",Baixo,-23.0111105,-43.30188959999998,Fechado,Bolsão d'água em via,2019-06-02,
5.0,43827,São cristóvão,2019-06-20 21:45:57+00:00,2019-06-20 23:19:01+00:00,Curto,"Campo de são cristóvão, 265 - são cristóvão",Baixo,-22.8966516,-43.22147469999999,Fechado,Bolsão d'água em via,2019-06-20,
5.0,43824,São cristóvão,2019-06-20 21:22:53+00:00,2019-06-21 00:36:01+00:00,Curto,"R. bela, 689 - são cristóvão",Baixo,-22.8895567,-43.22387950000001,Fechado,Bolsão d'água em via,2019-06-20,
31.0,43511,Centro,2019-06-08 11:13:50+00:00,2019-06-09 15:44:01+00:00,Curto,"Praça mal. âncora, 184 - centro - alt. do ancoramar",Medio,-22.9042704,-43.17013559999998,Fechado,Alagamento,2019-06-08,
5.0,49816,Caju,2020-01-13 05:30:41+00:00,2020-01-13 07:18:50+00:00,Curto,"Av. brasil, alt. passarela 03 - caju - sent. centro",Baixo,-22.8850206,-43.2259932,Fechado,Bolsão d'água em via,2020-01-13,
5.0,49809,Caju,2020-01-13 05:06:25+00:00,2020-01-13 07:18:53+00:00,Curto,"Av. brasil, alt. passarela 05 - caju - sent. z. oeste",Baixo,-22.8850206,-43.2259932,Fechado,Bolsão d'água em via,2020-01-13,
5.0,49554,Caju,2020-01-03 11:25:05+00:00,2020-01-03 12:49:27+00:00,Curto,Av. brasil - são cristóvão - sent. z. oeste,Baixo,-22.8889293,-43.22244230000001,Fechado,Bolsão d'água em via,2020-01-03,
5.0,49977,Caju,2020-01-17 06:16:59+00:00,2020-01-17 08:29:32+00:00,Curto,"Av. brasil, alt. passarela 02 - caju - sent. centro",Baixo,-22.8850206,-43.2259932,Fechado,Bolsão d'água em via,2020-01-17,
5.0,49973,Caju,2020-01-17 05:50:44+00:00,2020-01-17 08:14:46+00:00,Curto,"Av. brasil, alt. do into - sent. centro",Baixo,-22.8939852,-43.2150523,Fechado,Bolsão d'água em via,2020-01-17,
5.0,49976,Caju,2020-01-17 06:11:57+00:00,2020-01-17 08:29:36+00:00,Curto,"Av. brasil, alt. passarela 04 - caju - sent. centro",Baixo,-22.8850206,-43.2259932,Fechado,Bolsão d'água em via,2020-01-17,
5.0,50001,Lagoa,2020-01-17 10:42:15+00:00,2020-01-17 10:47:02+00:00,Curto,R. maria angélica - lagoa,Baixo,-22.9607008,-43.2079477,Fechado,Bolsão d'água em via,2020-01-17,
5.0,49825,Lagoa,2020-01-13 06:49:55+00:00,2020-01-13 09:52:59+00:00,Curto,"Av. borges de medeiros, alt. praça do maconhão - lagoa",Baixo,-22.9713764,-43.2174035,Fechado,Bolsão d'água em via,2020-01-13,
5.0,49821,Lagoa,2020-01-13 06:24:59+00:00,2020-01-13 08:29:32+00:00,Curto,Praça marcos tamoyo - lagoa - sent. humaitá,Baixo,-22.9617351,-43.2047325,Fechado,Bolsão d'água em via,2020-01-13,
5.0,49838,Lagoa,2020-01-13 07:59:12+00:00,2020-01-13 08:59:53+00:00,Curto,"Av. epitácio pessoa, 2330 - lagoa - sent. corte do cantagalo",Baixo,-22.9772017,-43.1979576,Fechado,Bolsão d'água em via,2020-01-13,
5.0,49855,Lagoa,2020-01-13 09:47:20+00:00,2020-01-13 11:00:06+00:00,Curto,Av. epitácio pessoa - alt. parque da catatumba - lagoa - sent. túnel rebouças,Baixo,-22.9722932,-43.2035247,Fechado,Bolsão d'água em via,2020-01-13,
5.0,49993,Zumbi,2020-01-17 08:21:14+00:00,2020-01-17 11:39:00+00:00,Curto,Estr. do rio jequiá - zumbi - ilha do governador,Baixo,-22.8205193,-43.1799963,Fechado,Bolsão d'água em via,2020-01-17,
5.0,49823,Catete,2020-01-13 06:39:26+00:00,2020-01-13 08:12:21+00:00,Curto,"Rua do catete, alt. r. dois de dezembro - catete",Baixo,-22.9258592,-43.17622069999999,Fechado,Bolsão d'água em via,2020-01-13,
5.0,49819,Catete,2020-01-13 06:12:43+00:00,2020-01-13 08:29:35+00:00,Curto,"Rua do catete, alt. r. silveira martins - catete",Baixo,-22.9258592,-43.17622069999999,Fechado,Bolsão d'água em via,2020-01-13,
5.0,50447,Centro,2020-01-30 20:51:54+00:00,2020-01-30 23:10:18+00:00,Curto,R. dos arcos - alt. n° 33 - centro,Baixo,-22.9121582,-43.18130860000001,Fechado,Bolsão d'água em via,2020-01-30,
5.0,50450,Centro,2020-01-30 21:06:56+00:00,2020-01-31 00:36:13+00:00,Curto,Av. men de sá - alt. praça joão pessoa - centro,Baixo,-22.912313,-43.1861477,Fechado,Bolsão d'água em via,2020-01-30,
5.0,50456,Centro,2020-01-30 21:18:46+00:00,2020-01-31 00:51:02+00:00,Curto,"Rua do passeio, 55 - centro",Baixo,-22.9125759,-43.1768585,Fechado,Bolsão d'água em via,2020-01-30,
5.0,50510,Centro,2020-01-31 08:23:04+00:00,2020-01-31 10:06:42+00:00,Curto,Av. alm. silvio de noronha - bossa nova mall - centro,Baixo,-22.914003,-43.1670093,Fechado,Bolsão d'água em via,2020-01-31,
5.0,50417,Centro,2020-01-30 16:51:34+00:00,2020-01-30 17:09:16+00:00,Curto,Av. pres. vargas - alt. acesso av. f. bicalho - centro ,Baixo,-22.91001457070778,-43.20688765467528,Fechado,Bolsão d'água em via,2020-01-30,
5.0,49983,Centro,2020-01-17 06:44:05+00:00,2020-01-17 08:14:28+00:00,Curto,"Av. pres. vargas, alt. cass - cidade nova - sent. candelária",Baixo,-22.9008826,-43.1778419,Fechado,Bolsão d'água em via,2020-01-17,
5.0,50449,Centro,2020-01-30 20:57:28+00:00,2020-01-30 21:03:19+00:00,Curto,"R. dos arcos, 33 - centro",Baixo,-22.9121582,-43.18130860000001,Fechado,Bolsão d'água em via,2020-01-30,
5.0,49833,Centro,2020-01-13 07:29:18+00:00,2020-01-13 08:04:20+00:00,Curto,"R. do rezende, 118 - centro",Baixo,-22.913187,-43.1866111,Fechado,Bolsão d'água em via,2020-01-13,
5.0,49994,Gávea,2020-01-17 09:10:02+00:00,2020-01-17 12:52:36+00:00,Curto,"R. das acácias, 101 - gávea",Baixo,-22.9752832,-43.2293565,Fechado,Bolsão d'água em via,2020-01-17,
5.0,50180,Irajá,2020-01-23 15:02:47+00:00,2020-01-23 16:59:12+00:00,Curto,Av. brasil - alt. trevo das margaridas - irajá,Baixo,-22.82304,-43.3279105,Fechado,Bolsão d'água em via,2020-01-23,
5.0,50182,Irajá,2020-01-23 15:17:22+00:00,2020-01-23 16:58:42+00:00,Curto,Tv. das margaridas - irajá ( viaduto sobre a av. brasil ),Baixo,-22.8204028,-43.32022509999999,Fechado,Bolsão d'água em via,2020-01-23,
5.0,49808,Méier,2020-01-13 03:57:41+00:00,2020-01-13 09:36:55+00:00,Curto,"Estrada do galeão, alt. ponte do galeão - sent. ilha",Baixo,-22.8185377,-43.2252866,Fechado,Bolsão d'água em via,2020-01-13,
5.0,50487,Tijuca,2020-01-31 00:38:09+00:00,2020-01-31 04:27:35+00:00,Curto,Av. heitor beltrão - alt. r. visconde de figueredo - tijuca,Baixo,-22.9208335,-43.2258006,Fechado,Bolsão d'água em via,2020-01-31,
5.0,49839,Tijuca,2020-01-13 08:02:02+00:00,2020-01-13 09:03:56+00:00,Curto,Rua haddock lobo - alt. clube municipal - tijuca,Baixo,-22.9210678,-43.217713,Fechado,Bolsão d'água em via,2020-01-13,
5.0,50445,Tijuca,2020-01-30 20:38:30+00:00,2020-01-30 22:22:32+00:00,Curto,"Rua conde de bonfim, 510 - tijuca",Baixo,-22.9279297,-43.2364298,Fechado,Bolsão d'água em via,2020-01-30,
5.0,50416,Tijuca,2020-01-30 16:48:15+00:00,2020-01-30 17:19:16+00:00,Curto,R. haddock lobo - alt. r. engenheiro adel - tijuca,Baixo,-22.9203576,-43.21663789999999,Fechado,Bolsão d'água em via,2020-01-30,
5.0,50493,Tijuca,2020-01-31 02:31:59+00:00,2020-01-31 03:17:38+00:00,Curto,R. heitor beltrão - alt. conselheiro zen - tijuca,Baixo,-22.9208335,-43.2258006,Fechado,Bolsão d'água em via,2020-01-31,
5.0,49974,Tijuca,2020-01-17 05:57:09+00:00,2020-01-17 07:52:13+00:00,Curto,"Rua haddock lobo, alt. r. eng. adel - tijuca",Baixo,-22.9200224,-43.215881,Fechado,Bolsão d'água em via,2020-01-17,
5.0,50442,Tijuca,2020-01-30 20:28:01+00:00,2020-01-30 22:27:52+00:00,Curto,"R. haddock lobo, 325 - tijuca",Baixo,-22.9203771,-43.2165956,Fechado,Bolsão d'água em via,2020-01-30,
5.0,49555,Galeão,2020-01-03 11:30:44+00:00,2020-01-03 12:00:32+00:00,Curto,"Linha vermelha, km 1 - são cristóvão - sent. baixada",Baixo,-22.8278692,-43.25031360000003,Fechado,Bolsão d'água em via,2020-01-03,
5.0,50455,Glória,2020-01-30 21:12:32+00:00,2020-01-30 23:07:08+00:00,Curto,"Av. infante dom henrique, 12 - glória",Baixo,-22.9247231,-43.17111412831117,Fechado,Bolsão d'água em via,2020-01-30,
5.0,50438,Glória,2020-01-30 20:16:21+00:00,2020-01-30 23:49:30+00:00,Curto,R. do catete - alt. rua pedro américo - glória,Baixo,-22.9269656,-43.1766115,Fechado,Bolsão d'água em via,2020-01-30,
5.0,49834,Ipanema,2020-01-13 07:31:01+00:00,2020-01-13 09:21:18+00:00,Curto,Av. epitácio pessoa - alt. r. maria quitéria - ipanema,Baixo,-22.9807938,-43.2068776,Fechado,Bolsão d'água em via,2020-01-13,
5.0,49999,Ipanema,2020-01-17 09:52:47+00:00,2020-01-17 10:36:51+00:00,Curto,"Av. epitácio pessoa, 2014 - ipanema - sent. corte do cantagalo",Baixo,-22.9792369,-43.200251,Fechado,Bolsão d'água em via,2020-01-17,
5.0,49822,Ipanema,2020-01-13 06:31:29+00:00,2020-01-13 09:21:09+00:00,Curto,"Av. epitácio pessoa, alt. r. vinícius de morais - lagoa",Baixo,-22.9708637,-43.2069645,Fechado,Bolsão d'água em via,2020-01-13,
5.0,49824,Rocinha,2020-01-13 06:42:20+00:00,2020-01-13 08:53:08+00:00,Curto,Autoestrada eng. fernando mac dowell - gávea - sent. rocinha,Baixo,-22.9930504,-43.2533926,Fechado,Bolsão d'água em via,2020-01-13,
5.0,49827,Rocinha,2020-01-13 06:59:49+00:00,2020-01-13 08:53:05+00:00,Curto,Autoestrada eng. fernando mac dowell - rocinha - sent. barra,Baixo,-22.9930504,-43.2533926,Fechado,Bolsão d'água em via,2020-01-13,
5.0,49828,Rocinha,2020-01-13 07:04:06+00:00,2020-01-13 12:31:44+00:00,Curto,Rua olimpio mourão filho - sâo conrado,Baixo,-22.9931215,-43.2534492,Fechado,Bolsão d'água em via,2020-01-13,
5.0,49868,Botafogo,2020-01-13 12:32:54+00:00,2020-01-13 16:35:39+00:00,Curto,"Praia de botafogo, 190 - botafogo - sent. copacabana",Baixo,-22.94132,-43.1802727,Fechado,Bolsão d'água em via,2020-01-13,
5.0,49992,Botafogo,2020-01-17 08:12:08+00:00,2020-01-17 14:51:37+00:00,Curto,Praia de botafogo - alt. fgv - botafogo,Baixo,-22.94132,-43.1802727,Fechado,Bolsão d'água em via,2020-01-17,
5.0,49982,Botafogo,2020-01-17 06:37:27+00:00,2020-01-17 07:57:02+00:00,Curto,"Rua mena barreto, 90 - botafogo",Baixo,-22.9553165,-43.1888925,Fechado,Bolsão d'água em via,2020-01-17,
5.0,50461,Maracanã,2020-01-30 21:50:19+00:00,2020-01-31 00:47:37+00:00,Curto,Prof° manoel de abreu - alt. r. felipe camarão - maracanã,Baixo,-22.9137067,-43.2341342,Fechado,Bolsão d'água em via,2020-01-30,
5.0,50000,Copacabana,2020-01-17 10:18:36+00:00,2020-01-17 11:39:04+00:00,Curto,Rua siqueira campos - alt. r. tonelero - copacabana,Baixo,-22.9664282,-43.1870582,Fechado,Bolsão d'água em via,2020-01-17,
5.0,49826,Copacabana,2020-01-13 06:56:10+00:00,2020-01-13 08:55:13+00:00,Curto,Rua tonelero - alt. rua figueiredo de magalhães - copacabana,Baixo,-22.966751,-43.185458,Fechado,Bolsão d'água em via,2020-01-13,
5.0,50460,Manguinhos,2020-01-30 21:46:57+00:00,2020-01-30 23:31:01+00:00,Curto,Av. brasil - alt. canal do cunha - manguinhos - sent. z. oeste,Baixo,-22.8803753,-43.2391499,Fechado,Bolsão d'água em via,2020-01-30,
5.0,49579,Manguinhos,2020-01-03 18:28:35+00:00,2020-01-03 18:45:22+00:00,Curto,Av. brasil - alt. atacadão - manguinhos - sent. z. oeste,Baixo,-22.8808658,-43.238647000000014,Fechado,Bolsão d'água em via,2020-01-03,
5.0,49580,Manguinhos,2020-01-03 18:34:22+00:00,2020-01-03 19:56:07+00:00,Curto,Av. brasil - alt. linha amarela - manguinhos - sent. z. oeste,Baixo,-22.875704,-43.242977,Fechado,Bolsão d'água em via,2020-01-03,
5.0,49814,Manguinhos,2020-01-13 05:25:22+00:00,2020-01-13 06:28:24+00:00,Curto,"Av. brasil, alt. passarela 09 - bonsucesso - sent. centro",Baixo,-22.8639104,-43.2477137,Fechado,Bolsão d'água em via,2020-01-13,
5.0,49556,Manguinhos,2020-01-03 11:35:20+00:00,2020-01-03 12:17:18+00:00,Curto,Av. brasil - alt. viaduto ataulfo alves - benfica - sent. z. oeste ,Baixo,-22.8850574,-43.235172199999965,Fechado,Bolsão d'água em via,2020-01-03,
5.0,49815,Manguinhos,2020-01-13 05:27:38+00:00,2020-01-13 06:09:41+00:00,Curto,"Av. brasil, alt. passarela 07 - manguinhos - sent. centro",Baixo,-22.8781176,-43.2411647,Fechado,Bolsão d'água em via,2020-01-13,
5.0,49810,Manguinhos,2020-01-13 05:12:22+00:00,2020-01-13 07:12:13+00:00,Curto,"Av. brasil, alt. atacadão - manguinhos - sent. z. oeste",Baixo,-22.8781176,-43.2411647,Fechado,Bolsão d'água em via,2020-01-13,
5.0,49997,Santa cruz,2020-01-17 09:37:08+00:00,2020-01-17 12:04:23+00:00,Curto,R. felipe cardoso - alt. estr. da pedra - alt. est. brt curral falso - santa cruz,Baixo,-22.9277194,-43.6772512,Fechado,Bolsão d'água em via,2020-01-17,
5.0,50440,Cidade nova,2020-01-30 20:22:11+00:00,2020-01-31 04:30:40+00:00,Curto,"Brs 1,3,5 - avenida presidente vargas próximo ao 3166-3220 - cidade nova",Baixo,-22.9097464,-43.2065385,Fechado,Bolsão d'água em via,2020-01-30,
5.0,50441,Cidade nova,2020-01-30 20:24:23+00:00,2020-01-31 04:29:13+00:00,Curto,"Av. pres. vargas, 210 - cidade nova",Baixo,-22.9101893,-43.2059353,Fechado,Bolsão d'água em via,2020-01-30,
5.0,49984,Cidade nova,2020-01-17 06:53:46+00:00,2020-01-17 17:54:53+00:00,Curto,"Av. pres. vargas, alt. est. metrô cidade nova - sent. praça da bandeira",Baixo,-22.908764,-43.206311,Fechado,Bolsão d'água em via,2020-01-17,
5.0,49986,Laranjeiras,2020-01-17 07:05:48+00:00,2020-01-17 08:14:31+00:00,Curto,R. pinheiro machado - alt. rua muniz barreto - laranjeiras - sent. centro,Baixo,-22.9369963,-43.1837514,Fechado,Bolsão d'água em via,2020-01-17,
5.0,49813,Santíssimo,2020-01-13 05:20:13+00:00,2020-01-13 07:12:08+00:00,Curto,"Av. brasil, alt. passarela 20 - cidade alta - sent. centro",Baixo,-22.8608797,-43.5336045,Fechado,Bolsão d'água em via,2020-01-13,
5.0,50452,Vila isabel,2020-01-30 21:09:50+00:00,2020-01-30 22:44:15+00:00,Curto,R. alexandre calaza  - vila isabel,Baixo,-22.9184906,-43.2599066,Fechado,Bolsão d'água em via,2020-01-30,
5.0,49548,Campo grande,2020-01-03 10:29:37+00:00,2020-01-03 11:43:59+00:00,Curto,Av. cesário de melo - alt. r. prof. castilho - campo grande,Baixo,-22.907871,-43.56483990000004,Fechado,Bolsão d'água em via,2020-01-03,
5.0,49549,Campo grande,2020-01-03 10:40:55+00:00,2020-01-03 15:55:09+00:00,Curto,R. campo grande - alt. condomínio capemi ,Baixo,-22.9038131,-43.57003780000002,Fechado,Bolsão d'água em via,2020-01-03,
5.0,49550,Campo grande,2020-01-03 10:50:06+00:00,2020-01-03 12:14:33+00:00,Curto,Av. cesário de melo - alt. do cemitério - campo grande,Baixo,-22.9084387,-43.57315849999998,Fechado,Bolsão d'água em via,2020-01-03,
5.0,49618,Jacarepaguá,2020-01-06 02:51:57+00:00,2020-01-06 04:06:53+00:00,Curto,Av. ayrton senna - alt. senac  - jacarepaguá - sent. linha amarela,Baixo,-22.970102,-43.3600242,Fechado,Bolsão d'água em via,2020-01-06,
5.0,49853,Santo cristo,2020-01-13 09:30:03+00:00,2020-01-13 09:31:13+00:00,Curto,Av. francisco bicalho - alt. iml - santo cristo - sentido centro,Baixo,-22.9046586,-43.2097136,Fechado,Bolsão d'água em via,2020-01-13,
5.0,49552,Gardênia azul,2020-01-03 11:00:50+00:00,2020-01-03 15:40:56+00:00,Curto,Av. ayrton senna - alt. espaço hall - gardênia azul,Baixo,-22.9608957,-43.3565433,Fechado,Bolsão d'água em via,2020-01-03,
5.0,49561,Jardim carioca,2020-01-03 13:01:24+00:00,2020-01-03 14:40:02+00:00,Curto,R. muiatuca - alt. cbmerj - ilha do governador,Baixo,-22.8050121,-43.1967904,Fechado,Bolsão d'água em via,2020-01-03,
5.0,49991,Jardim carioca,2020-01-17 08:09:07+00:00,2020-01-17 15:31:20+00:00,Curto,R. muiatuca - jardim carioca - ilha do governador,Baixo,-22.8050121,-43.1967904,Fechado,Bolsão d'água em via,2020-01-17,
5.0,49812,Vigário geral,2020-01-13 05:17:56+00:00,2020-01-13 06:04:30+00:00,Curto,"Av. brasil, alt. passarela 21 - parada de lucas - sent. z. oeste",Baixo,-22.819183,-43.3104072,Fechado,Bolsão d'água em via,2020-01-13,
5.0,49811,Vigário geral,2020-01-13 05:14:56+00:00,2020-01-13 07:12:10+00:00,Curto,"Av. brasil, alt. passarela 09 - bonsucesso - sent. z. oeste",Baixo,-22.819183,-43.3104072,Fechado,Bolsão d'água em via,2020-01-13,
5.0,49621,Barra da tijuca,2020-01-06 04:31:50+00:00,2020-01-06 05:39:17+00:00,Curto,Mergulhão y -  barra da tijuca - sent. orla,Baixo,-22.9976374,-43.36677069999996,Fechado,Bolsão d'água em via,2020-01-06,
5.0,49980,Barra da tijuca,2020-01-17 06:23:53+00:00,2020-01-17 08:24:14+00:00,Curto,"Av. das américas, alt. est. brt rio mar - barra - sent. são conrado",Baixo,-23.0000143,-43.4073416,Fechado,Bolsão d'água em via,2020-01-17,
5.0,49619,Barra da tijuca,2020-01-06 02:59:06+00:00,2020-01-06 08:54:40+00:00,Curto,Av. armando lombardi - alt. jardim oceânico - barra da tijuca - sent. recreio,Baixo,-23.0066933,-43.3106674,Fechado,Bolsão d'água em via,2020-01-06,
5.0,49620,Barra da tijuca,2020-01-06 03:54:29+00:00,2020-01-06 05:38:24+00:00,Curto,"Av. min. ivan lins, 600 - barra da tijuca - sent. s. conrado",Baixo,-23.0120545,-43.300449000000015,Fechado,Bolsão d'água em via,2020-01-06,
5.0,50181,Parada de lucas,2020-01-23 15:14:16+00:00,2020-01-23 16:58:55+00:00,Curto,Av. brasil - parada de lucas - sent. centro,Baixo,-22.8160229,-43.3033157,Fechado,Bolsão d'água em via,2020-01-23,
5.0,49817,Jardim botânico,2020-01-13 05:51:21+00:00,2020-01-13 09:59:02+00:00,Curto,"Rua jardim botânico, alt. praça santos dumont - sent. gávea",Baixo,-22.9673717,-43.2250381,Fechado,Bolsão d'água em via,2020-01-13,
5.0,50443,Jardim botânico,2020-01-30 20:31:13+00:00,2020-01-30 20:56:05+00:00,Curto,Jardim botânico - alt. rua prof° saldanha  - jardim botânico,Baixo,-22.9637848,-43.222283,Fechado,Bolsão d'água em via,2020-01-30,
5.0,49553,São cristóvão,2020-01-03 11:19:25+00:00,2020-01-03 11:39:13+00:00,Curto,Largo da cancela - alt. r. são luiz gonzaga - são cristóvão,Baixo,-22.9003568,-43.22475220000001,Fechado,Bolsão d'água em via,2020-01-03,
5.0,50464,São cristóvão,2020-01-30 22:04:00+00:00,2020-01-30 23:00:50+00:00,Curto,"R. gen. bruce, 445 - são cristóvão",Baixo,-22.8954064,-43.2222035,Fechado,Bolsão d'água em via,2020-01-30,
5.0,50467,São cristóvão,2020-01-30 22:17:24+00:00,2020-01-30 23:08:36+00:00,Curto,"R. conde de leopoldina, 468 - são cristóvão",Baixo,-22.8918471,-43.2206864,Fechado,Bolsão d'água em via,2020-01-30,
5.0,49560,São cristóvão,2020-01-03 12:43:33+00:00,2020-01-03 15:45:10+00:00,Curto,"R. conde de leopoldina, alt. r. monsenhor manuel gomes  - são cristóvão",Baixo,-22.8906605,-43.21939810000004,Fechado,Bolsão d'água em via,2020-01-03,
5.0,49557,São cristóvão,2020-01-03 11:46:25+00:00,2020-01-03 15:41:13+00:00,Curto,Campo de são cristóvão - alt. r. bela ,Baixo,-22.8966516,-43.22147469999999,Fechado,Bolsão d'água em via,2020-01-03,
5.0,49551,Alto da boa vista,2020-01-03 10:54:22+00:00,2020-01-03 11:15:07+00:00,Curto,Estr. velha da tijuca - alt. av. édison passos - alto da boa vista,Baixo,-22.9539814,-43.2638753,Fechado,Bolsão d'água em via,2020-01-03,
5.0,49829,Praca da bandeira,2020-01-13 07:07:38+00:00,2020-01-13 08:51:46+00:00,Curto,Av. pres. vargas - alt. acesso av. francisco bicalho - sent. rodoviária,Baixo,-22.910076850403435,-43.20819115872192,Fechado,Bolsão d'água em via,2020-01-13,
6.0,49559,Jacarepaguá,2020-01-03 12:37:12+00:00,2020-01-03 14:27:26+00:00,Curto,"Estr. dos bandeirantes, 7150 - curicica",Baixo,-22.9654681,-43.408144600000014,Fechado,Alagamento,2020-01-03,
31.0,50468,Urca,2020-01-30 22:25:24+00:00,2020-01-31 00:45:47+00:00,Curto,"Av. pasteur, 250 - urca",Baixo,-22.952738,-43.1723737,Fechado,Alagamento,2020-01-30,
31.0,50439,Flamengo,2020-01-30 20:21:48+00:00,2020-01-30 23:51:51+00:00,Curto,R. silveira martins - alt. rua do catete - flamengo,Baixo,-22.9256951,-43.1761978,Fechado,Alagamento,2020-01-30,
31.0,50463,Flamengo,2020-01-30 22:01:25+00:00,2020-01-31 00:08:25+00:00,Curto,"Rua senador vergueiro, 133 - flamengo",Baixo,-22.9369426,-43.175787,Fechado,Alagamento,2020-01-30,
31.0,49830,Copacabana,2020-01-13 07:15:29+00:00,2020-01-13 07:21:36+00:00,Curto,Rua figueiredo de magalhães - alt. copa dor - copacabana,Baixo,-22.9653942,-43.1903613,Fechado,Alagamento,2020-01-13,
31.0,50444,Laranjeiras,2020-01-30 20:36:50+00:00,2020-01-30 21:30:35+00:00,Curto,Rua pinheiro machado - alt. r. das laranjeiras - laranjeiras,Baixo,-22.9329536,-43.1844472,Fechado,Alagamento,2020-01-30,
31.0,49837,Jardim carioca,2020-01-13 07:49:16+00:00,2020-01-13 11:00:11+00:00,Curto,R. muiatuca - jardim carioca,Baixo,-22.8050121,-43.1967904,Fechado,Alagamento,2020-01-13,
31.0,49562,Jardim carioca,2020-01-03 13:04:34+00:00,2020-01-03 14:27:08+00:00,Curto,R. ten. cleto campêlo - jardim carioca - ilha do governador,Baixo,-22.8084087,-43.18349899999998,Fechado,Alagamento,2020-01-03,
33.0,49533,Centro,2020-01-02 19:41:26+00:00,2020-01-02 20:29:35+00:00,Curto,Av. mal. câmara - alt. oab - centro - sent. centro,Baixo,-22.9101762,-43.168775100000005,Fechado,Lâmina d'água,2020-01-02,
33.0,49998,Barra da tijuca,2020-01-17 09:40:41+00:00,2020-01-17 11:04:51+00:00,Curto,Av. ministro ivan lins - alt. hotel ibis - barra da tijuca,Baixo,-23.0129114,-43.2978112,Fechado,Lâmina d'água,2020-01-17,
6.0,2334,Sem bairro,2015-11-29 11:33:54+00:00,2015-11-29 19:58:35+00:00,Desconhecido,"Pancadas de chuva, acompanhadas de rajadas de vento moderado/forte e descargas elétricas, a partir do período da tarde.",Baixo,,,Fechado,Alagamento,2015-11-29,
5.0,1961,Sem bairro,2015-11-03 05:01:17+00:00,2015-11-03 06:12:06+00:00,Desconhecido,"Av. das américas, 3434 - barra da tijuca",Baixo,-22.99987129075076,-43.34579657672123,Fechado,Bolsão d'água em via,2015-11-03,
5.0,1992,Sem bairro,2015-11-04 22:28:03+00:00,2015-11-05 02:54:17+00:00,Desconhecido,"Elevado 31 de março , sentido centro , altura da chamine.",Baixo,,,Fechado,Bolsão d'água em via,2015-11-04,
5.0,1990,Sem bairro,2015-11-04 22:12:32+00:00,2015-11-04 22:37:48+00:00,Desconhecido,"Rua tonelero, com siqueira campos - copacabana",Baixo,-22.9667614,-43.18544370000001,Fechado,Bolsão d'água em via,2015-11-04,
5.0,1991,Sem bairro,2015-11-04 22:26:06+00:00,2015-11-04 23:20:47+00:00,Desconhecido,Av. borges de medeiros com av epitacio pessoa.,Baixo,,,Fechado,Bolsão d'água em via,2015-11-04,
5.0,2036,Sem bairro,2015-11-07 23:27:07+00:00,2015-11-08 02:29:07+00:00,Desconhecido,"Estr. do joá, 2100 - joá",Baixo,-23.0057483,-43.2831084,Fechado,Bolsão d'água em via,2015-11-07,
5.0,2045,Sem bairro,2015-11-08 02:30:31+00:00,2015-11-08 06:16:10+00:00,Desconhecido,"R. da américa, 217 - santo cristo",Baixo,-22.9037834,-43.19723049999999,Fechado,Bolsão d'água em via,2015-11-08,
5.0,2040,Sem bairro,2015-11-08 01:35:53+00:00,2015-11-08 06:15:34+00:00,Desconhecido,"Rua comandante garcía píres, 16-48 - santo cristo",Baixo,-22.9003467,-43.20834000000002,Fechado,Bolsão d'água em via,2015-11-08,
5.0,2041,Sem bairro,2015-11-08 01:36:50+00:00,2015-11-08 02:28:07+00:00,Desconhecido,"R. toneleiro , copacabana",Baixo,-22.9674795,-43.187457600000016,Fechado,Bolsão d'água em via,2015-11-08,
5.0,2037,Sem bairro,2015-11-08 00:31:24+00:00,2015-11-08 06:15:15+00:00,Desconhecido,"R. do catete, glória",Baixo,-22.923763326615006,-43.17702986693422,Fechado,Bolsão d'água em via,2015-11-08,
5.0,2039,Sem bairro,2015-11-08 00:40:15+00:00,2015-11-08 02:29:18+00:00,Desconhecido,Av brasil - ramos,Baixo,-22.8503133,-43.2565606,Fechado,Bolsão d'água em via,2015-11-08,
5.0,2047,Sem bairro,2015-11-08 07:04:49+00:00,2015-11-08 10:57:43+00:00,Desconhecido,Av niemeyer-rocinha,Baixo,-22.9068467,-43.17289649999998,Fechado,Bolsão d'água em via,2015-11-08,
5.0,2038,Sem bairro,2015-11-08 00:35:08+00:00,2015-11-08 02:27:44+00:00,Desconhecido,"R. real grandeza, botafogo",Baixo,-22.95811804100432,-43.19141575263978,Fechado,Bolsão d'água em via,2015-11-08,
5.0,2042,Sem bairro,2015-11-08 01:38:03+00:00,2015-11-08 06:15:57+00:00,Desconhecido,"R. camerino, 100 - centro",Baixo,-22.900492,-43.186763499999984,Fechado,Bolsão d'água em via,2015-11-08,
5.0,2044,Sem bairro,2015-11-08 02:29:58+00:00,2015-11-08 06:15:47+00:00,Desconhecido,"Av. borges de medeiros, 2415 - lagoa",Baixo,-22.9665815,-43.2168762,Fechado,Bolsão d'água em via,2015-11-08,
5.0,2237,Sem bairro,2015-11-23 07:47:47+00:00,2015-11-23 10:33:46+00:00,Desconhecido,"Rua comandante garcía píres, 76-96 - santo cristo",Baixo,-22.9005424,-43.20979820000002,Fechado,Bolsão d'água em via,2015-11-23,
5.0,2235,Sem bairro,2015-11-23 07:36:48+00:00,2015-11-23 09:58:11+00:00,Desconhecido,"Campo de são cristóvão, 268 - são cristóvão",Baixo,-22.8966541,-43.22142099999997,Fechado,Bolsão d'água em via,2015-11-23,
5.0,2232,Sem bairro,2015-11-23 05:44:51+00:00,2015-11-23 15:29:43+00:00,Desconhecido,"Av. brasil,manguinhos",Baixo,-22.82165377232992,-43.32390511633298,Fechado,Bolsão d'água em via,2015-11-23,
5.0,2231,Sem bairro,2015-11-23 05:39:20+00:00,2015-11-23 06:45:04+00:00,Desconhecido,Av. 28 de setembro x filipe camarão.,Baixo,-22.9068467,-43.17289649999998,Fechado,Bolsão d'água em via,2015-11-23,
5.0,2230,Sem bairro,2015-11-23 05:38:13+00:00,2015-11-23 10:01:30+00:00,Desconhecido,Rua bela x rua  são cristóvão,Baixo,-22.9068467,-43.17289649999998,Fechado,Bolsão d'água em via,2015-11-23,
5.0,2229,Sem bairro,2015-11-23 05:36:39+00:00,2015-11-23 09:21:51+00:00,Desconhecido,Av. borges de medeiros- lagoa,Baixo,-22.96234580411268,-43.20455873278809,Fechado,Bolsão d'água em via,2015-11-23,
5.0,2234,Sem bairro,2015-11-23 07:35:13+00:00,2015-11-23 10:01:19+00:00,Desconhecido,"R. gen. bruce, 445 - são cristóvão",Baixo,-22.8955277,-43.22228230000002,Fechado,Bolsão d'água em via,2015-11-23,
5.0,2233,Sem bairro,2015-11-23 05:48:19+00:00,2015-11-23 06:45:16+00:00,Desconhecido,"Av. brasil,  caju",Baixo,-22.88799726694185,-43.2233076412781,Fechado,Bolsão d'água em via,2015-11-23,
5.0,2346,Sem bairro,2015-11-29 17:37:51+00:00,2015-11-29 22:16:19+00:00,Desconhecido,"R. sacadura cabral, 327 - saúde",Baixo,-22.8960738,-43.19178769999996,Fechado,Bolsão d'água em via,2015-11-29,
5.0,2340,Sem bairro,2015-11-29 16:41:44+00:00,2015-11-29 20:13:58+00:00,Desconhecido,"R. bela, 664-780 - são cristóvão",Baixo,-22.8896812,-43.2237705,Fechado,Bolsão d'água em via,2015-11-29,
5.0,2353,Sem bairro,2015-11-29 17:48:58+00:00,2015-11-29 19:39:26+00:00,Desconhecido,"Rua da américa, ",Baixo,-22.9029391,-43.19924889999999,Fechado,Bolsão d'água em via,2015-11-29,
5.0,2335,Sem bairro,2015-11-29 16:24:51+00:00,2015-11-29 18:29:51+00:00,Desconhecido,"Viaduto do gasômetro, 248 - caju",Baixo,-22.8919394,-43.21660940000004,Fechado,Bolsão d'água em via,2015-11-29,
5.0,2351,Sem bairro,2015-11-29 17:44:01+00:00,2015-11-29 20:17:54+00:00,Desconhecido,"R. riachuelo, 193 - centro",Baixo,-22.9150505,-43.1865909,Fechado,Bolsão d'água em via,2015-11-29,
5.0,2336,Sem bairro,2015-11-29 16:25:29+00:00,2015-11-29 20:01:34+00:00,Desconhecido,"Av. francisco bicalho, 584-740 - santo cristo",Baixo,-22.9055647,-43.20964459999999,Fechado,Bolsão d'água em via,2015-11-29,
5.0,2347,Sem bairro,2015-11-29 17:38:26+00:00,2015-11-29 20:16:17+00:00,Desconhecido,"R. frei caneca, 235 - estácio",Baixo,-22.9141273,-43.19610039999998,Fechado,Bolsão d'água em via,2015-11-29,
5.0,2343,Sem bairro,2015-11-29 17:08:46+00:00,2015-11-29 20:15:35+00:00,Desconhecido,"R. pinheiro machado, 80 - laranjeiras",Baixo,-22.9356439,-43.18415540000001,Fechado,Bolsão d'água em via,2015-11-29,
5.0,2350,Sem bairro,2015-11-29 17:41:42+00:00,2015-11-29 20:16:57+00:00,Desconhecido,"R. frei caneca, 413-429 - estácio",Baixo,-22.9138903,-43.20082479999997,Fechado,Bolsão d'água em via,2015-11-29,
5.0,2354,Sem bairro,2015-11-29 17:59:08+00:00,2015-11-29 18:26:43+00:00,Desconhecido,"Viaduto são pedro | são paulo, 453-601 - santa teresa",Baixo,-22.902099,-43.199748399999976,Fechado,Bolsão d'água em via,2015-11-29,
5.0,2345,Sem bairro,2015-11-29 17:35:57+00:00,2015-11-29 20:21:53+00:00,Desconhecido,"Av. prof. pereira réis, 51 - santo cristo",Baixo,-22.8973808,-43.20245799999998,Fechado,Bolsão d'água em via,2015-11-29,
5.0,2355,Sem bairro,2015-11-29 19:25:23+00:00,2015-11-29 19:28:07+00:00,Desconhecido,"Av. mem de sá, 148 - centro",Baixo,-22.912411,-43.185293,Fechado,Bolsão d'água em via,2015-11-29,
5.0,2339,Sem bairro,2015-11-29 16:40:40+00:00,2015-11-29 20:02:37+00:00,Desconhecido,"Av. francisco bicalho, 4490-4578 - santo cristo",Baixo,-22.9050223,-43.2095329,Fechado,Bolsão d'água em via,2015-11-29,
5.0,2342,Sem bairro,2015-11-29 17:00:25+00:00,2015-11-29 20:14:33+00:00,Desconhecido,"Av. mal. floriano, 207 - centro",Baixo,-22.903108,-43.18769050000003,Fechado,Bolsão d'água em via,2015-11-29,
5.0,2352,Sem bairro,2015-11-29 17:44:57+00:00,2015-11-29 20:18:24+00:00,Desconhecido,Av. alm. barroso - centro,Baixo,-22.9068467,-43.17289649999998,Fechado,Bolsão d'água em via,2015-11-29,
5.0,2344,Sem bairro,2015-11-29 17:09:24+00:00,2015-11-29 20:15:55+00:00,Desconhecido,"Av. pres. vargas, 3131-3337 - centro",Baixo,-22.9105669,-43.20669889999999,Fechado,Bolsão d'água em via,2015-11-29,
5.0,2349,Sem bairro,2015-11-29 17:41:08+00:00,2015-11-29 20:17:41+00:00,Desconhecido,"R. ubaldino do amaral, 13 - centro",Baixo,-22.9129182,-43.18633369999998,Fechado,Bolsão d'água em via,2015-11-29,
5.0,2348,Sem bairro,2015-11-29 17:39:08+00:00,2015-11-29 20:16:39+00:00,Desconhecido,"Rua do passeio, 70 - centro",Baixo,-22.9130931,-43.177331400000014,Fechado,Bolsão d'água em via,2015-11-29,
5.0,2338,Sem bairro,2015-11-29 16:40:18+00:00,2015-11-29 20:13:33+00:00,Desconhecido,"Av. brasil, 786 - caju",Baixo,-22.8908278,-43.21678180000004,Fechado,Bolsão d'água em via,2015-11-29,
5.0,2337,Sem bairro,2015-11-29 16:35:15+00:00,2015-11-29 18:26:12+00:00,Desconhecido,Praça mal. hermes - santo cristo,Baixo,-22.9003821,-43.20651290000001,Fechado,Bolsão d'água em via,2015-11-29,
5.0,13317,Sem bairro,2017-01-03 20:25:08+00:00,2017-01-03 22:59:29+00:00,Desconhecido,Estrada da pedra - guaratiba,Baixo,-22.9734091,-43.647969399999965,Fechado,Bolsão d'água em via,2017-01-03,
5.0,13314,Sem bairro,2017-01-03 18:33:53+00:00,2017-01-03 19:11:18+00:00,Desconhecido,"Estr. do engenho novo, 1188 -  anchieta",Baixo,-22.8329946,-43.40748079999997,Fechado,Bolsão d'água em via,2017-01-03,
5.0,13364,Sem bairro,2017-01-05 20:59:18+00:00,2017-01-05 23:12:59+00:00,Desconhecido,"Av. d. joão vi, estação brt pingo d água - guaratiba",Baixo,-22.9648655,-43.64728289999999,Fechado,Bolsão d'água em via,2017-01-05,
5.0,13377,Sem bairro,2017-01-05 21:54:01+00:00,2017-01-05 22:37:51+00:00,Desconhecido,Rua  pinheiro machado - laranjeiras,Baixo,-22.9369963,-43.183751400000006,Fechado,Bolsão d'água em via,2017-01-05,
5.0,13376,Sem bairro,2017-01-05 21:51:02+00:00,2017-01-05 22:38:34+00:00,Desconhecido,Rua  muniz barreto x marquês de olinda - botafogo,Baixo,,,Fechado,Bolsão d'água em via,2017-01-05,
5.0,13368,Sem bairro,2017-01-05 21:29:38+00:00,2017-01-05 23:54:43+00:00,Desconhecido,"Av borges de medeiros, alt  rua prof. eduardo lobo",Baixo,,,Fechado,Bolsão d'água em via,2017-01-05,
5.0,13379,Sem bairro,2017-01-05 22:11:41+00:00,2017-01-05 23:13:15+00:00,Desconhecido,Av.paranapuã x rua capanema - ilha do governador,Baixo,,,Fechado,Bolsão d'água em via,2017-01-05,
5.0,13369,Sem bairro,2017-01-05 21:31:55+00:00,2017-01-05 22:28:59+00:00,Desconhecido,Av pasteur x av. portugal,Baixo,,,Fechado,Bolsão d'água em via,2017-01-05,
5.0,13370,Sem bairro,2017-01-05 21:35:42+00:00,2017-01-06 01:53:37+00:00,Desconhecido,Estação do brt notre dame × estação do brt pontal - recreio,Baixo,-23.0205431,-43.50017709999997,Fechado,Bolsão d'água em via,2017-01-05,
5.0,13371,Sem bairro,2017-01-05 21:38:57+00:00,2017-01-06 00:49:19+00:00,Desconhecido,"Rua campo grande,1204 - campo grande",Baixo,,,Fechado,Bolsão d'água em via,2017-01-05,
5.0,13363,Sem bairro,2017-01-05 20:15:23+00:00,2017-01-05 22:22:49+00:00,Desconhecido,Ruas genaro de carvalho x av. gilka machado - recreio,Baixo,,,Fechado,Bolsão d'água em via,2017-01-05,
5.0,13373,Sem bairro,2017-01-05 21:43:52+00:00,2017-01-06 00:49:04+00:00,Desconhecido,Est do mendanha - campo grande,Baixo,,,Fechado,Bolsão d'água em via,2017-01-05,
5.0,13374,Sem bairro,2017-01-05 21:45:46+00:00,2017-01-06 00:48:57+00:00,Desconhecido,Rua cesário de melo × pina rangel - campo grande,Baixo,,,Fechado,Bolsão d'água em via,2017-01-05,
5.0,13365,Sem bairro,2017-01-05 21:07:45+00:00,2017-01-06 00:42:59+00:00,Desconhecido,Brt transolimpica x rua almirante milanez,Baixo,-23.0013325,-43.36605350000002,Fechado,Bolsão d'água em via,2017-01-05,
5.0,13366,Sem bairro,2017-01-05 21:19:48+00:00,2017-01-06 00:45:35+00:00,Desconhecido,Av brasil - guadalupe,Baixo,-22.8443846,-43.37576030000002,Fechado,Bolsão d'água em via,2017-01-05,
5.0,13367,Sem bairro,2017-01-05 21:22:03+00:00,2017-01-06 00:45:23+00:00,Desconhecido,Av brasil - guadalupe,Baixo,-22.843465078461616,-43.374268991787744,Fechado,Bolsão d'água em via,2017-01-05,
5.0,13372,Sem bairro,2017-01-05 21:41:08+00:00,2017-01-06 00:49:11+00:00,Desconhecido,Rua monteiro × cesário de melo - campo grande,Baixo,,,Fechado,Bolsão d'água em via,2017-01-05,
5.0,13375,Sem bairro,2017-01-05 21:49:03+00:00,2017-01-06 00:48:48+00:00,Desconhecido,Rua cesário de melo × est. do cabuçu - campo grande,Baixo,,,Fechado,Bolsão d'água em via,2017-01-05,
5.0,13378,Sem bairro,2017-01-05 21:58:20+00:00,2017-01-05 22:37:15+00:00,Desconhecido,"Praia de botafogo, 400 - botafogo",Baixo,-22.9474751,-43.1834197,Fechado,Bolsão d'água em via,2017-01-05,
5.0,13426,Sem bairro,2017-01-07 19:20:23+00:00,2017-01-07 22:48:43+00:00,Desconhecido,Av. brasil - trevo das margaridas ,Baixo,,,Fechado,Bolsão d'água em via,2017-01-07,
5.0,13427,Sem bairro,2017-01-07 19:26:21+00:00,2017-01-07 20:45:23+00:00,Desconhecido,Estrada da pedra do pingo dágua - guaratiba,Baixo,-22.9648655,-43.64728289999999,Fechado,Bolsão d'água em via,2017-01-07,
5.0,13519,Sem bairro,2017-01-11 17:29:40+00:00,2017-01-11 19:53:28+00:00,Desconhecido,"Av. brasil, alt. trevo das missões",Baixo,-22.8235143,-43.32929130000002,Fechado,Bolsão d'água em via,2017-01-11,
5.0,13527,Sem bairro,2017-01-11 18:09:40+00:00,2017-01-11 19:30:36+00:00,Desconhecido,"Rua jardim botanico, alt. praça santos dumont",Baixo,-22.971915656046665,-43.22409396242677,Fechado,Bolsão d'água em via,2017-01-11,
5.0,13581,Sem bairro,2017-01-12 13:58:11+00:00,2017-01-12 15:01:48+00:00,Desconhecido,"Av. alfred agache, 1250 - centro",Baixo,-22.9048274,-43.1705576,Fechado,Bolsão d'água em via,2017-01-12,
5.0,13593,Sem bairro,2017-01-12 14:39:07+00:00,2017-01-12 15:56:47+00:00,Desconhecido,"Praia de botafogo, 2574 - botafogo",Baixo,-22.942171,-43.1800293,Fechado,Bolsão d'água em via,2017-01-12,
5.0,13587,Sem bairro,2017-01-12 14:23:11+00:00,2017-01-12 16:08:56+00:00,Desconhecido,"Rua visconde de inhauma, 115 - centro",Baixo,-22.900324,-43.180546600000014,Fechado,Bolsão d'água em via,2017-01-12,
5.0,13592,Sem bairro,2017-01-12 14:34:36+00:00,2017-01-12 16:17:57+00:00,Desconhecido,"R. do lavradio, 85 - centro",Baixo,-22.9104044,-43.18293249999999,Fechado,Bolsão d'água em via,2017-01-12,
5.0,13590,Sem bairro,2017-01-12 14:25:35+00:00,2017-01-12 15:34:41+00:00,Desconhecido,"Av. venezuela, 135, alt. praça da harmonia - saúde",Baixo,-22.8957059,-43.1866751,Fechado,Bolsão d'água em via,2017-01-12,
5.0,13604,Sem bairro,2017-01-12 20:51:22+00:00,2017-01-12 21:34:10+00:00,Desconhecido,Rua ibiapina x rua tomás ribeiro - penha ,Baixo,,,Fechado,Bolsão d'água em via,2017-01-12,
5.0,13584,Sem bairro,2017-01-12 14:18:40+00:00,2017-01-12 17:10:38+00:00,Desconhecido,"R. do catete, 85 - glória",Baixo,-22.9237342,-43.17705339999998,Fechado,Bolsão d'água em via,2017-01-12,
5.0,13591,Sem bairro,2017-01-12 14:26:53+00:00,2017-01-12 15:01:08+00:00,Desconhecido,Túnel rio 450 anos - centro,Baixo,-22.8963059,-43.18282980000004,Fechado,Bolsão d'água em via,2017-01-12,
5.0,13589,Sem bairro,2017-01-12 14:24:51+00:00,2017-01-12 15:44:34+00:00,Desconhecido,"R. souza e silva, alt. r. sacadura cabral",Baixo,-22.8950394,-43.188655400000016,Fechado,Bolsão d'água em via,2017-01-12,
5.0,13583,Sem bairro,2017-01-12 14:11:30+00:00,2017-01-12 15:58:13+00:00,Desconhecido,"Rua senador vergueiro, 79 - flamengo",Baixo,-22.9353573,-43.175033600000006,Fechado,Bolsão d'água em via,2017-01-12,
5.0,13588,Sem bairro,2017-01-12 14:24:08+00:00,2017-01-12 15:45:07+00:00,Desconhecido,"Av. mal. floriano, alt. r. acre - centro",Baixo,-22.9027065,-43.18662749999999,Fechado,Bolsão d'água em via,2017-01-12,
5.0,13580,Sem bairro,2017-01-12 13:50:39+00:00,2017-01-12 14:30:10+00:00,Desconhecido,"Boulevard 28 de setembro, 20 - vila isabel",Baixo,-22.9136177,-43.23598390000001,Fechado,Bolsão d'água em via,2017-01-12,
5.0,13579,Sem bairro,2017-01-12 13:42:02+00:00,2017-01-12 16:07:36+00:00,Desconhecido,"Rua da lapa, alt men de sá - centro",Baixo,-22.9159273,-43.1775389,Fechado,Bolsão d'água em via,2017-01-12,
5.0,13585,Sem bairro,2017-01-12 14:17:41+00:00,2017-01-12 14:48:59+00:00,Desconhecido,"Av. infante dom henrique, 10 - glória",Baixo,-22.922097628039705,-43.17065284072265,Fechado,Bolsão d'água em via,2017-01-12,
5.0,13624,Sem bairro,2017-01-13 12:01:06+00:00,2017-01-13 14:30:25+00:00,Desconhecido,"Praia de botafogo, 2576 - alt. r. farani - botafogo",Baixo,-22.9423969,-43.180312000000015,Fechado,Bolsão d'água em via,2017-01-13,
5.0,13616,Sem bairro,2017-01-13 10:51:59+00:00,2017-01-13 11:50:26+00:00,Desconhecido,"R. vinte e quatro de maio, 1002 - sampaio - alt. r. barão do bom retiro",Baixo,-22.9032809,-43.26964959999998,Fechado,Bolsão d'água em via,2017-01-13,
5.0,13613,Sem bairro,2017-01-13 10:17:38+00:00,2017-01-13 12:02:43+00:00,Desconhecido,"R. vinte e quatro de maio, 946 - méier - alt. r. bela vista",Baixo,-22.9022098,-43.26103469999998,Fechado,Bolsão d'água em via,2017-01-13,
5.0,13619,Sem bairro,2017-01-13 11:21:25+00:00,2017-01-13 12:03:40+00:00,Desconhecido,"R. alexandre calaza, 286 - v. isabel - alt. r.teodoro da silva",Baixo,-22.9199752,-43.25983239999999,Fechado,Bolsão d'água em via,2017-01-13,
5.0,13623,Sem bairro,2017-01-13 11:53:26+00:00,2017-01-13 12:40:21+00:00,Desconhecido,"R. marquês de abrantes, 232 - alt. praia de botafogo - botafogo",Baixo,-22.9371104,-43.177532499999984,Fechado,Bolsão d'água em via,2017-01-13,
5.0,13617,Sem bairro,2017-01-13 10:56:36+00:00,2017-01-13 12:38:34+00:00,Desconhecido,"R. muniz barreto, 330 - alt. r. marquês de olinda - botafogo",Baixo,-22.9444059,-43.18399160000001,Fechado,Bolsão d'água em via,2017-01-13,
5.0,13707,Sem bairro,2017-01-16 20:51:34+00:00,2017-01-16 21:40:33+00:00,Desconhecido,Rua teodoro da silva x rua alexandre calaza - vila isabel ,Baixo,,,Fechado,Bolsão d'água em via,2017-01-16,
5.0,13696,Sem bairro,2017-01-16 19:40:16+00:00,2017-01-16 21:25:43+00:00,Desconhecido,Av. brasil - alt de ramos,Baixo,,,Fechado,Bolsão d'água em via,2017-01-16,
5.0,13701,Sem bairro,2017-01-16 20:06:43+00:00,2017-01-16 20:30:44+00:00,Desconhecido,Boulevard 28 de setembro x rua são francisco xavier - maracanã,Baixo,,,Fechado,Bolsão d'água em via,2017-01-16,
5.0,13694,Sem bairro,2017-01-16 19:13:22+00:00,2017-01-16 22:35:31+00:00,Desconhecido,Av. das américas x rua professor alfredo colombo - recreio dos bandeirantes,Baixo,,,Fechado,Bolsão d'água em via,2017-01-16,
5.0,13698,Sem bairro,2017-01-16 19:50:53+00:00,2017-01-16 20:55:24+00:00,Desconhecido,Rua 24 de maio x rua bela vista,Baixo,,,Fechado,Bolsão d'água em via,2017-01-16,
5.0,13693,Sem bairro,2017-01-16 19:07:41+00:00,2017-01-16 20:32:50+00:00,Desconhecido,Av. genaro de carvalho x rua joaquim jose couto - recreio dos bandeirantes,Baixo,,,Fechado,Bolsão d'água em via,2017-01-16,
5.0,13702,Sem bairro,2017-01-16 20:10:16+00:00,2017-01-16 20:30:06+00:00,Desconhecido,Rua visc. de santa isabel x rua barão de são francisco - vila isabel ,Baixo,,,Fechado,Bolsão d'água em via,2017-01-16,
5.0,13692,Sem bairro,2017-01-16 19:03:43+00:00,2017-01-16 22:36:19+00:00,Desconhecido,"Av. das américas, 13.701 - recreio dos bandeirantes, ",Baixo,,,Fechado,Bolsão d'água em via,2017-01-16,
5.0,13697,Sem bairro,2017-01-16 19:43:53+00:00,2017-01-16 20:31:28+00:00,Desconhecido,Av. dom helder câmara x rua leopoldo bulhões - benfica ,Baixo,,,Fechado,Bolsão d'água em via,2017-01-16,
5.0,13703,Sem bairro,2017-01-16 20:13:34+00:00,2017-01-16 21:21:47+00:00,Desconhecido,Av. brasil - alt do caju ,Baixo,,,Fechado,Bolsão d'água em via,2017-01-16,
5.0,13791,Sem bairro,2017-01-19 18:30:52+00:00,2017-01-19 23:11:07+00:00,Desconhecido,Av. brasil - guadalupe - alt. passarela 33,Baixo,,,Fechado,Bolsão d'água em via,2017-01-19,
5.0,13796,Sem bairro,2017-01-19 20:56:25+00:00,2017-01-19 23:10:19+00:00,Desconhecido,"Av. ayrton senna, 6000- gardênia azul",Baixo,-22.958487623111736,-43.35730147301638,Fechado,Bolsão d'água em via,2017-01-19,
5.0,13780,Sem bairro,2017-01-19 15:15:43+00:00,2017-01-20 00:05:57+00:00,Desconhecido,"Av. brasil, 13350 - parada de lucas",Baixo,-22.8184513,-43.30301429999997,Fechado,Bolsão d'água em via,2017-01-19,
5.0,13798,Sem bairro,2017-01-19 22:20:22+00:00,2017-01-20 00:04:24+00:00,Desconhecido,"Av. brasil, 40266 - santíssimo",Baixo,-22.8602875,-43.52013010000002,Fechado,Bolsão d'água em via,2017-01-19,
5.0,13799,Sem bairro,2017-01-19 22:23:13+00:00,2017-01-20 00:04:12+00:00,Desconhecido,"Av. brasil, 24035 - deodoro",Baixo,-22.8503675,-43.38480219999997,Fechado,Bolsão d'água em via,2017-01-19,
5.0,13814,Sem bairro,2017-01-20 19:36:35+00:00,2017-01-20 19:41:26+00:00,Desconhecido,"Av. do pepê, 742 - barra da tijuca",Baixo,-23.015123,-43.3058479,Fechado,Bolsão d'água em via,2017-01-20,
5.0,13813,Sem bairro,2017-01-20 19:33:09+00:00,2017-01-20 19:40:41+00:00,Desconhecido,"Av. genaro de carvalho, 1513 - recreio dos bandeirantes",Baixo,,,Fechado,Bolsão d'água em via,2017-01-20,
5.0,13815,Sem bairro,2017-01-20 19:39:20+00:00,2017-01-20 19:41:31+00:00,Desconhecido,"Av. das américas, 7607 - barra da tijuca",Baixo,,,Fechado,Bolsão d'água em via,2017-01-20,
5.0,13822,Sem bairro,2017-01-21 18:10:34+00:00,2017-01-21 18:47:24+00:00,Desconhecido,"Av. brasil, 16643 - parada de lucas",Baixo,-22.8156666,-43.300363300000015,Fechado,Bolsão d'água em via,2017-01-21,
5.0,13845,Sem bairro,2017-01-22 21:17:25+00:00,2017-01-22 23:23:38+00:00,Desconhecido,Av. vicente de carvalho - vila cosmos,Baixo,,,Fechado,Bolsão d'água em via,2017-01-22,
5.0,13847,Sem bairro,2017-01-22 21:29:24+00:00,2017-01-22 22:40:49+00:00,Desconhecido,Av brasil - penha,Baixo,,,Fechado,Bolsão d'água em via,2017-01-22,
5.0,13843,Sem bairro,2017-01-22 21:05:27+00:00,2017-01-22 22:18:56+00:00,Desconhecido,"Av. brás de pina, 445 - penha ",Baixo,-22.8381584,-43.2853811,Fechado,Bolsão d'água em via,2017-01-22,
5.0,13842,Sem bairro,2017-01-22 20:53:47+00:00,2017-01-22 22:56:02+00:00,Desconhecido,Estrada do galeão  - ilha do governador,Baixo,,,Fechado,Bolsão d'água em via,2017-01-22,
5.0,13846,Sem bairro,2017-01-22 21:21:09+00:00,2017-01-22 23:49:35+00:00,Desconhecido,Av brasil - penha,Baixo,,,Fechado,Bolsão d'água em via,2017-01-22,
5.0,13844,Sem bairro,2017-01-22 21:12:09+00:00,2017-01-22 22:19:08+00:00,Desconhecido,Av. brás de pina-irajá,Baixo,,,Fechado,Bolsão d'água em via,2017-01-22,
5.0,13849,Sem bairro,2017-01-22 21:42:00+00:00,2017-01-22 23:23:19+00:00,Desconhecido,"Estrada adhemar bebiano, 2731 - inhauma",Baixo,-22.8698518,-43.2841406,Fechado,Bolsão d'água em via,2017-01-22,
5.0,13920,Sem bairro,2017-01-25 18:45:35+00:00,2017-01-25 21:03:01+00:00,Desconhecido,"Av. pref. mendes de morais, 809 - são conrado",Baixo,-22.99997490221856,-43.26956837199708,Fechado,Bolsão d'água em via,2017-01-25,
5.0,13923,Sem bairro,2017-01-25 19:29:00+00:00,2017-01-25 21:02:49+00:00,Desconhecido,"Av. niemeyer - são conrado,",Baixo,,,Fechado,Bolsão d'água em via,2017-01-25,
5.0,13917,Sem bairro,2017-01-25 18:10:49+00:00,2017-01-25 21:04:03+00:00,Desconhecido,"Estr. lagoa-barra, 841 - s. conrado",Baixo,-22.9983455,-43.2662173,Fechado,Bolsão d'água em via,2017-01-25,
5.0,14055,Sem bairro,2017-01-30 18:56:24+00:00,2017-01-30 21:01:23+00:00,Desconhecido,Av. brasil - alt de realengo ,Baixo,,,Fechado,Bolsão d'água em via,2017-01-30,
5.0,14074,Sem bairro,2017-01-31 19:24:05+00:00,2017-01-31 20:20:25+00:00,Desconhecido,"Rua hadock lobo, 426  - tijuca",Baixo,-22.920712777475387,-43.21743165001527,Fechado,Bolsão d'água em via,2017-01-31,
5.0,14076,Sem bairro,2017-01-31 19:33:34+00:00,2017-01-31 20:23:57+00:00,Desconhecido,Praça sibelius - leblon,Baixo,-22.97767811123076,-43.22625241163939,Fechado,Bolsão d'água em via,2017-01-31,
5.0,14077,Sem bairro,2017-01-31 19:52:03+00:00,2017-01-31 22:06:01+00:00,Desconhecido,Autoestrada lagoa barra - são conrado,Baixo,-22.9971824,-43.26256710000001,Fechado,Bolsão d'água em via,2017-01-31,
5.0,14078,Sem bairro,2017-01-31 20:01:31+00:00,2017-01-31 20:23:50+00:00,Desconhecido,Av. das américas - barra da tijuca,Baixo,-23.000335885355074,-43.397901487033096,Fechado,Bolsão d'água em via,2017-01-31,
6.0,13605,Sem bairro,2017-01-12 21:02:18+00:00,2017-01-12 23:20:44+00:00,Desconhecido,Av. brasil - alt de ramos ,Baixo,,,Fechado,Alagamento,2017-01-12,
5.0,59516,Sem bairro,2021-01-02 13:56:54+00:00,2021-01-02 16:46:18+00:00,Curto,Av. brasil - alt. trevo das missões - cordovil - sent. z. oeste,Baixo,-22.7904027,-43.2859208,Fechado,Bolsão d'água em via,2021-01-02,
5.0,59548,Caju,2021-01-03 04:35:26+00:00,2021-01-03 10:28:53+00:00,Curto,"Av. brasil, alt. do into - são cristóvão - sent. centro",Baixo,-22.8934145,-43.2148592,Fechado,Bolsão d'água em via,2021-01-03,
5.0,59525,Lagoa,2021-01-02 15:09:23+00:00,2021-01-02 15:56:10+00:00,Curto,Av. borges de medeiros - alt. r. saturnino de brito - lagoa,Baixo,-22.9663971,-43.2167856,Fechado,Bolsão d'água em via,2021-01-02,
5.0,59500,Lagoa,2021-01-02 11:07:49+00:00,2021-01-02 12:08:29+00:00,Curto,Av. borges de medeiros - alt. r. saturnino de brito - lagoa,Baixo,-22.966385909277253,-43.21681925449221,Fechado,Bolsão d'água em via,2021-01-02,
5.0,59498,Lagoa,2021-01-02 10:41:47+00:00,2021-01-02 12:29:05+00:00,Curto,Av. epitácio pessoa - alt. r. vinícius de moraes - lagoa,Baixo,-22.979711251081763,-43.20344571055908,Fechado,Bolsão d'água em via,2021-01-02,
5.0,59515,Lagoa,2021-01-02 13:11:52+00:00,2021-01-02 14:59:49+00:00,Curto,Av. epitácio pessoa - alt. r. carvalho azevedo - lagoa - sent. túnel rebouças,Baixo,-22.9640327,-43.2024556,Fechado,Bolsão d'água em via,2021-01-02,
5.0,59544,Lagoa,2021-01-03 02:43:13+00:00,2021-01-03 09:28:57+00:00,Curto,"Av. epitácio pessoa, 1154 - lagoa - sent. rebouças",Baixo,-22.9810568,-43.2080602,Fechado,Bolsão d'água em via,2021-01-03,
5.0,59545,Lagoa,2021-01-03 02:45:28+00:00,2021-01-03 04:32:52+00:00,Curto,"Av. epitácio pessoa, 2180 - lagoa",Baixo,-22.9785792,-43.1987193,Fechado,Bolsão d'água em via,2021-01-03,
5.0,59517,Lagoa,2021-01-02 14:10:20+00:00,2021-01-02 18:31:47+00:00,Curto,Av. borges de medeiros - alt. saída do parque dos patins - lagoa,Baixo,-22.9722713,-43.216449,Fechado,Bolsão d'água em via,2021-01-02,
5.0,59529,Lagoa,2021-01-02 16:15:51+00:00,2021-01-02 16:17:50+00:00,Curto,Av. borges de medeiros - alt. av. epitácio pessoa - lagoa - sent. túnel rebouças ,Baixo,-22.9728162,-43.2176378,Fechado,Bolsão d'água em via,2021-01-02,
5.0,59539,Catete,2021-01-02 21:09:39+00:00,2021-01-02 23:27:02+00:00,Curto,"Rua do catete, alt. r. silveira martins - catete",Baixo,-22.9259796,-43.1778145,Fechado,Bolsão d'água em via,2021-01-02,
5.0,59535,Centro,2021-01-02 17:20:03+00:00,2021-01-02 18:27:35+00:00,Curto,Av. passos - alt. r. sr. dos passos - centro,Baixo,-22.90428780541028,-43.18318656560669,Fechado,Bolsão d'água em via,2021-01-02,
5.0,59559,Centro,2021-01-03 07:41:21+00:00,2021-01-03 09:29:10+00:00,Curto,Praça tiradentes - alt. teatro joão caetano - centro,Baixo,-22.9072348,-43.182463,Fechado,Bolsão d'água em via,2021-01-03,
5.0,59536,Centro,2021-01-02 17:23:07+00:00,2021-01-02 18:27:32+00:00,Curto,Praça tiradentes - alt. teatro joão caetano - centro,Baixo,-22.9072348,-43.182463,Fechado,Bolsão d'água em via,2021-01-02,
5.0,59504,Gávea,2021-01-02 11:23:52+00:00,2021-01-02 12:13:09+00:00,Curto,Rua mário ribeiro - alt. r. min. raul machado - gávea,Baixo,-22.9787762,-43.2219715,Fechado,Bolsão d'água em via,2021-01-02,
5.0,59505,Méier,2021-01-02 11:28:07+00:00,2021-01-02 12:06:31+00:00,Curto,R. dias da cruz - alt. r. ana barbosa - méier,Baixo,-22.9045871,-43.2882233,Fechado,Bolsão d'água em via,2021-01-02,
5.0,59930,Tijuca,2021-01-15 17:34:10+00:00,2021-01-15 18:14:02+00:00,Curto,R. haddock lobo - alt. r. eng adel - tijuca,Baixo,-22.9203576,-43.21663789999999,Fechado,Bolsão d'água em via,2021-01-15,
5.0,59528,Tijuca,2021-01-02 15:46:35+00:00,2021-01-02 16:40:29+00:00,Curto,"R. conde de bonfim, alt. r. uruguai - tijuca - ambos os sentidos",Baixo,-22.930718043955203,-43.2423074452301,Fechado,Bolsão d'água em via,2021-01-02,
5.0,59807,Galeão,2021-01-12 00:20:03+00:00,2021-01-12 03:47:53+00:00,Curto,Estrada do galeão - ilha do governador - ao longo.,Baixo,-22.811957,-43.2181706,Fechado,Bolsão d'água em via,2021-01-12,
5.0,59503,Ipanema,2021-01-02 11:19:05+00:00,2021-01-02 12:14:34+00:00,Curto,Av. epitácio pessoa - alt. corte do cantagalo - lagoa - sent. copacabana,Baixo,-22.97826373222632,-43.19925634337768,Fechado,Bolsão d'água em via,2021-01-02,
5.0,59549,Ipanema,2021-01-03 05:26:27+00:00,2021-01-03 07:36:22+00:00,Curto,"Av. epitácio pessoa, alt. r. maria quitéria - ipanema - sent. rocinha",Baixo,-22.9808213,-43.2070364,Fechado,Bolsão d'água em via,2021-01-03,
5.0,59546,Ipanema,2021-01-03 02:57:26+00:00,2021-01-03 04:01:12+00:00,Curto,"Av. epitácio pessoa, alt. r. vinícius de moraes - ipanema",Baixo,-22.9818486,-43.2028983,Fechado,Bolsão d'água em via,2021-01-03,
5.0,59543,Ipanema,2021-01-03 02:39:21+00:00,2021-01-03 04:09:08+00:00,Curto,"Av. epitácio pessoa, alt. r. joana angélica - ipanema",Baixo,-22.9823147,-43.2049972,Fechado,Bolsão d'água em via,2021-01-03,
5.0,59520,Jacaré,2021-01-02 14:22:43+00:00,2021-01-05 08:07:32+00:00,Longo,R. viúva cláudio - alt. buraco do lacerda - jacaré,Baixo,-22.887585,-43.2526874,Fechado,Bolsão d'água em via,2021-01-02,
5.0,59569,Anchieta,2021-01-03 10:17:30+00:00,2021-01-05 08:00:55+00:00,Curto,"Av. chrisóstomo pimentel de oliveira, 1224 - sent. anchieta ",Baixo,-22.8161305,-43.3888306,Fechado,Bolsão d'água em via,2021-01-03,
5.0,59502,Botafogo,2021-01-02 11:17:00+00:00,2021-01-02 18:43:19+00:00,Curto,Av. das nações unidas - passagem subterrânea - alt. fogo de chão - botafogo,Baixo,-22.949045,-43.180148,Fechado,Bolsão d'água em via,2021-01-02,
5.0,59574,Botafogo,2021-01-03 12:43:24+00:00,2021-01-03 17:04:56+00:00,Curto,Av. das nações unidas - passagem subterrânea - alt. fogo de chão - botafogo,Baixo,-22.949045,-43.180148,Fechado,Bolsão d'água em via,2021-01-03,
5.0,59572,Botafogo,2021-01-03 11:58:29+00:00,2021-01-03 12:42:17+00:00,Curto,Av. das nações unidas - passagem subterrânea - alt. fogo de chão - botafogo,Baixo,-22.949045,-43.180148,Fechado,Bolsão d'água em via,2021-01-03,
5.0,59512,Cascadura,2021-01-02 12:16:23+00:00,2021-01-02 12:42:25+00:00,Curto,Av. ernani cardoso - alt. r. padre telêmaco - cascadura,Baixo,-22.8820385,-43.3318595,Fechado,Bolsão d'água em via,2021-01-02,
5.0,59522,Cascadura,2021-01-02 14:45:24+00:00,2021-01-02 16:41:39+00:00,Curto,"Av. ernani cardoso, alt. padre telêmaco - cascadura",Baixo,-22.882274,-43.33250899999999,Fechado,Bolsão d'água em via,2021-01-02,
5.0,59497,Guaratiba,2021-01-02 10:29:15+00:00,2021-01-02 13:41:37+00:00,Curto,Estr. da pedra - alt. n° 2036 - guaratiba,Baixo,-22.968175,-43.6478602,Fechado,Bolsão d'água em via,2021-01-02,
5.0,59519,Madureira,2021-01-02 14:20:15+00:00,2021-01-02 16:42:32+00:00,Curto,R. maria lopes - alt.  r. padre manso - madureira,Baixo,-22.879649915270985,-43.33728580450744,Fechado,Bolsão d'água em via,2021-01-02,
5.0,59805,Madureira,2021-01-11 23:06:21+00:00,2021-01-11 23:38:36+00:00,Curto,Av. min. edgard romero - alt. rua conselheiro galvão - madureira,Baixo,-22.8661268,-43.3343488,Fechado,Bolsão d'água em via,2021-01-11,
5.0,59511,Madureira,2021-01-02 12:14:12+00:00,2021-01-02 21:33:16+00:00,Curto,R. domingos lopes - alt. r. maria lopes - madureira,Baixo,-22.879194,-43.3412451,Fechado,Bolsão d'água em via,2021-01-02,
5.0,59518,Abolição,2021-01-02 14:13:24+00:00,2021-01-02 16:18:32+00:00,Curto,"Av. dom hélder câmara, 7570 - alt. r. moreira - abolição - sent. cascadura",Baixo,-22.885082,-43.30045,Fechado,Bolsão d'água em via,2021-01-02,
5.0,59533,Bonsucesso,2021-01-02 16:57:04+00:00,2021-01-02 19:00:14+00:00,Curto,Av. mem de sá - alt. rua dos inválidos - centro,Baixo,-22.9111861,-43.1929388,Fechado,Bolsão d'água em via,2021-01-02,
5.0,59542,Itanhangá,2021-01-02 23:37:00+00:00,2021-01-03 13:39:39+00:00,Curto,"Estr. do itanhangá, 2260 - itanhangá - sent. rio das pedras",Baixo,-22.9952425,-43.3113164,Fechado,Bolsão d'água em via,2021-01-02,
5.0,59568,Itanhangá,2021-01-03 09:57:27+00:00,2021-01-03 16:29:49+00:00,Curto,"Av. eng. souza filho, 2100 - itanhangá",Baixo,-22.97856,-43.333509,Fechado,Bolsão d'água em via,2021-01-03,
5.0,59552,Itanhangá,2021-01-03 06:14:35+00:00,2021-01-03 13:39:37+00:00,Curto,"Estr. da barra da tijuca, alt. do itanhangá - sent. alto",Baixo,-22.9996002,-43.3042442,Fechado,Bolsão d'água em via,2021-01-03,
5.0,59547,Itanhangá,2021-01-03 03:09:44+00:00,2021-01-03 16:29:53+00:00,Curto,"Av. eng. souza filho, 613 - alt. da muzema - sent. barra",Baixo,-22.9890342,-43.32254520000001,Fechado,Bolsão d'água em via,2021-01-03,
5.0,59664,Manguinhos,2021-01-06 16:53:46+00:00,2021-01-06 18:37:29+00:00,Curto,Avenida brasil - alt. passarela 5 - manguinhos - sent. z. oeste,Baixo,-22.8781176,-43.2411647,Fechado,Bolsão d'água em via,2021-01-06,
5.0,59763,Santa cruz,2021-01-09 22:01:54+00:00,2021-01-09 22:58:00+00:00,Curto,"Av. brasil, alt. passarela 35 - guadalupe - sent. santa cruz",Baixo,-22.8875863,-43.6553031,Fechado,Bolsão d'água em via,2021-01-09,
5.0,59571,Mal. hermes,2021-01-03 11:23:38+00:00,2021-01-03 13:28:37+00:00,Curto,"R. joão vicente, 2143 - mal. hermes",Baixo,-22.8585183,-43.3778719,Fechado,Bolsão d'água em via,2021-01-03,
5.0,59586,Praça seca,2021-01-03 20:32:53+00:00,2021-01-03 23:26:14+00:00,Curto,R. cândido benício - alt. da rua francisco gifoni - praça seca - sent. cascadura.,Baixo,-22.8990269,-43.3531371,Fechado,Bolsão d'água em via,2021-01-03,
5.0,59530,Vila isabel,2021-01-02 16:26:06+00:00,2021-01-02 17:08:32+00:00,Curto,Rua visconde de abaeté - alt. r. tôrres homem - vila isabel,Baixo,-22.9136533,-43.244399,Fechado,Bolsão d'água em via,2021-01-02,
5.0,59513,Engenho novo,2021-01-02 12:21:50+00:00,2021-01-02 12:35:51+00:00,Curto,R. vinte e quatro de maio - alt. r. bela vista - engenho novo,Baixo,-22.9029524,-43.2685762,Fechado,Bolsão d'água em via,2021-01-02,
5.0,59580,Engenho novo,2021-01-03 15:20:36+00:00,2021-01-03 15:22:05+00:00,Curto,R. barão do bom retiro - alt. r. 24 de maio - méier ,Baixo,-22.9134962,-43.2646047,Fechado,Bolsão d'água em via,2021-01-03,
5.0,59510,Jacarepaguá,2021-01-02 12:04:57+00:00,2021-01-02 12:55:37+00:00,Curto,Av. ayrton senna - alt. assaí - jacarepaguá,Baixo,-22.9592489,-43.3555084,Fechado,Bolsão d'água em via,2021-01-02,
5.0,59499,São conrado,2021-01-02 10:49:49+00:00,2021-01-02 12:58:03+00:00,Curto,Estr. fernando mac dowell - alt. entrada do túnel zuzu angel - sent. barra,Baixo,-22.99727,-43.26289999999999,Fechado,Bolsão d'água em via,2021-01-02,
5.0,59501,São conrado,2021-01-02 11:10:42+00:00,2021-01-02 12:12:39+00:00,Curto,Estr. fernando mac dowell - alt. gávea golf club - são conrado - sent. gávea,Baixo,-22.99727,-43.26289999999999,Fechado,Bolsão d'água em via,2021-01-02,
5.0,59514,São conrado,2021-01-02 12:30:48+00:00,2021-01-02 12:55:44+00:00,Curto,"Estr. eng. fernando mac dowell, alt. shopping fashion mall - são conrado",Baixo,-22.99727,-43.26289999999999,Fechado,Bolsão d'água em via,2021-01-02,
5.0,59550,São conrado,2021-01-03 05:34:46+00:00,2021-01-03 08:15:18+00:00,Curto,"Estr. eng. fernando mac dowell, 621 - são conrado - sent. barra",Baixo,-22.99727,-43.26289999999999,Fechado,Bolsão d'água em via,2021-01-03,
5.0,59509,Gardênia azul,2021-01-02 12:02:47+00:00,2021-01-02 12:55:42+00:00,Curto,"Av. ayrton senna, 4220 - gardênia azul",Baixo,-22.9566127,-43.356035,Fechado,Bolsão d'água em via,2021-01-02,
5.0,59541,Barra da tijuca,2021-01-02 23:14:35+00:00,2021-01-03 12:42:59+00:00,Curto,"Av. min. ivan lins, 600 - barra da tijuca - sent. são conrado",Medio,-23.012056,-43.3004865,Fechado,Bolsão d'água em via,2021-01-02,
5.0,59540,Barra da tijuca,2021-01-02 22:38:29+00:00,2021-01-03 11:37:06+00:00,Curto,"Av. armando lombardi, alt. barra point - barra da tijuca - em ambos os sentidos",Medio,-23.0068307,-43.3107119,Fechado,Bolsão d'água em via,2021-01-02,
5.0,59558,Barra da tijuca,2021-01-03 07:34:06+00:00,2021-01-03 11:19:48+00:00,Curto,"Av. abelardo bueno, 1111 - barra - sent. av. ayrton senna ",Baixo,-22.9737129,-43.3710881,Fechado,Bolsão d'água em via,2021-01-03,
5.0,59551,Barra da tijuca,2021-01-03 06:01:34+00:00,2021-01-03 10:10:00+00:00,Curto,"Av. armando lombardi, alt. parmê - barra da tijuca - sent. recreio",Baixo,-23.0076468,-43.3060963,Fechado,Bolsão d'água em via,2021-01-03,
5.0,59495,Jardim botânico,2021-01-02 10:18:46+00:00,2021-01-02 12:10:23+00:00,Curto,Rua jardim botânico - alt. parque lage - jardim botânico - sent. gávea,Baixo,-22.9641859,-43.21743980000001,Fechado,Bolsão d'água em via,2021-01-02,
5.0,59496,Jardim botânico,2021-01-02 10:28:18+00:00,2021-01-02 12:07:03+00:00,Curto,Rua jardim botânico - alt. pacheco leão - jardim botânico,Baixo,,,Fechado,Bolsão d'água em via,2021-01-02,
6.0,59506,Méier,2021-01-02 11:37:49+00:00,2021-01-02 12:23:43+00:00,Curto,R. 24 de maio - alt. r. cônego tobias - méier,Baixo,-22.9023369,-43.277676,Fechado,Alagamento,2021-01-02,
6.0,59508,Rocinha,2021-01-02 11:51:57+00:00,2021-01-02 12:58:01+00:00,Curto,Estr. da gávea - rocinha,Baixo,-22.9912423,-43.253297,Fechado,Alagamento,2021-01-02,
6.0,59638,Botafogo,2021-01-05 19:29:27+00:00,2021-01-05 22:18:59+00:00,Curto,"Av. das nações unidas, alt. do mourisco - botafogo",Baixo,-22.9457824,-43.1818661,Fechado,Alagamento,2021-01-05,
6.0,59493,Botafogo,2021-01-02 09:51:10+00:00,2021-01-02 11:16:49+00:00,Curto,Av. das nações unidas - passagem subterrânea - alt. fogo de chão - botafogo,Baixo,-22.9469098,-43.18166979999999,Fechado,Alagamento,2021-01-02,
6.0,59588,Botafogo,2021-01-03 21:01:28+00:00,2021-01-04 01:37:11+00:00,Curto,Av. das nações unidas - passagem subterrânea - alt. fogo de chão - botafogo,Baixo,-22.9469098,-43.18166979999999,Fechado,Alagamento,2021-01-03,
6.0,59507,Quintino bocaiuva,2021-01-02 11:44:38+00:00,2021-01-02 12:42:51+00:00,Curto,Av dom helder câmara - alt. supermercado guanabara - piedade ,Baixo,-22.8849004,-43.3139367,Fechado,Alagamento,2021-01-02,
33.0,59534,Barra da tijuca,2021-01-02 17:01:34+00:00,2021-01-02 17:05:06+00:00,Curto,Av. das américas - alt. av. jean paul - barra - sent. recreio,Baixo,-23.000541780292355,-43.38834713862304,Fechado,Lâmina d'água,2021-01-02,
33.0,59531,Recreio dos bandeirantes,2021-01-02 16:37:10+00:00,2021-01-02 16:56:00+00:00,Curto,Av. das américas - alt. av. guignard - recreio - sent. sâo conrado,Baixo,-23.011453469917704,-43.45380461352234,Fechado,Lâmina d'água,2021-01-02,
5.0,46881,Caju,2019-10-09 08:56:49+00:00,2019-10-09 11:35:42+00:00,Curto,Av. brasil - alt. da descida do gasômetro - caju,Baixo,-22.8885625,-43.22306379999998,Fechado,Bolsão d'água em via,2019-10-09,
5.0,46875,Joá,2019-10-09 08:08:06+00:00,2019-10-09 13:32:55+00:00,Curto,Entrada do túnel luiz jacques de moraes - joá - sent. barra,Baixo,-23.0106421,-43.28929170000004,Fechado,Bolsão d'água em via,2019-10-09,
5.0,46874,Lagoa,2019-10-09 08:03:33+00:00,2019-10-09 10:46:43+00:00,Curto,"Rua prof. abelardo lóbo, 38 - alt prof. saldanha - lagoa ",Baixo,-22.9614564,-43.20514839999999,Fechado,Bolsão d'água em via,2019-10-09,
5.0,46909,Lagoa,2019-10-09 12:30:50+00:00,2019-10-09 15:53:40+00:00,Curto,Av. epitácio pessoa - alt. r. vinicius de moraes - lagoa,Baixo,-22.9742588,-43.20649270000001,Fechado,Bolsão d'água em via,2019-10-09,
5.0,46897,Lagoa,2019-10-09 10:45:21+00:00,2019-10-09 11:47:55+00:00,Curto,"Av. epitácio pessoa, alt. r. vinicius de moraes - lagoa",Baixo,-22.9742588,-43.20649270000001,Fechado,Bolsão d'água em via,2019-10-09,
5.0,46896,Rocha,2019-10-09 10:31:04+00:00,2019-10-09 11:43:35+00:00,Curto,Viaduto ana neri -  benfica - sent. centro,Baixo,-22.9008908,-43.24829,Fechado,Bolsão d'água em via,2019-10-09,
5.0,46883,Zumbi,2019-10-09 09:02:51+00:00,2019-10-09 18:50:18+00:00,Curto,Estr. do rio jequiá - zumbi - ilha do governador,Baixo,-22.8205193,-43.17999629999997,Fechado,Bolsão d'água em via,2019-10-09,
5.0,46914,Centro,2019-10-09 15:31:51+00:00,2019-10-09 17:50:34+00:00,Curto,"Av. passos, 52 - centro",Baixo,-22.9045262,-43.18308189999999,Fechado,Bolsão d'água em via,2019-10-09,
5.0,46876,Gávea,2019-10-09 08:13:14+00:00,2019-10-09 11:49:45+00:00,Curto,"Estr. da gávea, 800 - sent. barra ",Baixo,-22.9983832,-43.26770379999999,Fechado,Bolsão d'água em via,2019-10-09,
5.0,47450,Irajá,2019-10-25 20:28:02+00:00,2019-10-25 21:23:34+00:00,Curto,Av. brasil - alt. tv. das margaridas - irajá - sent. centro,Baixo,-22.8204814,-43.32040119999999,Fechado,Bolsão d'água em via,2019-10-25,
5.0,46890,Irajá,2019-10-09 09:52:13+00:00,2019-10-09 11:14:02+00:00,Curto,Av. brasil - irajá,Baixo,-22.82304,-43.32791050000003,Fechado,Bolsão d'água em via,2019-10-09,
5.0,46868,Glória,2019-10-09 07:33:29+00:00,2019-10-09 10:10:21+00:00,Curto,R. do catete - alt. r. silveira martins - glória,Baixo,-22.9269656,-43.17661150000004,Fechado,Bolsão d'água em via,2019-10-09,
5.0,46898,Ipanema,2019-10-09 10:52:53+00:00,2019-10-09 11:48:24+00:00,Curto,"Av. epitácio pessoa, r. maria quitéria - lagoa",Baixo,-22.9792416,-43.20249000000001,Fechado,Bolsão d'água em via,2019-10-09,
5.0,46901,Jacaré,2019-10-09 11:15:16+00:00,2019-10-09 16:31:48+00:00,Curto,"Viaduto proc. josé alves de morais, alt. largo do jacaré - jacaré",Baixo,-22.8957482,-43.26157280000001,Fechado,Bolsão d'água em via,2019-10-09,
5.0,46865,Botafogo,2019-10-09 07:11:18+00:00,2019-10-09 11:11:49+00:00,Curto,R. muniz barreto - botafogo,Baixo,-22.9454349,-43.18409459999998,Fechado,Bolsão d'água em via,2019-10-09,
5.0,46877,Botafogo,2019-10-09 08:29:46+00:00,2019-10-09 11:19:46+00:00,Curto,"Praia de botafogo, 330 ",Baixo,-22.945513,-43.1829654,Fechado,Bolsão d'água em via,2019-10-09,
5.0,46882,Botafogo,2019-10-09 09:01:23+00:00,2019-10-09 10:11:24+00:00,Curto,"R. visc. de caravelas, 12 - botafogo",Baixo,-22.9559328,-43.19266759999999,Fechado,Bolsão d'água em via,2019-10-09,
5.0,46873,Humaitá,2019-10-09 08:01:34+00:00,2019-10-09 15:51:26+00:00,Curto,R. humaitá - alt. r. jardim botânico,Baixo,-22.960045,-43.203903999999966,Fechado,Bolsão d'água em via,2019-10-09,
5.0,46889,Realengo,2019-10-09 09:47:33+00:00,2019-10-09 11:06:22+00:00,Curto,"Av. brasil, alt hotel lamour - realengo",Baixo,-22.86539,-43.42522199999996,Fechado,Bolsão d'água em via,2019-10-09,
5.0,46888,Maracanã,2019-10-09 09:25:44+00:00,2019-10-09 14:07:28+00:00,Curto,"R. morais e silva, 79 - maracanã",Baixo,-22.9139511,-43.22324789999999,Fechado,Bolsão d'água em via,2019-10-09,
5.0,46879,Itanhangá,2019-10-09 08:45:24+00:00,2019-10-09 21:21:39+00:00,Medio,Av. eng. souza filho - itanhangá,Baixo,-22.9786046,-43.33367479999998,Fechado,Bolsão d'água em via,2019-10-09,
5.0,46892,Manguinhos,2019-10-09 10:17:10+00:00,2019-10-09 10:21:15+00:00,Curto,"Av. dom hélder câmara, 315 - manguinhos",Baixo,-22.8908905,-43.24272359999998,Fechado,Bolsão d'água em via,2019-10-09,
5.0,46869,Manguinhos,2019-10-09 07:38:35+00:00,2019-10-09 11:00:42+00:00,Curto,Av. brasil - manguinhos - sent. z. oeste,Baixo,-22.8794597,-43.240159800000015,Fechado,Bolsão d'água em via,2019-10-09,
5.0,46887,Coelho neto,2019-10-09 09:25:11+00:00,2019-10-09 11:55:41+00:00,Curto,Av. brasil - coelho neto - sent. centro,Baixo,-22.8311373,-43.35060570000002,Fechado,Bolsão d'água em via,2019-10-09,
5.0,46899,Santíssimo,2019-10-09 11:04:10+00:00,2019-10-09 11:09:03+00:00,Curto,Av. brasil - santíssimo - sent. santa cruz,Baixo,-22.8605042,-43.52343810000002,Fechado,Bolsão d'água em via,2019-10-09,
5.0,46893,São conrado,2019-10-09 10:22:20+00:00,2019-10-09 11:43:49+00:00,Curto,R. gen. olímpio mourão filho - são conrado,Baixo,-22.9932812,-43.25479610000002,Fechado,Bolsão d'água em via,2019-10-09,
5.0,47451,Vila da penha,2019-10-25 20:49:05+00:00,2019-10-25 21:33:18+00:00,Curto,"Av. meriti,alt. shopping carioca  - vila da penha",Baixo,-22.8499687,-43.31101860000001,Fechado,Bolsão d'água em via,2019-10-25,
5.0,46857,Gardênia azul,2019-10-08 19:18:19+00:00,2019-10-08 21:17:07+00:00,Curto,"Av. ayrton senna, alt. do senac - gardênia azul - sent. orla",Baixo,-22.9617228,-43.35712219999999,Fechado,Bolsão d'água em via,2019-10-08,
5.0,46908,Jardim carioca,2019-10-09 12:23:54+00:00,2019-10-09 20:06:11+00:00,Curto,R. muiatuca - jardim carioca - ilha do governador,Baixo,-22.8050121,-43.1967904,Fechado,Bolsão d'água em via,2019-10-09,
5.0,46867,Jardim sulacap,2019-10-09 07:25:51+00:00,2019-10-09 11:02:45+00:00,Curto,Estr. do catonho - alt. estr. do cafundá - jardim sulacap,Baixo,-22.8989795,-43.38912110000001,Fechado,Bolsão d'água em via,2019-10-09,
5.0,46878,Barra da tijuca,2019-10-09 08:38:43+00:00,2019-10-09 11:20:33+00:00,Curto,"Av. lúcio costa, 3500 - barra - sent. s. conrado",Baixo,-23.0105251,-43.33321060000003,Fechado,Bolsão d'água em via,2019-10-09,
5.0,46884,Parada de lucas,2019-10-09 09:05:41+00:00,2019-10-09 14:57:59+00:00,Curto,"Av. brasil, - parada de lucas",Baixo,-22.8170857,-43.30541210000001,Fechado,Bolsão d'água em via,2019-10-09,
5.0,47452,Parada de lucas,2019-10-25 20:57:44+00:00,2019-10-25 22:28:01+00:00,Curto,Viaduto de lucas  - parada de lucas - sent. centro,Baixo,-22.8170968,-43.30389250000002,Fechado,Bolsão d'água em via,2019-10-25,
5.0,46910,São cristóvão,2019-10-09 12:38:48+00:00,2019-10-09 15:13:25+00:00,Curto,Av. brasil -  alt. r. conde de leopoldina - são cristóvão - sent. centro,Baixo,-22.8918471,-43.22068639999998,Fechado,Bolsão d'água em via,2019-10-09,
32.0,47126,Centro,2019-10-15 21:05:46+00:00,2019-10-17 03:09:23+00:00,Curto,Litoral do rio de janeiro,Baixo,-22.9068467,-43.17289649999998,Fechado,Alagamento,2019-10-15,
5.0,50679,Caju,2020-02-03 08:20:51+00:00,2020-02-03 09:52:24+00:00,Curto,Av. brasil - alt. viaduto do gasômetro - caju - sent. centro,Baixo,-22.890053,-43.2175842,Fechado,Bolsão d'água em via,2020-02-03,
5.0,51539,Caju,2020-02-22 00:24:41+00:00,2020-02-22 03:50:50+00:00,Curto,"Av. brasil, alt. do into - são cristóvão - sent. centro",Baixo,-22.8939852,-43.2150523,Fechado,Bolsão d'água em via,2020-02-22,
5.0,50677,Caju,2020-02-03 08:04:59+00:00,2020-02-03 09:29:53+00:00,Curto,Av. brasil - caju - sent. centro,Baixo,-22.8883651,-43.2233215,Fechado,Bolsão d'água em via,2020-02-03,
5.0,51523,Urca,2020-02-21 20:33:10+00:00,2020-02-21 23:19:07+00:00,Curto,"Av. pasteur, alt. instituto benjamim constant - urca",Baixo,-22.9536314,-43.17222839999999,Fechado,Bolsão d'água em via,2020-02-21,
5.0,51750,Bangu,2020-02-29 23:37:43+00:00,2020-03-01 04:53:34+00:00,Curto,"Rua da feira, alt. r. barão de capanema - bangu",Baixo,-22.8802756,-43.4725686,Fechado,Bolsão d'água em via,2020-02-29,
5.0,50723,Lagoa,2020-02-03 18:59:40+00:00,2020-02-03 22:10:29+00:00,Curto,Av. epitácio pessoa - alt. rua vinícius de morais - lagoa,Baixo,-22.9742588,-43.2064927,Fechado,Bolsão d'água em via,2020-02-03,
5.0,51064,Lagoa,2020-02-10 18:52:45+00:00,2020-02-10 21:46:23+00:00,Curto,Av. epitácio pessoa - alt. r. vinicius de moraes - ipanema ,Baixo,-22.9742588,-43.2064927,Fechado,Bolsão d'água em via,2020-02-10,
5.0,50615,Lagoa,2020-02-02 20:33:56+00:00,2020-02-02 23:11:51+00:00,Curto,Av. epitácio pessoa - alt. rua vinícius de morais - lagoa,Baixo,-22.9742588,-43.2064927,Fechado,Bolsão d'água em via,2020-02-02,
5.0,51528,Lagoa,2020-02-21 21:16:55+00:00,2020-02-21 22:52:32+00:00,Curto,"Av. epitácio pessoa, alt. r. vinicius de morais - ipanema",Baixo,-22.9722932,-43.2035247,Fechado,Bolsão d'água em via,2020-02-21,
5.0,50616,Lagoa,2020-02-02 20:53:37+00:00,2020-02-02 21:48:05+00:00,Curto,"Av. borges des medeiros - r. carlos esmeraldino, 3235 - lagoa",Baixo,-22.962516,-43.210913,Fechado,Bolsão d'água em via,2020-02-02,
5.0,51027,Lagoa,2020-02-10 15:59:42+00:00,2020-02-10 17:03:58+00:00,Curto,"Av. epitácio pessoa, 1784 - alt. vinicius de morais - sent. rebouças - lagoa",Baixo,-22.9796378,-43.2022758,Fechado,Bolsão d'água em via,2020-02-10,
5.0,51114,Lagoa,2020-02-11 05:39:07+00:00,2020-02-11 07:17:49+00:00,Curto,"Av. borges de medeiros, - alt. clube piraquê - lagoa - sent. rebouças.",Baixo,-22.9658067,-43.21642430000001,Fechado,Bolsão d'água em via,2020-02-11,
5.0,51044,Maré,2020-02-10 17:06:02+00:00,2020-02-10 18:00:50+00:00,Curto,Av. brg. trompowski - alt. linha vermelha - maré - sent. av. brasil,Baixo,-22.8469543,-43.2425773,Fechado,Bolsão d'água em via,2020-02-10,
5.0,50813,Maré,2020-02-05 18:09:42+00:00,2020-02-05 19:26:51+00:00,Curto,Linha vermelha - km 7 - cidade universitária - sent. baixada,Baixo,-22.8548414,-43.23872009999999,Fechado,Bolsão d'água em via,2020-02-05,
5.0,50754,Maré,2020-02-04 09:34:46+00:00,2020-02-04 10:20:18+00:00,Curto,Linha vermelha - alt. batalhão pm - maré - sent. centro,Baixo,-22.85589030953264,-43.23857625335082,Fechado,Bolsão d'água em via,2020-02-04,
5.0,51036,Penha,2020-02-10 16:42:45+00:00,2020-02-10 18:36:01+00:00,Curto,"Av. lobo júnior, 355 - alt. rua cuba - penha",Baixo,-22.8294219,-43.276849,Fechado,Bolsão d'água em via,2020-02-10,
5.0,51035,Penha,2020-02-10 16:35:22+00:00,2020-02-10 17:52:10+00:00,Curto,Avenida brasil - alt. filomena nunes - sent. centro - penha,Baixo,-22.8302161,-43.2698231,Fechado,Bolsão d'água em via,2020-02-10,
5.0,51051,Ramos,2020-02-10 17:22:55+00:00,2020-02-10 21:05:23+00:00,Curto,"Av. brasil, 118 - ramos",Baixo,-22.8393189,-43.2545898,Fechado,Bolsão d'água em via,2020-02-10,
5.0,50574,Ramos,2020-02-01 18:04:12+00:00,2020-02-01 20:25:00+00:00,Curto,Av. brasil - alt. guanabara diesel - ramos - sent. centro,Baixo,-22.8411264,-43.2531401,Fechado,Bolsão d'água em via,2020-02-01,
5.0,51097,Zumbi,2020-02-10 22:23:15+00:00,2020-02-10 23:58:40+00:00,Curto,Estr. do rio jequiá - zumbi - ilha do governador,Baixo,-22.8205193,-43.1799963,Fechado,Bolsão d'água em via,2020-02-10,
5.0,51755,Catete,2020-02-29 23:57:09+00:00,2020-03-01 02:30:47+00:00,Curto,"Rua do catete, alt. r. silveira martins - catete",Baixo,-22.9258592,-43.17622069999999,Fechado,Bolsão d'água em via,2020-02-29,
5.0,51048,Catete,2020-02-10 17:12:58+00:00,2020-02-10 17:47:51+00:00,Curto,R. do catete - alt. rua pedro américo - catete,Baixo,-22.9240186,-43.1772566,Fechado,Bolsão d'água em via,2020-02-10,
5.0,51524,Catete,2020-02-21 20:38:10+00:00,2020-02-21 23:18:36+00:00,Curto,"Rua do catete, alt. r. silveira martins - catete",Baixo,-22.9258592,-43.17622069999999,Fechado,Bolsão d'água em via,2020-02-21,
5.0,51049,Catete,2020-02-10 17:20:12+00:00,2020-02-10 17:55:57+00:00,Curto,R. do catete - alt. rua pedro américo - catete,Baixo,,,Fechado,Bolsão d'água em via,2020-02-10,
5.0,50716,Centro,2020-02-03 18:19:18+00:00,2020-02-03 21:05:38+00:00,Curto,R. da constituição - alt. r. rep. do líbano - centro,Baixo,-22.906814,-43.18532099999999,Fechado,Bolsão d'água em via,2020-02-03,
5.0,51084,Centro,2020-02-10 19:42:07+00:00,2020-02-10 21:12:01+00:00,Curto,Largo da lapa - centro,Baixo,-22.9158859,-43.177636,Fechado,Bolsão d'água em via,2020-02-10,
5.0,51086,Centro,2020-02-10 19:44:59+00:00,2020-02-11 18:47:16+00:00,Curto,"Av. pres. vargas, alt. cass - centro - sent. av. francisco bicalho",Baixo,-22.906285,-43.1949576,Fechado,Bolsão d'água em via,2020-02-10,
5.0,51533,Centro,2020-02-21 22:02:54+00:00,2020-02-21 22:44:21+00:00,Curto,"R. do lavradio, 96 - centro",Baixo,-22.9104074,-43.1830024,Fechado,Bolsão d'água em via,2020-02-21,
5.0,51040,Centro,2020-02-10 16:55:29+00:00,2020-02-10 20:41:18+00:00,Curto,R. república do líbano - alt. r. da constituição - centro,Baixo,-22.9078852,-43.18575939999999,Fechado,Bolsão d'água em via,2020-02-10,
5.0,51081,Centro,2020-02-10 19:36:03+00:00,2020-02-10 21:01:43+00:00,Curto,R. do rezende  - centro,Baixo,-22.9131779,-43.1860845,Fechado,Bolsão d'água em via,2020-02-10,
5.0,50848,Centro,2020-02-06 07:33:19+00:00,2020-02-06 09:42:45+00:00,Curto,"Av. passos, 13 - centro",Baixo,-22.9060508,-43.1826294,Fechado,Bolsão d'água em via,2020-02-06,
5.0,50718,Centro,2020-02-03 18:26:04+00:00,2020-02-03 19:13:46+00:00,Curto,Pça da república - alt. r. vinte de abril - centro,Baixo,-22.9099284,-43.1884173,Fechado,Bolsão d'água em via,2020-02-03,
5.0,51038,Centro,2020-02-10 16:52:47+00:00,2020-02-10 20:42:10+00:00,Curto,R. regente feijó - alt. r. da constituição - centro,Baixo,-22.9060259,-43.1847236,Fechado,Bolsão d'água em via,2020-02-10,
5.0,50655,Centro,2020-02-03 01:22:21+00:00,2020-02-03 02:43:52+00:00,Curto,Praça da república - alt. rua vinte de abril - centro,Baixo,-22.9060497,-43.1872276,Fechado,Bolsão d'água em via,2020-02-03,
5.0,50661,Centro,2020-02-03 01:48:29+00:00,2020-02-03 03:52:04+00:00,Curto,Rua da constituição - alt. r. rep. do líbano - centro,Baixo,-22.9069976,-43.1857593,Fechado,Bolsão d'água em via,2020-02-03,
5.0,50841,Centro,2020-02-05 22:31:36+00:00,2020-02-06 01:27:49+00:00,Curto,"Av. pres. vargas, alt. cidade nova - sent. av. francisco bicalho",Baixo,-22.9090775,-43.2022754,Fechado,Bolsão d'água em via,2020-02-05,
5.0,51046,Centro,2020-02-10 17:09:55+00:00,2020-02-10 20:41:30+00:00,Curto,R. buenos aires - alt. r. regente feijó - centro ,Baixo,-22.9039308,-43.1816902,Fechado,Bolsão d'água em via,2020-02-10,
5.0,50715,Centro,2020-02-03 18:15:49+00:00,2020-02-03 21:10:40+00:00,Curto,R. da constituição - alt. r. regente feijó - centro,Baixo,-22.90685034159893,-43.18466531275864,Fechado,Bolsão d'água em via,2020-02-03,
5.0,51073,Centro,2020-02-10 19:17:46+00:00,2020-02-10 20:04:10+00:00,Curto,R. benedito hipólito - alt. rua carmo neto - centro,Baixo,-22.9093057,-43.2006296,Fechado,Bolsão d'água em via,2020-02-10,
5.0,50736,Centro,2020-02-03 22:51:52+00:00,2020-02-04 03:03:25+00:00,Curto,Av. pres. vargas - alt. cass  - centro - sent. candelária,Baixo,-22.9103283,-43.2064106,Fechado,Bolsão d'água em via,2020-02-03,
5.0,50757,Centro,2020-02-04 13:07:10+00:00,2020-02-04 17:09:57+00:00,Curto,Praça do expedicionário - alt. av. pres. vargas - sent. museu histórico nacional - centro,Baixo,-22.9064751,-43.1712318,Fechado,Bolsão d'água em via,2020-02-04,
5.0,50720,Centro,2020-02-03 18:35:43+00:00,2020-02-03 20:58:51+00:00,Curto,R. dos inválidos - alt. r. da relação - centro,Baixo,-22.9108201,-43.18516049999999,Fechado,Bolsão d'água em via,2020-02-03,
5.0,50717,Centro,2020-02-03 18:21:52+00:00,2020-02-03 21:12:19+00:00,Curto,Av. gomes freire - alt. r. do senado - centro,Baixo,-22.9103994,-43.1840365,Fechado,Bolsão d'água em via,2020-02-03,
5.0,50654,Centro,2020-02-03 01:16:57+00:00,2020-02-03 03:54:38+00:00,Curto,R. teixeira de freitas - alt. av. augusto severo  - centro,Baixo,-22.9157143,-43.1762239,Fechado,Bolsão d'água em via,2020-02-03,
5.0,51515,Centro,2020-02-21 18:34:27+00:00,2020-02-22 04:08:53+00:00,Curto,Av. pres. vargas - alt. cass - centro - sent. pça da bandeira,Baixo,-22.9090775,-43.2022754,Fechado,Bolsão d'água em via,2020-02-21,
5.0,51534,Centro,2020-02-21 22:11:55+00:00,2020-02-21 23:16:56+00:00,Curto,"Rua dos inválidos, 158 - centro",Baixo,-22.910838,-43.18515439999999,Fechado,Bolsão d'água em via,2020-02-21,
5.0,50800,Grajau,2020-02-05 17:42:09+00:00,2020-02-05 19:47:45+00:00,Curto,"R. josé do patrocínio, 17 - grajau",Baixo,-22.9176271,-43.2630036,Fechado,Bolsão d'água em via,2020-02-05,
5.0,51108,Gávea,2020-02-11 01:29:43+00:00,2020-02-11 04:41:03+00:00,Curto,R. min. raul machado-  alt. mário ribeiro - gávea,Baixo,-22.9787762,-43.2219715,Fechado,Bolsão d'água em via,2020-02-11,
5.0,51521,Gávea,2020-02-21 20:26:35+00:00,2020-02-21 21:34:06+00:00,Curto,"Rua mario ribeiro, alt. praça sibélius - gávea - sent. barra",Baixo,-22.9770657,-43.2263597,Fechado,Bolsão d'água em via,2020-02-21,
5.0,51739,Gávea,2020-02-29 21:15:19+00:00,2020-02-29 22:18:38+00:00,Curto,"Rua mario ribeiro, alt. praça sibelius - sent. lagoa",Baixo,-22.9770657,-43.2263597,Fechado,Bolsão d'água em via,2020-02-29,
5.0,51066,Gávea,2020-02-10 19:03:44+00:00,2020-02-10 20:34:33+00:00,Curto,R. min. raul machado - alt. mário ribeiro  - gávea,Baixo,-22.9787762,-43.2219715,Fechado,Bolsão d'água em via,2020-02-10,
5.0,51748,Irajá,2020-02-29 23:24:27+00:00,2020-03-01 02:35:51+00:00,Curto,Trevo das margaridas - irajá ,Baixo,-22.8204814,-43.3204012,Fechado,Bolsão d'água em via,2020-02-29,
5.0,51336,Irajá,2020-02-16 21:13:31+00:00,2020-02-16 22:28:51+00:00,Curto,"Av. brasil, alt. trevo das margaridas - iraja - sent. centro",Baixo,-22.8204814,-43.3204012,Fechado,Bolsão d'água em via,2020-02-16,
5.0,51033,Irajá,2020-02-10 16:30:21+00:00,2020-02-10 17:45:17+00:00,Curto,"Tv. das margaridas, 12 - irajá",Baixo,-22.821351,-43.31668759999999,Fechado,Bolsão d'água em via,2020-02-10,
5.0,50667,Irajá,2020-02-03 04:57:11+00:00,2020-02-03 05:36:30+00:00,Curto,Av. brasil - alt. ceasa - irajá - sent. z. oeste,Baixo,-22.8262719,-43.336578,Fechado,Bolsão d'água em via,2020-02-03,
5.0,50608,Irajá,2020-02-02 19:08:23+00:00,2020-02-03 00:11:54+00:00,Curto,"Av. brasil - alt. trevo das margaridas, 126 - irajá - sent. centro",Baixo,-22.8204814,-43.3204012,Fechado,Bolsão d'água em via,2020-02-02,
5.0,51107,Leblon,2020-02-11 01:26:35+00:00,2020-02-11 04:33:28+00:00,Curto,R. gilberto cardoso - alt. clube do flamengo - leblon,Baixo,-22.9793367,-43.2203395,Fechado,Bolsão d'água em via,2020-02-11,
5.0,50622,Méier,2020-02-02 21:30:33+00:00,2020-02-03 02:02:38+00:00,Curto,R. silva rabêlo - alt. r. medina - méier,Baixo,-22.8998459,-43.2814465,Fechado,Bolsão d'água em via,2020-02-02,
5.0,50727,Méier,2020-02-03 19:30:14+00:00,2020-02-03 20:38:08+00:00,Curto,R. dona claudina - alt. rua dias da cruz - méier,Baixo,-22.9059568,-43.2833737,Fechado,Bolsão d'água em via,2020-02-03,
5.0,50794,Olaria,2020-02-05 17:29:14+00:00,2020-02-05 19:43:43+00:00,Curto,R. ibiapina - alt. r. thomaz ribeiro - olaria,Baixo,-22.8429759,-43.2709025,Fechado,Bolsão d'água em via,2020-02-05,
5.0,51043,Olaria,2020-02-10 17:02:50+00:00,2020-02-10 18:36:18+00:00,Curto,Rua leopoldina rêgo - alt. rua dr. alfredo barcelos - olaria,Baixo,-22.8474923,-43.2658364,Fechado,Bolsão d'água em via,2020-02-10,
5.0,51054,Olaria,2020-02-10 17:30:29+00:00,2020-02-10 21:03:07+00:00,Curto,"Av. brasil, 8785 - olaria",Baixo,-22.8382795,-43.2569109,Fechado,Bolsão d'água em via,2020-02-10,
5.0,50670,Tanque,2020-02-03 06:21:18+00:00,2020-02-03 13:49:50+00:00,Curto,Estr. do catonho - alt. n° 2450 - sulacape- ambos os sentidos,Baixo,-22.8963827,-43.397899,Fechado,Bolsão d'água em via,2020-02-03,
5.0,50609,Tijuca,2020-02-02 19:29:12+00:00,2020-02-02 21:07:39+00:00,Curto,R. haddock lobo - alt. rua eng° abel - tijuca,Baixo,-22.9189507,-43.2135056,Fechado,Bolsão d'água em via,2020-02-02,
5.0,51041,Tijuca,2020-02-10 16:58:05+00:00,2020-02-10 18:09:27+00:00,Curto,"R. haddock lobo, 325 - alt. rua eng. adel - tijuca",Baixo,-22.9203771,-43.2165956,Fechado,Bolsão d'água em via,2020-02-10,
5.0,51065,Tijuca,2020-02-10 19:00:06+00:00,2020-02-10 20:31:00+00:00,Curto,R. haddock lobo - alt. rua. eng. adel - tijuca,Baixo,-22.9203771,-43.2165956,Fechado,Bolsão d'água em via,2020-02-10,
5.0,50801,Tijuca,2020-02-05 17:46:42+00:00,2020-02-05 19:43:48+00:00,Curto,R. haddock lobo - alt. r. eng adel - tijuca,Baixo,-22.9203576,-43.21663789999999,Fechado,Bolsão d'água em via,2020-02-05,
5.0,50613,Tijuca,2020-02-02 20:15:04+00:00,2020-02-02 21:24:04+00:00,Curto,Av. maracanã - alt. mata machado - tijuca,Baixo,-22.92706,-43.2385163,Fechado,Bolsão d'água em via,2020-02-02,
5.0,50611,Tijuca,2020-02-02 19:43:05+00:00,2020-02-02 21:37:49+00:00,Curto,Rua conde de bonfim - alt. rua josé higino - tijuca,Baixo,-22.9320902,-43.24011609999999,Fechado,Bolsão d'água em via,2020-02-02,
5.0,50731,Tijuca,2020-02-03 19:56:43+00:00,2020-02-03 21:13:27+00:00,Curto,"R. haddock lobo, 325 - tijuca",Baixo,-22.9203771,-43.2165956,Fechado,Bolsão d'água em via,2020-02-03,
5.0,51010,Tijuca,2020-02-10 14:55:59+00:00,2020-02-10 15:05:52+00:00,Curto,"Rua conde de bonfim, 563 - tijuca teste",Baixo,-22.9298498,-43.2371658,Fechado,Bolsão d'água em via,2020-02-10,
5.0,50817,Tijuca,2020-02-05 18:16:29+00:00,2020-02-05 18:37:17+00:00,Curto,"R. barão de mesquita, 850 - tijuca",Baixo,-22.924225,-43.2521982,Fechado,Bolsão d'água em via,2020-02-05,
5.0,50612,Tijuca,2020-02-02 19:51:05+00:00,2020-02-02 21:13:23+00:00,Curto,Rua conde de bonfim - alt. rua uruguai - tijuca,Baixo,-22.9320902,-43.24011609999999,Fechado,Bolsão d'água em via,2020-02-02,
5.0,51103,Tijuca,2020-02-11 00:27:56+00:00,2020-02-11 01:53:04+00:00,Curto,R. haddock lobo - alt. r. eng°. adel - tijuca.,Baixo,-22.9188817,-43.2135322,Fechado,Bolsão d'água em via,2020-02-11,
5.0,50614,Tijuca,2020-02-02 20:27:22+00:00,2020-02-02 22:00:31+00:00,Curto,Rua conde de bonfim - alt. rua alm. cochrane - tijuca,Baixo,-22.9320902,-43.24011609999999,Fechado,Bolsão d'água em via,2020-02-02,
5.0,51068,Tijuca,2020-02-10 19:07:39+00:00,2020-02-10 19:49:15+00:00,Curto,Rua conde de bonfim - alt. rua uruguai - sent. pça saens pena - tijuca,Baixo,-22.9326711,-43.2411301,Fechado,Bolsão d'água em via,2020-02-10,
5.0,51078,Benfica,2020-02-10 19:28:37+00:00,2020-02-10 20:33:58+00:00,Curto,Av. brasil - alt benfica - sent. zona oeste - p. lateral - benfica,Baixo,-22.8860074,-43.234106,Fechado,Bolsão d'água em via,2020-02-10,
5.0,50722,Deodoro,2020-02-03 18:55:44+00:00,2020-02-03 21:29:38+00:00,Curto,"Estr. mal. alencastro, 124 - deodoro",Baixo,-22.8527588,-43.3921398,Fechado,Bolsão d'água em via,2020-02-03,
5.0,50666,Galeão,2020-02-03 04:31:08+00:00,2020-02-03 07:03:59+00:00,Curto,Linha vermelha - alt. saída da linha amarela  - sent. centro,Baixo,-22.8214346,-43.2551073,Fechado,Bolsão d'água em via,2020-02-03,
5.0,50577,Galeão,2020-02-01 18:19:42+00:00,2020-02-01 20:24:30+00:00,Curto,Linha vermelha - km 15 - sent. baixada,Baixo,-22.8278692,-43.2503136,Fechado,Bolsão d'água em via,2020-02-01,
5.0,50578,Galeão,2020-02-01 18:22:06+00:00,2020-02-01 20:24:19+00:00,Curto,Linha vermelha - km 14 - sent. centro,Baixo,,,Fechado,Bolsão d'água em via,2020-02-01,
5.0,51105,Glória,2020-02-11 01:17:18+00:00,2020-02-11 05:51:54+00:00,Curto,R. do catete - alt. r. silveira martins - glória,Baixo,-22.9269656,-43.1766115,Fechado,Bolsão d'água em via,2020-02-11,
5.0,51511,Glória,2020-02-21 17:30:06+00:00,2020-02-21 18:22:01+00:00,Curto,R. do catete - alt. r. silveira martins - glória,Baixo,-22.9269656,-43.1766115,Fechado,Bolsão d'água em via,2020-02-21,
5.0,50719,Glória,2020-02-03 18:28:58+00:00,2020-02-03 19:09:51+00:00,Curto,R. pedro américo - alt. r. do catete,Baixo,-22.9241954,-43.1815242,Fechado,Bolsão d'água em via,2020-02-03,
5.0,51560,Glória,2020-02-22 19:03:48+00:00,2020-02-22 20:58:43+00:00,Curto,R. do catete - alt. silveira martins - glória,Baixo,-22.9269656,-43.1766115,Fechado,Bolsão d'água em via,2020-02-22,
5.0,51106,Glória,2020-02-11 01:22:31+00:00,2020-02-11 02:15:38+00:00,Curto,R. do catete - alt. rua pedro américo - glória,Baixo,-22.9269656,-43.1766115,Fechado,Bolsão d'água em via,2020-02-11,
5.0,51092,Glória,2020-02-10 20:11:37+00:00,2020-02-10 21:28:44+00:00,Curto,R. do catete - alt. rua pedro américo - glória,Baixo,-22.9269656,-43.1766115,Fechado,Bolsão d'água em via,2020-02-10,
5.0,51751,Ipanema,2020-02-29 23:41:04+00:00,2020-03-01 02:32:58+00:00,Curto,"Av. epitácio pessoa, alt. r. vinícius de morais - ipanema",Baixo,-22.9810209,-43.207048,Fechado,Bolsão d'água em via,2020-02-29,
5.0,51104,Ipanema,2020-02-11 00:48:18+00:00,2020-02-11 05:37:45+00:00,Curto,Av. epitácio pessoa - alt. vinícius de moraes. - ipanema,Baixo,-22.9797194,-43.2019151,Fechado,Bolsão d'água em via,2020-02-11,
5.0,51525,Ipanema,2020-02-21 20:42:07+00:00,2020-02-21 21:45:59+00:00,Curto,"Rua maria quitéria, alt. alt. r. barão da torre - ipanema",Baixo,-22.9834877,-43.20705299999999,Fechado,Bolsão d'água em via,2020-02-21,
5.0,51526,Ipanema,2020-02-21 20:52:23+00:00,2020-02-21 23:18:24+00:00,Curto,"Av. epitácio pessoa, alt. r. maria quitéria - ipanema",Baixo,-22.9708637,-43.2069645,Fechado,Bolsão d'água em via,2020-02-21,
5.0,50726,Piedade,2020-02-03 19:26:19+00:00,2020-02-03 20:50:09+00:00,Curto,Buraco do padre  - piedade,Baixo,-22.8849955,-43.3108118,Fechado,Bolsão d'água em via,2020-02-03,
5.0,51022,Rocinha,2020-02-10 15:30:10+00:00,2020-02-10 17:46:33+00:00,Curto,Estr. eng. fernando mac dowell - alt. passarela da rocinha - sent. sao conrado.,Baixo,-22.9930003,-43.25088909999999,Fechado,Bolsão d'água em via,2020-02-10,
5.0,51069,Sampaio,2020-02-10 19:07:39+00:00,2020-02-10 20:31:12+00:00,Curto,R. 24 de maio - alt. rua cônigo tobias - meier,Baixo,-22.902193,-43.2610434,Fechado,Bolsão d'água em via,2020-02-10,
5.0,50678,Taquara,2020-02-03 08:10:10+00:00,2020-02-03 09:29:21+00:00,Curto,"Estr. do engenho velho, 2045 - taquara",Baixo,-22.914971,-43.393934,Fechado,Bolsão d'água em via,2020-02-03,
5.0,51060,Taquara,2020-02-10 18:33:59+00:00,2020-02-10 20:08:35+00:00,Curto,Pça jauru - alt. r. ariperana - taquara,Baixo,-22.916395,-43.3780622,Fechado,Bolsão d'água em via,2020-02-10,
5.0,51062,Taquara,2020-02-10 18:46:33+00:00,2020-02-10 20:30:28+00:00,Curto,R. caçu - alt. r. nacional - taquara,Baixo,-22.9298188,-43.3718473,Fechado,Bolsão d'água em via,2020-02-10,
5.0,50721,Botafogo,2020-02-03 18:51:20+00:00,2020-02-03 19:19:03+00:00,Curto,R. muniz barreto - alt. marques de olinda  - botafogo,Baixo,-22.9454111,-43.183989,Fechado,Bolsão d'água em via,2020-02-03,
5.0,50822,Botafogo,2020-02-05 18:42:08+00:00,2020-02-05 19:05:38+00:00,Curto,R. são clemente  - botafogo,Baixo,-22.9497298,-43.1897674,Fechado,Bolsão d'água em via,2020-02-05,
5.0,50752,Botafogo,2020-02-04 08:58:31+00:00,2020-02-04 10:34:43+00:00,Curto,Praia de botafogo - botafogo - alt. fgv - sent. copacabana,Baixo,-22.941602051950643,-43.17977744072266,Fechado,Bolsão d'água em via,2020-02-04,
5.0,50867,Botafogo,2020-02-06 14:47:06+00:00,2020-02-06 18:00:57+00:00,Curto,"Av. reporter nestor moreira,  255 - botafogo",Baixo,-22.9500814,-43.179641,Fechado,Bolsão d'água em via,2020-02-06,
5.0,51077,Flamengo,2020-02-10 19:28:59+00:00,2020-02-10 20:51:44+00:00,Curto,Av. infante dom henrique - alt. hotel novo mundo - flamengo - sent. z. sul,Baixo,-22.9303189,-43.1730561,Fechado,Bolsão d'água em via,2020-02-10,
5.0,50818,Flamengo,2020-02-05 18:19:30+00:00,2020-02-05 19:28:04+00:00,Curto,Rua do catete - alt. r. silveira martins - flamengo,Baixo,-22.9258135,-43.1774282,Fechado,Bolsão d'água em via,2020-02-05,
5.0,50672,Realengo,2020-02-03 06:31:00+00:00,2020-02-03 09:30:58+00:00,Curto,Av. brasil - alt. realengo - sent. centro.,Baixo,-22.8634016,-43.4383809,Fechado,Bolsão d'água em via,2020-02-03,
5.0,51095,Guadalupe,2020-02-10 20:37:05+00:00,2020-02-10 20:38:36+00:00,Curto,Estr. do camboatá - guadalupe,Baixo,-22.8360408,-43.3805332,Fechado,Bolsão d'água em via,2020-02-10,
5.0,50792,Guadalupe,2020-02-05 17:09:40+00:00,2020-02-05 18:27:09+00:00,Curto,Av. brasil - guadalupe - sent. z. oeste,Baixo,-22.8427263,-43.3730742,Fechado,Bolsão d'água em via,2020-02-05,
5.0,51028,Guaratiba,2020-02-10 16:04:31+00:00,2020-02-10 20:32:04+00:00,Curto,"Estr. da pedra, alt. brt pingo d'água - guaratiba",Baixo,-22.9649385,-43.6473553,Fechado,Bolsão d'água em via,2020-02-10,
5.0,51753,Guaratiba,2020-02-29 23:49:31+00:00,2020-03-01 00:17:36+00:00,Curto,"Estr. da pedra, alt. est. brt p. d`água - guaratiba - sent. recreio",Baixo,-22.968175,-43.6478602,Fechado,Bolsão d'água em via,2020-02-29,
5.0,50711,Inhoaíba,2020-02-03 17:32:00+00:00,2020-02-03 18:39:55+00:00,Curto,Av. cesário de melo - alt. r. adolfo lemos - campo grande,Baixo,-22.9142585,-43.6026029,Fechado,Bolsão d'água em via,2020-02-03,
5.0,50710,Inhoaíba,2020-02-03 17:25:26+00:00,2020-02-03 17:48:10+00:00,Curto,Av. cesário de melo - alt. estr. do monteiro - campo grande,Baixo,-22.9142585,-43.6026029,Fechado,Bolsão d'água em via,2020-02-03,
5.0,51112,Inhoaíba,2020-02-11 05:23:36+00:00,2020-02-11 08:48:28+00:00,Curto,R. campo mourao - inhoaíba,Baixo,-22.9056342,-43.592593,Fechado,Bolsão d'água em via,2020-02-11,
5.0,50624,Madureira,2020-02-02 21:34:46+00:00,2020-02-02 22:05:49+00:00,Curto,R. clara nunes - alt. rua carolina machado - madureira,Baixo,-22.8711561,-43.3436242,Fechado,Bolsão d'água em via,2020-02-02,
5.0,51076,Maracanã,2020-02-10 19:24:39+00:00,2020-02-10 20:18:28+00:00,Curto,R. prof. euríco rabêlo - alt. rua valdir amaral - maracanã,Baixo,-22.9123044,-43.2336945,Fechado,Bolsão d'água em via,2020-02-10,
5.0,50824,Maracanã,2020-02-05 18:44:37+00:00,2020-02-05 19:54:22+00:00,Curto,"Av. maracanã, 459 com rua eurico rabelo",Baixo,-22.9155531,-43.2290642,Fechado,Bolsão d'água em via,2020-02-05,
5.0,51090,Maracanã,2020-02-10 20:00:19+00:00,2020-02-10 20:27:34+00:00,Curto,R. são francisco xavier - alt. uerj  - maracanã,Baixo,-22.9137067,-43.2341342,Fechado,Bolsão d'água em via,2020-02-10,
5.0,51082,Maracanã,2020-02-10 19:39:06+00:00,2020-02-10 21:03:11+00:00,Curto,R. morais e silva - alt. rua ibituruna - maracanã,Baixo,-22.9125829,-43.221936,Fechado,Bolsão d'água em via,2020-02-10,
5.0,50809,Maracanã,2020-02-05 17:59:41+00:00,2020-02-05 19:51:54+00:00,Curto,"R. ibituruna, 65 - maracanã",Baixo,-22.9130099,-43.2205729,Fechado,Bolsão d'água em via,2020-02-05,
5.0,51063,Pechincha,2020-02-10 18:48:59+00:00,2020-02-10 20:30:41+00:00,Curto,"Largo do pechincha, 35 - pechincha",Baixo,-22.9288242,-43.3548902,Fechado,Bolsão d'água em via,2020-02-10,
5.0,51012,Riachuelo,2020-02-10 15:08:37+00:00,2020-02-10 15:12:35+00:00,Curto,"R. esmeraldino bandeira, 48 - riachuelo",Baixo,-22.9001778,-43.2581764,Fechado,Bolsão d'água em via,2020-02-10,
5.0,51057,Bonsucesso,2020-02-10 17:38:52+00:00,2020-02-10 20:30:21+00:00,Curto,R. adail - bonsucesso,Baixo,-22.8603815,-43.254922,Fechado,Bolsão d'água em via,2020-02-10,
5.0,51093,Copacabana,2020-02-10 20:20:26+00:00,2020-02-10 20:48:56+00:00,Curto,Av. nossa sra. de copacabana - alt. rua hilário de gouveia - copacabana,Baixo,-22.968356,-43.183663,Fechado,Bolsão d'água em via,2020-02-10,
5.0,51088,Copacabana,2020-02-10 19:54:51+00:00,2020-02-10 20:34:15+00:00,Curto,R. barata ribeiro - alt. rua siqueira campos - copacabana,Baixo,-22.9691937,-43.186654,Fechado,Bolsão d'água em via,2020-02-10,
5.0,51070,Copacabana,2020-02-10 19:11:22+00:00,2020-02-10 20:18:07+00:00,Curto,Rua tonelero - alt. rua siqueira campos - copacabana,Baixo,-22.9671127,-43.1861562,Fechado,Bolsão d'água em via,2020-02-10,
5.0,51024,Itanhangá,2020-02-10 15:37:47+00:00,2020-02-10 21:52:44+00:00,Curto,Av. eng. souza filho  - alt. estr. de jacarepaguá - rio das pedras,Baixo,-22.9786046,-43.3336748,Fechado,Bolsão d'água em via,2020-02-10,
5.0,51126,Itanhangá,2020-02-11 08:32:41+00:00,2020-02-11 12:52:26+00:00,Curto,"Av. eng. souza filho, 585 - itanhangá",Baixo,-22.9888235,-43.3235313,Fechado,Bolsão d'água em via,2020-02-11,
5.0,51701,Itanhangá,2020-02-28 06:11:36+00:00,2020-03-01 16:30:39+00:00,Curto,"Av. engenheiro souza filho, alt. estação azul - sent. itanhangá ",Baixo,-22.9786046,-43.3336748,Fechado,Bolsão d'água em via,2020-02-28,
5.0,50733,Itanhangá,2020-02-03 20:23:18+00:00,2020-02-03 21:30:51+00:00,Curto,Estr. do itanhangá  - alt. posto br - itanhangá ,Baixo,-22.9964163,-43.3143077,Fechado,Bolsão d'água em via,2020-02-03,
5.0,51744,Itanhangá,2020-02-29 22:27:07+00:00,2020-03-01 09:45:16+00:00,Curto,"Estrada da barra da tijuca, 1716 - itanhangá",Baixo,-22.9988099,-43.3047045,Fechado,Bolsão d'água em via,2020-02-29,
5.0,51102,Itanhangá,2020-02-11 00:18:10+00:00,2020-02-11 06:53:37+00:00,Curto,Estrada da barra da tijuca - itanhangá,Baixo,-22.9985303,-43.3046861,Fechado,Bolsão d'água em via,2020-02-11,
5.0,50572,Manguinhos,2020-02-01 17:36:48+00:00,2020-02-01 18:09:28+00:00,Curto,Av. brasil - alt. av. brigadeiro trompowski  - ramos - sent. centro,Baixo,-22.84776345557701,-43.24743713389892,Fechado,Bolsão d'água em via,2020-02-01,
5.0,51335,Manguinhos,2020-02-16 21:10:52+00:00,2020-02-16 21:47:49+00:00,Curto,"Av. brasil - alt. passarela 5 - manguinhos - pista lateral, sent. z. oeste",Baixo,-22.845298,-43.2485969,Fechado,Bolsão d'água em via,2020-02-16,
5.0,50808,Manguinhos,2020-02-05 17:58:38+00:00,2020-02-05 19:51:34+00:00,Curto,Av. brasil - alt. canal do cunha - manguinhos - sent. centro,Baixo,-22.8781176,-43.2411647,Fechado,Bolsão d'água em via,2020-02-05,
5.0,50668,Manguinhos,2020-02-03 05:17:44+00:00,2020-02-03 09:33:20+00:00,Curto,Av. brasil - alt. fio cruz - manguinhos - p. lateral,Baixo,-22.8750113,-43.2455451,Fechado,Bolsão d'água em via,2020-02-03,
5.0,50799,Manguinhos,2020-02-05 17:41:21+00:00,2020-02-05 19:51:40+00:00,Curto,Av. brasil - alt. benfica - sent. z. oeste,Baixo,-22.8850574,-43.2351722,Fechado,Bolsão d'água em via,2020-02-05,
5.0,50797,Manguinhos,2020-02-05 17:36:41+00:00,2020-02-05 19:19:32+00:00,Curto,Av. brasil - alt. benfica - sent. centro,Baixo,-22.8850574,-43.2351722,Fechado,Bolsão d'água em via,2020-02-05,
5.0,50575,Manguinhos,2020-02-01 18:10:23+00:00,2020-02-01 20:24:49+00:00,Curto,Av. brasil - alt. piscinão de ramos - ramos - sent. centro,Baixo,-22.8510278,-43.2477585,Fechado,Bolsão d'água em via,2020-02-01,
5.0,51530,Manguinhos,2020-02-21 21:40:09+00:00,2020-02-22 03:20:14+00:00,Curto,"Av. brasil, alt. de manguinhos - sent. z. oeste",Baixo,-22.8781176,-43.2411647,Fechado,Bolsão d'água em via,2020-02-21,
5.0,50798,Paciência,2020-02-05 17:39:09+00:00,2020-02-05 20:51:20+00:00,Curto,"Estr. de urucânia, 1686 - paciência",Baixo,-22.9175734,-43.6583046,Fechado,Bolsão d'água em via,2020-02-05,
5.0,51045,Portuguesa,2020-02-10 17:08:51+00:00,2020-02-10 18:42:33+00:00,Curto,"Estrada do galeão, 2825 - portuguesa",Baixo,-22.8057089,-43.2103369,Fechado,Bolsão d'água em via,2020-02-10,
5.0,51059,Portuguesa,2020-02-10 18:16:31+00:00,2020-02-10 18:43:52+00:00,Curto,R. gustavo augusto de resende - alt. cond. santos dumont - portuguesa,Baixo,-22.8014833,-43.2066477,Fechado,Bolsão d'água em via,2020-02-10,
5.0,50791,Santa cruz,2020-02-05 16:47:26+00:00,2020-02-05 17:13:36+00:00,Curto,Rua felipe cardoso - alt. r. eng. gastão rangel - sent. santa cruz,Baixo,-22.927328,-43.67791210000001,Fechado,Bolsão d'água em via,2020-02-05,
5.0,51120,Santa cruz,2020-02-11 06:42:47+00:00,2020-02-11 11:30:51+00:00,Curto, curral falso - alt. av cesário de  melo  - santa cruz,Baixo,-22.9197453,-43.6564221,Fechado,Bolsão d'água em via,2020-02-11,
5.0,50744,Cidade nova,2020-02-04 05:31:22+00:00,2020-02-04 09:02:06+00:00,Curto,Av. presidente vargas - alt. passarela do metro - cidade nova - sent. av. brasil,Baixo,-22.9095077,-43.2056685,Fechado,Bolsão d'água em via,2020-02-04,
5.0,51075,Cidade nova,2020-02-10 19:21:49+00:00,2020-02-10 19:55:43+00:00,Curto,Rua frei caneca - alt. sambódromo - cidade nova - sent. centro.,Baixo,-22.9128425,-43.19551860000001,Fechado,Bolsão d'água em via,2020-02-10,
5.0,50659,Cidade nova,2020-02-03 01:41:20+00:00,2020-02-03 03:57:57+00:00,Curto,Rua frei caneca - alt. sambódromo - cidade nova,Baixo,-22.9128425,-43.19551860000001,Fechado,Bolsão d'água em via,2020-02-03,
5.0,51529,Cidade nova,2020-02-21 21:29:40+00:00,2020-02-21 23:15:45+00:00,Curto,"Rua benedito hipólito, alt. r. carmo neto - centro",Baixo,-22.9083333,-43.1958333,Fechado,Bolsão d'água em via,2020-02-21,
5.0,50734,Cidade nova,2020-02-03 20:35:10+00:00,2020-02-03 22:39:05+00:00,Curto,Av. pres. vargas -alt. viaduto dos marinheiros - cidade nova - sent. franc. bicalho,Baixo,-22.9093093,-43.2052121,Fechado,Bolsão d'água em via,2020-02-03,
5.0,50698,Cidade nova,2020-02-03 12:57:46+00:00,2020-02-03 20:34:37+00:00,Curto,"Av. pres. vargas, 3102 - cidade nova - sent. pça da bandeira",Baixo,-22.9094335,-43.2055862,Fechado,Bolsão d'água em via,2020-02-03,
5.0,51071,Cidade nova,2020-02-10 19:11:58+00:00,2020-02-10 21:00:06+00:00,Curto,Rua frei caneca - alt. rua do santana  - cidade nova,Baixo,-22.9128425,-43.19551860000001,Fechado,Bolsão d'água em via,2020-02-10,
5.0,51543,Coelho neto,2020-02-22 00:53:26+00:00,2020-02-22 04:05:59+00:00,Curto,"Rua aratangi, 12 - colégio - alt. av. pr. martin luther king jr  ",Baixo,-22.835266,-43.34108699999999,Fechado,Bolsão d'água em via,2020-02-22,
5.0,51738,Praça seca,2020-02-29 20:56:55+00:00,2020-02-29 22:16:31+00:00,Curto,"Rua cândido benício, alt. empase - praça seca",Baixo,-22.903469,-43.355978,Fechado,Bolsão d'água em via,2020-02-29,
5.0,50793,Praça seca,2020-02-05 17:22:42+00:00,2020-02-05 18:55:22+00:00,Curto,Rua candido benício - alt. r. cap. menezes - praça seca - sent campinho ,Baixo,-22.8923402,-43.3482302,Fechado,Bolsão d'água em via,2020-02-05,
5.0,51752,Santíssimo,2020-02-29 23:44:27+00:00,2020-03-01 05:07:12+00:00,Curto,"Av. santa cruz, alt. estr. do pré - campo grande",Baixo,-22.8806828,-43.5083582,Fechado,Bolsão d'água em via,2020-02-29,
5.0,51332,Vila isabel,2020-02-16 20:55:24+00:00,2020-02-16 22:32:16+00:00,Curto,"R. alexandre calaza, 145 - vila isabel",Baixo,-22.9184906,-43.2599066,Fechado,Bolsão d'água em via,2020-02-16,
5.0,51121,Vila isabel,2020-02-11 07:02:00+00:00,2020-02-11 08:44:09+00:00,Curto,"R. alexandre calaza, 272 - vila isabel",Baixo,-22.9196135,-43.260103,Fechado,Bolsão d'água em via,2020-02-11,
5.0,50732,Vila isabel,2020-02-03 20:11:26+00:00,2020-02-03 22:36:38+00:00,Curto,R. alexandre calaza - alt. n° 30 - vila isabel,Baixo,-22.9174083,-43.26012799999999,Fechado,Bolsão d'água em via,2020-02-03,
5.0,50804,Vila isabel,2020-02-05 17:51:05+00:00,2020-02-05 19:19:57+00:00,Curto,R. teodoro da silva - alt. r. barão de são francisco - vila isabel,Baixo,-22.9185789,-43.251003,Fechado,Bolsão d'água em via,2020-02-05,
5.0,50803,Vila isabel,2020-02-05 17:49:20+00:00,2020-02-05 19:19:44+00:00,Curto,Boulevard 28 de setembro - alt. hospital pedro ernesto - vila isabel,Baixo,-22.9146836,-43.2371026,Fechado,Bolsão d'água em via,2020-02-05,
5.0,51072,Vila isabel,2020-02-10 19:13:47+00:00,2020-02-10 20:56:19+00:00,Curto,R. alexandre calaza - entre r. teodoro da silva e r. jerônimo de lemos - vila isabel,Baixo,-22.9191499,-43.2597827,Fechado,Bolsão d'água em via,2020-02-10,
5.0,51067,Vila isabel,2020-02-10 19:05:44+00:00,2020-02-10 19:44:38+00:00,Curto,"Praça barão de drumond, 2576 - vila isabel",Baixo,-22.9161662,-43.2505358,Fechado,Bolsão d'água em via,2020-02-10,
5.0,51749,Campo grande,2020-02-29 23:34:18+00:00,2020-03-01 02:35:19+00:00,Curto,"Estrada do mendanha, alt. lgo. maçonaria - campo grande",Baixo,-22.8644709,-43.5488999,Fechado,Bolsão d'água em via,2020-02-29,
5.0,50638,Engenho novo,2020-02-02 23:14:01+00:00,2020-02-02 23:16:31+00:00,Curto,R. vinte e quatro de maio - alt. silva freire - engenho novo,Baixo,-22.903194,-43.276726,Fechado,Bolsão d'água em via,2020-02-02,
5.0,50795,Engenho novo,2020-02-05 17:33:16+00:00,2020-02-05 19:49:40+00:00,Curto,Estr. grajau jpa - alt. r. visconde de santa isabel - sent. grajaú,Baixo,-22.9211046,-43.2850245,Fechado,Bolsão d'água em via,2020-02-05,
5.0,51754,Engenho novo,2020-02-29 23:53:11+00:00,2020-03-01 01:05:06+00:00,Curto,"Rua 24 de maio, alt. r. cônego tobias - méier",Baixo,-22.9047934,-43.273903,Fechado,Bolsão d'água em via,2020-02-29,
5.0,51053,Ilha do gov.,2020-02-10 17:30:24+00:00,2020-02-11 01:41:43+00:00,Curto,Estr. do galeão - alt. base aérea - ilha do governador,Baixo,-22.8275615,-43.234777,Fechado,Bolsão d'água em via,2020-02-10,
5.0,51015,Jacarepaguá,2020-02-10 15:19:25+00:00,2020-02-10 16:43:05+00:00,Curto,Av. ayrton senna - alt. uptown - gardênia azul,Baixo,-22.9610044,-43.3604855,Fechado,Bolsão d'água em via,2020-02-10,
5.0,51050,Jacarepaguá,2020-02-10 17:19:04+00:00,2020-02-10 20:03:05+00:00,Curto,Av. ayrton senna - alt. sesc - barra - sent. orla,Baixo,-22.9661912410557,-43.35764950620117,Fechado,Bolsão d'água em via,2020-02-10,
5.0,51013,Jacarepaguá,2020-02-10 15:07:21+00:00,2020-02-10 17:53:29+00:00,Curto,Av. ayrton senna - alt. av. emb. abelardo bueno - jpa - sent. orla,Baixo,-22.9768518,-43.3640778,Fechado,Bolsão d'água em via,2020-02-10,
5.0,51334,Padre miguel,2020-02-16 21:08:05+00:00,2020-02-16 22:42:31+00:00,Curto,"Av. brasil, alt. vd. ataulfo alves - benfica - sent. z. oeste",Baixo,-22.8612161,-43.4522437,Fechado,Bolsão d'água em via,2020-02-16,
5.0,51532,Santo cristo,2020-02-21 21:55:11+00:00,2020-02-21 22:43:51+00:00,Curto,"Rua da américa, alt. praça do sto. cristo - santo cristo",Baixo,-22.9022574,-43.19972449999999,Fechado,Bolsão d'água em via,2020-02-21,
5.0,51061,Santo cristo,2020-02-10 18:42:56+00:00,2020-02-10 21:49:01+00:00,Curto,Av. francisco bicalho - alt iml - santo cristo - sent. centro,Baixo,-22.9058843,-43.2107078,Fechado,Bolsão d'água em via,2020-02-10,
5.0,50843,Santo cristo,2020-02-06 01:47:39+00:00,2020-02-06 02:51:38+00:00,Curto,"Av. francisco bicalho, alt. iml - são cristóvão - sent. centro",Baixo,-22.9058843,-43.2107078,Fechado,Bolsão d'água em via,2020-02-06,
5.0,51113,São conrado,2020-02-11 05:33:32+00:00,2020-02-11 08:44:20+00:00,Curto,Autoestrada eng. fernando mac dowell - alt. cond. village - são conrado - sent. gávea,Baixo,-22.9972683,-43.2628942,Fechado,Bolsão d'água em via,2020-02-11,
5.0,51023,São conrado,2020-02-10 15:33:56+00:00,2020-02-10 17:48:44+00:00,Curto,R. gen. olímpio mourão filho - são conrado,Baixo,-22.9932812,-43.2547961,Fechado,Bolsão d'água em via,2020-02-10,
5.0,50747,São conrado,2020-02-04 06:50:10+00:00,2020-02-04 08:07:53+00:00,Curto,Estr. da gávea - alt. golf club - são conrado - sent. lagoa,Baixo,-22.9973444,-43.2643778,Fechado,Bolsão d'água em via,2020-02-04,
5.0,50656,Vila militar,2020-02-03 01:26:42+00:00,2020-02-03 02:59:59+00:00,Curto,Estr. são pedro de alcântara - alt. estação brt vila militar - vila militar,Baixo,-22.8640859,-43.4055206,Fechado,Bolsão d'água em via,2020-02-03,
5.0,50724,Vila militar,2020-02-03 19:03:28+00:00,2020-02-03 21:28:35+00:00,Curto,Av. brasil - alt. transolimpica - vila militar - sent. z. oeste,Baixo,-22.8637808,-43.4169263,Fechado,Bolsão d'água em via,2020-02-03,
5.0,50825,Higienópolis,2020-02-05 18:47:03+00:00,2020-02-05 20:04:54+00:00,Curto,Linha amarela - alt. saída 2 - sent. fundão,Baixo,-22.871089,-43.2616827,Fechado,Bolsão d'água em via,2020-02-05,
5.0,50826,Higienópolis,2020-02-05 18:48:50+00:00,2020-02-05 20:04:51+00:00,Curto,Linha amarela - alt. saída 9 - higienópolis - sent. fundão,Baixo,-22.871089,-43.2616827,Fechado,Bolsão d'água em via,2020-02-05,
5.0,51138,Cidade de deus,2020-02-11 18:28:24+00:00,2020-02-11 18:51:57+00:00,Curto,"Rua edgard werneck, 1588 - cidade de deus - sent. taquara",Baixo,-22.948127,-43.360115,Fechado,Bolsão d'água em via,2020-02-11,
5.0,51746,Gardênia azul,2020-02-29 22:46:17+00:00,2020-03-01 00:00:28+00:00,Curto,"Av. ayrton senna, alt. barra music - gardênia azul - sent. linha amarela",Baixo,-22.961922,-43.356938,Fechado,Bolsão d'água em via,2020-02-29,
5.0,51745,Jardim america,2020-02-29 22:37:27+00:00,2020-03-01 00:48:42+00:00,Curto,Rua ronda alta - guaratiba (jardim maravilha),Baixo,-22.811487,-43.3207177,Fechado,Bolsão d'água em via,2020-02-29,
5.0,50671,Jardim sulacap,2020-02-03 06:27:46+00:00,2020-02-03 09:35:08+00:00,Curto,R. fernandes sampaio - alt. n° 419 - jardim sulacap - sent. taquara,Baixo,-22.890377,-43.394087,Fechado,Bolsão d'água em via,2020-02-03,
5.0,50576,Penha circular,2020-02-01 18:12:37+00:00,2020-02-01 20:24:38+00:00,Curto,Av. brasil - alt. passarela 17 - penha - sent. z oeste,Baixo,-22.8299097,-43.2704051,Fechado,Bolsão d'água em via,2020-02-01,
5.0,51039,Penha circular,2020-02-10 16:53:11+00:00,2020-02-10 17:44:53+00:00,Curto,"Av. braz de pina, 550 - alt. rua jacarau - sent. penha - penha circular",Baixo,-22.8377598,-43.2881707,Fechado,Bolsão d'água em via,2020-02-10,
5.0,51031,Penha circular,2020-02-10 16:27:38+00:00,2020-02-10 17:56:32+00:00,Curto,"Av. braz de pina, 550 - penha circular",Baixo,-22.8377598,-43.2881707,Fechado,Bolsão d'água em via,2020-02-10,
5.0,51034,Barra da tijuca,2020-02-10 16:31:55+00:00,2020-02-10 17:47:14+00:00,Curto,Av. armando lombardi - alt. aldo bonadei - barra,Baixo,-23.0066933,-43.3106674,Fechado,Bolsão d'água em via,2020-02-10,
5.0,51020,Barra da tijuca,2020-02-10 15:27:42+00:00,2020-02-10 17:13:48+00:00,Curto,"Av. armando lombardi, alt. acesso barra point - barra da tijuca - sent. recreio",Baixo,,,Fechado,Bolsão d'água em via,2020-02-10,
5.0,51742,Barra da tijuca,2020-02-29 22:09:21+00:00,2020-03-01 10:01:41+00:00,Curto,"Av. armando lombardi, alt. acesso barra point - barra da tijuca",Baixo,-23.0068307,-43.3107119,Fechado,Bolsão d'água em via,2020-02-29,
5.0,51099,Barra da tijuca,2020-02-10 23:54:58+00:00,2020-02-11 07:20:18+00:00,Curto,Av. ministro ivan lins - alt. ibis  - barra da tijuca - sent. são conrado.,Baixo,-23.0129114,-43.2978112,Fechado,Bolsão d'água em via,2020-02-10,
5.0,51026,Barra da tijuca,2020-02-10 15:55:07+00:00,2020-02-10 20:05:47+00:00,Curto,Av. min. ivan lins - alt. ponte da joatinga - barra ,Baixo,-23.0129114,-43.2978112,Fechado,Bolsão d'água em via,2020-02-10,
5.0,51030,Barra da tijuca,2020-02-10 16:23:45+00:00,2020-02-10 20:29:52+00:00,Curto,"Av. das américas, 487 - barra ",Baixo,-23.0057222,-43.3199305,Fechado,Bolsão d'água em via,2020-02-10,
5.0,51519,Barra da tijuca,2020-02-21 19:51:42+00:00,2020-02-21 23:20:17+00:00,Curto,"Av. armando lombardi, alt. acesso barra point - barra - sent. recreio",Baixo,-23.0068307,-43.3107119,Fechado,Bolsão d'água em via,2020-02-21,
5.0,51100,Barra da tijuca,2020-02-11 00:06:22+00:00,2020-02-11 06:11:10+00:00,Curto,Av. armando lombardi - alt. metro jardim oceânico  - barra da tijuca,Baixo,-23.0066933,-43.3106674,Fechado,Bolsão d'água em via,2020-02-11,
5.0,50645,Barra da tijuca,2020-02-03 00:00:58+00:00,2020-02-03 15:00:28+00:00,Curto,Barra point - mergulhinho - barra da tijuca,Baixo,-23.0064096,-43.3093616,Fechado,Bolsão d'água em via,2020-02-03,
5.0,50860,Barra da tijuca,2020-02-06 10:12:48+00:00,2020-02-06 12:25:19+00:00,Curto,Mergulhão y - barra - sent. linha amarela,Baixo,-22.9999128,-43.3634722,Fechado,Bolsão d'água em via,2020-02-06,
5.0,50737,Barra da tijuca,2020-02-03 23:21:36+00:00,2020-02-04 12:41:01+00:00,Curto,"Mergulhão billy blanco "" y "" - barra da tijuca",Baixo,-22.9976374,-43.3667707,Fechado,Bolsão d'água em via,2020-02-03,
5.0,50625,Barra da tijuca,2020-02-02 21:40:53+00:00,2020-02-03 03:52:51+00:00,Curto,Av. min. ivan lins - alt. hotel ibis - barra da tijuca - sent. gávea,Baixo,-23.0125542,-43.2995624,Fechado,Bolsão d'água em via,2020-02-02,
5.0,51520,Barra da tijuca,2020-02-21 20:23:19+00:00,2020-02-21 23:19:54+00:00,Curto,"Av. das américas, 505 - barra da tijuca - sent. são conrado",Baixo,-23.0050581,-43.321236,Fechado,Bolsão d'água em via,2020-02-21,
5.0,51021,Barra da tijuca,2020-02-10 15:28:46+00:00,2020-02-10 17:59:19+00:00,Curto,"Av. das américas, 243 - barra da tijuca - alt. av. afonso arinos de mello franco - sent. são conrado",Baixo,-23.003486,-43.324393,Fechado,Bolsão d'água em via,2020-02-10,
5.0,51018,Barra da tijuca,2020-02-10 15:26:38+00:00,2020-02-10 17:15:38+00:00,Curto,"Estr. da barra da tijuca, 793 - barra da tijuca - sent. alto",Baixo,-23.0007078,-43.3082898,Fechado,Bolsão d'água em via,2020-02-10,
5.0,50630,Barra da tijuca,2020-02-02 22:18:39+00:00,2020-02-03 01:50:21+00:00,Curto,Av. armando lombardi - alt. metro - barra da tijuca - sent. recreio,Baixo,-23.0066933,-43.3106674,Fechado,Bolsão d'água em via,2020-02-02,
5.0,51101,Barra da tijuca,2020-02-11 00:13:26+00:00,2020-02-11 04:50:05+00:00,Curto,Avenida ministro ivan lins - alt. metro jardim oceânico -  barra da tijuca - sent. são conrado.,Baixo,-23.0129114,-43.2978112,Fechado,Bolsão d'água em via,2020-02-11,
5.0,51115,Barra da tijuca,2020-02-11 05:41:38+00:00,2020-02-11 05:56:49+00:00,Curto,Av. armando lombardi - alt. barra point - barra da tijuca - sent. são conrado,Baixo,-23.0066933,-43.3106674,Fechado,Bolsão d'água em via,2020-02-11,
5.0,50834,Barra da tijuca,2020-02-05 20:13:48+00:00,2020-02-05 20:43:28+00:00,Curto,Avenida min. ivan lins - barra da tijuca - sent. são conrado ,Baixo,-23.0129114,-43.2978112,Fechado,Bolsão d'água em via,2020-02-05,
5.0,51025,Barra da tijuca,2020-02-10 15:42:28+00:00,2020-02-10 16:45:21+00:00,Curto,(mergulhinho) av. armando lombardi -  barra da tijuca ,Baixo,-23.0068307,-43.3107119,Fechado,Bolsão d'água em via,2020-02-10,
5.0,50730,Barra da tijuca,2020-02-03 19:51:09+00:00,2020-02-04 04:06:48+00:00,Curto,Av. ministro ivan lins - alt. ibis - barra da tijuca - sent. gávea,Baixo,-23.0129114,-43.2978112,Fechado,Bolsão d'água em via,2020-02-03,
5.0,50617,Barra da tijuca,2020-02-02 21:03:48+00:00,2020-02-02 22:26:17+00:00,Curto,Av. ayrton senna - alt. senac  - barra da tijuca - ambos os sentidos,Baixo,-22.9829389,-43.3653695,Fechado,Bolsão d'água em via,2020-02-02,
5.0,50585,Parada de lucas,2020-02-01 19:47:39+00:00,2020-02-01 22:24:00+00:00,Curto,"Av. brasil, alt. vd. parada de lucas - sent. z. oeste",Baixo,-22.8202277,-43.312853,Fechado,Bolsão d'água em via,2020-02-01,
5.0,50746,Parada de lucas,2020-02-04 06:35:07+00:00,2020-02-04 10:20:22+00:00,Curto,Av. brasil - alt. viaduto de  parada de lucas - sent. centro,Baixo,-22.816922,-43.304764,Fechado,Bolsão d'água em via,2020-02-04,
5.0,51055,Jardim guanabara,2020-02-10 17:34:48+00:00,2020-02-10 20:30:06+00:00,Curto,R. colina - jardim guanabara,Baixo,-22.8061498,-43.2069225,Fechado,Bolsão d'água em via,2020-02-10,
5.0,51096,São cristóvão,2020-02-10 21:13:26+00:00,2020-02-10 21:41:38+00:00,Curto,Av. rotary internacional - alt. rua catalão - são cristóvão,Baixo,-22.9036516,-43.2244556,Fechado,Bolsão d'água em via,2020-02-10,
5.0,51083,São cristóvão,2020-02-10 19:41:24+00:00,2020-02-10 21:13:19+00:00,Curto,Campo de são cristóvão - são cristóvão,Baixo,-22.8966723,-43.2215448,Fechado,Bolsão d'água em via,2020-02-10,
5.0,50806,Praca da bandeira,2020-02-05 17:54:02+00:00,2020-02-05 20:00:30+00:00,Curto,R. teixera soares - alt. r. pará - praca da bandeira,Baixo,-22.9112126,-43.2168515,Fechado,Bolsão d'água em via,2020-02-05,
5.0,51079,Praca da bandeira,2020-02-10 19:33:42+00:00,2020-02-10 20:38:49+00:00,Curto,"R. paraíba, 36 - praca da bandeira",Baixo,-22.9116644,-43.2166446,Fechado,Bolsão d'água em via,2020-02-10,
5.0,51333,São francisco xavier,2020-02-16 20:59:50+00:00,2020-02-16 21:40:48+00:00,Curto,R. vinte e quatro de maio - alt. buraco do padre - são francisco xavier,Baixo,-22.9022738,-43.2586439,Fechado,Bolsão d'água em via,2020-02-16,
5.0,51127,Recreio dos bandeirantes,2020-02-11 09:30:15+00:00,2020-02-11 21:29:26+00:00,Curto,Av. alfredo balthazar da silveira - alt. av. glaucio gil - recreio,Baixo,-23.0146623,-43.4465908,Fechado,Bolsão d'água em via,2020-02-11,
5.0,51085,Freguesia (ilha do governador),2020-02-10 19:45:39+00:00,2020-02-11 01:39:49+00:00,Curto,R. pio dutra - freguesia (ilha do governador),Baixo,-22.7927046,-43.1743914,Fechado,Bolsão d'água em via,2020-02-10,
5.0,50573,Cidade universitária da universidade federal do rio de janeiro,2020-02-01 17:45:50+00:00,2020-02-01 18:09:05+00:00,Curto,Linha vermelha - km 7 - cidade universitária - sent. baixada,Baixo,-22.83933937100154,-43.24181636184081,Fechado,Bolsão d'água em via,2020-02-01,
6.0,50675,Acari,2020-02-03 07:21:12+00:00,2020-02-13 19:23:16+00:00,Medio,Região de acari,Baixo,-22.8255312,-43.34446,Fechado,Alagamento,2020-02-03,
6.0,51056,Tauá,2020-02-10 17:37:30+00:00,2020-02-11 08:43:54+00:00,Curto,R. escultor leão veloso - entre r. demétrio de toledo e r. soldado wandel sarmento - tauá,Baixo,-22.794465,-43.186084,Fechado,Alagamento,2020-02-10,
6.0,51091,Centro,2020-02-10 20:09:30+00:00,2020-02-10 20:59:38+00:00,Curto,Avenida mem de sá - alt. rep. do paraguai - centro,Baixo,-22.9136424,-43.1792718,Fechado,Alagamento,2020-02-10,
6.0,51080,Centro,2020-02-10 19:35:35+00:00,2020-02-10 21:09:54+00:00,Curto,"Rua tadeu kosciusco, 59 - centro",Baixo,-22.9144953,-43.1882955,Fechado,Alagamento,2020-02-10,
6.0,51089,Realengo,2020-02-10 19:58:41+00:00,2020-02-10 21:18:01+00:00,Curto,Av. de santa cruz - alt. rua do imperador - realengo,Baixo,-22.8778932,-43.4366704,Fechado,Alagamento,2020-02-10,
6.0,51029,Guaratiba,2020-02-10 16:08:15+00:00,2020-02-10 23:49:39+00:00,Curto,Av. campo mourão - jardim maravilha,Baixo,-22.9621113,-43.605299,Fechado,Alagamento,2020-02-10,
6.0,51032,Guaratiba,2020-02-10 16:29:01+00:00,2020-02-11 08:43:59+00:00,Curto,Estr. do magarça - jardim maravilha,Baixo,-22.9579049,-43.6108922,Fechado,Alagamento,2020-02-10,
6.0,51087,São cristóvão,2020-02-10 19:46:38+00:00,2020-02-10 20:31:43+00:00,Curto,R. bela - entre r. ricardo machado e campo de são cristóvão - são cristóvão,Baixo,-22.88534,-43.227479,Fechado,Alagamento,2020-02-10,
31.0,50646,Bangu,2020-02-03 00:07:23+00:00,2020-02-03 02:51:48+00:00,Curto,Rua silva cardoso - alt. av. santa cruz - bangu,Baixo,-22.8811256,-43.4636281,Fechado,Alagamento,2020-02-03,
31.0,50637,Bangu,2020-02-02 23:07:24+00:00,2020-02-03 02:39:39+00:00,Curto,Praça guilherme da silveira - alt. r. istambul - bangu,Baixo,-22.8745565,-43.4565175,Fechado,Alagamento,2020-02-02,
31.0,50642,Bangu,2020-02-02 23:47:34+00:00,2020-02-03 03:48:49+00:00,Curto,Estr. da água branca - alt. fumacê  - bangu,Baixo,-22.861984,-43.458606,Fechado,Alagamento,2020-02-02,
31.0,51098,Centro,2020-02-10 22:38:43+00:00,2020-02-10 23:31:57+00:00,Curto,R. dos arcos x rua do lavradio,Baixo,-22.9118475,-43.1821789,Fechado,Alagamento,2020-02-10,
31.0,50631,Irajá,2020-02-02 22:32:09+00:00,2020-02-03 02:09:10+00:00,Curto,Av. pastor martin luther king junior - alt. metro de acarí - irajá,Baixo,-22.8488858,-43.3214289,Fechado,Alagamento,2020-02-02,
31.0,50811,Méier,2020-02-05 18:05:28+00:00,2020-02-05 19:32:05+00:00,Curto,"R. dias da cruz, 374 - méier",Baixo,-22.904205,-43.286655,Fechado,Alagamento,2020-02-05,
31.0,50650,Pavuna,2020-02-03 00:35:00+00:00,2020-02-03 04:43:30+00:00,Curto,R. mercúrio - alt. n° 939 - pavuna,Baixo,-22.8053885,-43.35611979999999,Fechado,Alagamento,2020-02-03,
31.0,50669,Pavuna,2020-02-03 06:06:57+00:00,2020-02-03 14:19:47+00:00,Curto,R. mercúrio - alt. n° 939 - pavuna,Baixo,-22.8053885,-43.35611979999999,Fechado,Alagamento,2020-02-03,
31.0,50820,Tijuca,2020-02-05 18:26:03+00:00,2020-02-05 19:59:06+00:00,Curto,R. mariz e barros com r. felisberto de menezes,Baixo,-22.9125467,-43.21604079999999,Fechado,Alagamento,2020-02-05,
31.0,50648,Glória,2020-02-03 00:23:04+00:00,2020-02-03 03:02:04+00:00,Curto,R. do catete - alt. rua pedro américo - glória,Baixo,-22.9269656,-43.1766115,Fechado,Alagamento,2020-02-03,
31.0,50647,Glória,2020-02-03 00:17:45+00:00,2020-02-03 03:51:12+00:00,Curto,R. do catete - alt. silveira martins - glória,Baixo,-22.9269656,-43.1766115,Fechado,Alagamento,2020-02-03,
31.0,50673,Jacaré,2020-02-03 06:35:40+00:00,2020-02-07 04:11:14+00:00,Curto,Buraco do lacerda - jacaré,Baixo,-22.886436,-43.2517236,Fechado,Alagamento,2020-02-03,
31.0,50810,Andaraí,2020-02-05 18:00:28+00:00,2020-02-05 18:37:04+00:00,Curto,Rua  barão de mesquita - alt. r. paula brito - andaraí,Baixo,-22.9245448,-43.2520213,Fechado,Alagamento,2020-02-05,
31.0,50649,Realengo,2020-02-03 00:28:09+00:00,2020-02-03 03:21:41+00:00,Curto,Praça do canhão - rua marechal soares de andréia - realengo,Baixo,-22.8758132,-43.4291023,Fechado,Alagamento,2020-02-03,
31.0,50636,Guaratiba,2020-02-02 23:03:57+00:00,2020-02-03 02:47:43+00:00,Curto,Estr. da pedra - alt. estação pingo d'água - guaratiba,Baixo,-22.968175,-43.6478602,Fechado,Alagamento,2020-02-02,
31.0,50819,Maracanã,2020-02-05 18:23:11+00:00,2020-02-05 19:56:59+00:00,Curto,"R. prof. euríco rabêlo, 222 - maracanã",Baixo,-22.9123044,-43.2336945,Fechado,Alagamento,2020-02-05,
31.0,50665,Manguinhos,2020-02-03 03:26:56+00:00,2020-02-03 05:03:17+00:00,Curto,Av. brasil - alt. viaduto ataulfo alves - manguinhos - sent. z. oeste,Baixo,-22.8850574,-43.2351722,Fechado,Alagamento,2020-02-03,
31.0,50652,Manguinhos,2020-02-03 00:42:33+00:00,2020-02-03 01:54:00+00:00,Curto,Av. brasil - alt. canal do cunha  - manguinhos - sent. centro,Baixo,-22.879689,-43.24010579999999,Fechado,Alagamento,2020-02-03,
31.0,50837,Manguinhos,2020-02-05 21:43:05+00:00,2020-02-05 23:15:48+00:00,Curto,"Av. brasil, alt. fiocruz - manguinhos - sent. z. oeste",Baixo,-22.875704,-43.242977,Fechado,Alagamento,2020-02-05,
31.0,50796,Praça seca,2020-02-05 17:35:13+00:00,2020-02-05 18:55:03+00:00,Curto,"R. baronesa, 637 - praça seca",Baixo,-22.8976427,-43.35055330000001,Fechado,Alagamento,2020-02-05,
31.0,50814,Vila isabel,2020-02-05 18:13:37+00:00,2020-02-05 19:53:15+00:00,Curto,R. alexandre calaza - vila isabel,Baixo,-22.9184906,-43.2599066,Fechado,Alagamento,2020-02-05,
31.0,50815,Engenho novo,2020-02-05 18:12:16+00:00,2020-02-05 19:26:44+00:00,Curto,"R. vinte e quatro de maio, 905 - engenho novo",Baixo,-22.9027625,-43.2674696,Fechado,Alagamento,2020-02-05,
31.0,50830,Padre miguel,2020-02-05 19:29:18+00:00,2020-02-05 21:19:32+00:00,Curto,Av. brasil - alt. linha vermelha - sent. centro ,Baixo,-22.8612161,-43.4522437,Fechado,Alagamento,2020-02-05,
31.0,50643,Bento ribeiro,2020-02-02 23:52:32+00:00,2020-02-03 03:17:45+00:00,Curto,R. araraquara - alt. rua cap. pires -  bento ribeiro,Baixo,-22.8711279,-43.3592157,Fechado,Alagamento,2020-02-02,
31.0,50641,Bento ribeiro,2020-02-02 23:44:06+00:00,2020-02-03 03:54:58+00:00,Curto,Rua joão vicente - alt. estação marechal hermes - bento ribeiro,Baixo,-22.8646994,-43.3614329,Fechado,Alagamento,2020-02-02,
31.0,50658,Rocha miranda,2020-02-03 01:33:44+00:00,2020-02-03 02:46:52+00:00,Curto,R. dos diamantes - alt. n° 61 - rocha miranda,Baixo,-22.8530617,-43.3518492,Fechado,Alagamento,2020-02-03,
31.0,50651,Honório gurgel,2020-02-03 00:37:43+00:00,2020-02-03 02:07:23+00:00,Curto,R. tacaratu - alt. 9° bpm - honório gurgel,Baixo,-22.8521945,-43.3566598,Fechado,Alagamento,2020-02-03,
31.0,50653,Senador camará,2020-02-03 00:56:30+00:00,2020-02-03 03:49:54+00:00,Curto,Av. de santa cruz - alt. cônego de vasconcelos,Baixo,-22.8821374,-43.4825034,Fechado,Alagamento,2020-02-03,
31.0,50823,Todos os santos,2020-02-05 18:44:54+00:00,2020-02-05 19:25:07+00:00,Curto,Av. amaro cavalcanti - alt. est. méier - todos os santos,Baixo,-22.8973119,-43.2859188,Fechado,Alagamento,2020-02-05,
31.0,50802,São cristóvão,2020-02-05 17:46:31+00:00,2020-02-05 19:51:12+00:00,Curto,"R. são luiz gonzaga, 305 - são cristóvão",Baixo,-22.9004176,-43.2252763,Fechado,Alagamento,2020-02-05,
31.0,50816,São cristóvão,2020-02-05 18:14:56+00:00,2020-02-05 19:27:03+00:00,Curto,Rua general argolo - são cristóvão,Baixo,-22.8954569,-43.2259622,Fechado,Alagamento,2020-02-05,
31.0,50805,São cristóvão,2020-02-05 17:53:07+00:00,2020-02-05 21:37:45+00:00,Curto,"Campo de são cristóvão, 292 - são cristóvão",Baixo,-22.8974756,-43.2222265,Fechado,Alagamento,2020-02-05,
31.0,50821,São cristóvão,2020-02-05 18:32:48+00:00,2020-02-05 21:38:18+00:00,Curto,R. ricardo machado - são cristóvão,Baixo,-22.8891972,-43.2280308,Fechado,Alagamento,2020-02-05,
31.0,50833,São cristóvão,2020-02-05 20:11:47+00:00,2020-02-05 21:39:42+00:00,Curto,R. bela - são cristóvão,Baixo,-22.8895567,-43.2238795,Fechado,Alagamento,2020-02-05,
31.0,50827,Praca da bandeira,2020-02-05 19:08:52+00:00,2020-02-05 20:26:55+00:00,Curto,Av. oswaldo aranha - praca da bandeira - ambos os sentidos,Baixo,-22.9102021,-43.2122385,Fechado,Alagamento,2020-02-05,
32.0,50696,Realengo,2020-02-03 12:03:32+00:00,2020-02-04 10:38:25+00:00,Curto,R. eng. miranda ribeiro - realengo,Baixo,-22.8759405,-43.426595,Fechado,Alagamento,2020-02-03,
32.0,50812,Maracanã,2020-02-05 18:05:54+00:00,2020-02-05 19:52:46+00:00,Curto,Av. maracanã - alt. r. mata machado  - maracanã,Baixo,-22.9122621,-43.226602,Fechado,Alagamento,2020-02-05,
33.0,51014,Pechincha,2020-02-10 15:15:36+00:00,2020-02-10 15:54:37+00:00,Curto,"Largo do pechincha, 38 - pechincha",Baixo,-22.9289985,-43.3547713,Fechado,Lâmina d'água,2020-02-10,
33.0,50621,Barra da tijuca,2020-02-02 21:28:07+00:00,2020-02-03 01:57:03+00:00,Curto,Mergulhão u - av. ayrton senna - barra da tijuca,Baixo,-22.9953162,-43.3657567,Fechado,Lâmina d'água,2020-02-02,
5.0,44191,Lagoa,2019-07-04 15:41:09+00:00,2019-07-04 18:44:18+00:00,Curto,"Av. epitácio pessoa, alt. parque da catacumba - lagoa",Baixo,-22.9722932,-43.2035247,Fechado,Bolsão d'água em via,2019-07-04,
5.0,44274,Gávea,2019-07-06 07:28:40+00:00,2019-07-06 09:53:31+00:00,Curto,R. min. raul machado - gávea,Baixo,-22.9787762,-43.2219715,Fechado,Bolsão d'água em via,2019-07-06,
5.0,44285,Leblon,2019-07-06 20:09:02+00:00,2019-07-07 22:00:14+00:00,Curto,Delfim moreira alt. av. bartolomeu mitre - leblon,Baixo,-22.9869951,-43.22154469999998,Fechado,Bolsão d'água em via,2019-07-06,
5.0,44189,Rocinha,2019-07-04 15:09:39+00:00,2019-07-04 16:11:31+00:00,Curto,Autoestrada lagoa-barra  - rocinha,Baixo,-22.9928443,-43.25211969999998,Fechado,Bolsão d'água em via,2019-07-04,
5.0,44179,Botafogo,2019-07-04 12:04:14+00:00,2019-07-04 12:47:51+00:00,Curto,R. pinheiro guimarães alt. real grandeza- botafogo,Baixo,-22.9579914,-43.1917881,Fechado,Bolsão d'água em via,2019-07-04,
5.0,44180,Botafogo,2019-07-04 12:10:06+00:00,2019-07-04 14:24:33+00:00,Curto,R. rodrigo de brito - alt. da alvaro ramos- botafogo,Baixo,-22.9553559,-43.18298329999999,Fechado,Bolsão d'água em via,2019-07-04,
5.0,44182,Copacabana,2019-07-04 12:41:15+00:00,2019-07-04 13:14:02+00:00,Curto,"Rua siqueira campos, alt. r. tonelero - copacabana",Baixo,-22.9664282,-43.18705820000002,Fechado,Bolsão d'água em via,2019-07-04,
5.0,44275,São conrado,2019-07-06 07:54:23+00:00,2019-07-06 10:21:56+00:00,Curto,R. gen. olímpio mourão filho - são conrado,Baixo,-22.9929246,-43.25395900000001,Fechado,Bolsão d'água em via,2019-07-06,
5.0,44228,São conrado,2019-07-05 11:46:01+00:00,2019-07-05 18:16:13+00:00,Curto,R. gen. olímpio mourão filho - são conrado,Baixo,-22.9929246,-43.25395900000001,Fechado,Bolsão d'água em via,2019-07-05,
5.0,44181,Jardim botânico,2019-07-04 12:11:58+00:00,2019-07-04 12:27:32+00:00,Curto,"R. jardim botânico, 178 - jardim botânico",Baixo,-22.9603578,-43.20713369999999,Fechado,Bolsão d'água em via,2019-07-04,
5.0,44278,Recreio dos bandeirantes,2019-07-06 09:27:12+00:00,2019-07-06 18:46:04+00:00,Curto,Av. glaucio gil - recreio - alt. r. prof. hermes lima ,Baixo,-23.0226239,-43.4579415,Fechado,Bolsão d'água em via,2019-07-06,
5.0,2447,Sem bairro,2015-12-07 08:55:31+00:00,2015-12-07 09:22:17+00:00,Desconhecido,"R. prof. alfredo colombo, 607-639 - barra da tijuca",Baixo,-23.0062857,-43.38881700000002,Fechado,Bolsão d'água em via,2015-12-07,
5.0,2440,Sem bairro,2015-12-07 08:06:22+00:00,2015-12-07 15:38:35+00:00,Desconhecido,"Av. brasil, 13700 - parada de lucas",Baixo,-22.8142938,-43.29368999999997,Fechado,Bolsão d'água em via,2015-12-07,
5.0,2452,Sem bairro,2015-12-07 09:01:58+00:00,2015-12-07 09:27:56+00:00,Desconhecido,"Av. salvador allende, 2016 - recreio dos bandeirantes",Baixo,-22.983226,-43.411682600000006,Fechado,Bolsão d'água em via,2015-12-07,
5.0,2450,Sem bairro,2015-12-07 08:56:29+00:00,2015-12-07 09:29:06+00:00,Desconhecido,"Av. das américas, 1245 - barra da tijuca",Baixo,-23.0021598,-43.3279819,Fechado,Bolsão d'água em via,2015-12-07,
5.0,2449,Sem bairro,2015-12-07 08:56:12+00:00,2015-12-07 09:25:21+00:00,Desconhecido,"Av. das américas, 4000 - barra da tijuca",Baixo,-22.9999969,-43.36617849999999,Fechado,Bolsão d'água em via,2015-12-07,
5.0,2445,Sem bairro,2015-12-07 08:54:57+00:00,2015-12-07 10:09:13+00:00,Desconhecido,"R. pinheiro machado, 130 - laranjeiras",Baixo,-22.9370318,-43.18374169999999,Fechado,Bolsão d'água em via,2015-12-07,
5.0,2441,Sem bairro,2015-12-07 08:53:20+00:00,2015-12-07 10:09:05+00:00,Desconhecido,"Corredor brt transcarioca, 13 - jacarepaguá",Baixo,-22.9728031,-43.385914000000014,Fechado,Bolsão d'água em via,2015-12-07,
5.0,2451,Sem bairro,2015-12-07 08:57:01+00:00,2015-12-07 10:09:19+00:00,Desconhecido,"Av. das américas, 5777 - barra da tijuca",Baixo,-23.0006261,-43.37083010000004,Fechado,Bolsão d'água em via,2015-12-07,
5.0,2448,Sem bairro,2015-12-07 08:55:54+00:00,2015-12-07 09:24:35+00:00,Desconhecido,"Av. salvador allende, 2471-3335 - recreio dos bandeirantes",Baixo,-22.9661867,-43.39675449999999,Fechado,Bolsão d'água em via,2015-12-07,
5.0,2456,Sem bairro,2015-12-07 10:09:54+00:00,2015-12-07 11:10:03+00:00,Desconhecido,R. cmte. garcia pires - santo cristo,Baixo,-22.9004032,-43.209156500000006,Fechado,Bolsão d'água em via,2015-12-07,
5.0,2454,Sem bairro,2015-12-07 09:12:46+00:00,2015-12-07 10:09:31+00:00,Desconhecido,"Av. francisco bicalho, 4490-4578 - santo cristo",Baixo,-22.9050223,-43.2095329,Fechado,Bolsão d'água em via,2015-12-07,
5.0,2444,Sem bairro,2015-12-07 08:54:39+00:00,2015-12-07 09:23:15+00:00,Desconhecido,"Av. brasil, 380 - maré",Baixo,-22.8413108,-43.25250459999995,Fechado,Bolsão d'água em via,2015-12-07,
5.0,2442,Sem bairro,2015-12-07 08:53:45+00:00,2015-12-07 09:20:22+00:00,Desconhecido,Av. dom joao vi - guaratiba,Baixo,-22.9942987,-43.59603200000004,Fechado,Bolsão d'água em via,2015-12-07,
5.0,2446,Sem bairro,2015-12-07 08:55:12+00:00,2015-12-07 09:21:36+00:00,Desconhecido,"R. muniz barreto, 51 - botafogo",Baixo,-22.9425123,-43.18277810000001,Fechado,Bolsão d'água em via,2015-12-07,
5.0,2443,Sem bairro,2015-12-07 08:54:18+00:00,2015-12-07 09:19:34+00:00,Desconhecido,"Av. das américas, 4000 - barra da tijuca",Baixo,-22.9999969,-43.36617849999999,Fechado,Bolsão d'água em via,2015-12-07,
5.0,37446,Sem bairro,2018-12-07 14:47:47+00:00,2018-12-07 15:31:54+00:00,Desconhecido,Praça sibélius - gávea,Baixo,,,Fechado,Bolsão d'água em via,2018-12-07,
5.0,37450,Sem bairro,2018-12-07 15:09:24+00:00,2018-12-07 18:18:20+00:00,Desconhecido,Rua prof. abelardo lobo - lagoa,Baixo,,,Fechado,Bolsão d'água em via,2018-12-07,
5.0,37447,Sem bairro,2018-12-07 14:51:34+00:00,2018-12-07 16:33:00+00:00,Desconhecido,"Av. armando lombardi, alt. barra point - barra da tijuca",Baixo,,,Fechado,Bolsão d'água em via,2018-12-07,
5.0,37449,Sem bairro,2018-12-07 14:59:47+00:00,2018-12-07 15:28:14+00:00,Desconhecido,"Rua general polidoro, alt. r. real grandeza - botafogo",Baixo,,,Fechado,Bolsão d'água em via,2018-12-07,
5.0,37456,Sem bairro,2018-12-07 17:59:29+00:00,2018-12-07 18:33:49+00:00,Desconhecido,"R. dr. satamini, alt.  praça afonso pena - tijuca",Baixo,-22.9184858,-43.21788989999999,Fechado,Bolsão d'água em via,2018-12-07,
5.0,37448,Sem bairro,2018-12-07 14:54:10+00:00,2018-12-07 19:38:21+00:00,Desconhecido,"R. saturnino de brito, alt. av. borges de medeiros - lagoa",Baixo,,,Fechado,Bolsão d'água em via,2018-12-07,
5.0,37430,Sem bairro,2018-12-07 04:52:11+00:00,2018-12-07 09:58:36+00:00,Desconhecido,Av. brasil - alt. pradas de lucas,Baixo,-22.8612161,-43.4522437,Fechado,Bolsão d'água em via,2018-12-07,
5.0,37429,Sem bairro,2018-12-07 03:58:49+00:00,2018-12-07 05:38:46+00:00,Desconhecido,Av. brasil - alt viad. ataulfo alves - benfica,Baixo,-22.8612161,-43.4522437,Fechado,Bolsão d'água em via,2018-12-07,
5.0,37490,Sem bairro,2018-12-08 11:48:33+00:00,2018-12-08 16:45:19+00:00,Desconhecido,Av. brasil - parada de lucas,Baixo,-22.8159819,-43.30241920000003,Fechado,Bolsão d'água em via,2018-12-08,
5.0,37469,Sem bairro,2018-12-08 04:35:54+00:00,2018-12-08 07:44:40+00:00,Desconhecido,"Av. borges de medeiros, alt. praça marcos tamoyo - lagoa",Baixo,-22.96257393650891,-43.20499717749021,Fechado,Bolsão d'água em via,2018-12-08,
5.0,37475,Sem bairro,2018-12-08 06:27:38+00:00,2018-12-08 11:59:54+00:00,Desconhecido,"Av. brasil, 500 - caju - alt. do into",Baixo,-22.8347108,-43.2611268,Fechado,Bolsão d'água em via,2018-12-08,
5.0,37709,Sem bairro,2018-12-16 10:35:50+00:00,2018-12-16 17:47:24+00:00,Desconhecido,"Rod. gov. mário covas, 373 - parada de lucas",Baixo,-22.8159819,-43.30241920000003,Fechado,Bolsão d'água em via,2018-12-16,
5.0,37926,Sem bairro,2018-12-24 12:53:25+00:00,2018-12-24 14:43:32+00:00,Desconhecido,Autoestrada eng. fernando mac dowell - alt. da rocinha,Baixo,-22.99713749038997,-43.26275982394259,Fechado,Bolsão d'água em via,2018-12-24,
5.0,37927,Sem bairro,2018-12-24 12:59:06+00:00,2018-12-24 14:56:18+00:00,Desconhecido,Av. rodolfo amoedo - barra ,Baixo,-23.0095929,-43.316947200000016,Fechado,Bolsão d'água em via,2018-12-24,
5.0,37950,Sem bairro,2018-12-24 15:38:09+00:00,2018-12-24 17:50:01+00:00,Desconhecido,R. morais e silva - maracanã,Baixo,-22.9145614,-43.22393099999999,Fechado,Bolsão d'água em via,2018-12-24,
5.0,37944,Sem bairro,2018-12-24 14:18:31+00:00,2018-12-24 16:38:02+00:00,Desconhecido, av. presidente vargas alt. cass  - cidade nova,Baixo,-22.9096217,-43.20624429999998,Fechado,Bolsão d'água em via,2018-12-24,
5.0,37938,Sem bairro,2018-12-24 13:51:58+00:00,2018-12-24 15:23:36+00:00,Desconhecido,Av. ayrton senna - jpa - alt. da vila do pan,Baixo,-22.9696502,-43.35970639999999,Fechado,Bolsão d'água em via,2018-12-24,
5.0,37941,Sem bairro,2018-12-24 14:12:29+00:00,2018-12-24 14:16:16+00:00,Desconhecido,"R. baronesa, altura da pedro teles - praça seca",Baixo,-22.898612,-43.34960000000001,Fechado,Bolsão d'água em via,2018-12-24,
5.0,37930,Sem bairro,2018-12-24 13:11:18+00:00,2018-12-24 16:35:31+00:00,Desconhecido,Av. brasil - caju - alt. da linha vermelha,Baixo,-22.8884087,-43.223586299999965,Fechado,Bolsão d'água em via,2018-12-24,
5.0,37937,Sem bairro,2018-12-24 13:45:37+00:00,2018-12-24 15:28:52+00:00,Desconhecido,R. marquês de olinda - botafogo - alt. r. muniz barreto,Baixo,-22.9437969,-43.183967199999984,Fechado,Bolsão d'água em via,2018-12-24,
5.0,37931,Sem bairro,2018-12-24 13:20:15+00:00,2018-12-24 16:47:10+00:00,Desconhecido,R. bela - são cristóvão,Baixo,-22.8895567,-43.22387950000001,Fechado,Bolsão d'água em via,2018-12-24,
5.0,37933,Sem bairro,2018-12-24 13:31:45+00:00,2018-12-24 15:35:03+00:00,Desconhecido,Estr. da bica - ilha do governador - alt. da garagem da ideal,Baixo,-22.8192322,-43.1884546,Fechado,Bolsão d'água em via,2018-12-24,
5.0,37952,Sem bairro,2018-12-24 15:42:50+00:00,2018-12-24 19:59:41+00:00,Desconhecido,"Estr. do rio jequiá, 1042 - zumbi - ilha do governador",Baixo,-22.8197176,-43.1824307,Fechado,Bolsão d'água em via,2018-12-24,
5.0,37946,Sem bairro,2018-12-24 14:24:47+00:00,2018-12-24 16:54:04+00:00,Desconhecido,Rua do catete  - alt. r. pedro américo - catete,Baixo,-22.92771657529395,-43.17682607672123,Fechado,Bolsão d'água em via,2018-12-24,
5.0,37923,Sem bairro,2018-12-24 12:29:24+00:00,2018-12-24 23:20:59+00:00,Desconhecido,Av. brasil - benfica - alt. do viaduto ataulfo alves,Baixo,-22.886304,-43.22956099999999,Fechado,Bolsão d'água em via,2018-12-24,
5.0,37922,Sem bairro,2018-12-24 12:23:31+00:00,2018-12-24 14:14:26+00:00,Desconhecido,R. cândido benício - pça seca - alt. do brt ipase,Baixo,-22.9046925,-43.357058,Fechado,Bolsão d'água em via,2018-12-24,
5.0,37934,Sem bairro,2018-12-24 13:36:55+00:00,2018-12-24 16:52:58+00:00,Desconhecido,Rua silveira martins - catete,Baixo,-22.925732,-43.1765863,Fechado,Bolsão d'água em via,2018-12-24,
5.0,37932,Sem bairro,2018-12-24 13:26:51+00:00,2018-12-24 18:26:55+00:00,Desconhecido,R. ricardo machado - são cristóvão,Baixo,-22.8891972,-43.2280308,Fechado,Bolsão d'água em via,2018-12-24,
5.0,37942,Sem bairro,2018-12-24 14:10:07+00:00,2018-12-24 15:56:30+00:00,Desconhecido,R. de santana x mem de sá - centro,Baixo,-22.910439,-43.192960700000015,Fechado,Bolsão d'água em via,2018-12-24,
5.0,37928,Sem bairro,2018-12-24 12:59:37+00:00,2018-12-24 15:06:33+00:00,Desconhecido,"Rua siqueira campos, altura da upa - copacabana",Baixo,-22.9664487,-43.18697550000002,Fechado,Bolsão d'água em via,2018-12-24,
5.0,37945,Sem bairro,2018-12-24 14:29:14+00:00,2018-12-24 15:20:58+00:00,Desconhecido,Praça da república - centro - alt. da r. vinte de abril,Baixo,-22.9089352,-43.18865399999999,Fechado,Bolsão d'água em via,2018-12-24,
5.0,37939,Sem bairro,2018-12-24 14:01:51+00:00,2018-12-24 14:41:17+00:00,Desconhecido,R. gen. polidoro - botafogo - alt. da r. real grandeza,Baixo,-22.9565824,-43.186886500000014,Fechado,Bolsão d'água em via,2018-12-24,
5.0,37949,Sem bairro,2018-12-24 15:15:05+00:00,2018-12-24 16:37:27+00:00,Desconhecido,"Av. brasil, alt- rodoviária - são cristóvão",Baixo,-22.8971122,-43.21327819999999,Fechado,Bolsão d'água em via,2018-12-24,
5.0,37948,Sem bairro,2018-12-24 14:58:03+00:00,2018-12-25 00:46:59+00:00,Desconhecido, av. das américas - alt. do mergulhão billy blanco - barra da tijuca,Baixo,-22.9976374,-43.36677069999996,Fechado,Bolsão d'água em via,2018-12-24,
5.0,37940,Sem bairro,2018-12-24 14:09:16+00:00,2018-12-24 16:35:47+00:00,Desconhecido,R. gen. argolo - são cristóvão,Baixo,-22.8954524,-43.22596279999999,Fechado,Bolsão d'água em via,2018-12-24,
5.0,37936,Sem bairro,2018-12-24 13:42:21+00:00,2018-12-24 15:24:48+00:00,Desconhecido,R. josé do patrocínio - grajau,Baixo,-22.916865,-43.26258300000001,Fechado,Bolsão d'água em via,2018-12-24,
5.0,37935,Sem bairro,2018-12-24 13:38:16+00:00,2018-12-24 18:27:11+00:00,Desconhecido,Av. teixeira de castro - bonsucesso,Baixo,-22.8560593,-43.2522085,Fechado,Bolsão d'água em via,2018-12-24,
5.0,37965,Sem bairro,2018-12-25 12:57:15+00:00,2018-12-25 15:22:41+00:00,Desconhecido,Av. epitácio pessoa - lagoa - alt. r. vinicius de moraes,Baixo,-22.9797904,-43.20271360000004,Fechado,Bolsão d'água em via,2018-12-25,
5.0,37998,Sem bairro,2018-12-26 19:24:00+00:00,2018-12-26 22:48:02+00:00,Desconhecido,R. barão de são francisco - alt. r. visc. de santa izabel - andarai,Baixo,-22.9195696,-43.2507852,Fechado,Bolsão d'água em via,2018-12-26,
31.0,37924,Sem bairro,2018-12-24 12:35:22+00:00,2018-12-24 14:32:39+00:00,Desconhecido,Av. brasil - maré - alt. da vila do joão,Medio,-22.859005,-43.247882600000025,Fechado,Alagamento,2018-12-24,
33.0,37468,Sem bairro,2018-12-08 04:17:55+00:00,2018-12-08 05:46:36+00:00,Desconhecido,Catete - glória,Baixo,-22.925732000000004,-43.17654338465576,Fechado,Lâmina d'água,2018-12-08,
5.0,65824,Centro,2021-09-04 06:42:11+00:00,2021-09-04 10:26:40+00:00,Curto,"Av. alfred agache, alt. iii comar - centro - sent. rodoviária",Baixo,-22.9057121,-43.1680297,Fechado,Bolsão d'água em via,2021-09-04,
5.0,65749,Ipanema,2021-09-01 06:54:42+00:00,2021-09-01 07:50:50+00:00,Curto,Av. epitácio pessoa - alt. r. vinícius de moraes - ipanema,Medio,-22.97975008187208,-43.20251085026244,Fechado,Bolsão d'água em via,2021-09-01,
5.0,65766,Taquara,2021-09-01 17:47:51+00:00,2021-09-02 14:27:26+00:00,Curto,"Estr. macembu, 93 - taquara",Baixo,-22.9240766,-43.3775777,Fechado,Bolsão d'água em via,2021-09-01,
5.0,65750,Copacabana,2021-09-01 06:58:41+00:00,2021-09-01 11:33:28+00:00,Curto,Rua tonelero - alt. r. siqueira campos - copacabana,Medio,-22.9671271,-43.1862083,Fechado,Bolsão d'água em via,2021-09-01,
33.0,65762,Madureira,2021-09-01 16:38:16+00:00,2021-09-01 23:02:24+00:00,Curto,Av. edgard romero - alt. r. conselheiro galvão - madureira,Baixo,-22.8696911,-43.3372604,Fechado,Lâmina d'água,2021-09-01,
33.0,65745,Barra da tijuca,2021-09-01 05:54:37+00:00,2021-09-01 08:36:45+00:00,Curto,Av. armando lombardi - alt. estação brt jardim oceânico - barra da tijuca - são conrado.,Baixo,-23.0066958,-43.310663,Fechado,Lâmina d'água,2021-09-01,
33.0,65744,Barra da tijuca,2021-09-01 05:47:41+00:00,2021-09-01 08:36:56+00:00,Curto,Av. armando lombardi - alt. barra point - barra da tijuca - sent. recreio,Baixo,-23.0066958,-43.310663,Fechado,Lâmina d'água,2021-09-01,
5.0,96149,Méier,2023-05-10 10:28:28+00:00,2023-05-10 10:50:08+00:00,Curto,R. medina x r. silva rabelo - méier,Baixo,-22.9002635,-43.2815886,Fechado,Bolsão d'água em via,2023-05-10,
5.0,97070,Tijuca,2023-05-29 07:03:07+00:00,2023-05-29 07:22:37+00:00,Curto,R. haddock lobo - alt. mercado prix - tijuca,Baixo,-22.9212968,-43.218647,Fechado,Bolsão d'água em via,2023-05-29,
5.0,96161,Inhoaíba,2023-05-10 12:09:03+00:00,2023-05-10 18:36:34+00:00,Curto,Estr. do campinho - alt. da dancor - inhoaíba - sent. av. brasil,Baixo,-22.8901842,-43.5954023,Fechado,Bolsão d'água em via,2023-05-10,
5.0,97057,Laranjeiras,2023-05-29 04:52:13+00:00,2023-05-29 05:42:49+00:00,Curto,"Rua do catete, alt. r. das laranjeiras - catete",Baixo,-22.9322049,-43.1817493,Fechado,Bolsão d'água em via,2023-05-29,
5.0,55435,Anil,2020-08-21 12:16:03+00:00,2020-08-21 17:56:20+00:00,Curto,"Estrada de jacarepaguá, 4450 - anil ",Baixo,-22.967469,-43.3357663,Fechado,Bolsão d'água em via,2020-08-21,
5.0,55474,Lagoa,2020-08-22 03:15:56+00:00,2020-08-22 04:37:32+00:00,Curto,Av. epitácio pessoa - alt. rua vinícius de morais - lagoa,Baixo,-22.9797182,-43.2024392,Fechado,Bolsão d'água em via,2020-08-22,
5.0,55478,Lagoa,2020-08-22 06:55:16+00:00,2020-08-22 09:23:20+00:00,Curto,Av. epitácio pessoa - alt. r. vinícius de moraes - lagoa,Baixo,-22.979582844437417,-43.20249084414978,Fechado,Bolsão d'água em via,2020-08-22,
5.0,55466,Maré,2020-08-21 23:04:41+00:00,2020-08-22 00:36:31+00:00,Curto,Av. brasil - alt. canal do cunha - maré - sent. centro,Baixo,-22.875035,-43.2425775,Fechado,Bolsão d'água em via,2020-08-21,
5.0,55467,Centro,2020-08-21 23:23:28+00:00,2020-08-22 00:14:57+00:00,Curto,"R. dos inválidos,  - centro- alt. henrique valadares",Baixo,-22.911467,-43.1848298,Fechado,Bolsão d'água em via,2020-08-21,
5.0,55469,Centro,2020-08-21 23:34:37+00:00,2020-08-22 00:13:33+00:00,Curto,Av. gomes freire - centro - alt. rua do senado.,Baixo,-22.9103994,-43.1840365,Fechado,Bolsão d'água em via,2020-08-21,
5.0,55468,Centro,2020-08-21 23:29:52+00:00,2020-08-22 01:12:13+00:00,Curto,"R. do rezende, 23 - centro",Baixo,-22.9131566,-43.1859984,Fechado,Bolsão d'água em via,2020-08-21,
5.0,55457,Tijuca,2020-08-21 19:30:56+00:00,2020-08-22 02:40:36+00:00,Curto,R. haddock lobo - alt. r. engenheiro adel - tijuca,Baixo,-22.9189507,-43.2135056,Fechado,Bolsão d'água em via,2020-08-21,
5.0,55472,Glória,2020-08-22 03:08:27+00:00,2020-08-22 06:01:49+00:00,Curto,R. do catete - alt. rua silveira martins - glória,Baixo,-22.9269656,-43.1766115,Fechado,Bolsão d'água em via,2020-08-22,
5.0,55473,Glória,2020-08-22 03:11:39+00:00,2020-08-22 05:33:22+00:00,Curto,R. do catete - alt. rua pedro américo  - glória,Baixo,-22.9269607,-43.1765742,Fechado,Bolsão d'água em via,2020-08-22,
5.0,55455,Glória,2020-08-21 19:11:47+00:00,2020-08-21 22:54:07+00:00,Curto,R. do catete - alt. r. silveira martins - glória,Baixo,-22.9269656,-43.1766115,Fechado,Bolsão d'água em via,2020-08-21,
5.0,55523,Glória,2020-08-23 15:11:19+00:00,2020-08-23 15:14:07+00:00,Curto,"Av. augusto severo, 264 - glória - sent. copacabana",Baixo,-22.9162632,-43.1765126,Fechado,Bolsão d'água em via,2020-08-23,
5.0,55456,Glória,2020-08-21 19:16:16+00:00,2020-08-21 22:55:12+00:00,Curto,R. do catete - alt. rua pedro américo - glória,Baixo,-22.9269656,-43.1766115,Fechado,Bolsão d'água em via,2020-08-21,
5.0,55485,Moneró,2020-08-22 08:34:47+00:00,2020-08-22 16:15:27+00:00,Curto,Av. do magistério - alt. clube governador iate clube  - moneró - ilha do governador,Baixo,-22.796325,-43.19371,Fechado,Bolsão d'água em via,2020-08-22,
5.0,55470,Realengo,2020-08-22 00:59:43+00:00,2020-08-22 04:29:42+00:00,Curto,R. bernardo de vasconcelos - alt. rua vieira do nascimento - realengo,Baixo,-22.875767,-43.4378415,Fechado,Bolsão d'água em via,2020-08-22,
5.0,55465,Manguinhos,2020-08-21 22:37:04+00:00,2020-08-22 01:48:30+00:00,Curto,Av. brasil - alt. passarela 05  - manguinhos - sent. z. oeste,Baixo,-22.8781176,-43.2411647,Fechado,Bolsão d'água em via,2020-08-21,
5.0,55561,Manguinhos,2020-08-24 23:56:13+00:00,2020-08-25 02:23:36+00:00,Curto,Av. brasil - alt. viad. ataúlfo  alves  - benfica - sent. z. oeste,Baixo,-22.8850574,-43.2351722,Fechado,Bolsão d'água em via,2020-08-24,
5.0,55462,Cidade nova,2020-08-21 20:54:00+00:00,2020-08-21 23:34:26+00:00,Curto,Av. pres. vargas - alt. do cass - cidade nova - sent. centro.,Baixo,-22.908516,-43.20277,Fechado,Bolsão d'água em via,2020-08-21,
5.0,55459,Cidade nova,2020-08-21 19:47:38+00:00,2020-08-22 19:50:32+00:00,Curto,Av. pres. vargas - alt. viaduto dos marinheiro - cidade nova - sent. av. francisco bicalho,Baixo,-22.909989,-43.207741,Fechado,Bolsão d'água em via,2020-08-21,
5.0,55451,Jacarepaguá,2020-08-21 17:46:54+00:00,2020-08-21 19:59:28+00:00,Curto,Av. ayrton senna - alt. abelardo bueno - jacarepaguá,Baixo,-22.9750943,-43.3632562,Fechado,Bolsão d'água em via,2020-08-21,
5.0,55450,Gardênia azul,2020-08-21 17:36:21+00:00,2020-08-21 19:21:00+00:00,Curto,Av. ayrton senna - alt. senac - gardênia azul - sent. barra,Baixo,-22.9641052,-43.3595118,Fechado,Bolsão d'água em via,2020-08-21,
5.0,55458,Jardim sulacap,2020-08-21 19:36:26+00:00,2020-08-22 16:26:32+00:00,Curto,Estr. do catonho - alt. n° 1  - jardim sulacap - ambos os sentidos,Baixo,-22.9068466,-43.3799289,Fechado,Bolsão d'água em via,2020-08-21,
5.0,55434,Vigário geral,2020-08-21 11:26:32+00:00,2020-08-21 17:11:21+00:00,Curto,R. bulhões marcial - alt. av. brasil - vigário geral ,Baixo,-22.814594307983672,-43.30099499259033,Fechado,Bolsão d'água em via,2020-08-21,
5.0,55489,Vigário geral,2020-08-22 08:49:21+00:00,2020-08-22 09:23:04+00:00,Curto,R. bulhões marcial - vigário geral,Baixo,-22.8121417,-43.3012954,Fechado,Bolsão d'água em via,2020-08-22,
5.0,55488,Barra da tijuca,2020-08-22 08:47:39+00:00,2020-08-22 10:31:14+00:00,Curto,Av. das américas - alt. viaduto orlando raso - barra - sent. transolimpica,Baixo,-23.0076006,-43.4381311,Fechado,Bolsão d'água em via,2020-08-22,
5.0,55479,Barra da tijuca,2020-08-22 07:10:05+00:00,2020-08-22 13:09:01+00:00,Curto,Av. min. ivan lins - barra da tijuca - sent. s. conrado,Baixo,-23.0129114,-43.2978112,Fechado,Bolsão d'água em via,2020-08-22,
5.0,55477,Barra da tijuca,2020-08-22 06:29:38+00:00,2020-08-22 19:49:45+00:00,Curto,"Mergulhão billy blanco "" y "" - barra da tijuca",Baixo,-22.9976374,-43.3667707,Fechado,Bolsão d'água em via,2020-08-22,
5.0,55562,Parada de lucas,2020-08-24 23:59:14+00:00,2020-08-25 01:00:37+00:00,Curto,Av. brasil - alt. posto maba - cordovil - sent. centro.,Baixo,-22.820183,-43.312802,Fechado,Bolsão d'água em via,2020-08-24,
5.0,55460,São francisco xavier,2020-08-21 20:02:27+00:00,2020-08-22 04:48:35+00:00,Curto,Av heitor beltrão - alt. rua são francisco xavier  - tijuca,Baixo,-22.9043747,-43.2436871,Fechado,Bolsão d'água em via,2020-08-21,
6.0,55487,Vargem grande,2020-08-22 08:44:47+00:00,2020-08-25 07:44:05+00:00,Curto,"Estr. ver. alceu de carvalho, 1020 - vargem grande",Baixo,-23.0111657,-43.49244330000001,Fechado,Alagamento,2020-08-22,
6.0,55544,Vargem grande,2020-08-24 10:15:29+00:00,2020-08-26 12:44:49+00:00,Curto,"R. professor silvio elia, 373 - vargem grande",Baixo,-22.9887461,-43.47639239999999,Fechado,Alagamento,2020-08-24,
33.0,55417,Manguinhos,2020-08-21 04:50:35+00:00,2020-08-21 07:38:12+00:00,Curto,Av. brasil - alt - viad. ataulfo alves - benfica - sent. z. oeste,Baixo,-22.8850574,-43.2351722,Fechado,Lâmina d'água,2020-08-21,
33.0,55446,Barra da tijuca,2020-08-21 16:09:40+00:00,2020-08-21 17:11:06+00:00,Curto,Av. das américas - alt. av. jean paul sartre - barra da tijuca - sent. recreio,Baixo,-23.000338,-43.3884956,Fechado,Lâmina d'água,2020-08-21,
33.0,55416,Barra da tijuca,2020-08-21 04:45:16+00:00,2020-08-21 06:53:26+00:00,Curto,Av. armando lombardi - alt. barra point - barra da tijuca - sent. recreio,Baixo,-23.0066933,-43.3106674,Fechado,Lâmina d'água,2020-08-21,
33.0,55448,Barra da tijuca,2020-08-21 17:30:05+00:00,2020-08-21 19:23:04+00:00,Curto,Av. armando lombardi - alt. barra point - barra da tijuca - sent. recreio,Baixo,-23.0062608,-43.3085822,Fechado,Lâmina d'água,2020-08-21,
33.0,55421,Barra da tijuca,2020-08-21 06:16:03+00:00,2020-08-21 07:36:11+00:00,Curto,Av. ayrton senna - alt. senac  - barra da tijuca - sent. linha amarela,Baixo,-22.9864264,-43.3661128,Fechado,Lâmina d'água,2020-08-21,
33.0,55306,Barra da tijuca,2020-08-16 15:06:08+00:00,2020-08-16 19:32:29+00:00,Curto,Av. das américas x ayrton senna - mergulhão y - barra da tijuca,Baixo,-22.9976374,-43.3667707,Fechado,Lâmina d'água,2020-08-16,
5.0,72329,Caju,2022-03-20 20:27:29+00:00,2022-03-20 22:12:46+00:00,Curto,"Av. brasil, alt. caju - sent. z. oeste ",Baixo,-22.8876032,-43.2240622,Fechado,Bolsão d'água em via,2022-03-20,
5.0,72779,Caju,2022-03-31 23:48:18+00:00,2022-04-01 03:27:52+00:00,Curto,Av. brasil - alt. descida viaduto do gasômetro - caju - sent. z. oeste,Baixo,-22.8876032,-43.2240622,Fechado,Bolsão d'água em via,2022-03-31,
5.0,72754,Caju,2022-03-31 22:46:30+00:00,2022-04-01 02:31:59+00:00,Curto, r. monsenhor manuel gomes - caju,Baixo,-22.888164,-43.2192856,Fechado,Bolsão d'água em via,2022-03-31,
5.0,72778,Caju,2022-03-31 23:46:15+00:00,2022-04-01 03:28:27+00:00,Curto,Av. brasil - alt. into  - caju - sent. centro,Baixo,-22.8934145,-43.2148592,Fechado,Bolsão d'água em via,2022-03-31,
5.0,72770,Caju,2022-03-31 23:29:49+00:00,2022-04-01 00:20:55+00:00,Curto,Av. brasil  - alt. caju - sent. centro,Baixo,-22.8876032,-43.2240622,Fechado,Bolsão d'água em via,2022-03-31,
5.0,72771,Caju,2022-03-31 23:32:16+00:00,2022-04-01 00:20:25+00:00,Curto,Av. brasil  - alt. caju - sent. z. oeste,Baixo,-22.8876032,-43.2240622,Fechado,Bolsão d'água em via,2022-03-31,
5.0,72776,Caju,2022-03-31 23:44:39+00:00,2022-04-01 03:25:04+00:00,Curto,Av. brasil - alt. rua josé clemente - caju - sent. centro,Baixo,-22.8876032,-43.2240622,Fechado,Bolsão d'água em via,2022-03-31,
5.0,72314,Acari,2022-03-20 18:28:56+00:00,2022-03-20 22:58:40+00:00,Curto,Praça roberto carlis - acari,Baixo,-22.8228393,-43.3417452,Fechado,Bolsão d'água em via,2022-03-20,
5.0,72333,Acari,2022-03-20 21:20:42+00:00,2022-03-20 22:57:09+00:00,Curto,R. guaiuba - acari,Baixo,-22.8229507,-43.3453471,Fechado,Bolsão d'água em via,2022-03-20,
5.0,72301,Bangu,2022-03-20 17:16:59+00:00,2022-03-20 19:07:40+00:00,Curto,R. da feira - alt. r. barão de capanema - bangu,Baixo,,,Fechado,Bolsão d'água em via,2022-03-20,
5.0,72304,Bangu,2022-03-20 17:27:56+00:00,2022-03-20 19:07:08+00:00,Curto,R. francisco real - alt. julio cesar - piscina do clube bangu - bangu,Baixo,-22.8795405,-43.4556663,Fechado,Bolsão d'água em via,2022-03-20,
5.0,72296,Bangu,2022-03-20 16:47:35+00:00,2022-03-20 23:42:58+00:00,Curto,Av. santa cruz - alt. r. ribeiro de andrade - bangu,Baixo,-22.876145674435502,-43.45603886931153,Fechado,Bolsão d'água em via,2022-03-20,
5.0,72339,Bangu,2022-03-20 22:50:45+00:00,2022-03-20 23:26:41+00:00,Curto,R. da feira - alt. av. barão de capanema - bangu,Baixo,-22.8802756,-43.4725686,Fechado,Bolsão d'água em via,2022-03-20,
5.0,72291,Bangu,2022-03-20 16:15:51+00:00,2022-03-20 19:08:59+00:00,Curto,R. da feira - alt. r. dos açudes - bangu,Baixo,-22.8802756,-43.4725686,Fechado,Bolsão d'água em via,2022-03-20,
5.0,72763,Lagoa,2022-03-31 23:03:06+00:00,2022-04-01 02:46:30+00:00,Curto,Av. epitácio pessoa - alt. rua vinícius de morais- lagoa,Alto,-22.9742628,-43.2064953,Fechado,Bolsão d'água em via,2022-03-31,
5.0,72327,Maré,2022-03-20 19:53:04+00:00,2022-03-20 22:05:13+00:00,Curto,Linha vermelha - alt. fundão - sent. baixada,Baixo,-22.8548414,-43.2387201,Fechado,Bolsão d'água em via,2022-03-20,
5.0,72766,Penha,2022-03-31 23:17:11+00:00,2022-04-01 01:49:21+00:00,Curto,R. aimoré - penha,Baixo,-22.8454793,-43.2861226,Fechado,Bolsão d'água em via,2022-03-31,
5.0,72774,Ramos,2022-03-31 23:39:29+00:00,2022-04-01 02:02:30+00:00,Curto,Av. brasil - alt. passarela 13  - ramos - sent. centro,Baixo,-22.8510278,-43.2477585,Fechado,Bolsão d'água em via,2022-03-31,
5.0,72773,Ramos,2022-03-31 23:37:32+00:00,2022-04-01 01:22:27+00:00,Curto,R. barreiros - alt. n° 21 - ramos,Baixo,-22.8508497,-43.2561086,Fechado,Bolsão d'água em via,2022-03-31,
5.0,72745,Catete,2022-03-31 22:29:23+00:00,2022-04-01 02:34:12+00:00,Curto,R. do catete - alt. rua silveira martins - catete,Alto,-22.9268156,-43.1767777,Fechado,Bolsão d'água em via,2022-03-31,
5.0,72310,Pavuna,2022-03-20 18:04:07+00:00,2022-03-23 17:45:17+00:00,Curto,Av. chrisóstomo pimentel de oliveira - pavuna,Medio,-22.8164293,-43.384932,Fechado,Bolsão d'água em via,2022-03-20,
5.0,72768,Tijuca,2022-03-31 23:24:38+00:00,2022-04-01 00:52:18+00:00,Curto,R. antônio basílio - alt. rua major ávila - tijuca,Baixo,-22.927094,-43.23837779999999,Fechado,Bolsão d'água em via,2022-03-31,
5.0,72346,Tijuca,2022-03-21 01:52:19+00:00,2022-03-21 05:27:09+00:00,Curto,Av. heitor beltrão - alt. rua são francisco xavier - tijuca,Baixo,-22.9208335,-43.2258006,Fechado,Bolsão d'água em via,2022-03-21,
5.0,72748,Tijuca,2022-03-31 22:35:54+00:00,2022-04-01 01:00:05+00:00,Curto,R. haddock lobo - alt. rua engenheiro abdel - tijuca,Medio,-22.9189372,-43.213431,Fechado,Bolsão d'água em via,2022-03-31,
5.0,72317,Tijuca,2022-03-20 18:55:07+00:00,2022-03-20 20:17:22+00:00,Curto,Av. heitor beltrão - alt. são francisco xavier  - tijuca,Baixo,-22.9208335,-43.2258006,Fechado,Bolsão d'água em via,2022-03-20,
5.0,72331,Tijuca,2022-03-20 20:53:03+00:00,2022-03-20 21:05:49+00:00,Curto,Av. heitor beltrão - alt. rua carmela dutra - tijuca,Baixo,-22.9208335,-43.2258006,Fechado,Bolsão d'água em via,2022-03-20,
5.0,72749,Tijuca,2022-03-31 22:39:37+00:00,2022-04-01 01:06:52+00:00,Curto,"Rua pedro ii - alt. r. são cristóvão, 425 - são cristóvão",Alto,-22.9013134,-43.2169224,Fechado,Bolsão d'água em via,2022-03-31,
5.0,72345,Tijuca,2022-03-21 01:44:53+00:00,2022-03-21 04:48:14+00:00,Curto,Av. heitor beltrão - alt. rua pareto - tijuca,Baixo,-22.9208335,-43.2258006,Fechado,Bolsão d'água em via,2022-03-21,
5.0,72348,Tijuca,2022-03-21 02:11:43+00:00,2022-03-21 06:38:25+00:00,Curto,Av. heitor beltrão - rua fernandes figueira - tijuca,Baixo,-22.9208335,-43.2258006,Fechado,Bolsão d'água em via,2022-03-21,
5.0,72290,Tijuca,2022-03-20 16:12:49+00:00,2022-03-20 17:38:05+00:00,Curto,Rua haddock lobo - alt. r. eng. adel - tijuca,Baixo,-22.9203696,-43.2166298,Fechado,Bolsão d'água em via,2022-03-20,
5.0,72349,Tijuca,2022-03-21 02:19:11+00:00,2022-03-21 04:36:03+00:00,Curto,Rua baltazar lisboa - alt. r. pereira nunes - tijuca,Baixo,-22.9221815,-43.2373049,Fechado,Bolsão d'água em via,2022-03-21,
5.0,72294,Deodoro,2022-03-20 16:23:02+00:00,2022-03-20 18:22:22+00:00,Curto,Av. duque de caxias - alt. av. gal. gomes carneiro - deodoro,Baixo,-22.8621979,-43.39433529999999,Fechado,Bolsão d'água em via,2022-03-20,
5.0,72744,Jacaré,2022-03-31 22:26:19+00:00,2022-04-01 00:46:32+00:00,Curto,Rua lino teixeira - alt. rua carlos costa  - jacaré,Baixo,-22.8944935,-43.2569284,Fechado,Bolsão d'água em via,2022-03-31,
5.0,72328,Sampaio,2022-03-20 19:57:52+00:00,2022-03-20 21:59:15+00:00,Curto,R. do engenho novo - alt. n° 333 - sampaio,Baixo,-22.9013488,-43.2642928,Fechado,Bolsão d'água em via,2022-03-20,
5.0,72313,Anchieta,2022-03-20 18:19:34+00:00,2022-03-20 20:30:38+00:00,Curto,"R. alcobaça, 1814 - anchieta",Baixo,-22.8198034,-43.3923788,Fechado,Bolsão d'água em via,2022-03-20,
5.0,72311,Anchieta,2022-03-20 18:06:26+00:00,2022-03-20 20:56:57+00:00,Curto,R. coroaci - anchieta,Baixo,-22.8176989,-43.3969013,Fechado,Bolsão d'água em via,2022-03-20,
5.0,72298,Anchieta,2022-03-20 17:03:46+00:00,2022-03-20 20:58:23+00:00,Curto,Rua edgard barbosa - anchieta,Baixo,-22.8213215,-43.3956196,Fechado,Bolsão d'água em via,2022-03-20,
5.0,72312,Anchieta,2022-03-20 18:17:59+00:00,2022-03-20 20:46:21+00:00,Curto,R. itajace - anchieta,Baixo,-22.8180601,-43.401736,Fechado,Bolsão d'água em via,2022-03-20,
5.0,72300,Anchieta,2022-03-20 17:11:51+00:00,2022-03-20 20:26:58+00:00,Curto,Rua cardoso de castro - alt. supermarket - anchieta,Baixo,-22.8224459,-43.4074055,Fechado,Bolsão d'água em via,2022-03-20,
5.0,72784,Botafogo,2022-03-31 23:54:35+00:00,2022-04-01 01:01:56+00:00,Curto,R. são clemente - alt. rua guilhermina guinle -  botafogo,Baixo,-22.9497298,-43.1897674,Fechado,Bolsão d'água em via,2022-03-31,
5.0,72777,Botafogo,2022-03-31 23:43:32+00:00,2022-04-01 01:04:40+00:00,Curto,"R. são clemente, 188b - botafogo",Baixo,-22.9494156,-43.1887411,Fechado,Bolsão d'água em via,2022-03-31,
5.0,72750,Botafogo,2022-03-31 22:41:18+00:00,2022-04-01 01:21:44+00:00,Curto,R. voluntários da pátria - alt. rua dona mariana - botafogo,Medio,-22.9534272,-43.1900588,Fechado,Bolsão d'água em via,2022-03-31,
5.0,72332,Realengo,2022-03-20 21:01:09+00:00,2022-03-20 21:28:05+00:00,Curto,"Estr. da água branca, 525 - realengo",Baixo,-22.8688072,-43.4208845,Fechado,Bolsão d'água em via,2022-03-20,
5.0,72295,Realengo,2022-03-20 16:28:29+00:00,2022-03-20 22:10:31+00:00,Curto,Av. santa cruz - alt. r. gen. sezefredo - realengo,Baixo,-22.8781756198596,-43.43465266983642,Fechado,Bolsão d'água em via,2022-03-20,
5.0,72302,Realengo,2022-03-20 17:18:37+00:00,2022-03-20 20:45:58+00:00,Curto,Av de santa cruz - alt. universidade castelo branco - realengo,Baixo,-22.8781274,-43.4393649,Fechado,Bolsão d'água em via,2022-03-20,
5.0,72303,Realengo,2022-03-20 17:22:25+00:00,2022-03-20 19:48:06+00:00,Curto,Rua bernardo de vasconcelos - alt. pça. do canhão - realengo,Baixo,-22.8759488,-43.431633,Fechado,Bolsão d'água em via,2022-03-20,
5.0,72305,Realengo,2022-03-20 17:31:55+00:00,2022-03-20 21:56:54+00:00,Curto,Av. de santa cruz - alt. viaduto padre miguel,Baixo,-22.8790179,-43.418471,Fechado,Bolsão d'água em via,2022-03-20,
5.0,72318,Sepetiba,2022-03-20 18:56:37+00:00,2022-03-20 20:11:34+00:00,Curto,Av. são francisco xavier - alt. manoel de abreu - tijuca,Baixo,-22.9623424,-43.692051,Fechado,Bolsão d'água em via,2022-03-20,
5.0,72741,Cascadura,2022-03-31 21:52:02+00:00,2022-03-31 22:07:14+00:00,Curto,Av. ernani cardoso - alt. rua padre telêmaco- cascadura,Baixo,-22.8824192,-43.3354398,Fechado,Bolsão d'água em via,2022-03-31,
5.0,72299,Guadalupe,2022-03-20 17:08:16+00:00,2022-03-20 20:04:11+00:00,Curto,Av. brasil - guadalupe - sent. santa cruz,Baixo,-22.84415533338584,-43.375973632788096,Fechado,Bolsão d'água em via,2022-03-20,
5.0,72740,Madureira,2022-03-31 21:33:14+00:00,2022-03-31 22:08:26+00:00,Curto,Av. min. edgard romero - alt. rua conselheiro galvão - madureira - sent. mercadão,Baixo,-22.8661268,-43.3343465,Fechado,Bolsão d'água em via,2022-03-31,
5.0,72319,Maracanã,2022-03-20 18:58:12+00:00,2022-03-20 20:12:53+00:00,Curto,Av. maracanã - alt. r. prof. euríco rabêlo - maracanã,Baixo,-22.9152552,-43.2288072,Fechado,Bolsão d'água em via,2022-03-20,
5.0,72755,Maracanã,2022-03-31 22:47:26+00:00,2022-04-01 00:51:22+00:00,Curto,R. rad. waldir amaral - alt. rua eurico rabelo - maracanã,Alto,-22.9126422,-43.2350113,Fechado,Bolsão d'água em via,2022-03-31,
5.0,72760,Pechincha,2022-03-31 22:54:59+00:00,2022-04-01 00:09:40+00:00,Curto,Rua edgard werneck - alt. 1211 - pechincha,Baixo,-22.9456388,-43.3578723,Fechado,Bolsão d'água em via,2022-03-31,
5.0,72330,Bonsucesso,2022-03-20 20:33:41+00:00,2022-03-20 22:22:33+00:00,Curto,Av. brasil - alt. passarela 09  - bonsucesso - sent. centro.,Baixo,-22.8662059,-43.2464138,Fechado,Bolsão d'água em via,2022-03-20,
5.0,72762,Copacabana,2022-03-31 22:58:00+00:00,2022-04-01 01:30:30+00:00,Curto,R. tonelero - alt. rua siqueira campos - copacabana,Medio,-22.9666427,-43.1852321,Fechado,Bolsão d'água em via,2022-03-31,
5.0,72761,Copacabana,2022-03-31 22:56:29+00:00,2022-04-01 01:13:56+00:00,Curto,R. barata ribeiro - alt. rua santa clara - copacabana,Medio,-22.9686451,-43.1858006,Fechado,Bolsão d'água em via,2022-03-31,
5.0,72334,Copacabana,2022-03-20 21:26:31+00:00,2022-03-20 21:27:41+00:00,Curto,Rua siqueira campos - alt. toneleiros - copacabana,Baixo,-22.9664282,-43.1870582,Fechado,Bolsão d'água em via,2022-03-20,
5.0,72765,Itanhangá,2022-03-31 23:15:18+00:00,2022-04-01 03:24:42+00:00,Curto,Av. eng. souza filho - muzema ,Baixo,-22.984028,-43.331287,Fechado,Bolsão d'água em via,2022-03-31,
5.0,72688,Itanhangá,2022-03-31 06:04:31+00:00,2022-03-31 12:43:46+00:00,Curto,Av. engenheiro souza filho - muzema - em ambos os sentidos,Baixo,-22.978626,-43.3336711,Fechado,Bolsão d'água em via,2022-03-31,
5.0,72781,Manguinhos,2022-03-31 23:50:46+00:00,2022-04-01 00:22:46+00:00,Curto,Av. brasil - alt. passarela 05 - manguinhos - sent. z. oeste,Baixo,-22.8790547,-43.2401616,Fechado,Bolsão d'água em via,2022-03-31,
5.0,72321,Manguinhos,2022-03-20 19:05:45+00:00,2022-03-20 21:29:23+00:00,Curto,Av. brasil - alt. viaduto ataulfo alves - manguinhos - sent. centro.,Baixo,-22.8850574,-43.2351722,Fechado,Bolsão d'água em via,2022-03-20,
5.0,72757,Manguinhos,2022-03-31 22:51:16+00:00,2022-04-01 00:49:22+00:00,Curto,Av. prof° manuel de abreu - r. felipe camarão- vila isabel,Alto,-22.9159472,-43.2352587,Fechado,Bolsão d'água em via,2022-03-31,
5.0,72756,Manguinhos,2022-03-31 22:48:54+00:00,2022-04-01 02:44:58+00:00,Curto,Av. brasil - alt. viaduto ataulfo alves - manguinhos - sent. centro.,Baixo,-22.879316,-43.23979749999999,Fechado,Bolsão d'água em via,2022-03-31,
5.0,72325,Manguinhos,2022-03-20 19:23:59+00:00,2022-03-20 22:19:29+00:00,Curto,Av. brasil - alt. canal do cunha - manguinhos - sent. z. oeste.,Baixo,-22.8790547,-43.2401616,Fechado,Bolsão d'água em via,2022-03-20,
5.0,72775,Manguinhos,2022-03-31 23:41:20+00:00,2022-04-01 01:57:38+00:00,Curto,Av. brasil - alt. fio cruz- manguinhos - sent. centro.,Baixo,-22.8790547,-43.2401616,Fechado,Bolsão d'água em via,2022-03-31,
5.0,72372,Paciência,2022-03-21 10:36:56+00:00,2022-03-21 16:29:36+00:00,Curto,"Estr. do campinho, 6891 - paciência",Baixo,-22.8836945,-43.6268132,Fechado,Bolsão d'água em via,2022-03-21,
5.0,72742,Cidade nova,2022-03-31 22:15:50+00:00,2022-04-01 00:52:58+00:00,Curto,Rua ulysses guimarães - alt. n° 300 - cidade nova,Baixo,-22.9121511,-43.2039632,Fechado,Bolsão d'água em via,2022-03-31,
5.0,72324,Coelho neto,2022-03-20 19:23:23+00:00,2022-03-20 20:59:02+00:00,Curto,R. ouseley - coelho neto,Baixo,-22.8268576,-43.3500085,Fechado,Bolsão d'água em via,2022-03-20,
5.0,72753,Laranjeiras,2022-03-31 22:45:22+00:00,2022-04-01 00:42:16+00:00,Curto,R. das laranjeiras - laranjeiras,Baixo,-22.9357579,-43.1895506,Fechado,Bolsão d'água em via,2022-03-31,
5.0,72783,Vila isabel,2022-03-31 23:52:42+00:00,2022-04-01 01:01:14+00:00,Curto,R. barão de são francisco - alt. rua teodoro da silva  - vila isabel,Alto,-22.9195696,-43.2507852,Fechado,Bolsão d'água em via,2022-03-31,
5.0,72780,Vila isabel,2022-03-31 23:48:40+00:00,2022-04-01 00:50:11+00:00,Curto,"R. teodoro da silva, x barão de são francisco- vila isabel",Alto,-22.9187158,-43.2511415,Fechado,Bolsão d'água em via,2022-03-31,
5.0,72315,Vila militar,2022-03-20 18:33:17+00:00,2022-03-20 22:46:13+00:00,Curto,Estr. são pedro de alcântara - brt vila militar ,Baixo,-22.8640859,-43.4055206,Fechado,Bolsão d'água em via,2022-03-20,
5.0,72353,Jardim sulacap,2022-03-21 05:51:03+00:00,2022-03-21 08:37:02+00:00,Curto,Estr. do catonho - alt . n° 2447 - jardim sulacap - sent. vila valqueire,Baixo,-22.8962808,-43.3985224,Fechado,Bolsão d'água em via,2022-03-21,
5.0,72625,Barra da tijuca,2022-03-29 00:21:03+00:00,2022-03-29 01:51:59+00:00,Curto,Av. ayrton senna - alt. cidade das artes  - barra da tijuca - sent. alvorada,Baixo,-22.9901139,-43.3652706,Fechado,Bolsão d'água em via,2022-03-29,
5.0,72782,Barra da tijuca,2022-03-31 23:51:55+00:00,2022-04-01 00:28:18+00:00,Curto,"Av. armando lombardi, altura do mergulinho sentido são conrado -barra da tijuca",Baixo,-23.0070404,-43.3097149,Fechado,Bolsão d'água em via,2022-03-31,
5.0,72690,Barra da tijuca,2022-03-31 06:42:29+00:00,2022-03-31 08:59:27+00:00,Curto,"Av. das américas, alt. av. luís carlos prestes - barra da tijuca - sent. recreio",Baixo,-22.9953823,-43.3601044,Fechado,Bolsão d'água em via,2022-03-31,
5.0,72519,Barra da tijuca,2022-03-25 04:56:49+00:00,2022-03-25 13:29:31+00:00,Curto,Mergulhinho u - av. armando lombardi - barra da tijuca.,Baixo,-23.0062307,-43.3091106,Fechado,Bolsão d'água em via,2022-03-25,
5.0,72691,Barra da tijuca,2022-03-31 06:48:07+00:00,2022-03-31 07:20:23+00:00,Curto,"Av. das américas, 3959 - barra da tijuca - sent. são conrado",Baixo,-23.0179571,-43.4813761,Fechado,Bolsão d'água em via,2022-03-31,
5.0,72684,Barra da tijuca,2022-03-31 03:45:07+00:00,2022-03-31 08:07:30+00:00,Curto,"Av. das américas, alt. barra shopping - barra da tijuca - sent. são conrado",Baixo,-22.9976583,-43.3581268,Fechado,Bolsão d'água em via,2022-03-31,
5.0,72767,Barra da tijuca,2022-03-31 23:21:09+00:00,2022-04-01 01:46:50+00:00,Curto,Av. armando lombardi - alt. estação brt jardim oceanico - barra da tijuca - sent. são conrado.,Baixo,-23.0066958,-43.310663,Fechado,Bolsão d'água em via,2022-03-31,
5.0,72624,Barra da tijuca,2022-03-29 00:04:42+00:00,2022-03-29 03:57:36+00:00,Curto,Av. ayrton senna - alt. ponte santos dumont - barra da tijuca - sent. orla ,Baixo,-22.9829359,-43.365378,Fechado,Bolsão d'água em via,2022-03-29,
5.0,72769,Barra da tijuca,2022-03-31 23:26:39+00:00,2022-04-01 01:06:25+00:00,Curto,Av. armando lombardi - barra da tijuca,Baixo,-23.0066958,-43.310663,Fechado,Bolsão d'água em via,2022-03-31,
5.0,72772,Barra da tijuca,2022-03-31 23:35:11+00:00,2022-04-01 01:24:11+00:00,Curto,Av. lúcio costa - alt. hotel windsor - barra da tijuca,Baixo,-23.012325,-43.3852963,Fechado,Bolsão d'água em via,2022-03-31,
5.0,72297,Parque anchieta,2022-03-20 16:53:30+00:00,2022-03-20 21:10:30+00:00,Curto,Estr. mal. alencastro - parque anchieta,Baixo,-22.8377423,-43.397517,Fechado,Bolsão d'água em via,2022-03-20,
5.0,72292,Senador camará,2022-03-20 16:19:09+00:00,2022-03-20 18:25:15+00:00,Curto,Av. de santa cruz - alt. estr. do realengo - padre miguel,Baixo,-22.8821374,-43.4825034,Fechado,Bolsão d'água em via,2022-03-20,
5.0,72752,Jardim botânico,2022-03-31 22:44:06+00:00,2022-04-01 02:11:26+00:00,Curto,Rua pacheco leão - alt. rua jardim botânico,Baixo,-22.9663775,-43.229963,Fechado,Bolsão d'água em via,2022-03-31,
5.0,72746,São cristóvão,2022-03-31 22:30:22+00:00,2022-04-01 01:59:56+00:00,Curto,"Rua bela, 588 - são cristóvão",Alto,-22.8901444,-43.2232587,Fechado,Bolsão d'água em via,2022-03-31,
5.0,72751,São cristóvão,2022-03-31 22:43:00+00:00,2022-04-01 00:55:52+00:00,Curto,Largo da cancela - são cristóvão,Baixo,-22.9003568,-43.2247522,Fechado,Bolsão d'água em via,2022-03-31,
5.0,72323,São cristóvão,2022-03-20 19:11:20+00:00,2022-03-20 20:09:04+00:00,Curto,Rua bela - alt. campo de são cristóvão  - são cristóvão,Baixo,-22.8895567,-43.2238795,Fechado,Bolsão d'água em via,2022-03-20,
5.0,72747,São cristóvão,2022-03-31 22:32:17+00:00,2022-04-01 01:59:35+00:00,Curto,Rua bela - alt. rua newton prado - são cristóvão,Alto,-22.8895567,-43.2238795,Fechado,Bolsão d'água em via,2022-03-31,
5.0,72759,São cristóvão,2022-03-31 22:53:41+00:00,2022-04-01 03:36:13+00:00,Curto,Rua general bruce - são cristóvão,Baixo,-22.8954007,-43.2222082,Fechado,Bolsão d'água em via,2022-03-31,
5.0,72758,São cristóvão,2022-03-31 22:52:41+00:00,2022-04-01 01:51:19+00:00,Curto,R. são januário - são cristóvão,Baixo,-22.8957753,-43.2268066,Fechado,Bolsão d'água em via,2022-03-31,
5.0,72293,Magalhães bastos,2022-03-20 16:21:38+00:00,2022-03-20 18:24:19+00:00,Curto,Rua almirante milanêz - magalhães bastos,Baixo,-22.8731129,-43.4094974,Fechado,Bolsão d'água em via,2022-03-20,
5.0,72307,Ricardo de albuquerque,2022-03-20 17:46:15+00:00,2022-03-20 19:50:52+00:00,Curto,Praça de ricardo de albuquerque,Baixo,-22.8358488,-43.3920928,Fechado,Bolsão d'água em via,2022-03-20,
5.0,72308,Ricardo de albuquerque,2022-03-20 17:47:49+00:00,2022-03-20 20:58:39+00:00,Curto,R. araçá - ricardo de albuquerque,Baixo,-22.8397731,-43.4054321,Fechado,Bolsão d'água em via,2022-03-20,
5.0,72326,Ricardo de albuquerque,2022-03-20 19:24:47+00:00,2022-03-20 20:20:45+00:00,Curto,"R. moraes pinheiro, 1125 - ricardo de albuquerque",Baixo,-22.8339248,-43.3899873,Fechado,Bolsão d'água em via,2022-03-20,
5.0,72683,Recreio dos bandeirantes,2022-03-31 03:36:27+00:00,2022-03-31 04:43:56+00:00,Curto,"Av. da américas, alt. cond. nova barra - recreio dos bandeirantes - sent. barra",Baixo,-23.0144369,-43.4717105,Fechado,Bolsão d'água em via,2022-03-31,
5.0,72623,Recreio dos bandeirantes,2022-03-28 23:55:01+00:00,2022-03-29 06:07:26+00:00,Curto,Av. genaro de carvalho - alt. rua joaquim jose couto - recreio dos bandeirantes,Baixo,-23.017998,-43.4642937,Fechado,Bolsão d'água em via,2022-03-28,
31.0,72335,Santa teresa,2022-03-20 21:32:56+00:00,2022-03-20 22:51:33+00:00,Curto,R. união - acari,Baixo,-22.9252752,-43.196799,Fechado,Alagamento,2022-03-20,
31.0,72565,Barra da tijuca,2022-03-27 05:58:22+00:00,2022-03-27 14:49:04+00:00,Curto,"Av. armando lombardi, (mergulhão) - barra da tijuca - em ambos os sentidos",Baixo,-23.0068307,-43.3107119,Fechado,Alagamento,2022-03-27,
33.0,72352,Barra da tijuca,2022-03-21 05:06:15+00:00,2022-03-21 05:59:09+00:00,Curto,Av. armando lombardi - alt. esatação brt jardim oceanico - barra da tijuca - sent. são conrado.,Baixo,-23.0066958,-43.310663,Fechado,Lâmina d'água,2022-03-21,
5.0,88954,Caju,2023-01-20 21:50:15+00:00,2023-01-20 21:52:28+00:00,Curto,"Av brasil, alt. do gasômetro - são cristóvão - sent. centro",Baixo,-22.8888475,-43.2225506,Fechado,Bolsão d'água em via,2023-01-20,
5.0,89552,Bangu,2023-01-28 17:20:46+00:00,2023-01-28 18:40:24+00:00,Curto,Av. min. ary franco - alt. r. sul america - bangu,Baixo,-22.866788,-43.4650595,Fechado,Bolsão d'água em via,2023-01-28,
5.0,88955,Penha,2023-01-20 22:31:45+00:00,2023-01-20 22:33:26+00:00,Curto,"Estr. josé rucas, alt. r. plínio de oliveira - penha",Baixo,-22.8473512,-43.28407440000001,Fechado,Bolsão d'água em via,2023-01-20,
5.0,88947,Penha,2023-01-20 19:26:29+00:00,2023-01-20 20:28:22+00:00,Curto,"Rua aimoré, alt. nº 45 - penha",Baixo,-22.8454793,-43.2861226,Fechado,Bolsão d'água em via,2023-01-20,
5.0,88129,Tauá,2023-01-11 17:09:35+00:00,2023-01-12 02:47:41+00:00,Curto,Rua soldado wandel sarmento - alt. n° 1 - tauá - ilha do governador,Baixo,-22.7918986,-43.1836403,Fechado,Bolsão d'água em via,2023-01-11,
5.0,87502,Centro,2023-01-03 17:41:08+00:00,2023-01-03 18:22:45+00:00,Curto,R. de santana - alt. rua frei caneca  - centro,Baixo,-22.9081212,-43.1939546,Fechado,Bolsão d'água em via,2023-01-03,
5.0,87496,Centro,2023-01-03 17:18:41+00:00,2023-01-03 18:22:05+00:00,Curto,R. do lavradio - alt. r dos arcos - centro,Baixo,-22.910697,-43.18260799999999,Fechado,Bolsão d'água em via,2023-01-03,
5.0,87498,Centro,2023-01-03 17:24:30+00:00,2023-01-03 18:30:28+00:00,Curto,Av. mem de sá - centro,Baixo,-22.912313,-43.1861477,Fechado,Bolsão d'água em via,2023-01-03,
5.0,89189,Pavuna,2023-01-23 15:14:06+00:00,2023-01-23 15:49:42+00:00,Curto,R. srg. antônio ernesto - pavuna,Baixo,-22.8096611,-43.3572055,Fechado,Bolsão d'água em via,2023-01-23,
5.0,88223,Tijuca,2023-01-12 22:52:08+00:00,2023-01-12 22:54:06+00:00,Curto,"Rua jurupari, alt. r. conde de bonfim - tijuca",Baixo,-22.9239978,-43.2304603,Fechado,Bolsão d'água em via,2023-01-12,
5.0,88216,Tijuca,2023-01-12 21:37:00+00:00,2023-01-12 22:24:19+00:00,Curto,"Rua eng. adel, alt. r. haddock lobo - tijuca",Baixo,-22.9212017,-43.2162514,Fechado,Bolsão d'água em via,2023-01-12,
5.0,89611,Inhauma,2023-01-29 16:05:46+00:00,2023-01-29 17:32:36+00:00,Curto,Av. pastor martin luther king junior - alt. largo de vicente de carvalho - vicente de carvalho,Baixo,-22.8754248,-43.2811562,Fechado,Bolsão d'água em via,2023-01-29,
5.0,87424,Anchieta,2023-01-02 17:23:39+00:00,2023-01-02 17:53:57+00:00,Curto,Rua capitão mário barbedo - alt. n° 460 - anchieta,Baixo,-22.8355524,-43.399097,Fechado,Bolsão d'água em via,2023-01-02,
5.0,88220,Botafogo,2023-01-12 22:01:51+00:00,2023-01-12 22:21:52+00:00,Curto,"Rua muniz barreto, alt. r. marquês de olinda - botafogo",Baixo,-22.9437967,-43.1839729,Fechado,Bolsão d'água em via,2023-01-12,
5.0,89206,Madureira,2023-01-23 16:13:53+00:00,2023-01-23 16:54:44+00:00,Curto,"Rua maria lopes alt. r. padre manso, - madureira",Baixo,-22.87971549166534,-43.33726622698364,Fechado,Bolsão d'água em via,2023-01-23,
5.0,89173,Pechincha,2023-01-23 14:32:53+00:00,2023-01-23 14:53:58+00:00,Curto,Av. geremário dantas - alt. estr. dos três rios - pechincha,Baixo,-22.9290527,-43.3540077,Fechado,Bolsão d'água em via,2023-01-23,
5.0,88130,Bancários,2023-01-11 17:13:19+00:00,2023-01-12 02:48:00+00:00,Curto,Rua ilha fiscal - alt. nº 187 - bancários - ilha do governador,Baixo,-22.7894733,-43.1838716,Fechado,Bolsão d'água em via,2023-01-11,
5.0,87522,Bonsucesso,2023-01-03 19:01:19+00:00,2023-01-03 19:44:52+00:00,Curto,Rua uranos - alt. rua delfim carlos - bonsucesso,Baixo,-22.8612703,-43.2575934,Fechado,Bolsão d'água em via,2023-01-03,
5.0,87520,Bonsucesso,2023-01-03 18:52:17+00:00,2023-01-03 19:30:44+00:00,Curto,Rua uranos - alt. estaçao de ramos,Baixo,-22.8612703,-43.2575934,Fechado,Bolsão d'água em via,2023-01-03,
5.0,88218,Copacabana,2023-01-12 21:52:21+00:00,2023-01-12 22:22:19+00:00,Curto,"Rua tonelero, alt. r. siqueira campos - copacabana",Baixo,-22.9663745,-43.18508569999999,Fechado,Bolsão d'água em via,2023-01-12,
5.0,88222,Copacabana,2023-01-12 22:17:17+00:00,2023-01-12 22:25:32+00:00,Curto,"Av. atlântica, alt. r. rep. do peru - copacabana - sent. ipanema",Baixo,-22.9686599,-43.1814133,Fechado,Bolsão d'água em via,2023-01-12,
5.0,88224,Copacabana,2023-01-13 00:27:03+00:00,2023-01-13 01:56:43+00:00,Curto,"Av. rainha elisabeth, alt. r. bulhões carvalho - copacabana",Baixo,-22.9854942,-43.1928888,Fechado,Bolsão d'água em via,2023-01-13,
33.0,87696,Itanhangá,2023-01-06 03:03:18+00:00,2023-01-06 05:20:04+00:00,Curto,Estrada da barra da tijuca - alt. av. minis. ivan lins - itanhangá,Baixo,-22.9985303,-43.3046861,Fechado,Lâmina d'água,2023-01-06,
5.0,87503,Cidade nova,2023-01-03 17:42:57+00:00,2023-01-03 18:16:41+00:00,Curto,Av. salvador de sá - alt. batalhão de choque - cidade nova,Baixo,-22.9123991,-43.1994263,Fechado,Bolsão d'água em via,2023-01-03,
5.0,89739,Vila isabel,2023-01-30 18:59:57+00:00,2023-01-30 19:27:04+00:00,Curto,R. josé do patrocínio - alt. n° 318 - grajau,Baixo,-22.9173363,-43.2628811,Fechado,Bolsão d'água em via,2023-01-30,
5.0,89726,Campo grande,2023-01-30 17:39:49+00:00,2023-01-30 18:19:23+00:00,Curto,Estr. do pedregoso - campo grande,Baixo,-22.8689355,-43.5606477,Fechado,Bolsão d'água em via,2023-01-30,
31.0,89643,Rocha miranda,2023-01-29 17:55:13+00:00,2023-01-29 17:57:04+00:00,Curto,R. dos diamantes - alt. n° 133 - rocha miranda,Baixo,-22.8525633,-43.3520849,Fechado,Alagamento,2023-01-29,
5.0,89642,Rocha miranda,2023-01-29 17:54:17+00:00,2023-01-29 17:57:02+00:00,Curto,Av. dos italianos - alt. viaduto de rocha miranda - rocha miranda,Baixo,-22.8465105,-43.3494385,Fechado,Bolsão d'água em via,2023-01-29,
5.0,89736,Barra da tijuca,2023-01-30 18:32:25+00:00,2023-01-30 19:27:23+00:00,Curto,Av. ministro ivan lins - alt. ponte da joatinga - barra - sent. são conrado ,Baixo,-23.0128976,-43.2978054,Fechado,Bolsão d'água em via,2023-01-30,
5.0,89653,Parada de lucas,2023-01-29 18:44:39+00:00,2023-01-29 18:45:55+00:00,Curto,R. cordovil - parada de lucas,Baixo,-22.8209993,-43.3066061,Fechado,Bolsão d'água em via,2023-01-29,
5.0,87494,São cristóvão,2023-01-03 17:12:05+00:00,2023-01-03 18:35:22+00:00,Curto,R. campo de são cristóvão - alt. praça padre cicero,Baixo,-22.8981031,-43.2225616,Fechado,Bolsão d'água em via,2023-01-03,
5.0,87529,Magalhães bastos,2023-01-03 19:50:52+00:00,2023-01-03 19:53:02+00:00,Curto,Av. marechal fontenele - alt. lona cultural de realengo,Baixo,-22.878046,-43.415713,Fechado,Bolsão d'água em via,2023-01-03,
5.0,57664,Lagoa,2020-11-02 18:55:19+00:00,2020-11-03 16:13:25+00:00,Curto,"Av. borges de medeiros, 1900 - lagoa   ",Baixo,-22.9720306,-43.2165056,Fechado,Bolsão d'água em via,2020-11-02,
5.0,58150,Lagoa,2020-11-18 22:02:12+00:00,2020-11-19 00:35:59+00:00,Curto,Av. epitácio pessoa - alt. r. vinícius de moraes  - lagoa,Baixo,-22.9742588,-43.2064927,Fechado,Bolsão d'água em via,2020-11-18,
5.0,58152,Lagoa,2020-11-18 22:08:11+00:00,2020-11-19 01:45:02+00:00,Curto,"Av. epitácio pessoa, alt. r. maria quitéria - lagoa - sent. rebouças",Baixo,,,Fechado,Bolsão d'água em via,2020-11-18,
5.0,58149,Catete,2020-11-18 22:01:16+00:00,2020-11-18 22:39:13+00:00,Curto,"R. do catete, alt. largo do machado - catete",Baixo,-22.9310514,-43.1783172,Fechado,Bolsão d'água em via,2020-11-18,
5.0,58284,Centro,2020-11-22 19:34:32+00:00,2020-11-22 21:19:27+00:00,Curto,Av. mem de sá - alt. da rua gomes freire  - centro,Baixo,-22.912313,-43.1861477,Fechado,Bolsão d'água em via,2020-11-22,
5.0,58153,Centro,2020-11-18 22:09:27+00:00,2020-11-18 23:16:23+00:00,Curto,R. teixeira de freitas - alt. da rua do passeio - centro,Baixo,-22.9157143,-43.1762239,Fechado,Bolsão d'água em via,2020-11-18,
5.0,58160,Centro,2020-11-18 22:48:09+00:00,2020-11-19 00:00:48+00:00,Curto,R. do rezende - alt. da rua riachuelo - centro,Baixo,-22.9131779,-43.1860845,Fechado,Bolsão d'água em via,2020-11-18,
5.0,58166,Centro,2020-11-19 01:29:49+00:00,2020-11-19 03:40:53+00:00,Curto,Rua da relação - alt. da rua dos inválidos - centro,Baixo,-22.9103994,-43.1840365,Fechado,Bolsão d'água em via,2020-11-19,
5.0,58151,Centro,2020-11-18 22:05:43+00:00,2020-11-19 00:11:29+00:00,Curto,Av. rio branco - alt. n° 71 - centro,Baixo,-22.9015961,-43.1788642,Fechado,Bolsão d'água em via,2020-11-18,
5.0,57841,Irajá,2020-11-08 21:02:42+00:00,2020-11-08 21:28:36+00:00,Curto,"Av. brasil, alt trevo das margaridas - irajá - sent centro",Baixo,-22.8210585,-43.3234886,Fechado,Bolsão d'água em via,2020-11-08,
5.0,58163,Galeão,2020-11-18 23:50:16+00:00,2020-11-19 00:44:53+00:00,Curto,Estr. das canárias - alt. da clinica da família - galeão,Baixo,-22.8126375,-43.2273617,Fechado,Bolsão d'água em via,2020-11-18,
5.0,58145,Glória,2020-11-18 21:53:31+00:00,2020-11-19 00:21:13+00:00,Curto,R. do catete - alt. da rua silveira martins - glória,Baixo,-22.9269656,-43.1766115,Fechado,Bolsão d'água em via,2020-11-18,
5.0,58282,Glória,2020-11-22 19:09:21+00:00,2020-11-22 20:21:23+00:00,Curto,R. do catete - alt. rua silveira martins - glória,Baixo,-22.9269656,-43.1766115,Fechado,Bolsão d'água em via,2020-11-22,
5.0,58144,Glória,2020-11-18 21:50:01+00:00,2020-11-19 00:34:04+00:00,Curto,R. do catete - alt. rua pedro américo - glória,Baixo,-22.9269656,-43.1766115,Fechado,Bolsão d'água em via,2020-11-18,
5.0,58281,Glória,2020-11-22 19:06:26+00:00,2020-11-22 20:24:13+00:00,Curto,R. do catete - alt. rua pedro américo - glória,Baixo,-22.9269656,-43.1766115,Fechado,Bolsão d'água em via,2020-11-22,
5.0,58197,Glória,2020-11-19 23:43:11+00:00,2020-11-20 03:52:12+00:00,Curto,R. do catete - alt. da rua silveira martins - glória,Baixo,-22.9269656,-43.1766115,Fechado,Bolsão d'água em via,2020-11-19,
5.0,58199,Glória,2020-11-20 00:32:04+00:00,2020-11-20 03:49:13+00:00,Curto,R. do catete - alt. da rua ferreira viana  - glória,Baixo,-22.9269656,-43.1766115,Fechado,Bolsão d'água em via,2020-11-20,
5.0,57748,Sampaio,2020-11-05 14:26:56+00:00,2020-11-05 15:06:18+00:00,Curto,R. vinte e quatro de maio - alt. r. bela vista- sampaio ,Baixo,-22.902193,-43.2610434,Fechado,Bolsão d'água em via,2020-11-05,
5.0,58142,Cascadura,2020-11-18 21:31:29+00:00,2020-11-18 23:32:31+00:00,Curto,"Av. ernani cardoso, alt. r. padre telêmaco - cascadura - sent. abolição",Baixo,-22.8821559,-43.331834,Fechado,Bolsão d'água em via,2020-11-18,
5.0,58147,Maracanã,2020-11-18 21:55:06+00:00,2020-11-18 22:31:34+00:00,Curto,"R. mariz e barros, alt. r. felisberto de menezes - maracanã",Baixo,-22.9144193,-43.2193136,Fechado,Bolsão d'água em via,2020-11-18,
5.0,58210,Itanhangá,2020-11-20 06:48:20+00:00,2020-11-20 12:44:50+00:00,Curto,Estrada da barra da tijuca - alt. n° 1002 - itanhangá - sent. rio das pedras,Baixo,-23.0049817,-43.3041487,Fechado,Bolsão d'água em via,2020-11-20,
5.0,58167,Itanhangá,2020-11-19 01:38:39+00:00,2020-11-19 10:42:08+00:00,Curto,Estrada da barra da tijuca - alt. n° 1006 - itanhangá - sent. alto ,Baixo,-22.986725,-43.30550030000001,Fechado,Bolsão d'água em via,2020-11-19,
5.0,58285,Manguinhos,2020-11-22 19:36:56+00:00,2020-11-22 22:30:10+00:00,Curto,Avenida brasil - alt. passarela 5 - manguinhos - sent. z. oeste.,Baixo,-22.885489,-43.2345322,Fechado,Bolsão d'água em via,2020-11-22,
5.0,58158,Manguinhos,2020-11-18 22:43:06+00:00,2020-11-19 04:40:25+00:00,Curto,"Avenida brasil, alt. manguinhos - sent. z. oeste",Baixo,-22.8781176,-43.2411647,Fechado,Bolsão d'água em via,2020-11-18,
5.0,58162,Manguinhos,2020-11-18 22:55:08+00:00,2020-11-18 23:55:14+00:00,Curto,"Av. brasil, alt. linha amarela - bonsucesso - sent. z. oeste",Baixo,-22.8776235,-43.2439642,Fechado,Bolsão d'água em via,2020-11-18,
5.0,58159,Cidade nova,2020-11-18 22:43:21+00:00,2020-11-19 06:21:40+00:00,Curto,Av. pres. vargas - alt. do cass - cidade nova - sent. praça da bandeira,Baixo,-22.9070664,-43.1981484,Fechado,Bolsão d'água em via,2020-11-18,
5.0,58154,Cidade nova,2020-11-18 22:12:21+00:00,2020-11-18 22:59:52+00:00,Curto,Rua frei caneca - alt. rua men de sá - cidade nova,Baixo,-22.9128425,-43.19551860000001,Fechado,Bolsão d'água em via,2020-11-18,
5.0,58209,Cidade nova,2020-11-20 06:44:45+00:00,2020-11-20 12:16:22+00:00,Curto,Av. pres. vargas - alt. dos correiros - ambos os sentidos,Baixo,-22.9094064,-43.2035716,Fechado,Bolsão d'água em via,2020-11-20,
5.0,58203,Jacarepaguá,2020-11-20 04:00:44+00:00,2020-11-20 05:34:48+00:00,Curto,Av. ayrton senna - alt. da ponte santos dumont - jacarepaguá - sent. orla,Baixo,-22.968281,-43.357872,Fechado,Bolsão d'água em via,2020-11-20,
5.0,58157,Padre miguel,2020-11-18 22:40:50+00:00,2020-11-18 23:57:05+00:00,Curto,"Av. brasil, alt. canal do cunha - manguinhos - sent. z. oeste",Baixo,-22.8612161,-43.4522437,Fechado,Bolsão d'água em via,2020-11-18,
5.0,58202,São conrado,2020-11-20 02:19:29+00:00,2020-11-20 03:37:45+00:00,Curto,R. gen. olímpio mourão filho - rocinha - sent. niemeyer,Baixo,-22.9926122,-43.2532648,Fechado,Bolsão d'água em via,2020-11-20,
5.0,57744,Barra da tijuca,2020-11-05 13:42:42+00:00,2020-11-05 15:09:42+00:00,Curto,Av. das américas - alt. shopping downtown - barra da tijuca - sent. são conrado,Baixo,-23.003571,-43.317307,Fechado,Bolsão d'água em via,2020-11-05,
5.0,57745,Barra da tijuca,2020-11-05 13:46:11+00:00,2020-11-05 15:14:29+00:00,Curto,"Av. armando lombardi, 188 - barra da tijuca - sent. recreio",Baixo,-23.0066933,-43.3106674,Fechado,Bolsão d'água em via,2020-11-05,
5.0,58200,Barra da tijuca,2020-11-20 01:24:28+00:00,2020-11-20 04:34:08+00:00,Curto,Av ministro ivan lins - acesso a ponte de joatinga - barra da tijuca - sent. rocinha,Baixo,-23.0129114,-43.2978112,Fechado,Bolsão d'água em via,2020-11-20,
5.0,57746,Barra da tijuca,2020-11-05 13:58:52+00:00,2020-11-05 15:07:58+00:00,Curto,Av. das américas - alt. est. brt ricardo marinho - barra - sent. são conrado,Baixo,-23.0001681,-43.34654219999999,Fechado,Bolsão d'água em via,2020-11-05,
5.0,58201,Barra da tijuca,2020-11-20 01:58:49+00:00,2020-11-20 06:23:16+00:00,Curto,Av. armando lombardi - alt. do mergulinho - barra da tijuca - sent. recreio,Baixo,-23.0066933,-43.3106674,Fechado,Bolsão d'água em via,2020-11-20,
5.0,58143,Barra da tijuca,2020-11-18 21:42:00+00:00,2020-11-19 03:27:43+00:00,Curto,Av. min. ivan lins - alt. hotel ibis - barra da tijuca - sent. são conrado,Baixo,-23.0126091,-43.2996575,Fechado,Bolsão d'água em via,2020-11-18,
5.0,57743,Barra da tijuca,2020-11-05 13:39:53+00:00,2020-11-05 15:09:44+00:00,Curto,Av. das américas - alt. barra shopping- barra - sent. são conrado,Baixo,-22.9988463,-43.3574955,Fechado,Bolsão d'água em via,2020-11-05,
5.0,58141,Barra da tijuca,2020-11-18 20:57:47+00:00,2020-11-19 00:23:38+00:00,Curto,"Av. armando lombardi, alt. barra point - barra da tijuca - sent. recreio",Baixo,-23.0066933,-43.3106674,Fechado,Bolsão d'água em via,2020-11-18,
5.0,58287,Parada de lucas,2020-11-22 19:55:35+00:00,2020-11-22 22:28:55+00:00,Curto,Av. brasil - alt. da subida do viaduto de lucas - parada de lucas - sent. centro,Baixo,-22.8184513,-43.3030143,Fechado,Bolsão d'água em via,2020-11-22,
5.0,58196,Jardim botânico,2020-11-19 23:38:26+00:00,2020-11-20 02:18:21+00:00,Curto,Rua jardim botânico - alt. da rua pacheco leão - jardim botânico,Baixo,-22.9663775,-43.22996300000001,Fechado,Bolsão d'água em via,2020-11-19,
5.0,58155,Jardim botânico,2020-11-18 22:17:19+00:00,2020-11-18 23:23:35+00:00,Curto,"R. prof. saldanha, alt. av. alexandre ferreira - lagoa ",Baixo,-22.9603946,-43.2050658,Fechado,Bolsão d'água em via,2020-11-18,
5.0,58213,São cristóvão,2020-11-20 07:46:01+00:00,2020-11-20 12:13:28+00:00,Curto,Av. francisco bicalho - alt. detran - são cristóvão - sent. centro,Baixo,-22.9046565,-43.2108155,Fechado,Bolsão d'água em via,2020-11-20,
33.0,58286,Centro,2020-11-22 19:46:02+00:00,2020-11-22 21:21:06+00:00,Curto,Rua dos inválidos - alt. da av. men de sá - 201 - centro,Baixo,-22.9108201,-43.18516049999999,Fechado,Lâmina d'água,2020-11-22,
33.0,58198,Glória,2020-11-19 23:47:11+00:00,2020-11-20 03:28:03+00:00,Curto,R. do catete - alt. da rua pedro américo - glória,Baixo,-22.9269656,-43.1766115,Fechado,Lâmina d'água,2020-11-19,
33.0,58283,Cidade nova,2020-11-22 19:31:03+00:00,2020-11-22 23:02:03+00:00,Curto,Rua frei caneca - alt . av men de sá - cidade nova,Baixo,-22.9128425,-43.19551860000001,Fechado,Lâmina d'água,2020-11-22,
33.0,58148,Engenho novo,2020-11-18 21:58:58+00:00,2020-11-18 23:52:04+00:00,Curto,"R. vinte e quatro de maio, alt. da r. silva freire - engenho novo",Baixo,-22.903089,-43.268616,Fechado,Lâmina d'água,2020-11-18,
33.0,57741,Jacarepaguá,2020-11-05 13:31:01+00:00,2020-11-05 14:22:52+00:00,Curto,Av. ayrton senna - alt. av. abelardo bueno - jacarepaguá - sent. orla,Baixo,-22.9745175,-43.3648763,Fechado,Lâmina d'água,2020-11-05,
33.0,58169,Barra da tijuca,2020-11-19 04:49:56+00:00,2020-11-19 09:10:22+00:00,Curto,Av. armando lombardi - alt. do mergulinho- barra da tijuca - sent. recreio.,Baixo,-23.0068307,-43.3107119,Fechado,Lâmina d'água,2020-11-19,
33.0,57803,Barra da tijuca,2020-11-07 00:07:07+00:00,2020-11-07 13:39:49+00:00,Curto,Mergulinho na av. armando lombardi - barra da tijuca -sent barra,Baixo,-23.0072011,-43.310823,Fechado,Lâmina d'água,2020-11-07,
33.0,57742,Barra da tijuca,2020-11-05 13:34:39+00:00,2020-11-05 15:19:43+00:00,Curto,Avenida ministro ivan lins - barra da tijuca - sent. são conrado,Baixo,-23.0129114,-43.2978112,Fechado,Lâmina d'água,2020-11-05,
33.0,58265,Barra da tijuca,2020-11-21 19:29:01+00:00,2020-11-21 22:26:05+00:00,Curto,"Av. min. ivan lins, alt. joá - barra da tijuca - pista central, sent. são conrado",Baixo,-23.0128115,-43.2979117,Fechado,Lâmina d'água,2020-11-21,
33.0,57747,Barra da tijuca,2020-11-05 14:05:33+00:00,2020-11-05 14:25:34+00:00,Curto,Av. ayrton senna - alt. shopping uptown - sent. linha amarela,Baixo,-22.9645642,-43.3547203,Fechado,Lâmina d'água,2020-11-05,
33.0,58170,Barra da tijuca,2020-11-19 04:54:16+00:00,2020-11-19 09:10:19+00:00,Curto,Av. armando lombardi - alt. estação brt jardim oceânico - barra da tijuca - recreio,Baixo,-23.0068307,-43.3107119,Fechado,Lâmina d'água,2020-11-19,
33.0,57804,Barra da tijuca,2020-11-07 01:06:57+00:00,2020-11-07 13:39:41+00:00,Curto,Mergulinho na av. armando lombardi - barra da tijuca -sent recreio,Baixo,-23.0066676,-43.3079509,Fechado,Lâmina d'água,2020-11-07,
5.0,34698,Sem bairro,2018-09-04 04:42:39+00:00,2018-09-04 15:38:16+00:00,Desconhecido,Mergulhão u - barra da tijuca,Baixo,-22.8833028,-43.55559119999998,Fechado,Bolsão d'água em via,2018-09-04,
5.0,35391,Sem bairro,2018-09-27 20:25:35+00:00,2018-09-27 21:36:22+00:00,Desconhecido,"R. alm. saddock de sá, alt. av. epitácio pessoa - ipanema",Baixo,-22.9804377,-43.2026176,Fechado,Bolsão d'água em via,2018-09-27,
5.0,35144,Sem bairro,2018-09-18 19:55:36+00:00,2018-09-18 22:08:56+00:00,Desconhecido,Rua carlos seidl - caju ,Baixo,-22.8789184,-43.22446479999997,Fechado,Bolsão d'água em via,2018-09-18,
5.0,35154,Sem bairro,2018-09-19 13:01:41+00:00,2018-09-20 08:39:11+00:00,Desconhecido,R. praia do cajú,Baixo,-22.8780325,-43.213750800000014,Fechado,Bolsão d'água em via,2018-09-19,
5.0,35387,Sem bairro,2018-09-27 19:48:10+00:00,2018-09-27 21:36:13+00:00,Desconhecido,"Av. epitácio pessoa, alt. r. maria quitéria - lagoa",Baixo,-22.9708637,-43.206964500000026,Fechado,Bolsão d'água em via,2018-09-27,
5.0,35386,Sem bairro,2018-09-27 19:25:53+00:00,2018-09-27 21:35:40+00:00,Desconhecido,"Rua epitácio pessoa, alt. vinicius de morais - lagoa",Baixo,-22.9708637,-43.206964500000026,Fechado,Bolsão d'água em via,2018-09-27,
5.0,34699,Sem bairro,2018-09-04 04:47:56+00:00,2018-09-04 12:44:22+00:00,Desconhecido,Mergulhão y - barra da tijuca,Baixo,-23.0003709,-43.36589500000002,Fechado,Bolsão d'água em via,2018-09-04,
5.0,35141,Sem bairro,2018-09-18 18:01:19+00:00,2018-09-18 19:37:57+00:00,Desconhecido,Rua bela - são cristóvão,Baixo,-22.8902897,-43.2232765,Fechado,Bolsão d'água em via,2018-09-18,
5.0,35383,Sem bairro,2018-09-27 18:17:36+00:00,2018-09-27 21:35:31+00:00,Desconhecido,"Av. armando lombardi, alt. barra point - barra da tijuca",Baixo,-23.0062768,-43.30857279999998,Fechado,Bolsão d'água em via,2018-09-27,
5.0,34696,Sem bairro,2018-09-03 22:09:58+00:00,2018-09-04 09:34:14+00:00,Desconhecido,"Av. armando lombardi, alt. barra point - barra da tijuca",Baixo,-23.0062768,-43.30857279999998,Fechado,Bolsão d'água em via,2018-09-03,
5.0,35140,Sem bairro,2018-09-18 17:04:17+00:00,2018-09-18 18:22:34+00:00,Desconhecido,"Av. brasil, 2996 - benfica - alt. viaduto ataulfo alves",Baixo,-22.886304,-43.22956099999999,Fechado,Bolsão d'água em via,2018-09-18,
5.0,90514,Tauá,2023-02-07 23:25:02+00:00,2023-02-07 23:52:57+00:00,Curto,R. demétrio de tolêdo - tauá,Baixo,-22.793402,-43.1843797,Fechado,Bolsão d'água em via,2023-02-07,
5.0,90398,Catete,2023-02-07 17:35:34+00:00,2023-02-07 18:22:14+00:00,Curto,Largo do machado - alt. r. bento lisboa - catete,Baixo,-22.9311212,-43.1785245,Fechado,Bolsão d'água em via,2023-02-07,
5.0,90440,Catete,2023-02-07 19:06:56+00:00,2023-02-07 19:08:01+00:00,Curto,R. bento lisboa - catete,Baixo,-22.9276896,-43.1793534,Fechado,Bolsão d'água em via,2023-02-07,
5.0,90043,Centro,2023-02-03 15:44:10+00:00,2023-02-03 15:57:32+00:00,Curto,R. da carioca - alt. praça tiradentes - centro,Baixo,-22.9074045,-43.1825751,Fechado,Bolsão d'água em via,2023-02-03,
5.0,90393,Irajá,2023-02-07 17:22:28+00:00,2023-02-07 17:23:11+00:00,Curto,Estr. da água grande - irajá,Baixo,-22.8279509,-43.3205408,Fechado,Bolsão d'água em via,2023-02-07,
5.0,90932,Tijuca,2023-02-13 20:30:12+00:00,2023-02-13 20:41:38+00:00,Curto,"Av. heitor beltrão, alt. r. visconde de figueiredo - tijuca",Baixo,-22.9208335,-43.2258006,Fechado,Bolsão d'água em via,2023-02-13,
5.0,90738,Tijuca,2023-02-10 18:22:23+00:00,2023-02-10 18:26:04+00:00,Curto,R. haddock lobo - alt. mercado prix - tijuca,Baixo,-22.9212968,-43.218647,Fechado,Bolsão d'água em via,2023-02-10,
5.0,90944,Benfica,2023-02-13 21:10:44+00:00,2023-02-13 21:27:40+00:00,Curto,"Rua gen. gustavo cordeiro de farias, alt. nº 545 - benfica",Baixo,-22.8971468,-43.2377778,Fechado,Bolsão d'água em via,2023-02-13,
5.0,90047,Cocotá,2023-02-03 16:13:47+00:00,2023-02-03 16:15:14+00:00,Curto,R. moravia - cocotá,Baixo,-22.8078151,-43.1827563,Fechado,Bolsão d'água em via,2023-02-03,
5.0,91528,Galeão,2023-02-21 22:41:30+00:00,2023-02-22 00:28:58+00:00,Curto,"Linha vermelha, alt. km 4 - sent. centro",Baixo,-22.8278692,-43.2503136,Fechado,Bolsão d'água em via,2023-02-21,
5.0,90721,Galeão,2023-02-10 17:12:18+00:00,2023-02-10 17:28:45+00:00,Curto,Estr. do galeão - alt. r. vinte de janeiro - ilha do governador - sent. cacuia,Baixo,-22.811957,-43.2181706,Fechado,Bolsão d'água em via,2023-02-10,
5.0,91126,Galeão,2023-02-15 20:25:45+00:00,2023-02-15 21:21:06+00:00,Curto,"Linha vermelha, km 1 - são cristóvão - sent.. baixada",Baixo,-22.8278692,-43.2503136,Fechado,Bolsão d'água em via,2023-02-15,
5.0,90441,Andaraí,2023-02-07 19:08:02+00:00,2023-02-07 19:09:10+00:00,Curto,R. barão de são francisco - r. visconde de santa isabel - andaraí,Baixo,-22.9195696,-43.2507852,Fechado,Bolsão d'água em via,2023-02-07,
5.0,90442,Botafogo,2023-02-07 19:10:02+00:00,2023-02-07 19:11:04+00:00,Curto," r. marquês de olinda, 61 - botafogo",Baixo,-22.9439185,-43.18441019999999,Fechado,Bolsão d'água em via,2023-02-07,
5.0,90557,Botafogo,2023-02-08 15:07:04+00:00,2023-02-08 16:23:05+00:00,Curto,R. muniz barreto - alt. rua marques de olinda - botafogo,Baixo,-22.9454349,-43.1840946,Fechado,Bolsão d'água em via,2023-02-08,
5.0,89844,Inhoaíba,2023-02-01 22:14:14+00:00,2023-02-01 23:22:42+00:00,Curto,"Av. brasil, alt. estr. do campinho - jardim palmares - sent. centro",Baixo,-22.8901842,-43.5954023,Fechado,Bolsão d'água em via,2023-02-01,
5.0,90747,Inhoaíba,2023-02-10 19:08:20+00:00,2023-02-10 19:50:15+00:00,Curto,Av. cesário de melo - alt. estação brt júlia de melo - inhoaíba,Baixo,-22.9142551,-43.5994866,Fechado,Bolsão d'água em via,2023-02-10,
5.0,90367,Madureira,2023-02-07 15:15:34+00:00,2023-02-07 15:31:18+00:00,Curto,"Av. min. edgard romero, alt. r. conselheiro galvão - madureira",Baixo,-22.8661268,-43.3343465,Fechado,Bolsão d'água em via,2023-02-07,
5.0,90428,Maracanã,2023-02-07 18:51:16+00:00,2023-02-07 18:52:32+00:00,Curto,R. sen. furtado - alt. r. teixeira soares - maracanã,Baixo,-22.9102583,-43.2203923,Fechado,Bolsão d'água em via,2023-02-07,
5.0,90725,Maracanã,2023-02-10 17:37:54+00:00,2023-02-10 18:09:16+00:00,Curto,R. são francisco xavier x r. luiz de matos - maracanã,Baixo,-22.9153419,-43.2326888,Fechado,Bolsão d'água em via,2023-02-10,
5.0,90511,Bancários,2023-02-07 23:19:49+00:00,2023-02-07 23:58:37+00:00,Curto,R. max yantok - bancários,Baixo,-22.7917275,-43.182906,Fechado,Bolsão d'água em via,2023-02-07,
5.0,91952,Manguinhos,2023-02-28 23:08:16+00:00,2023-02-28 23:52:54+00:00,Curto,"Av. brasil, alt. fiocruz - manguinhos - sent. centro",Baixo,-22.8790547,-43.2401616,Fechado,Bolsão d'água em via,2023-02-28,
5.0,91125,Manguinhos,2023-02-15 20:23:30+00:00,2023-02-15 21:07:11+00:00,Curto,Av. brasil - alt. viaduto ataulfo alves - manguinhos - sent. z. oeste,Baixo,-22.8850574,-43.2351722,Fechado,Bolsão d'água em via,2023-02-15,
5.0,90832,Manguinhos,2023-02-11 20:58:10+00:00,2023-02-11 21:52:35+00:00,Curto,Av. brasil - alt. viaduto ataulfo alves - manguinhos - sent. centro.,Baixo,-22.8850574,-43.2351722,Fechado,Bolsão d'água em via,2023-02-11,
5.0,90041,Cidade nova,2023-02-03 15:38:25+00:00,2023-02-03 15:52:37+00:00,Curto,Av. salvador de sá - alt. do bpchq - cidade nova,Baixo,-22.9123991,-43.1994263,Fechado,Bolsão d'água em via,2023-02-03,
5.0,90431,Cidade nova,2023-02-07 18:56:30+00:00,2023-02-07 18:58:12+00:00,Curto,Av salvador de sá - alt. rua aníbal benévolo - centro,Baixo,-22.9122894,-43.1988464,Fechado,Bolsão d'água em via,2023-02-07,
5.0,90748,Praça seca,2023-02-10 19:11:11+00:00,2023-02-10 19:44:53+00:00,Curto,R. cândido benício - acesso av ernani cardoso - praça seca,Baixo,-22.8988689,-43.3530072,Fechado,Bolsão d'água em via,2023-02-10,
5.0,90567,Vila isabel,2023-02-08 20:02:07+00:00,2023-02-08 20:29:32+00:00,Curto,"Rua josé do patrocínio, alt. r. barão do bom retiro - grajaú",Baixo,-22.9173363,-43.2628811,Fechado,Bolsão d'água em via,2023-02-08,
5.0,90737,Vila isabel,2023-02-10 18:21:10+00:00,2023-02-10 18:39:23+00:00,Curto,R. visconde de santa isabel x barão de são francisco - maracanã,Baixo,-22.9161802,-43.2515323,Fechado,Bolsão d'água em via,2023-02-10,
5.0,90926,Vila isabel,2023-02-13 20:03:50+00:00,2023-02-13 21:02:53+00:00,Curto,"Boulevard 28 de setembro, alt. r. felipe camarão - vila isabel",Baixo,-22.9159472,-43.2352587,Fechado,Bolsão d'água em via,2023-02-13,
5.0,90739,Campo grande,2023-02-10 18:24:14+00:00,2023-02-10 18:37:01+00:00,Curto,"Estr. do mendanha, 555 - campo grande",Baixo,-22.884864,-43.5572605,Fechado,Bolsão d'água em via,2023-02-10,
5.0,90927,Padre miguel,2023-02-13 20:12:07+00:00,2023-02-13 21:02:04+00:00,Curto,"Av. brasil, alt. viaduto ataulfo alves - benfica - sent. centro",Baixo,-22.8612166,-43.4522323,Fechado,Bolsão d'água em via,2023-02-13,
5.0,91530,Padre miguel,2023-02-21 22:51:49+00:00,2023-02-22 00:26:23+00:00,Curto,"Av. brasil, alt. de ramos - sent. centro",Baixo,-22.8612166,-43.4522323,Fechado,Bolsão d'água em via,2023-02-21,
5.0,90433,Jardim carioca,2023-02-07 18:59:27+00:00,2023-02-07 19:00:13+00:00,Curto,Rua açaituba - jardim carioca,Baixo,-22.8067019,-43.1971436,Fechado,Bolsão d'água em via,2023-02-07,
5.0,90434,Jardim carioca,2023-02-07 19:00:51+00:00,2023-02-07 19:01:37+00:00,Curto,R. muiatuca - jardim carioca,Baixo,-22.8050854,-43.1971236,Fechado,Bolsão d'água em via,2023-02-07,
5.0,90493,Vila valqueire,2023-02-07 20:42:01+00:00,2023-02-07 20:42:59+00:00,Curto,Praça saiqui - vila valqueire,Baixo,-22.8829334,-43.3678489,Fechado,Bolsão d'água em via,2023-02-07,
5.0,89966,Senador camará,2023-02-02 18:56:58+00:00,2023-02-02 20:13:54+00:00,Curto,Av. de santa cruz - alt. rua silva cardoso - senador camará,Baixo,-22.8821374,-43.4825034,Fechado,Bolsão d'água em via,2023-02-02,
5.0,91122,São cristóvão,2023-02-15 20:19:15+00:00,2023-02-15 20:22:46+00:00,Curto,R. campo de são cristóvão - alt. praça padre cícero - são cristóvão,Baixo,-22.8964816,-43.2213218,Fechado,Bolsão d'água em via,2023-02-15,
5.0,91127,São cristóvão,2023-02-15 20:28:03+00:00,2023-02-15 21:10:15+00:00,Curto,Rua bela - alt. n° 909,Baixo,,,Fechado,Bolsão d'água em via,2023-02-15,
5.0,91124,São cristóvão,2023-02-15 20:23:30+00:00,2023-02-15 21:08:29+00:00,Curto,R. benedito otoni - alt. r. santos lima - são cristóvão,Baixo,-22.8980382,-43.2157193,Fechado,Bolsão d'água em via,2023-02-15,
5.0,90856,São cristóvão,2023-02-12 05:21:00+00:00,2023-02-12 06:34:14+00:00,Curto,Elevado professor engenheiro rufino de almeida pizarro - são cristóvão - sent. centro.,Baixo,-22.9062703,-43.2136104,Fechado,Bolsão d'água em via,2023-02-12,
5.0,91138,São cristóvão,2023-02-15 21:11:15+00:00,2023-02-15 21:30:27+00:00,Curto,R. ricardo machado - são cristóvão,Baixo,-22.8891807,-43.2279882,Fechado,Bolsão d'água em via,2023-02-15,
5.0,91123,São cristóvão,2023-02-15 20:19:58+00:00,2023-02-15 21:07:08+00:00,Curto,Praça padre cícero - alt. rua campo de são cristóvão - são cristóvão,Baixo,-22.8964816,-43.2213218,Fechado,Bolsão d'água em via,2023-02-15,
5.0,90424,Ilha do governador,2023-02-07 18:41:29+00:00,2023-02-07 18:59:09+00:00,Curto,R. moravia - cocotá,Baixo,,,Fechado,Bolsão d'água em via,2023-02-07,
5.0,90168,Ilha do governador,2023-02-05 16:41:01+00:00,2023-02-05 17:18:54+00:00,Curto,Estr. do rio jequiá - alt nº  1000 - ilha do governador,Medio,-22.8192322,-43.1826972,Fechado,Bolsão d'água em via,2023-02-05,
5.0,90171,Ilha do governador,2023-02-05 16:46:08+00:00,2023-02-05 17:05:36+00:00,Curto,Estrada do galeão - alt. r. iaco - ilha do governador,Baixo,-22.811957,-43.2181706,Fechado,Bolsão d'água em via,2023-02-05,
5.0,90159,Vicente de carvalho,2023-02-05 15:44:17+00:00,2023-02-05 16:19:04+00:00,Curto,Av. pastor martin luther king junior - alt. qradra da vicente de carvalho - vicente de carvalho,Baixo,-22.8489819,-43.3212603,Fechado,Bolsão d'água em via,2023-02-05,
31.0,90506,Tauá,2023-02-07 22:25:32+00:00,2023-02-07 23:32:33+00:00,Curto,Praça frei paulo - tauá,Baixo,-22.7945526,-43.1852397,Fechado,Alagamento,2023-02-07,
31.0,91539,Saúde,2023-02-22 02:56:35+00:00,2023-02-22 04:58:27+00:00,Curto,"Rua argemiro bulcão, alt. prainha - saúde",Baixo,-22.8974783,-43.1852605,Fechado,Alagamento,2023-02-22,
31.0,90768,Inhoaíba,2023-02-10 21:20:23+00:00,2023-02-10 23:12:25+00:00,Curto,Estr. do campinho - alt. dancor - inhoaíba - sent. av. brasil,Baixo,-22.8901842,-43.5954023,Fechado,Alagamento,2023-02-10,
31.0,90756,Paciência,2023-02-10 20:00:45+00:00,2023-02-10 20:49:31+00:00,Curto,Rua simonésia - paciência,Baixo,-22.9259755,-43.6349714,Fechado,Alagamento,2023-02-10,
31.0,90757,Costa barros,2023-02-10 20:03:26+00:00,2023-02-10 20:42:19+00:00,Curto,Estr. do camboatá - alt. n° 4040 - costa barros,Baixo,-22.8287741,-43.3709649,Fechado,Alagamento,2023-02-10,
31.0,90501,Engenho novo,2023-02-07 21:23:41+00:00,2023-02-07 21:24:50+00:00,Curto,Buraco do padre - engenho novo,Baixo,-22.9020841,-43.2656087,Fechado,Alagamento,2023-02-07,
31.0,91536,Higienópolis,2023-02-22 00:56:31+00:00,2023-02-22 01:38:59+00:00,Curto,"Rua miguel burnier, alt. r. manuel de morais - higienópolis",Baixo,-22.8696792,-43.2595773,Fechado,Alagamento,2023-02-22,
33.0,90167,Jardim guanabara,2023-02-05 16:37:54+00:00,2023-02-05 16:51:53+00:00,Curto,Estrada do galeão - alt. nº 1803 - jardim guanabara,Baixo,-22.8062489,-43.19991770000001,Fechado,Lâmina d'água,2023-02-05,
5.0,63653,Caju,2021-05-31 16:58:23+00:00,2021-06-01 14:29:25+00:00,Curto,"Praia do cajú, 330 - caju",Baixo,-22.879129,-43.212661,Fechado,Bolsão d'água em via,2021-05-31,
5.0,63221,Caju,2021-05-13 05:26:42+00:00,2021-05-13 13:31:00+00:00,Curto,Av. brasil - alt. caju - sent. z. oeste,Baixo,-22.8873898,-43.2242921,Fechado,Bolsão d'água em via,2021-05-13,
5.0,63594,Lagoa,2021-05-30 20:37:34+00:00,2021-05-30 21:35:26+00:00,Curto,"Av. borges de medeiros, alt. praça marcos tamoyo - lagoa",Baixo,-22.9617351,-43.2047325,Fechado,Bolsão d'água em via,2021-05-30,
5.0,63073,Lagoa,2021-05-07 14:42:56+00:00,2021-05-07 17:04:52+00:00,Curto,Av. borges de medeiros - alt. praça marcos tamoyo - lagoa - sent. gávea,Baixo,-22.96190797789449,-43.204330168647765,Fechado,Bolsão d'água em via,2021-05-07,
5.0,63050,Lagoa,2021-05-07 12:07:37+00:00,2021-05-07 13:14:52+00:00,Curto,Rua jardim botânico - alt. parque lage - jardim botânico - sent. gávea,Baixo,-22.96105789621461,-43.21162144232789,Fechado,Bolsão d'água em via,2021-05-07,
5.0,63054,Lagoa,2021-05-07 12:33:18+00:00,2021-05-07 15:11:09+00:00,Curto,Av. epitácio pessoa  2900 - lagoa - sent. túnel rebouças,Medio,-22.9731071,-43.2019981,Fechado,Bolsão d'água em via,2021-05-07,
5.0,63121,Lagoa,2021-05-09 08:35:58+00:00,2021-05-10 15:50:18+00:00,Curto,Av. borges de medeiros - alt. parque dos patins - lagoa - sent. tunel rebouças ,Baixo,-22.9728162,-43.2176378,Fechado,Bolsão d'água em via,2021-05-09,
5.0,63047,Lagoa,2021-05-07 11:49:46+00:00,2021-05-07 14:26:01+00:00,Curto,Av. epitácio pessoa - alt. r. vinicius de moraes - lagoa,Medio,-22.9742588,-43.2064927,Fechado,Bolsão d'água em via,2021-05-07,
5.0,63607,Lagoa,2021-05-30 22:41:09+00:00,2021-05-31 01:04:16+00:00,Curto,"Rua humaitá, alt. r. fonte da saudade - humaitá",Baixo,-22.9609031,-43.2024324,Fechado,Bolsão d'água em via,2021-05-30,
5.0,63586,Lagoa,2021-05-30 19:40:56+00:00,2021-05-30 21:29:07+00:00,Curto,"Av. alexandre ferreira, alt. vdo. túnel rebouças - lagoa",Baixo,-22.962119,-43.209022,Fechado,Bolsão d'água em via,2021-05-30,
5.0,63064,Catete,2021-05-07 13:54:09+00:00,2021-05-07 15:01:15+00:00,Curto,Largo do machado - alt. r. bento lisboa - catete,Baixo,-22.9306522,-43.1792123,Fechado,Bolsão d'água em via,2021-05-07,
5.0,63585,Catete,2021-05-30 19:34:13+00:00,2021-05-30 23:46:40+00:00,Curto,"Rua do catete, alt. r. silveira martins - catete ",Medio,-22.9259796,-43.1778145,Fechado,Bolsão d'água em via,2021-05-30,
5.0,63040,Catete,2021-05-07 10:49:50+00:00,2021-05-07 15:11:01+00:00,Curto,Rua do catete - alt. r. silveira martins - catete,Baixo,-22.925732,-43.1765863,Fechado,Bolsão d'água em via,2021-05-07,
5.0,63217,Catete,2021-05-13 05:06:46+00:00,2021-05-13 05:58:21+00:00,Curto,R. do catete - alt. rua silveira martins - catete,Baixo,-22.9269656,-43.1766115,Fechado,Bolsão d'água em via,2021-05-13,
5.0,63649,Centro,2021-05-31 13:06:52+00:00,2021-05-31 18:28:10+00:00,Curto,R. teixeira de freitas - alt. pç do passeio público - centro,Baixo,-22.9157143,-43.1762239,Fechado,Bolsão d'água em via,2021-05-31,
5.0,63069,Centro,2021-05-07 14:05:12+00:00,2021-05-07 16:48:09+00:00,Curto,Rua da conceição - alt. r. buenos aires - centro,Baixo,-22.9041679,-43.1822908,Fechado,Bolsão d'água em via,2021-05-07,
5.0,63212,Centro,2021-05-13 03:02:41+00:00,2021-05-13 04:01:11+00:00,Curto,Rua da lapa - alt. rua teixeira soares - centro,Baixo,-22.9158859,-43.177636,Fechado,Bolsão d'água em via,2021-05-13,
5.0,63211,Centro,2021-05-13 03:00:20+00:00,2021-05-13 03:56:27+00:00,Curto,R. da relação - alt. r. dos inválidos - centro,Baixo,-22.9105738,-43.1841486,Fechado,Bolsão d'água em via,2021-05-13,
5.0,63610,Gamboa,2021-05-30 23:24:08+00:00,2021-05-31 00:53:29+00:00,Curto,"Rua pedro ernesto, alt. r. da gamboa - gamboa",Baixo,-22.8964309,-43.1946113,Fechado,Bolsão d'água em via,2021-05-30,
5.0,63062,Gávea,2021-05-07 13:41:32+00:00,2021-05-07 15:07:14+00:00,Curto,Av. padre leonel franca - alt. entrada do túnel zuzu angle - gávea - sent. sâo conrado,Baixo,-22.9836075,-43.2380018,Fechado,Bolsão d'água em via,2021-05-07,
5.0,63627,Gávea,2021-05-31 06:32:28+00:00,2021-05-31 09:52:24+00:00,Curto,"Estr. da gávea, alt. rocinha - sent. gávea",Baixo,-22.9933386,-43.2540256,Fechado,Bolsão d'água em via,2021-05-31,
5.0,62994,Gávea,2021-05-06 05:45:46+00:00,2021-05-06 08:49:10+00:00,Curto,Estr. eng. fernando mac dowell - alt. sáida túnel zuzu angel - são conrado - sent. barra,Baixo,-22.9921964,-43.249421,Fechado,Bolsão d'água em via,2021-05-06,
5.0,63219,Irajá,2021-05-13 05:16:12+00:00,2021-05-13 08:46:37+00:00,Curto,Av. brasil - alt. trevo das margaridas - irajá - sent. centro,Baixo,-22.8204814,-43.3204012,Fechado,Bolsão d'água em via,2021-05-13,
5.0,63590,Leblon,2021-05-30 20:08:00+00:00,2021-05-30 21:39:06+00:00,Curto,"Rua mario ribeiro, alt. praça sibelius - leblon - sent. barra",Baixo,-22.9785319,-43.22617090000001,Fechado,Bolsão d'água em via,2021-05-30,
5.0,63045,Tijuca,2021-05-07 11:40:50+00:00,2021-05-07 15:01:09+00:00,Curto,Rua conde de bonfim - alt. r. visconde de cabo frio - tijuca,Baixo,-22.9320902,-43.24011609999999,Fechado,Bolsão d'água em via,2021-05-07,
5.0,63251,Gloria ,2021-05-13 16:56:17+00:00,2021-05-13 21:18:10+00:00,Curto,Av. beira mar - alt. hotel glória - gloria -sent. centro ,Baixo,-22.9149969,-43.1751436,Fechado,Bolsão d'água em via,2021-05-13,
5.0,63588,Glória,2021-05-30 19:53:05+00:00,2021-05-30 22:28:51+00:00,Curto,"Rua da glória, alt. r. benjamim constant - glória",Baixo,-22.9203436,-43.1772123,Fechado,Bolsão d'água em via,2021-05-30,
5.0,63599,Glória,2021-05-30 21:18:31+00:00,2021-05-31 01:21:00+00:00,Curto,Av. infante dom henrique - marina da glória - em ambos os sentidos,Baixo,-22.91969427898323,-43.17260249311523,Fechado,Bolsão d'água em via,2021-05-30,
5.0,63595,Ipanema,2021-05-30 20:45:13+00:00,2021-05-30 22:29:11+00:00,Curto,"Av. epitácio pessoa, alt. jardim de alah - leblon",Baixo,-22.9842706,-43.214505,Fechado,Bolsão d'água em via,2021-05-30,
5.0,63206,Ipanema,2021-05-12 21:12:36+00:00,2021-05-13 02:17:41+00:00,Curto,R. vinícius de moraes - alt. epitácio pessoa - ipanema,Baixo,-22.9797488,-43.2024596,Fechado,Bolsão d'água em via,2021-05-12,
5.0,63635,Piedade,2021-05-31 08:44:51+00:00,2021-05-31 10:41:09+00:00,Curto,"R. manoel vitorino, 887 - piedade",Baixo,-22.8909218,-43.30960719999999,Fechado,Bolsão d'água em via,2021-05-31,
5.0,63070,Botafogo,2021-05-07 14:06:09+00:00,2021-05-07 17:59:22+00:00,Curto,Praia de botafogo - alt. viaduto san tiago dantas - botafogo,Baixo,-22.9452168,-43.1821018,Fechado,Bolsão d'água em via,2021-05-07,
5.0,63049,Botafogo,2021-05-07 11:59:18+00:00,2021-05-07 17:16:01+00:00,Curto,Rua marquês de olinda - alt. r. assunção - botafogo,Baixo,-22.9435309,-43.1858481,Fechado,Bolsão d'água em via,2021-05-07,
5.0,63057,Botafogo,2021-05-07 13:05:19+00:00,2021-05-07 15:48:12+00:00,Curto,"Praia de botafogo, 308 - botafogo - sent. copacabana",Baixo,-22.9454948,-43.1821807,Fechado,Bolsão d'água em via,2021-05-07,
5.0,63591,Botafogo,2021-05-30 20:13:42+00:00,2021-05-30 22:25:15+00:00,Curto,"Rua muniz barreto, alt. r. marques de olinda - botafogo",Baixo,-22.9433527,-43.1836832,Fechado,Bolsão d'água em via,2021-05-30,
5.0,63053,Botafogo,2021-05-07 12:25:51+00:00,2021-05-07 14:30:13+00:00,Curto,Rua voluntários da pátria - alt. rua dona mariana - botafogo,Baixo,-22.9529156,-43.1886216,Fechado,Bolsão d'água em via,2021-05-07,
5.0,63584,Botafogo,2021-05-30 19:28:41+00:00,2021-05-30 22:23:42+00:00,Curto,"Rua real grandeza, alt. r. general polidoro - botafogo",Baixo,-22.9562581,-43.1862325,Fechado,Bolsão d'água em via,2021-05-30,
5.0,63593,Botafogo,2021-05-30 20:31:40+00:00,2021-05-30 23:47:38+00:00,Curto,"Praia de botafogo, alt. viaduto santiago dantas - botafogo",Baixo,-22.9428485,-43.1815106,Fechado,Bolsão d'água em via,2021-05-30,
5.0,63637,Cascadura,2021-05-31 08:51:08+00:00,2021-05-31 09:53:38+00:00,Curto,"R. goiás, 1334 - cascadura",Baixo,-22.885917,-43.324179,Fechado,Bolsão d'água em via,2021-05-31,
5.0,63634,Guadalupe,2021-05-31 08:38:47+00:00,2021-05-31 10:20:28+00:00,Curto,Av. brasil - alt. shopping guadalupe - sent. centro,Baixo,-22.8437329,-43.3742224,Fechado,Bolsão d'água em via,2021-05-31,
5.0,63589,Guaratiba,2021-05-30 19:58:56+00:00,2021-05-31 07:17:30+00:00,Curto,"Av. dom joão vi, alt. est. brt pingo d água - guaratiba - em ambos os sentidos",Baixo,-22.9649,-43.64727999999999,Fechado,Bolsão d'água em via,2021-05-30,
5.0,63632,Madureira,2021-05-31 08:13:43+00:00,2021-05-31 09:01:11+00:00,Curto,Av. ministro edgard romero - alt. r. conselheiro galvão - madureira,Baixo,-22.8725592,-43.33638759999999,Fechado,Bolsão d'água em via,2021-05-31,
5.0,63638,Madureira,2021-05-31 08:52:51+00:00,2021-05-31 12:30:24+00:00,Curto,"R. padre manso, 122 - madureira",Baixo,-22.879583,-43.337179,Fechado,Bolsão d'água em via,2021-05-31,
5.0,63060,Maracanã,2021-05-07 13:30:05+00:00,2021-05-07 17:48:03+00:00,Curto,Rua morais e silva - alt. prof gabizo,Baixo,-22.9125829,-43.221936,Fechado,Bolsão d'água em via,2021-05-07,
5.0,63587,Copacabana,2021-05-30 19:49:33+00:00,2021-05-31 00:36:49+00:00,Curto,"Rua tonelero, alt. r. siqueira - copacabana",Baixo,-22.9685938,-43.1891599,Fechado,Bolsão d'água em via,2021-05-30,
5.0,63055,Copacabana,2021-05-07 12:39:12+00:00,2021-05-07 15:01:12+00:00,Curto,Rua tonelero - alt. r. figueiredo de magalhães - copacabana,Baixo,-22.9680134,-43.18791470000001,Fechado,Bolsão d'água em via,2021-05-07,
5.0,63061,Copacabana,2021-05-07 13:34:04+00:00,2021-05-07 17:17:47+00:00,Curto,Rua tonelero - alt. r. siqueira campos - copacabana,Baixo,,,Fechado,Bolsão d'água em via,2021-05-07,
5.0,63252,Itanhangá,2021-05-13 17:15:51+00:00,2021-05-13 21:40:23+00:00,Curto,"Estr. do itanhangá, 1030 - itanhangá ",Baixo,-22.9964163,-43.3143077,Fechado,Bolsão d'água em via,2021-05-13,
5.0,63068,Itanhangá,2021-05-07 14:04:24+00:00,2021-05-07 21:12:01+00:00,Curto,"Estr. do itanhangá, 2260 - itanhangá",Baixo,-22.9952425,-43.3113164,Fechado,Bolsão d'água em via,2021-05-07,
5.0,63218,Manguinhos,2021-05-13 05:10:20+00:00,2021-05-13 06:10:06+00:00,Curto,Av. brasil - alt. viad. ataúlfo alves - manguinhos - sent. centro.,Baixo,-22.8850574,-43.2351722,Fechado,Bolsão d'água em via,2021-05-13,
5.0,63222,Manguinhos,2021-05-13 05:29:32+00:00,2021-05-13 08:55:58+00:00,Curto,Av. brasil - alt. passarela 09 - bonsucesso - sent. z. oeste,Baixo,-22.8604288,-43.2474949,Fechado,Bolsão d'água em via,2021-05-13,
5.0,63059,Manguinhos,2021-05-07 13:27:28+00:00,2021-05-07 15:05:58+00:00,Curto,Av. brasil - benfica - sent. z. oeste ,Medio,-22.8850574,-43.2351722,Fechado,Bolsão d'água em via,2021-05-07,
5.0,63067,Cidade nova,2021-05-07 14:02:10+00:00,2021-05-07 16:25:38+00:00,Curto,"Av. salvador de sá - alt. r. aníbal benévolo, - cidade nova",Baixo,-22.9122891,-43.198844,Fechado,Bolsão d'água em via,2021-05-07,
5.0,63044,Jacarepaguá,2021-05-07 11:32:04+00:00,2021-05-07 15:21:21+00:00,Curto,Av. ayrton senna - alt. vila do pan - sent. linha amarela ,Medio,-22.9719323,-43.3578607,Fechado,Bolsão d'água em via,2021-05-07,
5.0,63239,Jacarepaguá,2021-05-13 10:20:12+00:00,2021-05-13 17:57:27+00:00,Curto,Estr. de jacarepaguá - alt. academia água viva -sent. freguesia ,Baixo,-22.9633255,-43.3350005,Fechado,Bolsão d'água em via,2021-05-13,
5.0,63051,São conrado,2021-05-07 12:14:40+00:00,2021-05-07 14:46:18+00:00,Curto,"Av. niemeyer, 318 - são conrado - sent. leblon",Baixo,-22.997427,-43.2392783,Fechado,Bolsão d'água em via,2021-05-07,
5.0,63065,São conrado,2021-05-07 13:57:23+00:00,2021-05-07 15:01:18+00:00,Curto,Estr. fernando mac dowell - alt. gávea golf club - são conrado - sent. gávea,Baixo,-22.99727,-43.26289999999999,Fechado,Bolsão d'água em via,2021-05-07,
5.0,63597,São conrado,2021-05-30 21:03:12+00:00,2021-05-30 22:30:12+00:00,Curto,"Estr. eng. fernando mac dowell , alt. fashion mall - são conrado - sent. rocinha",Baixo,-22.9965695,-43.2596527,Fechado,Bolsão d'água em via,2021-05-30,
5.0,63611,São conrado,2021-05-30 23:53:49+00:00,2021-05-31 04:17:58+00:00,Curto,Rua gen. olímpio mourão filho - são conrado,Medio,-22.9931215,-43.2534455,Fechado,Bolsão d'água em via,2021-05-30,
5.0,63113,Vargem grande,2021-05-08 20:25:53+00:00,2021-05-09 08:51:28+00:00,Curto,Rua servidão sete de setembro - vargem grande,Baixo,-22.9892157,-43.472409,Fechado,Bolsão d'água em via,2021-05-08,
5.0,63613,Gardênia azul,2021-05-31 00:47:50+00:00,2021-05-31 08:31:01+00:00,Curto,"Av. ayrton senna, alt. gardênia azul - sent. orla",Baixo,-22.961922,-43.356938,Fechado,Bolsão d'água em via,2021-05-31,
5.0,63063,Gardênia azul,2021-05-07 13:46:35+00:00,2021-05-07 15:21:17+00:00,Curto,"Av. ayrton senna, 5850 - gardênia azul - sent. l. amarela",Baixo,-22.9608957,-43.3565433,Fechado,Bolsão d'água em via,2021-05-07,
5.0,63210,Gardênia azul,2021-05-13 02:23:31+00:00,2021-05-13 06:39:09+00:00,Curto,Av. ayrton senna - alt. subida linha amarela - gardênia azul - sent. fundão,Baixo,-22.9608957,-43.3565433,Fechado,Bolsão d'água em via,2021-05-13,
5.0,63601,Gardênia azul,2021-05-30 21:40:04+00:00,2021-05-31 08:30:22+00:00,Curto,"Av. ayrton senna, alt. gardênia azul - sent. linha amarela",Medio,-22.961922,-43.356938,Fechado,Bolsão d'água em via,2021-05-30,
5.0,63644,Jardim america,2021-05-31 10:43:56+00:00,2021-05-31 11:45:29+00:00,Curto,"R. francisco de souza e melo, 252 - jardim america ",Baixo,-22.8092932,-43.2867182,Fechado,Bolsão d'água em via,2021-05-31,
5.0,63238,Barra da tijuca,2021-05-13 10:12:36+00:00,2021-05-13 17:22:44+00:00,Curto,"Av. pref. dulcídio cardoso, 2318 - barra da tijuca",Baixo,-23.0050373,-43.3518361,Fechado,Bolsão d'água em via,2021-05-13,
5.0,63614,Barra da tijuca,2021-05-31 00:59:30+00:00,2021-05-31 01:50:21+00:00,Curto,"Av. ayrton senna, alt. av. emb. abelardo bueno - barra da tijuca - sent. orla",Baixo,-22.9739576,-43.3718677,Fechado,Bolsão d'água em via,2021-05-31,
5.0,63207,Barra da tijuca,2021-05-12 21:37:03+00:00,2021-05-13 08:50:01+00:00,Curto,Av. armando lombardi - alt. barra point - barra da tijuca - sent. recreio,Baixo,-23.0066933,-43.3106674,Fechado,Bolsão d'água em via,2021-05-12,
5.0,63596,Barra da tijuca,2021-05-30 20:57:00+00:00,2021-05-31 00:37:20+00:00,Curto,"Av. ayrton senna, alt. av. via parque - barra da tijuca - sent. linha amarela",Baixo,-22.9826906,-43.3641911,Fechado,Bolsão d'água em via,2021-05-30,
5.0,63582,Barra da tijuca,2021-05-30 18:45:47+00:00,2021-05-30 22:19:39+00:00,Curto,Av min. ivan lins- alt. hotel ibis - barra - sent. recreio ,Baixo,-23.0129114,-43.2978112,Fechado,Bolsão d'água em via,2021-05-30,
5.0,63602,Barra da tijuca,2021-05-30 21:42:58+00:00,2021-05-30 22:20:26+00:00,Curto,"Av. armando lombardi, alt. acesso barra point - barra da tijuca - sent. recreio",Baixo,-23.0062608,-43.3085822,Fechado,Bolsão d'água em via,2021-05-30,
5.0,63581,Barra da tijuca,2021-05-30 18:34:03+00:00,2021-05-30 22:18:03+00:00,Curto,Av. armando lombardi - alt. barra point - barra - sent. recreio,Baixo,-23.0066159,-43.3081833,Fechado,Bolsão d'água em via,2021-05-30,
5.0,63066,Barra da tijuca,2021-05-07 14:00:13+00:00,2021-05-07 20:56:54+00:00,Curto,"Estrada da barra da tijuca, 777 - barra da tijuca",Baixo,-23.0044435,-43.3061215,Fechado,Bolsão d'água em via,2021-05-07,
5.0,63036,Barra da tijuca,2021-05-07 10:37:14+00:00,2021-05-07 15:48:15+00:00,Curto,Av. armando lombardi - alt. barra point - barra ,Baixo,-23.0066933,-43.3106674,Fechado,Bolsão d'água em via,2021-05-07,
5.0,63097,São cristóvão,2021-05-08 09:41:58+00:00,2021-05-08 10:59:00+00:00,Curto,R. francisco eugênio - alt. estação de são cristovão - são cristóvão,Baixo,-22.9074094,-43.21529,Fechado,Bolsão d'água em via,2021-05-08,
5.0,63220,São cristóvão,2021-05-13 05:21:04+00:00,2021-05-13 06:08:48+00:00,Curto,Av. brasil - alt. into - são cristóvão - sent. centro,Baixo,-22.8965726,-43.21375700000001,Fechado,Bolsão d'água em via,2021-05-13,
5.0,63633,São cristóvão,2021-05-31 08:20:01+00:00,2021-05-31 20:20:22+00:00,Curto,Av. brasil - alt. rodoviária rio - são cristóvão - sent. centro ,Baixo,-22.8977299,-43.2121563,Fechado,Bolsão d'água em via,2021-05-31,
5.0,63636,Quintino bocaiuva,2021-05-31 08:48:38+00:00,2021-05-31 10:40:11+00:00,Curto,"R. padre manuel da nóbrega, 1124 - quintino bocaiuva",Baixo,-22.8767857,-43.3167648,Fechado,Bolsão d'água em via,2021-05-31,
6.0,63631,Zumbi,2021-05-31 07:46:45+00:00,2021-05-31 10:51:26+00:00,Curto,Estr. do rio jequiá - alt. 17° batalhão pm - zumbi ,Medio,-22.8205164,-43.1796634,Fechado,Alagamento,2021-05-31,
6.0,63058,Botafogo,2021-05-07 13:08:48+00:00,2021-05-07 15:03:33+00:00,Curto,"R. barão de lucena, 76 - botafogo",Medio,-22.9478982,-43.1878591,Fechado,Alagamento,2021-05-07,
6.0,63225,Itanhangá,2021-05-13 06:33:23+00:00,2021-05-13 17:20:58+00:00,Curto,Av engenheiro souza filho -  alt. rio das pedras - itanhangá,Medio,-22.9786046,-43.3336748,Fechado,Alagamento,2021-05-13,
6.0,63630,Itanhangá,2021-05-31 06:56:16+00:00,2021-05-31 09:20:56+00:00,Curto,"Av. eng. souza filho, alt. da muzema - ambos os sentidos",Medio,-22.9899253,-43.3216369,Fechado,Alagamento,2021-05-31,
33.0,63095,Copacabana,2021-05-08 09:05:57+00:00,2021-05-08 11:30:43+00:00,Curto,R. tonelero - alt. r. sirqueira campos - copacabana,Baixo,-22.9671127,-43.1861562,Fechado,Lâmina d'água,2021-05-08,
33.0,63209,Barra da tijuca,2021-05-13 01:05:06+00:00,2021-05-13 07:25:53+00:00,Curto,Av. armando lombardi - alt. brt jardim oceânico - barra da tijuca - sent. são conrado.,Baixo,-23.0066933,-43.3106674,Fechado,Lâmina d'água,2021-05-13,
33.0,63042,Barra da tijuca,2021-05-07 11:24:17+00:00,2021-05-07 12:11:21+00:00,Curto,Av. min. ivan lins - barra da tijuca,Baixo,-23.0129114,-43.2978112,Fechado,Lâmina d'água,2021-05-07,
33.0,63208,Barra da tijuca,2021-05-13 00:58:26+00:00,2021-05-13 02:16:05+00:00,Curto,Av. ministro ivan lins - alt. hotel ibis - barra da tijuca - sent. recreio dos bandeirantes.,Baixo,-23.0129114,-43.2978112,Fechado,Lâmina d'água,2021-05-13,
5.0,14134,Sem bairro,2017-02-02 19:30:32+00:00,2017-02-03 01:00:10+00:00,Desconhecido,"Av. alfredo balthazar da silveira, 580 - recreio dos bandeirantes",Baixo,-23.0101401,-43.442512299999976,Fechado,Bolsão d'água em via,2017-02-02,
5.0,14256,Sem bairro,2017-02-08 01:30:34+00:00,2017-02-08 03:05:52+00:00,Desconhecido,"Av. marechal fontenele, 1868 - jardim sulacap",Baixo,-22.8850826,-43.38970240000003,Fechado,Bolsão d'água em via,2017-02-08,
5.0,1638,Sem bairro,2015-10-05 10:44:02+00:00,2015-10-06 06:57:35+00:00,Desconhecido,"Estr. da gávea, 817 - s. conrado",Baixo,-22.99333064585147,-43.25350123352968,Fechado,Bolsão d'água em via,2015-10-05,
5.0,45926,Joá,2019-09-05 11:36:53+00:00,2019-09-05 18:44:05+00:00,Curto,Túnel do joá - sent. barra,Baixo,-23.0089063,-43.2863524,Fechado,Bolsão d'água em via,2019-09-05,
5.0,45831,Bangu,2019-09-02 10:10:33+00:00,2019-09-02 10:28:22+00:00,Curto,Av. brasil - bangu - sent. centro,Baixo,-22.855024625399576,-43.48565948168414,Fechado,Bolsão d'água em via,2019-09-02,
5.0,45869,Lagoa,2019-09-03 18:50:11+00:00,2019-09-03 22:27:43+00:00,Curto,"Av. epitácio pessoa, alt. r. maria quitéria - lagoa",Baixo,-22.9742588,-43.20649270000001,Fechado,Bolsão d'água em via,2019-09-03,
5.0,46543,Centro,2019-09-26 14:59:33+00:00,2019-09-26 17:15:31+00:00,Curto,"Av. passos, 40 - centro",Baixo,-22.9049875,-43.182815000000005,Fechado,Bolsão d'água em via,2019-09-26,
5.0,45866,Gávea,2019-09-03 18:41:10+00:00,2019-09-03 19:13:21+00:00,Curto,Praça sibéluis- gávea - sent. barra,Baixo,-22.9784731,-43.22613890000002,Fechado,Bolsão d'água em via,2019-09-03,
5.0,45867,Botafogo,2019-09-03 18:45:25+00:00,2019-09-03 19:15:40+00:00,Curto,"R. voluntários da pátria, alt. r. real grandeza - botafogo",Baixo,-22.9545984,-43.19298550000002,Fechado,Bolsão d'água em via,2019-09-03,
5.0,45868,Botafogo,2019-09-03 18:47:49+00:00,2019-09-03 19:15:56+00:00,Curto,"R. voluntários da pátria, 234 - botafogo",Baixo,-22.9533252,-43.18980639999995,Fechado,Bolsão d'água em via,2019-09-03,
5.0,46546,Abolição,2019-09-26 17:41:31+00:00,2019-09-26 19:27:25+00:00,Curto,"R. da abolição, 105 - engenho de dentro",Baixo,-22.8877551,-43.29642890000002,Fechado,Bolsão d'água em via,2019-09-26,
5.0,45872,Cavalcanti,2019-09-03 20:22:59+00:00,2019-09-03 20:30:41+00:00,Curto,"R. tumucumaque, 8 - alt. rua silva vale - cavalcanti",Baixo,-22.870092,-43.31214,Fechado,Bolsão d'água em via,2019-09-03,
5.0,45925,São conrado,2019-09-05 11:34:20+00:00,2019-09-05 18:44:22+00:00,Curto,R. gen. olímpio mourão filho - são conrado,Baixo,-22.9929246,-43.25395900000001,Fechado,Bolsão d'água em via,2019-09-05,
5.0,45813,Jardim carioca,2019-09-01 21:05:48+00:00,2019-09-01 22:50:10+00:00,Curto,"R. muiatuca, 74 - jardim carioca",Baixo,-22.8050121,-43.1967904,Fechado,Bolsão d'água em via,2019-09-01,
5.0,45871,Barra da tijuca,2019-09-03 18:56:45+00:00,2019-09-03 19:54:28+00:00,Curto,"Av. armando lombardi, 188 - alt. barra point - barra da tijuca -  sent. recreio",Baixo,-23.0066933,-43.3106674,Fechado,Bolsão d'água em via,2019-09-03,
5.0,45870,Barra da tijuca,2019-09-03 18:56:45+00:00,2019-09-03 20:02:25+00:00,Curto,"Av. armando lombardi, alt. barra point - barra da tijuca - sent. recreio",Baixo,-23.0066933,-43.3106674,Fechado,Bolsão d'água em via,2019-09-03,
5.0,45816,Parada de lucas,2019-09-01 22:54:34+00:00,2019-09-02 05:10:41+00:00,Curto,"Av. brasil, alt. de parada de lucas - sent. centro",Baixo,-22.8160216,-43.30331000000001,Fechado,Bolsão d'água em via,2019-09-01,
33.0,45876,Barra da tijuca,2019-09-04 05:52:20+00:00,2019-09-04 06:35:16+00:00,Curto,Avenida ministro ivan lins- alt. hotel ibis - barra da tijuca - sent.  lagoa,Baixo,-23.0129114,-43.29781120000001,Fechado,Lâmina d'água,2019-09-04,
5.0,54187,Ipanema,2020-06-29 04:00:51+00:00,2020-06-29 04:44:31+00:00,Curto,"Av. epitácio pessoa, alt. r. vinícius de moraes - ipanema",Baixo,-22.9808213,-43.2070364,Fechado,Bolsão d'água em via,2020-06-29,
5.0,53704,Rocinha,2020-06-04 19:49:26+00:00,2020-06-04 23:52:53+00:00,Curto,Autoestrada eng. fernando mac dowell - rocinha - sent. barra,Baixo,-22.9930504,-43.2533926,Fechado,Bolsão d'água em via,2020-06-04,
5.0,53706,Rocinha,2020-06-04 20:09:36+00:00,2020-06-04 23:26:47+00:00,Curto,"Rua gen. olímpio mourão filho, alt. retorno da rocinha - são conrado - sent. barra",Baixo,-22.9931215,-43.2534492,Fechado,Bolsão d'água em via,2020-06-04,
5.0,54154,Jacarepaguá,2020-06-27 16:41:54+00:00,2020-06-27 17:32:10+00:00,Curto,Av. ayrton senna - alt. subida ponte santos dumont - barra - sent. l. amarela,Baixo,-22.977960702752508,-43.36448973544311,Fechado,Bolsão d'água em via,2020-06-27,
5.0,53898,Barra da tijuca,2020-06-16 00:04:52+00:00,2020-06-16 06:10:12+00:00,Curto,"Av. armando lombardi, 188 - barra - sent. são conrado",Baixo,-23.0068307,-43.3107119,Fechado,Bolsão d'água em via,2020-06-16,
5.0,53703,Barra da tijuca,2020-06-04 19:43:09+00:00,2020-06-05 01:39:22+00:00,Curto,"Av. armando lombardi, alt. acesso barra point - barra da tijuca - sent. recreio",Baixo,-23.0068307,-43.3107119,Fechado,Bolsão d'água em via,2020-06-04,
5.0,53897,Barra da tijuca,2020-06-15 23:58:54+00:00,2020-06-16 09:00:21+00:00,Curto,"Av. armando lombardi, alt. acesso barra point - barra - sent. recreio",Baixo,-23.0068307,-43.3107119,Fechado,Bolsão d'água em via,2020-06-15,
5.0,53708,Barra da tijuca,2020-06-05 06:27:17+00:00,2020-06-05 10:01:33+00:00,Curto,"Av. min. ivan lins - barra da tijuca, alt. pte. da joatinga - sent. são conrado",Baixo,-23.0129114,-43.2978112,Fechado,Bolsão d'água em via,2020-06-05,
5.0,54191,Barra da tijuca,2020-06-29 07:15:16+00:00,2020-06-29 14:05:29+00:00,Curto,Av. ayrton senna ( mergulhão u ) - barra da tijuca,Baixo,-22.9829389,-43.3653695,Fechado,Bolsão d'água em via,2020-06-29,
5.0,54184,Barra da tijuca,2020-06-29 01:01:11+00:00,2020-06-29 03:25:59+00:00,Curto,"Av. armando lombardi, alt .acesso barra point - barra da tjuca - ambos os sentidos",Baixo,-23.0062608,-43.3085822,Fechado,Bolsão d'água em via,2020-06-29,
5.0,54159,Barra da tijuca,2020-06-27 17:13:29+00:00,2020-06-27 19:46:21+00:00,Curto,Mergulhão billy blanco u - barra da tijuca,Baixo,-22.9976374,-43.3667707,Fechado,Bolsão d'água em via,2020-06-27,
5.0,54186,São cristóvão,2020-06-29 03:23:34+00:00,2020-06-29 03:43:06+00:00,Curto,"R. bela, 689 - são cristóvão",Baixo,-22.889607,-43.223945,Fechado,Bolsão d'água em via,2020-06-29,
33.0,54150,Lagoa,2020-06-27 16:24:40+00:00,2020-06-27 18:03:23+00:00,Curto,Av. borges de medeiros - alt. rua martio ribeiro - lagoa,Baixo,-22.9771034,-43.2187523,Fechado,Lâmina d'água,2020-06-27,
5.0,10280,Sem bairro,2016-09-20 02:55:50+00:00,2016-09-20 09:04:30+00:00,Desconhecido,Rua bela x campo de são cristóvão - são cristovão,Baixo,-22.8982426,-43.218900599999984,Fechado,Bolsão d'água em via,2016-09-20,
5.0,10298,Sem bairro,2016-09-20 09:06:50+00:00,2016-09-20 09:44:27+00:00,Desconhecido,"Av. pastor martin luther king, 4667 - del castilho",Baixo,-22.8781743,-43.2736673,Fechado,Bolsão d'água em via,2016-09-20,
5.0,10273,Sem bairro,2016-09-20 01:48:34+00:00,2016-09-20 05:05:02+00:00,Desconhecido,Rua da america- santo cristo,Baixo,-22.9023869,-43.19971659999999,Fechado,Bolsão d'água em via,2016-09-20,
5.0,10281,Sem bairro,2016-09-20 03:00:08+00:00,2016-09-20 12:33:32+00:00,Desconhecido,Praça paris - aterro,Baixo,-22.90716294757496,-43.17304670370481,Fechado,Bolsão d'água em via,2016-09-20,
5.0,10277,Sem bairro,2016-09-20 02:04:11+00:00,2016-09-20 05:01:24+00:00,Desconhecido,"Av francisco bicalho, alt. unidos da tijuca",Baixo,-22.90487013594563,-43.209460373291,Fechado,Bolsão d'água em via,2016-09-20,
5.0,10290,Sem bairro,2016-09-20 06:40:29+00:00,2016-09-20 14:31:11+00:00,Desconhecido,Rua teixeira de freitas  - centro,Baixo,-22.9143489,-43.17636299999998,Fechado,Bolsão d'água em via,2016-09-20,
5.0,10276,Sem bairro,2016-09-20 02:02:07+00:00,2016-09-20 05:20:23+00:00,Desconhecido,Rua cidade lima  x  cordeiro da graça,Baixo,-22.905245685332986,-43.17793905294798,Fechado,Bolsão d'água em via,2016-09-20,
5.0,10274,Sem bairro,2016-09-20 01:56:29+00:00,2016-09-20 05:02:09+00:00,Desconhecido,Av. francisco bicalho x comandante garcia pires,Baixo,-22.90553228811305,-43.21029722250364,Fechado,Bolsão d'água em via,2016-09-20,
5.0,10312,Sem bairro,2016-09-20 14:58:57+00:00,2016-09-20 16:31:55+00:00,Desconhecido,R. teixeira de freitas - centro,Baixo,-22.9143489,-43.17636299999998,Fechado,Bolsão d'água em via,2016-09-20,
5.0,10284,Sem bairro,2016-09-20 05:55:39+00:00,2016-09-20 07:36:51+00:00,Desconhecido,Av. francisco bicalho -santo cristo,Baixo,-22.906194641996297,-43.210203268786586,Fechado,Bolsão d'água em via,2016-09-20,
5.0,10292,Sem bairro,2016-09-20 07:38:42+00:00,2016-09-20 09:27:14+00:00,Desconhecido,"Rua visconde de niterói, 33 - mangueira",Baixo,-22.904367,-43.2405819,Fechado,Bolsão d'água em via,2016-09-20,
5.0,10279,Sem bairro,2016-09-20 02:26:02+00:00,2016-09-20 05:03:51+00:00,Desconhecido,Av. brasil - benfica,Baixo,-22.8870242,-43.2320886,Fechado,Bolsão d'água em via,2016-09-20,
5.0,10275,Sem bairro,2016-09-20 02:00:44+00:00,2016-09-20 05:00:31+00:00,Desconhecido,Rua camerino - centro,Baixo,-22.9004272,-43.1866814,Fechado,Bolsão d'água em via,2016-09-20,
5.0,10272,Sem bairro,2016-09-20 01:43:56+00:00,2016-09-20 12:31:43+00:00,Desconhecido,Rua do catete - catete,Baixo,,,Fechado,Bolsão d'água em via,2016-09-20,
5.0,10283,Sem bairro,2016-09-20 05:52:18+00:00,2016-09-20 07:37:02+00:00,Desconhecido,"Av. brasil, 500 - caju",Baixo,-22.89373982006231,-43.215615065823386,Fechado,Bolsão d'água em via,2016-09-20,
5.0,10278,Sem bairro,2016-09-20 02:09:04+00:00,2016-09-20 11:20:30+00:00,Desconhecido,Rua pedro américo x rua do catete,Baixo,-22.9242191,-43.18152380000004,Fechado,Bolsão d'água em via,2016-09-20,
6.0,10302,Sem bairro,2016-09-20 10:36:41+00:00,2016-09-20 17:11:48+00:00,Desconhecido,"Rua do passeio, 63 - centro",Baixo,-22.91338946633923,-43.17761063201601,Fechado,Alagamento,2016-09-20,
5.0,77822,Lagoa,2022-07-14 04:02:07+00:00,2022-07-14 08:35:50+00:00,Curto,Rua jardim botânico - alt. parque laje - lagoa,Baixo,-22.96099862344596,-43.21024815131226,Fechado,Bolsão d'água em via,2022-07-14,
5.0,77819,Lagoa,2022-07-14 03:44:16+00:00,2022-07-14 10:13:57+00:00,Curto,Av. epitácio pessoa - alt. rua vitor maúrtua - lagoa,Baixo,-22.9651011,-43.2030953,Fechado,Bolsão d'água em via,2022-07-14,
5.0,77809,Lagoa,2022-07-14 00:48:55+00:00,2022-07-14 01:44:11+00:00,Curto,Av. alexandre ferreira - alt. rua prof° abelardo lobo - lagoa,Baixo,-22.9621198,-43.2077576,Fechado,Bolsão d'água em via,2022-07-14,
5.0,77818,Lagoa,2022-07-14 03:37:28+00:00,2022-07-14 05:07:09+00:00,Curto,"Av. epitácio pessoa, alt. r. vinícius de moraes - ipanema",Baixo,-22.9742628,-43.2064953,Fechado,Bolsão d'água em via,2022-07-14,
5.0,77805,Lagoa,2022-07-14 00:09:41+00:00,2022-07-14 05:11:07+00:00,Curto,Av. borges de medeiros - alt. rua oliveira da rocha  - lagoa - sent. gávea.,Baixo,-22.9643554,-43.2148472,Fechado,Bolsão d'água em via,2022-07-14,
5.0,77812,Lagoa,2022-07-14 01:12:56+00:00,2022-07-14 01:42:22+00:00,Curto,Av. borges de medeiros - alt. rua josé joaquim seabra - lagoa,Baixo,-22.9639769,-43.2166092,Fechado,Bolsão d'água em via,2022-07-14,
5.0,77835,Lagoa,2022-07-14 07:33:07+00:00,2022-07-14 11:32:05+00:00,Curto,Av. epitácio pessoa - alt. parque da catacumba - lagoa - sent. tn. rebouças,Baixo,-22.97248090924858,-43.20315124263609,Fechado,Bolsão d'água em via,2022-07-14,
5.0,77848,Lagoa,2022-07-14 09:29:11+00:00,2022-07-14 11:32:07+00:00,Curto,Av. borges de medeiros - alt. av. epitácio pessoa - sent. túnel rebouças,Baixo,-22.96154456763206,-43.204730755371095,Fechado,Bolsão d'água em via,2022-07-14,
5.0,77843,Lagoa,2022-07-14 08:20:19+00:00,2022-07-14 09:49:55+00:00,Curto,R. saturnino de brito - alt. av. borges de medeiros - lagoa ,Baixo,-22.9660698,-43.2175059,Fechado,Bolsão d'água em via,2022-07-14,
5.0,77810,Lagoa,2022-07-14 01:01:27+00:00,2022-07-14 01:43:12+00:00,Curto,Rua humaitá - alt. r. fonte da saudade - lagoa,Baixo,-22.9637,-43.2027975,Fechado,Bolsão d'água em via,2022-07-14,
5.0,77833,Lagoa,2022-07-14 07:24:23+00:00,2022-07-14 09:19:54+00:00,Curto,R. fonte da saudade - alt. pça. quintino bocaiuva - lagoa,Baixo,-22.96127972143862,-43.20307644973756,Fechado,Bolsão d'água em via,2022-07-14,
33.0,77825,Centro,2022-07-14 04:50:00+00:00,2022-07-14 06:01:46+00:00,Curto,R. teixeira de freitas - alt.  rua do passeio - centro - sent. lapa,Baixo,-22.9157143,-43.1762239,Fechado,Lâmina d'água,2022-07-14,
5.0,77838,Gávea,2022-07-14 07:53:18+00:00,2022-07-14 09:43:37+00:00,Curto,Estr. fernando macdowell - alt. voo livre - são conrado - sent. barra,Baixo,-22.9996402540861,-43.272253345043936,Fechado,Bolsão d'água em via,2022-07-14,
33.0,77806,Gávea,2022-07-14 00:16:57+00:00,2022-07-14 05:09:42+00:00,Curto,Rua jardim botânico - alt. praça santos dumont - gávea - ambos sentidos,Baixo,-22.9722222,-43.2245065,Fechado,Lâmina d'água,2022-07-14,
5.0,77811,Leblon,2022-07-14 01:09:49+00:00,2022-07-14 02:44:58+00:00,Curto,Av. borges de medeiros - alt. r. gilberto cardoso - leblon,Baixo,-22.9793367,-43.2203395,Fechado,Bolsão d'água em via,2022-07-14,
5.0,77824,Tijuca,2022-07-14 04:33:23+00:00,2022-07-14 05:50:04+00:00,Curto,R. haddock lobo - rua engenheiro abel - tijuca,Baixo,-22.9189372,-43.213431,Fechado,Bolsão d'água em via,2022-07-14,
5.0,78614,Galeão,2022-07-29 16:28:24+00:00,2022-07-29 17:18:07+00:00,Curto,Linha vermelha - km 7 - sent. baixada,Baixo,-22.8278692,-43.2503136,Fechado,Bolsão d'água em via,2022-07-29,
5.0,77817,Glória,2022-07-14 02:55:15+00:00,2022-07-14 07:37:09+00:00,Curto,Rua pedro américo - alt. r. do catete - glória,Baixo,-22.9238003,-43.177063,Fechado,Bolsão d'água em via,2022-07-14,
5.0,77816,Glória,2022-07-14 02:51:29+00:00,2022-07-14 07:37:07+00:00,Curto,R. do catete - alt  rua silveira martins - glória,Baixo,-22.9269656,-43.1766115,Fechado,Bolsão d'água em via,2022-07-14,
5.0,77832,Ipanema,2022-07-14 07:22:24+00:00,2022-07-14 09:49:53+00:00,Curto,"Av. epitácio pessoa, alt. r. vinícius de moraes - ipanema",Baixo,-22.9795584,-43.20256010000001,Fechado,Bolsão d'água em via,2022-07-14,
5.0,77840,Ipanema,2022-07-14 08:00:52+00:00,2022-07-14 10:04:43+00:00,Curto,Av. epitácio pessoa - alt. campo de beisebol - lagoa - sent. copacabana,Baixo,-22.9776541,-43.1998093,Fechado,Bolsão d'água em via,2022-07-14,
5.0,77820,Botafogo,2022-07-14 03:51:04+00:00,2022-07-14 09:36:47+00:00,Curto,R. muniz barreto - alt. rua marques de olinda - botafogo,Baixo,-22.9454349,-43.1840946,Fechado,Bolsão d'água em via,2022-07-14,
5.0,77823,Botafogo,2022-07-14 04:23:32+00:00,2022-07-14 07:38:08+00:00,Curto,R. muniz barreto - alt. rua visconde de ouro preto - botafogo,Baixo,-22.9454349,-43.1840946,Fechado,Bolsão d'água em via,2022-07-14,
5.0,77807,Botafogo,2022-07-14 00:21:55+00:00,2022-07-14 09:34:58+00:00,Curto,R. são clemente - alt. n° 226- botafogo,Baixo,-22.9497298,-43.1897674,Fechado,Bolsão d'água em via,2022-07-14,
5.0,77852,Botafogo,2022-07-14 11:41:00+00:00,2022-07-14 15:30:37+00:00,Curto,Rua são clemente - alt. r. sorocaba - botafogo,Baixo,-22.951015309146243,-43.19169334550782,Fechado,Bolsão d'água em via,2022-07-14,
5.0,77853,Botafogo,2022-07-14 12:22:32+00:00,2022-07-14 12:24:04+00:00,Curto,Rua sâo clemente - alt. rua das palmeiras - botafogo,Baixo,-22.95037830099766,-43.19199608241728,Fechado,Bolsão d'água em via,2022-07-14,
5.0,77831,Itanhangá,2022-07-14 07:12:44+00:00,2022-07-15 16:45:01+00:00,Curto,"Av. eng. souza filho, 555 - itanhangá",Medio,-22.966701,-43.33551,Fechado,Bolsão d'água em via,2022-07-14,
5.0,78612,Santa cruz,2022-07-29 15:50:10+00:00,2022-07-29 17:58:02+00:00,Curto,Av. cesário de melo - alt. brt curral falso - santa cruz,Baixo,-22.9197453,-43.6564221,Fechado,Bolsão d'água em via,2022-07-29,
5.0,78613,Praça seca,2022-07-29 16:19:56+00:00,2022-07-29 17:18:05+00:00,Curto,Rua candido benício - alt. brt ipase - praça seca ,Baixo,-22.904698,-43.3570479,Fechado,Bolsão d'água em via,2022-07-29,
5.0,77827,São conrado,2022-07-14 06:22:44+00:00,2022-07-14 09:43:35+00:00,Curto,Auto estrada fernando mac dowell - alt.  rocinha - sent. barra,Baixo,-22.99925,-43.26911,Fechado,Bolsão d'água em via,2022-07-14,
5.0,77837,São conrado,2022-07-14 07:49:45+00:00,2022-07-14 09:40:06+00:00,Curto,"Av. niemeyer, 318 - são conrado",Baixo,-22.9974271,-43.2392784,Fechado,Bolsão d'água em via,2022-07-14,
5.0,77842,Barra da tijuca,2022-07-14 08:14:58+00:00,2022-07-14 11:00:20+00:00,Curto,Av. heróis do gueto de varsóvia - alt. vilage mall - barra da tijuca,Baixo,-22.99745037866004,-43.3484619677063,Fechado,Bolsão d'água em via,2022-07-14,
5.0,77834,Barra da tijuca,2022-07-14 07:26:35+00:00,2022-07-14 10:21:23+00:00,Curto,Mergulhão billy blanco (mergulhão y) - barra da tijuca,Medio,-22.99710071175221,-43.36587000653076,Fechado,Bolsão d'água em via,2022-07-14,
5.0,77808,Jardim botânico,2022-07-14 00:42:57+00:00,2022-07-14 02:47:35+00:00,Curto,R. jardim botânico - alt. n° 50 - jardim botânico,Baixo,-22.9642239,-43.2174748,Fechado,Bolsão d'água em via,2022-07-14,
5.0,77804,Jardim botânico,2022-07-14 00:03:50+00:00,2022-07-14 02:46:29+00:00,Curto,Jardim botânico - alt. rua pacheco leão - jardim botânico,Baixo,-22.9665488,-43.2194341,Fechado,Bolsão d'água em via,2022-07-14,
5.0,77821,Jardim botânico,2022-07-14 03:58:19+00:00,2022-07-14 11:32:02+00:00,Curto,Rua prof° saldanha - alt. praça  general alcio souto - jardim botânico,Baixo,-22.9605261,-43.2049399,Fechado,Bolsão d'água em via,2022-07-14,
5.0,77857,Recreio dos bandeirantes,2022-07-14 13:48:51+00:00,2022-07-14 19:23:40+00:00,Curto,Estr. benvindo de novaes - 1374 - recreio,Baixo,-23.0026913,-43.4549546,Fechado,Bolsão d'água em via,2022-07-14,
5.0,31102,Sem bairro,2018-07-25 01:27:39+00:00,2018-07-25 05:06:50+00:00,Desconhecido,"Estrada da barra da tijuca, 1006 - barra da tijuca",Medio,,,Fechado,Bolsão d'água em via,2018-07-25,
5.0,31101,Sem bairro,2018-07-25 01:20:51+00:00,2018-07-25 05:06:59+00:00,Desconhecido,"Av. armando lombardi, alt. estação brt jd oceânico - barra da tijuca",Medio,,,Fechado,Bolsão d'água em via,2018-07-25,
5.0,31100,Sem bairro,2018-07-25 01:16:41+00:00,2018-07-25 05:07:05+00:00,Desconhecido,"Av. armando lombardi, alt. barra point - barra da tijuca",Medio,,,Fechado,Bolsão d'água em via,2018-07-25,
5.0,68,Sem bairro,2015-05-05 07:52:15+00:00,2015-05-05 09:34:00+00:00,Desconhecido,"Av eng souza filho,  itanhangá",Baixo,,,Fechado,Bolsão d'água em via,2015-05-05,
5.0,92569,Ramos,2023-03-10 16:31:18+00:00,2023-03-10 16:48:01+00:00,Curto,Av. brasil - alt. estr. do campinho - campo grande - sent. centro,Baixo,-22.8506857,-43.2478996,Fechado,Bolsão d'água em via,2023-03-10,
5.0,92400,Ramos,2023-03-07 15:33:21+00:00,2023-03-07 16:12:22+00:00,Curto,Av. brasil - alt. de guadalupe - sent. centro,Medio,-22.8506857,-43.2478996,Fechado,Bolsão d'água em via,2023-03-07,
5.0,92243,Tijuca,2023-03-05 17:16:15+00:00,2023-03-05 17:46:14+00:00,Curto,"Rua itacuruçá, - alt. nº 99 - tijuca",Baixo,-22.9329391,-43.2391714,Fechado,Bolsão d'água em via,2023-03-05,
5.0,92397,Madureira,2023-03-07 15:25:40+00:00,2023-03-07 16:11:30+00:00,Curto,Av. min. edgard romero x r. conselheiro galvão - madureira,Baixo,-22.8661268,-43.3343465,Fechado,Bolsão d'água em via,2023-03-07,
31.0,93930,Bonsucesso,2023-03-30 21:55:29+00:00,2023-03-30 21:56:36+00:00,Curto,Av. itaóca  - bonsucesso,Baixo,-22.8688193,-43.2674209,Fechado,Alagamento,2023-03-30,
5.0,93916,Bonsucesso,2023-03-30 21:05:58+00:00,2023-03-30 21:07:33+00:00,Curto,Rua cardoso de morais - bonsucesso,Baixo,-22.859936,-43.25588399999999,Fechado,Bolsão d'água em via,2023-03-30,
5.0,93672,Copacabana,2023-03-27 05:12:22+00:00,2023-03-27 06:18:50+00:00,Curto,R. tonelero - alt. rua siqueira campos - copacabana,Baixo,-22.9666427,-43.1852321,Fechado,Bolsão d'água em via,2023-03-27,
5.0,93934,Mal. hermes,2023-03-30 22:40:10+00:00,2023-03-30 22:41:32+00:00,Curto,R. piracaia - mal. hermes,Baixo,-22.8529269,-43.3649973,Fechado,Bolsão d'água em via,2023-03-30,
33.0,92705,Campo grande,2023-03-12 14:52:48+00:00,2023-03-12 14:54:00+00:00,Curto,Estr. rio do a - alt. estr rio são paulo - sent.  guaratiba,Baixo,-22.897407,-43.564858,Fechado,Lâmina d'água,2023-03-12,
5.0,92504,Campo grande,2023-03-09 16:59:08+00:00,2023-03-09 17:01:51+00:00,Curto,Estr. do mendanha - alt. n° 1161 - campo grande,Baixo,-22.8711864,-43.55467669999999,Fechado,Bolsão d'água em via,2023-03-09,
5.0,92652,Campo grande,2023-03-11 19:36:25+00:00,2023-03-11 20:45:41+00:00,Curto,R. camaipi - campo grande,Baixo,-22.9067958,-43.5462301,Fechado,Bolsão d'água em via,2023-03-11,
5.0,92651,Campo grande,2023-03-11 19:35:33+00:00,2023-03-11 20:54:44+00:00,Curto,Av. dom sebastião primeiro - campo grande,Baixo,-22.9053972,-43.5512447,Fechado,Bolsão d'água em via,2023-03-11,
5.0,93680,Jacarepaguá,2023-03-27 06:29:59+00:00,2023-03-27 07:32:53+00:00,Curto,Av. ayrton senna - alt. mercado assaí - jacarepaguá,Baixo,-22.9583956,-43.3567922,Fechado,Bolsão d'água em via,2023-03-27,
5.0,92681,Barra da tijuca,2023-03-12 07:41:43+00:00,2023-03-12 08:31:22+00:00,Curto,Av. das américas - alt. nº 3434 - barra da tijuca - sent. são conrado,Baixo,-22.9978686,-43.3462685,Fechado,Bolsão d'água em via,2023-03-12,
5.0,92658,Sen. vasconcelos,2023-03-11 19:43:04+00:00,2023-03-11 20:55:41+00:00,Curto,R. artur rios - campo grande,Baixo,-22.8998612,-43.5426268,Fechado,Bolsão d'água em via,2023-03-11,
5.0,93897,São cristóvão,2023-03-30 19:44:17+00:00,2023-03-30 20:35:02+00:00,Curto,Largo da cancela - r. são luiz gonzaga - são cristóvão,Baixo,-22.9003568,-43.2247522,Fechado,Bolsão d'água em via,2023-03-30,
5.0,92398,Magalhães bastos,2023-03-07 15:28:17+00:00,2023-03-07 16:07:02+00:00,Curto,Rua almirante milanêz - alt. transolímpica - magalhães bastos,Baixo,-22.8731129,-43.4094974,Fechado,Bolsão d'água em via,2023-03-07,
5.0,36552,Sem bairro,2018-11-07 21:57:59+00:00,2018-11-07 23:20:00+00:00,Desconhecido,Av brasil - alt. entrada l. amarela,Baixo,-22.8612161,-43.4522437,Fechado,Bolsão d'água em via,2018-11-07,
5.0,36556,Sem bairro,2018-11-07 22:27:53+00:00,2018-11-08 00:47:43+00:00,Desconhecido,Rua catete - esq. silveira matins - catete,Baixo,-22.9269656,-43.17661150000004,Fechado,Bolsão d'água em via,2018-11-07,
5.0,36549,Sem bairro,2018-11-07 21:42:41+00:00,2018-11-08 08:13:30+00:00,Desconhecido,Av. brasil - alt. viaduto ataulfo alves,Baixo,,,Fechado,Bolsão d'água em via,2018-11-07,
5.0,36557,Sem bairro,2018-11-07 22:33:51+00:00,2018-11-07 23:22:53+00:00,Desconhecido,R candido benicio - alt. brt ipase,Baixo,-22.8986671,-43.35287410000001,Fechado,Bolsão d'água em via,2018-11-07,
5.0,36551,Sem bairro,2018-11-07 21:53:25+00:00,2018-11-08 00:45:57+00:00,Desconhecido,Praça da república com r. vinte de abril - centro,Baixo,-22.9061823,-43.18722650000001,Fechado,Bolsão d'água em via,2018-11-07,
5.0,36553,Sem bairro,2018-11-07 22:08:33+00:00,2018-11-08 06:44:25+00:00,Desconhecido,Av. pres. vargas - alt. prefeitura ,Baixo,-22.906285,-43.19495760000001,Fechado,Bolsão d'água em via,2018-11-07,
5.0,36547,Sem bairro,2018-11-07 21:30:01+00:00,2018-11-07 22:53:55+00:00,Desconhecido,Rua men de sá - esq. r. de santana,Baixo,,,Fechado,Bolsão d'água em via,2018-11-07,
5.0,36550,Sem bairro,2018-11-07 21:49:08+00:00,2018-11-07 23:31:14+00:00,Desconhecido,R. pedro américo com rua do catete,Baixo,-22.9241954,-43.18152420000001,Fechado,Bolsão d'água em via,2018-11-07,
5.0,36548,Sem bairro,2018-11-07 21:38:54+00:00,2018-11-07 23:27:23+00:00,Desconhecido,"R. bela, esq. campo de são cristovão",Baixo,-22.8857294,-43.22727179999998,Fechado,Bolsão d'água em via,2018-11-07,
5.0,36591,Sem bairro,2018-11-08 10:00:54+00:00,2018-11-09 19:46:14+00:00,Desconhecido,"Praia de botafogo, 190 - botafogo",Baixo,-22.94132,-43.18027269999999,Fechado,Bolsão d'água em via,2018-11-08,
5.0,36567,Sem bairro,2018-11-08 05:29:32+00:00,2018-11-08 07:11:11+00:00,Desconhecido,"Av. brasil, alt. linha amarela",Baixo,,,Fechado,Bolsão d'água em via,2018-11-08,
5.0,36569,Sem bairro,2018-11-08 06:01:29+00:00,2018-11-08 09:02:43+00:00,Desconhecido,"Av. pres. vargas, alt. cidade nova",Baixo,,,Fechado,Bolsão d'água em via,2018-11-08,
5.0,36583,Sem bairro,2018-11-08 07:52:27+00:00,2018-11-08 08:41:18+00:00,Desconhecido,"Av. rio branco, alt. av. beira mar - centro",Baixo,-22.9179432,-43.17546909999999,Fechado,Bolsão d'água em via,2018-11-08,
5.0,36566,Sem bairro,2018-11-08 05:22:58+00:00,2018-11-08 09:18:18+00:00,Desconhecido,"Av. brasil, alt. coelho neto ",Baixo,,,Fechado,Bolsão d'água em via,2018-11-08,
5.0,36613,Sem bairro,2018-11-08 15:50:11+00:00,2018-11-08 15:55:20+00:00,Desconhecido,Av. borges de medeiros - alt maconhão - lagoa,Baixo,-22.9618296,-43.20474990000002,Fechado,Bolsão d'água em via,2018-11-08,
5.0,36575,Sem bairro,2018-11-08 07:05:20+00:00,2018-11-08 10:10:54+00:00,Desconhecido,"R. barão do bom retiro, alt. colégio pedro ii",Baixo,-22.9134962,-43.26460470000001,Fechado,Bolsão d'água em via,2018-11-08,
5.0,36603,Sem bairro,2018-11-08 12:05:38+00:00,2018-11-08 12:09:57+00:00,Desconhecido,"R. cap. sampaio, 61 - del castilho",Baixo,-22.8798304,-43.2727726,Fechado,Bolsão d'água em via,2018-11-08,
5.0,36560,Sem bairro,2018-11-08 03:16:08+00:00,2018-11-08 07:04:22+00:00,Desconhecido,Av brasil - alt. rua bela ,Baixo,-22.8612161,-43.4522437,Fechado,Bolsão d'água em via,2018-11-08,
5.0,36572,Sem bairro,2018-11-08 06:17:43+00:00,2018-11-08 09:52:46+00:00,Desconhecido,"Av. brasil, alt. av. automóvel clube",Baixo,-23.0296612,-43.46899289999999,Fechado,Bolsão d'água em via,2018-11-08,
5.0,36581,Sem bairro,2018-11-08 07:48:09+00:00,2018-11-09 20:08:22+00:00,Desconhecido,Praia do cajú  - caju,Baixo,-22.8790981,-43.21327389999999,Fechado,Bolsão d'água em via,2018-11-08,
5.0,36568,Sem bairro,2018-11-08 05:34:49+00:00,2018-11-08 06:46:50+00:00,Desconhecido,"R. vinte e quatro de maio, r. da bela vista - sampaio",Baixo,-22.9027856,-43.2680694,Fechado,Bolsão d'água em via,2018-11-08,
5.0,36586,Sem bairro,2018-11-08 08:40:32+00:00,2018-11-08 11:22:56+00:00,Desconhecido,"R. santo sepulcro, 146 - madureira",Medio,-22.8775622,-43.331100100000015,Fechado,Bolsão d'água em via,2018-11-08,
5.0,36573,Sem bairro,2018-11-08 06:47:26+00:00,2018-11-08 08:45:37+00:00,Desconhecido,"R. do catete, alt. r. silveira martins - glória",Baixo,-22.9255454,-43.17673790000004,Fechado,Bolsão d'água em via,2018-11-08,
5.0,36561,Sem bairro,2018-11-08 03:25:15+00:00,2018-11-08 07:28:50+00:00,Desconhecido,Av. armando lombardi -alt. acesso barra point - barra,Baixo,-23.0065978,-43.31066020000003,Fechado,Bolsão d'água em via,2018-11-08,
5.0,36587,Sem bairro,2018-11-08 08:44:48+00:00,2018-11-08 09:28:28+00:00,Desconhecido,"Av. rio branco, alt av. beira mar - centro",Baixo,-22.9059821,-43.17732490000003,Fechado,Bolsão d'água em via,2018-11-08,
5.0,36562,Sem bairro,2018-11-08 04:26:43+00:00,2018-11-08 11:50:49+00:00,Desconhecido,Av. brasil - alt. fiorenza,Baixo,-22.8612161,-43.4522437,Fechado,Bolsão d'água em via,2018-11-08,
5.0,36565,Sem bairro,2018-11-08 04:59:53+00:00,2018-11-08 06:31:56+00:00,Desconhecido,"Av. ayrton senna, - alt. barra  music - jpa",Baixo,-22.9608551,-43.35669310000003,Fechado,Bolsão d'água em via,2018-11-08,
5.0,36576,Sem bairro,2018-11-08 07:07:40+00:00,2018-11-08 07:22:35+00:00,Desconhecido,"Estrada benvindo de novaes, 1825 - recreio",Baixo,-23.006033986354264,-43.45748618224792,Fechado,Bolsão d'água em via,2018-11-08,
5.0,36582,Sem bairro,2018-11-08 07:49:59+00:00,2018-11-08 08:43:37+00:00,Desconhecido,R. carlos seidl  - cajú,Baixo,-22.8789184,-43.22446479999997,Fechado,Bolsão d'água em via,2018-11-08,
5.0,36571,Sem bairro,2018-11-08 06:12:06+00:00,2018-11-08 07:00:36+00:00,Desconhecido,"Av. genaro de carvalho, alt. r. henrique stamile coutinho - recreio dos bandeirantes",Baixo,-23.0180079,-43.464022,Fechado,Bolsão d'água em via,2018-11-08,
5.0,36585,Sem bairro,2018-11-08 08:36:23+00:00,2018-11-10 16:38:12+00:00,Desconhecido,Av. eng. souza filho - rio das pedras,Medio,-22.9786046,-43.33367479999998,Fechado,Bolsão d'água em via,2018-11-08,
5.0,36588,Sem bairro,2018-11-08 08:47:58+00:00,2018-11-08 09:58:41+00:00,Desconhecido,"R. carlos seixas, 340 - caju",Baixo,-22.8762614,-43.23073099999999,Fechado,Bolsão d'água em via,2018-11-08,
5.0,36649,Sem bairro,2018-11-09 16:18:02+00:00,2018-11-09 19:27:40+00:00,Desconhecido,"Av. armando lombardi, 350 - alt. do barra point",Baixo,-23.0062772,-43.30857209999999,Fechado,Bolsão d'água em via,2018-11-09,
5.0,36921,Sem bairro,2018-11-19 16:50:40+00:00,2018-11-19 18:26:50+00:00,Desconhecido,R. visc. de ouro preto - alt. rua natal - botafogo,Baixo,-22.9460416,-43.18392610000001,Fechado,Bolsão d'água em via,2018-11-19,
5.0,36920,Sem bairro,2018-11-19 16:10:44+00:00,2018-11-19 18:20:56+00:00,Desconhecido,"Av. borges de medeiros, alt. viaduto saint hilaire",Baixo,,,Fechado,Bolsão d'água em via,2018-11-19,
5.0,36924,Sem bairro,2018-11-19 17:06:38+00:00,2018-11-19 20:09:34+00:00,Desconhecido,"Av. brasil,  - alt. passarela 28 - coelho neto",Baixo,-22.8309475,-43.35040960000004,Fechado,Bolsão d'água em via,2018-11-19,
5.0,36925,Sem bairro,2018-11-19 17:31:30+00:00,2018-11-19 18:25:10+00:00,Desconhecido,Rua siqueira campos - esq. rua tonolero- copacabana,Baixo,-22.9672312,-43.1862481,Fechado,Bolsão d'água em via,2018-11-19,
5.0,36935,Sem bairro,2018-11-19 20:05:05+00:00,2018-11-19 20:51:00+00:00,Desconhecido,R. visc. de ouro preto - alt. rua natal - botafogo,Baixo,-22.9462463,-43.1855559,Fechado,Bolsão d'água em via,2018-11-19,
5.0,36947,Sem bairro,2018-11-20 07:41:45+00:00,2018-11-20 09:47:20+00:00,Desconhecido,"Av. república do paraguai, 175 - centro",Baixo,-22.9084931,-43.18047230000002,Fechado,Bolsão d'água em via,2018-11-20,
5.0,36942,Sem bairro,2018-11-20 05:22:39+00:00,2018-11-20 14:56:51+00:00,Desconhecido,"Av. brasil, alt. viaduto ataulfo alves - benfica",Baixo,-22.8852693,-43.23482799999999,Fechado,Bolsão d'água em via,2018-11-20,
5.0,37073,Sem bairro,2018-11-23 19:39:18+00:00,2018-11-23 21:50:49+00:00,Desconhecido,"Estr. dos bandeirantes, - alt. orlof palm ",Baixo,-22.9889391,-43.4405213,Fechado,Bolsão d'água em via,2018-11-23,
5.0,37123,Sem bairro,2018-11-25 23:26:21+00:00,2018-11-26 02:21:54+00:00,Desconhecido,"Rua cândido benício, alt. brt ipase - praça seca",Baixo,-22.9046925,-43.357058,Fechado,Bolsão d'água em via,2018-11-25,
5.0,37124,Sem bairro,2018-11-25 23:56:00+00:00,2018-11-26 02:20:32+00:00,Desconhecido,"Estrada do tindiba, alt. r. caviana - taquara",Baixo,-22.9238267,-43.37185369999997,Fechado,Bolsão d'água em via,2018-11-25,
5.0,37125,Sem bairro,2018-11-26 00:00:16+00:00,2018-11-26 02:19:43+00:00,Desconhecido,"Estrada do tindiba, alt. praça jauru",Baixo,-22.9156565,-43.37807099999998,Fechado,Bolsão d'água em via,2018-11-26,
5.0,37167,Sem bairro,2018-11-26 11:10:46+00:00,2018-11-26 12:28:07+00:00,Desconhecido,"Av. epitácio pessoa, alt. parque da catacumba - lagoa",Baixo,-22.9722932,-43.2035247,Fechado,Bolsão d'água em via,2018-11-26,
5.0,37144,Sem bairro,2018-11-26 06:43:45+00:00,2018-11-26 08:51:40+00:00,Desconhecido,"R. jardim botânico, alt. parque lage - jardim botânico",Baixo,-22.9643142,-43.21758669999997,Fechado,Bolsão d'água em via,2018-11-26,
5.0,37134,Sem bairro,2018-11-26 05:38:48+00:00,2018-11-26 08:42:26+00:00,Desconhecido,"Rua do catete, alt. r. das laranjeiras - largo do machado",Baixo,-22.930645,-43.17947700000002,Fechado,Bolsão d'água em via,2018-11-26,
5.0,37153,Sem bairro,2018-11-26 07:26:02+00:00,2018-11-26 09:05:50+00:00,Desconhecido,"Av. pasteur, alt. benjamim constant  - urca",Baixo,-22.9519572,-43.17386640000001,Fechado,Bolsão d'água em via,2018-11-26,
5.0,37172,Sem bairro,2018-11-26 13:15:34+00:00,2018-11-28 07:12:54+00:00,Desconhecido,"Av. eng. souza filho, 1075 - itanhangá",Baixo,-22.9880382,-43.32834969999999,Fechado,Bolsão d'água em via,2018-11-26,
5.0,37157,Sem bairro,2018-11-26 08:11:03+00:00,2018-11-26 09:48:53+00:00,Desconhecido,"Av. epitácio pessoa, alt. r. vinicius de moraes - lagoa",Baixo,,,Fechado,Bolsão d'água em via,2018-11-26,
5.0,37129,Sem bairro,2018-11-26 01:45:29+00:00,2018-11-26 04:35:29+00:00,Desconhecido,"Estr. do catonho, 2447 - jardim sulacap",Baixo,-22.8962142,-43.39823130000002,Fechado,Bolsão d'água em via,2018-11-26,
5.0,37150,Sem bairro,2018-11-26 07:10:54+00:00,2018-11-26 15:01:54+00:00,Desconhecido,"Estr. eng. fernando mac dowell, alt. rocinha - são conrado",Baixo,-22.9971128,-43.26265790000002,Fechado,Bolsão d'água em via,2018-11-26,
5.0,37151,Sem bairro,2018-11-26 07:13:43+00:00,2018-11-26 08:27:57+00:00,Desconhecido,"Av. armando lombardi, alt. barra point - barra da tijuca",Baixo,-23.0065978,-43.31066020000003,Fechado,Bolsão d'água em via,2018-11-26,
5.0,37149,Sem bairro,2018-11-26 07:06:18+00:00,2018-11-26 08:38:30+00:00,Desconhecido,"Av. padre leonel franca, alt. praça sibélius - gávea",Baixo,-22.9807325,-43.232635500000015,Fechado,Bolsão d'água em via,2018-11-26,
5.0,37148,Sem bairro,2018-11-26 07:02:45+00:00,2018-11-26 08:32:04+00:00,Desconhecido,"R. voluntários da pátria, alt. r. dona mariana - botafogo",Baixo,-22.9533252,-43.18980639999995,Fechado,Bolsão d'água em via,2018-11-26,
5.0,37152,Sem bairro,2018-11-26 07:16:41+00:00,2018-11-26 07:46:57+00:00,Desconhecido,"R. visc. de ouro preto, alt. r. muniz barreto - botafogo",Baixo,-22.9460416,-43.18392610000001,Fechado,Bolsão d'água em via,2018-11-26,
5.0,37162,Sem bairro,2018-11-26 10:18:38+00:00,2018-11-27 06:50:02+00:00,Desconhecido,"R. joviania, alt. r. areca",Baixo,,,Fechado,Bolsão d'água em via,2018-11-26,
5.0,37171,Sem bairro,2018-11-26 13:08:00+00:00,2018-11-26 15:36:42+00:00,Desconhecido,"R. joão vicente, 2004 - mal. hermes",Baixo,-22.8585347,-43.37957230000001,Fechado,Bolsão d'água em via,2018-11-26,
5.0,37145,Sem bairro,2018-11-26 06:49:23+00:00,2018-11-26 08:47:34+00:00,Desconhecido,"Rua humaitá, alt. r. macedo sobrinho - humaitá",Baixo,-22.9579332,-43.19949840000004,Fechado,Bolsão d'água em via,2018-11-26,
5.0,37159,Sem bairro,2018-11-26 08:19:53+00:00,2018-11-26 09:40:36+00:00,Desconhecido,"Av. epitácio pessoa, alt. parque da catacumba - lagoa",Baixo,,,Fechado,Bolsão d'água em via,2018-11-26,
5.0,37137,Sem bairro,2018-11-26 05:53:37+00:00,2018-11-26 11:55:11+00:00,Desconhecido,"R. fonte da saudade, 179 - lagoa",Baixo,-22.9639861,-43.20262030000004,Fechado,Bolsão d'água em via,2018-11-26,
5.0,37136,Sem bairro,2018-11-26 05:51:16+00:00,2018-11-26 09:43:47+00:00,Desconhecido,"Av. epitácio pessoa, 4560 - lagoa",Baixo,-22.9677394,-43.20356279999999,Fechado,Bolsão d'água em via,2018-11-26,
5.0,37127,Sem bairro,2018-11-26 00:11:08+00:00,2018-11-26 03:08:55+00:00,Desconhecido,"Av. nelson cardoso, alt. r. bacairis - taquara",Baixo,-22.922224,-43.37100699999996,Fechado,Bolsão d'água em via,2018-11-26,
5.0,37143,Sem bairro,2018-11-26 06:40:54+00:00,2018-11-26 08:52:04+00:00,Desconhecido,"R. jardim botânico, alt. r. maria angélica - jardim botânico",Baixo,-22.9607008,-43.20794769999998,Fechado,Bolsão d'água em via,2018-11-26,
5.0,37165,Sem bairro,2018-11-26 10:33:56+00:00,2018-11-26 11:47:23+00:00,Desconhecido,"Av. padre leonel franca, alt. praça sibélius - gávea",Baixo,-22.9770657,-43.22635969999999,Fechado,Bolsão d'água em via,2018-11-26,
5.0,37142,Sem bairro,2018-11-26 06:30:06+00:00,2018-11-26 08:35:51+00:00,Desconhecido,"Praia de botafogo, entre. r marquês de abrantes e r. voluntários de pátria - botafogo",Baixo,-22.9454948,-43.1821807,Fechado,Bolsão d'água em via,2018-11-26,
5.0,37135,Sem bairro,2018-11-26 05:47:43+00:00,2018-11-26 09:53:00+00:00,Desconhecido,"Av. borges de medeiros, 2475 - lagoa",Baixo,-22.9661014,-43.21675540000001,Fechado,Bolsão d'água em via,2018-11-26,
5.0,37147,Sem bairro,2018-11-26 06:59:03+00:00,2018-11-26 09:08:43+00:00,Desconhecido,"R. professor abelardo lobo, alt. r. prof. saldanha - lagoa",Baixo,-22.9614006,-43.20490649999999,Fechado,Bolsão d'água em via,2018-11-26,
5.0,37166,Sem bairro,2018-11-26 10:50:19+00:00,2018-11-26 11:50:27+00:00,Desconhecido,"Av. epitácio pessoa, alt. r. vinicius de moraes - lagoa",Baixo,-22.9708637,-43.206964500000026,Fechado,Bolsão d'água em via,2018-11-26,
5.0,37156,Sem bairro,2018-11-26 08:04:36+00:00,2018-11-26 09:21:14+00:00,Desconhecido,"R. min. raul machado, alt. r. mário ribeiro - gávea",Baixo,-22.9787762,-43.2219715,Fechado,Bolsão d'água em via,2018-11-26,
5.0,37155,Sem bairro,2018-11-26 07:33:56+00:00,2018-11-26 08:47:03+00:00,Desconhecido,"Av. oswaldo cruz, alt. aterro - botafogo",Baixo,,,Fechado,Bolsão d'água em via,2018-11-26,
5.0,37133,Sem bairro,2018-11-26 05:29:25+00:00,2018-11-26 08:42:56+00:00,Desconhecido,"Rua do catete, alt. r. silveira martins - catete",Baixo,-22.9259854,-43.17783370000001,Fechado,Bolsão d'água em via,2018-11-26,
5.0,37128,Sem bairro,2018-11-26 01:41:05+00:00,2018-11-26 04:35:16+00:00,Desconhecido,"R. iriquitia, 583 - taquara",Baixo,-22.9200908,-43.376241400000026,Fechado,Bolsão d'água em via,2018-11-26,
5.0,37126,Sem bairro,2018-11-26 00:04:39+00:00,2018-11-26 02:19:54+00:00,Desconhecido,"Rua bacairis, alt. r. apiacás - taquara",Baixo,-22.9184524,-43.3735934,Fechado,Bolsão d'água em via,2018-11-26,
5.0,37138,Sem bairro,2018-11-26 05:57:51+00:00,2018-11-26 11:55:23+00:00,Desconhecido,"Praça gen. alcio souto, alt. da lagoa",Baixo,-22.9611681,-43.20387170000004,Fechado,Bolsão d'água em via,2018-11-26,
5.0,37164,Sem bairro,2018-11-26 10:25:03+00:00,2018-11-28 06:06:17+00:00,Desconhecido,Muzema,Baixo,,,Fechado,Bolsão d'água em via,2018-11-26,
5.0,37132,Sem bairro,2018-11-26 05:19:28+00:00,2018-11-26 08:24:56+00:00,Desconhecido,"Rua voluntários da pátria, alt. r. real grandeza - botafogo",Baixo,-22.9533252,-43.18980639999995,Fechado,Bolsão d'água em via,2018-11-26,
5.0,37204,Sem bairro,2018-11-28 07:13:18+00:00,2018-11-28 07:33:47+00:00,Desconhecido,"Av. eng. souza filho, 1075 - itanhangá",Baixo,,,Fechado,Bolsão d'água em via,2018-11-28,
31.0,37122,Sem bairro,2018-11-25 23:20:48+00:00,2018-11-26 01:03:26+00:00,Desconhecido,"Rua cândido benício, alt. r. capitão menezes - praça seca",Baixo,-22.8975011,-43.35192369999999,Fechado,Alagamento,2018-11-25,
31.0,37139,Sem bairro,2018-11-26 06:01:56+00:00,2018-11-26 07:49:40+00:00,Desconhecido,"Rua são clemente, alt. r. guilhermina guinle - botafogo",Baixo,-22.95016,-43.188718,Fechado,Alagamento,2018-11-26,
5.0,17907,Sem bairro,2017-06-19 23:56:53+00:00,2017-06-20 02:02:22+00:00,Desconhecido,"R. pereira nunes, 95 - tijuca",Baixo,-22.9220967,-43.23746570000003,Fechado,Bolsão d'água em via,2017-06-19,
5.0,17906,Sem bairro,2017-06-19 23:41:08+00:00,2017-06-20 01:20:21+00:00,Desconhecido,"Rua uruguai, 413 - tijuca",Baixo,-22.9324101,-43.24102740000001,Fechado,Bolsão d'água em via,2017-06-19,
5.0,17905,Sem bairro,2017-06-19 23:33:35+00:00,2017-06-20 01:21:16+00:00,Desconhecido,"Rua conde de bonfim, 568 - tijuca",Baixo,-22.9296997,-43.237498000000016,Fechado,Bolsão d'água em via,2017-06-19,
5.0,17904,Sem bairro,2017-06-19 23:21:29+00:00,2017-06-20 01:15:51+00:00,Desconhecido,"R. barão de mesquita, 754 - tijuca",Baixo,-22.92534116818745,-43.24988598175355,Fechado,Bolsão d'água em via,2017-06-19,
5.0,17959,Sem bairro,2017-06-20 19:15:21+00:00,2017-06-21 00:22:35+00:00,Desconhecido,"R. hadock lobo, 335 - tijuca",Baixo,-22.920925,-43.21704019999999,Fechado,Bolsão d'água em via,2017-06-20,
5.0,17914,Sem bairro,2017-06-20 03:58:30+00:00,2017-06-20 05:12:13+00:00,Desconhecido,"Av. maracanã, 398 - maracanã",Baixo,-22.914987026481946,-43.22899626032711,Fechado,Bolsão d'água em via,2017-06-20,
5.0,17963,Sem bairro,2017-06-20 19:32:39+00:00,2017-06-20 21:21:53+00:00,Desconhecido,"R. visc. de santa isabel, 5 - vila isabel",Baixo,-22.9162991,-43.25169449999999,Fechado,Bolsão d'água em via,2017-06-20,
5.0,17975,Sem bairro,2017-06-20 22:21:11+00:00,2017-06-21 01:14:00+00:00,Desconhecido,"Av. ayrton senna, altura do via parque - barra",Baixo,-22.982709,-43.36283700000001,Fechado,Bolsão d'água em via,2017-06-20,
5.0,17916,Sem bairro,2017-06-20 04:06:58+00:00,2017-06-20 05:12:23+00:00,Desconhecido,"Av. maracanã, 14 - maracanã ",Baixo,-22.912536,-43.2270557,Fechado,Bolsão d'água em via,2017-06-20,
5.0,17965,Sem bairro,2017-06-20 19:37:05+00:00,2017-06-21 01:48:53+00:00,Desconhecido,"Praia de botafogo, alt. prof. alfredo gomes",Baixo,-22.9474488,-43.182721500000014,Fechado,Bolsão d'água em via,2017-06-20,
5.0,17943,Sem bairro,2017-06-20 16:45:06+00:00,2017-06-21 01:16:18+00:00,Desconhecido,"R. do catete, 140 - glória",Baixo,-22.925732,-43.1765863,Fechado,Bolsão d'água em via,2017-06-20,
5.0,17908,Sem bairro,2017-06-20 00:09:19+00:00,2017-06-20 01:21:55+00:00,Desconhecido,"Rua conde de bonfim, 305 - tijuca",Baixo,-22.9234167,-43.23124100000001,Fechado,Bolsão d'água em via,2017-06-20,
5.0,17942,Sem bairro,2017-06-20 16:42:07+00:00,2017-06-21 05:24:23+00:00,Desconhecido,"R. jardim botânico, 94 - jardim botânico",Baixo,-22.9602895,-43.205314199999975,Fechado,Bolsão d'água em via,2017-06-20,
5.0,17946,Sem bairro,2017-06-20 16:59:30+00:00,2017-06-20 17:52:05+00:00,Desconhecido,"Praia de botafogo, 300 - botafogo",Baixo,-22.9414787,-43.17899620000003,Fechado,Bolsão d'água em via,2017-06-20,
5.0,17969,Sem bairro,2017-06-20 20:27:06+00:00,2017-06-21 01:26:20+00:00,Desconhecido,R. silveira martins - catete - alt. r. silveira martins,Baixo,-22.9260539,-43.177673200000015,Fechado,Bolsão d'água em via,2017-06-20,
5.0,17941,Sem bairro,2017-06-20 16:30:40+00:00,2017-06-20 17:50:49+00:00,Desconhecido,"R. gago coutinho, 35 - laranjeiras",Baixo,-22.9312387,-43.1806866,Fechado,Bolsão d'água em via,2017-06-20,
5.0,17911,Sem bairro,2017-06-20 03:33:10+00:00,2017-06-20 04:54:22+00:00,Desconhecido,"Av. maracanã, 1351 - tijuca",Baixo,-22.9306999,-43.24186329999998,Fechado,Bolsão d'água em via,2017-06-20,
5.0,17945,Sem bairro,2017-06-20 16:56:17+00:00,2017-06-21 01:15:19+00:00,Desconhecido,"Av. epitácio pessoa, 4180 - ipanema",Baixo,-22.9702054,-43.2060247,Fechado,Bolsão d'água em via,2017-06-20,
5.0,17952,Sem bairro,2017-06-20 17:53:23+00:00,2017-06-20 21:12:55+00:00,Desconhecido,"Av. borges de medeiros, alt. r. j.j. seabra - lagoa",Baixo,-22.9647935,-43.215324099999975,Fechado,Bolsão d'água em via,2017-06-20,
5.0,17958,Sem bairro,2017-06-20 19:11:36+00:00,2017-06-21 01:27:04+00:00,Desconhecido,"Rua tonelero, 254 - copacabana",Baixo,-22.9679625,-43.18794249999996,Fechado,Bolsão d'água em via,2017-06-20,
5.0,17954,Sem bairro,2017-06-20 18:34:09+00:00,2017-06-21 05:25:44+00:00,Desconhecido,"R. jardim botânico, 747 - jardim botânico",Baixo,-22.9662541,-43.21927800000003,Fechado,Bolsão d'água em via,2017-06-20,
5.0,17964,Sem bairro,2017-06-20 19:34:47+00:00,2017-06-20 21:20:21+00:00,Desconhecido,"Av. borges de medeiros, 1584- lagoa",Baixo,-22.9728162,-43.217637800000034,Fechado,Bolsão d'água em via,2017-06-20,
5.0,17977,Sem bairro,2017-06-20 23:06:42+00:00,2017-06-21 01:11:09+00:00,Desconhecido,"R. sacadura cabral, 158 - saúde",Baixo,-22.8975065,-43.1868586,Fechado,Bolsão d'água em via,2017-06-20,
5.0,17974,Sem bairro,2017-06-20 21:51:28+00:00,2017-06-21 00:24:42+00:00,Desconhecido,"Rua uruguai, altura av. maracanã - tijuca",Baixo,-22.9307406,-43.2419152,Fechado,Bolsão d'água em via,2017-06-20,
5.0,17939,Sem bairro,2017-06-20 16:24:46+00:00,2017-06-20 21:07:48+00:00,Desconhecido,"R. muniz barreto, 51 - botafogo",Baixo,-22.9427518,-43.18264420000003,Fechado,Bolsão d'água em via,2017-06-20,
5.0,17972,Sem bairro,2017-06-20 21:32:51+00:00,2017-06-21 05:46:35+00:00,Desconhecido,"Av. engenheiro sousa filho, alt. av. principal",Baixo,-22.970887,-43.336791000000005,Fechado,Bolsão d'água em via,2017-06-20,
5.0,17978,Sem bairro,2017-06-20 23:10:49+00:00,2017-06-21 01:10:15+00:00,Desconhecido,"Praça mal. hermes, 192 - santo cristo",Baixo,-22.9003605,-43.20651279999999,Fechado,Bolsão d'água em via,2017-06-20,
5.0,17940,Sem bairro,2017-06-20 16:28:38+00:00,2017-06-20 21:11:23+00:00,Desconhecido,"R. real grandeza, 248 - botafogo",Baixo,-22.95791671104133,-43.19152004285274,Fechado,Bolsão d'água em via,2017-06-20,
5.0,17953,Sem bairro,2017-06-20 18:12:09+00:00,2017-06-20 21:06:46+00:00,Desconhecido,"R. gago coutinho, 35 - laranjeiras",Baixo,-22.9312387,-43.1806866,Fechado,Bolsão d'água em via,2017-06-20,
5.0,17960,Sem bairro,2017-06-20 19:19:05+00:00,2017-06-21 01:17:40+00:00,Desconhecido,Praia de botafogo - alt. r. visconde de ouro preto -  botafogo,Baixo,-22.9503808,-43.18072240000004,Fechado,Bolsão d'água em via,2017-06-20,
5.0,17979,Sem bairro,2017-06-20 23:13:49+00:00,2017-06-21 01:08:38+00:00,Desconhecido,Túnel 450 altura da porta 05 - santo cristo,Baixo,,,Fechado,Bolsão d'água em via,2017-06-20,
5.0,17913,Sem bairro,2017-06-20 03:55:22+00:00,2017-06-20 04:56:45+00:00,Desconhecido,"Av. maracanã, 480 - maracanã ",Baixo,-22.915702,-43.22963040000002,Fechado,Bolsão d'água em via,2017-06-20,
5.0,17957,Sem bairro,2017-06-20 18:51:25+00:00,2017-06-21 05:26:21+00:00,Desconhecido,"R. jardim botânico, 397 - jardim botânico",Baixo,-22.9612422,-43.2126882,Fechado,Bolsão d'água em via,2017-06-20,
5.0,17976,Sem bairro,2017-06-20 22:44:22+00:00,2017-06-22 04:31:23+00:00,Desconhecido,Av. borges de medeiros - lagoa,Baixo,-22.9708772,-43.21736920000001,Fechado,Bolsão d'água em via,2017-06-20,
5.0,17912,Sem bairro,2017-06-20 03:40:20+00:00,2017-06-20 04:54:59+00:00,Desconhecido,"Rua conde de bonfim, 305 - tijuca",Baixo,-22.9234167,-43.23124100000001,Fechado,Bolsão d'água em via,2017-06-20,
5.0,17922,Sem bairro,2017-06-20 08:20:23+00:00,2017-06-20 14:58:05+00:00,Desconhecido,"R. gen. garzon, 1051 - lagoa",Baixo,-22.9667395,-43.2188463,Fechado,Bolsão d'água em via,2017-06-20,
5.0,17910,Sem bairro,2017-06-20 03:27:34+00:00,2017-06-20 06:19:53+00:00,Desconhecido," rua hadock lobo, 309 - tijuca",Baixo,-22.9203418,-43.21607069999999,Fechado,Bolsão d'água em via,2017-06-20,
5.0,17921,Sem bairro,2017-06-20 08:08:18+00:00,2017-06-20 11:44:20+00:00,Desconhecido,"Av. lineu de paula machado, 1006 - jardim botânico",Baixo,-22.9665522,-43.21807419999999,Fechado,Bolsão d'água em via,2017-06-20,
5.0,17983,Sem bairro,2017-06-21 05:32:14+00:00,2017-06-21 07:39:39+00:00,Desconhecido,Av. epitácio pessoa - lagoa,Baixo,-22.9730938,-43.204582500000015,Fechado,Bolsão d'água em via,2017-06-21,
5.0,17989,Sem bairro,2017-06-21 06:41:06+00:00,2017-06-21 06:56:06+00:00,Desconhecido,Av. brasil - benfica,Baixo,-22.8869731,-43.23228169999999,Fechado,Bolsão d'água em via,2017-06-21,
5.0,17998,Sem bairro,2017-06-21 08:01:52+00:00,2017-06-21 11:41:08+00:00,Desconhecido,"Av. brasil, alt. linha amarela",Baixo,-22.8627336,-43.24799740000003,Fechado,Bolsão d'água em via,2017-06-21,
5.0,17987,Sem bairro,2017-06-21 06:32:40+00:00,2017-06-21 06:56:50+00:00,Desconhecido,Av. brasil - bonsucesso,Baixo,-22.8627336,-43.24799740000003,Fechado,Bolsão d'água em via,2017-06-21,
5.0,17990,Sem bairro,2017-06-21 06:43:24+00:00,2017-06-21 06:55:29+00:00,Desconhecido,Av. brasil - benfica,Baixo,-22.8869731,-43.23228169999999,Fechado,Bolsão d'água em via,2017-06-21,
5.0,17995,Sem bairro,2017-06-21 07:44:19+00:00,2017-06-21 11:54:37+00:00,Desconhecido,"Av. das américas, alt. barra world - barra da tijuca",Baixo,-23.008234536009383,-43.44166292281494,Fechado,Bolsão d'água em via,2017-06-21,
5.0,18041,Sem bairro,2017-06-21 22:58:32+00:00,2017-06-22 00:19:47+00:00,Desconhecido,"Av. pasteur,17 - botafogo",Baixo,-22.952167938328927,-43.173491692590346,Fechado,Bolsão d'água em via,2017-06-21,
5.0,17997,Sem bairro,2017-06-21 07:50:15+00:00,2017-06-21 11:57:39+00:00,Desconhecido,"Av. borges de medeiros, alt. saída do t. rebouças - lagoa",Baixo,-22.96286160797686,-43.204660465081815,Fechado,Bolsão d'água em via,2017-06-21,
5.0,18022,Sem bairro,2017-06-21 12:40:09+00:00,2017-06-21 16:11:30+00:00,Desconhecido,"R. das acácias, 90 - gávea",Baixo,-22.9753513,-43.22922019999999,Fechado,Bolsão d'água em via,2017-06-21,
5.0,18006,Sem bairro,2017-06-21 09:13:49+00:00,2017-06-21 12:04:21+00:00,Desconhecido,"Av. engenheiro sousa filho, alt. av. principal",Baixo,-22.9781155,-43.33296949999999,Fechado,Bolsão d'água em via,2017-06-21,
5.0,18021,Sem bairro,2017-06-21 12:11:25+00:00,2017-06-21 15:30:46+00:00,Desconhecido,"Av. engenheiro sousa filho, alt. av. principal",Baixo,-22.9781155,-43.33296949999999,Fechado,Bolsão d'água em via,2017-06-21,
5.0,17988,Sem bairro,2017-06-21 06:34:47+00:00,2017-06-21 11:40:37+00:00,Desconhecido,Av. brasil - manguinhos,Baixo,-22.8869731,-43.23228169999999,Fechado,Bolsão d'água em via,2017-06-21,
5.0,18043,Sem bairro,2017-06-21 23:26:58+00:00,2017-06-22 00:20:58+00:00,Desconhecido,"Rua pinheiro guimarães, 08 - botafogo",Baixo,-22.9580603,-43.19162929999999,Fechado,Bolsão d'água em via,2017-06-21,
5.0,17996,Sem bairro,2017-06-21 07:47:46+00:00,2017-06-21 12:00:40+00:00,Desconhecido,Estr. dos bandeirantes nos nº 2856/ 5486/ 5554/ 6112/ 6468/ 7025/ 7469/ 8020/ 8200/ 9792. ,Baixo,-22.9696156,-43.41381280000002,Fechado,Bolsão d'água em via,2017-06-21,
5.0,17986,Sem bairro,2017-06-21 06:29:22+00:00,2017-06-21 06:57:28+00:00,Desconhecido,Av. brasil - parada de lucas,Baixo,-22.8155202,-43.29983970000001,Fechado,Bolsão d'água em via,2017-06-21,
5.0,17985,Sem bairro,2017-06-21 06:22:35+00:00,2017-06-21 06:58:20+00:00,Desconhecido,Av. brasil - manguinhos,Baixo,-22.8628631,-43.24768280000001,Fechado,Bolsão d'água em via,2017-06-21,
5.0,18057,Sem bairro,2017-06-22 09:09:38+00:00,2017-06-22 16:17:36+00:00,Desconhecido,"Estr. de jacarepaguá, 613 - muzema",Baixo,-22.9858472,-43.32975350000004,Fechado,Bolsão d'água em via,2017-06-22,
5.0,18051,Sem bairro,2017-06-22 07:41:14+00:00,2017-06-22 17:40:48+00:00,Desconhecido,"Estr. benvindo de novaes, 101 - recreio ",Baixo,-23.0016513,-43.4527397,Fechado,Bolsão d'água em via,2017-06-22,
5.0,18059,Sem bairro,2017-06-22 09:49:08+00:00,2017-06-22 11:52:58+00:00,Desconhecido,"Praia de botafogo, 190 - alt. da fund. getúlio vargas",Baixo,-22.9416278,-43.17997489999999,Fechado,Bolsão d'água em via,2017-06-22,
5.0,18046,Sem bairro,2017-06-22 06:09:11+00:00,2017-06-22 11:56:41+00:00,Desconhecido,"Av. eng. souza filho, 2214 - itanhangá",Baixo,-22.9795704,-43.33336889999998,Fechado,Bolsão d'água em via,2017-06-22,
5.0,18091,Sem bairro,2017-06-23 06:49:40+00:00,2017-06-24 18:38:19+00:00,Desconhecido,"Av. eng. souza filho, s/n - muzema",Baixo,-22.9892218,-43.32265269999999,Fechado,Bolsão d'água em via,2017-06-23,
5.0,18093,Sem bairro,2017-06-23 08:13:15+00:00,2017-06-23 19:31:34+00:00,Desconhecido,"Estr. benvindo de novaes, 101 - recreio ",Baixo,-23.0016513,-43.4527397,Fechado,Bolsão d'água em via,2017-06-23,
6.0,18092,Sem bairro,2017-06-23 06:56:21+00:00,2017-06-23 21:05:44+00:00,Desconhecido,"Praça são perpétuo, 735 - barra da tijuca",Baixo,-23.0120621,-43.3175104,Fechado,Alagamento,2017-06-23,
5.0,65317,Ipanema,2021-08-14 12:46:26+00:00,2021-08-14 16:32:54+00:00,Curto,"Av. epitácio pessoa, alt. est. general osório - lagoa - sent. copacabana",Baixo,-22.9792356,-43.20118859999999,Fechado,Bolsão d'água em via,2021-08-14,
5.0,65650,Ipanema,2021-08-29 20:21:17+00:00,2021-08-29 21:09:25+00:00,Curto,"Av. epitácio pessoa, alt. r. frei solano - lagoa - sent. rebouças",Baixo,-22.9708637,-43.2069645,Fechado,Bolsão d'água em via,2021-08-29,
5.0,65661,Madureira,2021-08-30 03:09:57+00:00,2021-08-30 06:08:38+00:00,Curto,"Av. ministro edgard romero, alt. r. conselheiro galvão - madureira - sent. vaz lobo",Baixo,-22.8667128,-43.3345624,Fechado,Bolsão d'água em via,2021-08-30,
5.0,65285,Itanhangá,2021-08-13 17:05:53+00:00,2021-08-13 20:46:10+00:00,Curto,"Estr. do itanhangá, 1020 - itanhangá - sent. rio das pedras",Baixo,-22.9952425,-43.3113164,Fechado,Bolsão d'água em via,2021-08-13,
5.0,65665,Itanhangá,2021-08-30 06:19:19+00:00,2021-09-03 08:10:04+00:00,Medio,"Av. eng. souza filho, 1075 - itanhangá - sent. estr. da barra da tijuca",Baixo,-22.9880852,-43.3283814,Fechado,Bolsão d'água em via,2021-08-30,
5.0,65282,Itanhangá,2021-08-13 16:18:38+00:00,2021-08-13 21:18:56+00:00,Curto,R. conde d eu -  itanhangá,Baixo,-23.0094254,-43.2964168,Fechado,Bolsão d'água em via,2021-08-13,
5.0,65304,Itanhangá,2021-08-13 22:41:51+00:00,2021-08-15 16:49:21+00:00,Curto,"Estrada da barra da tijuca, 1020 - itanhangá - sent. alto da boa vista",Baixo,-23.0031817,-43.3036572,Fechado,Bolsão d'água em via,2021-08-13,
5.0,65659,Itanhangá,2021-08-30 01:37:34+00:00,2021-08-30 16:29:01+00:00,Curto,"Av. eng. sousa filho, 610 - muzema - em ambos os sentidos",Baixo,-22.98838,-43.3238023,Fechado,Bolsão d'água em via,2021-08-30,
5.0,65721,Vila isabel,2021-08-31 10:53:10+00:00,2021-08-31 11:40:08+00:00,Curto,R. são francisco xavier - alt. r. luis de matos - vila isabel,Baixo,-22.9105228,-43.2382386,Fechado,Bolsão d'água em via,2021-08-31,
5.0,65725,Padre miguel,2021-08-31 12:01:25+00:00,2021-08-31 13:05:42+00:00,Curto,Av. brasil - alt. refinaria - manguinhos - sent. zona oeste,Baixo,-22.8612166,-43.4522323,Fechado,Bolsão d'água em via,2021-08-31,
5.0,65283,Barra da tijuca,2021-08-13 16:25:29+00:00,2021-08-13 20:16:10+00:00,Curto,Estr. da barra da tijuca - alt. ponte velha - barra,Baixo,-23.0074354,-43.30395,Fechado,Bolsão d'água em via,2021-08-13,
5.0,65718,Barra da tijuca,2021-08-31 10:39:17+00:00,2021-08-31 11:30:08+00:00,Curto,Av. armando lombardi - alt. barra point - barra - sent. recreio,Baixo,-23.0062608,-43.3085822,Fechado,Bolsão d'água em via,2021-08-31,
5.0,65660,Barra da tijuca,2021-08-30 01:59:43+00:00,2021-08-30 04:58:56+00:00,Curto,"Av. armando lombardi, alt. est. brt jd. oceânico - barra da tijuca - sent. são conrado",Baixo,-23.0066958,-43.310663,Fechado,Bolsão d'água em via,2021-08-30,
5.0,65313,Barra da tijuca,2021-08-14 11:24:55+00:00,2021-08-14 12:42:22+00:00,Curto,"Av. armando lombardi, alt. barra point  - barra da tijuca - sent. recreio",Baixo,-23.0071335,-43.3085453,Fechado,Bolsão d'água em via,2021-08-14,
5.0,65303,Barra da tijuca,2021-08-13 22:54:04+00:00,2021-08-14 02:49:23+00:00,Curto,"Av. armando lombardi, alt. barra point - barra da tijuca - sent. recreio",Baixo,-23.0062608,-43.3085822,Fechado,Bolsão d'água em via,2021-08-13,
5.0,65645,Barra da tijuca,2021-08-29 18:33:14+00:00,2021-08-29 21:57:14+00:00,Curto,Av. armando lombardi - alt. barra point - barra - sent. recreio,Baixo,-23.0062608,-43.3085822,Fechado,Bolsão d'água em via,2021-08-29,
5.0,65266,Barra da tijuca,2021-08-13 06:22:47+00:00,2021-08-13 07:28:48+00:00,Curto,Av. armando lombardi - alt. estação brt jardim oceânico - barra da tijuca - recreio.,Baixo,-23.0066958,-43.310663,Fechado,Bolsão d'água em via,2021-08-13,
5.0,65692,Barra da tijuca,2021-08-31 05:44:00+00:00,2021-08-31 07:51:37+00:00,Curto,"Av. armando lombardi, alt. barra point - barra da tijuca - sent. recreio",Baixo,-23.0066159,-43.3081833,Fechado,Bolsão d'água em via,2021-08-31,
5.0,65657,Barra da tijuca,2021-08-29 22:43:38+00:00,2021-08-30 03:30:42+00:00,Curto,"Av. armando lombardi, alt. r. manuel brasiliense - barra da tijuca - sent. são conrado",Baixo,-23.0068911,-43.3119459,Fechado,Bolsão d'água em via,2021-08-29,
5.0,65305,Barra da tijuca,2021-08-14 00:51:06+00:00,2021-08-14 04:56:50+00:00,Curto,"Av. armando lombardi, alt. est. brt jd. oceânico - barra da tijuca - sent. são conrado",Baixo,-23.0066958,-43.310663,Fechado,Bolsão d'água em via,2021-08-14,
5.0,65649,Barra da tijuca,2021-08-29 20:07:03+00:00,2021-08-29 21:15:52+00:00,Curto,"Av. das américas, alt. av. afonso arinos de melo franco - barra da tijuca - sent. s. conrado",Baixo,-23.0036385,-43.3237341,Fechado,Bolsão d'água em via,2021-08-29,
5.0,65280,Barra da tijuca,2021-08-13 15:37:59+00:00,2021-08-13 21:32:49+00:00,Curto,Av. armando lombardi - alt. barra point - barra - sent. recreio,Baixo,-23.0062608,-43.3085822,Fechado,Bolsão d'água em via,2021-08-13,
5.0,65656,Barra da tijuca,2021-08-29 21:29:22+00:00,2021-08-30 06:08:57+00:00,Curto,"Av. armando lombardi, alt. barra point - barra da tijuca - sent. recreio",Baixo,-23.0071335,-43.3085453,Fechado,Bolsão d'água em via,2021-08-29,
33.0,65226,Lagoa,2021-08-12 08:43:21+00:00,2021-08-12 15:18:19+00:00,Curto,Av. epitácio pessoa - alt. r. vinicius de moaraes - lagoa - sent. rebouças,Baixo,-22.9742628,-43.2064953,Fechado,Lâmina d'água,2021-08-12,
5.0,83355,Pavuna,2022-10-28 16:36:56+00:00,2022-10-28 17:12:57+00:00,Curto,R. srg. antônio ernesto - pavuna,Baixo,-22.8098525,-43.3571677,Fechado,Bolsão d'água em via,2022-10-28,
5.0,83357,Pavuna,2022-10-28 16:43:56+00:00,2022-10-28 17:49:55+00:00,Curto,Av. automóvel clube - alt nº 41 - pavuna,Baixo,-22.8046932,-43.36683319999999,Fechado,Bolsão d'água em via,2022-10-28,
5.0,83545,Madureira,2022-10-31 19:05:50+00:00,2022-10-31 19:07:08+00:00,Curto,R. cruz e souza - alt r clarimundo de melo - madureira,Baixo,-22.8997086,-43.3061933,Fechado,Bolsão d'água em via,2022-10-31,
5.0,83526,Santa cruz,2022-10-31 16:35:00+00:00,2022-10-31 17:22:24+00:00,Curto,R. felipe cardoso - alt. av. cesário de mello - santa cruz,Baixo,-22.9357601,-43.6672604,Fechado,Bolsão d'água em via,2022-10-31,
5.0,82379,Praça seca,2022-10-11 22:06:57+00:00,2022-10-11 22:16:35+00:00,Curto,"Rua cândido benício, alt. est. brt praça seca - praça seca - sent. taquara",Baixo,-22.8972505,-43.3516889,Fechado,Bolsão d'água em via,2022-10-11,
5.0,83364,Parada de lucas,2022-10-28 18:04:36+00:00,2022-10-28 18:47:28+00:00,Curto,R. japuanga - alt. rua cordovil - parada de lucas,Baixo,-22.8201509,-43.3080282,Fechado,Bolsão d'água em via,2022-10-28,
5.0,83541,Quintino bocaiuva,2022-10-31 18:04:44+00:00,2022-10-31 18:38:24+00:00,Curto,R. goiás - alt. nº 1448 - quintino bocaiuva,Baixo,-22.8842727,-43.3259482,Fechado,Bolsão d'água em via,2022-10-31,
5.0,21308,Sem bairro,2017-10-22 20:39:52+00:00,2017-10-22 21:44:46+00:00,Desconhecido,Av. brasil - ramos,Baixo,-22.8520856,-43.24784540000002,Fechado,Bolsão d'água em via,2017-10-22,
5.0,21362,Sem bairro,2017-10-23 20:43:47+00:00,2017-10-24 18:42:34+00:00,Desconhecido,Mergulhão billy blanco - barra da tijuca,Baixo,,,Fechado,Bolsão d'água em via,2017-10-23,
5.0,21425,Sem bairro,2017-10-26 13:19:20+00:00,2017-10-26 14:28:51+00:00,Desconhecido,"Av. das américas, alt. brt benvindo de novaes - recreio dos bandeirantes",Baixo,-23.0144122,-43.46669880000002,Fechado,Bolsão d'água em via,2017-10-26,
5.0,21429,Sem bairro,2017-10-26 14:56:01+00:00,2017-10-26 17:48:51+00:00,Desconhecido,"Av. brasil, 6956 - ramos",Baixo,-22.8492048,-43.24694349999999,Fechado,Bolsão d'água em via,2017-10-26,
5.0,60,Sem bairro,2015-04-10 15:59:39+00:00,2015-04-11 08:37:06+00:00,Desconhecido,Sem descrição,Baixo,-22.96662788646301,-43.23432361045076,Fechado,Bolsão d'água em via,2015-04-10,
6.0,24395,Sem bairro,2018-02-05 23:19:07+00:00,2018-02-06 03:40:49+00:00,Desconhecido,"Praia de botafogo, alt. do mourisco - botafogo",Baixo,-22.9504707,-43.180611,Fechado,Alagamento,2018-02-05,
6.0,24621,Sem bairro,2018-02-15 00:51:50+00:00,2018-02-15 04:37:18+00:00,Desconhecido,"Rua prof. manoel de abreu, alt. da r. felipe camarão - tijuca",Baixo,,,Fechado,Alagamento,2018-02-15,
5.0,24393,Sem bairro,2018-02-05 22:12:44+00:00,2018-02-05 22:49:26+00:00,Desconhecido,"Av. epitácio pessoa, alt. remo do botafogo - ipanema",Baixo,-22.971521,-43.20796199999995,Fechado,Bolsão d'água em via,2018-02-05,
5.0,24617,Sem bairro,2018-02-14 21:47:34+00:00,2018-02-15 04:43:50+00:00,Desconhecido,"Av. armando lombardi, 1100 - barra da tijuca",Baixo,-23.0059041,-43.31574549999999,Fechado,Bolsão d'água em via,2018-02-14,
5.0,24596,Sem bairro,2018-02-14 00:29:35+00:00,2018-02-14 02:10:16+00:00,Desconhecido,"Av. armando lombardi, 265 - barra da tijuca",Baixo,-23.0075106,-43.30736350000001,Fechado,Bolsão d'água em via,2018-02-14,
5.0,24666,Sem bairro,2018-02-15 08:16:30+00:00,2018-02-15 12:22:55+00:00,Desconhecido,"Av. brasil, 3000 - alt. viaduto de benfica",Medio,-22.885833,-43.23430450000001,Fechado,Bolsão d'água em via,2018-02-15,
5.0,24628,Sem bairro,2018-02-15 02:04:30+00:00,2018-02-15 10:38:03+00:00,Desconhecido,"Av. brasil, 1587 - caju - alt. sabão português",Medio,-22.8881264,-43.2235101,Fechado,Bolsão d'água em via,2018-02-15,
5.0,24688,Sem bairro,2018-02-15 11:47:18+00:00,2018-02-15 12:25:00+00:00,Desconhecido,"Av. brasil, 7901 (alt. borgauto) - ramos",Medio,,,Fechado,Bolsão d'água em via,2018-02-15,
5.0,24678,Sem bairro,2018-02-15 09:53:25+00:00,2018-02-16 00:18:58+00:00,Desconhecido, av. ernani cardoso - cascadura,Baixo,-22.8824192,-43.33543980000002,Fechado,Bolsão d'água em via,2018-02-15,
5.0,24709,Sem bairro,2018-02-15 19:14:22+00:00,2018-02-16 00:19:56+00:00,Desconhecido,"R. cândido benício, 121 - campinho",Baixo,-22.8847674,-43.342678699999965,Fechado,Bolsão d'água em via,2018-02-15,
5.0,24627,Sem bairro,2018-02-15 02:01:43+00:00,2018-02-15 18:56:18+00:00,Desconhecido,"Estrada dos bandeirantes, alt. da merck - taquara",Baixo,-22.9328904,-43.37098850000001,Fechado,Bolsão d'água em via,2018-02-15,
5.0,24619,Sem bairro,2018-02-15 00:14:10+00:00,2018-02-15 04:41:49+00:00,Desconhecido,"Av. ayrton senna, alt. do acesso à linha amarela - gardênia azul",Baixo,,,Fechado,Bolsão d'água em via,2018-02-15,
5.0,24630,Sem bairro,2018-02-15 02:09:32+00:00,2018-02-15 10:38:54+00:00,Desconhecido,Av. brasil - benfica,Medio,-22.8869731,-43.23228169999999,Fechado,Bolsão d'água em via,2018-02-15,
5.0,24637,Sem bairro,2018-02-15 03:07:28+00:00,2018-02-15 06:51:12+00:00,Desconhecido,"Av. francisco bicalho, alt. da leopoldina - são cristóvão",Baixo,-22.9042645,-43.21054950000001,Fechado,Bolsão d'água em via,2018-02-15,
5.0,24633,Sem bairro,2018-02-15 02:22:59+00:00,2018-02-15 05:13:59+00:00,Desconhecido,"Av. dom hélder câmara, alt. r. da abolição - del castilho",Baixo,-22.8874999,-43.28488349999998,Fechado,Bolsão d'água em via,2018-02-15,
5.0,24635,Sem bairro,2018-02-15 02:35:37+00:00,2018-02-15 05:24:20+00:00,Desconhecido,"Av. ayrton senna, alt. da av. ruy frazão soares - barra da tijuca",Baixo,-23.00867,-43.36420199999998,Fechado,Bolsão d'água em via,2018-02-15,
5.0,24629,Sem bairro,2018-02-15 02:07:49+00:00,2018-02-15 10:39:42+00:00,Desconhecido,Av. brasil - manguinhos,Medio,-22.8628651,-43.24761999999998,Fechado,Bolsão d'água em via,2018-02-15,
5.0,24626,Sem bairro,2018-02-15 01:52:15+00:00,2018-02-15 05:23:53+00:00,Desconhecido,"Av. ayrton senna, alt. do makro - barra da tijuca",Baixo,-22.9904767,-43.36548449999998,Fechado,Bolsão d'água em via,2018-02-15,
5.0,24636,Sem bairro,2018-02-15 02:53:30+00:00,2018-02-15 06:52:22+00:00,Desconhecido,"Av. francisco bicalho, alt. da rodoviária - santo cristo",Baixo,-22.8990496,-43.20922940000003,Fechado,Bolsão d'água em via,2018-02-15,
5.0,24632,Sem bairro,2018-02-15 02:19:13+00:00,2018-02-15 04:49:04+00:00,Desconhecido,"Av. pres. castelo branco, 2080 - maracanã",Baixo,-22.9102899,-43.22992429999999,Fechado,Bolsão d'água em via,2018-02-15,
5.0,24930,Sem bairro,2018-02-21 21:37:29+00:00,2018-02-22 02:07:15+00:00,Desconhecido,"R. borja reis, 416 - engenho de dentro",Baixo,-22.9044918,-43.2996564,Fechado,Bolsão d'água em via,2018-02-21,
5.0,24933,Sem bairro,2018-02-21 21:55:52+00:00,2018-02-22 02:12:24+00:00,Desconhecido,"R. barão do bom retiro, 2234 - grajau",Baixo,-22.9196851,-43.26110289999997,Fechado,Bolsão d'água em via,2018-02-21,
5.0,24931,Sem bairro,2018-02-21 21:41:36+00:00,2018-02-21 23:40:27+00:00,Desconhecido,"Av. ayrton senna, alt. do barra music - gardênia azul",Baixo,-22.9608332,-43.356741899999975,Fechado,Bolsão d'água em via,2018-02-21,
5.0,24929,Sem bairro,2018-02-21 20:44:54+00:00,2018-02-21 23:41:01+00:00,Desconhecido,"Av. das américas, alt. do shopping recreio - recreio",Baixo,-23.0217701,-43.488471600000025,Fechado,Bolsão d'água em via,2018-02-21,
5.0,24941,Sem bairro,2018-02-21 23:00:22+00:00,2018-02-22 05:41:59+00:00,Desconhecido,"Av. atlântica, alt. da r. siqueira campos - copacabana",Baixo,,,Fechado,Bolsão d'água em via,2018-02-21,
5.0,24947,Sem bairro,2018-02-22 00:55:55+00:00,2018-02-22 09:27:36+00:00,Desconhecido,"Rua farani, alt. da r. da praia - flamengo",Baixo,,,Fechado,Bolsão d'água em via,2018-02-22,
5.0,24957,Sem bairro,2018-02-22 04:26:03+00:00,2018-02-22 09:28:39+00:00,Desconhecido,"Av. pres. vargas, alt. do cass - cidade nova",Baixo,,,Fechado,Bolsão d'água em via,2018-02-22,
5.0,24987,Sem bairro,2018-02-22 16:40:08+00:00,2018-02-22 17:44:45+00:00,Desconhecido,"Av. brasil, alt. viaduto de benfica (sent. centro - p. lateral)",Baixo,-22.8852693,-43.23482799999999,Fechado,Bolsão d'água em via,2018-02-22,
5.0,24951,Sem bairro,2018-02-22 01:24:27+00:00,2018-02-22 05:38:46+00:00,Desconhecido,"Rua do catete, alt. da r. silveira martins - flamengo",Baixo,-22.925266,-43.173734999999965,Fechado,Bolsão d'água em via,2018-02-22,
5.0,24958,Sem bairro,2018-02-22 04:46:29+00:00,2018-02-22 09:17:51+00:00,Desconhecido,"Av. brasil, alt. do into - são cristovão",Baixo,,,Fechado,Bolsão d'água em via,2018-02-22,
5.0,24949,Sem bairro,2018-02-22 01:12:39+00:00,2018-02-22 04:36:18+00:00,Desconhecido,"Av. brasil, alt. do cemitério - caju",Baixo,-22.8833391,-43.21878430000004,Fechado,Bolsão d'água em via,2018-02-22,
5.0,24959,Sem bairro,2018-02-22 04:57:45+00:00,2018-02-22 06:14:55+00:00,Desconhecido,Avenida borges de medeiros - lagoa,Baixo,-22.9708772,-43.21736920000001,Fechado,Bolsão d'água em via,2018-02-22,
5.0,24967,Sem bairro,2018-02-22 07:19:11+00:00,2018-02-22 09:18:02+00:00,Desconhecido,Rua euzébio de matos - piedade,Baixo,-22.8951231,-43.30283529999997,Fechado,Bolsão d'água em via,2018-02-22,
5.0,24960,Sem bairro,2018-02-22 06:09:36+00:00,2018-02-22 10:55:18+00:00,Desconhecido,"Av. eng. souza filho, alt. muzema - itanhangá",Baixo,-22.9786046,-43.33367479999998,Fechado,Bolsão d'água em via,2018-02-22,
5.0,24950,Sem bairro,2018-02-22 01:20:46+00:00,2018-02-22 12:43:52+00:00,Desconhecido,Áreado - itanhagá,Baixo,-22.9912092,-43.32136660000003,Fechado,Bolsão d'água em via,2018-02-22,
5.0,24953,Sem bairro,2018-02-22 02:16:50+00:00,2018-02-22 06:34:03+00:00,Desconhecido,"Av. brasil, alt. do viaduto ataulfo alves - benfica ",Baixo,,,Fechado,Bolsão d'água em via,2018-02-22,
5.0,24946,Sem bairro,2018-02-22 00:51:43+00:00,2018-02-22 09:28:17+00:00,Desconhecido,"Rua farani, alt. da r. senador vergueiro - flamengo",Baixo,,,Fechado,Bolsão d'água em via,2018-02-22,
5.0,24955,Sem bairro,2018-02-22 03:01:21+00:00,2018-02-22 10:55:36+00:00,Desconhecido,"Av. brasil, alt. da r. teixeira ribeiro - ramos",Baixo,,,Fechado,Bolsão d'água em via,2018-02-22,
5.0,24962,Sem bairro,2018-02-22 06:17:11+00:00,2018-02-22 09:41:07+00:00,Desconhecido,"R. maj. suckow, alt. viaduto ana neri - rocha",Baixo,-22.8988191,-43.243717100000026,Fechado,Bolsão d'água em via,2018-02-22,
5.0,24948,Sem bairro,2018-02-22 01:09:09+00:00,2018-02-22 04:40:25+00:00,Desconhecido,"Av. brasil, alt. do canal do cunha - manguinhos",Baixo,,,Fechado,Bolsão d'água em via,2018-02-22,
5.0,24984,Sem bairro,2018-02-22 15:49:39+00:00,2018-02-22 17:17:30+00:00,Desconhecido,"Av. brasil, alt. linha amarela ",Baixo,-22.9067513,-43.30991259999996,Fechado,Bolsão d'água em via,2018-02-22,
5.0,25043,Sem bairro,2018-02-23 19:01:12+00:00,2018-02-23 20:44:52+00:00,Desconhecido,"R. escobar, 79 - são cristóvão",Baixo,-22.8984455,-43.21729949999997,Fechado,Bolsão d'água em via,2018-02-23,
5.0,25024,Sem bairro,2018-02-23 12:56:37+00:00,2018-02-23 16:25:54+00:00,Desconhecido,"Av. pres. vargas, 3250- cidade nova",Medio,-22.9100104,-43.2071196,Fechado,Bolsão d'água em via,2018-02-23,
5.0,25020,Sem bairro,2018-02-23 12:25:28+00:00,2018-02-23 16:51:34+00:00,Desconhecido,R. francisco real - bangu,Baixo,-22.8795288,-43.45469309999999,Fechado,Bolsão d'água em via,2018-02-23,
5.0,25003,Sem bairro,2018-02-23 07:43:55+00:00,2018-02-23 17:04:26+00:00,Desconhecido,Estrada da barra da tijuca - itanhangá,Baixo,-22.9985303,-43.304686100000026,Fechado,Bolsão d'água em via,2018-02-23,
5.0,24995,Sem bairro,2018-02-23 05:09:10+00:00,2018-02-23 07:41:50+00:00,Desconhecido,Av. borges de medeiros - lagoa,Baixo,-22.9728162,-43.217637800000034,Fechado,Bolsão d'água em via,2018-02-23,
5.0,24997,Sem bairro,2018-02-23 05:44:03+00:00,2018-02-23 07:06:52+00:00,Desconhecido,"Rua toneleros, 200 - copacabana",Baixo,-22.96668,-43.18552569999997,Fechado,Bolsão d'água em via,2018-02-23,
5.0,25002,Sem bairro,2018-02-23 07:00:48+00:00,2018-02-23 07:42:39+00:00,Desconhecido,"Av. henrique dodsworth, 183 - copacabana - alt. corte do cantagalo",Baixo,-22.9768445,-43.197351200000014,Fechado,Bolsão d'água em via,2018-02-23,
5.0,24996,Sem bairro,2018-02-23 05:14:40+00:00,2018-02-23 07:11:11+00:00,Desconhecido,R. do catete - catete,Baixo,-22.9269593,-43.17692970000002,Fechado,Bolsão d'água em via,2018-02-23,
5.0,25014,Sem bairro,2018-02-23 09:34:35+00:00,2018-02-23 16:33:29+00:00,Desconhecido,Av. min. ivan lins - barra ,Baixo,-23.0120545,-43.300449000000015,Fechado,Bolsão d'água em via,2018-02-23,
5.0,25004,Sem bairro,2018-02-23 07:47:37+00:00,2018-02-23 08:40:52+00:00,Desconhecido,R. fonte da saudade - lagoa,Baixo,-22.9637019,-43.20279700000003,Fechado,Bolsão d'água em via,2018-02-23,
5.0,25023,Sem bairro,2018-02-23 12:41:37+00:00,2018-02-23 16:26:33+00:00,Desconhecido,"Rua tonelero, 254 - copacabana ( esq com siqueira campos )",Medio,-22.9679625,-43.18794249999996,Fechado,Bolsão d'água em via,2018-02-23,
5.0,25028,Sem bairro,2018-02-23 14:01:01+00:00,2018-02-23 20:05:54+00:00,Desconhecido,Autoestrada lagoa-barra - s. conrado - alt. da rocinha,Baixo,-22.9932525,-43.25445609999997,Fechado,Bolsão d'água em via,2018-02-23,
5.0,25010,Sem bairro,2018-02-23 09:09:57+00:00,2018-02-23 16:33:37+00:00,Desconhecido,"Av. brasil, 16741 - irajá - alt. rod. pres. dutra",Baixo,-22.8218809,-43.32339230000002,Fechado,Bolsão d'água em via,2018-02-23,
5.0,25042,Sem bairro,2018-02-23 18:55:26+00:00,2018-02-23 19:30:56+00:00,Desconhecido,"Rua professor manoel de abreu, alt. da r. felipe camarão - maracanã",Baixo,-22.9158976,-43.235656800000015,Fechado,Bolsão d'água em via,2018-02-23,
5.0,24994,Sem bairro,2018-02-23 05:00:27+00:00,2018-02-23 08:58:04+00:00,Desconhecido,Av. epitácio pessoa - lagoa - alt. r. vinicius de moraes,Baixo,-22.9708637,-43.206964500000026,Fechado,Bolsão d'água em via,2018-02-23,
5.0,25026,Sem bairro,2018-02-23 13:09:57+00:00,2018-02-23 16:25:11+00:00,Desconhecido,"R. silveira martins, 76 - flamengo ( esq rua do catete )",Medio,-22.925534,-43.17577599999999,Fechado,Bolsão d'água em via,2018-02-23,
5.0,25045,Sem bairro,2018-02-23 19:07:29+00:00,2018-02-23 21:15:22+00:00,Desconhecido,"Av. pedro ii, alt. da r. figueira de melo - são cristóvão",Baixo,,,Fechado,Bolsão d'água em via,2018-02-23,
5.0,25146,Sem bairro,2018-02-27 19:50:03+00:00,2018-02-27 20:08:46+00:00,Desconhecido,Praça sibélius - leblon,Baixo,-22.9770657,-43.22635969999999,Fechado,Bolsão d'água em via,2018-02-27,
5.0,25149,Sem bairro,2018-02-27 20:15:14+00:00,2018-02-27 22:41:26+00:00,Desconhecido,"Av. pres. vargas, alt. do cass - cidade nova",Baixo,,,Fechado,Bolsão d'água em via,2018-02-27,
5.0,25145,Sem bairro,2018-02-27 19:41:59+00:00,2018-02-27 22:41:04+00:00,Desconhecido,"Rua pedro américo, alt. da r. do catete - catete",Baixo,-22.9242144,-43.18153210000003,Fechado,Bolsão d'água em via,2018-02-27,
5.0,25144,Sem bairro,2018-02-27 19:37:04+00:00,2018-02-27 20:09:21+00:00,Desconhecido,"Rua gago coutinho, alt. da r. bento lisboa - laranjeiras",Baixo,-22.931294,-43.18086979999998,Fechado,Bolsão d'água em via,2018-02-27,
5.0,25148,Sem bairro,2018-02-27 20:10:53+00:00,2018-02-27 20:55:20+00:00,Desconhecido,"R. fonte da saudade, 161 - lagoa",Baixo,-22.9637019,-43.20279700000003,Fechado,Bolsão d'água em via,2018-02-27,
5.0,25139,Sem bairro,2018-02-27 18:32:01+00:00,2018-02-27 20:53:03+00:00,Desconhecido,"Av. brasil, alt. do canal do cunha - manguinhos",Baixo,,,Fechado,Bolsão d'água em via,2018-02-27,
5.0,25141,Sem bairro,2018-02-27 19:07:10+00:00,2018-02-27 20:53:44+00:00,Desconhecido,"Praça da bandeira, alt. da saída da reversível - praça da bandeira",Baixo,,,Fechado,Bolsão d'água em via,2018-02-27,
5.0,25147,Sem bairro,2018-02-27 19:55:07+00:00,2018-02-27 21:23:06+00:00,Desconhecido,"Av. mem de sá, alt. da r. dos inválidos - centro",Baixo,,,Fechado,Bolsão d'água em via,2018-02-27,
5.0,25138,Sem bairro,2018-02-27 17:43:57+00:00,2018-02-27 18:43:39+00:00,Desconhecido,R. teixeira campos - santíssimo,Baixo,-22.8750762,-43.51339719999999,Fechado,Bolsão d'água em via,2018-02-27,
5.0,25143,Sem bairro,2018-02-27 19:30:33+00:00,2018-02-27 21:16:55+00:00,Desconhecido,"Rua dr. satamini, alt. da r. campos sales - tijuca",Baixo,,,Fechado,Bolsão d'água em via,2018-02-27,
5.0,25142,Sem bairro,2018-02-27 19:16:42+00:00,2018-02-27 22:40:40+00:00,Desconhecido,"Rua do catete, alt. da r. silveira martins - catete",Baixo,-22.925266,-43.173734999999965,Fechado,Bolsão d'água em via,2018-02-27,
5.0,25160,Sem bairro,2018-02-28 07:42:16+00:00,2018-02-28 14:06:21+00:00,Desconhecido,"R. mercúrio, 954 - pavuna",Baixo,-22.8053713,-43.35593970000002,Fechado,Bolsão d'água em via,2018-02-28,
31.0,24624,Sem bairro,2018-02-15 01:31:31+00:00,2018-02-15 04:42:48+00:00,Desconhecido,"Linha amarela, alt. do shopping nova américa - del castilho",Baixo,-22.8781778,-43.27201360000004,Fechado,Alagamento,2018-02-15,
31.0,24664,Sem bairro,2018-02-15 08:02:32+00:00,2018-02-19 07:14:32+00:00,Desconhecido,Av. eng. souza filho - itanhangá - alt. estação azul,Baixo,-22.9786046,-43.33367479999998,Fechado,Alagamento,2018-02-15,
31.0,24623,Sem bairro,2018-02-15 01:13:05+00:00,2018-02-15 04:38:14+00:00,Desconhecido,"Av. maracanã, alt. r. eurico rabelo - maracanã",Baixo,,,Fechado,Alagamento,2018-02-15,
31.0,24622,Sem bairro,2018-02-15 01:06:23+00:00,2018-02-15 04:49:57+00:00,Desconhecido,Mergulhão billy blanco - barra da tijuca,Baixo,-22.9976374,-43.36677069999996,Fechado,Alagamento,2018-02-15,
31.0,24747,Sem bairro,2018-02-16 08:02:08+00:00,2018-02-17 11:49:37+00:00,Desconhecido,"Buraco do lacerda - av. dom hélder câmara, 1027 - benfica",Baixo,-22.8874999,-43.28488349999998,Fechado,Alagamento,2018-02-16,
31.0,24819,Sem bairro,2018-02-17 17:34:51+00:00,2018-02-17 18:59:23+00:00,Desconhecido,"Av. vicente de carvalho, alt. brt vicente de carvalho",Baixo,-22.8539957,-43.313169500000015,Fechado,Alagamento,2018-02-17,
31.0,24936,Sem bairro,2018-02-21 22:13:24+00:00,2018-02-22 05:59:50+00:00,Desconhecido,"Rua da glória, alt. da r. benjamin constant - catete",Baixo,,,Fechado,Alagamento,2018-02-21,
31.0,24932,Sem bairro,2018-02-21 21:50:13+00:00,2018-02-22 05:55:13+00:00,Desconhecido,"Estrada dos bandeirantes, alt. do costa azul - vargem pequena",Baixo,,,Fechado,Alagamento,2018-02-21,
31.0,24935,Sem bairro,2018-02-21 22:08:16+00:00,2018-02-21 23:39:54+00:00,Desconhecido,Mergulhão billy blanco - barra da tijuca,Baixo,-22.9978261,-43.36477120000001,Fechado,Alagamento,2018-02-21,
31.0,24943,Sem bairro,2018-02-21 23:54:47+00:00,2018-02-22 00:46:04+00:00,Desconhecido,"Rua professor gastão bahiana, 428 - lagoa",Baixo,-22.9773479,-43.19603269999999,Fechado,Alagamento,2018-02-21,
31.0,24938,Sem bairro,2018-02-21 22:26:48+00:00,2018-02-22 05:27:14+00:00,Desconhecido,"Rua do catete, alt. da r. pedro américo - catete",Baixo,-22.923723,-43.17785960000003,Fechado,Alagamento,2018-02-21,
31.0,24937,Sem bairro,2018-02-21 22:22:43+00:00,2018-02-22 05:29:35+00:00,Desconhecido,Rua voluntários da pátria - botafogo,Baixo,-22.9533247,-43.18979809999996,Fechado,Alagamento,2018-02-21,
31.0,24940,Sem bairro,2018-02-21 22:49:28+00:00,2018-02-22 11:18:21+00:00,Desconhecido,"Rua jardim botânico, alt. da r. prof. saldanha - jardim botânico",Baixo,-22.9601151,-43.204964099999984,Fechado,Alagamento,2018-02-21,
31.0,24939,Sem bairro,2018-02-21 22:33:14+00:00,2018-02-22 05:51:59+00:00,Desconhecido,"Rua senador vergueiro, alt. da r. paissandu - flamengo",Baixo,,,Fechado,Alagamento,2018-02-21,
31.0,24934,Sem bairro,2018-02-21 21:59:30+00:00,2018-02-22 05:59:11+00:00,Desconhecido,"Av. olof palme, 451 - recreio dos bandeirantes",Baixo,-22.9801402,-43.4142774,Fechado,Alagamento,2018-02-21,
31.0,25006,Sem bairro,2018-02-23 08:08:10+00:00,2018-02-23 17:26:39+00:00,Desconhecido,Região da muzema,Baixo,-22.9912092,-43.32136660000003,Fechado,Alagamento,2018-02-23,
31.0,25040,Sem bairro,2018-02-23 18:41:14+00:00,2018-02-23 20:03:53+00:00,Desconhecido,"Rua professor gabizo, alt. da afonso pena - maracanã",Baixo,,,Fechado,Alagamento,2018-02-23,
31.0,25048,Sem bairro,2018-02-23 20:20:00+00:00,2018-02-23 22:09:04+00:00,Desconhecido,"R. muiatuca, 86 - jardim carioca",Baixo,-22.8050856,-43.19712470000002,Fechado,Alagamento,2018-02-23,
31.0,25038,Sem bairro,2018-02-23 18:26:34+00:00,2018-02-23 19:22:43+00:00,Desconhecido,"Rua josé higino, alt. da r. barão de mesquita - andarai",Baixo,,,Fechado,Alagamento,2018-02-23,
31.0,25034,Sem bairro,2018-02-23 16:58:21+00:00,2018-02-23 20:04:29+00:00,Desconhecido,Passagem subterrânea - botafogo,Baixo,,,Fechado,Alagamento,2018-02-23,
31.0,25039,Sem bairro,2018-02-23 18:32:25+00:00,2018-02-23 21:16:19+00:00,Desconhecido,"Rua maria amália, alt. da r. josé higino - andarai",Baixo,,,Fechado,Alagamento,2018-02-23,
31.0,25009,Sem bairro,2018-02-23 08:47:31+00:00,2018-02-23 16:35:04+00:00,Desconhecido,Praça saiqui - vila valqueire,Baixo,-22.8829264,-43.3677634,Fechado,Alagamento,2018-02-23,
31.0,25041,Sem bairro,2018-02-23 18:46:03+00:00,2018-02-23 19:34:44+00:00,Desconhecido,"Rua dr. satamini, alt. da r. campos sales - tijuca",Baixo,,,Fechado,Alagamento,2018-02-23,
31.0,25007,Sem bairro,2018-02-23 08:10:30+00:00,2018-02-23 17:26:29+00:00,Desconhecido,Comunidade rio das pedras,Baixo,-22.9740275,-43.3325395,Fechado,Alagamento,2018-02-23,
31.0,25037,Sem bairro,2018-02-23 18:19:35+00:00,2018-02-23 20:42:22+00:00,Desconhecido,"Rua bela, alt. do campo de são cristóvão - são cristóvão",Baixo,,,Fechado,Alagamento,2018-02-23,
33.0,24439,Sem bairro,2018-02-07 12:35:58+00:00,2018-02-07 14:10:06+00:00,Desconhecido,"Praia de botafogo, 244 - botafogo",Medio,-22.943046,-43.18158399999999,Fechado,Lâmina d'água,2018-02-07,
33.0,24443,Sem bairro,2018-02-07 13:10:15+00:00,2018-02-07 18:10:45+00:00,Desconhecido,"Av. pres. vargas, 3250 - cidade nova",Medio,-22.9100104,-43.2071196,Fechado,Lâmina d'água,2018-02-07,
33.0,24441,Sem bairro,2018-02-07 12:45:39+00:00,2018-02-07 14:55:39+00:00,Desconhecido,"R. haddock lobo, 17 - estácio",Medio,-22.9155347,-43.20758749999999,Fechado,Lâmina d'água,2018-02-07,
33.0,24436,Sem bairro,2018-02-07 12:12:08+00:00,2018-02-07 13:06:25+00:00,Desconhecido,"R. bento lisboa, 163 - catete - alt. r. gago coutinho",Medio,-22.9300978,-43.17931620000002,Fechado,Lâmina d'água,2018-02-07,
33.0,24437,Sem bairro,2018-02-07 12:26:03+00:00,2018-02-07 14:54:50+00:00,Desconhecido,"R. marquês de olinda, 61 - botafogo - alt. r. muniz barreto",Medio,-22.9438568,-43.18441029999997,Fechado,Lâmina d'água,2018-02-07,
33.0,24916,Sem bairro,2018-02-21 14:54:54+00:00,2018-02-21 15:50:51+00:00,Desconhecido,"Av. ayrton senna, 4220 - gardênia azul - alt. r. edgard werneck",Baixo,-22.9565694,-43.356204899999966,Fechado,Lâmina d'água,2018-02-21,
5.0,86809,Anil,2022-12-21 21:28:17+00:00,2022-12-21 22:49:53+00:00,Curto,Rua araticum - alt. n° 807 - jacarepaguá - anil,Baixo,-22.9575246,-43.3299993,Fechado,Bolsão d'água em via,2022-12-21,
5.0,86403,Caju,2022-12-16 19:01:24+00:00,2022-12-16 19:03:03+00:00,Curto,Av. brasil - alt. passarela 5 - benfica - sent. z. oeste,Baixo,-22.8876743,-43.2241663,Fechado,Bolsão d'água em via,2022-12-16,
33.0,86502,Lagoa,2022-12-18 08:48:30+00:00,2022-12-18 13:22:48+00:00,Curto,Av. borges de medeiros - alt. parque dos patins - lagoa - sent. gávea,Baixo,-22.9722713,-43.216449,Fechado,Lâmina d'água,2022-12-18,
33.0,86613,Cacuia,2022-12-20 08:07:49+00:00,2022-12-20 09:25:13+00:00,Curto,Estr. da bica - alt. estr. do rio jequiá - ilha do governador,Baixo,-22.8192327,-43.1884561,Fechado,Lâmina d'água,2022-12-20,
5.0,86493,Centro,2022-12-18 04:56:00+00:00,2022-12-18 05:25:14+00:00,Curto,R. de santana - alt. rua frei caneca  - centro,Baixo,-22.9081212,-43.1939546,Fechado,Bolsão d'água em via,2022-12-18,
5.0,86805,Galeão,2022-12-21 20:34:10+00:00,2022-12-21 23:24:46+00:00,Curto,Estrada do galeão - alt. canárias - galeão - sent. linha vermelha,Baixo,-22.8212872,-43.2282535,Fechado,Bolsão d'água em via,2022-12-21,
5.0,87326,Glória,2022-12-30 19:06:06+00:00,2022-12-30 20:08:26+00:00,Curto,"Av. infante dom henrique, alt. marina da glória - flamengo - em ambos os sentidos",Baixo,-22.9198897,-43.1700842,Fechado,Bolsão d'água em via,2022-12-30,
5.0,87299,Taquara,2022-12-30 11:58:11+00:00,2022-12-30 12:58:30+00:00,Curto,Estr. do cafundá - alt. nº 2162 - taquara,Baixo,-22.9125537,-43.3766502,Fechado,Bolsão d'água em via,2022-12-30,
5.0,87325,Taquara,2022-12-30 18:46:34+00:00,2022-12-30 20:11:54+00:00,Curto,R. são longino - alt. nº 21 - taquara,Baixo,-22.947014,-43.3730813,Fechado,Bolsão d'água em via,2022-12-30,
5.0,85769,Andaraí,2022-12-07 15:44:39+00:00,2022-12-07 16:06:46+00:00,Curto,R. barão de são francisco - alt da r. visconde de santa isabel - vila isabel,Baixo,-22.919543,-43.250827,Fechado,Bolsão d'água em via,2022-12-07,
5.0,86806,Curicica,2022-12-21 20:42:47+00:00,2022-12-21 22:55:24+00:00,Curto,R. da ventura - curicica,Baixo,-22.9530675,-43.3896884,Fechado,Bolsão d'água em via,2022-12-21,
5.0,87112,Cascadura,2022-12-27 16:14:17+00:00,2022-12-27 16:49:57+00:00,Curto,Av. dom hélder câmara - alt. r. padre manuel da nóbrega - cascadura,Baixo,-22.886543,-43.2841786,Fechado,Bolsão d'água em via,2022-12-27,
5.0,87117,Guadalupe,2022-12-27 17:39:19+00:00,2022-12-27 18:36:13+00:00,Curto,Av. brasil - alt. barros filho - sent. centro,Baixo,-22.8390379,-43.3671864,Fechado,Bolsão d'água em via,2022-12-27,
5.0,87127,Guaratiba,2022-12-27 19:58:05+00:00,2022-12-27 21:16:07+00:00,Curto,"Estr. do mato alto, alt. r. ibema - guaratiba",Baixo,-22.961589,-43.5829739,Fechado,Bolsão d'água em via,2022-12-27,
5.0,87301,Inhoaíba,2022-12-30 12:05:08+00:00,2022-12-30 13:46:50+00:00,Curto,Av cesario de melo - alt. estr. de santa eugenia,Baixo,-22.9143564,-43.6024511,Fechado,Bolsão d'água em via,2022-12-30,
5.0,87122,Bonsucesso,2022-12-27 18:40:56+00:00,2022-12-27 18:44:19+00:00,Curto,Rua cardoso de morais - bonsucesso,Baixo,-22.8598403,-43.2560922,Fechado,Bolsão d'água em via,2022-12-27,
5.0,87312,Paciência,2022-12-30 15:41:58+00:00,2022-12-30 16:32:40+00:00,Curto,Estr. do campinho - alt. estr. de paciência,Baixo,-22.8833949,-43.6288132,Fechado,Bolsão d'água em via,2022-12-30,
5.0,86651,Laranjeiras,2022-12-20 13:15:06+00:00,2022-12-20 14:13:00+00:00,Curto,R. pinheiro machado - alt. do fluminense - laranjeiras - sent. centro,Baixo,-22.9364,-43.18398,Fechado,Bolsão d'água em via,2022-12-20,
33.0,86168,Laranjeiras,2022-12-13 18:59:44+00:00,2022-12-13 21:30:28+00:00,Curto,Pinheiro machado -alt. rua coelho neto - sent. centro,Baixo,-22.9369434,-43.18357109999999,Fechado,Lâmina d'água,2022-12-13,
5.0,87120,Praça seca,2022-12-27 18:00:45+00:00,2022-12-27 18:28:23+00:00,Curto,R. cândido benício - alt. brt ipase - praça seca - sent. alvorada,Baixo,-22.8988689,-43.3530072,Fechado,Bolsão d'água em via,2022-12-27,
5.0,87306,Campo grande,2022-12-30 12:59:53+00:00,2022-12-30 13:48:34+00:00,Curto,Estr. rio são paulo - alt. n° 5799 - campo grande,Baixo,-22.8695133,-43.5825235,Fechado,Bolsão d'água em via,2022-12-30,
5.0,86815,Jardim sulacap,2022-12-22 00:52:29+00:00,2022-12-22 00:54:04+00:00,Curto,Estr. do catonho - alt.  jardim sulacap - ambos sentidos,Baixo,-22.898978,-43.3891283,Fechado,Bolsão d'água em via,2022-12-22,
33.0,87309,Barra da tijuca,2022-12-30 14:06:05+00:00,2022-12-30 15:39:42+00:00,Curto,Av. min. ivan lins - alt. nº 800 - barra da tijuca - sent. recreio,Baixo,-23.0128976,-43.2978054,Fechado,Lâmina d'água,2022-12-30,
33.0,86512,Barra da tijuca,2022-12-18 10:38:14+00:00,2022-12-18 13:22:02+00:00,Curto,Av. armando lombardi - alt. nº 505 - barra da tijuca,Baixo,-23.0073901,-43.3098653,Fechado,Lâmina d'água,2022-12-18,
5.0,86811,Barra da tijuca,2022-12-21 21:47:29+00:00,2022-12-22 03:20:21+00:00,Curto,Subida viaduto santos dumont - av. ayrton senna - barra da tijuca - sent. linha amarela.,Baixo,-22.9829359,-43.365378,Fechado,Bolsão d'água em via,2022-12-21,
33.0,87108,Barra da tijuca,2022-12-27 15:27:18+00:00,2022-12-27 15:49:26+00:00,Curto,Av. das américas - alt. r. jornalista ricardo marinho - sent. são conrado,Baixo,-23.000106,-43.3723519,Fechado,Lâmina d'água,2022-12-27,
5.0,87125,Quintino bocaiuva,2022-12-27 19:36:30+00:00,2022-12-27 21:46:07+00:00,Curto,"Rua clarimundo de melo, alt. cf carlos nery da costa filho - quintino bocaiuva - sent. méier",Baixo,-22.8915538,-43.3248263,Fechado,Bolsão d'água em via,2022-12-27,
5.0,85770,São francisco xavier,2022-12-07 15:48:19+00:00,2022-12-07 16:13:33+00:00,Curto,R. são francisco xavier - alt. r. luiz de matos - maracanã,Baixo,-22.9043747,-43.2436871,Fechado,Bolsão d'água em via,2022-12-07,
5.0,87106,Freguesia de jacarepaguá,2022-12-27 15:16:21+00:00,2022-12-27 15:33:58+00:00,Curto,R. tirol - alt. r. cmte. rubens silva - freguesia de jacarepaguá,Baixo,-22.9395372,-43.3293578,Fechado,Bolsão d'água em via,2022-12-27,
5.0,87105,Freguesia de jacarepaguá,2022-12-27 15:11:00+00:00,2022-12-27 15:33:48+00:00,Curto,Estrada dos três rios - alt. r. xingu - freguesia de jacarepaguá,Baixo,-22.9334901,-43.3278345,Fechado,Bolsão d'água em via,2022-12-27,
5.0,67516,Lagoa,2021-11-01 11:06:11+00:00,2021-11-01 15:06:50+00:00,Curto,"Av. borges de medeiros, 2531 - lagoa",Baixo,-22.9658067,-43.21642430000001,Fechado,Bolsão d'água em via,2021-11-01,
5.0,68052,Lagoa,2021-11-19 08:59:06+00:00,2021-11-19 13:23:09+00:00,Curto,Av. borges de medeiros - alt. piraque - lagoa - sent. rebouças,Baixo,-22.9678791,-43.2161531,Fechado,Bolsão d'água em via,2021-11-19,
5.0,68064,Lagoa,2021-11-19 10:49:57+00:00,2021-11-19 13:23:15+00:00,Curto,Av. borges de medeiros - alt. av. epitácio pessoa - sent. túnel rebouças,Baixo,-22.96252300144565,-43.20403363587647,Fechado,Bolsão d'água em via,2021-11-19,
5.0,68053,Lagoa,2021-11-19 09:04:29+00:00,2021-11-19 10:48:17+00:00,Curto,Av. borges de medeiros - alt. av. epitácio pessoa - sent. túnel rebouças,Baixo,-22.96169453641073,-43.20410851448059,Fechado,Bolsão d'água em via,2021-11-19,
5.0,67505,Lagoa,2021-11-01 08:43:07+00:00,2021-11-01 13:58:51+00:00,Curto,Praça marcos tamoyo - lagoa,Baixo,-22.96207635759104,-43.205285487171935,Fechado,Bolsão d'água em via,2021-11-01,
5.0,67547,Rocha,2021-11-01 14:04:56+00:00,2021-11-01 14:07:40+00:00,Curto,Rua ana neri - túnel do rocha,Baixo,-22.9009149,-43.2487243,Fechado,Bolsão d'água em via,2021-11-01,
5.0,67535,Tauá,2021-11-01 12:48:25+00:00,2021-11-01 16:43:54+00:00,Curto,R. eutíquio soledade - tauá - ilha do gov.,Baixo,-22.7952234,-43.1851405,Fechado,Bolsão d'água em via,2021-11-01,
5.0,67528,Cacuia,2021-11-01 12:11:17+00:00,2021-11-01 16:41:51+00:00,Curto,Estr. do rio jequiá - alt. rua arriba - cacuia,Baixo,-22.8165558,-43.1865806,Fechado,Bolsão d'água em via,2021-11-01,
5.0,67522,Cacuia,2021-11-01 11:49:52+00:00,2021-11-01 16:40:25+00:00,Curto,Rua ipiru - jardim guanabara.,Baixo,-22.8199816,-43.1899332,Fechado,Bolsão d'água em via,2021-11-01,
5.0,67523,Cacuia,2021-11-01 11:54:39+00:00,2021-11-01 16:39:29+00:00,Curto,R. arriba - jardim guanabara,Baixo,-22.819431,-43.18779,Fechado,Bolsão d'água em via,2021-11-01,
5.0,67537,Centro,2021-11-01 13:02:10+00:00,2021-11-01 14:51:59+00:00,Curto,Rua evaristo da veiga - av. rio branco - centro,Baixo,-22.9116735,-43.1785013,Fechado,Bolsão d'água em via,2021-11-01,
5.0,68061,Centro,2021-11-19 10:15:19+00:00,2021-11-19 16:15:28+00:00,Curto,Av passos - alt. rua buenos aires - centro,Baixo,-22.904529,-43.1831893,Fechado,Bolsão d'água em via,2021-11-19,
5.0,68072,Tijuca,2021-11-19 11:55:21+00:00,2021-11-19 17:22:25+00:00,Curto,"R. haddock lobo, 258 - tijuca",Baixo,-22.9190995,-43.2146563,Fechado,Bolsão d'água em via,2021-11-19,
5.0,67519,Tijuca,2021-11-01 11:33:14+00:00,2021-11-01 15:06:47+00:00,Curto,R. haddock lobo - alt. r. engenheiro abel - tijuca,Baixo,-22.92047865352845,-43.21655338894653,Fechado,Bolsão d'água em via,2021-11-01,
5.0,67527,Catumbi,2021-11-01 12:07:20+00:00,2021-11-01 14:52:01+00:00,Curto,Elevado trinta e um de março - alt. chaminé - sent. centro,Baixo,-22.9146397,-43.19473960000001,Fechado,Bolsão d'água em via,2021-11-01,
5.0,67542,Ipanema,2021-11-01 13:23:34+00:00,2021-11-01 16:51:19+00:00,Curto,R. vinícius de moraes - alt. av. epitácio pessoa - ipanema,Baixo,-22.9832664,-43.2027898,Fechado,Bolsão d'água em via,2021-11-01,
5.0,68368,Ipanema,2021-11-28 04:39:40+00:00,2021-11-28 05:38:49+00:00,Curto,R. vinícius de moraes - alt. av. eptácio pessoa - ipanema.,Baixo,-22.9798882,-43.2024645,Fechado,Bolsão d'água em via,2021-11-28,
5.0,67559,Ipanema,2021-11-01 16:40:18+00:00,2021-11-01 17:25:08+00:00,Curto,Av. epitácio pessoa - alt. r. maria quitéria - ipanema,Baixo,-22.9807693,-43.2068871,Fechado,Bolsão d'água em via,2021-11-01,
5.0,67539,Anchieta,2021-11-01 13:09:20+00:00,2021-11-01 16:06:27+00:00,Curto,"Av. chrisóstomo pimentel de oliveira, 00- anchieta",Baixo,-22.817666,-43.3898184,Fechado,Bolsão d'água em via,2021-11-01,
5.0,68070,Botafogo,2021-11-19 11:45:54+00:00,2021-11-19 13:23:21+00:00,Curto,Av. das nações unidas - botafogo - sent. copacabana,Baixo,-22.9454948,-43.1821807,Fechado,Bolsão d'água em via,2021-11-19,
5.0,67546,Cachambi,2021-11-01 14:04:11+00:00,2021-11-01 14:07:53+00:00,Curto,R. garcía redondo - cachambi,Baixo,-22.8907658,-43.275604,Fechado,Bolsão d'água em via,2021-11-01,
5.0,67560,Guaratiba,2021-11-01 17:06:23+00:00,2021-11-03 15:36:53+00:00,Curto,"Rua letícia, r. águas de araxá e r. interlándias - jardim maravilha - guaratiba",Baixo,-22.960913,-43.605677,Fechado,Bolsão d'água em via,2021-11-01,
5.0,67552,Maracanã,2021-11-01 14:39:16+00:00,2021-11-01 16:49:30+00:00,Curto,Av. maracanã - alt. r. mata machado - maracanã,Baixo,-22.9127628,-43.2264963,Fechado,Bolsão d'água em via,2021-11-01,
5.0,67530,Maracanã,2021-11-01 12:19:14+00:00,2021-11-01 14:44:40+00:00,Curto,Av. radial oeste - alt.  maracanã - sent. pça da bandeira,Baixo,-22.9104268627718,-43.23021286853943,Fechado,Bolsão d'água em via,2021-11-01,
5.0,67532,Bancários,2021-11-01 12:24:49+00:00,2021-11-01 16:43:38+00:00,Curto,Rua max yantok - ilha do governador,Baixo,-22.7917275,-43.182906,Fechado,Bolsão d'água em via,2021-11-01,
5.0,67540,Bancários,2021-11-01 13:12:26+00:00,2021-11-01 16:44:07+00:00,Curto,Rua ilha fiscal - ilha do governador,Baixo,-22.7887836,-43.1832662,Fechado,Bolsão d'água em via,2021-11-01,
5.0,67531,Bonsucesso,2021-11-01 12:21:27+00:00,2021-11-01 14:23:03+00:00,Curto,Av. teixeira de castro alt. cardoso de moraes - bonsucesso,Baixo,-22.8620332,-43.2538688,Fechado,Bolsão d'água em via,2021-11-01,
5.0,68371,Copacabana,2021-11-28 05:30:07+00:00,2021-11-28 05:33:06+00:00,Curto,R. tonelero - alt. rua siquera campos - copacabana,Baixo,-22.9666427,-43.1852321,Fechado,Bolsão d'água em via,2021-11-28,
5.0,67506,Itanhangá,2021-11-01 08:52:03+00:00,2021-11-01 13:46:37+00:00,Curto,Av. eng. souza filho - muzema ,Baixo,-22.9786046,-43.3336748,Fechado,Bolsão d'água em via,2021-11-01,
5.0,67861,Itanhangá,2021-11-12 07:52:52+00:00,2021-11-12 19:42:06+00:00,Curto,"Av. eng. souza filho, 380 - itanhangá",Baixo,-22.988395,-43.3239242,Fechado,Bolsão d'água em via,2021-11-12,
5.0,67555,Itanhangá,2021-11-01 15:02:16+00:00,2021-11-01 17:45:11+00:00,Curto,Av. eng. souza filho - entrada areial - itanhangá,Baixo,-22.9908836,-43.3215136,Fechado,Bolsão d'água em via,2021-11-01,
5.0,67507,Itanhangá,2021-11-01 08:54:05+00:00,2021-11-01 10:15:26+00:00,Curto,"Estrada da barra da tijuca, 1020 - itanhangá",Baixo,-23.0031817,-43.3036572,Fechado,Bolsão d'água em via,2021-11-01,
5.0,67875,Itanhangá,2021-11-12 19:49:32+00:00,2021-11-12 22:41:38+00:00,Curto,"Av. eng. souza filho, 380 - itanhangá",Baixo,-22.988395,-43.3239242,Fechado,Bolsão d'água em via,2021-11-12,
5.0,67541,Itanhangá,2021-11-01 13:18:45+00:00,2021-11-01 17:47:03+00:00,Curto,"Estrada da barra da tijuca, 1020 - itanhangá",Baixo,-23.0031817,-43.3036572,Fechado,Bolsão d'água em via,2021-11-01,
5.0,67517,Manguinhos,2021-11-01 11:08:01+00:00,2021-11-01 15:01:44+00:00,Curto,Av. brasil - passarela 5 - benfica - sent. santa cruz,Baixo,-22.8850574,-43.2351722,Fechado,Bolsão d'água em via,2021-11-01,
5.0,67520,Portuguesa,2021-11-01 11:36:40+00:00,2021-11-01 15:52:30+00:00,Curto,Av. carlos meziano - alt. praça elis regina - portuguesa,Baixo,-22.7990747,-43.2090748,Fechado,Bolsão d'água em via,2021-11-01,
5.0,67533,Cidade nova,2021-11-01 12:27:07+00:00,2021-11-01 14:45:40+00:00,Curto,Av. pres. vargas - cedae - centro,Baixo,-22.9087246,-43.20018719999999,Fechado,Bolsão d'água em via,2021-11-01,
5.0,67529,Vila isabel,2021-11-01 12:15:01+00:00,2021-11-01 16:56:25+00:00,Curto,Rua maxwell - vila isabel,Baixo,-22.9200689,-43.2439687,Fechado,Bolsão d'água em via,2021-11-01,
5.0,67545,Engenho novo,2021-11-01 14:01:50+00:00,2021-11-01 14:03:37+00:00,Curto,"Rua antônio portella, 86 - engenho novo",Baixo,-22.909313,-43.2690925,Fechado,Bolsão d'água em via,2021-11-01,
5.0,68367,Jacarepaguá,2021-11-28 04:39:14+00:00,2021-11-28 05:58:14+00:00,Curto,"Avenida ayrton senna, altura da ponte santos dumont - jacarepaguá - sent. orla",Baixo,-22.9712368,-43.3621606,Fechado,Bolsão d'água em via,2021-11-28,
5.0,68066,Santo cristo,2021-11-19 10:57:26+00:00,2021-11-19 11:33:53+00:00,Curto,Av. francisco bicalho - alt. iml - santo cristo - sent. centro ,Baixo,-22.9058843,-43.2107078,Fechado,Bolsão d'água em via,2021-11-19,
5.0,67558,Vila valqueire,2021-11-01 15:34:01+00:00,2021-11-01 17:05:54+00:00,Curto,Rua cairuçu - r. monclaro mena barreto - vila valqueire,Baixo,-22.8786227,-43.3732518,Fechado,Bolsão d'água em via,2021-11-01,
5.0,68366,Barra da tijuca,2021-11-28 04:32:42+00:00,2021-11-28 05:59:20+00:00,Curto,Av. armando lombardi - alt. brt jardim oceânico - barra da tijuca - sent. são conrado,Baixo,-23.0067108,-43.3124895,Fechado,Bolsão d'água em via,2021-11-28,
5.0,67511,Barra da tijuca,2021-11-01 10:17:40+00:00,2021-11-01 13:28:34+00:00,Curto,Av. das américas - alt. barra shopping - barra da tijuca - sent. são conrado,Baixo,-23.000151589769533,-43.35546158927154,Fechado,Bolsão d'água em via,2021-11-01,
5.0,67571,Barra da tijuca,2021-11-02 04:15:51+00:00,2021-11-02 06:06:14+00:00,Curto,"Av. armando lombardi, alt. jardim oceânico - barra da tijuca - sent. são conrado",Baixo,-23.0066805,-43.3109026,Fechado,Bolsão d'água em via,2021-11-02,
5.0,67548,Senador camará,2021-11-01 14:08:07+00:00,2021-11-01 14:14:57+00:00,Curto,Avenida de santa cruz  - alt. leo ferro velho,Baixo,-22.8821374,-43.4825034,Fechado,Bolsão d'água em via,2021-11-01,
5.0,67525,São cristóvão,2021-11-01 12:00:33+00:00,2021-11-01 16:06:12+00:00,Curto,Linha vermelha - km 7 (retorno) - sent. centro,Baixo,-22.8901428,-43.2231404,Fechado,Bolsão d'água em via,2021-11-01,
5.0,68050,Recreio dos bandeirantes,2021-11-19 08:15:19+00:00,2021-11-19 13:23:04+00:00,Curto,Av. das américas - alt. viaduto orlando raso - recreio - sent. são conrado,Baixo,-23.00705745248577,-43.43725133544311,Fechado,Bolsão d'água em via,2021-11-19,
31.0,67544,Caju,2021-11-01 13:52:11+00:00,2021-11-02 09:19:24+00:00,Curto,Praia do cajú - caju,Baixo,-22.8791532,-43.2138435,Fechado,Alagamento,2021-11-01,
31.0,67551,Acari,2021-11-01 14:31:10+00:00,2021-11-01 18:03:03+00:00,Curto,"Av. pref. sá lessa, 381 - acari",Baixo,-22.83109078826146,-43.35946462327881,Fechado,Alagamento,2021-11-01,
31.0,68047,Guaratiba,2021-11-19 07:54:22+00:00,2021-11-19 11:00:36+00:00,Curto,Av. campo mourão - j. maravilha - guaratiba,Baixo,-22.9622272,-43.6050691,Fechado,Alagamento,2021-11-19,
31.0,67504,Guaratiba,2021-11-01 08:33:09+00:00,2021-11-01 16:40:01+00:00,Curto,R. letícia - jardim maravilha - guaratiba,Baixo,-22.9639544,-43.60615929999999,Fechado,Alagamento,2021-11-01,
31.0,68083,Campo grande,2021-11-19 16:04:49+00:00,2021-11-19 16:06:25+00:00,Curto,Estr. do magarça - campo grande,Baixo,-22.9428769,-43.5923639,Fechado,Alagamento,2021-11-19,
31.0,67550,Parque colúmbia,2021-11-01 14:26:38+00:00,2021-11-01 23:37:23+00:00,Curto,R. embaú - alt. av. pastor martin luther king - pavuna,Baixo,-22.8203421,-43.3519271,Fechado,Alagamento,2021-11-01,
31.0,67554,Recreio dos bandeirantes,2021-11-01 14:57:42+00:00,2021-11-01 15:16:24+00:00,Curto,Rua 8w - beco do jamelao - recreio,Baixo,-23.0300625,-43.4848761,Fechado,Alagamento,2021-11-01,
5.0,54526,Lagoa,2020-07-14 12:00:21+00:00,2020-07-14 13:42:12+00:00,Curto,Av. epitácio pessoa - alt. r. vinícius de moraes - lagoa - sent. túnel rebouças,Baixo,-22.9795535,-43.2025453,Fechado,Bolsão d'água em via,2020-07-14,
5.0,54917,Lagoa,2020-07-30 10:47:59+00:00,2020-07-30 11:29:00+00:00,Curto,Av. epitácio pessoa - alt. r. vinicius de moraes - ipanema - sent. rebouças,Baixo,-22.9797904,-43.2027136,Fechado,Bolsão d'água em via,2020-07-30,
5.0,54535,Centro,2020-07-14 13:04:31+00:00,2020-07-14 18:28:30+00:00,Curto,Av. pres. vargas - alt. cidade nova - sent. av. f. bicalho,Baixo,-22.9090775,-43.2022754,Fechado,Bolsão d'água em via,2020-07-14,
5.0,54300,Méier,2020-07-02 21:20:41+00:00,2020-07-02 22:50:46+00:00,Curto,"Rua medina, alt. r. amaro cavalcante - méier",Baixo,-22.901178,-43.279212,Fechado,Bolsão d'água em via,2020-07-02,
5.0,54910,Tijuca,2020-07-30 10:06:59+00:00,2020-07-30 11:05:54+00:00,Curto,R. haddock lobo - alt. r. eng. adel - tijuca,Baixo,-22.9205392,-43.2168386,Fechado,Bolsão d'água em via,2020-07-30,
5.0,54915,Glória,2020-07-30 10:30:19+00:00,2020-07-30 11:29:18+00:00,Curto,R. do catete - alt. r. silveira martins,Baixo,-22.92574031558249,-43.176311092590325,Fechado,Bolsão d'água em via,2020-07-30,
5.0,54916,Botafogo,2020-07-30 10:43:05+00:00,2020-07-30 11:05:28+00:00,Curto,Av. pasteur - alt. instituto benjamin constant - urca - sent. praia vermelha,Baixo,-22.9519572,-43.1738664,Fechado,Bolsão d'água em via,2020-07-30,
5.0,54924,Botafogo,2020-07-30 13:28:00+00:00,2020-07-30 13:32:09+00:00,Curto,R. visc. de caravelas - botafogo,Baixo,-22.9565928,-43.1939474,Fechado,Bolsão d'água em via,2020-07-30,
5.0,54970,Humaitá,2020-07-31 10:24:39+00:00,2020-07-31 12:38:36+00:00,Curto,Rua humaitá - alt. fonte da saudade - humaitá ,Baixo,-22.9602904,-43.2030308,Fechado,Bolsão d'água em via,2020-07-31,
5.0,54930,Itanhangá,2020-07-30 15:18:36+00:00,2020-07-31 09:19:44+00:00,Curto,"Estr. do itanhangá, 1200 - itanhangá - sent. rio das pedras",Baixo,-22.9952425,-43.3113164,Fechado,Bolsão d'água em via,2020-07-30,
5.0,54951,Jacarepaguá,2020-07-31 04:50:52+00:00,2020-07-31 12:38:52+00:00,Curto,"Av. ayrton senna, mergulhão u - barra da tijuca",Baixo,-22.99728082821695,-43.36588929762268,Fechado,Bolsão d'água em via,2020-07-31,
5.0,54950,Barra da tijuca,2020-07-31 01:50:57+00:00,2020-07-31 08:33:24+00:00,Curto,"Av. armando lombardi, alt. acesso barra point - barra - em ambos os sentidos",Baixo,-23.0062608,-43.3085822,Fechado,Bolsão d'água em via,2020-07-31,
5.0,54938,Barra da tijuca,2020-07-30 16:59:06+00:00,2020-07-31 09:08:04+00:00,Curto,"Av. min. ivan lins, - alt. pte. da joatinga - barra - sent. são conrado",Baixo,-23.0122316,-43.2996369,Fechado,Bolsão d'água em via,2020-07-30,
5.0,54567,Barra da tijuca,2020-07-15 09:12:41+00:00,2020-07-15 12:07:19+00:00,Curto,"Av. ministro ivan lins, 11 - barra da tijuca - sent. são conrado",Baixo,-23.0129114,-43.2978112,Fechado,Bolsão d'água em via,2020-07-15,
5.0,54551,Barra da tijuca,2020-07-15 06:24:49+00:00,2020-07-15 12:03:48+00:00,Curto,Mergulhão u - barra da tijuca,Baixo,-23.0003709,-43.36589499999999,Fechado,Bolsão d'água em via,2020-07-15,
33.0,54527,Lagoa,2020-07-14 12:06:44+00:00,2020-07-14 12:35:24+00:00,Curto,Av. borges de medeiros - alt. rua josé joaquim seabra - lagoa,Baixo,-22.9647935,-43.2153241,Fechado,Lâmina d'água,2020-07-14,
33.0,54529,Botafogo,2020-07-14 12:16:11+00:00,2020-07-14 12:32:17+00:00,Curto,R. real grandeza - alt. r. gal. polidoro - botafogo,Baixo,-22.9580837,-43.1914281,Fechado,Lâmina d'água,2020-07-14,
33.0,54528,São conrado,2020-07-14 12:09:20+00:00,2020-07-14 12:35:28+00:00,Curto,Estr. fernando macdowell - alt. rocinha - sent. barra,Baixo,-22.9924558,-43.2512367,Fechado,Lâmina d'água,2020-07-14,
