shi_cd,shi_nm,season,time_step,time_step_col,upper_raw,lower_raw,upper_tol,lower_tol,POD_upper_raw,FAR_upper_raw,PPV_upper_raw,POD_lower_raw,FAR_lower_raw,PPV_lower_raw,POD_upper_tol,FAR_upper_tol,PPV_upper_tol,POD_lower_tol,FAR_lower_tol,PPV_lower_tol,best_antecedent_days,a,b,c,POD_api,FAR_api,PPV_api,n_ea,n_esa
2,Ilha de Paquetá,Verao,1/6,I_15min,,,,,,,,,,,,,,,,,0,,,,,,,0,109
2,Ilha de Paquetá,Verao,1/2,I_30min,,,,,,,,,,,,,,,,,0,,,,,,,0,109
2,Ilha de Paquetá,Verao,1,I_1h,,,,,,,,,,,,,,,,,0,,,,,,,0,109
2,Ilha de Paquetá,Verao,2,I_2h,,,,,,,,,,,,,,,,,0,,,,,,,0,109
2,Ilha de Paquetá,Verao,3,I_3h,,,,,,,,,,,,,,,,,0,,,,,,,0,109
2,Ilha de Paquetá,Verao,6,I_6h,,,,,,,,,,,,,,,,,0,,,,,,,0,109
2,Ilha de Paquetá,Verao,8,I_8h,,,,,,,,,,,,,,,,,0,,,,,,,0,109
2,Ilha de Paquetá,Verao,10,I_10h,,,,,,,,,,,,,,,,,0,,,,,,,0,109
2,Ilha de Paquetá,Verao,12,I_12h,,,,,,,,,,,,,,,,,0,,,,,,,0,109
2,Ilha de Paquetá,Verao,24,I_24h,,,,,,,,,,,,,,,,,0,,,,,,,0,104
2,Ilha de Paquetá,Outono,1/6,I_15min,,,,,,,,,,,,,,,,,0,,,,,,,1,80
2,Ilha de Paquetá,Outono,1/2,I_30min,,,,,,,,,,,,,,,,,0,,,,,,,1,80
2,Ilha de Paquetá,Outono,1,I_1h,,,,,,,,,,,,,,,,,0,,,,,,,1,80
2,Ilha de Paquetá,Outono,2,I_2h,,,,,,,,,,,,,,,,,0,,,,,,,1,80
2,Ilha de Paquetá,Outono,3,I_3h,,,,,,,,,,,,,,,,,0,,,,,,,1,80
2,Ilha de Paquetá,Outono,6,I_6h,,,,,,,,,,,,,,,,,0,,,,,,,1,80
2,Ilha de Paquetá,Outono,8,I_8h,,,,,,,,,,,,,,,,,0,,,,,,,1,80
2,Ilha de Paquetá,Outono,10,I_10h,,,,,,,,,,,,,,,,,0,,,,,,,1,80
2,Ilha de Paquetá,Outono,12,I_12h,,,,,,,,,,,,,,,,,0,,,,,,,1,80
2,Ilha de Paquetá,Outono,24,I_24h,,,,,,,,,,,,,,,,,0,,,,,,,1,79
2,Ilha de Paquetá,Inverno,1/6,I_15min,,,,,,,,,,,,,,,,,0,,,,,,,0,38
2,Ilha de Paquetá,Inverno,1/2,I_30min,,,,,,,,,,,,,,,,,0,,,,,,,0,38
2,Ilha de Paquetá,Inverno,1,I_1h,,,,,,,,,,,,,,,,,0,,,,,,,0,38
2,Ilha de Paquetá,Inverno,2,I_2h,,,,,,,,,,,,,,,,,0,,,,,,,0,38
2,Ilha de Paquetá,Inverno,3,I_3h,,,,,,,,,,,,,,,,,0,,,,,,,0,38
2,Ilha de Paquetá,Inverno,6,I_6h,,,,,,,,,,,,,,,,,0,,,,,,,0,38
2,Ilha de Paquetá,Inverno,8,I_8h,,,,,,,,,,,,,,,,,0,,,,,,,0,38
2,Ilha de Paquetá,Inverno,10,I_10h,,,,,,,,,,,,,,,,,0,,,,,,,0,38
2,Ilha de Paquetá,Inverno,12,I_12h,,,,,,,,,,,,,,,,,0,,,,,,,0,38
2,Ilha de Paquetá,Inverno,24,I_24h,,,,,,,,,,,,,,,,,0,,,,,,,0,38
2,Ilha de Paquetá,Primavera,1/6,I_15min,,,,,,,,,,,,,,,,,0,,,,,,,0,67
2,Ilha de Paquetá,Primavera,1/2,I_30min,,,,,,,,,,,,,,,,,0,,,,,,,0,67
2,Ilha de Paquetá,Primavera,1,I_1h,,,,,,,,,,,,,,,,,0,,,,,,,0,67
2,Ilha de Paquetá,Primavera,2,I_2h,,,,,,,,,,,,,,,,,0,,,,,,,0,67
2,Ilha de Paquetá,Primavera,3,I_3h,,,,,,,,,,,,,,,,,0,,,,,,,0,67
2,Ilha de Paquetá,Primavera,6,I_6h,,,,,,,,,,,,,,,,,0,,,,,,,0,67
2,Ilha de Paquetá,Primavera,8,I_8h,,,,,,,,,,,,,,,,,0,,,,,,,0,67
2,Ilha de Paquetá,Primavera,10,I_10h,,,,,,,,,,,,,,,,,0,,,,,,,0,67
2,Ilha de Paquetá,Primavera,12,I_12h,,,,,,,,,,,,,,,,,0,,,,,,,0,67
2,Ilha de Paquetá,Primavera,24,I_24h,,,,,,,,,,,,,,,,,0,,,,,,,0,61
5,Micro bacia da Praia Grande,Verao,1/6,I_15min,,,,,,,,,,,,,,,,,0,,,,,,,0,109
5,Micro bacia da Praia Grande,Verao,1/2,I_30min,,,,,,,,,,,,,,,,,0,,,,,,,0,109
5,Micro bacia da Praia Grande,Verao,1,I_1h,,,,,,,,,,,,,,,,,0,,,,,,,0,109
5,Micro bacia da Praia Grande,Verao,2,I_2h,,,,,,,,,,,,,,,,,0,,,,,,,0,109
5,Micro bacia da Praia Grande,Verao,3,I_3h,,,,,,,,,,,,,,,,,0,,,,,,,0,109
5,Micro bacia da Praia Grande,Verao,6,I_6h,,,,,,,,,,,,,,,,,0,,,,,,,0,109
5,Micro bacia da Praia Grande,Verao,8,I_8h,,,,,,,,,,,,,,,,,0,,,,,,,0,109
5,Micro bacia da Praia Grande,Verao,10,I_10h,,,,,,,,,,,,,,,,,0,,,,,,,0,109
5,Micro bacia da Praia Grande,Verao,12,I_12h,,,,,,,,,,,,,,,,,0,,,,,,,0,109
5,Micro bacia da Praia Grande,Verao,24,I_24h,,,,,,,,,,,,,,,,,0,,,,,,,0,104
5,Micro bacia da Praia Grande,Outono,1/6,I_15min,,,,,,,,,,,,,,,,,0,,,,,,,1,80
5,Micro bacia da Praia Grande,Outono,1/2,I_30min,,,,,,,,,,,,,,,,,0,,,,,,,1,80
5,Micro bacia da Praia Grande,Outono,1,I_1h,,,,,,,,,,,,,,,,,0,,,,,,,1,80
5,Micro bacia da Praia Grande,Outono,2,I_2h,,,,,,,,,,,,,,,,,0,,,,,,,1,80
5,Micro bacia da Praia Grande,Outono,3,I_3h,,,,,,,,,,,,,,,,,0,,,,,,,1,80
5,Micro bacia da Praia Grande,Outono,6,I_6h,,,,,,,,,,,,,,,,,0,,,,,,,1,80
5,Micro bacia da Praia Grande,Outono,8,I_8h,,,,,,,,,,,,,,,,,0,,,,,,,1,80
5,Micro bacia da Praia Grande,Outono,10,I_10h,,,,,,,,,,,,,,,,,0,,,,,,,1,80
5,Micro bacia da Praia Grande,Outono,12,I_12h,,,,,,,,,,,,,,,,,0,,,,,,,1,80
5,Micro bacia da Praia Grande,Outono,24,I_24h,,,,,,,,,,,,,,,,,0,,,,,,,1,79
5,Micro bacia da Praia Grande,Inverno,1/6,I_15min,,,,,,,,,,,,,,,,,0,,,,,,,0,38
5,Micro bacia da Praia Grande,Inverno,1/2,I_30min,,,,,,,,,,,,,,,,,0,,,,,,,0,38
5,Micro bacia da Praia Grande,Inverno,1,I_1h,,,,,,,,,,,,,,,,,0,,,,,,,0,38
5,Micro bacia da Praia Grande,Inverno,2,I_2h,,,,,,,,,,,,,,,,,0,,,,,,,0,38
5,Micro bacia da Praia Grande,Inverno,3,I_3h,,,,,,,,,,,,,,,,,0,,,,,,,0,38
5,Micro bacia da Praia Grande,Inverno,6,I_6h,,,,,,,,,,,,,,,,,0,,,,,,,0,38
5,Micro bacia da Praia Grande,Inverno,8,I_8h,,,,,,,,,,,,,,,,,0,,,,,,,0,38
5,Micro bacia da Praia Grande,Inverno,10,I_10h,,,,,,,,,,,,,,,,,0,,,,,,,0,38
5,Micro bacia da Praia Grande,Inverno,12,I_12h,,,,,,,,,,,,,,,,,0,,,,,,,0,38
5,Micro bacia da Praia Grande,Inverno,24,I_24h,,,,,,,,,,,,,,,,,0,,,,,,,0,38
5,Micro bacia da Praia Grande,Primavera,1/6,I_15min,,,,,,,,,,,,,,,,,0,,,,,,,0,67
5,Micro bacia da Praia Grande,Primavera,1/2,I_30min,,,,,,,,,,,,,,,,,0,,,,,,,0,67
5,Micro bacia da Praia Grande,Primavera,1,I_1h,,,,,,,,,,,,,,,,,0,,,,,,,0,67
5,Micro bacia da Praia Grande,Primavera,2,I_2h,,,,,,,,,,,,,,,,,0,,,,,,,0,67
5,Micro bacia da Praia Grande,Primavera,3,I_3h,,,,,,,,,,,,,,,,,0,,,,,,,0,67
5,Micro bacia da Praia Grande,Primavera,6,I_6h,,,,,,,,,,,,,,,,,0,,,,,,,0,67
5,Micro bacia da Praia Grande,Primavera,8,I_8h,,,,,,,,,,,,,,,,,0,,,,,,,0,67
5,Micro bacia da Praia Grande,Primavera,10,I_10h,,,,,,,,,,,,,,,,,0,,,,,,,0,67
5,Micro bacia da Praia Grande,Primavera,12,I_12h,,,,,,,,,,,,,,,,,0,,,,,,,0,67
5,Micro bacia da Praia Grande,Primavera,24,I_24h,,,,,,,,,,,,,,,,,0,,,,,,,0,61
6,Micro bacia do Saco do Pinhão,Verao,1/6,I_15min,,,,,,,,,,,,,,,,,0,,,,,,,0,109
6,Micro bacia do Saco do Pinhão,Verao,1/2,I_30min,,,,,,,,,,,,,,,,,0,,,,,,,0,109
6,Micro bacia do Saco do Pinhão,Verao,1,I_1h,,,,,,,,,,,,,,,,,0,,,,,,,0,109
6,Micro bacia do Saco do Pinhão,Verao,2,I_2h,,,,,,,,,,,,,,,,,0,,,,,,,0,109
6,Micro bacia do Saco do Pinhão,Verao,3,I_3h,,,,,,,,,,,,,,,,,0,,,,,,,0,109
6,Micro bacia do Saco do Pinhão,Verao,6,I_6h,,,,,,,,,,,,,,,,,0,,,,,,,0,109
6,Micro bacia do Saco do Pinhão,Verao,8,I_8h,,,,,,,,,,,,,,,,,0,,,,,,,0,109
6,Micro bacia do Saco do Pinhão,Verao,10,I_10h,,,,,,,,,,,,,,,,,0,,,,,,,0,109
6,Micro bacia do Saco do Pinhão,Verao,12,I_12h,,,,,,,,,,,,,,,,,0,,,,,,,0,109
6,Micro bacia do Saco do Pinhão,Verao,24,I_24h,,,,,,,,,,,,,,,,,0,,,,,,,0,104
6,Micro bacia do Saco do Pinhão,Outono,1/6,I_15min,,,,,,,,,,,,,,,,,0,,,,,,,0,81
6,Micro bacia do Saco do Pinhão,Outono,1/2,I_30min,,,,,,,,,,,,,,,,,0,,,,,,,0,81
6,Micro bacia do Saco do Pinhão,Outono,1,I_1h,,,,,,,,,,,,,,,,,0,,,,,,,0,81
6,Micro bacia do Saco do Pinhão,Outono,2,I_2h,,,,,,,,,,,,,,,,,0,,,,,,,0,81
6,Micro bacia do Saco do Pinhão,Outono,3,I_3h,,,,,,,,,,,,,,,,,0,,,,,,,0,81
6,Micro bacia do Saco do Pinhão,Outono,6,I_6h,,,,,,,,,,,,,,,,,0,,,,,,,0,81
6,Micro bacia do Saco do Pinhão,Outono,8,I_8h,,,,,,,,,,,,,,,,,0,,,,,,,0,81
6,Micro bacia do Saco do Pinhão,Outono,10,I_10h,,,,,,,,,,,,,,,,,0,,,,,,,0,81
6,Micro bacia do Saco do Pinhão,Outono,12,I_12h,,,,,,,,,,,,,,,,,0,,,,,,,0,81
6,Micro bacia do Saco do Pinhão,Outono,24,I_24h,,,,,,,,,,,,,,,,,0,,,,,,,0,80
6,Micro bacia do Saco do Pinhão,Inverno,1/6,I_15min,,,,,,,,,,,,,,,,,0,,,,,,,0,38
6,Micro bacia do Saco do Pinhão,Inverno,1/2,I_30min,,,,,,,,,,,,,,,,,0,,,,,,,0,38
6,Micro bacia do Saco do Pinhão,Inverno,1,I_1h,,,,,,,,,,,,,,,,,0,,,,,,,0,38
6,Micro bacia do Saco do Pinhão,Inverno,2,I_2h,,,,,,,,,,,,,,,,,0,,,,,,,0,38
6,Micro bacia do Saco do Pinhão,Inverno,3,I_3h,,,,,,,,,,,,,,,,,0,,,,,,,0,38
6,Micro bacia do Saco do Pinhão,Inverno,6,I_6h,,,,,,,,,,,,,,,,,0,,,,,,,0,38
6,Micro bacia do Saco do Pinhão,Inverno,8,I_8h,,,,,,,,,,,,,,,,,0,,,,,,,0,38
6,Micro bacia do Saco do Pinhão,Inverno,10,I_10h,,,,,,,,,,,,,,,,,0,,,,,,,0,38
6,Micro bacia do Saco do Pinhão,Inverno,12,I_12h,,,,,,,,,,,,,,,,,0,,,,,,,0,38
6,Micro bacia do Saco do Pinhão,Inverno,24,I_24h,,,,,,,,,,,,,,,,,0,,,,,,,0,38
6,Micro bacia do Saco do Pinhão,Primavera,1/6,I_15min,,,,,,,,,,,,,,,,,0,,,,,,,0,67
6,Micro bacia do Saco do Pinhão,Primavera,1/2,I_30min,,,,,,,,,,,,,,,,,0,,,,,,,0,67
6,Micro bacia do Saco do Pinhão,Primavera,1,I_1h,,,,,,,,,,,,,,,,,0,,,,,,,0,67
6,Micro bacia do Saco do Pinhão,Primavera,2,I_2h,,,,,,,,,,,,,,,,,0,,,,,,,0,67
6,Micro bacia do Saco do Pinhão,Primavera,3,I_3h,,,,,,,,,,,,,,,,,0,,,,,,,0,67
6,Micro bacia do Saco do Pinhão,Primavera,6,I_6h,,,,,,,,,,,,,,,,,0,,,,,,,0,67
6,Micro bacia do Saco do Pinhão,Primavera,8,I_8h,,,,,,,,,,,,,,,,,0,,,,,,,0,67
6,Micro bacia do Saco do Pinhão,Primavera,10,I_10h,,,,,,,,,,,,,,,,,0,,,,,,,0,67
6,Micro bacia do Saco do Pinhão,Primavera,12,I_12h,,,,,,,,,,,,,,,,,0,,,,,,,0,67
6,Micro bacia do Saco do Pinhão,Primavera,24,I_24h,,,,,,,,,,,,,,,,,0,,,,,,,0,61
7,Micro bacia do Saco do Valente,Verao,1/6,I_15min,,,,,,,,,,,,,,,,,0,,,,,,,0,109
7,Micro bacia do Saco do Valente,Verao,1/2,I_30min,,,,,,,,,,,,,,,,,0,,,,,,,0,109
7,Micro bacia do Saco do Valente,Verao,1,I_1h,,,,,,,,,,,,,,,,,0,,,,,,,0,109
7,Micro bacia do Saco do Valente,Verao,2,I_2h,,,,,,,,,,,,,,,,,0,,,,,,,0,109
7,Micro bacia do Saco do Valente,Verao,3,I_3h,,,,,,,,,,,,,,,,,0,,,,,,,0,109
7,Micro bacia do Saco do Valente,Verao,6,I_6h,,,,,,,,,,,,,,,,,0,,,,,,,0,109
7,Micro bacia do Saco do Valente,Verao,8,I_8h,,,,,,,,,,,,,,,,,0,,,,,,,0,109
7,Micro bacia do Saco do Valente,Verao,10,I_10h,,,,,,,,,,,,,,,,,0,,,,,,,0,109
7,Micro bacia do Saco do Valente,Verao,12,I_12h,,,,,,,,,,,,,,,,,0,,,,,,,0,109
7,Micro bacia do Saco do Valente,Verao,24,I_24h,,,,,,,,,,,,,,,,,0,,,,,,,0,104
7,Micro bacia do Saco do Valente,Outono,1/6,I_15min,,,,,,,,,,,,,,,,,0,,,,,,,0,81
7,Micro bacia do Saco do Valente,Outono,1/2,I_30min,,,,,,,,,,,,,,,,,0,,,,,,,0,81
7,Micro bacia do Saco do Valente,Outono,1,I_1h,,,,,,,,,,,,,,,,,0,,,,,,,0,81
7,Micro bacia do Saco do Valente,Outono,2,I_2h,,,,,,,,,,,,,,,,,0,,,,,,,0,81
7,Micro bacia do Saco do Valente,Outono,3,I_3h,,,,,,,,,,,,,,,,,0,,,,,,,0,81
7,Micro bacia do Saco do Valente,Outono,6,I_6h,,,,,,,,,,,,,,,,,0,,,,,,,0,81
7,Micro bacia do Saco do Valente,Outono,8,I_8h,,,,,,,,,,,,,,,,,0,,,,,,,0,81
7,Micro bacia do Saco do Valente,Outono,10,I_10h,,,,,,,,,,,,,,,,,0,,,,,,,0,81
7,Micro bacia do Saco do Valente,Outono,12,I_12h,,,,,,,,,,,,,,,,,0,,,,,,,0,81
7,Micro bacia do Saco do Valente,Outono,24,I_24h,,,,,,,,,,,,,,,,,0,,,,,,,0,80
7,Micro bacia do Saco do Valente,Inverno,1/6,I_15min,,,,,,,,,,,,,,,,,0,,,,,,,0,38
7,Micro bacia do Saco do Valente,Inverno,1/2,I_30min,,,,,,,,,,,,,,,,,0,,,,,,,0,38
7,Micro bacia do Saco do Valente,Inverno,1,I_1h,,,,,,,,,,,,,,,,,0,,,,,,,0,38
7,Micro bacia do Saco do Valente,Inverno,2,I_2h,,,,,,,,,,,,,,,,,0,,,,,,,0,38
7,Micro bacia do Saco do Valente,Inverno,3,I_3h,,,,,,,,,,,,,,,,,0,,,,,,,0,38
7,Micro bacia do Saco do Valente,Inverno,6,I_6h,,,,,,,,,,,,,,,,,0,,,,,,,0,38
7,Micro bacia do Saco do Valente,Inverno,8,I_8h,,,,,,,,,,,,,,,,,0,,,,,,,0,38
7,Micro bacia do Saco do Valente,Inverno,10,I_10h,,,,,,,,,,,,,,,,,0,,,,,,,0,38
7,Micro bacia do Saco do Valente,Inverno,12,I_12h,,,,,,,,,,,,,,,,,0,,,,,,,0,38
7,Micro bacia do Saco do Valente,Inverno,24,I_24h,,,,,,,,,,,,,,,,,0,,,,,,,0,38
7,Micro bacia do Saco do Valente,Primavera,1/6,I_15min,,,,,,,,,,,,,,,,,0,,,,,,,0,67
7,Micro bacia do Saco do Valente,Primavera,1/2,I_30min,,,,,,,,,,,,,,,,,0,,,,,,,0,67
7,Micro bacia do Saco do Valente,Primavera,1,I_1h,,,,,,,,,,,,,,,,,0,,,,,,,0,67
7,Micro bacia do Saco do Valente,Primavera,2,I_2h,,,,,,,,,,,,,,,,,0,,,,,,,0,67
7,Micro bacia do Saco do Valente,Primavera,3,I_3h,,,,,,,,,,,,,,,,,0,,,,,,,0,67
7,Micro bacia do Saco do Valente,Primavera,6,I_6h,,,,,,,,,,,,,,,,,0,,,,,,,0,67
7,Micro bacia do Saco do Valente,Primavera,8,I_8h,,,,,,,,,,,,,,,,,0,,,,,,,0,67
7,Micro bacia do Saco do Valente,Primavera,10,I_10h,,,,,,,,,,,,,,,,,0,,,,,,,0,67
7,Micro bacia do Saco do Valente,Primavera,12,I_12h,,,,,,,,,,,,,,,,,0,,,,,,,0,67
7,Micro bacia do Saco do Valente,Primavera,24,I_24h,,,,,,,,,,,,,,,,,0,,,,,,,0,61
8,Micro bacia do Canal dos Bancários,Verao,1/6,I_15min,144.800000,15.200000,85.048000,17.200000,0.000000,0.010204,0.000000,1.000000,0.765306,0.127907,0.000000,0.010204,0.000000,0.909091,0.683673,0.129870,3,98.723265,-0.166316,4.163265,0.818182,0.265306,0.257143,11,98
8,Micro bacia do Canal dos Bancários,Verao,1/2,I_30min,132.000000,13.200000,69.920000,14.400000,0.000000,0.010204,0.000000,1.000000,0.724490,0.134146,0.000000,0.010204,0.000000,0.909091,0.693878,0.128205,3,66.166531,-0.374737,19.234286,0.636364,0.173469,0.291667,11,98
8,Micro bacia do Canal dos Bancários,Verao,1,I_1h,109.600000,9.600000,51.400000,9.800000,0.000000,0.010204,0.000000,1.000000,0.673469,0.142857,0.000000,0.010204,0.000000,0.909091,0.663265,0.133333,3,62.273469,-0.218421,2.782857,0.727273,0.275510,0.228571,11,98
8,Micro bacia do Canal dos Bancários,Verao,2,I_2h,60.500000,4.900000,28.490000,5.400000,0.000000,0.010204,0.000000,1.000000,0.785714,0.125000,0.000000,0.010204,0.000000,0.909091,0.724490,0.123457,8,12.787551,-0.062105,12.288571,0.454545,0.104167,0.333333,11,98
8,Micro bacia do Canal dos Bancários,Verao,3,I_3h,40.400000,3.333333,20.612000,3.933333,0.000000,0.010204,0.000000,1.000000,0.887755,0.112245,0.000000,0.010204,0.000000,0.909091,0.744898,0.120482,7,16.516735,-0.166316,9.893878,0.454545,0.114583,0.312500,11,98
8,Micro bacia do Canal dos Bancários,Verao,6,I_6h,20.200000,1.700000,10.661667,1.983333,0.000000,0.010204,0.000000,1.000000,0.908163,0.110000,0.181818,0.010204,0.666667,0.909091,0.816327,0.111111,1,13.193197,-0.374737,4.232143,0.545455,0.112245,0.352941,11,98
8,Micro bacia do Canal dos Bancários,Verao,8,I_8h,15.175000,1.275000,8.724500,1.487500,0.000000,0.010204,0.000000,1.000000,0.908163,0.110000,0.090909,0.010204,0.500000,0.909091,0.826531,0.109890,3,5.171020,-0.270526,2.612245,0.727273,0.234694,0.258065,11,98
8,Micro bacia do Canal dos Bancários,Verao,10,I_10h,12.140000,1.020000,7.406400,1.190000,0.000000,0.010204,0.000000,1.000000,0.928571,0.107843,0.090909,0.010204,0.500000,0.909091,0.826531,0.109890,3,3.968163,-0.270526,2.148299,0.727273,0.234694,0.258065,11,98
8,Micro bacia do Canal dos Bancários,Verao,12,I_12h,10.116667,0.850000,6.172000,0.991667,0.000000,0.010204,0.000000,1.000000,0.948980,0.105769,0.090909,0.010204,0.500000,0.909091,0.836735,0.108696,3,3.306803,-0.270526,1.858277,0.727273,0.234694,0.258065,11,98
8,Micro bacia do Canal dos Bancários,Verao,24,I_24h,5.058333,0.550000,4.015667,0.558333,0.000000,0.010753,0.000000,1.000000,0.806452,0.127907,0.090909,0.010753,0.500000,0.909091,0.806452,0.117647,10,10.195408,-0.166316,0.925926,0.727273,0.252747,0.258065,11,93
8,Micro bacia do Canal dos Bancários,Outono,1/6,I_15min,88.000000,13.600000,72.600000,13.760000,0.000000,0.012821,0.000000,1.000000,0.641026,0.056604,0.000000,0.012821,0.000000,0.666667,0.602564,0.040816,3,35.660408,-0.843684,33.200000,0.333333,0.106667,0.111111,3,78
8,Micro bacia do Canal dos Bancários,Outono,1/2,I_30min,78.400000,9.200000,62.076000,9.600000,0.000000,0.012821,0.000000,1.000000,0.705128,0.051724,0.000000,0.012821,0.000000,0.666667,0.692308,0.035714,1,11.204082,-0.010000,27.000000,0.333333,0.064103,0.166667,3,78
8,Micro bacia do Canal dos Bancários,Outono,1,I_1h,49.800000,8.600000,49.492000,8.940000,0.000000,0.012821,0.000000,1.000000,0.576923,0.062500,0.000000,0.012821,0.000000,0.666667,0.564103,0.043478,1,6.783673,-0.010000,21.400000,0.333333,0.051282,0.200000,3,78
8,Micro bacia do Canal dos Bancários,Outono,2,I_2h,43.900000,4.500000,40.820000,5.140000,0.000000,0.012821,0.000000,1.000000,0.692308,0.052632,0.000000,0.012821,0.000000,0.666667,0.602564,0.040816,3,8.262857,-0.478947,10.571429,0.666667,0.066667,0.285714,3,78
8,Micro bacia do Canal dos Bancários,Outono,3,I_3h,39.866667,3.066667,34.528000,3.800000,0.000000,0.012821,0.000000,1.000000,0.756410,0.048387,0.000000,0.012821,0.000000,0.666667,0.615385,0.040000,3,5.056327,-0.739474,10.228571,0.666667,0.053333,0.333333,3,78
8,Micro bacia do Canal dos Bancários,Outono,6,I_6h,26.066667,2.200000,19.342000,2.666667,0.000000,0.012821,0.000000,1.000000,0.628205,0.057692,0.000000,0.012821,0.000000,0.666667,0.474359,0.051282,3,2.273197,-1.000000,5.940136,0.666667,0.066667,0.285714,3,78
8,Micro bacia do Canal dos Bancários,Outono,8,I_8h,19.725000,1.725000,15.066500,2.067500,0.000000,0.012821,0.000000,1.000000,0.602564,0.060000,0.000000,0.012821,0.000000,0.666667,0.500000,0.048780,3,1.911531,-1.000000,4.484184,0.666667,0.066667,0.285714,3,78
8,Micro bacia do Canal dos Bancários,Outono,10,I_10h,15.780000,1.440000,13.162000,1.708000,0.000000,0.012821,0.000000,1.000000,0.602564,0.060000,0.000000,0.012821,0.000000,0.666667,0.461538,0.052632,3,1.650449,-1.000000,3.591837,0.666667,0.066667,0.285714,3,78
8,Micro bacia do Canal dos Bancários,Outono,12,I_12h,13.150000,1.283333,11.597167,1.498333,0.000000,0.012821,0.000000,1.000000,0.589744,0.061224,0.000000,0.012821,0.000000,0.666667,0.423077,0.057143,3,1.088503,-1.000000,3.047279,0.666667,0.080000,0.250000,3,78
8,Micro bacia do Canal dos Bancários,Outono,24,I_24h,6.575000,0.683333,5.865667,0.786667,0.000000,0.012987,0.000000,1.000000,0.623377,0.058824,0.000000,0.012987,0.000000,0.666667,0.467532,0.052632,2,0.879014,-0.010000,2.697704,0.333333,0.040000,0.250000,3,77
8,Micro bacia do Canal dos Bancários,Inverno,1/6,I_15min,,,,,,,,,,,,,,,,,0,,,,,,,1,37
8,Micro bacia do Canal dos Bancários,Inverno,1/2,I_30min,,,,,,,,,,,,,,,,,0,,,,,,,1,37
8,Micro bacia do Canal dos Bancários,Inverno,1,I_1h,,,,,,,,,,,,,,,,,0,,,,,,,1,37
8,Micro bacia do Canal dos Bancários,Inverno,2,I_2h,,,,,,,,,,,,,,,,,0,,,,,,,1,37
8,Micro bacia do Canal dos Bancários,Inverno,3,I_3h,,,,,,,,,,,,,,,,,0,,,,,,,1,37
8,Micro bacia do Canal dos Bancários,Inverno,6,I_6h,,,,,,,,,,,,,,,,,0,,,,,,,1,37
8,Micro bacia do Canal dos Bancários,Inverno,8,I_8h,,,,,,,,,,,,,,,,,0,,,,,,,1,37
8,Micro bacia do Canal dos Bancários,Inverno,10,I_10h,,,,,,,,,,,,,,,,,0,,,,,,,1,37
8,Micro bacia do Canal dos Bancários,Inverno,12,I_12h,,,,,,,,,,,,,,,,,0,,,,,,,1,37
8,Micro bacia do Canal dos Bancários,Inverno,24,I_24h,,,,,,,,,,,,,,,,,0,,,,,,,1,37
8,Micro bacia do Canal dos Bancários,Primavera,1/6,I_15min,,,,,,,,,,,,,,,,,0,,,,,,,1,66
8,Micro bacia do Canal dos Bancários,Primavera,1/2,I_30min,,,,,,,,,,,,,,,,,0,,,,,,,1,66
8,Micro bacia do Canal dos Bancários,Primavera,1,I_1h,,,,,,,,,,,,,,,,,0,,,,,,,1,66
8,Micro bacia do Canal dos Bancários,Primavera,2,I_2h,,,,,,,,,,,,,,,,,0,,,,,,,1,66
8,Micro bacia do Canal dos Bancários,Primavera,3,I_3h,,,,,,,,,,,,,,,,,0,,,,,,,1,66
8,Micro bacia do Canal dos Bancários,Primavera,6,I_6h,,,,,,,,,,,,,,,,,0,,,,,,,1,66
8,Micro bacia do Canal dos Bancários,Primavera,8,I_8h,,,,,,,,,,,,,,,,,0,,,,,,,1,66
8,Micro bacia do Canal dos Bancários,Primavera,10,I_10h,,,,,,,,,,,,,,,,,0,,,,,,,1,66
8,Micro bacia do Canal dos Bancários,Primavera,12,I_12h,,,,,,,,,,,,,,,,,0,,,,,,,1,66
8,Micro bacia do Canal dos Bancários,Primavera,24,I_24h,,,,,,,,,,,,,,,,,0,,,,,,,1,60
9,Micro bacia do Galeão,Verao,1/6,I_15min,149.022313,12.000000,91.922746,12.409045,0.000000,0.007143,0.000000,1.000000,0.800000,0.050847,0.000000,0.014286,0.000000,0.833333,0.792857,0.043103,7,122.783107,-0.114211,22.345062,0.666667,0.173913,0.142857,6,140
9,Micro bacia do Galeão,Verao,1/2,I_30min,132.234573,9.747337,72.940813,10.317286,0.000000,0.007143,0.000000,1.000000,0.792857,0.051282,0.000000,0.014286,0.000000,0.833333,0.778571,0.043860,5,43.513728,-0.062105,12.773008,0.666667,0.250000,0.102564,6,140
9,Micro bacia do Galeão,Verao,1,I_1h,107.684321,7.473668,51.485985,7.909774,0.000000,0.007143,0.000000,1.000000,0.721429,0.056075,0.000000,0.014286,0.000000,0.833333,0.707143,0.048077,5,29.771425,-0.062105,8.678187,0.666667,0.221429,0.114286,6,140
9,Micro bacia do Galeão,Verao,2,I_2h,59.131658,4.958643,28.012020,5.320678,0.000000,0.007143,0.000000,1.000000,0.742857,0.054545,0.000000,0.014286,0.000000,0.833333,0.685714,0.049505,5,21.546237,-0.114211,7.356361,0.666667,0.221429,0.114286,6,140
9,Micro bacia do Galeão,Verao,3,I_3h,39.487772,4.337856,19.797390,4.383090,0.000000,0.007143,0.000000,1.000000,0.635714,0.063158,0.000000,0.014286,0.000000,0.833333,0.635714,0.053191,7,29.425003,-0.114211,4.307668,0.833333,0.246377,0.128205,6,140
9,Micro bacia do Galeão,Verao,6,I_6h,19.750402,2.194992,11.399295,2.259464,0.000000,0.007143,0.000000,1.000000,0.750000,0.054054,0.000000,0.014286,0.000000,0.833333,0.714286,0.047619,5,14.795902,-0.114211,2.298297,0.833333,0.228571,0.135135,6,140
9,Micro bacia do Galeão,Verao,8,I_8h,14.832914,1.646244,8.744753,1.694598,0.000000,0.007143,0.000000,1.000000,0.764286,0.053097,0.000000,0.014286,0.000000,0.833333,0.742857,0.045872,1,4.043673,-0.010000,3.891382,0.166667,0.021429,0.250000,6,140
9,Micro bacia do Galeão,Verao,10,I_10h,11.866332,1.316995,7.149966,1.355678,0.000000,0.007143,0.000000,1.000000,0.771429,0.052632,0.000000,0.014286,0.000000,0.833333,0.742857,0.045872,1,4.657277,-0.010000,2.086884,0.166667,0.021429,0.250000,6,140
9,Micro bacia do Galeão,Verao,12,I_12h,9.888610,1.097496,5.958305,1.129732,0.000000,0.007143,0.000000,1.000000,0.771429,0.052632,0.000000,0.014286,0.000000,0.833333,0.750000,0.045455,5,10.031207,-0.114211,0.984377,0.833333,0.250000,0.125000,6,140
9,Micro bacia do Galeão,Verao,24,I_24h,4.944305,0.548748,4.086616,0.564866,0.000000,0.007463,0.000000,1.000000,0.805970,0.052632,0.000000,0.014925,0.000000,0.833333,0.798507,0.044643,5,4.351199,-0.114211,0.534032,0.833333,0.268657,0.121951,6,134
9,Micro bacia do Galeão,Outono,1/6,I_15min,,,,,,,,,,,,,,,,,0,,,,,,,2,97
9,Micro bacia do Galeão,Outono,1/2,I_30min,,,,,,,,,,,,,,,,,0,,,,,,,2,97
9,Micro bacia do Galeão,Outono,1,I_1h,,,,,,,,,,,,,,,,,0,,,,,,,2,97
9,Micro bacia do Galeão,Outono,2,I_2h,,,,,,,,,,,,,,,,,0,,,,,,,2,97
9,Micro bacia do Galeão,Outono,3,I_3h,,,,,,,,,,,,,,,,,0,,,,,,,2,97
9,Micro bacia do Galeão,Outono,6,I_6h,,,,,,,,,,,,,,,,,0,,,,,,,2,97
9,Micro bacia do Galeão,Outono,8,I_8h,,,,,,,,,,,,,,,,,0,,,,,,,2,97
9,Micro bacia do Galeão,Outono,10,I_10h,,,,,,,,,,,,,,,,,0,,,,,,,2,97
9,Micro bacia do Galeão,Outono,12,I_12h,,,,,,,,,,,,,,,,,0,,,,,,,2,97
9,Micro bacia do Galeão,Outono,24,I_24h,,,,,,,,,,,,,,,,,0,,,,,,,2,96
9,Micro bacia do Galeão,Inverno,1/6,I_15min,,,,,,,,,,,,,,,,,0,,,,,,,0,54
9,Micro bacia do Galeão,Inverno,1/2,I_30min,,,,,,,,,,,,,,,,,0,,,,,,,0,54
9,Micro bacia do Galeão,Inverno,1,I_1h,,,,,,,,,,,,,,,,,0,,,,,,,0,54
9,Micro bacia do Galeão,Inverno,2,I_2h,,,,,,,,,,,,,,,,,0,,,,,,,0,54
9,Micro bacia do Galeão,Inverno,3,I_3h,,,,,,,,,,,,,,,,,0,,,,,,,0,54
9,Micro bacia do Galeão,Inverno,6,I_6h,,,,,,,,,,,,,,,,,0,,,,,,,0,54
9,Micro bacia do Galeão,Inverno,8,I_8h,,,,,,,,,,,,,,,,,0,,,,,,,0,54
9,Micro bacia do Galeão,Inverno,10,I_10h,,,,,,,,,,,,,,,,,0,,,,,,,0,54
9,Micro bacia do Galeão,Inverno,12,I_12h,,,,,,,,,,,,,,,,,0,,,,,,,0,54
9,Micro bacia do Galeão,Inverno,24,I_24h,,,,,,,,,,,,,,,,,0,,,,,,,0,54
9,Micro bacia do Galeão,Primavera,1/6,I_15min,,,,,,,,,,,,,,,,,0,,,,,,,0,92
9,Micro bacia do Galeão,Primavera,1/2,I_30min,,,,,,,,,,,,,,,,,0,,,,,,,0,92
9,Micro bacia do Galeão,Primavera,1,I_1h,,,,,,,,,,,,,,,,,0,,,,,,,0,92
9,Micro bacia do Galeão,Primavera,2,I_2h,,,,,,,,,,,,,,,,,0,,,,,,,0,92
9,Micro bacia do Galeão,Primavera,3,I_3h,,,,,,,,,,,,,,,,,0,,,,,,,0,92
9,Micro bacia do Galeão,Primavera,6,I_6h,,,,,,,,,,,,,,,,,0,,,,,,,0,92
9,Micro bacia do Galeão,Primavera,8,I_8h,,,,,,,,,,,,,,,,,0,,,,,,,0,92
9,Micro bacia do Galeão,Primavera,10,I_10h,,,,,,,,,,,,,,,,,0,,,,,,,0,92
9,Micro bacia do Galeão,Primavera,12,I_12h,,,,,,,,,,,,,,,,,0,,,,,,,0,92
9,Micro bacia do Galeão,Primavera,24,I_24h,,,,,,,,,,,,,,,,,0,,,,,,,0,86
10,Micro bacia da Praia da Guanabara,Verao,1/6,I_15min,144.800000,6.400000,85.048000,10.800000,0.000000,0.010204,0.000000,1.000000,0.979592,0.102804,0.000000,0.010204,0.000000,0.909091,0.836735,0.108696,3,129.585306,-0.583158,18.422857,0.727273,0.336735,0.195122,11,98
10,Micro bacia da Praia da Guanabara,Verao,1/2,I_30min,132.000000,5.200000,69.920000,9.200000,0.000000,0.010204,0.000000,1.000000,0.989796,0.101852,0.000000,0.010204,0.000000,0.909091,0.826531,0.109890,7,80.199184,-0.166316,17.162449,0.727273,0.281250,0.228571,11,98
10,Micro bacia da Praia da Guanabara,Verao,1,I_1h,109.600000,4.600000,51.400000,7.100000,0.000000,0.010204,0.000000,1.000000,0.918367,0.108911,0.000000,0.010204,0.000000,0.909091,0.775510,0.116279,9,32.742857,-0.062105,14.452653,0.454545,0.125000,0.294118,11,98
10,Micro bacia da Praia da Guanabara,Verao,2,I_2h,60.500000,4.300000,28.490000,4.600000,0.000000,0.010204,0.000000,1.000000,0.857143,0.115789,0.000000,0.010204,0.000000,0.909091,0.836735,0.108696,8,15.757347,-0.062105,10.358776,0.454545,0.104167,0.333333,11,98
10,Micro bacia da Praia da Guanabara,Verao,3,I_3h,40.400000,3.333333,20.935333,3.500000,0.000000,0.010204,0.000000,1.000000,0.887755,0.112245,0.000000,0.010204,0.000000,0.909091,0.846939,0.107527,7,25.362585,-0.166316,8.822857,0.454545,0.114583,0.312500,11,98
10,Micro bacia da Praia da Guanabara,Verao,6,I_6h,20.200000,1.700000,14.121333,1.966667,0.000000,0.010204,0.000000,1.000000,0.908163,0.110000,0.000000,0.010204,0.000000,0.909091,0.826531,0.109890,10,9.388095,-0.062105,1.842245,0.818182,0.343750,0.214286,11,98
10,Micro bacia da Praia da Guanabara,Verao,8,I_8h,15.175000,1.275000,10.761500,1.475000,0.000000,0.010204,0.000000,1.000000,0.908163,0.110000,0.000000,0.010204,0.000000,0.909091,0.836735,0.108696,10,7.169643,-0.062105,1.496939,0.818182,0.333333,0.219512,11,98
10,Micro bacia da Praia da Guanabara,Verao,10,I_10h,12.140000,1.020000,8.609200,1.180000,0.000000,0.010204,0.000000,1.000000,0.928571,0.107843,0.000000,0.010204,0.000000,0.909091,0.836735,0.108696,10,5.669878,-0.062105,1.222531,0.818182,0.343750,0.214286,11,98
10,Micro bacia da Praia da Guanabara,Verao,12,I_12h,10.116667,0.850000,7.174333,0.983333,0.000000,0.010204,0.000000,1.000000,0.948980,0.105769,0.000000,0.010204,0.000000,0.909091,0.846939,0.107527,8,16.790272,-0.218421,1.876463,0.636364,0.229167,0.241379,11,98
10,Micro bacia da Praia da Guanabara,Verao,24,I_24h,5.058333,0.550000,4.015667,0.554167,0.000000,0.010753,0.000000,1.000000,0.806452,0.127907,0.090909,0.010753,0.500000,0.909091,0.806452,0.117647,10,8.750000,-0.114211,0.537037,0.818182,0.329670,0.230769,11,93
10,Micro bacia da Praia da Guanabara,Outono,1/6,I_15min,,,,,,,,,,,,,,,,,0,,,,,,,2,79
10,Micro bacia da Praia da Guanabara,Outono,1/2,I_30min,,,,,,,,,,,,,,,,,0,,,,,,,2,79
10,Micro bacia da Praia da Guanabara,Outono,1,I_1h,,,,,,,,,,,,,,,,,0,,,,,,,2,79
10,Micro bacia da Praia da Guanabara,Outono,2,I_2h,,,,,,,,,,,,,,,,,0,,,,,,,2,79
10,Micro bacia da Praia da Guanabara,Outono,3,I_3h,,,,,,,,,,,,,,,,,0,,,,,,,2,79
10,Micro bacia da Praia da Guanabara,Outono,6,I_6h,,,,,,,,,,,,,,,,,0,,,,,,,2,79
10,Micro bacia da Praia da Guanabara,Outono,8,I_8h,,,,,,,,,,,,,,,,,0,,,,,,,2,79
10,Micro bacia da Praia da Guanabara,Outono,10,I_10h,,,,,,,,,,,,,,,,,0,,,,,,,2,79
10,Micro bacia da Praia da Guanabara,Outono,12,I_12h,,,,,,,,,,,,,,,,,0,,,,,,,2,79
10,Micro bacia da Praia da Guanabara,Outono,24,I_24h,,,,,,,,,,,,,,,,,0,,,,,,,2,78
10,Micro bacia da Praia da Guanabara,Inverno,1/6,I_15min,,,,,,,,,,,,,,,,,0,,,,,,,0,38
10,Micro bacia da Praia da Guanabara,Inverno,1/2,I_30min,,,,,,,,,,,,,,,,,0,,,,,,,0,38
10,Micro bacia da Praia da Guanabara,Inverno,1,I_1h,,,,,,,,,,,,,,,,,0,,,,,,,0,38
10,Micro bacia da Praia da Guanabara,Inverno,2,I_2h,,,,,,,,,,,,,,,,,0,,,,,,,0,38
10,Micro bacia da Praia da Guanabara,Inverno,3,I_3h,,,,,,,,,,,,,,,,,0,,,,,,,0,38
10,Micro bacia da Praia da Guanabara,Inverno,6,I_6h,,,,,,,,,,,,,,,,,0,,,,,,,0,38
10,Micro bacia da Praia da Guanabara,Inverno,8,I_8h,,,,,,,,,,,,,,,,,0,,,,,,,0,38
10,Micro bacia da Praia da Guanabara,Inverno,10,I_10h,,,,,,,,,,,,,,,,,0,,,,,,,0,38
10,Micro bacia da Praia da Guanabara,Inverno,12,I_12h,,,,,,,,,,,,,,,,,0,,,,,,,0,38
10,Micro bacia da Praia da Guanabara,Inverno,24,I_24h,,,,,,,,,,,,,,,,,0,,,,,,,0,38
10,Micro bacia da Praia da Guanabara,Primavera,1/6,I_15min,,,,,,,,,,,,,,,,,0,,,,,,,0,67
10,Micro bacia da Praia da Guanabara,Primavera,1/2,I_30min,,,,,,,,,,,,,,,,,0,,,,,,,0,67
10,Micro bacia da Praia da Guanabara,Primavera,1,I_1h,,,,,,,,,,,,,,,,,0,,,,,,,0,67
10,Micro bacia da Praia da Guanabara,Primavera,2,I_2h,,,,,,,,,,,,,,,,,0,,,,,,,0,67
10,Micro bacia da Praia da Guanabara,Primavera,3,I_3h,,,,,,,,,,,,,,,,,0,,,,,,,0,67
10,Micro bacia da Praia da Guanabara,Primavera,6,I_6h,,,,,,,,,,,,,,,,,0,,,,,,,0,67
10,Micro bacia da Praia da Guanabara,Primavera,8,I_8h,,,,,,,,,,,,,,,,,0,,,,,,,0,67
10,Micro bacia da Praia da Guanabara,Primavera,10,I_10h,,,,,,,,,,,,,,,,,0,,,,,,,0,67
10,Micro bacia da Praia da Guanabara,Primavera,12,I_12h,,,,,,,,,,,,,,,,,0,,,,,,,0,67
10,Micro bacia da Praia da Guanabara,Primavera,24,I_24h,,,,,,,,,,,,,,,,,0,,,,,,,0,61
11,Micro bacia do Canal da Portuguesa,Verao,1/6,I_15min,144.800000,15.200000,83.072000,16.640000,0.000000,0.009524,0.000000,1.000000,0.780952,0.046512,0.000000,0.019048,0.000000,0.750000,0.704762,0.038961,1,88.395102,-0.478947,22.410884,0.500000,0.142857,0.117647,4,105
11,Micro bacia do Canal da Portuguesa,Verao,1/2,I_30min,132.000000,13.200000,67.888000,14.640000,0.000000,0.009524,0.000000,1.000000,0.742857,0.048780,0.000000,0.019048,0.000000,0.750000,0.704762,0.038961,1,67.290612,-0.739474,22.530612,0.500000,0.123810,0.133333,4,105
11,Micro bacia do Canal da Portuguesa,Verao,1,I_1h,109.600000,10.000000,49.472000,10.990000,0.000000,0.009524,0.000000,1.000000,0.676190,0.053333,0.000000,0.019048,0.000000,0.750000,0.609524,0.044776,8,67.406939,-0.114211,17.165986,0.500000,0.097087,0.166667,4,105
11,Micro bacia do Canal da Portuguesa,Verao,2,I_2h,60.500000,6.700000,27.404000,7.195000,0.000000,0.009524,0.000000,1.000000,0.600000,0.059701,0.000000,0.019048,0.000000,0.750000,0.542857,0.050000,8,23.853061,-0.114211,14.666667,0.500000,0.097087,0.166667,4,105
11,Micro bacia do Canal da Portuguesa,Verao,3,I_3h,40.400000,4.533333,20.320000,4.883333,0.000000,0.009524,0.000000,1.000000,0.676190,0.053333,0.000000,0.019048,0.000000,0.750000,0.609524,0.044776,7,35.134150,-0.218421,9.784127,0.500000,0.126214,0.133333,4,105
11,Micro bacia do Canal da Portuguesa,Verao,6,I_6h,20.200000,2.266667,13.790667,2.531667,0.000000,0.009524,0.000000,1.000000,0.761905,0.047619,0.000000,0.019048,0.000000,0.750000,0.704762,0.038961,1,3.658095,-0.010000,6.857143,0.250000,0.028571,0.250000,4,105
11,Micro bacia do Canal da Portuguesa,Verao,8,I_8h,15.175000,1.700000,10.541000,1.898750,0.000000,0.009524,0.000000,1.000000,0.771429,0.047059,0.000000,0.019048,0.000000,0.750000,0.714286,0.038462,1,2.789490,-0.010000,5.216327,0.250000,0.038095,0.200000,4,105
11,Micro bacia do Canal da Portuguesa,Verao,10,I_10h,12.140000,1.360000,8.450400,1.519000,0.000000,0.009524,0.000000,1.000000,0.780952,0.046512,0.000000,0.019048,0.000000,0.750000,0.714286,0.038462,1,2.783796,-0.010000,4.130612,0.250000,0.028571,0.250000,4,105
11,Micro bacia do Canal da Portuguesa,Verao,12,I_12h,10.116667,1.133333,7.042000,1.265833,0.000000,0.009524,0.000000,1.000000,0.780952,0.046512,0.000000,0.019048,0.000000,0.750000,0.714286,0.038462,1,2.672857,-0.010000,3.142857,0.250000,0.028571,0.250000,4,105
11,Micro bacia do Canal da Portuguesa,Verao,24,I_24h,5.058333,0.566667,4.621083,0.717917,0.000000,0.010000,0.000000,1.000000,0.800000,0.047619,0.000000,0.010000,0.000000,0.750000,0.660000,0.043478,7,5.768929,-0.166316,1.316327,0.750000,0.153061,0.166667,4,100
11,Micro bacia do Canal da Portuguesa,Outono,1/6,I_15min,,,,,,,,,,,,,,,,,0,,,,,,,1,80
11,Micro bacia do Canal da Portuguesa,Outono,1/2,I_30min,,,,,,,,,,,,,,,,,0,,,,,,,1,80
11,Micro bacia do Canal da Portuguesa,Outono,1,I_1h,,,,,,,,,,,,,,,,,0,,,,,,,1,80
11,Micro bacia do Canal da Portuguesa,Outono,2,I_2h,,,,,,,,,,,,,,,,,0,,,,,,,1,80
11,Micro bacia do Canal da Portuguesa,Outono,3,I_3h,,,,,,,,,,,,,,,,,0,,,,,,,1,80
11,Micro bacia do Canal da Portuguesa,Outono,6,I_6h,,,,,,,,,,,,,,,,,0,,,,,,,1,80
11,Micro bacia do Canal da Portuguesa,Outono,8,I_8h,,,,,,,,,,,,,,,,,0,,,,,,,1,80
11,Micro bacia do Canal da Portuguesa,Outono,10,I_10h,,,,,,,,,,,,,,,,,0,,,,,,,1,80
11,Micro bacia do Canal da Portuguesa,Outono,12,I_12h,,,,,,,,,,,,,,,,,0,,,,,,,1,80
11,Micro bacia do Canal da Portuguesa,Outono,24,I_24h,,,,,,,,,,,,,,,,,0,,,,,,,1,79
11,Micro bacia do Canal da Portuguesa,Inverno,1/6,I_15min,,,,,,,,,,,,,,,,,0,,,,,,,0,38
11,Micro bacia do Canal da Portuguesa,Inverno,1/2,I_30min,,,,,,,,,,,,,,,,,0,,,,,,,0,38
11,Micro bacia do Canal da Portuguesa,Inverno,1,I_1h,,,,,,,,,,,,,,,,,0,,,,,,,0,38
11,Micro bacia do Canal da Portuguesa,Inverno,2,I_2h,,,,,,,,,,,,,,,,,0,,,,,,,0,38
11,Micro bacia do Canal da Portuguesa,Inverno,3,I_3h,,,,,,,,,,,,,,,,,0,,,,,,,0,38
11,Micro bacia do Canal da Portuguesa,Inverno,6,I_6h,,,,,,,,,,,,,,,,,0,,,,,,,0,38
11,Micro bacia do Canal da Portuguesa,Inverno,8,I_8h,,,,,,,,,,,,,,,,,0,,,,,,,0,38
11,Micro bacia do Canal da Portuguesa,Inverno,10,I_10h,,,,,,,,,,,,,,,,,0,,,,,,,0,38
11,Micro bacia do Canal da Portuguesa,Inverno,12,I_12h,,,,,,,,,,,,,,,,,0,,,,,,,0,38
11,Micro bacia do Canal da Portuguesa,Inverno,24,I_24h,,,,,,,,,,,,,,,,,0,,,,,,,0,38
11,Micro bacia do Canal da Portuguesa,Primavera,1/6,I_15min,,,,,,,,,,,,,,,,,0,,,,,,,2,65
11,Micro bacia do Canal da Portuguesa,Primavera,1/2,I_30min,,,,,,,,,,,,,,,,,0,,,,,,,2,65
11,Micro bacia do Canal da Portuguesa,Primavera,1,I_1h,,,,,,,,,,,,,,,,,0,,,,,,,2,65
11,Micro bacia do Canal da Portuguesa,Primavera,2,I_2h,,,,,,,,,,,,,,,,,0,,,,,,,2,65
11,Micro bacia do Canal da Portuguesa,Primavera,3,I_3h,,,,,,,,,,,,,,,,,0,,,,,,,2,65
11,Micro bacia do Canal da Portuguesa,Primavera,6,I_6h,,,,,,,,,,,,,,,,,0,,,,,,,2,65
11,Micro bacia do Canal da Portuguesa,Primavera,8,I_8h,,,,,,,,,,,,,,,,,0,,,,,,,2,65
11,Micro bacia do Canal da Portuguesa,Primavera,10,I_10h,,,,,,,,,,,,,,,,,0,,,,,,,2,65
11,Micro bacia do Canal da Portuguesa,Primavera,12,I_12h,,,,,,,,,,,,,,,,,0,,,,,,,2,65
11,Micro bacia do Canal da Portuguesa,Primavera,24,I_24h,,,,,,,,,,,,,,,,,0,,,,,,,2,59
12,Micro bacia de Cocotá/Pitangueiras/Zumbi/Ribeira,Verao,1/6,I_15min,144.800000,27.200000,83.104000,27.680000,0.000000,0.009615,0.000000,1.000000,0.471154,0.092593,0.000000,0.019231,0.000000,0.800000,0.451923,0.078431,1,81.617959,-0.374737,38.114286,0.400000,0.067308,0.222222,5,104
12,Micro bacia de Cocotá/Pitangueiras/Zumbi/Ribeira,Verao,1/2,I_30min,132.000000,21.600000,67.916000,21.760000,0.000000,0.009615,0.000000,1.000000,0.451923,0.096154,0.000000,0.019231,0.000000,0.800000,0.432692,0.081633,1,32.548571,-0.218421,32.816327,0.400000,0.067308,0.222222,5,104
12,Micro bacia de Cocotá/Pitangueiras/Zumbi/Ribeira,Verao,1,I_1h,109.600000,12.600000,49.504000,12.760000,0.000000,0.009615,0.000000,1.000000,0.538462,0.081967,0.000000,0.019231,0.000000,0.800000,0.509615,0.070175,1,21.702041,-0.583158,25.800000,0.400000,0.067308,0.222222,5,104
12,Micro bacia de Cocotá/Pitangueiras/Zumbi/Ribeira,Verao,2,I_2h,60.500000,7.400000,27.428000,7.440000,0.000000,0.009615,0.000000,1.000000,0.519231,0.084746,0.000000,0.019231,0.000000,0.800000,0.509615,0.070175,2,31.184490,-0.062105,2.665306,0.600000,0.105769,0.214286,5,104
12,Micro bacia de Cocotá/Pitangueiras/Zumbi/Ribeira,Verao,3,I_3h,40.400000,5.133333,20.323333,5.293333,0.000000,0.009615,0.000000,1.000000,0.576923,0.076923,0.000000,0.019231,0.000000,0.800000,0.567308,0.063492,2,50.363129,-0.218421,5.763265,0.600000,0.115385,0.200000,5,104
12,Micro bacia de Cocotá/Pitangueiras/Zumbi/Ribeira,Verao,6,I_6h,20.200000,2.600000,13.838333,2.973333,0.000000,0.009615,0.000000,1.000000,0.682692,0.065789,0.000000,0.019231,0.000000,0.800000,0.567308,0.063492,1,5.804490,-0.166316,6.450000,0.400000,0.048077,0.285714,5,104
12,Micro bacia de Cocotá/Pitangueiras/Zumbi/Ribeira,Verao,8,I_8h,15.175000,1.950000,10.562000,2.230000,0.000000,0.009615,0.000000,1.000000,0.701923,0.064103,0.000000,0.019231,0.000000,0.800000,0.596154,0.060606,1,8.371735,-0.270526,3.107908,0.600000,0.125000,0.187500,5,104
12,Micro bacia de Cocotá/Pitangueiras/Zumbi/Ribeira,Verao,10,I_10h,12.140000,1.560000,8.462800,1.784000,0.000000,0.009615,0.000000,1.000000,0.701923,0.064103,0.000000,0.019231,0.000000,0.800000,0.615385,0.058824,2,9.179102,-0.166316,2.592653,0.600000,0.115385,0.200000,5,104
12,Micro bacia de Cocotá/Pitangueiras/Zumbi/Ribeira,Verao,12,I_12h,10.116667,1.300000,7.052333,1.486667,0.000000,0.009615,0.000000,1.000000,0.701923,0.064103,0.000000,0.019231,0.000000,0.800000,0.615385,0.058824,2,7.463878,-0.218421,3.529167,0.400000,0.048077,0.285714,5,104
12,Micro bacia de Cocotá/Pitangueiras/Zumbi/Ribeira,Verao,24,I_24h,5.058333,0.650000,3.947667,0.746667,0.000000,0.010101,0.000000,1.000000,0.717172,0.065789,0.200000,0.010101,0.500000,0.800000,0.636364,0.059701,2,4.841531,-0.114211,0.938435,0.600000,0.101010,0.230769,5,99
12,Micro bacia de Cocotá/Pitangueiras/Zumbi/Ribeira,Outono,1/6,I_15min,,,,,,,,,,,,,,,,,0,,,,,,,1,80
12,Micro bacia de Cocotá/Pitangueiras/Zumbi/Ribeira,Outono,1/2,I_30min,,,,,,,,,,,,,,,,,0,,,,,,,1,80
12,Micro bacia de Cocotá/Pitangueiras/Zumbi/Ribeira,Outono,1,I_1h,,,,,,,,,,,,,,,,,0,,,,,,,1,80
12,Micro bacia de Cocotá/Pitangueiras/Zumbi/Ribeira,Outono,2,I_2h,,,,,,,,,,,,,,,,,0,,,,,,,1,80
12,Micro bacia de Cocotá/Pitangueiras/Zumbi/Ribeira,Outono,3,I_3h,,,,,,,,,,,,,,,,,0,,,,,,,1,80
12,Micro bacia de Cocotá/Pitangueiras/Zumbi/Ribeira,Outono,6,I_6h,,,,,,,,,,,,,,,,,0,,,,,,,1,80
12,Micro bacia de Cocotá/Pitangueiras/Zumbi/Ribeira,Outono,8,I_8h,,,,,,,,,,,,,,,,,0,,,,,,,1,80
12,Micro bacia de Cocotá/Pitangueiras/Zumbi/Ribeira,Outono,10,I_10h,,,,,,,,,,,,,,,,,0,,,,,,,1,80
12,Micro bacia de Cocotá/Pitangueiras/Zumbi/Ribeira,Outono,12,I_12h,,,,,,,,,,,,,,,,,0,,,,,,,1,80
12,Micro bacia de Cocotá/Pitangueiras/Zumbi/Ribeira,Outono,24,I_24h,,,,,,,,,,,,,,,,,0,,,,,,,1,79
12,Micro bacia de Cocotá/Pitangueiras/Zumbi/Ribeira,Inverno,1/6,I_15min,,,,,,,,,,,,,,,,,0,,,,,,,0,38
12,Micro bacia de Cocotá/Pitangueiras/Zumbi/Ribeira,Inverno,1/2,I_30min,,,,,,,,,,,,,,,,,0,,,,,,,0,38
12,Micro bacia de Cocotá/Pitangueiras/Zumbi/Ribeira,Inverno,1,I_1h,,,,,,,,,,,,,,,,,0,,,,,,,0,38
12,Micro bacia de Cocotá/Pitangueiras/Zumbi/Ribeira,Inverno,2,I_2h,,,,,,,,,,,,,,,,,0,,,,,,,0,38
12,Micro bacia de Cocotá/Pitangueiras/Zumbi/Ribeira,Inverno,3,I_3h,,,,,,,,,,,,,,,,,0,,,,,,,0,38
12,Micro bacia de Cocotá/Pitangueiras/Zumbi/Ribeira,Inverno,6,I_6h,,,,,,,,,,,,,,,,,0,,,,,,,0,38
12,Micro bacia de Cocotá/Pitangueiras/Zumbi/Ribeira,Inverno,8,I_8h,,,,,,,,,,,,,,,,,0,,,,,,,0,38
12,Micro bacia de Cocotá/Pitangueiras/Zumbi/Ribeira,Inverno,10,I_10h,,,,,,,,,,,,,,,,,0,,,,,,,0,38
12,Micro bacia de Cocotá/Pitangueiras/Zumbi/Ribeira,Inverno,12,I_12h,,,,,,,,,,,,,,,,,0,,,,,,,0,38
12,Micro bacia de Cocotá/Pitangueiras/Zumbi/Ribeira,Inverno,24,I_24h,,,,,,,,,,,,,,,,,0,,,,,,,0,38
12,Micro bacia de Cocotá/Pitangueiras/Zumbi/Ribeira,Primavera,1/6,I_15min,,,,,,,,,,,,,,,,,0,,,,,,,0,67
12,Micro bacia de Cocotá/Pitangueiras/Zumbi/Ribeira,Primavera,1/2,I_30min,,,,,,,,,,,,,,,,,0,,,,,,,0,67
12,Micro bacia de Cocotá/Pitangueiras/Zumbi/Ribeira,Primavera,1,I_1h,,,,,,,,,,,,,,,,,0,,,,,,,0,67
12,Micro bacia de Cocotá/Pitangueiras/Zumbi/Ribeira,Primavera,2,I_2h,,,,,,,,,,,,,,,,,0,,,,,,,0,67
12,Micro bacia de Cocotá/Pitangueiras/Zumbi/Ribeira,Primavera,3,I_3h,,,,,,,,,,,,,,,,,0,,,,,,,0,67
12,Micro bacia de Cocotá/Pitangueiras/Zumbi/Ribeira,Primavera,6,I_6h,,,,,,,,,,,,,,,,,0,,,,,,,0,67
12,Micro bacia de Cocotá/Pitangueiras/Zumbi/Ribeira,Primavera,8,I_8h,,,,,,,,,,,,,,,,,0,,,,,,,0,67
12,Micro bacia de Cocotá/Pitangueiras/Zumbi/Ribeira,Primavera,10,I_10h,,,,,,,,,,,,,,,,,0,,,,,,,0,67
12,Micro bacia de Cocotá/Pitangueiras/Zumbi/Ribeira,Primavera,12,I_12h,,,,,,,,,,,,,,,,,0,,,,,,,0,67
12,Micro bacia de Cocotá/Pitangueiras/Zumbi/Ribeira,Primavera,24,I_24h,,,,,,,,,,,,,,,,,0,,,,,,,0,61
13,Micro bacia do Rio Jequiá,Verao,1/6,I_15min,144.800000,8.800000,88.128000,11.800000,0.000000,0.010753,0.000000,1.000000,0.892473,0.161616,0.000000,0.010753,0.000000,0.937500,0.827957,0.163043,7,1.280000,-1.000000,29.257143,0.750000,0.373626,0.260870,16,93
13,Micro bacia do Rio Jequiá,Verao,1/2,I_30min,132.000000,6.400000,73.120000,10.600000,0.000000,0.010753,0.000000,1.000000,0.913978,0.158416,0.000000,0.010753,0.000000,0.937500,0.784946,0.170455,3,99.771429,-0.478947,20.438095,0.437500,0.172043,0.304348,16,93
13,Micro bacia do Rio Jequiá,Verao,1,I_1h,109.600000,3.400000,54.400000,5.950000,0.000000,0.010753,0.000000,1.000000,0.978495,0.149533,0.000000,0.010753,0.000000,0.937500,0.849462,0.159574,9,39.370612,-0.114211,19.640000,0.375000,0.109890,0.375000,16,93
13,Micro bacia do Rio Jequiá,Verao,2,I_2h,60.500000,2.300000,30.140000,3.650000,0.000000,0.010753,0.000000,1.000000,0.989247,0.148148,0.000000,0.010753,0.000000,0.937500,0.903226,0.151515,9,30.977347,-0.114211,10.002721,0.375000,0.131868,0.333333,16,93
13,Micro bacia do Rio Jequiá,Verao,3,I_3h,40.400000,1.866667,21.632000,2.966667,0.000000,0.010753,0.000000,1.000000,0.978495,0.149533,0.000000,0.010753,0.000000,0.937500,0.903226,0.151515,1,10.238095,-0.218421,9.003537,0.312500,0.107527,0.333333,16,93
13,Micro bacia do Rio Jequiá,Verao,6,I_6h,20.200000,1.466667,11.153333,1.641667,0.000000,0.010753,0.000000,1.000000,0.935484,0.155340,0.062500,0.010753,0.500000,0.937500,0.924731,0.148515,1,4.760000,-0.426842,4.914286,0.375000,0.129032,0.333333,16,93
13,Micro bacia do Rio Jequiá,Verao,8,I_8h,15.175000,1.200000,9.057000,1.256250,0.000000,0.010753,0.000000,1.000000,0.924731,0.156863,0.062500,0.010753,0.500000,0.937500,0.913978,0.150000,8,2.632347,-0.010000,0.786079,0.687500,0.362637,0.250000,16,93
13,Micro bacia do Rio Jequiá,Verao,10,I_10h,12.140000,1.020000,7.650400,1.095000,0.000000,0.010753,0.000000,1.000000,0.924731,0.156863,0.062500,0.010753,0.500000,0.937500,0.881720,0.154639,8,1.817143,-0.010000,0.900408,0.687500,0.373626,0.244444,16,93
13,Micro bacia do Rio Jequiá,Verao,12,I_12h,10.116667,0.850000,6.375333,0.925000,0.000000,0.010753,0.000000,1.000000,0.946237,0.153846,0.062500,0.010753,0.500000,0.937500,0.903226,0.151515,8,11.108163,-0.166316,1.597959,0.562500,0.274725,0.264706,16,93
13,Micro bacia do Rio Jequiá,Verao,24,I_24h,5.058333,0.550000,4.072333,0.600000,0.000000,0.011364,0.000000,1.000000,0.795455,0.186047,0.062500,0.011364,0.500000,0.937500,0.738636,0.187500,10,6.543878,-0.114211,0.594995,0.625000,0.337209,0.256410,16,88
13,Micro bacia do Rio Jequiá,Outono,1/6,I_15min,88.000000,8.000000,72.800000,8.840000,0.000000,0.012987,0.000000,1.000000,0.883117,0.055556,0.000000,0.012987,0.000000,0.750000,0.805195,0.046154,4,112.855510,-0.062105,17.632653,0.500000,0.054054,0.333333,4,77
13,Micro bacia do Rio Jequiá,Outono,1/2,I_30min,78.400000,6.000000,62.288000,7.080000,0.000000,0.012987,0.000000,1.000000,0.909091,0.054054,0.000000,0.012987,0.000000,0.750000,0.805195,0.046154,4,92.135510,-0.062105,17.850340,0.500000,0.040541,0.400000,4,77
13,Micro bacia do Rio Jequiá,Outono,1,I_1h,49.800000,3.400000,49.496000,4.690000,0.000000,0.012987,0.000000,1.000000,0.961039,0.051282,0.000000,0.012987,0.000000,0.750000,0.831169,0.044776,4,38.669388,-0.062105,15.145578,0.500000,0.027027,0.500000,4,77
13,Micro bacia do Rio Jequiá,Outono,2,I_2h,43.900000,2.000000,40.860000,3.260000,0.000000,0.012987,0.000000,1.000000,1.000000,0.049383,0.000000,0.012987,0.000000,0.750000,0.831169,0.044776,4,40.082041,-0.062105,10.122449,0.500000,0.027027,0.500000,4,77
13,Micro bacia do Rio Jequiá,Outono,3,I_3h,39.866667,2.066667,34.597333,2.946667,0.000000,0.012987,0.000000,1.000000,0.909091,0.054054,0.000000,0.012987,0.000000,0.750000,0.779221,0.047619,4,30.247619,-0.062105,7.575510,0.500000,0.027027,0.500000,4,77
13,Micro bacia do Rio Jequiá,Outono,6,I_6h,26.066667,1.233333,19.429333,1.693333,0.000000,0.012987,0.000000,1.000000,0.935065,0.052632,0.000000,0.012987,0.000000,0.750000,0.844156,0.044118,6,0.886667,-1.000000,8.111565,0.666667,0.040541,0.400000,4,77
13,Micro bacia do Rio Jequiá,Outono,8,I_8h,19.725000,1.075000,15.127000,1.397500,0.000000,0.012987,0.000000,1.000000,0.935065,0.052632,0.000000,0.012987,0.000000,0.750000,0.818182,0.045455,6,0.745000,-1.000000,6.214286,0.666667,0.040541,0.400000,4,77
13,Micro bacia do Rio Jequiá,Outono,10,I_10h,15.780000,0.960000,13.196000,1.203000,0.000000,0.012987,0.000000,1.000000,0.909091,0.054054,0.000000,0.012987,0.000000,0.750000,0.727273,0.050847,6,0.600000,-1.000000,5.125714,0.666667,0.040541,0.400000,4,77
13,Micro bacia do Rio Jequiá,Outono,12,I_12h,13.150000,0.983333,11.617333,1.158333,0.000000,0.012987,0.000000,1.000000,0.792208,0.061538,0.000000,0.012987,0.000000,0.750000,0.636364,0.057692,6,0.616667,-1.000000,4.290476,0.666667,0.040541,0.400000,4,77
13,Micro bacia do Rio Jequiá,Outono,24,I_24h,6.575000,0.691667,5.875000,0.749167,0.000000,0.013158,0.000000,1.000000,0.605263,0.080000,0.000000,0.013158,0.000000,0.750000,0.486842,0.075000,6,0.390833,-1.000000,3.448044,0.666667,0.027397,0.500000,4,76
13,Micro bacia do Rio Jequiá,Inverno,1/6,I_15min,,,,,,,,,,,,,,,,,0,,,,,,,1,37
13,Micro bacia do Rio Jequiá,Inverno,1/2,I_30min,,,,,,,,,,,,,,,,,0,,,,,,,1,37
13,Micro bacia do Rio Jequiá,Inverno,1,I_1h,,,,,,,,,,,,,,,,,0,,,,,,,1,37
13,Micro bacia do Rio Jequiá,Inverno,2,I_2h,,,,,,,,,,,,,,,,,0,,,,,,,1,37
13,Micro bacia do Rio Jequiá,Inverno,3,I_3h,,,,,,,,,,,,,,,,,0,,,,,,,1,37
13,Micro bacia do Rio Jequiá,Inverno,6,I_6h,,,,,,,,,,,,,,,,,0,,,,,,,1,37
13,Micro bacia do Rio Jequiá,Inverno,8,I_8h,,,,,,,,,,,,,,,,,0,,,,,,,1,37
13,Micro bacia do Rio Jequiá,Inverno,10,I_10h,,,,,,,,,,,,,,,,,0,,,,,,,1,37
13,Micro bacia do Rio Jequiá,Inverno,12,I_12h,,,,,,,,,,,,,,,,,0,,,,,,,1,37
13,Micro bacia do Rio Jequiá,Inverno,24,I_24h,,,,,,,,,,,,,,,,,0,,,,,,,1,37
13,Micro bacia do Rio Jequiá,Primavera,1/6,I_15min,65.600000,7.200000,56.528000,7.520000,0.000000,0.015625,0.000000,1.000000,0.671875,0.065217,0.000000,0.015625,0.000000,0.666667,0.671875,0.044444,1,90.662857,-0.166316,0.930612,0.333333,0.078125,0.166667,3,64
13,Micro bacia do Rio Jequiá,Primavera,1/2,I_30min,49.200000,7.200000,40.632000,7.480000,0.000000,0.015625,0.000000,1.000000,0.625000,0.069767,0.000000,0.015625,0.000000,0.666667,0.609375,0.048780,1,44.138776,-0.114211,0.579592,0.333333,0.093750,0.142857,3,64
13,Micro bacia do Rio Jequiá,Primavera,1,I_1h,28.200000,5.800000,25.428000,6.160000,0.000000,0.015625,0.000000,1.000000,0.593750,0.073171,0.000000,0.015625,0.000000,0.666667,0.562500,0.052632,1,14.848163,-0.270526,9.016327,0.333333,0.046875,0.250000,3,64
13,Micro bacia do Rio Jequiá,Primavera,2,I_2h,16.200000,4.800000,16.200000,4.800000,0.000000,0.031250,0.000000,1.000000,0.515625,0.083333,0.000000,0.031250,0.000000,1.000000,0.515625,0.083333,1,8.458776,-0.114211,5.435374,0.333333,0.062500,0.200000,3,64
13,Micro bacia do Rio Jequiá,Primavera,3,I_3h,12.733333,3.600000,11.851333,3.666667,0.000000,0.015625,0.000000,1.000000,0.546875,0.078947,0.000000,0.015625,0.000000,0.666667,0.531250,0.055556,1,10.011429,-0.114211,3.571429,0.333333,0.031250,0.333333,3,64
13,Micro bacia do Rio Jequiá,Primavera,6,I_6h,7.633333,1.833333,6.919333,1.983333,0.000000,0.015625,0.000000,1.000000,0.609375,0.071429,0.000000,0.015625,0.000000,0.666667,0.578125,0.051282,1,2.877551,-0.218421,3.800000,0.333333,0.015625,0.500000,3,64
13,Micro bacia do Rio Jequiá,Primavera,8,I_8h,6.200000,1.375000,5.412500,1.547500,0.000000,0.015625,0.000000,1.000000,0.687500,0.063830,0.000000,0.015625,0.000000,0.666667,0.593750,0.050000,1,1.722857,-0.270526,3.250000,0.333333,0.015625,0.500000,3,64
13,Micro bacia do Rio Jequiá,Primavera,10,I_10h,5.160000,1.100000,4.404000,1.246000,0.000000,0.015625,0.000000,1.000000,0.703125,0.062500,0.000000,0.015625,0.000000,0.666667,0.609375,0.048780,1,2.070776,-0.166316,2.561020,0.333333,0.015625,0.500000,3,64
13,Micro bacia do Rio Jequiá,Primavera,12,I_12h,4.633333,0.916667,3.814333,1.048333,0.000000,0.015625,0.000000,1.000000,0.734375,0.060000,0.000000,0.015625,0.000000,0.666667,0.609375,0.048780,1,2.749456,-0.218421,2.206122,0.333333,0.015625,0.500000,3,64
13,Micro bacia do Rio Jequiá,Primavera,24,I_24h,2.783333,0.458333,2.156333,0.528333,0.000000,0.017241,0.000000,1.000000,0.879310,0.055556,0.000000,0.017241,0.000000,0.666667,0.758621,0.043478,1,1.147024,-0.114211,0.979592,0.333333,0.034483,0.333333,3,58
14,Micro bacia da Praia de São Bento,Verao,1/6,I_15min,144.800000,12.800000,85.664000,14.120000,0.000000,0.010309,0.000000,1.000000,0.814433,0.131868,0.000000,0.010309,0.000000,0.916667,0.793814,0.125000,1,93.160816,-0.426842,15.287570,0.500000,0.206186,0.230769,12,97
14,Micro bacia da Praia de São Bento,Verao,1/2,I_30min,132.000000,12.000000,70.560000,12.660000,0.000000,0.010309,0.000000,1.000000,0.752577,0.141176,0.000000,0.010309,0.000000,0.916667,0.731959,0.134146,3,75.110204,-0.583158,18.025974,0.666667,0.247423,0.250000,12,97
14,Micro bacia da Praia de São Bento,Verao,1,I_1h,109.600000,6.800000,52.000000,7.240000,0.000000,0.010309,0.000000,1.000000,0.793814,0.134831,0.000000,0.010309,0.000000,0.916667,0.762887,0.129412,1,84.908571,-0.739474,15.243785,0.416667,0.092784,0.357143,12,97
14,Micro bacia da Praia de São Bento,Verao,2,I_2h,60.500000,4.100000,28.820000,5.365000,0.000000,0.010309,0.000000,1.000000,0.865979,0.125000,0.000000,0.010309,0.000000,0.916667,0.721649,0.135802,1,75.300000,-0.531053,8.676067,0.416667,0.103093,0.333333,12,97
14,Micro bacia da Praia de São Bento,Verao,3,I_3h,40.400000,3.866667,21.136000,4.233333,0.000000,0.010309,0.000000,1.000000,0.752577,0.141176,0.000000,0.010309,0.000000,0.916667,0.690722,0.141026,3,20.208163,-0.426842,6.080891,0.583333,0.206186,0.259259,12,97
14,Micro bacia da Praia de São Bento,Verao,6,I_6h,20.200000,2.200000,14.184000,2.236667,0.000000,0.010309,0.000000,1.000000,0.773196,0.137931,0.000000,0.010309,0.000000,0.916667,0.752577,0.130952,3,9.951565,-0.478947,3.710699,0.583333,0.216495,0.250000,12,97
14,Micro bacia da Praia de São Bento,Verao,8,I_8h,15.175000,1.700000,10.807000,1.837500,0.000000,0.010309,0.000000,1.000000,0.752577,0.141176,0.000000,0.010309,0.000000,0.916667,0.690722,0.141026,1,9.907653,-0.322632,2.027180,0.583333,0.216495,0.250000,12,97
14,Micro bacia da Praia de São Bento,Verao,10,I_10h,12.140000,1.360000,8.645600,1.470000,0.000000,0.010309,0.000000,1.000000,0.762887,0.139535,0.000000,0.010309,0.000000,0.916667,0.690722,0.141026,1,9.492490,-0.322632,1.338701,0.583333,0.216495,0.250000,12,97
14,Micro bacia da Praia de São Bento,Verao,12,I_12h,10.116667,1.133333,7.204667,1.225000,0.000000,0.010309,0.000000,1.000000,0.762887,0.139535,0.000000,0.010309,0.000000,0.916667,0.690722,0.141026,3,5.757347,-0.062105,1.492764,0.416667,0.123711,0.294118,12,97
14,Micro bacia da Praia de São Bento,Verao,24,I_24h,5.058333,0.566667,4.027000,0.612500,0.000000,0.010870,0.000000,1.000000,0.782609,0.142857,0.083333,0.010870,0.500000,0.916667,0.728261,0.141026,7,4.676531,-0.062105,0.198333,0.666667,0.211111,0.296296,12,92
14,Micro bacia da Praia de São Bento,Outono,1/6,I_15min,88.000000,8.000000,73.200000,9.800000,0.000000,0.013333,0.000000,1.000000,0.880000,0.083333,0.000000,0.013333,0.000000,0.833333,0.773333,0.079365,6,13.916735,-0.010000,43.400000,0.400000,0.041667,0.400000,6,75
14,Micro bacia da Praia de São Bento,Outono,1/2,I_30min,78.400000,6.000000,61.232000,6.800000,0.000000,0.013333,0.000000,1.000000,0.906667,0.081081,0.000000,0.013333,0.000000,0.833333,0.813333,0.075758,3,39.235918,-0.426842,17.663673,0.666667,0.125000,0.307692,6,75
14,Micro bacia da Praia de São Bento,Outono,1,I_1h,49.800000,3.400000,40.476000,4.700000,0.000000,0.013333,0.000000,1.000000,0.960000,0.076923,0.166667,0.013333,0.500000,0.833333,0.826667,0.074627,3,27.972245,-0.218421,9.464286,0.666667,0.125000,0.307692,6,75
14,Micro bacia da Praia de São Bento,Outono,2,I_2h,39.900000,2.000000,28.282000,2.625000,0.166667,0.013333,0.500000,1.000000,1.000000,0.074074,0.166667,0.013333,0.500000,0.833333,0.893333,0.069444,3,16.444898,-0.218421,4.903061,0.666667,0.180556,0.235294,6,75
14,Micro bacia da Praia de São Bento,Outono,3,I_3h,32.933333,2.066667,23.609333,2.316667,0.166667,0.013333,0.500000,1.000000,0.906667,0.081081,0.166667,0.013333,0.500000,0.833333,0.853333,0.072464,3,9.457687,-0.166316,6.057143,0.500000,0.097222,0.300000,6,75
14,Micro bacia da Praia de São Bento,Outono,6,I_6h,17.333333,1.233333,14.990000,1.391667,0.166667,0.013333,0.500000,1.000000,0.933333,0.078947,0.166667,0.013333,0.500000,0.833333,0.933333,0.066667,3,15.823129,-0.166316,0.580952,0.666667,0.222222,0.200000,6,75
14,Micro bacia da Praia de São Bento,Outono,8,I_8h,13.675000,1.075000,12.639000,1.231250,0.166667,0.013333,0.500000,1.000000,0.933333,0.078947,0.166667,0.013333,0.500000,0.833333,0.893333,0.069444,3,7.349796,-0.114211,0.394643,0.666667,0.208333,0.210526,6,75
14,Micro bacia da Praia de São Bento,Outono,10,I_10h,12.380000,0.960000,11.876800,1.080000,0.166667,0.013333,0.500000,1.000000,0.906667,0.081081,0.166667,0.013333,0.500000,0.833333,0.853333,0.072464,3,8.859429,-0.218421,1.204490,0.666667,0.180556,0.235294,6,75
14,Micro bacia da Praia de São Bento,Outono,12,I_12h,11.133333,0.983333,10.233000,1.058333,0.166667,0.013333,0.500000,1.000000,0.786667,0.092308,0.166667,0.013333,0.500000,0.833333,0.720000,0.084746,3,4.198707,-0.114211,0.507398,0.666667,0.194444,0.222222,6,75
14,Micro bacia da Praia de São Bento,Outono,24,I_24h,5.641667,0.666667,5.568667,0.670833,0.166667,0.013514,0.500000,1.000000,0.635135,0.113208,0.166667,0.013514,0.500000,0.833333,0.635135,0.096154,4,1.777041,-0.062105,0.500638,0.666667,0.183099,0.235294,6,74
14,Micro bacia da Praia de São Bento,Inverno,1/6,I_15min,,,,,,,,,,,,,,,,,0,,,,,,,0,38
14,Micro bacia da Praia de São Bento,Inverno,1/2,I_30min,,,,,,,,,,,,,,,,,0,,,,,,,0,38
14,Micro bacia da Praia de São Bento,Inverno,1,I_1h,,,,,,,,,,,,,,,,,0,,,,,,,0,38
14,Micro bacia da Praia de São Bento,Inverno,2,I_2h,,,,,,,,,,,,,,,,,0,,,,,,,0,38
14,Micro bacia da Praia de São Bento,Inverno,3,I_3h,,,,,,,,,,,,,,,,,0,,,,,,,0,38
14,Micro bacia da Praia de São Bento,Inverno,6,I_6h,,,,,,,,,,,,,,,,,0,,,,,,,0,38
14,Micro bacia da Praia de São Bento,Inverno,8,I_8h,,,,,,,,,,,,,,,,,0,,,,,,,0,38
14,Micro bacia da Praia de São Bento,Inverno,10,I_10h,,,,,,,,,,,,,,,,,0,,,,,,,0,38
14,Micro bacia da Praia de São Bento,Inverno,12,I_12h,,,,,,,,,,,,,,,,,0,,,,,,,0,38
14,Micro bacia da Praia de São Bento,Inverno,24,I_24h,,,,,,,,,,,,,,,,,0,,,,,,,0,38
14,Micro bacia da Praia de São Bento,Primavera,1/6,I_15min,65.600000,6.400000,56.528000,6.640000,0.000000,0.015625,0.000000,1.000000,0.765625,0.057692,0.000000,0.015625,0.000000,0.666667,0.687500,0.043478,1,41.472653,-1.000000,0.946939,0.666667,0.296875,0.095238,3,64
14,Micro bacia da Praia de São Bento,Primavera,1/2,I_30min,49.200000,5.600000,40.632000,5.760000,0.000000,0.015625,0.000000,1.000000,0.718750,0.061224,0.000000,0.015625,0.000000,0.666667,0.718750,0.041667,1,34.966531,-1.000000,0.800000,0.666667,0.296875,0.095238,3,64
14,Micro bacia da Praia de São Bento,Primavera,1,I_1h,28.200000,4.200000,25.428000,4.380000,0.000000,0.015625,0.000000,1.000000,0.765625,0.057692,0.000000,0.015625,0.000000,0.666667,0.750000,0.040000,2,30.453061,-0.687368,4.800000,0.666667,0.281250,0.100000,3,64
14,Micro bacia da Praia de São Bento,Primavera,2,I_2h,16.200000,3.000000,16.200000,3.210000,0.000000,0.031250,0.000000,1.000000,0.812500,0.054545,0.000000,0.031250,0.000000,0.666667,0.765625,0.039216,1,7.144286,-0.374737,7.150000,0.333333,0.078125,0.166667,3,64
14,Micro bacia da Praia de São Bento,Primavera,3,I_3h,12.733333,2.200000,11.851333,2.433333,0.000000,0.015625,0.000000,1.000000,0.828125,0.053571,0.000000,0.015625,0.000000,0.666667,0.796875,0.037736,1,6.116735,-0.687368,5.900000,0.333333,0.046875,0.250000,3,64
14,Micro bacia da Praia de São Bento,Primavera,6,I_6h,7.633333,1.300000,6.919333,1.530000,0.000000,0.015625,0.000000,1.000000,0.890625,0.050000,0.000000,0.015625,0.000000,0.666667,0.796875,0.037736,2,3.371429,-0.895789,3.542857,0.666667,0.109375,0.222222,3,64
14,Micro bacia da Praia de São Bento,Primavera,8,I_8h,6.200000,1.000000,5.412500,1.172500,0.000000,0.015625,0.000000,1.000000,0.921875,0.048387,0.000000,0.015625,0.000000,0.666667,0.843750,0.035714,2,2.627755,-0.895789,2.651786,0.666667,0.140625,0.181818,3,64
14,Micro bacia da Praia de São Bento,Primavera,10,I_10h,5.160000,0.980000,4.404000,1.102000,0.000000,0.015625,0.000000,1.000000,0.859375,0.051724,0.000000,0.015625,0.000000,0.666667,0.703125,0.042553,1,1.881224,-1.000000,2.079796,0.666667,0.156250,0.166667,3,64
14,Micro bacia da Praia de São Bento,Primavera,12,I_12h,4.633333,0.966667,3.814333,1.053333,0.000000,0.015625,0.000000,1.000000,0.703125,0.062500,0.000000,0.015625,0.000000,0.666667,0.609375,0.048780,1,1.567687,-1.000000,1.773469,0.666667,0.156250,0.166667,3,64
14,Micro bacia da Praia de São Bento,Primavera,24,I_24h,2.783333,0.566667,2.156333,0.615000,0.000000,0.017241,0.000000,1.000000,0.637931,0.075000,0.000000,0.017241,0.000000,0.666667,0.586207,0.055556,1,0.794184,-1.000000,0.903571,0.666667,0.172414,0.166667,3,58
15,Micro bacia do Jardim Guanabara,Verao,1/6,I_15min,144.800000,15.200000,83.104000,16.160000,0.000000,0.009615,0.000000,1.000000,0.778846,0.058140,0.000000,0.019231,0.000000,0.800000,0.701923,0.051948,1,70.375510,-0.478947,30.791837,0.600000,0.086538,0.250000,5,104
15,Micro bacia do Jardim Guanabara,Verao,1/2,I_30min,132.000000,13.200000,67.916000,14.160000,0.000000,0.009615,0.000000,1.000000,0.740385,0.060976,0.000000,0.019231,0.000000,0.800000,0.711538,0.051282,1,121.371429,-0.583158,22.157143,0.600000,0.086538,0.250000,5,104
15,Micro bacia do Jardim Guanabara,Verao,1,I_1h,109.600000,9.600000,49.504000,9.680000,0.000000,0.009615,0.000000,1.000000,0.692308,0.064935,0.000000,0.019231,0.000000,0.800000,0.682692,0.053333,1,35.040816,-0.635263,23.005102,0.600000,0.067308,0.300000,5,104
15,Micro bacia do Jardim Guanabara,Verao,2,I_2h,60.500000,4.900000,27.428000,5.260000,0.000000,0.009615,0.000000,1.000000,0.798077,0.056818,0.000000,0.019231,0.000000,0.800000,0.750000,0.048780,1,23.515918,-0.270526,11.700000,0.600000,0.086538,0.250000,5,104
15,Micro bacia do Jardim Guanabara,Verao,3,I_3h,40.400000,3.333333,20.323333,3.573333,0.000000,0.009615,0.000000,1.000000,0.894231,0.051020,0.000000,0.019231,0.000000,0.800000,0.846154,0.043478,1,15.009524,-0.322632,9.565306,0.600000,0.096154,0.230769,5,104
15,Micro bacia do Jardim Guanabara,Verao,6,I_6h,20.200000,1.700000,13.838333,1.813333,0.000000,0.009615,0.000000,1.000000,0.913462,0.050000,0.000000,0.019231,0.000000,0.800000,0.875000,0.042105,1,13.733469,-0.426842,4.721088,0.600000,0.105769,0.214286,5,104
15,Micro bacia do Jardim Guanabara,Verao,8,I_8h,15.175000,1.275000,10.562000,1.360000,0.000000,0.009615,0.000000,1.000000,0.913462,0.050000,0.000000,0.019231,0.000000,0.800000,0.884615,0.041667,1,13.136531,-0.635263,4.256378,0.600000,0.105769,0.214286,5,104
15,Micro bacia do Jardim Guanabara,Verao,10,I_10h,12.140000,1.020000,8.462800,1.088000,0.000000,0.009615,0.000000,1.000000,0.932692,0.049020,0.000000,0.019231,0.000000,0.800000,0.894231,0.041237,1,14.776327,-0.843684,3.610000,0.600000,0.105769,0.214286,5,104
15,Micro bacia do Jardim Guanabara,Verao,12,I_12h,10.116667,0.850000,7.052333,0.906667,0.000000,0.009615,0.000000,1.000000,0.951923,0.048077,0.000000,0.019231,0.000000,0.800000,0.923077,0.040000,1,7.403265,-0.531053,2.701956,0.600000,0.115385,0.200000,5,104
15,Micro bacia do Jardim Guanabara,Verao,24,I_24h,5.058333,0.550000,3.947667,0.553333,0.000000,0.010101,0.000000,1.000000,0.818182,0.058140,0.200000,0.010101,0.500000,0.800000,0.818182,0.047059,1,3.349490,-0.426842,1.209637,0.600000,0.131313,0.187500,5,99
15,Micro bacia do Jardim Guanabara,Outono,1/6,I_15min,,,,,,,,,,,,,,,,,0,,,,,,,0,81
15,Micro bacia do Jardim Guanabara,Outono,1/2,I_30min,,,,,,,,,,,,,,,,,0,,,,,,,0,81
15,Micro bacia do Jardim Guanabara,Outono,1,I_1h,,,,,,,,,,,,,,,,,0,,,,,,,0,81
15,Micro bacia do Jardim Guanabara,Outono,2,I_2h,,,,,,,,,,,,,,,,,0,,,,,,,0,81
15,Micro bacia do Jardim Guanabara,Outono,3,I_3h,,,,,,,,,,,,,,,,,0,,,,,,,0,81
15,Micro bacia do Jardim Guanabara,Outono,6,I_6h,,,,,,,,,,,,,,,,,0,,,,,,,0,81
15,Micro bacia do Jardim Guanabara,Outono,8,I_8h,,,,,,,,,,,,,,,,,0,,,,,,,0,81
15,Micro bacia do Jardim Guanabara,Outono,10,I_10h,,,,,,,,,,,,,,,,,0,,,,,,,0,81
15,Micro bacia do Jardim Guanabara,Outono,12,I_12h,,,,,,,,,,,,,,,,,0,,,,,,,0,81
15,Micro bacia do Jardim Guanabara,Outono,24,I_24h,,,,,,,,,,,,,,,,,0,,,,,,,0,80
15,Micro bacia do Jardim Guanabara,Inverno,1/6,I_15min,,,,,,,,,,,,,,,,,0,,,,,,,0,38
15,Micro bacia do Jardim Guanabara,Inverno,1/2,I_30min,,,,,,,,,,,,,,,,,0,,,,,,,0,38
15,Micro bacia do Jardim Guanabara,Inverno,1,I_1h,,,,,,,,,,,,,,,,,0,,,,,,,0,38
15,Micro bacia do Jardim Guanabara,Inverno,2,I_2h,,,,,,,,,,,,,,,,,0,,,,,,,0,38
15,Micro bacia do Jardim Guanabara,Inverno,3,I_3h,,,,,,,,,,,,,,,,,0,,,,,,,0,38
15,Micro bacia do Jardim Guanabara,Inverno,6,I_6h,,,,,,,,,,,,,,,,,0,,,,,,,0,38
15,Micro bacia do Jardim Guanabara,Inverno,8,I_8h,,,,,,,,,,,,,,,,,0,,,,,,,0,38
15,Micro bacia do Jardim Guanabara,Inverno,10,I_10h,,,,,,,,,,,,,,,,,0,,,,,,,0,38
15,Micro bacia do Jardim Guanabara,Inverno,12,I_12h,,,,,,,,,,,,,,,,,0,,,,,,,0,38
15,Micro bacia do Jardim Guanabara,Inverno,24,I_24h,,,,,,,,,,,,,,,,,0,,,,,,,0,38
15,Micro bacia do Jardim Guanabara,Primavera,1/6,I_15min,,,,,,,,,,,,,,,,,0,,,,,,,1,66
15,Micro bacia do Jardim Guanabara,Primavera,1/2,I_30min,,,,,,,,,,,,,,,,,0,,,,,,,1,66
15,Micro bacia do Jardim Guanabara,Primavera,1,I_1h,,,,,,,,,,,,,,,,,0,,,,,,,1,66
15,Micro bacia do Jardim Guanabara,Primavera,2,I_2h,,,,,,,,,,,,,,,,,0,,,,,,,1,66
15,Micro bacia do Jardim Guanabara,Primavera,3,I_3h,,,,,,,,,,,,,,,,,0,,,,,,,1,66
15,Micro bacia do Jardim Guanabara,Primavera,6,I_6h,,,,,,,,,,,,,,,,,0,,,,,,,1,66
15,Micro bacia do Jardim Guanabara,Primavera,8,I_8h,,,,,,,,,,,,,,,,,0,,,,,,,1,66
15,Micro bacia do Jardim Guanabara,Primavera,10,I_10h,,,,,,,,,,,,,,,,,0,,,,,,,1,66
15,Micro bacia do Jardim Guanabara,Primavera,12,I_12h,,,,,,,,,,,,,,,,,0,,,,,,,1,66
15,Micro bacia do Jardim Guanabara,Primavera,24,I_24h,,,,,,,,,,,,,,,,,0,,,,,,,1,60
17,Ilha do Fundão,Verao,1/6,I_15min,,,,,,,,,,,,,,,,,0,,,,,,,0,199
17,Ilha do Fundão,Verao,1/2,I_30min,,,,,,,,,,,,,,,,,0,,,,,,,0,199
17,Ilha do Fundão,Verao,1,I_1h,,,,,,,,,,,,,,,,,0,,,,,,,0,199
17,Ilha do Fundão,Verao,2,I_2h,,,,,,,,,,,,,,,,,0,,,,,,,0,199
17,Ilha do Fundão,Verao,3,I_3h,,,,,,,,,,,,,,,,,0,,,,,,,0,199
17,Ilha do Fundão,Verao,6,I_6h,,,,,,,,,,,,,,,,,0,,,,,,,0,199
17,Ilha do Fundão,Verao,8,I_8h,,,,,,,,,,,,,,,,,0,,,,,,,0,199
17,Ilha do Fundão,Verao,10,I_10h,,,,,,,,,,,,,,,,,0,,,,,,,0,199
17,Ilha do Fundão,Verao,12,I_12h,,,,,,,,,,,,,,,,,0,,,,,,,0,199
17,Ilha do Fundão,Verao,24,I_24h,,,,,,,,,,,,,,,,,0,,,,,,,0,191
17,Ilha do Fundão,Outono,1/6,I_15min,,,,,,,,,,,,,,,,,0,,,,,,,2,109
17,Ilha do Fundão,Outono,1/2,I_30min,,,,,,,,,,,,,,,,,0,,,,,,,2,109
17,Ilha do Fundão,Outono,1,I_1h,,,,,,,,,,,,,,,,,0,,,,,,,2,109
17,Ilha do Fundão,Outono,2,I_2h,,,,,,,,,,,,,,,,,0,,,,,,,2,109
17,Ilha do Fundão,Outono,3,I_3h,,,,,,,,,,,,,,,,,0,,,,,,,2,109
17,Ilha do Fundão,Outono,6,I_6h,,,,,,,,,,,,,,,,,0,,,,,,,2,109
17,Ilha do Fundão,Outono,8,I_8h,,,,,,,,,,,,,,,,,0,,,,,,,2,109
17,Ilha do Fundão,Outono,10,I_10h,,,,,,,,,,,,,,,,,0,,,,,,,2,109
17,Ilha do Fundão,Outono,12,I_12h,,,,,,,,,,,,,,,,,0,,,,,,,2,109
17,Ilha do Fundão,Outono,24,I_24h,,,,,,,,,,,,,,,,,0,,,,,,,2,107
17,Ilha do Fundão,Inverno,1/6,I_15min,,,,,,,,,,,,,,,,,0,,,,,,,0,59
17,Ilha do Fundão,Inverno,1/2,I_30min,,,,,,,,,,,,,,,,,0,,,,,,,0,59
17,Ilha do Fundão,Inverno,1,I_1h,,,,,,,,,,,,,,,,,0,,,,,,,0,59
17,Ilha do Fundão,Inverno,2,I_2h,,,,,,,,,,,,,,,,,0,,,,,,,0,59
17,Ilha do Fundão,Inverno,3,I_3h,,,,,,,,,,,,,,,,,0,,,,,,,0,59
17,Ilha do Fundão,Inverno,6,I_6h,,,,,,,,,,,,,,,,,0,,,,,,,0,59
17,Ilha do Fundão,Inverno,8,I_8h,,,,,,,,,,,,,,,,,0,,,,,,,0,59
17,Ilha do Fundão,Inverno,10,I_10h,,,,,,,,,,,,,,,,,0,,,,,,,0,59
17,Ilha do Fundão,Inverno,12,I_12h,,,,,,,,,,,,,,,,,0,,,,,,,0,59
17,Ilha do Fundão,Inverno,24,I_24h,,,,,,,,,,,,,,,,,0,,,,,,,0,58
17,Ilha do Fundão,Primavera,1/6,I_15min,,,,,,,,,,,,,,,,,0,,,,,,,1,112
17,Ilha do Fundão,Primavera,1/2,I_30min,,,,,,,,,,,,,,,,,0,,,,,,,1,112
17,Ilha do Fundão,Primavera,1,I_1h,,,,,,,,,,,,,,,,,0,,,,,,,1,112
17,Ilha do Fundão,Primavera,2,I_2h,,,,,,,,,,,,,,,,,0,,,,,,,1,112
17,Ilha do Fundão,Primavera,3,I_3h,,,,,,,,,,,,,,,,,0,,,,,,,1,112
17,Ilha do Fundão,Primavera,6,I_6h,,,,,,,,,,,,,,,,,0,,,,,,,1,112
17,Ilha do Fundão,Primavera,8,I_8h,,,,,,,,,,,,,,,,,0,,,,,,,1,112
17,Ilha do Fundão,Primavera,10,I_10h,,,,,,,,,,,,,,,,,0,,,,,,,1,112
17,Ilha do Fundão,Primavera,12,I_12h,,,,,,,,,,,,,,,,,0,,,,,,,1,112
17,Ilha do Fundão,Primavera,24,I_24h,,,,,,,,,,,,,,,,,0,,,,,,,1,103
18,Sub bacia Secundária do Rio da Prata do Mendanha,Verao,1/6,I_15min,105.575293,4.614283,88.604712,9.762892,0.000000,0.006494,0.000000,1.000000,0.967532,0.068750,0.000000,0.012987,0.000000,0.909091,0.792208,0.075758,2,55.096261,-0.947895,14.427975,0.727273,0.415584,0.111111,11,154
18,Sub bacia Secundária do Rio da Prata do Mendanha,Verao,1/2,I_30min,76.442444,4.214283,70.136901,6.751436,0.000000,0.006494,0.000000,1.000000,0.954545,0.069620,0.000000,0.012987,0.000000,0.909091,0.857143,0.070423,1,29.712776,-0.791579,21.719873,0.454545,0.201299,0.138889,11,154
18,Sub bacia Secundária do Rio da Prata do Mendanha,Verao,1,I_1h,50.134207,3.709666,44.078606,5.555491,0.000000,0.006494,0.000000,1.000000,0.915584,0.072368,0.000000,0.012987,0.000000,0.909091,0.818182,0.073529,10,30.015686,-1.000000,15.748721,0.545455,0.284768,0.122449,11,154
18,Sub bacia Secundária do Rio da Prata do Mendanha,Verao,2,I_2h,30.350050,2.982023,27.372545,3.556302,0.000000,0.006494,0.000000,1.000000,0.896104,0.073826,0.000000,0.012987,0.000000,0.909091,0.844156,0.071429,1,2.591118,-0.010000,9.702699,0.454545,0.201299,0.138889,11,154
18,Sub bacia Secundária do Rio da Prata do Mendanha,Verao,3,I_3h,21.770316,2.517241,21.330905,2.761107,0.000000,0.006494,0.000000,1.000000,0.883117,0.074830,0.000000,0.012987,0.000000,0.909091,0.844156,0.071429,1,1.824593,-0.010000,7.029638,0.454545,0.227273,0.125000,11,154
18,Sub bacia Secundária do Rio da Prata do Mendanha,Verao,6,I_6h,13.551428,1.822765,11.402330,1.874082,0.000000,0.006494,0.000000,1.000000,0.818182,0.080292,0.000000,0.012987,0.000000,0.909091,0.805195,0.074627,9,3.730337,-0.947895,3.786661,0.636364,0.291391,0.137255,11,154
18,Sub bacia Secundária do Rio da Prata do Mendanha,Verao,8,I_8h,10.497758,1.444049,8.647072,1.596255,0.000000,0.006494,0.000000,1.000000,0.798701,0.082090,0.000000,0.012987,0.000000,0.909091,0.746753,0.080000,10,4.457591,-0.895789,2.932770,0.636364,0.311258,0.129630,11,154
18,Sub bacia Secundária do Rio da Prata do Mendanha,Verao,10,I_10h,8.402830,1.155239,7.034683,1.298084,0.000000,0.006494,0.000000,1.000000,0.811688,0.080882,0.000000,0.012987,0.000000,0.909091,0.740260,0.080645,7,2.392546,-1.000000,2.365537,0.636364,0.317881,0.127273,11,154
18,Sub bacia Secundária do Rio da Prata do Mendanha,Verao,12,I_12h,7.059051,0.962699,5.936576,1.083097,0.000000,0.006494,0.000000,1.000000,0.824675,0.079710,0.000000,0.012987,0.000000,0.909091,0.753247,0.079365,1,0.389939,-0.114211,1.692456,0.727273,0.370130,0.123077,11,154
18,Sub bacia Secundária do Rio da Prata do Mendanha,Verao,24,I_24h,3.537179,0.624707,3.025033,0.635843,0.000000,0.006757,0.000000,1.000000,0.716216,0.094017,0.000000,0.013514,0.000000,0.909091,0.716216,0.086207,2,0.770466,-1.000000,0.878174,0.727273,0.371622,0.126984,11,148
18,Sub bacia Secundária do Rio da Prata do Mendanha,Outono,1/6,I_15min,100.352742,19.330544,72.642410,20.216051,0.000000,0.009174,0.000000,1.000000,0.532110,0.064516,0.000000,0.018349,0.000000,0.750000,0.513761,0.050847,1,27.334409,-0.010000,44.194739,0.250000,0.018349,0.333333,4,109
18,Sub bacia Secundária do Rio da Prata do Mendanha,Outono,1/2,I_30min,90.260372,14.289478,58.409889,14.501954,0.000000,0.009174,0.000000,1.000000,0.577982,0.059701,0.000000,0.018349,0.000000,0.750000,0.559633,0.046875,4,39.337823,-0.010000,15.813337,0.500000,0.028571,0.400000,4,109
18,Sub bacia Secundária do Rio da Prata do Mendanha,Outono,1,I_1h,64.637114,8.980705,45.482256,9.654596,0.000000,0.009174,0.000000,1.000000,0.614679,0.056338,0.000000,0.018349,0.000000,0.750000,0.568807,0.046154,4,6.698175,-0.270526,31.140342,0.500000,0.019048,0.500000,4,109
18,Sub bacia Secundária do Rio da Prata do Mendanha,Outono,2,I_2h,37.458450,6.353803,27.148888,6.726834,0.000000,0.009174,0.000000,1.000000,0.486239,0.070175,0.250000,0.018349,0.333333,0.750000,0.440367,0.058824,4,11.030898,-0.010000,14.621294,0.500000,0.019048,0.500000,4,109
18,Sub bacia Secundária do Rio da Prata do Mendanha,Outono,3,I_3h,26.151226,4.775148,19.023187,5.360633,0.250000,0.009174,0.500000,1.000000,0.458716,0.074074,0.250000,0.018349,0.333333,0.750000,0.412844,0.062500,1,5.278330,-0.062105,12.938030,0.500000,0.018349,0.500000,4,109
18,Sub bacia Secundária do Rio da Prata do Mendanha,Outono,6,I_6h,13.673471,3.199514,13.146308,3.708323,0.250000,0.009174,0.500000,1.000000,0.385321,0.086957,0.250000,0.018349,0.333333,0.750000,0.330275,0.076923,8,13.756120,-0.062105,5.399118,0.750000,0.028846,0.500000,4,109
18,Sub bacia Secundária do Rio da Prata do Mendanha,Outono,8,I_8h,11.547462,3.231325,9.871106,3.571493,0.250000,0.009174,0.500000,1.000000,0.266055,0.121212,0.250000,0.018349,0.333333,0.750000,0.192661,0.125000,7,10.347695,-0.062105,3.966286,0.750000,0.028846,0.500000,4,109
18,Sub bacia Secundária do Rio da Prata do Mendanha,Outono,10,I_10h,10.819372,3.045001,9.979093,3.256204,0.000000,0.009174,0.000000,1.000000,0.192661,0.160000,0.250000,0.018349,0.333333,0.750000,0.165138,0.142857,4,11.486677,-0.062105,2.445264,0.750000,0.028571,0.500000,4,109
18,Sub bacia Secundária do Rio da Prata do Mendanha,Outono,12,I_12h,9.552752,2.804119,9.027518,2.942134,0.000000,0.009174,0.000000,1.000000,0.174312,0.173913,0.000000,0.018349,0.000000,0.750000,0.146789,0.157895,4,9.273150,-0.062105,2.127141,0.750000,0.028571,0.500000,4,109
18,Sub bacia Secundária do Rio da Prata do Mendanha,Outono,24,I_24h,7.942494,1.933785,4.581116,1.977148,0.000000,0.009346,0.000000,1.000000,0.140187,0.210526,0.250000,0.018692,0.333333,0.750000,0.140187,0.166667,4,0.960566,-0.114211,2.162149,0.750000,0.029126,0.500000,4,107
18,Sub bacia Secundária do Rio da Prata do Mendanha,Inverno,1/6,I_15min,,,,,,,,,,,,,,,,,0,,,,,,,0,60
18,Sub bacia Secundária do Rio da Prata do Mendanha,Inverno,1/2,I_30min,,,,,,,,,,,,,,,,,0,,,,,,,0,60
18,Sub bacia Secundária do Rio da Prata do Mendanha,Inverno,1,I_1h,,,,,,,,,,,,,,,,,0,,,,,,,0,60
18,Sub bacia Secundária do Rio da Prata do Mendanha,Inverno,2,I_2h,,,,,,,,,,,,,,,,,0,,,,,,,0,60
18,Sub bacia Secundária do Rio da Prata do Mendanha,Inverno,3,I_3h,,,,,,,,,,,,,,,,,0,,,,,,,0,60
18,Sub bacia Secundária do Rio da Prata do Mendanha,Inverno,6,I_6h,,,,,,,,,,,,,,,,,0,,,,,,,0,60
18,Sub bacia Secundária do Rio da Prata do Mendanha,Inverno,8,I_8h,,,,,,,,,,,,,,,,,0,,,,,,,0,60
18,Sub bacia Secundária do Rio da Prata do Mendanha,Inverno,10,I_10h,,,,,,,,,,,,,,,,,0,,,,,,,0,60
18,Sub bacia Secundária do Rio da Prata do Mendanha,Inverno,12,I_12h,,,,,,,,,,,,,,,,,0,,,,,,,0,60
18,Sub bacia Secundária do Rio da Prata do Mendanha,Inverno,24,I_24h,,,,,,,,,,,,,,,,,0,,,,,,,0,58
18,Sub bacia Secundária do Rio da Prata do Mendanha,Primavera,1/6,I_15min,73.600000,8.936257,55.458619,9.349288,0.000000,0.008772,0.000000,1.000000,0.622807,0.053333,0.000000,0.017544,0.000000,0.750000,0.614035,0.041096,1,38.513784,-1.000000,11.350527,0.750000,0.245614,0.096774,4,114
18,Sub bacia Secundária do Rio da Prata do Mendanha,Primavera,1/2,I_30min,46.800000,6.868128,44.809785,7.191376,0.000000,0.008772,0.000000,1.000000,0.640351,0.051948,0.000000,0.017544,0.000000,0.750000,0.622807,0.040541,1,19.594056,-0.739474,8.644030,0.750000,0.263158,0.090909,4,114
18,Sub bacia Secundária do Rio da Prata do Mendanha,Primavera,1,I_1h,32.340074,5.714370,29.948513,6.009466,0.000000,0.008772,0.000000,1.000000,0.640351,0.051948,0.000000,0.017544,0.000000,0.750000,0.596491,0.042254,1,3.633109,-1.000000,7.606658,0.750000,0.271930,0.088235,4,114
18,Sub bacia Secundária do Rio da Prata do Mendanha,Primavera,2,I_2h,21.641192,4.566700,20.114274,4.611786,0.000000,0.008772,0.000000,1.000000,0.561404,0.058824,0.000000,0.017544,0.000000,0.750000,0.561404,0.044776,1,8.084816,-1.000000,1.431713,0.750000,0.324561,0.075000,4,114
18,Sub bacia Secundária do Rio da Prata do Mendanha,Primavera,3,I_3h,16.762223,3.593594,14.534800,3.631225,0.000000,0.008772,0.000000,1.000000,0.491228,0.066667,0.000000,0.017544,0.000000,0.750000,0.464912,0.053571,1,15.576734,-0.218421,1.441262,0.500000,0.166667,0.095238,4,114
18,Sub bacia Secundária do Rio da Prata do Mendanha,Primavera,6,I_6h,9.213955,1.832850,9.130822,1.857127,0.000000,0.008772,0.000000,1.000000,0.649123,0.051282,0.000000,0.017544,0.000000,0.750000,0.640351,0.039474,1,11.872192,-0.374737,2.069501,0.500000,0.192982,0.083333,4,114
18,Sub bacia Secundária do Rio da Prata do Mendanha,Primavera,8,I_8h,8.109965,1.374638,7.698173,1.392845,0.000000,0.008772,0.000000,1.000000,0.728070,0.045977,0.000000,0.017544,0.000000,0.750000,0.719298,0.035294,1,10.476038,-0.270526,1.604326,0.500000,0.149123,0.105263,4,114
18,Sub bacia Secundária do Rio da Prata do Mendanha,Primavera,10,I_10h,7.052732,1.196817,6.381551,1.209762,0.000000,0.008772,0.000000,1.000000,0.684211,0.048780,0.000000,0.017544,0.000000,0.750000,0.666667,0.037975,1,8.084469,-0.374737,2.210263,0.500000,0.131579,0.117647,4,114
18,Sub bacia Secundária do Rio da Prata do Mendanha,Primavera,12,I_12h,6.415714,1.042134,5.550797,1.060456,0.000000,0.008772,0.000000,1.000000,0.649123,0.051282,0.000000,0.017544,0.000000,0.750000,0.640351,0.039474,1,7.229957,-0.426842,2.016372,0.500000,0.122807,0.125000,4,114
18,Sub bacia Secundária do Rio da Prata do Mendanha,Primavera,24,I_24h,4.305424,0.582705,2.866484,0.660773,0.000000,0.009615,0.000000,1.000000,0.692308,0.040000,0.000000,0.019231,0.000000,0.666667,0.557692,0.033333,1,3.780828,-0.635263,1.282577,0.666667,0.134615,0.125000,3,104
19,Sub bacia Secundária do Rio Campinho,Verao,1/6,I_15min,100.708516,4.800000,92.991212,5.397121,0.000000,0.006667,0.000000,1.000000,0.966667,0.104938,0.000000,0.013333,0.000000,0.941176,0.960000,0.100000,4,195.806913,-0.531053,23.672295,0.529412,0.293333,0.169811,17,150
19,Sub bacia Secundária do Rio Campinho,Verao,1/2,I_30min,83.071943,4.000000,67.082616,4.618560,0.000000,0.006667,0.000000,1.000000,0.973333,0.104294,0.000000,0.013333,0.000000,0.941176,0.953333,0.100629,1,26.662611,-0.062105,11.278303,0.470588,0.246667,0.177778,17,150
19,Sub bacia Secundária do Rio Campinho,Verao,1,I_1h,56.925971,3.400000,50.202053,3.932483,0.000000,0.006667,0.000000,1.000000,0.966667,0.104938,0.000000,0.013333,0.000000,0.941176,0.940000,0.101911,1,19.336003,-0.218421,12.009730,0.470588,0.220000,0.195122,17,150
19,Sub bacia Secundária do Rio Campinho,Verao,2,I_2h,34.325997,2.529885,28.913769,3.145977,0.000000,0.006667,0.000000,1.000000,0.940000,0.107595,0.000000,0.013333,0.000000,0.941176,0.893333,0.106667,10,11.341409,-0.062105,8.401409,0.529412,0.251701,0.195652,17,150
19,Sub bacia Secundária do Rio Campinho,Verao,3,I_3h,29.153091,2.336637,20.507197,2.547327,0.000000,0.006667,0.000000,1.000000,0.940000,0.107595,0.000000,0.013333,0.000000,0.941176,0.906667,0.105263,4,5.829313,-1.000000,5.970381,0.647059,0.313333,0.189655,17,150
19,Sub bacia Secundária do Rio Campinho,Verao,6,I_6h,18.760881,1.510822,11.623652,1.688831,0.000000,0.006667,0.000000,1.000000,0.933333,0.108280,0.000000,0.013333,0.000000,0.941176,0.893333,0.106667,7,4.339929,-0.062105,4.750493,0.411765,0.129252,0.269231,17,150
19,Sub bacia Secundária do Rio Campinho,Verao,8,I_8h,14.555898,1.350000,9.035288,1.388404,0.000000,0.006667,0.000000,1.000000,0.880000,0.114094,0.058824,0.013333,0.333333,0.941176,0.866667,0.109589,1,12.488591,-0.062105,2.890992,0.235294,0.040000,0.400000,17,150
19,Sub bacia Secundária do Rio Campinho,Verao,10,I_10h,11.661548,1.100000,7.676064,1.148326,0.000000,0.006667,0.000000,1.000000,0.893333,0.112583,0.058824,0.013333,0.333333,0.941176,0.873333,0.108844,1,12.985472,-0.062105,2.936218,0.176471,0.020000,0.500000,17,150
19,Sub bacia Secundária do Rio Campinho,Verao,12,I_12h,9.719901,0.916667,6.469703,0.956939,0.000000,0.006667,0.000000,1.000000,0.900000,0.111842,0.058824,0.013333,0.333333,0.941176,0.880000,0.108108,1,12.047560,-0.062105,2.505235,0.176471,0.020000,0.500000,17,150
19,Sub bacia Secundária do Rio Campinho,Verao,24,I_24h,4.867206,0.458333,3.568467,0.496100,0.000000,0.006849,0.000000,1.000000,0.986301,0.105590,0.000000,0.013699,0.000000,0.941176,0.938356,0.104575,1,3.351872,-0.010000,0.096033,0.176471,0.020548,0.500000,17,146
19,Sub bacia Secundária do Rio Campinho,Outono,1/6,I_15min,129.138652,15.200000,92.441520,15.262344,0.000000,0.009434,0.000000,1.000000,0.594340,0.125000,0.000000,0.018868,0.000000,0.888889,0.594340,0.112676,5,96.731786,-0.062105,10.734561,0.625000,0.106796,0.312500,9,106
19,Sub bacia Secundária do Rio Campinho,Outono,1/2,I_30min,112.895601,8.400000,77.568346,9.430532,0.000000,0.009434,0.000000,1.000000,0.783019,0.097826,0.000000,0.018868,0.000000,0.888889,0.745283,0.091954,5,143.442406,-0.166316,18.232602,0.625000,0.106796,0.312500,9,106
19,Sub bacia Secundária do Rio Campinho,Outono,1,I_1h,88.090652,4.400000,62.530205,5.907320,0.000000,0.009434,0.000000,1.000000,0.905660,0.085714,0.000000,0.018868,0.000000,0.888889,0.801887,0.086022,1,24.434053,-0.010000,24.707864,0.222222,0.018868,0.500000,9,106
19,Sub bacia Secundária do Rio Campinho,Outono,2,I_2h,50.696185,3.300000,40.063302,3.781607,0.000000,0.009434,0.000000,1.000000,0.877358,0.088235,0.000000,0.018868,0.000000,0.888889,0.811321,0.085106,5,29.745438,-0.114211,9.828424,0.500000,0.067961,0.363636,9,106
19,Sub bacia Secundária do Rio Campinho,Outono,3,I_3h,36.125180,2.266667,27.796083,2.714512,0.000000,0.009434,0.000000,1.000000,0.943396,0.082569,0.000000,0.018868,0.000000,0.888889,0.858491,0.080808,1,8.439505,-0.114211,6.752386,0.555556,0.094340,0.333333,9,106
19,Sub bacia Secundária do Rio Campinho,Outono,6,I_6h,18.593396,1.200000,18.112028,1.727016,0.000000,0.009434,0.000000,1.000000,0.981132,0.079646,0.000000,0.018868,0.000000,0.888889,0.896226,0.077670,1,2.149854,-0.166316,7.407486,0.444444,0.066038,0.363636,9,106
19,Sub bacia Secundária do Rio Campinho,Outono,8,I_8h,15.489124,1.200000,14.107453,1.564607,0.000000,0.009434,0.000000,1.000000,0.952830,0.081818,0.000000,0.018868,0.000000,0.888889,0.726415,0.094118,1,0.995325,-1.000000,5.971493,0.444444,0.066038,0.363636,9,106
19,Sub bacia Secundária do Rio Campinho,Outono,10,I_10h,14.746339,1.180000,14.146599,1.450851,0.000000,0.009434,0.000000,1.000000,0.849057,0.090909,0.000000,0.018868,0.000000,0.888889,0.632075,0.106667,5,7.437877,-0.218421,4.292836,0.375000,0.048544,0.375000,9,106
19,Sub bacia Secundária do Rio Campinho,Outono,12,I_12h,13.161913,1.050000,12.604281,1.256766,0.000000,0.009434,0.000000,1.000000,0.801887,0.095745,0.000000,0.018868,0.000000,0.888889,0.622642,0.108108,5,5.663559,-0.218421,3.769531,0.375000,0.048544,0.375000,9,106
19,Sub bacia Secundária do Rio Campinho,Outono,24,I_24h,11.020787,0.675000,6.325623,0.753469,0.000000,0.009524,0.000000,1.000000,0.666667,0.102564,0.000000,0.019048,0.000000,0.875000,0.619048,0.097222,1,0.100000,-0.062105,2.588863,0.500000,0.057143,0.400000,8,105
19,Sub bacia Secundária do Rio Campinho,Inverno,1/6,I_15min,,,,,,,,,,,,,,,,,0,,,,,,,0,90
19,Sub bacia Secundária do Rio Campinho,Inverno,1/2,I_30min,,,,,,,,,,,,,,,,,0,,,,,,,0,90
19,Sub bacia Secundária do Rio Campinho,Inverno,1,I_1h,,,,,,,,,,,,,,,,,0,,,,,,,0,90
19,Sub bacia Secundária do Rio Campinho,Inverno,2,I_2h,,,,,,,,,,,,,,,,,0,,,,,,,0,90
19,Sub bacia Secundária do Rio Campinho,Inverno,3,I_3h,,,,,,,,,,,,,,,,,0,,,,,,,0,90
19,Sub bacia Secundária do Rio Campinho,Inverno,6,I_6h,,,,,,,,,,,,,,,,,0,,,,,,,0,90
19,Sub bacia Secundária do Rio Campinho,Inverno,8,I_8h,,,,,,,,,,,,,,,,,0,,,,,,,0,90
19,Sub bacia Secundária do Rio Campinho,Inverno,10,I_10h,,,,,,,,,,,,,,,,,0,,,,,,,0,90
19,Sub bacia Secundária do Rio Campinho,Inverno,12,I_12h,,,,,,,,,,,,,,,,,0,,,,,,,0,90
19,Sub bacia Secundária do Rio Campinho,Inverno,24,I_24h,,,,,,,,,,,,,,,,,0,,,,,,,0,86
19,Sub bacia Secundária do Rio Campinho,Primavera,1/6,I_15min,73.600000,4.800000,66.089249,6.921299,0.000000,0.007463,0.000000,1.000000,0.940299,0.030769,0.000000,0.014925,0.000000,0.750000,0.761194,0.028571,2,5.377950,-1.000000,39.314803,0.500000,0.037313,0.285714,4,134
19,Sub bacia Secundária do Rio Campinho,Primavera,1/2,I_30min,46.800000,3.200000,40.704978,4.866659,0.250000,0.007463,0.500000,1.000000,0.985075,0.029412,0.250000,0.014925,0.333333,0.750000,0.865672,0.025210,1,6.289189,-0.010000,20.618830,0.500000,0.074627,0.166667,4,134
19,Sub bacia Secundária do Rio Campinho,Primavera,1,I_1h,26.255277,2.400000,23.795696,3.311855,0.250000,0.007463,0.500000,1.000000,0.985075,0.029412,0.250000,0.014925,0.333333,0.750000,0.917910,0.023810,1,4.484156,-1.000000,7.468374,0.750000,0.305970,0.068182,4,134
19,Sub bacia Secundária do Rio Campinho,Primavera,2,I_2h,23.755279,2.100000,19.176387,2.527867,0.000000,0.007463,0.000000,1.000000,0.962687,0.030075,0.250000,0.014925,0.333333,0.750000,0.932836,0.023438,5,3.218455,-0.322632,4.858849,0.750000,0.417910,0.050847,4,134
19,Sub bacia Secundária do Rio Campinho,Primavera,3,I_3h,21.084705,1.800000,16.922006,2.084953,0.000000,0.007463,0.000000,1.000000,0.962687,0.030075,0.250000,0.014925,0.333333,0.750000,0.925373,0.023622,9,4.642787,-0.270526,3.595088,0.750000,0.462687,0.046154,4,134
19,Sub bacia Secundária do Rio Campinho,Primavera,6,I_6h,14.917040,1.433333,11.806636,1.501457,0.000000,0.007463,0.000000,1.000000,0.917910,0.031496,0.000000,0.014925,0.000000,0.750000,0.917910,0.023810,1,4.053841,-0.010000,5.008728,0.250000,0.022388,0.250000,4,134
19,Sub bacia Secundária do Rio Campinho,Primavera,8,I_8h,11.594563,1.325000,10.204836,1.338592,0.000000,0.007463,0.000000,1.000000,0.880597,0.032787,0.000000,0.014925,0.000000,0.750000,0.865672,0.025210,1,4.486591,-0.010000,3.583190,0.250000,0.022388,0.250000,4,134
19,Sub bacia Secundária do Rio Campinho,Primavera,10,I_10h,9.836495,1.100000,8.703534,1.120699,0.000000,0.007463,0.000000,1.000000,0.843284,0.034188,0.000000,0.014925,0.000000,0.750000,0.791045,0.027523,3,5.618098,-0.010000,2.030019,0.250000,0.014925,0.333333,4,134
19,Sub bacia Secundária do Rio Campinho,Primavera,12,I_12h,9.464665,1.000000,7.269436,1.015865,0.000000,0.007463,0.000000,1.000000,0.768657,0.037383,0.000000,0.014925,0.000000,0.750000,0.768657,0.028302,1,3.520427,-0.010000,2.881573,0.250000,0.014925,0.333333,4,134
19,Sub bacia Secundária do Rio Campinho,Primavera,24,I_24h,6.186539,0.508333,3.920787,0.513490,0.000000,0.008130,0.000000,1.000000,0.837398,0.028302,0.000000,0.016260,0.000000,0.666667,0.821138,0.019417,1,1.182921,-0.010000,2.065386,0.333333,0.024390,0.250000,3,123
20,Sub bacia Secundária do Rio Cação Vermelho,Verao,1/6,I_15min,149.078746,4.800000,102.510644,5.200000,0.000000,0.006623,0.000000,1.000000,0.980132,0.069182,0.000000,0.013245,0.000000,0.909091,0.960265,0.064516,1,145.466231,-0.062105,27.268363,0.090909,0.019868,0.250000,11,151
20,Sub bacia Secundária do Rio Cação Vermelho,Verao,1/2,I_30min,134.548041,4.000000,84.855757,4.400000,0.000000,0.006623,0.000000,1.000000,0.973510,0.069620,0.000000,0.013245,0.000000,0.909091,0.966887,0.064103,3,91.270916,-0.062105,20.291573,0.181818,0.039735,0.250000,11,151
20,Sub bacia Secundária do Rio Cação Vermelho,Verao,1,I_1h,89.012950,3.400000,58.171306,4.100000,0.000000,0.006623,0.000000,1.000000,0.960265,0.070513,0.000000,0.013245,0.000000,0.909091,0.920530,0.067114,3,67.440148,-0.062105,12.262235,0.181818,0.039735,0.250000,11,151
20,Sub bacia Secundária do Rio Cação Vermelho,Verao,2,I_2h,63.313850,3.300000,33.296280,3.400000,0.000000,0.006623,0.000000,1.000000,0.887417,0.075862,0.000000,0.013245,0.000000,0.909091,0.874172,0.070423,6,35.617366,-0.062105,7.711176,0.272727,0.080537,0.200000,11,151
20,Sub bacia Secundária do Rio Cação Vermelho,Verao,3,I_3h,49.017058,2.600000,26.152620,2.600000,0.000000,0.006623,0.000000,1.000000,0.894040,0.075342,0.000000,0.013245,0.000000,1.000000,0.894040,0.075342,1,19.146046,-0.010000,5.123698,0.090909,0.013245,0.333333,11,151
20,Sub bacia Secundária do Rio Cação Vermelho,Verao,6,I_6h,26.123906,1.566667,16.602969,1.587352,0.000000,0.006623,0.000000,1.000000,0.907285,0.074324,0.000000,0.013245,0.000000,0.909091,0.900662,0.068493,1,9.939672,-0.010000,4.281433,0.090909,0.013245,0.333333,11,151
20,Sub bacia Secundária do Rio Cação Vermelho,Verao,8,I_8h,19.592930,1.206028,12.743209,1.215514,0.000000,0.006623,0.000000,1.000000,0.920530,0.073333,0.000000,0.013245,0.000000,0.909091,0.920530,0.067114,1,7.563588,-0.010000,3.200944,0.090909,0.013245,0.333333,11,151
20,Sub bacia Secundária do Rio Cação Vermelho,Verao,10,I_10h,15.674344,0.980000,10.233649,0.992067,0.000000,0.006623,0.000000,1.000000,0.933775,0.072368,0.000000,0.013245,0.000000,0.909091,0.927152,0.066667,1,5.888075,-0.010000,2.763066,0.090909,0.013245,0.333333,11,151
20,Sub bacia Secundária do Rio Cação Vermelho,Verao,12,I_12h,13.061953,0.816667,8.676976,0.826722,0.000000,0.006623,0.000000,1.000000,0.960265,0.070513,0.000000,0.013245,0.000000,0.909091,0.947020,0.065359,1,5.024334,-0.010000,2.481159,0.090909,0.013245,0.333333,11,151
20,Sub bacia Secundária do Rio Cação Vermelho,Verao,24,I_24h,6.530977,0.416667,4.585927,0.417528,0.000000,0.006849,0.000000,1.000000,1.000000,0.070064,0.000000,0.013699,0.000000,0.909091,1.000000,0.064103,1,3.068147,-0.010000,1.221846,0.090909,0.013699,0.333333,11,146
20,Sub bacia Secundária do Rio Cação Vermelho,Outono,1/6,I_15min,125.575660,13.246648,108.502089,13.255729,0.000000,0.010000,0.000000,1.000000,0.720000,0.121951,0.000000,0.010000,0.000000,0.900000,0.720000,0.111111,1,152.097901,-0.062105,12.113485,0.200000,0.070000,0.222222,10,100
20,Sub bacia Secundária do Rio Cação Vermelho,Outono,1/2,I_30min,116.523749,8.400000,96.442586,8.400000,0.000000,0.010000,0.000000,1.000000,0.770000,0.114943,0.000000,0.010000,0.000000,1.000000,0.770000,0.114943,3,33.399822,-0.010000,2.001015,0.333333,0.175258,0.150000,10,100
20,Sub bacia Secundária do Rio Cação Vermelho,Outono,1,I_1h,104.968572,4.400000,81.797580,4.850000,0.000000,0.010000,0.000000,1.000000,0.910000,0.099010,0.000000,0.010000,0.000000,0.900000,0.850000,0.095745,1,77.629573,-0.062105,5.206761,0.200000,0.070000,0.222222,10,100
20,Sub bacia Secundária do Rio Cação Vermelho,Outono,2,I_2h,65.713940,3.300000,65.382119,3.390000,0.000000,0.010000,0.000000,1.000000,0.890000,0.101010,0.000000,0.010000,0.000000,0.900000,0.870000,0.093750,1,7.456162,-0.010000,0.690399,0.700000,0.470000,0.129630,10,100
20,Sub bacia Secundária do Rio Cação Vermelho,Outono,3,I_3h,46.798310,2.266667,46.713030,2.536667,0.000000,0.010000,0.000000,1.000000,0.990000,0.091743,0.000000,0.010000,0.000000,0.900000,0.920000,0.089109,5,3.282397,-1.000000,4.553566,0.777778,0.494845,0.127273,10,100
20,Sub bacia Secundária do Rio Cação Vermelho,Outono,6,I_6h,31.458638,1.200000,23.881809,1.530000,0.000000,0.010000,0.000000,1.000000,0.980000,0.092593,0.000000,0.010000,0.000000,0.900000,0.960000,0.085714,1,0.893777,-0.010000,1.600270,0.900000,0.600000,0.130435,10,100
20,Sub bacia Secundária do Rio Cação Vermelho,Outono,8,I_8h,24.960238,1.200000,17.925019,1.380000,0.000000,0.010000,0.000000,1.000000,0.970000,0.093458,0.000000,0.010000,0.000000,0.900000,0.880000,0.092784,1,1.721102,-0.010000,0.986204,0.700000,0.490000,0.125000,10,100
20,Sub bacia Secundária do Rio Cação Vermelho,Outono,10,I_10h,19.968191,1.180000,14.457845,1.243000,0.000000,0.010000,0.000000,1.000000,0.850000,0.105263,0.000000,0.010000,0.000000,0.900000,0.840000,0.096774,1,1.439766,-0.010000,0.708893,0.700000,0.520000,0.118644,10,100
20,Sub bacia Secundária do Rio Cação Vermelho,Outono,12,I_12h,16.640159,1.050000,12.063175,1.072500,0.000000,0.010000,0.000000,1.000000,0.820000,0.108696,0.000000,0.010000,0.000000,0.900000,0.800000,0.101124,1,12.304790,-0.062105,1.056407,0.200000,0.110000,0.153846,10,100
20,Sub bacia Secundária do Rio Cação Vermelho,Outono,24,I_24h,8.320079,0.627332,6.403067,0.642579,0.000000,0.010204,0.000000,1.000000,0.714286,0.125000,0.000000,0.010204,0.000000,0.900000,0.683673,0.118421,1,8.189742,-0.062105,0.675106,0.200000,0.091837,0.181818,10,98
20,Sub bacia Secundária do Rio Cação Vermelho,Inverno,1/6,I_15min,,,,,,,,,,,,,,,,,0,,,,,,,2,86
20,Sub bacia Secundária do Rio Cação Vermelho,Inverno,1/2,I_30min,,,,,,,,,,,,,,,,,0,,,,,,,2,86
20,Sub bacia Secundária do Rio Cação Vermelho,Inverno,1,I_1h,,,,,,,,,,,,,,,,,0,,,,,,,2,86
20,Sub bacia Secundária do Rio Cação Vermelho,Inverno,2,I_2h,,,,,,,,,,,,,,,,,0,,,,,,,2,86
20,Sub bacia Secundária do Rio Cação Vermelho,Inverno,3,I_3h,,,,,,,,,,,,,,,,,0,,,,,,,2,86
20,Sub bacia Secundária do Rio Cação Vermelho,Inverno,6,I_6h,,,,,,,,,,,,,,,,,0,,,,,,,2,86
20,Sub bacia Secundária do Rio Cação Vermelho,Inverno,8,I_8h,,,,,,,,,,,,,,,,,0,,,,,,,2,86
20,Sub bacia Secundária do Rio Cação Vermelho,Inverno,10,I_10h,,,,,,,,,,,,,,,,,0,,,,,,,2,86
20,Sub bacia Secundária do Rio Cação Vermelho,Inverno,12,I_12h,,,,,,,,,,,,,,,,,0,,,,,,,2,86
20,Sub bacia Secundária do Rio Cação Vermelho,Inverno,24,I_24h,,,,,,,,,,,,,,,,,0,,,,,,,2,82
20,Sub bacia Secundária do Rio Cação Vermelho,Primavera,1/6,I_15min,65.467821,4.800000,59.145503,5.595403,0.000000,0.007463,0.000000,1.000000,0.955224,0.022901,0.000000,0.014925,0.000000,0.666667,0.917910,0.016000,3,61.810704,-0.218421,16.409837,0.333333,0.111940,0.062500,3,134
20,Sub bacia Secundária do Rio Cação Vermelho,Primavera,1/2,I_30min,46.996111,3.200000,42.373962,4.036634,0.000000,0.007463,0.000000,1.000000,0.992537,0.022059,0.000000,0.014925,0.000000,0.666667,0.932836,0.015748,5,17.295216,-1.000000,11.501932,0.666667,0.328358,0.043478,3,134
20,Sub bacia Secundária do Rio Cação Vermelho,Primavera,1,I_1h,36.567824,2.400000,30.184170,2.955648,0.000000,0.007463,0.000000,1.000000,0.977612,0.022388,0.000000,0.014925,0.000000,0.666667,0.955224,0.015385,5,10.426843,-0.687368,7.745437,0.666667,0.358209,0.040000,3,134
20,Sub bacia Secundária do Rio Cação Vermelho,Primavera,2,I_2h,25.514414,2.100000,24.144351,2.367557,0.000000,0.007463,0.000000,1.000000,0.962687,0.022727,0.000000,0.014925,0.000000,0.666667,0.955224,0.015385,5,11.770124,-0.947895,4.721214,0.666667,0.455224,0.031746,3,134
20,Sub bacia Secundária do Rio Cação Vermelho,Primavera,3,I_3h,22.363260,1.800000,21.266213,1.975369,0.000000,0.007463,0.000000,1.000000,0.970149,0.022556,0.000000,0.014925,0.000000,0.666667,0.932836,0.015748,5,10.765330,-0.791579,3.425307,0.666667,0.485075,0.029851,3,134
20,Sub bacia Secundária do Rio Cação Vermelho,Primavera,6,I_6h,15.983853,1.433333,15.117559,1.472756,0.000000,0.007463,0.000000,1.000000,0.917910,0.023810,0.000000,0.014925,0.000000,0.666667,0.910448,0.016129,5,4.941992,-0.583158,1.641092,0.666667,0.641791,0.022727,3,134
20,Sub bacia Secundária do Rio Cação Vermelho,Primavera,8,I_8h,13.710421,1.325000,11.963957,1.329567,0.000000,0.007463,0.000000,1.000000,0.873134,0.025000,0.000000,0.014925,0.000000,0.666667,0.865672,0.016949,4,4.030988,-0.583158,0.867168,0.666667,0.626866,0.023256,3,134
20,Sub bacia Secundária do Rio Cação Vermelho,Primavera,10,I_10h,11.375286,1.096533,10.017809,1.096880,0.000000,0.007463,0.000000,1.000000,0.865672,0.025210,0.000000,0.014925,0.000000,0.666667,0.865672,0.016949,4,3.262789,-0.739474,0.965182,0.666667,0.626866,0.023256,3,134
20,Sub bacia Secundária do Rio Cação Vermelho,Primavera,12,I_12h,9.713124,0.913778,9.135052,0.922400,0.000000,0.007463,0.000000,1.000000,0.865672,0.025210,0.000000,0.014925,0.000000,0.666667,0.850746,0.017241,4,2.661665,-0.895789,0.988609,0.666667,0.589552,0.024691,3,134
20,Sub bacia Secundária do Rio Cação Vermelho,Primavera,24,I_24h,5.811578,0.456889,4.906221,0.462033,0.000000,0.008130,0.000000,1.000000,0.918699,0.025862,0.000000,0.016260,0.000000,0.666667,0.902439,0.017699,4,1.639115,-0.947895,0.500083,0.666667,0.666667,0.023810,3,123
21,Sub bacia do Rio Piraquê/Cabuçu,Verao,1/6,I_15min,93.714810,6.376524,91.998226,9.851618,0.000000,0.005495,0.000000,1.000000,0.934066,0.055556,0.000000,0.010989,0.000000,0.900000,0.818681,0.056962,9,146.238257,-0.114211,11.432355,0.700000,0.391061,0.090909,10,182
21,Sub bacia do Rio Piraquê/Cabuçu,Verao,1/2,I_30min,72.106792,5.992341,66.753198,8.133379,0.000000,0.005495,0.000000,1.000000,0.906593,0.057143,0.000000,0.010989,0.000000,0.900000,0.807692,0.057692,9,111.444253,-0.062105,0.000000,0.600000,0.335196,0.090909,10,182
21,Sub bacia do Rio Piraquê/Cabuçu,Verao,1,I_1h,50.162897,5.104992,47.654684,5.738656,0.000000,0.005495,0.000000,1.000000,0.857143,0.060241,0.000000,0.010989,0.000000,0.900000,0.824176,0.056604,1,12.216712,-0.114211,13.800806,0.500000,0.164835,0.142857,10,182
21,Sub bacia do Rio Piraquê/Cabuçu,Verao,2,I_2h,32.339089,3.646589,27.020402,3.660081,0.000000,0.005495,0.000000,1.000000,0.868132,0.059524,0.000000,0.010989,0.000000,0.900000,0.868132,0.053892,3,8.688203,-0.478947,10.197768,0.600000,0.159341,0.171429,10,182
21,Sub bacia do Rio Piraquê/Cabuçu,Verao,3,I_3h,27.394660,2.888971,20.527380,3.004403,0.000000,0.005495,0.000000,1.000000,0.857143,0.060241,0.000000,0.010989,0.000000,0.900000,0.857143,0.054545,1,6.161130,-0.010000,8.650133,0.300000,0.043956,0.272727,10,182
21,Sub bacia do Rio Piraquê/Cabuçu,Verao,6,I_6h,17.489021,1.980030,11.060859,2.185052,0.000000,0.005495,0.000000,1.000000,0.774725,0.066225,0.000000,0.010989,0.000000,0.900000,0.670330,0.068702,1,7.538832,-0.010000,0.667760,0.400000,0.060440,0.266667,10,182
21,Sub bacia do Rio Piraquê/Cabuçu,Verao,8,I_8h,13.520312,1.501516,8.521787,1.724802,0.000000,0.005495,0.000000,1.000000,0.780220,0.065789,0.000000,0.010989,0.000000,0.900000,0.664835,0.069231,1,3.708194,-0.010000,2.291231,0.400000,0.054945,0.285714,10,182
21,Sub bacia do Rio Piraquê/Cabuçu,Verao,10,I_10h,10.836281,1.228974,6.882597,1.406630,0.000000,0.005495,0.000000,1.000000,0.780220,0.065789,0.100000,0.010989,0.333333,0.900000,0.670330,0.068702,1,1.556376,-0.010000,3.173212,0.400000,0.049451,0.307692,10,182
21,Sub bacia do Rio Piraquê/Cabuçu,Verao,12,I_12h,9.031536,1.024145,5.749208,1.172192,0.000000,0.005495,0.000000,1.000000,0.785714,0.065359,0.100000,0.010989,0.333333,0.900000,0.681319,0.067669,5,1.877813,-0.010000,2.698885,0.400000,0.049451,0.307692,10,182
21,Sub bacia do Rio Piraquê/Cabuçu,Verao,24,I_24h,4.522611,0.676569,3.072482,0.691171,0.000000,0.005714,0.000000,1.000000,0.628571,0.083333,0.000000,0.011429,0.000000,0.900000,0.588571,0.080357,5,1.536909,-0.010000,1.683059,0.200000,0.017143,0.400000,10,175
21,Sub bacia do Rio Piraquê/Cabuçu,Outono,1/6,I_15min,113.299410,7.812840,85.476527,10.166494,0.000000,0.008130,0.000000,1.000000,0.886179,0.052174,0.000000,0.016260,0.000000,0.833333,0.837398,0.046296,1,133.231043,-0.218421,15.723646,0.500000,0.089431,0.214286,6,123
21,Sub bacia do Rio Piraquê/Cabuçu,Outono,1/2,I_30min,97.774403,7.676168,74.935280,8.235246,0.000000,0.008130,0.000000,1.000000,0.829268,0.055556,0.000000,0.016260,0.000000,0.833333,0.821138,0.047170,1,104.586660,-0.010000,0.394084,0.166667,0.016260,0.333333,6,123
21,Sub bacia do Rio Piraquê/Cabuçu,Outono,1,I_1h,75.068938,5.576374,56.989339,5.991664,0.000000,0.008130,0.000000,1.000000,0.813008,0.056604,0.000000,0.016260,0.000000,0.833333,0.804878,0.048077,4,57.668896,-0.010000,0.000000,0.333333,0.050847,0.250000,6,123
21,Sub bacia do Rio Piraquê/Cabuçu,Outono,2,I_2h,43.254101,4.084249,37.222453,4.599990,0.000000,0.008130,0.000000,1.000000,0.796748,0.057692,0.000000,0.016260,0.000000,0.833333,0.756098,0.051020,4,40.124279,-0.010000,0.731779,0.333333,0.042373,0.285714,6,123
21,Sub bacia do Rio Piraquê/Cabuçu,Outono,3,I_3h,31.056527,2.910871,26.335982,3.262505,0.000000,0.008130,0.000000,1.000000,0.837398,0.055046,0.000000,0.016260,0.000000,0.833333,0.788618,0.049020,6,23.486919,-0.062105,4.942201,0.500000,0.076923,0.250000,6,123
21,Sub bacia do Rio Piraquê/Cabuçu,Outono,6,I_6h,19.088575,1.713496,15.297818,1.856725,0.000000,0.008130,0.000000,1.000000,0.902439,0.051282,0.000000,0.016260,0.000000,0.833333,0.813008,0.047619,1,23.840556,-0.010000,0.484596,0.166667,0.016260,0.333333,6,123
21,Sub bacia do Rio Piraquê/Cabuçu,Outono,8,I_8h,14.417639,1.721666,12.492425,1.721778,0.000000,0.008130,0.000000,1.000000,0.642276,0.070588,0.000000,0.016260,0.000000,0.833333,0.642276,0.059524,4,28.116410,-0.062105,2.053538,0.500000,0.059322,0.300000,6,123
21,Sub bacia do Rio Piraquê/Cabuçu,Outono,10,I_10h,12.363437,1.389378,11.668983,1.437245,0.000000,0.008130,0.000000,1.000000,0.650407,0.069767,0.000000,0.016260,0.000000,0.833333,0.634146,0.060241,4,22.283196,-0.062105,1.684196,0.500000,0.059322,0.300000,6,123
21,Sub bacia do Rio Piraquê/Cabuçu,Outono,12,I_12h,10.878435,1.317371,10.467635,1.341810,0.000000,0.008130,0.000000,1.000000,0.593496,0.075949,0.000000,0.016260,0.000000,0.833333,0.577236,0.065789,1,8.212089,-0.010000,3.031830,0.166667,0.016260,0.333333,6,123
21,Sub bacia do Rio Piraquê/Cabuçu,Outono,24,I_24h,8.900764,0.712676,5.248882,0.722485,0.000000,0.008264,0.000000,1.000000,0.578512,0.078947,0.000000,0.016529,0.000000,0.833333,0.578512,0.066667,1,4.445596,-0.010000,1.863038,0.166667,0.016529,0.333333,6,121
21,Sub bacia do Rio Piraquê/Cabuçu,Inverno,1/6,I_15min,,,,,,,,,,,,,,,,,0,,,,,,,1,91
21,Sub bacia do Rio Piraquê/Cabuçu,Inverno,1/2,I_30min,,,,,,,,,,,,,,,,,0,,,,,,,1,91
21,Sub bacia do Rio Piraquê/Cabuçu,Inverno,1,I_1h,,,,,,,,,,,,,,,,,0,,,,,,,1,91
21,Sub bacia do Rio Piraquê/Cabuçu,Inverno,2,I_2h,,,,,,,,,,,,,,,,,0,,,,,,,1,91
21,Sub bacia do Rio Piraquê/Cabuçu,Inverno,3,I_3h,,,,,,,,,,,,,,,,,0,,,,,,,1,91
21,Sub bacia do Rio Piraquê/Cabuçu,Inverno,6,I_6h,,,,,,,,,,,,,,,,,0,,,,,,,1,91
21,Sub bacia do Rio Piraquê/Cabuçu,Inverno,8,I_8h,,,,,,,,,,,,,,,,,0,,,,,,,1,91
21,Sub bacia do Rio Piraquê/Cabuçu,Inverno,10,I_10h,,,,,,,,,,,,,,,,,0,,,,,,,1,91
21,Sub bacia do Rio Piraquê/Cabuçu,Inverno,12,I_12h,,,,,,,,,,,,,,,,,0,,,,,,,1,91
21,Sub bacia do Rio Piraquê/Cabuçu,Inverno,24,I_24h,,,,,,,,,,,,,,,,,0,,,,,,,1,87
21,Sub bacia do Rio Piraquê/Cabuçu,Primavera,1/6,I_15min,67.200000,6.326707,60.560143,6.365954,0.000000,0.006897,0.000000,1.000000,0.806897,0.033058,0.000000,0.013793,0.000000,0.750000,0.800000,0.025210,1,29.741281,-0.010000,22.401442,0.250000,0.020690,0.250000,4,145
21,Sub bacia do Rio Piraquê/Cabuçu,Primavera,1/2,I_30min,44.000000,5.868340,39.163209,5.913884,0.250000,0.006897,0.500000,1.000000,0.731034,0.036364,0.250000,0.013793,0.333333,0.750000,0.731034,0.027523,4,26.499363,-0.166316,1.448446,0.750000,0.406897,0.048387,4,145
21,Sub bacia do Rio Piraquê/Cabuçu,Primavera,1,I_1h,25.285384,5.070005,22.099883,5.126693,0.250000,0.006897,0.500000,1.000000,0.696552,0.038095,0.250000,0.013793,0.333333,0.750000,0.689655,0.029126,4,18.162415,-0.218421,3.484632,0.750000,0.351724,0.055556,4,145
21,Sub bacia do Rio Piraquê/Cabuçu,Primavera,2,I_2h,19.450801,4.122892,17.592062,4.211342,0.250000,0.006897,0.500000,1.000000,0.627586,0.042105,0.250000,0.013793,0.333333,0.750000,0.613793,0.032609,4,13.130001,-0.218421,2.832159,0.750000,0.296552,0.065217,4,145
21,Sub bacia do Rio Piraquê/Cabuçu,Primavera,3,I_3h,15.578459,3.184013,15.248071,3.246411,0.000000,0.006897,0.000000,1.000000,0.655172,0.040404,0.250000,0.013793,0.333333,0.750000,0.634483,0.031579,4,10.685828,-0.270526,2.330941,0.750000,0.310345,0.062500,4,145
21,Sub bacia do Rio Piraquê/Cabuçu,Primavera,6,I_6h,10.846159,1.824211,10.303180,1.860579,0.000000,0.006897,0.000000,1.000000,0.717241,0.037037,0.000000,0.013793,0.000000,0.750000,0.703448,0.028571,1,3.517699,-0.062105,4.884584,0.250000,0.020690,0.250000,4,145
21,Sub bacia do Rio Piraquê/Cabuçu,Primavera,8,I_8h,9.596092,1.430391,8.161437,1.448332,0.000000,0.006897,0.000000,1.000000,0.710345,0.037383,0.000000,0.013793,0.000000,0.750000,0.710345,0.028302,4,13.376056,-0.531053,3.524850,0.500000,0.048276,0.222222,4,145
21,Sub bacia do Rio Piraquê/Cabuçu,Primavera,10,I_10h,8.700193,1.177794,6.602726,1.187125,0.000000,0.006897,0.000000,1.000000,0.737931,0.036036,0.000000,0.013793,0.000000,0.750000,0.710345,0.028302,5,16.205814,-0.426842,2.902611,0.500000,0.048276,0.222222,4,145
21,Sub bacia do Rio Piraquê/Cabuçu,Primavera,12,I_12h,8.198352,0.995412,5.520990,1.001100,0.000000,0.006897,0.000000,1.000000,0.737931,0.036036,0.250000,0.013793,0.333333,0.750000,0.724138,0.027778,1,1.901874,-0.166316,1.869169,0.500000,0.089655,0.133333,4,145
21,Sub bacia do Rio Piraquê/Cabuçu,Primavera,24,I_24h,5.324183,0.516667,2.932532,0.529021,0.000000,0.007519,0.000000,1.000000,0.804511,0.036036,0.250000,0.015038,0.333333,0.750000,0.781955,0.028037,1,2.777792,-0.270526,0.062548,0.750000,0.263158,0.078947,4,133
22,Sub bacia do Rio do Ponto,Verao,1/6,I_15min,155.382652,17.806453,106.429221,19.946963,0.000000,0.006897,0.000000,1.000000,0.544828,0.131868,0.000000,0.013793,0.000000,0.916667,0.482759,0.135802,3,38.606446,-0.843684,32.977468,0.500000,0.179310,0.187500,12,145
22,Sub bacia do Rio do Ponto,Verao,1/2,I_30min,125.176602,16.507857,87.116304,16.805162,0.000000,0.006897,0.000000,1.000000,0.468966,0.150000,0.000000,0.013793,0.000000,0.916667,0.455172,0.142857,10,41.603556,-0.062105,25.530265,0.333333,0.126761,0.181818,12,145
22,Sub bacia do Rio do Ponto,Verao,1,I_1h,89.311858,12.000000,59.094990,12.177810,0.000000,0.006897,0.000000,1.000000,0.386207,0.176471,0.000000,0.013793,0.000000,0.916667,0.386207,0.164179,10,10.831490,-0.010000,9.497326,0.583333,0.211268,0.189189,12,145
22,Sub bacia do Rio do Ponto,Verao,2,I_2h,65.192083,6.200000,33.918839,6.529129,0.000000,0.006897,0.000000,1.000000,0.462069,0.151899,0.000000,0.013793,0.000000,0.916667,0.427586,0.150685,6,10.607713,-0.166316,12.381184,0.416667,0.125874,0.217391,12,145
22,Sub bacia do Rio do Ponto,Verao,3,I_3h,50.844046,4.466667,24.130456,4.502753,0.000000,0.006897,0.000000,1.000000,0.475862,0.148148,0.000000,0.013793,0.000000,0.916667,0.468966,0.139241,3,3.367803,-1.000000,7.759379,0.583333,0.165517,0.225806,12,145
22,Sub bacia do Rio do Ponto,Verao,6,I_6h,26.133922,2.275694,15.484014,2.307396,0.000000,0.006897,0.000000,1.000000,0.558621,0.129032,0.000000,0.013793,0.000000,0.916667,0.551724,0.120879,3,2.643226,-1.000000,4.107602,0.666667,0.186207,0.228571,12,145
22,Sub bacia do Rio do Ponto,Verao,8,I_8h,19.600442,1.706771,11.937885,1.730547,0.000000,0.006897,0.000000,1.000000,0.586207,0.123711,0.000000,0.013793,0.000000,0.916667,0.579310,0.115789,3,1.559818,-1.000000,3.467847,0.666667,0.165517,0.250000,12,145
22,Sub bacia do Rio do Ponto,Verao,10,I_10h,15.680353,1.365416,9.585309,1.384437,0.000000,0.006897,0.000000,1.000000,0.606897,0.120000,0.000000,0.013793,0.000000,0.916667,0.606897,0.111111,3,1.617140,-1.000000,2.823277,0.666667,0.165517,0.250000,12,145
22,Sub bacia do Rio do Ponto,Verao,12,I_12h,13.066961,1.137847,7.987759,1.190365,0.000000,0.006897,0.000000,1.000000,0.620690,0.117647,0.000000,0.013793,0.000000,0.916667,0.600000,0.112245,3,1.353739,-1.000000,2.377243,0.666667,0.172414,0.242424,12,145
22,Sub bacia do Rio do Ponto,Verao,24,I_24h,6.533481,0.568924,4.032657,0.613516,0.000000,0.007092,0.000000,1.000000,0.680851,0.111111,0.000000,0.014184,0.000000,0.916667,0.638298,0.108911,1,0.267885,-1.000000,1.467003,0.583333,0.156028,0.241379,12,141
22,Sub bacia do Rio do Ponto,Outono,1/6,I_15min,131.589023,6.399856,107.111282,8.959914,0.000000,0.010309,0.000000,1.000000,0.927835,0.090909,0.000000,0.010309,0.000000,0.888889,0.824742,0.090909,1,148.736624,-0.166316,13.131897,0.444444,0.061856,0.400000,9,97
22,Sub bacia do Rio do Ponto,Outono,1/2,I_30min,116.086839,4.249406,83.743543,5.912868,0.000000,0.010309,0.000000,1.000000,0.958763,0.088235,0.000000,0.010309,0.000000,0.888889,0.865979,0.086957,2,124.042735,-0.062105,8.212387,0.444444,0.052632,0.444444,9,97
22,Sub bacia do Rio do Ponto,Outono,1,I_1h,106.236966,3.474922,72.210901,4.246336,0.000000,0.010309,0.000000,1.000000,0.979381,0.086538,0.000000,0.010309,0.000000,0.888889,0.907216,0.083333,1,65.928537,-0.114211,5.352360,0.444444,0.061856,0.400000,9,97
22,Sub bacia do Rio do Ponto,Outono,2,I_2h,65.628836,3.199795,58.501756,3.320222,0.000000,0.010309,0.000000,1.000000,0.855670,0.097826,0.000000,0.010309,0.000000,0.888889,0.835052,0.089888,1,33.288381,-0.062105,2.637804,0.444444,0.051546,0.444444,9,97
22,Sub bacia do Rio do Ponto,Outono,3,I_3h,46.176803,2.541481,42.026717,2.671632,0.000000,0.010309,0.000000,1.000000,0.876289,0.095745,0.000000,0.010309,0.000000,0.888889,0.835052,0.089888,1,22.258853,-0.062105,2.238040,0.444444,0.051546,0.444444,9,97
22,Sub bacia do Rio do Ponto,Outono,6,I_6h,29.352459,1.512365,23.778936,1.637453,0.000000,0.010309,0.000000,1.000000,0.917526,0.091837,0.000000,0.010309,0.000000,0.888889,0.907216,0.083333,1,18.496055,-0.062105,1.731796,0.444444,0.051546,0.444444,9,97
22,Sub bacia do Rio do Ponto,Outono,8,I_8h,23.289081,1.162389,17.885191,1.288691,0.000000,0.010309,0.000000,1.000000,0.958763,0.088235,0.000000,0.010309,0.000000,0.888889,0.938144,0.080808,1,17.258942,-0.062105,1.329445,0.444444,0.041237,0.500000,9,97
22,Sub bacia do Rio do Ponto,Outono,10,I_10h,18.631265,0.952400,14.308308,1.053444,0.000000,0.010309,0.000000,1.000000,0.969072,0.087379,0.000000,0.010309,0.000000,0.888889,0.958763,0.079208,1,13.596145,-0.062105,1.159397,0.444444,0.041237,0.500000,9,97
22,Sub bacia do Rio do Ponto,Outono,12,I_12h,15.526054,0.983220,11.923625,0.991602,0.000000,0.010309,0.000000,1.000000,0.814433,0.102273,0.000000,0.010309,0.000000,0.888889,0.814433,0.091954,1,15.581773,-0.062105,1.560287,0.333333,0.020619,0.600000,9,97
22,Sub bacia do Rio do Ponto,Outono,24,I_24h,7.763027,0.502088,5.980575,0.514563,0.000000,0.010417,0.000000,1.000000,0.854167,0.098901,0.000000,0.010417,0.000000,0.888889,0.843750,0.089888,1,9.241953,-0.062105,0.561676,0.444444,0.031250,0.571429,9,96
22,Sub bacia do Rio do Ponto,Inverno,1/6,I_15min,,,,,,,,,,,,,,,,,0,,,,,,,0,85
22,Sub bacia do Rio do Ponto,Inverno,1/2,I_30min,,,,,,,,,,,,,,,,,0,,,,,,,0,85
22,Sub bacia do Rio do Ponto,Inverno,1,I_1h,,,,,,,,,,,,,,,,,0,,,,,,,0,85
22,Sub bacia do Rio do Ponto,Inverno,2,I_2h,,,,,,,,,,,,,,,,,0,,,,,,,0,85
22,Sub bacia do Rio do Ponto,Inverno,3,I_3h,,,,,,,,,,,,,,,,,0,,,,,,,0,85
22,Sub bacia do Rio do Ponto,Inverno,6,I_6h,,,,,,,,,,,,,,,,,0,,,,,,,0,85
22,Sub bacia do Rio do Ponto,Inverno,8,I_8h,,,,,,,,,,,,,,,,,0,,,,,,,0,85
22,Sub bacia do Rio do Ponto,Inverno,10,I_10h,,,,,,,,,,,,,,,,,0,,,,,,,0,85
22,Sub bacia do Rio do Ponto,Inverno,12,I_12h,,,,,,,,,,,,,,,,,0,,,,,,,0,85
22,Sub bacia do Rio do Ponto,Inverno,24,I_24h,,,,,,,,,,,,,,,,,0,,,,,,,0,81
22,Sub bacia do Rio do Ponto,Primavera,1/6,I_15min,67.200000,4.800000,56.157959,6.969613,0.000000,0.008333,0.000000,1.000000,0.908333,0.026786,0.000000,0.016667,0.000000,0.666667,0.758333,0.021505,4,39.007908,-0.114211,23.692076,0.666667,0.075000,0.181818,3,120
22,Sub bacia do Rio do Ponto,Primavera,1/2,I_30min,45.602413,3.200000,43.620000,5.129920,0.000000,0.008333,0.000000,1.000000,0.983333,0.024793,0.000000,0.016667,0.000000,0.666667,0.816667,0.020000,5,33.628330,-0.062105,12.823696,0.666667,0.075000,0.181818,3,120
22,Sub bacia do Rio do Ponto,Primavera,1,I_1h,39.353233,2.400000,27.700000,3.284964,0.000000,0.008333,0.000000,1.000000,0.975000,0.025000,0.000000,0.016667,0.000000,0.666667,0.908333,0.018018,1,6.456829,-0.010000,16.357424,0.333333,0.025000,0.250000,3,120
22,Sub bacia do Rio do Ponto,Primavera,2,I_2h,23.888464,2.100000,19.360150,2.453728,0.000000,0.008333,0.000000,1.000000,0.933333,0.026087,0.000000,0.016667,0.000000,0.666667,0.891667,0.018349,1,4.924881,-0.010000,11.575461,0.333333,0.016667,0.333333,3,120
22,Sub bacia do Rio do Ponto,Primavera,3,I_3h,15.933999,1.800000,14.750182,1.995819,0.000000,0.008333,0.000000,1.000000,0.941667,0.025862,0.333333,0.016667,0.333333,0.666667,0.900000,0.018182,0,,,,,,,3,120
22,Sub bacia do Rio do Ponto,Primavera,6,I_6h,13.215185,1.433333,11.609419,1.481243,0.000000,0.008333,0.000000,1.000000,0.883333,0.027523,0.000000,0.016667,0.000000,0.666667,0.875000,0.018692,1,3.422226,-0.010000,5.881768,0.333333,0.016667,0.333333,3,120
22,Sub bacia do Rio do Ponto,Primavera,8,I_8h,10.332153,1.325000,9.477447,1.352178,0.000000,0.008333,0.000000,1.000000,0.800000,0.030303,0.000000,0.016667,0.000000,0.666667,0.758333,0.021505,1,2.256128,-0.010000,5.001067,0.333333,0.016667,0.333333,3,120
22,Sub bacia do Rio do Ponto,Primavera,10,I_10h,8.550645,1.100000,7.680233,1.117743,0.000000,0.008333,0.000000,1.000000,0.800000,0.030303,0.000000,0.016667,0.000000,0.666667,0.800000,0.020408,1,1.891196,-0.010000,4.086495,0.333333,0.016667,0.333333,3,120
22,Sub bacia do Rio do Ponto,Primavera,12,I_12h,7.290069,1.000000,6.559740,1.007911,0.000000,0.008333,0.000000,1.000000,0.766667,0.031579,0.000000,0.016667,0.000000,0.666667,0.766667,0.021277,1,2.032612,-0.062105,3.701218,0.333333,0.016667,0.333333,3,120
22,Sub bacia do Rio do Ponto,Primavera,24,I_24h,3.729347,0.508333,3.352517,0.516559,0.333333,0.009009,0.500000,1.000000,0.828829,0.031579,0.333333,0.018018,0.333333,0.666667,0.801802,0.021978,0,,,,,,,3,111
23,Sub bacia do Rio Portinho,Verao,1/6,I_15min,,,,,,,,,,,,,,,,,0,,,,,,,0,165
23,Sub bacia do Rio Portinho,Verao,1/2,I_30min,,,,,,,,,,,,,,,,,0,,,,,,,0,165
23,Sub bacia do Rio Portinho,Verao,1,I_1h,,,,,,,,,,,,,,,,,0,,,,,,,0,165
23,Sub bacia do Rio Portinho,Verao,2,I_2h,,,,,,,,,,,,,,,,,0,,,,,,,0,165
23,Sub bacia do Rio Portinho,Verao,3,I_3h,,,,,,,,,,,,,,,,,0,,,,,,,0,165
23,Sub bacia do Rio Portinho,Verao,6,I_6h,,,,,,,,,,,,,,,,,0,,,,,,,0,165
23,Sub bacia do Rio Portinho,Verao,8,I_8h,,,,,,,,,,,,,,,,,0,,,,,,,0,165
23,Sub bacia do Rio Portinho,Verao,10,I_10h,,,,,,,,,,,,,,,,,0,,,,,,,0,165
23,Sub bacia do Rio Portinho,Verao,12,I_12h,,,,,,,,,,,,,,,,,0,,,,,,,0,165
23,Sub bacia do Rio Portinho,Verao,24,I_24h,,,,,,,,,,,,,,,,,0,,,,,,,0,159
23,Sub bacia do Rio Portinho,Outono,1/6,I_15min,,,,,,,,,,,,,,,,,0,,,,,,,1,108
23,Sub bacia do Rio Portinho,Outono,1/2,I_30min,,,,,,,,,,,,,,,,,0,,,,,,,1,108
23,Sub bacia do Rio Portinho,Outono,1,I_1h,,,,,,,,,,,,,,,,,0,,,,,,,1,108
23,Sub bacia do Rio Portinho,Outono,2,I_2h,,,,,,,,,,,,,,,,,0,,,,,,,1,108
23,Sub bacia do Rio Portinho,Outono,3,I_3h,,,,,,,,,,,,,,,,,0,,,,,,,1,108
23,Sub bacia do Rio Portinho,Outono,6,I_6h,,,,,,,,,,,,,,,,,0,,,,,,,1,108
23,Sub bacia do Rio Portinho,Outono,8,I_8h,,,,,,,,,,,,,,,,,0,,,,,,,1,108
23,Sub bacia do Rio Portinho,Outono,10,I_10h,,,,,,,,,,,,,,,,,0,,,,,,,1,108
23,Sub bacia do Rio Portinho,Outono,12,I_12h,,,,,,,,,,,,,,,,,0,,,,,,,1,108
23,Sub bacia do Rio Portinho,Outono,24,I_24h,,,,,,,,,,,,,,,,,0,,,,,,,1,106
23,Sub bacia do Rio Portinho,Inverno,1/6,I_15min,,,,,,,,,,,,,,,,,0,,,,,,,0,67
23,Sub bacia do Rio Portinho,Inverno,1/2,I_30min,,,,,,,,,,,,,,,,,0,,,,,,,0,67
23,Sub bacia do Rio Portinho,Inverno,1,I_1h,,,,,,,,,,,,,,,,,0,,,,,,,0,67
23,Sub bacia do Rio Portinho,Inverno,2,I_2h,,,,,,,,,,,,,,,,,0,,,,,,,0,67
23,Sub bacia do Rio Portinho,Inverno,3,I_3h,,,,,,,,,,,,,,,,,0,,,,,,,0,67
23,Sub bacia do Rio Portinho,Inverno,6,I_6h,,,,,,,,,,,,,,,,,0,,,,,,,0,67
23,Sub bacia do Rio Portinho,Inverno,8,I_8h,,,,,,,,,,,,,,,,,0,,,,,,,0,67
23,Sub bacia do Rio Portinho,Inverno,10,I_10h,,,,,,,,,,,,,,,,,0,,,,,,,0,67
23,Sub bacia do Rio Portinho,Inverno,12,I_12h,,,,,,,,,,,,,,,,,0,,,,,,,0,67
23,Sub bacia do Rio Portinho,Inverno,24,I_24h,,,,,,,,,,,,,,,,,0,,,,,,,0,65
23,Sub bacia do Rio Portinho,Primavera,1/6,I_15min,,,,,,,,,,,,,,,,,0,,,,,,,0,114
23,Sub bacia do Rio Portinho,Primavera,1/2,I_30min,,,,,,,,,,,,,,,,,0,,,,,,,0,114
23,Sub bacia do Rio Portinho,Primavera,1,I_1h,,,,,,,,,,,,,,,,,0,,,,,,,0,114
23,Sub bacia do Rio Portinho,Primavera,2,I_2h,,,,,,,,,,,,,,,,,0,,,,,,,0,114
23,Sub bacia do Rio Portinho,Primavera,3,I_3h,,,,,,,,,,,,,,,,,0,,,,,,,0,114
23,Sub bacia do Rio Portinho,Primavera,6,I_6h,,,,,,,,,,,,,,,,,0,,,,,,,0,114
23,Sub bacia do Rio Portinho,Primavera,8,I_8h,,,,,,,,,,,,,,,,,0,,,,,,,0,114
23,Sub bacia do Rio Portinho,Primavera,10,I_10h,,,,,,,,,,,,,,,,,0,,,,,,,0,114
23,Sub bacia do Rio Portinho,Primavera,12,I_12h,,,,,,,,,,,,,,,,,0,,,,,,,0,114
23,Sub bacia do Rio Portinho,Primavera,24,I_24h,,,,,,,,,,,,,,,,,0,,,,,,,0,105
24,Sub bacia do Rio Piracão,Verao,1/6,I_15min,,,,,,,,,,,,,,,,,0,,,,,,,0,126
24,Sub bacia do Rio Piracão,Verao,1/2,I_30min,,,,,,,,,,,,,,,,,0,,,,,,,0,126
24,Sub bacia do Rio Piracão,Verao,1,I_1h,,,,,,,,,,,,,,,,,0,,,,,,,0,126
24,Sub bacia do Rio Piracão,Verao,2,I_2h,,,,,,,,,,,,,,,,,0,,,,,,,0,126
24,Sub bacia do Rio Piracão,Verao,3,I_3h,,,,,,,,,,,,,,,,,0,,,,,,,0,126
24,Sub bacia do Rio Piracão,Verao,6,I_6h,,,,,,,,,,,,,,,,,0,,,,,,,0,126
24,Sub bacia do Rio Piracão,Verao,8,I_8h,,,,,,,,,,,,,,,,,0,,,,,,,0,126
24,Sub bacia do Rio Piracão,Verao,10,I_10h,,,,,,,,,,,,,,,,,0,,,,,,,0,126
24,Sub bacia do Rio Piracão,Verao,12,I_12h,,,,,,,,,,,,,,,,,0,,,,,,,0,126
24,Sub bacia do Rio Piracão,Verao,24,I_24h,,,,,,,,,,,,,,,,,0,,,,,,,0,121
24,Sub bacia do Rio Piracão,Outono,1/6,I_15min,,,,,,,,,,,,,,,,,0,,,,,,,0,93
24,Sub bacia do Rio Piracão,Outono,1/2,I_30min,,,,,,,,,,,,,,,,,0,,,,,,,0,93
24,Sub bacia do Rio Piracão,Outono,1,I_1h,,,,,,,,,,,,,,,,,0,,,,,,,0,93
24,Sub bacia do Rio Piracão,Outono,2,I_2h,,,,,,,,,,,,,,,,,0,,,,,,,0,93
24,Sub bacia do Rio Piracão,Outono,3,I_3h,,,,,,,,,,,,,,,,,0,,,,,,,0,93
24,Sub bacia do Rio Piracão,Outono,6,I_6h,,,,,,,,,,,,,,,,,0,,,,,,,0,93
24,Sub bacia do Rio Piracão,Outono,8,I_8h,,,,,,,,,,,,,,,,,0,,,,,,,0,93
24,Sub bacia do Rio Piracão,Outono,10,I_10h,,,,,,,,,,,,,,,,,0,,,,,,,0,93
24,Sub bacia do Rio Piracão,Outono,12,I_12h,,,,,,,,,,,,,,,,,0,,,,,,,0,93
24,Sub bacia do Rio Piracão,Outono,24,I_24h,,,,,,,,,,,,,,,,,0,,,,,,,0,92
24,Sub bacia do Rio Piracão,Inverno,1/6,I_15min,,,,,,,,,,,,,,,,,0,,,,,,,0,56
24,Sub bacia do Rio Piracão,Inverno,1/2,I_30min,,,,,,,,,,,,,,,,,0,,,,,,,0,56
24,Sub bacia do Rio Piracão,Inverno,1,I_1h,,,,,,,,,,,,,,,,,0,,,,,,,0,56
24,Sub bacia do Rio Piracão,Inverno,2,I_2h,,,,,,,,,,,,,,,,,0,,,,,,,0,56
24,Sub bacia do Rio Piracão,Inverno,3,I_3h,,,,,,,,,,,,,,,,,0,,,,,,,0,56
24,Sub bacia do Rio Piracão,Inverno,6,I_6h,,,,,,,,,,,,,,,,,0,,,,,,,0,56
24,Sub bacia do Rio Piracão,Inverno,8,I_8h,,,,,,,,,,,,,,,,,0,,,,,,,0,56
24,Sub bacia do Rio Piracão,Inverno,10,I_10h,,,,,,,,,,,,,,,,,0,,,,,,,0,56
24,Sub bacia do Rio Piracão,Inverno,12,I_12h,,,,,,,,,,,,,,,,,0,,,,,,,0,56
24,Sub bacia do Rio Piracão,Inverno,24,I_24h,,,,,,,,,,,,,,,,,0,,,,,,,0,55
24,Sub bacia do Rio Piracão,Primavera,1/6,I_15min,,,,,,,,,,,,,,,,,0,,,,,,,0,85
24,Sub bacia do Rio Piracão,Primavera,1/2,I_30min,,,,,,,,,,,,,,,,,0,,,,,,,0,85
24,Sub bacia do Rio Piracão,Primavera,1,I_1h,,,,,,,,,,,,,,,,,0,,,,,,,0,85
24,Sub bacia do Rio Piracão,Primavera,2,I_2h,,,,,,,,,,,,,,,,,0,,,,,,,0,85
24,Sub bacia do Rio Piracão,Primavera,3,I_3h,,,,,,,,,,,,,,,,,0,,,,,,,0,85
24,Sub bacia do Rio Piracão,Primavera,6,I_6h,,,,,,,,,,,,,,,,,0,,,,,,,0,85
24,Sub bacia do Rio Piracão,Primavera,8,I_8h,,,,,,,,,,,,,,,,,0,,,,,,,0,85
24,Sub bacia do Rio Piracão,Primavera,10,I_10h,,,,,,,,,,,,,,,,,0,,,,,,,0,85
24,Sub bacia do Rio Piracão,Primavera,12,I_12h,,,,,,,,,,,,,,,,,0,,,,,,,0,85
24,Sub bacia do Rio Piracão,Primavera,24,I_24h,,,,,,,,,,,,,,,,,0,,,,,,,0,81
25,Restinga de Marambaia,Verao,1/6,I_15min,,,,,,,,,,,,,,,,,0,,,,,,,0,112
25,Restinga de Marambaia,Verao,1/2,I_30min,,,,,,,,,,,,,,,,,0,,,,,,,0,112
25,Restinga de Marambaia,Verao,1,I_1h,,,,,,,,,,,,,,,,,0,,,,,,,0,112
25,Restinga de Marambaia,Verao,2,I_2h,,,,,,,,,,,,,,,,,0,,,,,,,0,112
25,Restinga de Marambaia,Verao,3,I_3h,,,,,,,,,,,,,,,,,0,,,,,,,0,112
25,Restinga de Marambaia,Verao,6,I_6h,,,,,,,,,,,,,,,,,0,,,,,,,0,112
25,Restinga de Marambaia,Verao,8,I_8h,,,,,,,,,,,,,,,,,0,,,,,,,0,112
25,Restinga de Marambaia,Verao,10,I_10h,,,,,,,,,,,,,,,,,0,,,,,,,0,112
25,Restinga de Marambaia,Verao,12,I_12h,,,,,,,,,,,,,,,,,0,,,,,,,0,112
25,Restinga de Marambaia,Verao,24,I_24h,,,,,,,,,,,,,,,,,0,,,,,,,0,108
25,Restinga de Marambaia,Outono,1/6,I_15min,,,,,,,,,,,,,,,,,0,,,,,,,0,84
25,Restinga de Marambaia,Outono,1/2,I_30min,,,,,,,,,,,,,,,,,0,,,,,,,0,84
25,Restinga de Marambaia,Outono,1,I_1h,,,,,,,,,,,,,,,,,0,,,,,,,0,84
25,Restinga de Marambaia,Outono,2,I_2h,,,,,,,,,,,,,,,,,0,,,,,,,0,84
25,Restinga de Marambaia,Outono,3,I_3h,,,,,,,,,,,,,,,,,0,,,,,,,0,84
25,Restinga de Marambaia,Outono,6,I_6h,,,,,,,,,,,,,,,,,0,,,,,,,0,84
25,Restinga de Marambaia,Outono,8,I_8h,,,,,,,,,,,,,,,,,0,,,,,,,0,84
25,Restinga de Marambaia,Outono,10,I_10h,,,,,,,,,,,,,,,,,0,,,,,,,0,84
25,Restinga de Marambaia,Outono,12,I_12h,,,,,,,,,,,,,,,,,0,,,,,,,0,84
25,Restinga de Marambaia,Outono,24,I_24h,,,,,,,,,,,,,,,,,0,,,,,,,0,83
25,Restinga de Marambaia,Inverno,1/6,I_15min,,,,,,,,,,,,,,,,,0,,,,,,,0,48
25,Restinga de Marambaia,Inverno,1/2,I_30min,,,,,,,,,,,,,,,,,0,,,,,,,0,48
25,Restinga de Marambaia,Inverno,1,I_1h,,,,,,,,,,,,,,,,,0,,,,,,,0,48
25,Restinga de Marambaia,Inverno,2,I_2h,,,,,,,,,,,,,,,,,0,,,,,,,0,48
25,Restinga de Marambaia,Inverno,3,I_3h,,,,,,,,,,,,,,,,,0,,,,,,,0,48
25,Restinga de Marambaia,Inverno,6,I_6h,,,,,,,,,,,,,,,,,0,,,,,,,0,48
25,Restinga de Marambaia,Inverno,8,I_8h,,,,,,,,,,,,,,,,,0,,,,,,,0,48
25,Restinga de Marambaia,Inverno,10,I_10h,,,,,,,,,,,,,,,,,0,,,,,,,0,48
25,Restinga de Marambaia,Inverno,12,I_12h,,,,,,,,,,,,,,,,,0,,,,,,,0,48
25,Restinga de Marambaia,Inverno,24,I_24h,,,,,,,,,,,,,,,,,0,,,,,,,0,47
25,Restinga de Marambaia,Primavera,1/6,I_15min,,,,,,,,,,,,,,,,,0,,,,,,,0,75
25,Restinga de Marambaia,Primavera,1/2,I_30min,,,,,,,,,,,,,,,,,0,,,,,,,0,75
25,Restinga de Marambaia,Primavera,1,I_1h,,,,,,,,,,,,,,,,,0,,,,,,,0,75
25,Restinga de Marambaia,Primavera,2,I_2h,,,,,,,,,,,,,,,,,0,,,,,,,0,75
25,Restinga de Marambaia,Primavera,3,I_3h,,,,,,,,,,,,,,,,,0,,,,,,,0,75
25,Restinga de Marambaia,Primavera,6,I_6h,,,,,,,,,,,,,,,,,0,,,,,,,0,75
25,Restinga de Marambaia,Primavera,8,I_8h,,,,,,,,,,,,,,,,,0,,,,,,,0,75
25,Restinga de Marambaia,Primavera,10,I_10h,,,,,,,,,,,,,,,,,0,,,,,,,0,75
25,Restinga de Marambaia,Primavera,12,I_12h,,,,,,,,,,,,,,,,,0,,,,,,,0,75
25,Restinga de Marambaia,Primavera,24,I_24h,,,,,,,,,,,,,,,,,0,,,,,,,0,71
26,Sub bacia do Arroio Fundo/Rio Grande,Verao,1/6,I_15min,2353.600000,5.050630,88.219128,10.718108,0.000000,0.005780,0.000000,1.000000,0.942197,0.200980,0.024390,0.011561,0.333333,0.951220,0.768786,0.226744,8,171.309006,-0.270526,37.371345,0.463415,0.176471,0.387755,41,173
26,Sub bacia do Arroio Fundo/Rio Grande,Verao,1/2,I_30min,2226.000000,3.794934,64.904788,8.911015,0.000000,0.005780,0.000000,1.000000,0.959538,0.198068,0.024390,0.011561,0.333333,0.951220,0.757225,0.229412,6,71.950222,-0.322632,28.939897,0.439024,0.146199,0.418605,41,173
26,Sub bacia do Arroio Fundo/Rio Grande,Verao,1,I_1h,1701.400000,3.518353,42.587872,5.508910,0.000000,0.005780,0.000000,1.000000,0.930636,0.202970,0.073171,0.011561,0.600000,0.951220,0.809249,0.217877,1,33.999476,-0.583158,14.116662,0.414634,0.121387,0.447368,41,173
26,Sub bacia do Arroio Fundo/Rio Grande,Verao,2,I_2h,1311.500000,2.869389,25.779951,3.851276,0.000000,0.005780,0.000000,1.000000,0.901734,0.208122,0.048780,0.011561,0.500000,0.951220,0.815029,0.216667,1,4.792907,-0.531053,9.435123,0.487805,0.167630,0.408163,41,173
26,Sub bacia do Arroio Fundo/Rio Grande,Verao,3,I_3h,895.600000,2.469755,18.513902,3.167980,0.000000,0.005780,0.000000,1.000000,0.884393,0.211340,0.048780,0.011561,0.500000,0.951220,0.786127,0.222857,9,26.888867,-0.114211,7.386311,0.463415,0.117647,0.487179,41,173
26,Sub bacia do Arroio Fundo/Rio Grande,Verao,6,I_6h,447.800000,1.603345,11.068685,1.846097,0.000000,0.005780,0.000000,1.000000,0.890173,0.210256,0.048780,0.011561,0.500000,0.951220,0.774566,0.225434,10,0.782751,-0.218421,4.071101,0.634146,0.205882,0.426230,41,173
26,Sub bacia do Arroio Fundo/Rio Grande,Verao,8,I_8h,335.850000,1.391813,8.440100,1.425000,0.000000,0.005780,0.000000,1.000000,0.803468,0.227778,0.048780,0.011561,0.500000,0.951220,0.780347,0.224138,10,1.078174,-0.322632,3.045869,0.658537,0.200000,0.442623,41,173
26,Sub bacia do Arroio Fundo/Rio Grande,Verao,10,I_10h,268.680000,1.135316,6.790754,1.194817,0.000000,0.005780,0.000000,1.000000,0.791908,0.230337,0.048780,0.011561,0.500000,0.951220,0.734104,0.234940,7,0.870901,-0.322632,2.433100,0.682927,0.205882,0.444444,41,173
26,Sub bacia do Arroio Fundo/Rio Grande,Verao,12,I_12h,223.900000,0.950000,5.659008,1.058702,0.000000,0.005780,0.000000,1.000000,0.797688,0.229050,0.048780,0.011561,0.500000,0.951220,0.682081,0.248408,7,0.731796,-0.218421,2.002198,0.682927,0.211765,0.437500,41,173
26,Sub bacia do Arroio Fundo/Rio Grande,Verao,24,I_24h,111.950000,0.475000,2.902091,0.561419,0.000000,0.006098,0.000000,1.000000,0.841463,0.224719,0.050000,0.012195,0.500000,0.950000,0.670732,0.256757,7,0.413268,-0.322632,1.008798,0.725000,0.223602,0.446154,40,164
26,Sub bacia do Arroio Fundo/Rio Grande,Outono,1/6,I_15min,94.816207,5.721993,86.996699,6.933165,0.000000,0.008850,0.000000,1.000000,0.964602,0.215827,0.000000,0.017699,0.000000,0.933333,0.929204,0.210526,1,57.222001,-0.062105,15.106336,0.266667,0.053097,0.571429,30,113
26,Sub bacia do Arroio Fundo/Rio Grande,Outono,1/2,I_30min,78.683706,3.960075,76.720355,6.326349,0.000000,0.008850,0.000000,1.000000,0.991150,0.211268,0.000000,0.017699,0.000000,0.933333,0.911504,0.213740,3,22.338121,-0.114211,25.156187,0.275862,0.054545,0.571429,30,113
26,Sub bacia do Arroio Fundo/Rio Grande,Outono,1,I_1h,55.892703,2.928215,46.781348,4.648594,0.000000,0.008850,0.000000,1.000000,1.000000,0.209790,0.000000,0.017699,0.000000,0.933333,0.902655,0.215385,1,14.450912,-0.062105,16.373689,0.300000,0.026549,0.750000,30,113
26,Sub bacia do Arroio Fundo/Rio Grande,Outono,2,I_2h,37.048282,1.951093,24.337033,2.909361,0.000000,0.008850,0.000000,1.000000,1.000000,0.209790,0.033333,0.017699,0.333333,0.933333,0.955752,0.205882,2,5.858572,-0.114211,10.479018,0.344828,0.026786,0.769231,30,113
26,Sub bacia do Arroio Fundo/Rio Grande,Outono,3,I_3h,27.153921,1.714409,16.814284,2.128099,0.000000,0.008850,0.000000,1.000000,1.000000,0.209790,0.033333,0.017699,0.333333,0.933333,0.973451,0.202899,2,4.205033,-0.114211,7.435667,0.344828,0.026786,0.769231,30,113
26,Sub bacia do Arroio Fundo/Rio Grande,Outono,6,I_6h,13.681502,1.387308,8.612246,1.401237,0.000000,0.008850,0.000000,1.000000,0.964602,0.215827,0.100000,0.017699,0.600000,0.933333,0.964602,0.204380,5,1.630271,-0.010000,4.177247,0.413793,0.054545,0.666667,30,113
26,Sub bacia do Arroio Fundo/Rio Grande,Outono,8,I_8h,10.261126,1.147673,6.554025,1.160192,0.000000,0.008850,0.000000,1.000000,0.982301,0.212766,0.100000,0.017699,0.600000,0.933333,0.982301,0.201439,1,0.861369,-0.426842,3.233314,0.433333,0.070796,0.619048,30,113
26,Sub bacia do Arroio Fundo/Rio Grande,Outono,10,I_10h,8.269917,0.999602,5.562967,1.028397,0.033333,0.008850,0.500000,1.000000,0.982301,0.212766,0.100000,0.017699,0.600000,0.933333,0.929204,0.210526,5,0.997957,-0.010000,2.483939,0.413793,0.063636,0.631579,30,113
26,Sub bacia do Arroio Fundo/Rio Grande,Outono,12,I_12h,6.929116,0.883333,4.982755,0.911440,0.033333,0.008850,0.500000,1.000000,0.929204,0.222222,0.100000,0.017699,0.600000,0.933333,0.893805,0.217054,6,0.874655,-0.010000,2.049046,0.413793,0.064220,0.631579,30,113
26,Sub bacia do Arroio Fundo/Rio Grande,Outono,24,I_24h,3.907024,0.441667,3.385709,0.475290,0.033333,0.009009,0.500000,1.000000,0.936937,0.223881,0.066667,0.018018,0.500000,0.933333,0.846847,0.229508,1,0.284516,-0.166316,1.230381,0.433333,0.081081,0.590909,30,111
26,Sub bacia do Arroio Fundo/Rio Grande,Inverno,1/6,I_15min,55.200000,12.215047,42.000000,12.673366,0.000000,0.013158,0.000000,1.000000,0.500000,0.073171,0.333333,0.013158,0.500000,0.666667,0.500000,0.050000,0,,,,,,,3,76
26,Sub bacia do Arroio Fundo/Rio Grande,Inverno,1/2,I_30min,30.000000,11.050036,29.700000,11.354923,0.000000,0.013158,0.000000,1.000000,0.328947,0.107143,0.000000,0.013158,0.000000,0.666667,0.328947,0.074074,1,3.023561,-0.010000,20.462743,0.333333,0.026667,0.333333,3,76
26,Sub bacia do Arroio Fundo/Rio Grande,Inverno,1,I_1h,24.000000,8.074396,19.564908,8.238892,0.000000,0.013158,0.000000,1.000000,0.289474,0.120000,0.000000,0.013158,0.000000,0.666667,0.263158,0.090909,1,10.339389,-1.000000,9.532150,0.666667,0.053333,0.333333,3,76
26,Sub bacia do Arroio Fundo/Rio Grande,Inverno,2,I_2h,19.100000,4.549671,14.771166,4.826614,0.000000,0.013158,0.000000,1.000000,0.407895,0.088235,0.000000,0.013158,0.000000,0.666667,0.381579,0.064516,1,6.671409,-1.000000,6.706026,0.666667,0.080000,0.250000,3,76
26,Sub bacia do Arroio Fundo/Rio Grande,Inverno,3,I_3h,14.400000,3.324726,11.729963,3.486860,0.000000,0.013158,0.000000,1.000000,0.486842,0.075000,0.000000,0.013158,0.000000,0.666667,0.447368,0.055556,1,6.330335,-1.000000,4.570901,0.666667,0.093333,0.222222,3,76
26,Sub bacia do Arroio Fundo/Rio Grande,Inverno,6,I_6h,9.466667,1.783224,7.466667,1.852205,0.000000,0.013158,0.000000,1.000000,0.657895,0.056604,0.000000,0.013158,0.000000,0.666667,0.618421,0.040816,1,0.561014,-0.062105,3.839701,0.333333,0.053333,0.200000,3,76
26,Sub bacia do Arroio Fundo/Rio Grande,Inverno,8,I_8h,7.375000,1.384300,6.737500,1.431347,0.000000,0.013158,0.000000,1.000000,0.723684,0.051724,0.000000,0.013158,0.000000,0.666667,0.697368,0.036364,1,1.433904,-0.062105,2.997397,0.333333,0.040000,0.250000,3,76
26,Sub bacia do Arroio Fundo/Rio Grande,Inverno,10,I_10h,6.120000,1.107440,5.970000,1.145078,0.000000,0.013158,0.000000,1.000000,0.723684,0.051724,0.000000,0.013158,0.000000,0.666667,0.710526,0.035714,1,1.371659,-0.062105,2.382031,0.333333,0.040000,0.250000,3,76
26,Sub bacia do Arroio Fundo/Rio Grande,Inverno,12,I_12h,5.400000,0.922866,5.050000,0.954232,0.000000,0.013158,0.000000,1.000000,0.763158,0.049180,0.000000,0.013158,0.000000,0.666667,0.723684,0.035088,1,1.154669,-0.062105,2.000519,0.333333,0.040000,0.250000,3,76
26,Sub bacia do Arroio Fundo/Rio Grande,Inverno,24,I_24h,3.316667,0.461433,2.713167,0.477116,0.000000,0.013889,0.000000,1.000000,0.916667,0.043478,0.000000,0.013889,0.000000,0.666667,0.916667,0.029412,1,0.481821,-0.010000,1.082789,0.333333,0.041667,0.250000,3,72
26,Sub bacia do Arroio Fundo/Rio Grande,Primavera,1/6,I_15min,76.000000,6.896481,60.919010,7.061460,0.000000,0.007407,0.000000,1.000000,0.770370,0.095652,0.090909,0.014815,0.333333,0.909091,0.762963,0.088496,1,89.988822,-0.218421,17.139368,0.272727,0.022222,0.500000,11,135
26,Sub bacia do Arroio Fundo/Rio Grande,Primavera,1/2,I_30min,58.800000,5.299120,45.936446,5.371143,0.000000,0.007407,0.000000,1.000000,0.814815,0.090909,0.090909,0.014815,0.333333,0.909091,0.814815,0.083333,1,30.158437,-0.166316,13.141135,0.272727,0.014815,0.600000,11,135
26,Sub bacia do Arroio Fundo/Rio Grande,Primavera,1,I_1h,32.785417,3.429922,28.864092,4.044907,0.090909,0.007407,0.500000,1.000000,0.888889,0.083969,0.090909,0.014815,0.333333,0.909091,0.837037,0.081301,1,18.417966,-0.114211,9.570700,0.272727,0.014815,0.600000,11,135
26,Sub bacia do Arroio Fundo/Rio Grande,Primavera,2,I_2h,19.875188,2.794092,18.107554,3.045893,0.000000,0.007407,0.000000,1.000000,0.866667,0.085938,0.000000,0.014815,0.000000,0.909091,0.814815,0.083333,1,8.591043,-0.114211,7.073565,0.272727,0.022222,0.500000,11,135
26,Sub bacia do Arroio Fundo/Rio Grande,Primavera,3,I_3h,13.855955,2.416938,12.849299,2.516836,0.000000,0.007407,0.000000,1.000000,0.844444,0.088000,0.000000,0.014815,0.000000,0.909091,0.822222,0.082645,1,20.201662,-0.583158,5.308875,0.272727,0.014815,0.600000,11,135
26,Sub bacia do Arroio Fundo/Rio Grande,Primavera,6,I_6h,6.949230,1.733333,6.563262,1.744554,0.000000,0.007407,0.000000,1.000000,0.711111,0.102804,0.000000,0.014815,0.000000,0.909091,0.703704,0.095238,1,3.604376,-0.218421,3.554762,0.272727,0.014815,0.600000,11,135
26,Sub bacia do Arroio Fundo/Rio Grande,Primavera,8,I_8h,5.211923,1.300000,4.929860,1.383670,0.000000,0.007407,0.000000,1.000000,0.748148,0.098214,0.000000,0.014815,0.000000,0.909091,0.666667,0.100000,1,2.140771,-0.114211,2.878509,0.272727,0.014815,0.600000,11,135
26,Sub bacia do Arroio Fundo/Rio Grande,Primavera,10,I_10h,4.169538,1.040000,3.943888,1.107266,0.090909,0.007407,0.500000,1.000000,0.807407,0.091667,0.090909,0.014815,0.333333,0.909091,0.703704,0.095238,1,2.421987,-0.114211,2.052357,0.272727,0.014815,0.600000,11,135
26,Sub bacia do Arroio Fundo/Rio Grande,Primavera,12,I_12h,3.474615,0.900000,3.286573,0.939388,0.090909,0.007407,0.500000,1.000000,0.814815,0.090909,0.090909,0.014815,0.333333,0.909091,0.748148,0.090090,2,2.062809,-0.114211,1.809728,0.272727,0.014815,0.600000,11,135
26,Sub bacia do Arroio Fundo/Rio Grande,Primavera,24,I_24h,1.737308,0.458333,1.651811,0.510153,0.181818,0.007937,0.666667,1.000000,0.896825,0.088710,0.181818,0.015873,0.500000,0.909091,0.722222,0.099010,2,2.721823,-0.166316,0.616456,0.363636,0.039683,0.444444,11,126
27,Sub bacia do Rio do Anil,Verao,1/6,I_15min,122.400000,36.000000,88.646647,36.240000,0.000000,0.005263,0.000000,1.000000,0.378947,0.052632,0.000000,0.010526,0.000000,0.750000,0.368421,0.041096,1,91.388968,-0.062105,36.670468,0.250000,0.010526,0.333333,4,190
27,Sub bacia do Rio do Anil,Verao,1/2,I_30min,101.600000,23.600000,76.110908,23.720000,0.000000,0.005263,0.000000,1.000000,0.442105,0.045455,0.000000,0.010526,0.000000,0.750000,0.436842,0.034884,1,116.763687,-0.322632,24.661876,0.500000,0.089474,0.105263,4,190
27,Sub bacia do Rio do Anil,Verao,1,I_1h,64.438062,13.200000,55.823862,13.230000,0.000000,0.005263,0.000000,1.000000,0.473684,0.042553,0.000000,0.010526,0.000000,0.750000,0.473684,0.032258,1,63.089552,-0.218421,8.122614,0.500000,0.110526,0.086957,4,190
27,Sub bacia do Rio do Anil,Verao,2,I_2h,35.634434,6.800000,32.131000,6.800000,0.000000,0.005263,0.000000,1.000000,0.557895,0.036364,0.000000,0.010526,0.000000,1.000000,0.557895,0.036364,1,36.780145,-0.166316,0.919583,0.500000,0.157895,0.062500,4,190
27,Sub bacia do Rio do Anil,Verao,3,I_3h,23.793412,4.533333,23.205451,4.563547,0.000000,0.005263,0.000000,1.000000,0.573684,0.035398,0.000000,0.010526,0.000000,0.750000,0.573684,0.026786,1,28.461838,-0.166316,0.000000,0.500000,0.152632,0.064516,4,190
27,Sub bacia do Rio do Anil,Verao,6,I_6h,13.346813,2.367380,12.874037,2.412273,0.000000,0.005263,0.000000,1.000000,0.652632,0.031250,0.000000,0.010526,0.000000,0.750000,0.647368,0.023810,7,12.834685,-0.062105,1.085641,0.750000,0.288770,0.052632,4,190
27,Sub bacia do Rio do Anil,Verao,8,I_8h,10.460446,2.000000,10.032578,2.006727,0.000000,0.005263,0.000000,1.000000,0.600000,0.033898,0.000000,0.010526,0.000000,0.750000,0.594737,0.025862,1,12.263868,-0.166316,0.000000,0.500000,0.173684,0.057143,4,190
27,Sub bacia do Rio do Anil,Verao,10,I_10h,8.409848,1.600000,8.038149,1.609406,0.000000,0.005263,0.000000,1.000000,0.605263,0.033613,0.000000,0.010526,0.000000,0.750000,0.594737,0.025862,1,9.660612,-0.166316,0.000000,0.500000,0.173684,0.057143,4,190
27,Sub bacia do Rio do Anil,Verao,12,I_12h,7.008469,1.333333,6.698457,1.341171,0.000000,0.005263,0.000000,1.000000,0.636842,0.032000,0.000000,0.010526,0.000000,0.750000,0.621053,0.024793,1,8.050510,-0.166316,0.043506,0.500000,0.178947,0.055556,4,190
27,Sub bacia do Rio do Anil,Verao,24,I_24h,4.969566,0.666667,3.531406,0.679734,0.000000,0.005525,0.000000,1.000000,0.668508,0.032000,0.000000,0.011050,0.000000,0.750000,0.646409,0.025000,1,3.865719,-0.218421,0.384019,0.500000,0.176796,0.058824,4,181
27,Sub bacia do Rio do Anil,Outono,1/6,I_15min,82.694278,6.051289,76.403918,6.438846,0.200000,0.008264,0.500000,1.000000,0.942149,0.042017,0.200000,0.016529,0.333333,0.800000,0.942149,0.033898,1,93.171879,-0.062105,14.014218,0.400000,0.041322,0.285714,5,121
27,Sub bacia do Rio do Anil,Outono,1/2,I_30min,59.126573,5.951003,55.467818,6.272693,0.200000,0.008264,0.500000,1.000000,0.917355,0.043103,0.200000,0.016529,0.333333,0.800000,0.892562,0.035714,1,48.183957,-0.062105,17.176515,0.400000,0.033058,0.333333,5,121
27,Sub bacia do Rio do Anil,Outono,1,I_1h,51.717798,4.850716,40.687728,4.917150,0.000000,0.008264,0.000000,1.000000,0.876033,0.045045,0.000000,0.016529,0.000000,0.800000,0.876033,0.036364,1,20.100480,-0.010000,19.080658,0.200000,0.016529,0.333333,5,121
27,Sub bacia do Rio do Anil,Outono,2,I_2h,30.706691,3.056698,27.886238,3.154125,0.000000,0.008264,0.000000,1.000000,0.925620,0.042735,0.000000,0.016529,0.000000,0.800000,0.900826,0.035398,1,21.505462,-0.062105,9.379147,0.400000,0.033058,0.333333,5,121
27,Sub bacia do Rio do Anil,Outono,3,I_3h,23.242946,2.342073,21.139348,2.418739,0.000000,0.008264,0.000000,1.000000,0.925620,0.042735,0.000000,0.016529,0.000000,0.800000,0.909091,0.035088,8,28.363547,-0.791579,10.064115,0.600000,0.043860,0.375000,5,121
27,Sub bacia do Rio do Anil,Outono,6,I_6h,12.974412,1.514816,12.374665,1.662406,0.000000,0.008264,0.000000,1.000000,0.917355,0.043103,0.000000,0.016529,0.000000,0.800000,0.867769,0.036697,6,15.477513,-0.843684,5.183446,0.600000,0.043478,0.375000,5,121
27,Sub bacia do Rio do Anil,Outono,8,I_8h,10.421567,1.301710,9.937716,1.398946,0.000000,0.008264,0.000000,1.000000,0.826446,0.047619,0.000000,0.016529,0.000000,0.800000,0.768595,0.041237,6,11.189076,-0.843684,3.924264,0.600000,0.043478,0.375000,5,121
27,Sub bacia do Rio do Anil,Outono,10,I_10h,9.295713,1.078861,8.684819,1.172297,0.000000,0.008264,0.000000,1.000000,0.818182,0.048077,0.000000,0.016529,0.000000,0.800000,0.735537,0.043011,8,7.263984,-0.583158,3.551759,0.600000,0.035088,0.428571,5,121
27,Sub bacia do Rio do Anil,Outono,12,I_12h,8.045201,0.899051,7.839280,0.985150,0.000000,0.008264,0.000000,1.000000,0.859504,0.045872,0.000000,0.016529,0.000000,0.800000,0.776860,0.040816,8,6.619741,-0.531053,2.922711,0.600000,0.035088,0.428571,5,121
27,Sub bacia do Rio do Anil,Outono,24,I_24h,4.744640,0.454226,4.414447,0.501569,0.000000,0.008403,0.000000,1.000000,0.890756,0.045045,0.000000,0.016807,0.000000,0.800000,0.806723,0.040000,6,4.052933,-0.895789,1.678676,0.600000,0.026549,0.500000,5,119
27,Sub bacia do Rio do Anil,Inverno,1/6,I_15min,,,,,,,,,,,,,,,,,0,,,,,,,0,54
27,Sub bacia do Rio do Anil,Inverno,1/2,I_30min,,,,,,,,,,,,,,,,,0,,,,,,,0,54
27,Sub bacia do Rio do Anil,Inverno,1,I_1h,,,,,,,,,,,,,,,,,0,,,,,,,0,54
27,Sub bacia do Rio do Anil,Inverno,2,I_2h,,,,,,,,,,,,,,,,,0,,,,,,,0,54
27,Sub bacia do Rio do Anil,Inverno,3,I_3h,,,,,,,,,,,,,,,,,0,,,,,,,0,54
27,Sub bacia do Rio do Anil,Inverno,6,I_6h,,,,,,,,,,,,,,,,,0,,,,,,,0,54
27,Sub bacia do Rio do Anil,Inverno,8,I_8h,,,,,,,,,,,,,,,,,0,,,,,,,0,54
27,Sub bacia do Rio do Anil,Inverno,10,I_10h,,,,,,,,,,,,,,,,,0,,,,,,,0,54
27,Sub bacia do Rio do Anil,Inverno,12,I_12h,,,,,,,,,,,,,,,,,0,,,,,,,0,54
27,Sub bacia do Rio do Anil,Inverno,24,I_24h,,,,,,,,,,,,,,,,,0,,,,,,,0,52
27,Sub bacia do Rio do Anil,Primavera,1/6,I_15min,,,,,,,,,,,,,,,,,0,,,,,,,1,125
27,Sub bacia do Rio do Anil,Primavera,1/2,I_30min,,,,,,,,,,,,,,,,,0,,,,,,,1,125
27,Sub bacia do Rio do Anil,Primavera,1,I_1h,,,,,,,,,,,,,,,,,0,,,,,,,1,125
27,Sub bacia do Rio do Anil,Primavera,2,I_2h,,,,,,,,,,,,,,,,,0,,,,,,,1,125
27,Sub bacia do Rio do Anil,Primavera,3,I_3h,,,,,,,,,,,,,,,,,0,,,,,,,1,125
27,Sub bacia do Rio do Anil,Primavera,6,I_6h,,,,,,,,,,,,,,,,,0,,,,,,,1,125
27,Sub bacia do Rio do Anil,Primavera,8,I_8h,,,,,,,,,,,,,,,,,0,,,,,,,1,125
27,Sub bacia do Rio do Anil,Primavera,10,I_10h,,,,,,,,,,,,,,,,,0,,,,,,,1,125
27,Sub bacia do Rio do Anil,Primavera,12,I_12h,,,,,,,,,,,,,,,,,0,,,,,,,1,125
27,Sub bacia do Rio do Anil,Primavera,24,I_24h,,,,,,,,,,,,,,,,,0,,,,,,,1,116
28,Sub bacia do Rio Guerenguê,Verao,1/6,I_15min,92.598505,11.237002,70.557149,13.889815,0.000000,0.006369,0.000000,1.000000,0.821656,0.022727,0.000000,0.012739,0.000000,0.666667,0.796178,0.015748,5,78.678727,-0.166316,29.863770,0.666667,0.191083,0.062500,3,157
28,Sub bacia do Rio Guerenguê,Verao,1/2,I_30min,83.490147,8.877259,61.709577,10.638287,0.000000,0.006369,0.000000,1.000000,0.821656,0.022727,0.000000,0.012739,0.000000,0.666667,0.796178,0.015748,5,64.790582,-0.322632,25.762220,0.666667,0.216561,0.055556,3,157
28,Sub bacia do Rio Guerenguê,Verao,1,I_1h,67.567072,7.179872,44.645490,8.325559,0.000000,0.006369,0.000000,1.000000,0.777070,0.024000,0.000000,0.012739,0.000000,0.666667,0.751592,0.016667,5,54.604262,-0.270526,17.240023,0.666667,0.210191,0.057143,3,157
28,Sub bacia do Rio Guerenguê,Verao,2,I_2h,38.208891,4.652549,27.300099,5.242955,0.000000,0.006369,0.000000,1.000000,0.783439,0.023810,0.000000,0.012739,0.000000,0.666667,0.719745,0.017391,5,27.940048,-0.270526,10.147479,0.666667,0.210191,0.057143,3,157
28,Sub bacia do Rio Guerenguê,Verao,3,I_3h,25.500260,4.099158,21.266755,4.406350,0.000000,0.006369,0.000000,1.000000,0.649682,0.028571,0.000000,0.012739,0.000000,0.666667,0.592357,0.021053,5,19.022581,-0.218421,6.574799,0.666667,0.222930,0.054054,3,157
28,Sub bacia do Rio Guerenguê,Verao,6,I_6h,13.928800,2.721228,13.257213,2.807659,0.000000,0.006369,0.000000,1.000000,0.528662,0.034884,0.000000,0.012739,0.000000,0.666667,0.528662,0.023529,5,11.558422,-0.218421,3.209218,0.666667,0.254777,0.047619,3,157
28,Sub bacia do Rio Guerenguê,Verao,8,I_8h,10.877251,2.226810,9.994566,2.273044,0.000000,0.006369,0.000000,1.000000,0.509554,0.036145,0.000000,0.012739,0.000000,0.666667,0.503185,0.024691,5,8.534058,-0.114211,1.328590,0.666667,0.248408,0.048780,3,157
28,Sub bacia do Rio Guerenguê,Verao,10,I_10h,8.850966,1.814647,7.995653,1.848314,0.000000,0.006369,0.000000,1.000000,0.515924,0.035714,0.000000,0.012739,0.000000,0.666667,0.515924,0.024096,5,6.827247,-0.114211,1.062872,0.666667,0.261146,0.046512,3,157
28,Sub bacia do Rio Guerenguê,Verao,12,I_12h,7.375805,1.524404,6.663044,1.552946,0.000000,0.006369,0.000000,1.000000,0.541401,0.034091,0.000000,0.012739,0.000000,0.666667,0.541401,0.022989,5,5.561474,-0.270526,1.738675,0.666667,0.267516,0.045455,3,157
28,Sub bacia do Rio Guerenguê,Verao,24,I_24h,3.687902,0.765660,3.590893,0.779585,0.000000,0.006757,0.000000,1.000000,0.601351,0.032609,0.000000,0.013514,0.000000,0.666667,0.587838,0.022472,5,2.462798,-0.218421,0.828903,0.666667,0.304054,0.042553,3,148
28,Sub bacia do Rio Guerenguê,Outono,1/6,I_15min,87.184575,20.723244,80.595189,20.988086,0.000000,0.010417,0.000000,1.000000,0.510417,0.109091,0.000000,0.010417,0.000000,0.833333,0.510417,0.092593,2,108.155724,-0.114211,10.667686,0.600000,0.073684,0.300000,6,96
28,Sub bacia do Rio Guerenguê,Outono,1/2,I_30min,73.350068,13.311859,71.972788,13.617339,0.000000,0.010417,0.000000,1.000000,0.593750,0.095238,0.000000,0.010417,0.000000,0.833333,0.572917,0.083333,2,46.529047,-0.062105,11.640430,0.600000,0.063158,0.333333,6,96
28,Sub bacia do Rio Guerenguê,Outono,1,I_1h,55.183741,9.595613,49.246448,9.864158,0.000000,0.010417,0.000000,1.000000,0.510417,0.109091,0.000000,0.010417,0.000000,0.833333,0.500000,0.094340,2,30.698945,-0.166316,10.385389,0.600000,0.084211,0.272727,6,96
28,Sub bacia do Rio Guerenguê,Outono,2,I_2h,32.354475,5.372697,26.713588,6.229660,0.000000,0.010417,0.000000,1.000000,0.562500,0.100000,0.000000,0.010417,0.000000,0.833333,0.479167,0.098039,2,19.809474,-0.166316,8.916975,0.600000,0.052632,0.375000,6,96
28,Sub bacia do Rio Guerenguê,Outono,3,I_3h,22.602654,3.581798,21.180895,4.360856,0.000000,0.010417,0.000000,1.000000,0.645833,0.088235,0.000000,0.010417,0.000000,0.833333,0.468750,0.100000,2,12.115147,-0.114211,6.691075,0.600000,0.063158,0.333333,6,96
28,Sub bacia do Rio Guerenguê,Outono,6,I_6h,16.059355,1.824232,11.961092,2.294892,0.000000,0.010417,0.000000,1.000000,0.781250,0.074074,0.000000,0.010417,0.000000,0.833333,0.552083,0.086207,1,17.859054,-0.114211,2.941380,0.500000,0.031250,0.500000,6,96
28,Sub bacia do Rio Guerenguê,Outono,8,I_8h,15.937033,1.824342,9.165445,2.082045,0.000000,0.010417,0.000000,1.000000,0.572917,0.098361,0.000000,0.010417,0.000000,0.833333,0.447917,0.104167,2,12.217822,-0.062105,1.193946,0.600000,0.052632,0.375000,6,96
28,Sub bacia do Rio Guerenguê,Outono,10,I_10h,13.484692,1.594452,7.550169,1.774359,0.000000,0.010417,0.000000,1.000000,0.520833,0.107143,0.000000,0.010417,0.000000,0.833333,0.437500,0.106383,2,9.056178,-0.062105,1.437098,0.600000,0.052632,0.375000,6,96
28,Sub bacia do Rio Guerenguê,Outono,12,I_12h,11.591501,1.328710,6.605322,1.482817,0.000000,0.010417,0.000000,1.000000,0.531250,0.105263,0.000000,0.010417,0.000000,0.833333,0.437500,0.106383,2,7.567687,-0.062105,1.321340,0.600000,0.052632,0.375000,6,96
28,Sub bacia do Rio Guerenguê,Outono,24,I_24h,6.376772,0.664355,4.370029,0.792023,0.000000,0.010638,0.000000,1.000000,0.595745,0.096774,0.000000,0.010638,0.000000,0.833333,0.478723,0.100000,8,6.059020,-0.062105,0.866782,0.600000,0.056180,0.375000,6,94
28,Sub bacia do Rio Guerenguê,Inverno,1/6,I_15min,,,,,,,,,,,,,,,,,0,,,,,,,0,33
28,Sub bacia do Rio Guerenguê,Inverno,1/2,I_30min,,,,,,,,,,,,,,,,,0,,,,,,,0,33
28,Sub bacia do Rio Guerenguê,Inverno,1,I_1h,,,,,,,,,,,,,,,,,0,,,,,,,0,33
28,Sub bacia do Rio Guerenguê,Inverno,2,I_2h,,,,,,,,,,,,,,,,,0,,,,,,,0,33
28,Sub bacia do Rio Guerenguê,Inverno,3,I_3h,,,,,,,,,,,,,,,,,0,,,,,,,0,33
28,Sub bacia do Rio Guerenguê,Inverno,6,I_6h,,,,,,,,,,,,,,,,,0,,,,,,,0,33
28,Sub bacia do Rio Guerenguê,Inverno,8,I_8h,,,,,,,,,,,,,,,,,0,,,,,,,0,33
28,Sub bacia do Rio Guerenguê,Inverno,10,I_10h,,,,,,,,,,,,,,,,,0,,,,,,,0,33
28,Sub bacia do Rio Guerenguê,Inverno,12,I_12h,,,,,,,,,,,,,,,,,0,,,,,,,0,33
28,Sub bacia do Rio Guerenguê,Inverno,24,I_24h,,,,,,,,,,,,,,,,,0,,,,,,,0,32
28,Sub bacia do Rio Guerenguê,Primavera,1/6,I_15min,,,,,,,,,,,,,,,,,0,,,,,,,1,90
28,Sub bacia do Rio Guerenguê,Primavera,1/2,I_30min,,,,,,,,,,,,,,,,,0,,,,,,,1,90
28,Sub bacia do Rio Guerenguê,Primavera,1,I_1h,,,,,,,,,,,,,,,,,0,,,,,,,1,90
28,Sub bacia do Rio Guerenguê,Primavera,2,I_2h,,,,,,,,,,,,,,,,,0,,,,,,,1,90
28,Sub bacia do Rio Guerenguê,Primavera,3,I_3h,,,,,,,,,,,,,,,,,0,,,,,,,1,90
28,Sub bacia do Rio Guerenguê,Primavera,6,I_6h,,,,,,,,,,,,,,,,,0,,,,,,,1,90
28,Sub bacia do Rio Guerenguê,Primavera,8,I_8h,,,,,,,,,,,,,,,,,0,,,,,,,1,90
28,Sub bacia do Rio Guerenguê,Primavera,10,I_10h,,,,,,,,,,,,,,,,,0,,,,,,,1,90
28,Sub bacia do Rio Guerenguê,Primavera,12,I_12h,,,,,,,,,,,,,,,,,0,,,,,,,1,90
28,Sub bacia do Rio Guerenguê,Primavera,24,I_24h,,,,,,,,,,,,,,,,,0,,,,,,,1,84
29,Sub bacia da Zona dos Canais,Verao,1/6,I_15min,2353.600000,13.747752,83.532954,14.715496,0.000000,0.005236,0.000000,1.000000,0.790576,0.050314,0.000000,0.010471,0.000000,0.875000,0.785340,0.044586,1,91.382722,-0.062105,36.250276,0.125000,0.015707,0.250000,8,191
29,Sub bacia da Zona dos Canais,Verao,1/2,I_30min,2226.000000,11.683161,64.683206,12.177404,0.000000,0.005236,0.000000,1.000000,0.785340,0.050633,0.000000,0.010471,0.000000,0.875000,0.785340,0.044586,1,88.441557,-0.062105,17.175633,0.125000,0.015707,0.250000,8,191
29,Sub bacia da Zona dos Canais,Verao,1,I_1h,1701.400000,8.167110,52.125011,8.556716,0.000000,0.005236,0.000000,1.000000,0.790576,0.050314,0.000000,0.010471,0.000000,0.875000,0.769634,0.045455,8,87.937891,-0.062105,0.752465,0.500000,0.207447,0.093023,8,191
29,Sub bacia da Zona dos Canais,Verao,2,I_2h,1311.500000,5.263656,34.027328,5.266205,0.000000,0.005236,0.000000,1.000000,0.727749,0.054422,0.000000,0.010471,0.000000,0.875000,0.727749,0.047945,8,46.805080,-0.062105,5.787580,0.375000,0.127660,0.111111,8,191
29,Sub bacia da Zona dos Canais,Verao,3,I_3h,895.600000,3.886475,24.360507,4.037209,0.000000,0.005236,0.000000,1.000000,0.712042,0.055556,0.000000,0.010471,0.000000,0.875000,0.691099,0.050360,8,23.616653,-0.062105,5.107486,0.375000,0.122340,0.115385,8,191
29,Sub bacia da Zona dos Canais,Verao,6,I_6h,447.800000,2.605244,12.530551,2.784726,0.000000,0.005236,0.000000,1.000000,0.602094,0.065041,0.000000,0.010471,0.000000,0.875000,0.570681,0.060345,8,20.731485,-0.062105,1.236294,0.500000,0.186170,0.102564,8,191
29,Sub bacia da Zona dos Canais,Verao,8,I_8h,335.850000,2.139989,9.835606,2.209987,0.000000,0.005236,0.000000,1.000000,0.565445,0.068966,0.000000,0.010471,0.000000,0.875000,0.534031,0.064220,8,16.547403,-0.062105,0.826346,0.500000,0.175532,0.108108,8,191
29,Sub bacia da Zona dos Canais,Verao,10,I_10h,268.680000,1.871988,7.972839,1.891916,0.000000,0.005236,0.000000,1.000000,0.502618,0.076923,0.000000,0.010471,0.000000,0.875000,0.497382,0.068627,1,11.400842,-0.062105,1.251835,0.250000,0.031414,0.250000,8,191
29,Sub bacia da Zona dos Canais,Verao,12,I_12h,223.900000,1.559990,6.704716,1.576597,0.000000,0.005236,0.000000,1.000000,0.502618,0.076923,0.000000,0.010471,0.000000,0.875000,0.497382,0.068627,1,9.500701,-0.062105,1.046670,0.250000,0.031414,0.250000,8,191
29,Sub bacia da Zona dos Canais,Verao,24,I_24h,111.950000,0.779995,3.575190,0.788299,0.000000,0.005464,0.000000,1.000000,0.562842,0.072072,0.000000,0.010929,0.000000,0.875000,0.557377,0.064220,1,4.531576,-0.062105,0.612927,0.250000,0.032787,0.250000,8,183
29,Sub bacia da Zona dos Canais,Outono,1/6,I_15min,80.727921,5.600000,77.038130,6.570837,0.000000,0.008130,0.000000,1.000000,0.983740,0.039683,0.000000,0.016260,0.000000,0.800000,0.943089,0.033333,1,78.955404,-0.114211,6.255392,0.800000,0.154472,0.173913,5,123
29,Sub bacia da Zona dos Canais,Outono,1/2,I_30min,78.808510,5.200000,66.364149,6.146066,0.000000,0.008130,0.000000,1.000000,0.967480,0.040323,0.000000,0.016260,0.000000,0.800000,0.934959,0.033613,1,68.540549,-0.114211,6.197741,0.800000,0.130081,0.200000,5,123
29,Sub bacia da Zona dos Canais,Outono,1,I_1h,53.077933,4.600000,50.824934,4.863606,0.000000,0.008130,0.000000,1.000000,0.934959,0.041667,0.000000,0.016260,0.000000,0.800000,0.918699,0.034188,1,43.783576,-0.114211,3.567921,0.800000,0.154472,0.173913,5,123
29,Sub bacia da Zona dos Canais,Outono,2,I_2h,36.495023,3.714494,30.425750,3.731595,0.000000,0.008130,0.000000,1.000000,0.886179,0.043860,0.000000,0.016260,0.000000,0.800000,0.886179,0.035398,2,25.646769,-0.114211,3.524317,0.800000,0.173554,0.160000,5,123
29,Sub bacia da Zona dos Canais,Outono,3,I_3h,27.901171,2.800000,21.651006,2.820299,0.000000,0.008130,0.000000,1.000000,0.894309,0.043478,0.000000,0.016260,0.000000,0.800000,0.894309,0.035088,1,19.621282,-0.114211,1.625495,0.800000,0.154472,0.173913,5,123
29,Sub bacia da Zona dos Canais,Outono,6,I_6h,22.250454,1.600000,14.555959,1.612042,0.000000,0.008130,0.000000,1.000000,0.926829,0.042017,0.000000,0.016260,0.000000,0.800000,0.926829,0.033898,1,12.741923,-0.114211,0.946964,0.800000,0.170732,0.160000,5,123
29,Sub bacia da Zona dos Canais,Outono,8,I_8h,16.816637,1.225000,12.368779,1.261258,0.000000,0.008130,0.000000,1.000000,0.959350,0.040650,0.000000,0.016260,0.000000,0.800000,0.951220,0.033058,1,10.242387,-0.114211,0.848180,0.800000,0.170732,0.160000,5,123
29,Sub bacia da Zona dos Canais,Outono,10,I_10h,13.525188,0.980000,10.333411,1.013148,0.000000,0.008130,0.000000,1.000000,0.967480,0.040323,0.000000,0.016260,0.000000,0.800000,0.959350,0.032787,1,8.889420,-0.114211,0.610151,0.800000,0.170732,0.160000,5,123
29,Sub bacia da Zona dos Canais,Outono,12,I_12h,11.270990,0.833333,8.928398,0.860494,0.000000,0.008130,0.000000,1.000000,0.975610,0.040000,0.000000,0.016260,0.000000,0.800000,0.951220,0.033058,1,7.490305,-0.114211,1.850511,0.400000,0.048780,0.250000,5,123
29,Sub bacia da Zona dos Canais,Outono,24,I_24h,5.635495,0.416667,5.249426,0.431419,0.000000,0.008333,0.000000,1.000000,1.000000,0.040000,0.000000,0.016667,0.000000,0.800000,0.966667,0.033333,1,5.696693,-0.114211,1.059825,0.400000,0.050000,0.250000,5,120
29,Sub bacia da Zona dos Canais,Inverno,1/6,I_15min,,,,,,,,,,,,,,,,,0,,,,,,,2,66
29,Sub bacia da Zona dos Canais,Inverno,1/2,I_30min,,,,,,,,,,,,,,,,,0,,,,,,,2,66
29,Sub bacia da Zona dos Canais,Inverno,1,I_1h,,,,,,,,,,,,,,,,,0,,,,,,,2,66
29,Sub bacia da Zona dos Canais,Inverno,2,I_2h,,,,,,,,,,,,,,,,,0,,,,,,,2,66
29,Sub bacia da Zona dos Canais,Inverno,3,I_3h,,,,,,,,,,,,,,,,,0,,,,,,,2,66
29,Sub bacia da Zona dos Canais,Inverno,6,I_6h,,,,,,,,,,,,,,,,,0,,,,,,,2,66
29,Sub bacia da Zona dos Canais,Inverno,8,I_8h,,,,,,,,,,,,,,,,,0,,,,,,,2,66
29,Sub bacia da Zona dos Canais,Inverno,10,I_10h,,,,,,,,,,,,,,,,,0,,,,,,,2,66
29,Sub bacia da Zona dos Canais,Inverno,12,I_12h,,,,,,,,,,,,,,,,,0,,,,,,,2,66
29,Sub bacia da Zona dos Canais,Inverno,24,I_24h,,,,,,,,,,,,,,,,,0,,,,,,,2,64
29,Sub bacia da Zona dos Canais,Primavera,1/6,I_15min,,,,,,,,,,,,,,,,,0,,,,,,,2,131
29,Sub bacia da Zona dos Canais,Primavera,1/2,I_30min,,,,,,,,,,,,,,,,,0,,,,,,,2,131
29,Sub bacia da Zona dos Canais,Primavera,1,I_1h,,,,,,,,,,,,,,,,,0,,,,,,,2,131
29,Sub bacia da Zona dos Canais,Primavera,2,I_2h,,,,,,,,,,,,,,,,,0,,,,,,,2,131
29,Sub bacia da Zona dos Canais,Primavera,3,I_3h,,,,,,,,,,,,,,,,,0,,,,,,,2,131
29,Sub bacia da Zona dos Canais,Primavera,6,I_6h,,,,,,,,,,,,,,,,,0,,,,,,,2,131
29,Sub bacia da Zona dos Canais,Primavera,8,I_8h,,,,,,,,,,,,,,,,,0,,,,,,,2,131
29,Sub bacia da Zona dos Canais,Primavera,10,I_10h,,,,,,,,,,,,,,,,,0,,,,,,,2,131
29,Sub bacia da Zona dos Canais,Primavera,12,I_12h,,,,,,,,,,,,,,,,,0,,,,,,,2,131
29,Sub bacia da Zona dos Canais,Primavera,24,I_24h,,,,,,,,,,,,,,,,,0,,,,,,,2,121
30,Sub bacia do Rio da Cachoeira,Verao,1/6,I_15min,120.315198,8.800000,101.149999,9.264846,0.000000,0.005435,0.000000,1.000000,0.858696,0.127072,0.000000,0.010870,0.000000,0.913043,0.847826,0.118644,2,52.779261,-0.166316,11.540752,0.608696,0.331522,0.186667,23,184
30,Sub bacia do Rio da Cachoeira,Verao,1/2,I_30min,94.440400,6.400000,79.594634,7.590565,0.000000,0.005435,0.000000,1.000000,0.875000,0.125000,0.000000,0.010870,0.000000,0.913043,0.842391,0.119318,2,40.859634,-0.166316,11.197570,0.608696,0.326087,0.189189,23,184
30,Sub bacia do Rio da Cachoeira,Verao,1,I_1h,68.309195,4.200000,55.022315,5.664672,0.000000,0.005435,0.000000,1.000000,0.923913,0.119171,0.000000,0.010870,0.000000,0.913043,0.853261,0.117978,3,36.159778,-0.270526,7.614793,0.695652,0.358696,0.195122,23,184
30,Sub bacia do Rio da Cachoeira,Verao,2,I_2h,42.709157,3.000000,30.694802,3.644087,0.000000,0.005435,0.000000,1.000000,0.923913,0.119171,0.043478,0.010870,0.333333,0.913043,0.891304,0.113514,2,20.397881,-0.218421,5.453619,0.565217,0.244565,0.224138,23,184
30,Sub bacia do Rio da Cachoeira,Verao,3,I_3h,30.536745,2.200000,20.989745,2.658698,0.000000,0.005435,0.000000,1.000000,0.940217,0.117347,0.043478,0.010870,0.333333,0.913043,0.913043,0.111111,2,12.861802,-0.166316,2.742593,0.652174,0.309783,0.208333,23,184
30,Sub bacia do Rio da Cachoeira,Verao,6,I_6h,15.775106,1.678761,11.750405,2.001158,0.000000,0.005435,0.000000,1.000000,0.902174,0.121693,0.043478,0.010870,0.333333,0.913043,0.750000,0.132075,2,6.903077,-0.114211,1.833998,0.565217,0.250000,0.220339,23,184
30,Sub bacia do Rio da Cachoeira,Verao,8,I_8h,11.954309,1.283935,8.841468,1.581317,0.000000,0.005435,0.000000,1.000000,0.913043,0.120419,0.043478,0.010870,0.333333,0.913043,0.750000,0.132075,3,5.248608,-0.114211,1.924863,0.565217,0.250000,0.220339,23,184
30,Sub bacia do Rio da Cachoeira,Verao,10,I_10h,9.708699,1.105624,7.398513,1.339306,0.000000,0.005435,0.000000,1.000000,0.880435,0.124324,0.043478,0.010870,0.333333,0.913043,0.711957,0.138158,2,4.612714,-0.218421,1.814637,0.521739,0.201087,0.244898,23,184
30,Sub bacia do Rio da Cachoeira,Verao,12,I_12h,8.092266,0.979233,6.499485,1.121661,0.000000,0.005435,0.000000,1.000000,0.836957,0.129944,0.043478,0.010870,0.333333,0.913043,0.711957,0.138158,2,3.843928,-0.218421,1.523596,0.521739,0.206522,0.240000,23,184
30,Sub bacia do Rio da Cachoeira,Verao,24,I_24h,5.662349,0.535042,4.295923,0.561806,0.043478,0.005682,0.500000,1.000000,0.823864,0.136905,0.043478,0.011364,0.333333,0.913043,0.772727,0.133758,2,1.925523,-0.322632,0.934474,0.521739,0.198864,0.255319,23,176
30,Sub bacia do Rio da Cachoeira,Outono,1/6,I_15min,153.732075,8.619705,95.857627,9.731954,0.000000,0.009524,0.000000,1.000000,0.923810,0.184874,0.000000,0.019048,0.000000,0.909091,0.904762,0.173913,8,173.278540,-0.270526,11.889360,0.619048,0.270000,0.325000,22,105
30,Sub bacia do Rio da Cachoeira,Outono,1/2,I_30min,149.793983,6.007849,81.345832,6.785977,0.000000,0.009524,0.000000,1.000000,0.933333,0.183333,0.000000,0.019048,0.000000,0.909091,0.904762,0.173913,6,181.905512,-0.426842,10.782336,0.571429,0.220000,0.352941,22,105
30,Sub bacia do Rio da Cachoeira,Outono,1,I_1h,122.097018,4.062157,52.124488,4.450184,0.000000,0.009524,0.000000,1.000000,0.942857,0.181818,0.000000,0.019048,0.000000,0.909091,0.933333,0.169492,6,86.209367,-0.062105,11.199069,0.238095,0.050000,0.500000,22,105
30,Sub bacia do Rio da Cachoeira,Outono,2,I_2h,94.708413,2.498524,34.178836,3.409549,0.000000,0.009524,0.000000,1.000000,0.971429,0.177419,0.000000,0.019048,0.000000,0.909091,0.895238,0.175439,6,59.566412,-0.270526,6.269380,0.428571,0.130000,0.409091,22,105
30,Sub bacia do Rio da Cachoeira,Outono,3,I_3h,69.748721,1.998032,23.952159,2.352078,0.000000,0.009524,0.000000,1.000000,0.971429,0.177419,0.000000,0.019048,0.000000,0.909091,0.933333,0.169492,6,46.862686,-0.270526,4.497745,0.380952,0.120000,0.400000,22,105
30,Sub bacia do Rio da Cachoeira,Outono,6,I_6h,35.292213,1.166667,13.565486,1.356362,0.000000,0.009524,0.000000,1.000000,1.000000,0.173228,0.000000,0.019048,0.000000,0.909091,0.980952,0.162602,1,6.068873,-1.000000,2.813878,0.454545,0.161905,0.370370,22,105
30,Sub bacia do Rio da Cachoeira,Outono,8,I_8h,26.469160,0.900000,11.748335,1.023559,0.000000,0.009524,0.000000,1.000000,1.000000,0.173228,0.000000,0.019048,0.000000,0.909091,0.990476,0.161290,1,7.672576,-1.000000,2.093366,0.409091,0.142857,0.375000,22,105
30,Sub bacia do Rio da Cachoeira,Outono,10,I_10h,21.175328,0.800000,10.011184,0.855662,0.000000,0.009524,0.000000,1.000000,0.990476,0.174603,0.000000,0.019048,0.000000,0.909091,0.980952,0.162602,6,4.793431,-0.322632,1.737204,0.476190,0.180000,0.357143,22,105
30,Sub bacia do Rio da Cachoeira,Outono,12,I_12h,17.646107,0.709353,8.482104,0.751667,0.000000,0.009524,0.000000,1.000000,0.980952,0.176000,0.000000,0.019048,0.000000,0.909091,0.961905,0.165289,6,4.749913,-0.218421,1.163246,0.571429,0.230000,0.342857,22,105
30,Sub bacia do Rio da Cachoeira,Outono,24,I_24h,9.531123,0.416667,4.625221,0.435476,0.000000,0.009804,0.000000,1.000000,1.000000,0.177419,0.000000,0.019608,0.000000,0.909091,0.950980,0.170940,1,4.047328,-0.843684,0.818192,0.454545,0.166667,0.370370,22,102
30,Sub bacia do Rio da Cachoeira,Inverno,1/6,I_15min,56.000000,4.000000,54.272000,4.720000,0.000000,0.018182,0.000000,1.000000,0.963636,0.070175,0.000000,0.018182,0.000000,0.750000,0.963636,0.053571,3,17.852737,-0.843684,8.714398,0.750000,0.490909,0.100000,4,55
30,Sub bacia do Rio da Cachoeira,Inverno,1/2,I_30min,38.800000,3.200000,32.536000,3.800000,0.000000,0.018182,0.000000,1.000000,0.963636,0.070175,0.000000,0.018182,0.000000,0.750000,0.963636,0.053571,3,15.563816,-0.895789,6.523922,0.750000,0.436364,0.111111,4,55
30,Sub bacia do Rio da Cachoeira,Inverno,1,I_1h,20.400000,2.400000,17.532693,2.670000,0.000000,0.018182,0.000000,1.000000,0.963636,0.070175,0.000000,0.018182,0.000000,0.750000,0.963636,0.053571,3,6.097312,-0.218421,4.526891,0.500000,0.309091,0.105263,4,55
30,Sub bacia do Rio da Cachoeira,Inverno,2,I_2h,12.703974,1.800000,12.107828,1.995000,0.000000,0.018182,0.000000,1.000000,0.981818,0.068966,0.000000,0.018182,0.000000,0.750000,0.963636,0.053571,3,4.531875,-1.000000,4.560001,0.500000,0.181818,0.166667,4,55
30,Sub bacia do Rio da Cachoeira,Inverno,3,I_3h,9.973711,1.533333,8.763907,1.773333,0.000000,0.018182,0.000000,1.000000,0.981818,0.068966,0.000000,0.018182,0.000000,0.750000,0.981818,0.052632,2,4.730993,-1.000000,2.848318,0.750000,0.254545,0.176471,4,55
30,Sub bacia do Rio da Cachoeira,Inverno,6,I_6h,7.017075,1.300000,5.402953,1.435000,0.000000,0.018182,0.000000,1.000000,0.909091,0.074074,0.000000,0.018182,0.000000,0.750000,0.854545,0.060000,7,1.237033,-0.010000,2.914683,0.250000,0.018868,0.500000,4,55
30,Sub bacia do Rio da Cachoeira,Inverno,8,I_8h,5.953570,1.250000,4.535936,1.310000,0.000000,0.018182,0.000000,1.000000,0.781818,0.085106,0.000000,0.018182,0.000000,0.750000,0.745455,0.068182,1,0.916317,-0.010000,2.460466,0.250000,0.018182,0.500000,4,55
30,Sub bacia do Rio da Cachoeira,Inverno,10,I_10h,5.411471,1.100000,3.948552,1.133000,0.000000,0.018182,0.000000,1.000000,0.818182,0.081633,0.000000,0.018182,0.000000,0.750000,0.763636,0.066667,1,0.367060,-0.010000,2.374436,0.250000,0.018182,0.500000,4,55
30,Sub bacia do Rio da Cachoeira,Inverno,12,I_12h,4.665912,0.916667,3.362382,0.944167,0.000000,0.018182,0.000000,1.000000,0.872727,0.076923,0.250000,0.018182,0.500000,0.750000,0.836364,0.061224,3,3.270408,-0.426842,1.041667,0.750000,0.181818,0.230769,4,55
30,Sub bacia do Rio da Cachoeira,Inverno,24,I_24h,2.473176,0.541667,1.921675,0.542917,0.000000,0.018868,0.000000,1.000000,0.716981,0.095238,0.250000,0.018868,0.500000,0.750000,0.716981,0.073171,1,0.403571,-0.166316,0.787500,0.500000,0.075472,0.333333,4,53
30,Sub bacia do Rio da Cachoeira,Primavera,1/6,I_15min,89.600000,6.679587,71.680000,7.527752,0.000000,0.008264,0.000000,1.000000,0.859504,0.079646,0.000000,0.016529,0.000000,0.888889,0.826446,0.074074,2,70.718489,-0.062105,0.570475,0.333333,0.115702,0.176471,9,121
30,Sub bacia do Rio da Cachoeira,Primavera,1/2,I_30min,67.200000,5.950006,63.002032,6.363200,0.000000,0.008264,0.000000,1.000000,0.842975,0.081081,0.000000,0.016529,0.000000,0.888889,0.818182,0.074766,2,60.710050,-0.114211,4.532935,0.333333,0.132231,0.157895,9,121
30,Sub bacia do Rio da Cachoeira,Primavera,1,I_1h,44.800000,3.724923,39.052936,4.152270,0.000000,0.008264,0.000000,1.000000,0.892562,0.076923,0.000000,0.016529,0.000000,0.888889,0.859504,0.071429,1,25.576230,-0.062105,8.377856,0.111111,0.016529,0.333333,9,121
30,Sub bacia do Rio da Cachoeira,Primavera,2,I_2h,26.700000,2.349845,20.847162,2.636676,0.000000,0.008264,0.000000,1.000000,0.942149,0.073171,0.000000,0.016529,0.000000,0.888889,0.884298,0.069565,1,19.361635,-0.062105,6.267177,0.111111,0.016529,0.333333,9,121
30,Sub bacia do Rio da Cachoeira,Primavera,3,I_3h,17.866667,1.999794,15.593365,2.044388,0.000000,0.008264,0.000000,1.000000,0.933884,0.073770,0.000000,0.016529,0.000000,0.888889,0.917355,0.067227,1,16.712731,-0.062105,5.200606,0.111111,0.016529,0.333333,9,121
30,Sub bacia do Rio da Cachoeira,Primavera,6,I_6h,9.333333,1.219577,8.969129,1.288340,0.111111,0.008264,0.500000,1.000000,0.966942,0.071429,0.111111,0.016529,0.333333,0.888889,0.950413,0.065041,1,2.595611,-0.322632,3.048588,0.444444,0.074380,0.307692,9,121
30,Sub bacia do Rio da Cachoeira,Primavera,8,I_8h,7.100000,0.939682,6.845798,0.998763,0.111111,0.008264,0.500000,1.000000,0.975207,0.070866,0.111111,0.016529,0.333333,0.888889,0.958678,0.064516,1,1.867447,-0.166316,2.497080,0.444444,0.066116,0.333333,9,121
30,Sub bacia do Rio da Cachoeira,Primavera,10,I_10h,5.917910,0.751746,5.504926,0.865004,0.111111,0.008264,0.500000,1.000000,0.983471,0.070312,0.111111,0.016529,0.333333,0.888889,0.966942,0.064000,2,1.836581,-0.114211,2.090166,0.444444,0.066116,0.333333,9,121
30,Sub bacia do Rio da Cachoeira,Primavera,12,I_12h,5.026190,0.626455,4.590788,0.729206,0.111111,0.008264,0.500000,1.000000,0.983471,0.070312,0.111111,0.016529,0.333333,0.888889,0.975207,0.063492,2,2.643062,-0.062105,0.701698,0.555556,0.123967,0.250000,9,121
30,Sub bacia do Rio da Cachoeira,Primavera,24,I_24h,2.656918,0.441667,2.338530,0.445046,0.111111,0.009009,0.500000,1.000000,0.963964,0.077586,0.111111,0.018018,0.333333,0.888889,0.963964,0.069565,2,1.149405,-0.062105,0.497016,0.555556,0.126126,0.263158,9,111
31,Sub bacia do Rio dos Passarinhos,Verao,1/6,I_15min,120.567279,12.388848,80.324485,13.310531,0.000000,0.006803,0.000000,1.000000,0.782313,0.033613,0.000000,0.013605,0.000000,0.750000,0.761905,0.026087,1,68.033246,-0.531053,17.824057,0.750000,0.217687,0.085714,4,147
31,Sub bacia do Rio dos Passarinhos,Verao,1/2,I_30min,110.539505,9.272173,73.066255,9.373014,0.000000,0.006803,0.000000,1.000000,0.782313,0.033613,0.000000,0.013605,0.000000,0.750000,0.782313,0.025424,1,64.145948,-0.426842,7.639839,0.750000,0.231293,0.081081,4,147
31,Sub bacia do Rio dos Passarinhos,Verao,1,I_1h,89.953287,6.119411,53.395440,6.546086,0.000000,0.006803,0.000000,1.000000,0.795918,0.033058,0.000000,0.013605,0.000000,0.750000,0.768707,0.025862,1,53.764644,-0.218421,1.667123,0.750000,0.210884,0.088235,4,147
31,Sub bacia do Rio dos Passarinhos,Verao,2,I_2h,51.722514,4.630563,34.837772,4.644726,0.000000,0.006803,0.000000,1.000000,0.775510,0.033898,0.000000,0.013605,0.000000,0.750000,0.775510,0.025641,1,35.963648,-0.426842,0.561394,0.750000,0.238095,0.078947,4,147
31,Sub bacia do Rio dos Passarinhos,Verao,3,I_3h,34.486305,3.213887,25.460721,3.294303,0.000000,0.006803,0.000000,1.000000,0.809524,0.032520,0.000000,0.013605,0.000000,0.750000,0.809524,0.024590,1,21.067955,-0.322632,6.662691,0.500000,0.102041,0.117647,4,147
31,Sub bacia do Rio dos Passarinhos,Verao,6,I_6h,17.398246,1.935648,15.186473,2.127870,0.000000,0.006803,0.000000,1.000000,0.727891,0.036036,0.000000,0.013605,0.000000,0.750000,0.680272,0.029126,1,13.298237,-0.478947,4.639306,0.500000,0.074830,0.153846,4,147
31,Sub bacia do Rio dos Passarinhos,Verao,8,I_8h,13.048685,2.013887,11.575105,2.077221,0.000000,0.006803,0.000000,1.000000,0.578231,0.044944,0.000000,0.013605,0.000000,0.750000,0.571429,0.034483,1,9.409724,-0.426842,4.027096,0.500000,0.061224,0.181818,4,147
31,Sub bacia do Rio dos Passarinhos,Verao,10,I_10h,10.438948,1.769721,9.270134,1.796597,0.000000,0.006803,0.000000,1.000000,0.523810,0.049383,0.000000,0.013605,0.000000,0.750000,0.517007,0.037975,1,5.634337,-0.270526,3.691390,0.500000,0.054422,0.200000,4,147
31,Sub bacia do Rio dos Passarinhos,Verao,12,I_12h,8.699123,1.474768,7.725112,1.497164,0.000000,0.006803,0.000000,1.000000,0.544218,0.047619,0.000000,0.013605,0.000000,0.750000,0.530612,0.037037,1,4.578455,-0.322632,3.194483,0.500000,0.061224,0.181818,4,147
31,Sub bacia do Rio dos Passarinhos,Verao,24,I_24h,4.349562,0.812038,3.890870,0.818461,0.000000,0.007246,0.000000,1.000000,0.557971,0.049383,0.000000,0.014493,0.000000,0.750000,0.543478,0.038462,7,1.495876,-0.010000,2.379406,0.250000,0.007407,0.500000,4,138
31,Sub bacia do Rio dos Passarinhos,Outono,1/6,I_15min,97.178326,4.800000,88.621988,6.091110,0.000000,0.010753,0.000000,1.000000,0.989247,0.051546,0.000000,0.010753,0.000000,0.800000,0.967742,0.042553,6,96.191083,-0.322632,16.830635,0.600000,0.193182,0.150000,5,93
31,Sub bacia do Rio dos Passarinhos,Outono,1/2,I_30min,80.183482,4.400000,68.203252,5.211110,0.000000,0.010753,0.000000,1.000000,0.989247,0.051546,0.000000,0.010753,0.000000,0.800000,0.967742,0.042553,6,89.654257,-0.322632,10.824152,0.600000,0.261364,0.115385,5,93
31,Sub bacia do Rio dos Passarinhos,Outono,1,I_1h,54.744555,4.000000,46.369700,4.388890,0.000000,0.010753,0.000000,1.000000,0.989247,0.051546,0.000000,0.010753,0.000000,0.800000,0.935484,0.043956,6,35.298963,-0.270526,7.072367,0.600000,0.272727,0.111111,5,93
31,Sub bacia do Rio dos Passarinhos,Outono,2,I_2h,29.072278,3.600000,26.153782,3.680000,0.000000,0.010753,0.000000,1.000000,0.881720,0.057471,0.000000,0.010753,0.000000,0.800000,0.881720,0.046512,6,20.326243,-0.218421,7.333338,0.400000,0.136364,0.142857,5,93
31,Sub bacia do Rio dos Passarinhos,Outono,3,I_3h,23.533333,2.866667,22.815272,2.938334,0.000000,0.010753,0.000000,1.000000,0.881720,0.057471,0.000000,0.010753,0.000000,0.800000,0.860215,0.047619,6,16.800206,-0.270526,4.236352,0.600000,0.170455,0.166667,5,93
31,Sub bacia do Rio dos Passarinhos,Outono,6,I_6h,17.733333,1.633333,13.894499,1.667130,0.000000,0.010753,0.000000,1.000000,0.892473,0.056818,0.000000,0.010753,0.000000,0.800000,0.860215,0.047619,6,7.987249,-0.270526,2.817051,0.600000,0.147727,0.187500,5,93
31,Sub bacia do Rio dos Passarinhos,Outono,8,I_8h,17.475000,1.225000,10.754874,1.261389,0.000000,0.010753,0.000000,1.000000,0.924731,0.054945,0.000000,0.010753,0.000000,0.800000,0.870968,0.047059,6,9.830519,-0.374737,2.184888,0.600000,0.159091,0.176471,5,93
31,Sub bacia do Rio dos Passarinhos,Outono,10,I_10h,14.700000,1.000000,8.888426,1.062334,0.000000,0.010753,0.000000,1.000000,0.956989,0.053191,0.000000,0.010753,0.000000,0.800000,0.881720,0.046512,6,6.036045,-0.322632,1.732592,0.600000,0.170455,0.166667,5,93
31,Sub bacia do Rio dos Passarinhos,Outono,12,I_12h,12.583333,0.833333,7.784653,0.888380,0.000000,0.010753,0.000000,1.000000,0.967742,0.052632,0.000000,0.010753,0.000000,0.800000,0.903226,0.045455,6,5.030670,-0.322632,1.449572,0.600000,0.170455,0.166667,5,93
31,Sub bacia do Rio dos Passarinhos,Outono,24,I_24h,6.925000,0.416667,5.062716,0.461366,0.000000,0.010989,0.000000,1.000000,1.000000,0.052083,0.000000,0.010989,0.000000,0.800000,0.879121,0.047619,8,2.482821,-0.166316,0.746807,0.600000,0.188235,0.157895,5,91
31,Sub bacia do Rio dos Passarinhos,Inverno,1/6,I_15min,,,,,,,,,,,,,,,,,0,,,,,,,0,33
31,Sub bacia do Rio dos Passarinhos,Inverno,1/2,I_30min,,,,,,,,,,,,,,,,,0,,,,,,,0,33
31,Sub bacia do Rio dos Passarinhos,Inverno,1,I_1h,,,,,,,,,,,,,,,,,0,,,,,,,0,33
31,Sub bacia do Rio dos Passarinhos,Inverno,2,I_2h,,,,,,,,,,,,,,,,,0,,,,,,,0,33
31,Sub bacia do Rio dos Passarinhos,Inverno,3,I_3h,,,,,,,,,,,,,,,,,0,,,,,,,0,33
31,Sub bacia do Rio dos Passarinhos,Inverno,6,I_6h,,,,,,,,,,,,,,,,,0,,,,,,,0,33
31,Sub bacia do Rio dos Passarinhos,Inverno,8,I_8h,,,,,,,,,,,,,,,,,0,,,,,,,0,33
31,Sub bacia do Rio dos Passarinhos,Inverno,10,I_10h,,,,,,,,,,,,,,,,,0,,,,,,,0,33
31,Sub bacia do Rio dos Passarinhos,Inverno,12,I_12h,,,,,,,,,,,,,,,,,0,,,,,,,0,33
31,Sub bacia do Rio dos Passarinhos,Inverno,24,I_24h,,,,,,,,,,,,,,,,,0,,,,,,,0,32
31,Sub bacia do Rio dos Passarinhos,Primavera,1/6,I_15min,,,,,,,,,,,,,,,,,0,,,,,,,2,83
31,Sub bacia do Rio dos Passarinhos,Primavera,1/2,I_30min,,,,,,,,,,,,,,,,,0,,,,,,,2,83
31,Sub bacia do Rio dos Passarinhos,Primavera,1,I_1h,,,,,,,,,,,,,,,,,0,,,,,,,2,83
31,Sub bacia do Rio dos Passarinhos,Primavera,2,I_2h,,,,,,,,,,,,,,,,,0,,,,,,,2,83
31,Sub bacia do Rio dos Passarinhos,Primavera,3,I_3h,,,,,,,,,,,,,,,,,0,,,,,,,2,83
31,Sub bacia do Rio dos Passarinhos,Primavera,6,I_6h,,,,,,,,,,,,,,,,,0,,,,,,,2,83
31,Sub bacia do Rio dos Passarinhos,Primavera,8,I_8h,,,,,,,,,,,,,,,,,0,,,,,,,2,83
31,Sub bacia do Rio dos Passarinhos,Primavera,10,I_10h,,,,,,,,,,,,,,,,,0,,,,,,,2,83
31,Sub bacia do Rio dos Passarinhos,Primavera,12,I_12h,,,,,,,,,,,,,,,,,0,,,,,,,2,83
31,Sub bacia do Rio dos Passarinhos,Primavera,24,I_24h,,,,,,,,,,,,,,,,,0,,,,,,,2,76
32,Sub bacia do Rio Camorim e Caçambé,Verao,1/6,I_15min,,,,,,,,,,,,,,,,,0,,,,,,,1,152
32,Sub bacia do Rio Camorim e Caçambé,Verao,1/2,I_30min,,,,,,,,,,,,,,,,,0,,,,,,,1,152
32,Sub bacia do Rio Camorim e Caçambé,Verao,1,I_1h,,,,,,,,,,,,,,,,,0,,,,,,,1,152
32,Sub bacia do Rio Camorim e Caçambé,Verao,2,I_2h,,,,,,,,,,,,,,,,,0,,,,,,,1,152
32,Sub bacia do Rio Camorim e Caçambé,Verao,3,I_3h,,,,,,,,,,,,,,,,,0,,,,,,,1,152
32,Sub bacia do Rio Camorim e Caçambé,Verao,6,I_6h,,,,,,,,,,,,,,,,,0,,,,,,,1,152
32,Sub bacia do Rio Camorim e Caçambé,Verao,8,I_8h,,,,,,,,,,,,,,,,,0,,,,,,,1,152
32,Sub bacia do Rio Camorim e Caçambé,Verao,10,I_10h,,,,,,,,,,,,,,,,,0,,,,,,,1,152
32,Sub bacia do Rio Camorim e Caçambé,Verao,12,I_12h,,,,,,,,,,,,,,,,,0,,,,,,,1,152
32,Sub bacia do Rio Camorim e Caçambé,Verao,24,I_24h,,,,,,,,,,,,,,,,,0,,,,,,,1,146
32,Sub bacia do Rio Camorim e Caçambé,Outono,1/6,I_15min,,,,,,,,,,,,,,,,,0,,,,,,,1,93
32,Sub bacia do Rio Camorim e Caçambé,Outono,1/2,I_30min,,,,,,,,,,,,,,,,,0,,,,,,,1,93
32,Sub bacia do Rio Camorim e Caçambé,Outono,1,I_1h,,,,,,,,,,,,,,,,,0,,,,,,,1,93
32,Sub bacia do Rio Camorim e Caçambé,Outono,2,I_2h,,,,,,,,,,,,,,,,,0,,,,,,,1,93
32,Sub bacia do Rio Camorim e Caçambé,Outono,3,I_3h,,,,,,,,,,,,,,,,,0,,,,,,,1,93
32,Sub bacia do Rio Camorim e Caçambé,Outono,6,I_6h,,,,,,,,,,,,,,,,,0,,,,,,,1,93
32,Sub bacia do Rio Camorim e Caçambé,Outono,8,I_8h,,,,,,,,,,,,,,,,,0,,,,,,,1,93
32,Sub bacia do Rio Camorim e Caçambé,Outono,10,I_10h,,,,,,,,,,,,,,,,,0,,,,,,,1,93
32,Sub bacia do Rio Camorim e Caçambé,Outono,12,I_12h,,,,,,,,,,,,,,,,,0,,,,,,,1,93
32,Sub bacia do Rio Camorim e Caçambé,Outono,24,I_24h,,,,,,,,,,,,,,,,,0,,,,,,,1,91
32,Sub bacia do Rio Camorim e Caçambé,Inverno,1/6,I_15min,,,,,,,,,,,,,,,,,0,,,,,,,1,31
32,Sub bacia do Rio Camorim e Caçambé,Inverno,1/2,I_30min,,,,,,,,,,,,,,,,,0,,,,,,,1,31
32,Sub bacia do Rio Camorim e Caçambé,Inverno,1,I_1h,,,,,,,,,,,,,,,,,0,,,,,,,1,31
32,Sub bacia do Rio Camorim e Caçambé,Inverno,2,I_2h,,,,,,,,,,,,,,,,,0,,,,,,,1,31
32,Sub bacia do Rio Camorim e Caçambé,Inverno,3,I_3h,,,,,,,,,,,,,,,,,0,,,,,,,1,31
32,Sub bacia do Rio Camorim e Caçambé,Inverno,6,I_6h,,,,,,,,,,,,,,,,,0,,,,,,,1,31
32,Sub bacia do Rio Camorim e Caçambé,Inverno,8,I_8h,,,,,,,,,,,,,,,,,0,,,,,,,1,31
32,Sub bacia do Rio Camorim e Caçambé,Inverno,10,I_10h,,,,,,,,,,,,,,,,,0,,,,,,,1,31
32,Sub bacia do Rio Camorim e Caçambé,Inverno,12,I_12h,,,,,,,,,,,,,,,,,0,,,,,,,1,31
32,Sub bacia do Rio Camorim e Caçambé,Inverno,24,I_24h,,,,,,,,,,,,,,,,,0,,,,,,,1,31
32,Sub bacia do Rio Camorim e Caçambé,Primavera,1/6,I_15min,,,,,,,,,,,,,,,,,0,,,,,,,0,83
32,Sub bacia do Rio Camorim e Caçambé,Primavera,1/2,I_30min,,,,,,,,,,,,,,,,,0,,,,,,,0,83
32,Sub bacia do Rio Camorim e Caçambé,Primavera,1,I_1h,,,,,,,,,,,,,,,,,0,,,,,,,0,83
32,Sub bacia do Rio Camorim e Caçambé,Primavera,2,I_2h,,,,,,,,,,,,,,,,,0,,,,,,,0,83
32,Sub bacia do Rio Camorim e Caçambé,Primavera,3,I_3h,,,,,,,,,,,,,,,,,0,,,,,,,0,83
32,Sub bacia do Rio Camorim e Caçambé,Primavera,6,I_6h,,,,,,,,,,,,,,,,,0,,,,,,,0,83
32,Sub bacia do Rio Camorim e Caçambé,Primavera,8,I_8h,,,,,,,,,,,,,,,,,0,,,,,,,0,83
32,Sub bacia do Rio Camorim e Caçambé,Primavera,10,I_10h,,,,,,,,,,,,,,,,,0,,,,,,,0,83
32,Sub bacia do Rio Camorim e Caçambé,Primavera,12,I_12h,,,,,,,,,,,,,,,,,0,,,,,,,0,83
32,Sub bacia do Rio Camorim e Caçambé,Primavera,24,I_24h,,,,,,,,,,,,,,,,,0,,,,,,,0,79
33,Sub bacia da Lagoa Rodrigo de Freitas,Verao,1/6,I_15min,106.126036,4.000000,87.573647,11.636630,0.018519,0.005155,0.500000,1.000000,0.984536,0.220408,0.018519,0.010309,0.333333,0.944444,0.840206,0.238318,1,132.774414,-0.478947,5.322236,0.555556,0.268041,0.365854,54,194
33,Sub bacia da Lagoa Rodrigo de Freitas,Verao,1/2,I_30min,77.600000,3.974989,67.088832,8.960333,0.000000,0.005155,0.000000,1.000000,0.969072,0.223140,0.018519,0.010309,0.333333,0.944444,0.835052,0.239437,1,34.005694,-0.062105,3.602733,0.555556,0.262887,0.370370,54,194
33,Sub bacia da Lagoa Rodrigo de Freitas,Verao,1,I_1h,52.600000,3.187494,47.382345,5.967887,0.000000,0.005155,0.000000,1.000000,0.974227,0.222222,0.000000,0.010309,0.000000,0.944444,0.860825,0.233945,1,54.030125,-0.374737,1.810011,0.555556,0.257732,0.375000,54,194
33,Sub bacia da Lagoa Rodrigo de Freitas,Verao,2,I_2h,35.966488,2.200000,33.999397,3.588438,0.000000,0.005155,0.000000,1.000000,0.969072,0.223140,0.000000,0.010309,0.000000,0.944444,0.917526,0.222707,1,10.053336,-0.062105,2.634657,0.592593,0.268041,0.380952,54,194
33,Sub bacia da Lagoa Rodrigo de Freitas,Verao,3,I_3h,30.206950,1.929165,26.300409,2.685021,0.000000,0.005155,0.000000,1.000000,0.963918,0.224066,0.000000,0.010309,0.000000,0.944444,0.917526,0.222707,1,6.171101,-0.062105,2.582773,0.629630,0.273196,0.390805,54,194
33,Sub bacia da Lagoa Rodrigo de Freitas,Verao,6,I_6h,20.528186,1.066696,15.175634,1.677575,0.000000,0.005155,0.000000,1.000000,0.979381,0.221311,0.000000,0.010309,0.000000,0.944444,0.902062,0.225664,8,5.570330,-0.062105,2.694498,0.537037,0.204188,0.426471,54,194
33,Sub bacia da Lagoa Rodrigo de Freitas,Verao,8,I_8h,17.228416,0.800022,11.534935,1.260323,0.000000,0.005155,0.000000,1.000000,0.984536,0.220408,0.000000,0.010309,0.000000,0.944444,0.922680,0.221739,1,1.982784,-0.270526,2.186023,0.629630,0.242268,0.419753,54,194
33,Sub bacia da Lagoa Rodrigo de Freitas,Verao,10,I_10h,14.752270,0.640018,9.458353,1.014281,0.000000,0.005155,0.000000,1.000000,0.989691,0.219512,0.000000,0.010309,0.000000,0.944444,0.927835,0.220779,1,2.115811,-0.374737,1.725492,0.629630,0.242268,0.419753,54,194
33,Sub bacia da Lagoa Rodrigo de Freitas,Verao,12,I_12h,13.270730,0.548973,7.994440,0.880563,0.000000,0.005155,0.000000,1.000000,1.000000,0.217742,0.000000,0.010309,0.000000,0.944444,0.902062,0.225664,1,1.776951,-0.739474,1.502171,0.648148,0.252577,0.416667,54,194
33,Sub bacia da Lagoa Rodrigo de Freitas,Verao,24,I_24h,9.081058,0.425000,4.414916,0.462426,0.000000,0.005525,0.000000,1.000000,0.983425,0.232759,0.000000,0.011050,0.000000,0.944444,0.933702,0.231818,1,0.778721,-0.531053,0.863561,0.648148,0.237569,0.448718,54,181
33,Sub bacia da Lagoa Rodrigo de Freitas,Outono,1/6,I_15min,112.399470,4.167730,87.848415,8.309351,0.000000,0.007812,0.000000,1.000000,0.992188,0.244048,0.000000,0.015625,0.000000,0.951220,0.875000,0.258278,9,85.384088,-0.062105,6.212565,0.475000,0.179487,0.475000,41,128
33,Sub bacia da Lagoa Rodrigo de Freitas,Outono,1/2,I_30min,99.774193,3.998287,69.555626,7.392822,0.000000,0.007812,0.000000,1.000000,0.984375,0.245509,0.000000,0.015625,0.000000,0.951220,0.835938,0.267123,10,55.669084,-0.062105,6.462430,0.550000,0.198276,0.488889,41,128
33,Sub bacia da Lagoa Rodrigo de Freitas,Outono,1,I_1h,87.861378,3.696889,49.396780,5.775193,0.000000,0.007812,0.000000,1.000000,0.968750,0.248485,0.024390,0.015625,0.333333,0.951220,0.851562,0.263514,8,24.445336,-0.010000,0.349996,0.450000,0.100840,0.600000,41,128
33,Sub bacia da Lagoa Rodrigo de Freitas,Outono,2,I_2h,73.929982,2.970283,32.917571,4.264461,0.000000,0.007812,0.000000,1.000000,0.945312,0.253086,0.024390,0.015625,0.333333,0.951220,0.757812,0.286765,6,15.686425,-0.010000,0.000000,0.425000,0.082645,0.629630,41,128
33,Sub bacia da Lagoa Rodrigo de Freitas,Outono,3,I_3h,54.774046,2.289100,23.395183,3.246446,0.000000,0.007812,0.000000,1.000000,0.945312,0.253086,0.024390,0.015625,0.333333,0.951220,0.804688,0.274648,10,13.332193,-0.062105,4.936195,0.450000,0.094828,0.620690,41,128
33,Sub bacia da Lagoa Rodrigo de Freitas,Outono,6,I_6h,30.139026,1.399523,13.683498,2.055613,0.000000,0.007812,0.000000,1.000000,0.953125,0.251534,0.024390,0.015625,0.333333,0.951220,0.718750,0.297710,8,6.670886,-0.010000,0.000000,0.425000,0.084034,0.629630,41,128
33,Sub bacia da Lagoa Rodrigo de Freitas,Outono,8,I_8h,22.604270,1.207078,11.910616,1.595877,0.000000,0.007812,0.000000,1.000000,0.937500,0.254658,0.024390,0.015625,0.333333,0.951220,0.742188,0.291045,10,5.161930,-0.166316,2.853828,0.450000,0.094828,0.620690,41,128
33,Sub bacia da Lagoa Rodrigo de Freitas,Outono,10,I_10h,18.184710,1.022259,10.335180,1.301305,0.000000,0.007874,0.000000,1.000000,0.913386,0.261146,0.024390,0.015748,0.333333,0.951220,0.755906,0.288889,10,4.131603,-0.166316,2.283281,0.475000,0.095652,0.633333,41,127
33,Sub bacia da Lagoa Rodrigo de Freitas,Outono,12,I_12h,15.166431,0.857384,8.974720,1.132384,0.000000,0.007874,0.000000,1.000000,0.937008,0.256250,0.024390,0.015748,0.333333,0.951220,0.732283,0.295455,10,3.447143,-0.166316,1.899345,0.475000,0.095652,0.633333,41,127
33,Sub bacia da Lagoa Rodrigo de Freitas,Outono,24,I_24h,7.583215,0.446664,4.736189,0.651567,0.000000,0.008000,0.000000,1.000000,0.928000,0.261146,0.024390,0.016000,0.333333,0.951220,0.624000,0.333333,10,1.108392,-0.114211,0.952862,0.625000,0.149123,0.595238,41,125
33,Sub bacia da Lagoa Rodrigo de Freitas,Inverno,1/6,I_15min,37.084723,4.655127,34.844885,6.291414,0.117647,0.010417,0.666667,1.000000,0.927083,0.160377,0.117647,0.010417,0.666667,0.941176,0.864583,0.161616,1,8.972860,-0.114211,13.393196,0.411765,0.115789,0.388889,17,96
33,Sub bacia da Lagoa Rodrigo de Freitas,Inverno,1/2,I_30min,30.434055,3.855127,29.522305,4.611025,0.117647,0.010417,0.666667,1.000000,0.906250,0.163462,0.117647,0.010417,0.666667,0.941176,0.906250,0.155340,1,15.253338,-0.062105,7.389577,0.352941,0.052632,0.545455,17,96
33,Sub bacia da Lagoa Rodrigo de Freitas,Inverno,1,I_1h,19.470555,2.963782,18.326533,3.898751,0.176471,0.010417,0.750000,1.000000,0.927083,0.160377,0.176471,0.010417,0.750000,0.941176,0.875000,0.160000,1,32.667849,-0.114211,2.715848,0.352941,0.042105,0.600000,17,96
33,Sub bacia da Lagoa Rodrigo de Freitas,Inverno,2,I_2h,11.273798,2.436218,11.108690,2.671287,0.176471,0.010417,0.750000,1.000000,0.895833,0.165049,0.176471,0.010417,0.750000,0.941176,0.885417,0.158416,1,13.105431,-0.062105,1.465708,0.352941,0.042105,0.600000,17,96
33,Sub bacia da Lagoa Rodrigo de Freitas,Inverno,3,I_3h,9.841549,2.132422,9.306850,2.162126,0.117647,0.010417,0.666667,1.000000,0.885417,0.166667,0.117647,0.010417,0.666667,0.941176,0.864583,0.161616,1,20.254015,-0.166316,3.594638,0.352941,0.031579,0.666667,17,96
33,Sub bacia da Lagoa Rodrigo de Freitas,Inverno,6,I_6h,7.466667,1.314634,6.565835,1.382927,0.117647,0.010417,0.666667,1.000000,0.927083,0.160377,0.117647,0.010417,0.666667,0.941176,0.895833,0.156863,1,4.711364,-0.062105,1.807621,0.352941,0.042105,0.600000,17,96
33,Sub bacia da Lagoa Rodrigo de Freitas,Inverno,8,I_8h,5.625000,1.050000,5.457368,1.197742,0.117647,0.010417,0.666667,1.000000,0.947917,0.157407,0.117647,0.010417,0.666667,0.941176,0.895833,0.156863,1,4.178745,-0.062105,1.390203,0.352941,0.042105,0.600000,17,96
33,Sub bacia da Lagoa Rodrigo de Freitas,Inverno,10,I_10h,4.843181,0.840000,4.517159,0.958194,0.117647,0.010417,0.666667,1.000000,0.989583,0.151786,0.117647,0.010417,0.666667,0.941176,0.947917,0.149533,1,4.535081,-0.114211,1.616243,0.352941,0.031579,0.666667,17,96
33,Sub bacia da Lagoa Rodrigo de Freitas,Inverno,12,I_12h,4.161314,0.823119,3.770566,0.857957,0.117647,0.010417,0.666667,1.000000,0.968750,0.154545,0.117647,0.010417,0.666667,0.941176,0.916667,0.153846,1,3.861877,-0.114211,1.363109,0.352941,0.031579,0.666667,17,96
33,Sub bacia da Lagoa Rodrigo de Freitas,Inverno,24,I_24h,2.428696,0.458333,2.339881,0.460840,0.117647,0.010870,0.666667,1.000000,0.880435,0.173469,0.117647,0.010870,0.666667,0.941176,0.858696,0.168421,1,3.004701,-0.062105,0.914634,0.235294,0.010870,0.800000,17,92
33,Sub bacia da Lagoa Rodrigo de Freitas,Primavera,1/6,I_15min,96.800000,5.024203,74.648000,6.654537,0.000000,0.005952,0.000000,1.000000,0.928571,0.174603,0.000000,0.011905,0.000000,0.939394,0.851190,0.178161,1,43.019268,-0.166316,0.447742,0.606061,0.255952,0.317460,33,168
33,Sub bacia da Lagoa Rodrigo de Freitas,Primavera,1/2,I_30min,78.000000,4.419591,48.181071,5.847443,0.000000,0.005952,0.000000,1.000000,0.916667,0.176471,0.000000,0.011905,0.000000,0.939394,0.815476,0.184524,1,34.616275,-0.218421,1.014774,0.636364,0.267857,0.318182,33,168
33,Sub bacia da Lagoa Rodrigo de Freitas,Primavera,1,I_1h,51.600000,3.225871,32.309830,4.920499,0.000000,0.005952,0.000000,1.000000,0.946429,0.171875,0.000000,0.011905,0.000000,0.939394,0.767857,0.193750,1,27.603356,-0.270526,6.222865,0.424242,0.119048,0.411765,33,168
33,Sub bacia da Lagoa Rodrigo de Freitas,Primavera,2,I_2h,30.500000,2.508739,18.560283,3.708338,0.000000,0.005952,0.000000,1.000000,0.940476,0.172775,0.030303,0.011905,0.333333,0.939394,0.767857,0.193750,1,27.696674,-0.322632,4.212734,0.484848,0.101190,0.484848,33,168
33,Sub bacia da Lagoa Rodrigo de Freitas,Primavera,3,I_3h,20.733333,2.092008,14.429781,2.660080,0.000000,0.005952,0.000000,1.000000,0.940476,0.172775,0.000000,0.011905,0.000000,0.939394,0.845238,0.179191,1,39.128177,-0.426842,3.925839,0.424242,0.065476,0.560000,33,168
33,Sub bacia da Lagoa Rodrigo de Freitas,Primavera,6,I_6h,10.600000,1.675873,8.091483,1.880933,0.000000,0.005952,0.000000,1.000000,0.869048,0.184358,0.030303,0.011905,0.333333,0.939394,0.744048,0.198718,2,3.541314,-0.114211,2.019028,0.666667,0.160714,0.448980,33,168
33,Sub bacia da Lagoa Rodrigo de Freitas,Primavera,8,I_8h,8.025000,1.396757,6.099126,1.509075,0.030303,0.005952,0.500000,1.000000,0.833333,0.190751,0.030303,0.011905,0.333333,0.939394,0.702381,0.208054,1,3.486787,-0.583158,2.911856,0.484848,0.059524,0.615385,33,168
33,Sub bacia da Lagoa Rodrigo de Freitas,Primavera,10,I_10h,6.420000,1.136275,5.030781,1.230399,0.030303,0.005952,0.500000,1.000000,0.809524,0.195266,0.090909,0.011905,0.600000,0.939394,0.726190,0.202614,1,5.977731,-0.635263,2.466054,0.454545,0.035714,0.714286,33,168
33,Sub bacia da Lagoa Rodrigo de Freitas,Primavera,12,I_12h,5.350000,0.946896,4.272771,1.039324,0.030303,0.005952,0.500000,1.000000,0.845238,0.188571,0.090909,0.011905,0.600000,0.939394,0.738095,0.200000,1,5.408751,-0.635263,2.123326,0.454545,0.041667,0.681818,33,168
33,Sub bacia da Lagoa Rodrigo de Freitas,Primavera,24,I_24h,3.583333,0.473448,2.555401,0.547052,0.032258,0.006452,0.500000,1.000000,0.909677,0.180233,0.032258,0.012903,0.333333,0.935484,0.774194,0.194631,1,1.403654,-0.218421,0.709027,0.677419,0.109677,0.552632,31,155
34,Micro bacia da Praia Vermelha,Verao,1/6,I_15min,,,,,,,,,,,,,,,,,0,,,,,,,0,133
34,Micro bacia da Praia Vermelha,Verao,1/2,I_30min,,,,,,,,,,,,,,,,,0,,,,,,,0,133
34,Micro bacia da Praia Vermelha,Verao,1,I_1h,,,,,,,,,,,,,,,,,0,,,,,,,0,133
34,Micro bacia da Praia Vermelha,Verao,2,I_2h,,,,,,,,,,,,,,,,,0,,,,,,,0,133
34,Micro bacia da Praia Vermelha,Verao,3,I_3h,,,,,,,,,,,,,,,,,0,,,,,,,0,133
34,Micro bacia da Praia Vermelha,Verao,6,I_6h,,,,,,,,,,,,,,,,,0,,,,,,,0,133
34,Micro bacia da Praia Vermelha,Verao,8,I_8h,,,,,,,,,,,,,,,,,0,,,,,,,0,133
34,Micro bacia da Praia Vermelha,Verao,10,I_10h,,,,,,,,,,,,,,,,,0,,,,,,,0,133
34,Micro bacia da Praia Vermelha,Verao,12,I_12h,,,,,,,,,,,,,,,,,0,,,,,,,0,133
34,Micro bacia da Praia Vermelha,Verao,24,I_24h,,,,,,,,,,,,,,,,,0,,,,,,,0,126
34,Micro bacia da Praia Vermelha,Outono,1/6,I_15min,,,,,,,,,,,,,,,,,0,,,,,,,1,94
34,Micro bacia da Praia Vermelha,Outono,1/2,I_30min,,,,,,,,,,,,,,,,,0,,,,,,,1,94
34,Micro bacia da Praia Vermelha,Outono,1,I_1h,,,,,,,,,,,,,,,,,0,,,,,,,1,94
34,Micro bacia da Praia Vermelha,Outono,2,I_2h,,,,,,,,,,,,,,,,,0,,,,,,,1,94
34,Micro bacia da Praia Vermelha,Outono,3,I_3h,,,,,,,,,,,,,,,,,0,,,,,,,1,94
34,Micro bacia da Praia Vermelha,Outono,6,I_6h,,,,,,,,,,,,,,,,,0,,,,,,,1,94
34,Micro bacia da Praia Vermelha,Outono,8,I_8h,,,,,,,,,,,,,,,,,0,,,,,,,1,94
34,Micro bacia da Praia Vermelha,Outono,10,I_10h,,,,,,,,,,,,,,,,,0,,,,,,,1,94
34,Micro bacia da Praia Vermelha,Outono,12,I_12h,,,,,,,,,,,,,,,,,0,,,,,,,1,94
34,Micro bacia da Praia Vermelha,Outono,24,I_24h,,,,,,,,,,,,,,,,,0,,,,,,,1,93
34,Micro bacia da Praia Vermelha,Inverno,1/6,I_15min,,,,,,,,,,,,,,,,,0,,,,,,,0,45
34,Micro bacia da Praia Vermelha,Inverno,1/2,I_30min,,,,,,,,,,,,,,,,,0,,,,,,,0,45
34,Micro bacia da Praia Vermelha,Inverno,1,I_1h,,,,,,,,,,,,,,,,,0,,,,,,,0,45
34,Micro bacia da Praia Vermelha,Inverno,2,I_2h,,,,,,,,,,,,,,,,,0,,,,,,,0,45
34,Micro bacia da Praia Vermelha,Inverno,3,I_3h,,,,,,,,,,,,,,,,,0,,,,,,,0,45
34,Micro bacia da Praia Vermelha,Inverno,6,I_6h,,,,,,,,,,,,,,,,,0,,,,,,,0,45
34,Micro bacia da Praia Vermelha,Inverno,8,I_8h,,,,,,,,,,,,,,,,,0,,,,,,,0,45
34,Micro bacia da Praia Vermelha,Inverno,10,I_10h,,,,,,,,,,,,,,,,,0,,,,,,,0,45
34,Micro bacia da Praia Vermelha,Inverno,12,I_12h,,,,,,,,,,,,,,,,,0,,,,,,,0,45
34,Micro bacia da Praia Vermelha,Inverno,24,I_24h,,,,,,,,,,,,,,,,,0,,,,,,,0,42
34,Micro bacia da Praia Vermelha,Primavera,1/6,I_15min,,,,,,,,,,,,,,,,,0,,,,,,,0,83
34,Micro bacia da Praia Vermelha,Primavera,1/2,I_30min,,,,,,,,,,,,,,,,,0,,,,,,,0,83
34,Micro bacia da Praia Vermelha,Primavera,1,I_1h,,,,,,,,,,,,,,,,,0,,,,,,,0,83
34,Micro bacia da Praia Vermelha,Primavera,2,I_2h,,,,,,,,,,,,,,,,,0,,,,,,,0,83
34,Micro bacia da Praia Vermelha,Primavera,3,I_3h,,,,,,,,,,,,,,,,,0,,,,,,,0,83
34,Micro bacia da Praia Vermelha,Primavera,6,I_6h,,,,,,,,,,,,,,,,,0,,,,,,,0,83
34,Micro bacia da Praia Vermelha,Primavera,8,I_8h,,,,,,,,,,,,,,,,,0,,,,,,,0,83
34,Micro bacia da Praia Vermelha,Primavera,10,I_10h,,,,,,,,,,,,,,,,,0,,,,,,,0,83
34,Micro bacia da Praia Vermelha,Primavera,12,I_12h,,,,,,,,,,,,,,,,,0,,,,,,,0,83
34,Micro bacia da Praia Vermelha,Primavera,24,I_24h,,,,,,,,,,,,,,,,,0,,,,,,,0,76
35,Sub bacia do Rio das Pedras,Verao,1/6,I_15min,120.000000,10.997871,74.473000,12.967046,0.000000,0.005181,0.000000,1.000000,0.834197,0.100559,0.000000,0.010363,0.000000,0.944444,0.792746,0.100000,1,100.453357,-0.218421,8.648086,0.666667,0.196891,0.240000,18,193
35,Sub bacia do Rio das Pedras,Verao,1/2,I_30min,76.800000,8.993475,65.800766,9.548132,0.000000,0.005181,0.000000,1.000000,0.823834,0.101695,0.000000,0.010363,0.000000,0.944444,0.803109,0.098837,1,75.147681,-0.218421,5.835349,0.666667,0.217617,0.222222,18,193
35,Sub bacia do Rio das Pedras,Verao,1,I_1h,52.200000,6.482227,42.236499,6.639847,0.000000,0.005181,0.000000,1.000000,0.823834,0.101695,0.000000,0.010363,0.000000,0.944444,0.818653,0.097143,1,62.108880,-0.374737,8.156935,0.611111,0.207254,0.215686,18,193
35,Sub bacia do Rio das Pedras,Verao,2,I_2h,29.300000,4.011172,23.253772,4.297407,0.000000,0.005181,0.000000,1.000000,0.839378,0.100000,0.000000,0.010363,0.000000,0.944444,0.823834,0.096591,1,28.686084,-0.322632,5.169915,0.611111,0.196891,0.224490,18,193
35,Sub bacia do Rio das Pedras,Verao,3,I_3h,20.582602,3.270059,17.597333,3.463200,0.000000,0.005181,0.000000,1.000000,0.834197,0.100559,0.000000,0.010363,0.000000,0.944444,0.808290,0.098266,1,19.335469,-0.322632,3.911837,0.611111,0.196891,0.224490,18,193
35,Sub bacia do Rio das Pedras,Verao,6,I_6h,12.565813,1.900000,9.968755,2.071627,0.000000,0.005181,0.000000,1.000000,0.823834,0.101695,0.000000,0.010363,0.000000,0.944444,0.756477,0.104294,1,15.513295,-0.218421,0.743599,0.611111,0.191710,0.229167,18,193
35,Sub bacia do Rio das Pedras,Verao,8,I_8h,9.672604,1.425000,7.564412,1.742363,0.000000,0.005181,0.000000,1.000000,0.844560,0.099448,0.000000,0.010363,0.000000,0.944444,0.725389,0.108280,1,13.798961,-0.114211,0.327809,0.444444,0.103627,0.285714,18,193
35,Sub bacia do Rio das Pedras,Verao,10,I_10h,7.746884,1.140000,6.293786,1.393891,0.000000,0.005181,0.000000,1.000000,0.865285,0.097297,0.000000,0.010363,0.000000,0.944444,0.756477,0.104294,1,6.771906,-0.166316,2.049508,0.388889,0.077720,0.318182,18,193
35,Sub bacia do Rio das Pedras,Verao,12,I_12h,6.455737,0.950000,5.290255,1.161576,0.000000,0.005181,0.000000,1.000000,0.865285,0.097297,0.000000,0.010363,0.000000,0.944444,0.772021,0.102410,1,6.563816,-0.218421,1.920611,0.388889,0.067358,0.350000,18,193
35,Sub bacia do Rio das Pedras,Verao,24,I_24h,4.848679,0.475000,3.690432,0.580788,0.000000,0.005495,0.000000,1.000000,0.906593,0.098361,0.000000,0.010989,0.000000,0.944444,0.807692,0.103659,1,5.584127,-0.218421,0.713032,0.500000,0.098901,0.333333,18,182
35,Sub bacia do Rio das Pedras,Outono,1/6,I_15min,78.400000,9.755418,73.968000,10.142167,0.076923,0.009091,0.500000,1.000000,0.881818,0.118182,0.076923,0.018182,0.333333,0.923077,0.872727,0.111111,10,150.486531,-0.114211,20.344837,0.461538,0.108911,0.352941,13,110
35,Sub bacia do Rio das Pedras,Outono,1/2,I_30min,60.262360,6.400000,59.397527,7.696906,0.076923,0.009091,0.500000,1.000000,0.927273,0.113043,0.076923,0.018182,0.333333,0.923077,0.881818,0.110092,10,82.442966,-0.062105,11.424335,0.461538,0.099010,0.375000,13,110
35,Sub bacia do Rio das Pedras,Outono,1,I_1h,45.845409,3.800000,38.569816,4.887830,0.076923,0.009091,0.500000,1.000000,0.954545,0.110169,0.076923,0.018182,0.333333,0.923077,0.936364,0.104348,10,42.411988,-0.062105,8.103680,0.461538,0.108911,0.352941,13,110
35,Sub bacia do Rio das Pedras,Outono,2,I_2h,26.170953,2.500000,24.153372,3.049131,0.076923,0.009091,0.500000,1.000000,0.981818,0.107438,0.076923,0.018182,0.333333,0.923077,0.954545,0.102564,10,17.192768,-0.062105,5.332017,0.461538,0.138614,0.300000,13,110
35,Sub bacia do Rio das Pedras,Outono,3,I_3h,19.882529,2.466667,19.692749,2.969273,0.076923,0.009091,0.500000,1.000000,0.927273,0.113043,0.076923,0.018182,0.333333,0.923077,0.872727,0.111111,10,17.653239,-0.114211,5.010446,0.384615,0.108911,0.312500,13,110
35,Sub bacia do Rio das Pedras,Outono,6,I_6h,12.980472,1.633333,11.183453,1.945941,0.076923,0.009091,0.500000,1.000000,0.890909,0.117117,0.076923,0.018182,0.333333,0.923077,0.727273,0.130435,9,14.013061,-0.166316,0.128795,0.769231,0.326733,0.232558,13,110
35,Sub bacia do Rio das Pedras,Outono,8,I_8h,11.193071,1.225000,8.441241,1.461739,0.076923,0.009091,0.500000,1.000000,0.927273,0.113043,0.076923,0.018182,0.333333,0.923077,0.772727,0.123711,9,9.910231,-0.270526,1.526555,0.692308,0.316832,0.219512,13,110
35,Sub bacia do Rio das Pedras,Outono,10,I_10h,9.513312,1.000000,6.957189,1.177391,0.076923,0.009091,0.500000,1.000000,0.945455,0.111111,0.076923,0.018182,0.333333,0.923077,0.790909,0.121212,9,9.165176,-0.322632,1.247306,0.769231,0.326733,0.232558,13,110
35,Sub bacia do Rio das Pedras,Outono,12,I_12h,8.089432,0.833333,6.008494,0.982681,0.076923,0.009091,0.500000,1.000000,0.963636,0.109244,0.076923,0.018182,0.333333,0.923077,0.818182,0.117647,9,7.804359,-0.322632,1.055540,0.769231,0.336634,0.227273,13,110
35,Sub bacia do Rio das Pedras,Outono,24,I_24h,4.345745,0.416667,3.734692,0.491340,0.076923,0.009259,0.500000,1.000000,1.000000,0.107438,0.076923,0.018519,0.333333,0.923077,0.861111,0.114286,9,4.977094,-0.322632,0.515558,0.769231,0.404040,0.200000,13,108
35,Sub bacia do Rio das Pedras,Inverno,1/6,I_15min,56.000000,11.200000,54.496000,12.065936,0.000000,0.020833,0.000000,1.000000,0.500000,0.200000,0.000000,0.020833,0.000000,0.833333,0.479167,0.178571,5,31.836059,-0.270526,21.221249,0.500000,0.020833,0.750000,6,48
35,Sub bacia do Rio das Pedras,Inverno,1/2,I_30min,38.800000,6.000000,33.348000,7.390924,0.000000,0.020833,0.000000,1.000000,0.770833,0.139535,0.166667,0.020833,0.500000,0.833333,0.625000,0.142857,1,12.480450,-0.583158,15.712461,0.500000,0.020833,0.750000,6,48
35,Sub bacia do Rio das Pedras,Inverno,1,I_1h,20.400000,4.200000,17.204000,5.448561,0.166667,0.020833,0.500000,1.000000,0.833333,0.130435,0.166667,0.020833,0.500000,0.833333,0.520833,0.166667,1,5.340372,-0.114211,9.344121,0.666667,0.020833,0.800000,6,48
35,Sub bacia do Rio das Pedras,Inverno,2,I_2h,11.600000,3.200000,11.130000,4.075000,0.166667,0.020833,0.500000,1.000000,0.708333,0.150000,0.166667,0.020833,0.500000,0.833333,0.354167,0.227273,1,2.337171,-0.270526,6.690923,0.833333,0.041667,0.714286,6,48
35,Sub bacia do Rio das Pedras,Inverno,3,I_3h,8.066667,2.133333,7.910000,2.766667,0.166667,0.020833,0.500000,1.000000,0.833333,0.130435,0.166667,0.020833,0.500000,0.833333,0.562500,0.156250,2,4.238801,-0.010000,2.184794,0.833333,0.041667,0.714286,6,48
35,Sub bacia do Rio das Pedras,Inverno,6,I_6h,4.233333,1.133333,4.218594,1.591667,0.666667,0.020833,0.800000,1.000000,0.958333,0.115385,0.666667,0.020833,0.800000,0.833333,0.750000,0.121951,0,,,,,,,6,48
35,Sub bacia do Rio das Pedras,Inverno,8,I_8h,3.360961,0.850000,3.273559,1.193750,0.666667,0.020833,0.800000,1.000000,0.958333,0.115385,0.666667,0.020833,0.800000,0.833333,0.875000,0.106383,0,,,,,,,6,48
35,Sub bacia do Rio das Pedras,Inverno,10,I_10h,2.805316,0.720000,2.759234,0.985000,0.666667,0.020833,0.800000,1.000000,0.979167,0.113208,0.666667,0.020833,0.800000,0.833333,0.916667,0.102041,0,,,,,,,6,48
35,Sub bacia do Rio das Pedras,Inverno,12,I_12h,2.497773,1.000000,2.402145,1.120833,0.333333,0.020833,0.666667,1.000000,0.666667,0.157895,0.500000,0.020833,0.750000,0.833333,0.416667,0.200000,1,0.436407,-0.062105,1.942688,0.666667,0.020833,0.800000,6,48
35,Sub bacia do Rio das Pedras,Inverno,24,I_24h,1.519444,0.591667,1.460223,0.629167,0.166667,0.021739,0.500000,1.000000,0.478261,0.214286,0.333333,0.021739,0.666667,0.833333,0.434783,0.200000,7,1.047773,-0.010000,0.179140,0.833333,0.068182,0.625000,6,46
35,Sub bacia do Rio das Pedras,Primavera,1/6,I_15min,82.529630,7.042850,74.560000,7.940134,0.000000,0.008403,0.000000,1.000000,0.857143,0.064220,0.000000,0.016807,0.000000,0.857143,0.806723,0.058824,1,76.318886,-0.114211,14.715732,0.285714,0.016807,0.500000,7,119
35,Sub bacia do Rio das Pedras,Primavera,1/2,I_30min,67.200000,5.985145,63.305347,6.818645,0.000000,0.008403,0.000000,1.000000,0.857143,0.064220,0.000000,0.016807,0.000000,0.857143,0.781513,0.060606,1,64.075430,-0.062105,2.923543,0.285714,0.016807,0.500000,7,119
35,Sub bacia do Rio das Pedras,Primavera,1,I_1h,44.221854,4.983457,40.086912,5.655371,0.000000,0.008403,0.000000,1.000000,0.823529,0.066667,0.000000,0.016807,0.000000,0.857143,0.781513,0.060606,1,34.497262,-0.062105,4.525708,0.285714,0.016807,0.500000,7,119
35,Sub bacia do Rio das Pedras,Primavera,2,I_2h,25.506301,4.006608,20.656733,4.198230,0.000000,0.008403,0.000000,1.000000,0.781513,0.070000,0.000000,0.016807,0.000000,0.857143,0.747899,0.063158,1,18.255638,-0.062105,4.410592,0.285714,0.016807,0.500000,7,119
35,Sub bacia do Rio das Pedras,Primavera,3,I_3h,17.592789,3.329953,14.225781,3.411855,0.000000,0.008403,0.000000,1.000000,0.722689,0.075269,0.000000,0.016807,0.000000,0.857143,0.680672,0.068966,1,17.574840,-0.062105,2.371767,0.285714,0.016807,0.500000,7,119
35,Sub bacia do Rio das Pedras,Primavera,6,I_6h,8.882493,2.509798,7.852906,2.679011,0.000000,0.008403,0.000000,1.000000,0.420168,0.122807,0.000000,0.016807,0.000000,0.857143,0.369748,0.120000,1,5.604464,-0.114211,3.151485,0.428571,0.025210,0.500000,7,119
35,Sub bacia do Rio das Pedras,Primavera,8,I_8h,6.661870,1.969744,6.195260,2.195138,0.000000,0.008403,0.000000,1.000000,0.403361,0.127273,0.000000,0.016807,0.000000,0.857143,0.344538,0.127660,1,6.866501,-0.218421,2.519540,0.571429,0.025210,0.571429,7,119
35,Sub bacia do Rio das Pedras,Primavera,10,I_10h,5.509263,1.651423,5.234742,1.824377,0.000000,0.008403,0.000000,1.000000,0.394958,0.129630,0.000000,0.016807,0.000000,0.857143,0.327731,0.133333,1,4.208247,-0.114211,1.941128,0.428571,0.016807,0.600000,7,119
35,Sub bacia do Rio das Pedras,Primavera,12,I_12h,4.939968,1.386690,4.362285,1.535439,0.000000,0.008403,0.000000,1.000000,0.386555,0.132075,0.000000,0.016807,0.000000,0.857143,0.319328,0.136364,1,3.373787,-0.218421,2.228576,0.428571,0.025210,0.500000,7,119
35,Sub bacia do Rio das Pedras,Primavera,24,I_24h,3.193444,0.711062,2.206539,0.781508,0.000000,0.009174,0.000000,1.000000,0.431193,0.129630,0.000000,0.018349,0.000000,0.857143,0.330275,0.142857,1,1.766250,-0.270526,1.249637,0.428571,0.027523,0.500000,7,109
36,Micro bacia de Copacabana,Verao,1/6,I_15min,118.079821,10.280360,98.512313,19.592582,0.000000,0.006173,0.000000,1.000000,0.845679,0.110390,0.000000,0.012346,0.000000,0.941176,0.604938,0.140351,2,169.318205,-0.218421,37.012424,0.294118,0.055556,0.357143,17,162
36,Micro bacia de Copacabana,Verao,1/2,I_30min,116.438205,9.140601,84.132425,16.403116,0.000000,0.006173,0.000000,1.000000,0.820988,0.113333,0.000000,0.012346,0.000000,0.941176,0.555556,0.150943,9,120.575991,-0.062105,24.606286,0.470588,0.125786,0.285714,17,162
36,Micro bacia de Copacabana,Verao,1,I_1h,83.348332,7.417362,60.174410,9.212756,0.000000,0.006173,0.000000,1.000000,0.765432,0.120567,0.000000,0.012346,0.000000,0.941176,0.641975,0.133333,3,55.395583,-0.062105,14.868310,0.352941,0.067901,0.352941,17,162
36,Micro bacia de Copacabana,Verao,2,I_2h,43.872175,4.830802,39.659598,5.208055,0.000000,0.006173,0.000000,1.000000,0.783951,0.118056,0.000000,0.012346,0.000000,0.941176,0.728395,0.119403,3,61.983805,-0.114211,11.113743,0.352941,0.061728,0.375000,17,162
36,Micro bacia de Copacabana,Verao,3,I_3h,32.207577,3.220535,27.920831,4.540059,0.000000,0.006173,0.000000,1.000000,0.827160,0.112583,0.000000,0.012346,0.000000,0.941176,0.648148,0.132231,10,46.104459,-0.062105,5.631341,0.588235,0.132075,0.322581,17,162
36,Micro bacia de Copacabana,Verao,6,I_6h,17.086086,1.629836,15.128566,2.458229,0.000000,0.006173,0.000000,1.000000,0.907407,0.103659,0.000000,0.012346,0.000000,0.941176,0.685185,0.125984,7,31.308321,-0.062105,4.197424,0.352941,0.081761,0.315789,17,162
36,Micro bacia de Copacabana,Verao,8,I_8h,12.814565,1.998995,11.481063,2.009530,0.000000,0.006173,0.000000,1.000000,0.660494,0.137097,0.000000,0.012346,0.000000,0.941176,0.641975,0.133333,10,2.279140,-0.010000,2.419503,0.647059,0.220126,0.239130,17,162
36,Micro bacia de Copacabana,Verao,10,I_10h,10.251652,1.599196,9.190299,1.712303,0.000000,0.006173,0.000000,1.000000,0.672840,0.134921,0.000000,0.012346,0.000000,0.941176,0.635802,0.134454,7,4.143857,-0.010000,0.974709,0.470588,0.150943,0.250000,17,162
36,Micro bacia de Copacabana,Verao,12,I_12h,8.543043,1.346428,7.659476,1.429672,0.000000,0.006173,0.000000,1.000000,0.660494,0.137097,0.000000,0.012346,0.000000,0.941176,0.648148,0.132231,7,3.537646,-0.010000,0.891166,0.470588,0.150943,0.250000,17,162
36,Micro bacia de Copacabana,Verao,24,I_24h,4.271522,0.752583,3.998273,0.755323,0.000000,0.006536,0.000000,1.000000,0.647059,0.146552,0.000000,0.013072,0.000000,0.941176,0.647059,0.139130,10,0.762643,-0.010000,0.919884,0.705882,0.264901,0.230769,17,153
36,Micro bacia de Copacabana,Outono,1/6,I_15min,118.846628,17.600000,115.846896,17.701838,0.000000,0.008547,0.000000,1.000000,0.504274,0.262500,0.000000,0.017094,0.000000,0.952381,0.504274,0.253165,10,102.466823,-0.010000,6.678536,0.315789,0.036697,0.600000,21,117
36,Micro bacia de Copacabana,Outono,1/2,I_30min,106.316289,12.400000,94.106109,12.476264,0.000000,0.008547,0.000000,1.000000,0.589744,0.233333,0.047619,0.017094,0.333333,0.952381,0.581197,0.227273,1,1.247626,-1.000000,24.983191,0.761905,0.213675,0.390244,21,117
36,Micro bacia de Copacabana,Outono,1,I_1h,89.215915,7.595521,57.584855,8.400000,0.000000,0.008547,0.000000,1.000000,0.649573,0.216495,0.095238,0.017094,0.500000,0.952381,0.598291,0.222222,1,3.335489,-1.000000,22.695479,0.571429,0.059829,0.631579,21,117
36,Micro bacia de Copacabana,Outono,2,I_2h,67.338870,4.902048,41.125833,5.700000,0.000000,0.008547,0.000000,1.000000,0.675214,0.210000,0.095238,0.017094,0.500000,0.952381,0.615385,0.217391,1,2.780655,-1.000000,13.371945,0.571429,0.059829,0.631579,21,117
36,Micro bacia de Copacabana,Outono,3,I_3h,49.518572,3.480807,32.770340,3.933333,0.000000,0.008547,0.000000,1.000000,0.752137,0.192661,0.095238,0.017094,0.500000,0.952381,0.658120,0.206186,1,0.393333,-1.000000,10.721215,0.619048,0.059829,0.650000,21,117
36,Micro bacia de Copacabana,Outono,6,I_6h,26.580238,2.000000,17.109141,2.029120,0.000000,0.008547,0.000000,1.000000,0.743590,0.194444,0.190476,0.017094,0.666667,0.952381,0.743590,0.186916,1,0.202912,-0.062105,6.255987,0.571429,0.076923,0.571429,21,117
36,Micro bacia de Copacabana,Outono,8,I_8h,19.935179,1.500000,12.915856,1.700000,0.095238,0.008547,0.666667,1.000000,0.769231,0.189189,0.190476,0.017094,0.666667,0.952381,0.726496,0.190476,1,1.430232,-0.010000,5.206639,0.476190,0.042735,0.666667,21,117
36,Micro bacia de Copacabana,Outono,10,I_10h,16.338177,1.200000,10.735885,1.440000,0.000000,0.008547,0.000000,1.000000,0.820513,0.179487,0.190476,0.017094,0.666667,0.952381,0.717949,0.192308,1,1.317996,-0.010000,4.102004,0.476190,0.042735,0.666667,21,117
36,Micro bacia de Copacabana,Outono,12,I_12h,13.868639,1.000000,8.946571,1.257513,0.000000,0.008547,0.000000,1.000000,0.829060,0.177966,0.190476,0.017094,0.666667,0.952381,0.675214,0.202020,1,1.120260,-0.010000,3.523302,0.476190,0.042735,0.666667,21,117
36,Micro bacia de Copacabana,Outono,24,I_24h,6.934320,0.508333,4.661405,0.749440,0.095238,0.008621,0.666667,1.000000,0.870690,0.172131,0.238095,0.017241,0.714286,0.952381,0.594828,0.224719,1,0.897879,-0.010000,1.758664,0.476190,0.051724,0.625000,21,116
36,Micro bacia de Copacabana,Inverno,1/6,I_15min,84.000000,13.564290,54.130931,14.712251,0.000000,0.010101,0.000000,1.000000,0.444444,0.102041,0.400000,0.010101,0.666667,0.800000,0.404040,0.090909,1,1.930409,-0.010000,17.022080,0.800000,0.275510,0.129032,5,99
36,Micro bacia de Copacabana,Inverno,1/2,I_30min,69.200000,8.851787,40.337897,9.881430,0.000000,0.010101,0.000000,1.000000,0.595960,0.078125,0.200000,0.010101,0.500000,0.800000,0.525253,0.071429,1,17.750890,-0.114211,22.518780,0.400000,0.040816,0.333333,5,99
36,Micro bacia de Copacabana,Inverno,1,I_1h,52.400000,6.508483,27.633557,6.726786,0.200000,0.010101,0.500000,1.000000,0.606061,0.076923,0.200000,0.010101,0.500000,0.800000,0.555556,0.067797,1,9.191191,-0.010000,13.374785,0.400000,0.061224,0.250000,5,99
36,Micro bacia de Copacabana,Inverno,2,I_2h,27.300000,3.900000,21.527252,4.166071,0.200000,0.010101,0.500000,1.000000,0.696970,0.067568,0.200000,0.010101,0.500000,0.800000,0.676768,0.056338,1,9.467102,-0.270526,8.274054,0.400000,0.091837,0.181818,5,99
36,Micro bacia de Copacabana,Inverno,3,I_3h,18.200000,3.066667,18.118795,3.219702,0.200000,0.010101,0.500000,1.000000,0.707071,0.066667,0.200000,0.010101,0.500000,0.800000,0.676768,0.056338,1,12.291711,-1.000000,2.514225,0.600000,0.306122,0.090909,5,99
36,Micro bacia de Copacabana,Inverno,6,I_6h,14.533626,1.766667,13.257447,1.899137,0.200000,0.010101,0.500000,1.000000,0.767677,0.061728,0.200000,0.010101,0.500000,0.800000,0.717172,0.053333,2,9.957333,-1.000000,1.998868,0.600000,0.316327,0.088235,5,99
36,Micro bacia de Copacabana,Inverno,8,I_8h,11.518453,1.450000,10.973657,1.537288,0.200000,0.010101,0.500000,1.000000,0.757576,0.062500,0.200000,0.010101,0.500000,0.800000,0.707071,0.054054,9,0.390323,-0.010000,2.728317,0.600000,0.297872,0.096774,5,99
36,Micro bacia de Copacabana,Inverno,10,I_10h,9.905021,1.180000,9.113637,1.248179,0.200000,0.010101,0.500000,1.000000,0.777778,0.060976,0.200000,0.010101,0.500000,0.800000,0.727273,0.052632,1,1.695721,-1.000000,1.324803,0.800000,0.448980,0.083333,5,99
36,Micro bacia de Copacabana,Inverno,12,I_12h,8.254185,1.066667,7.994839,1.106815,0.200000,0.010101,0.500000,1.000000,0.727273,0.064935,0.200000,0.010101,0.500000,0.800000,0.707071,0.054054,1,1.916676,-1.000000,1.037779,0.800000,0.438776,0.085106,5,99
36,Micro bacia de Copacabana,Inverno,24,I_24h,5.777473,0.550000,4.471656,0.566741,0.200000,0.010638,0.500000,1.000000,0.787234,0.063291,0.200000,0.010638,0.500000,0.800000,0.787234,0.051282,1,0.854499,-0.895789,0.997101,0.600000,0.308511,0.093750,5,94
36,Micro bacia de Copacabana,Primavera,1/6,I_15min,78.400000,6.792036,60.326563,9.273801,0.000000,0.006410,0.000000,1.000000,0.782051,0.082707,0.000000,0.012821,0.000000,0.909091,0.608974,0.095238,1,64.333897,-0.166316,13.964527,0.454545,0.070513,0.312500,11,156
36,Micro bacia de Copacabana,Primavera,1/2,I_30min,47.200000,4.953292,41.242374,7.445440,0.000000,0.006410,0.000000,1.000000,0.871795,0.074830,0.000000,0.012821,0.000000,0.909091,0.621795,0.093458,1,45.317428,-0.166316,13.818928,0.363636,0.038462,0.400000,11,156
36,Micro bacia de Copacabana,Primavera,1,I_1h,31.038811,3.995808,26.417565,6.092268,0.000000,0.006410,0.000000,1.000000,0.878205,0.074324,0.090909,0.012821,0.333333,0.909091,0.596154,0.097087,1,15.054095,-0.114211,7.729994,0.545455,0.083333,0.315789,11,156
36,Micro bacia de Copacabana,Primavera,2,I_2h,21.853885,3.542563,18.071999,4.303513,0.090909,0.006410,0.500000,1.000000,0.788462,0.082090,0.181818,0.012821,0.500000,0.909091,0.634615,0.091743,1,21.186819,-0.114211,5.539341,0.545455,0.057692,0.400000,11,156
36,Micro bacia de Copacabana,Primavera,3,I_3h,17.318510,3.350418,14.472297,3.436675,0.090909,0.006410,0.500000,1.000000,0.660256,0.096491,0.181818,0.012821,0.500000,0.909091,0.647436,0.090090,3,2.230622,-0.010000,6.767567,0.545455,0.051613,0.428571,11,156
36,Micro bacia de Copacabana,Primavera,6,I_6h,10.717765,1.926471,9.324213,2.150155,0.181818,0.006410,0.666667,1.000000,0.756410,0.085271,0.181818,0.012821,0.500000,0.909091,0.653846,0.089286,3,3.151782,-0.062105,4.807990,0.545455,0.038710,0.500000,11,156
36,Micro bacia de Copacabana,Primavera,8,I_8h,9.201213,1.444853,7.506654,1.817642,0.181818,0.006410,0.666667,1.000000,0.794872,0.081481,0.181818,0.012821,0.500000,0.909091,0.615385,0.094340,3,4.476788,-0.062105,2.812055,0.636364,0.058065,0.437500,11,156
36,Micro bacia de Copacabana,Primavera,10,I_10h,7.876772,1.155883,6.304710,1.454114,0.181818,0.006410,0.666667,1.000000,0.826923,0.078571,0.181818,0.012821,0.500000,0.909091,0.628205,0.092593,3,3.063001,-0.062105,3.198283,0.545455,0.038710,0.500000,11,156
36,Micro bacia de Copacabana,Primavera,12,I_12h,7.403080,0.963236,5.609796,1.211761,0.181818,0.006410,0.666667,1.000000,0.865385,0.075342,0.181818,0.012821,0.500000,0.909091,0.653846,0.089286,3,2.599399,-0.062105,2.697537,0.545455,0.045161,0.461538,11,156
36,Micro bacia de Copacabana,Primavera,24,I_24h,3.995218,0.489536,3.363917,0.609928,0.090909,0.006993,0.500000,1.000000,0.902098,0.078571,0.181818,0.013986,0.500000,0.909091,0.727273,0.087719,3,1.128715,-0.062105,1.549890,0.545455,0.063380,0.400000,11,143
37,Restinga da Barra,Verao,1/6,I_15min,2353.600000,5.374212,75.877578,9.885140,0.000000,0.006667,0.000000,1.000000,0.960000,0.276382,0.018182,0.013333,0.333333,0.945455,0.833333,0.293785,1,133.975596,-0.531053,8.303405,0.545455,0.253333,0.441176,55,150
37,Restinga da Barra,Verao,1/2,I_30min,2226.000000,4.687106,64.925451,7.936212,0.000000,0.006667,0.000000,1.000000,0.940000,0.280612,0.018182,0.013333,0.333333,0.945455,0.860000,0.287293,1,108.708596,-0.426842,2.469752,0.527273,0.240000,0.446154,55,150
37,Restinga da Barra,Verao,1,I_1h,1701.400000,4.030659,52.152778,5.436309,0.000000,0.006667,0.000000,1.000000,0.926667,0.283505,0.018182,0.013333,0.333333,0.945455,0.873333,0.284153,1,125.498532,-0.895789,6.221123,0.545455,0.246667,0.447761,55,150
37,Restinga da Barra,Verao,2,I_2h,1311.500000,3.000000,34.592402,3.751847,0.000000,0.006667,0.000000,1.000000,0.920000,0.284974,0.018182,0.013333,0.333333,0.945455,0.880000,0.282609,1,20.542176,-0.322632,2.162174,0.563636,0.253333,0.449275,55,150
37,Restinga da Barra,Verao,3,I_3h,895.600000,2.266667,24.328104,3.217730,0.000000,0.006667,0.000000,1.000000,0.926667,0.283505,0.018182,0.013333,0.333333,0.945455,0.873333,0.284153,1,10.909235,-0.322632,3.202350,0.563636,0.240000,0.462687,55,150
37,Restinga da Barra,Verao,6,I_6h,447.800000,1.133333,12.764774,1.679838,0.000000,0.006667,0.000000,1.000000,0.986667,0.270936,0.018182,0.013333,0.333333,0.945455,0.873333,0.284153,1,5.287908,-0.374737,1.893998,0.618182,0.233333,0.492754,55,150
37,Restinga da Barra,Verao,8,I_8h,335.850000,0.850000,9.825132,1.259878,0.000000,0.006667,0.000000,1.000000,0.993333,0.269608,0.018182,0.013333,0.333333,0.945455,0.920000,0.273684,1,3.806946,-0.270526,1.713591,0.563636,0.193333,0.516667,55,150
37,Restinga da Barra,Verao,10,I_10h,268.680000,0.680000,7.915772,1.010516,0.000000,0.006667,0.000000,1.000000,0.993333,0.269608,0.018182,0.013333,0.333333,0.945455,0.946667,0.268041,1,3.045557,-0.270526,1.415498,0.563636,0.200000,0.508197,55,150
37,Restinga da Barra,Verao,12,I_12h,223.900000,0.566667,6.596477,0.844530,0.000000,0.006667,0.000000,1.000000,1.000000,0.268293,0.018182,0.013333,0.333333,0.945455,0.953333,0.266667,1,2.551444,-0.270526,1.242638,0.527273,0.186667,0.508772,55,150
37,Restinga da Barra,Verao,24,I_24h,111.950000,0.416667,3.773155,0.481794,0.000000,0.007299,0.000000,1.000000,1.000000,0.286458,0.018182,0.014599,0.333333,0.945455,0.854015,0.307692,1,1.331051,-0.270526,0.624057,0.581818,0.197080,0.542373,55,137
37,Restinga da Barra,Outono,1/6,I_15min,82.377141,3.575969,78.459885,8.017410,0.000000,0.012048,0.000000,1.000000,1.000000,0.336000,0.023810,0.012048,0.500000,0.928571,0.939759,0.333333,9,124.968755,-0.218421,8.408621,0.641026,0.311688,0.510204,42,83
37,Restinga da Barra,Outono,1/2,I_30min,62.200770,3.250484,61.364631,7.224359,0.000000,0.012048,0.000000,1.000000,1.000000,0.336000,0.023810,0.012048,0.500000,0.928571,0.903614,0.342105,9,139.889145,-0.270526,14.542791,0.461538,0.142857,0.620690,42,83
37,Restinga da Barra,Outono,1,I_1h,48.043703,2.615605,41.399922,5.009267,0.000000,0.012048,0.000000,1.000000,1.000000,0.336000,0.023810,0.012048,0.500000,0.928571,0.903614,0.342105,9,100.129168,-0.270526,7.906520,0.512821,0.168831,0.606061,42,83
37,Restinga da Barra,Outono,2,I_2h,31.246215,2.156571,25.159818,3.433856,0.000000,0.012048,0.000000,1.000000,0.987952,0.338710,0.000000,0.012048,0.000000,0.928571,0.927711,0.336207,5,8.679246,-1.000000,7.061476,0.564103,0.197531,0.578947,42,83
37,Restinga da Barra,Outono,3,I_3h,22.248269,1.953383,21.445467,2.675680,0.000000,0.012048,0.000000,1.000000,0.987952,0.338710,0.000000,0.012048,0.000000,0.928571,0.867470,0.351351,10,5.626634,-0.322632,5.787640,0.512821,0.168831,0.606061,42,83
37,Restinga da Barra,Outono,6,I_6h,16.596733,1.583744,14.232539,1.605298,0.000000,0.012048,0.000000,1.000000,0.891566,0.362069,0.000000,0.012048,0.000000,0.928571,0.855422,0.354545,9,3.438091,-0.166316,2.234938,0.615385,0.220779,0.585366,42,83
37,Restinga da Barra,Outono,8,I_8h,15.087124,1.200000,12.410485,1.253565,0.000000,0.012048,0.000000,1.000000,0.915663,0.355932,0.000000,0.012048,0.000000,0.928571,0.867470,0.351351,9,12.364603,-0.270526,1.807915,0.538462,0.168831,0.617647,42,83
37,Restinga da Barra,Outono,10,I_10h,12.642610,0.960000,10.194268,1.113901,0.000000,0.012048,0.000000,1.000000,0.915663,0.355932,0.000000,0.012048,0.000000,0.928571,0.807229,0.367925,9,16.701181,-0.270526,1.312062,0.564103,0.155844,0.647059,42,83
37,Restinga da Barra,Outono,12,I_12h,10.775119,0.816667,8.844872,0.985407,0.000000,0.012048,0.000000,1.000000,0.939759,0.350000,0.000000,0.012048,0.000000,0.928571,0.746988,0.386139,9,10.015092,-0.218421,1.020829,0.564103,0.155844,0.647059,42,83
37,Restinga da Barra,Outono,24,I_24h,5.923009,0.416667,5.570193,0.493894,0.000000,0.012346,0.000000,1.000000,1.000000,0.341463,0.000000,0.012346,0.000000,0.928571,0.765432,0.386139,9,6.912168,-0.270526,0.589458,0.589744,0.146667,0.676471,42,81
37,Restinga da Barra,Inverno,1/6,I_15min,78.400000,6.720200,67.648000,7.356996,0.000000,0.023256,0.000000,1.000000,0.837209,0.307692,0.000000,0.023256,0.000000,0.937500,0.790698,0.306122,1,51.240517,-0.166316,2.304939,0.250000,0.023256,0.800000,16,43
37,Restinga da Barra,Inverno,1/2,I_30min,41.200000,5.854466,36.328000,6.046700,0.000000,0.023256,0.000000,1.000000,0.790698,0.320000,0.000000,0.023256,0.000000,0.937500,0.744186,0.319149,1,31.351912,-0.114211,0.221545,0.250000,0.023256,0.800000,16,43
37,Restinga da Barra,Inverno,1,I_1h,20.800000,3.644748,19.540000,4.102729,0.000000,0.023256,0.000000,1.000000,0.906977,0.290909,0.000000,0.023256,0.000000,0.937500,0.813953,0.300000,1,23.003303,-0.114211,0.000000,0.312500,0.023256,0.833333,16,43
37,Restinga da Barra,Inverno,2,I_2h,10.544668,2.101809,10.483907,2.530841,0.000000,0.023256,0.000000,1.000000,0.953488,0.280702,0.000000,0.023256,0.000000,0.937500,0.883721,0.283019,5,10.949150,-0.322632,2.977411,0.562500,0.139535,0.600000,16,43
37,Restinga da Barra,Inverno,3,I_3h,8.225429,1.768009,8.003403,2.033544,0.000000,0.023256,0.000000,1.000000,0.953488,0.280702,0.000000,0.023256,0.000000,0.937500,0.906977,0.277778,5,21.489317,-0.531053,2.757700,0.562500,0.139535,0.600000,16,43
37,Restinga da Barra,Inverno,6,I_6h,4.911467,1.130772,4.775842,1.153817,0.000000,0.023256,0.000000,1.000000,0.953488,0.280702,0.000000,0.023256,0.000000,0.937500,0.953488,0.267857,5,1.836862,-0.635263,2.398795,0.500000,0.093023,0.666667,16,43
37,Restinga da Barra,Inverno,8,I_8h,3.756609,0.876066,3.746265,0.992959,0.000000,0.023256,0.000000,1.000000,1.000000,0.271186,0.000000,0.023256,0.000000,0.937500,0.953488,0.267857,2,1.125826,-0.531053,1.950059,0.437500,0.069767,0.700000,16,43
37,Restinga da Barra,Inverno,10,I_10h,3.055305,0.800605,3.040726,0.819305,0.000000,0.023256,0.000000,1.000000,0.976744,0.275862,0.000000,0.023256,0.000000,0.937500,0.976744,0.263158,5,2.220816,-0.687368,1.176802,0.625000,0.162791,0.588235,16,43
37,Restinga da Barra,Inverno,12,I_12h,2.566686,0.687949,2.546819,0.758823,0.000000,0.023256,0.000000,1.000000,0.976744,0.275862,0.062500,0.023256,0.500000,0.937500,0.953488,0.267857,2,4.809960,-0.947895,1.190089,0.437500,0.046512,0.777778,16,43
37,Restinga da Barra,Inverno,24,I_24h,1.502272,0.457693,1.461582,0.501923,0.062500,0.023810,0.500000,1.000000,0.904762,0.296296,0.062500,0.023810,0.500000,0.937500,0.738095,0.326087,2,2.474396,-0.947895,0.595675,0.500000,0.047619,0.800000,16,42
37,Restinga da Barra,Primavera,1/6,I_15min,76.000000,4.375583,68.960000,5.933701,0.000000,0.011236,0.000000,1.000000,0.943820,0.236364,0.000000,0.011236,0.000000,0.923077,0.887640,0.233010,1,128.395162,-0.947895,0.379647,0.615385,0.292135,0.380952,26,89
37,Restinga da Barra,Primavera,1/2,I_30min,67.200000,3.696632,59.808000,4.400000,0.000000,0.011236,0.000000,1.000000,0.921348,0.240741,0.000000,0.011236,0.000000,0.923077,0.921348,0.226415,1,69.182423,-1.000000,5.508272,0.615385,0.280899,0.390244,26,89
37,Restinga da Barra,Primavera,1,I_1h,41.600000,2.800000,31.040000,3.037736,0.000000,0.011236,0.000000,1.000000,0.955056,0.234234,0.000000,0.011236,0.000000,0.923077,0.932584,0.224299,1,35.361305,-0.947895,4.742136,0.538462,0.224719,0.411765,26,89
37,Restinga da Barra,Primavera,2,I_2h,20.900000,1.900000,17.909181,2.219081,0.000000,0.011236,0.000000,1.000000,0.966292,0.232143,0.000000,0.011236,0.000000,0.923077,0.932584,0.224299,1,5.553309,-0.739474,3.870309,0.692308,0.292135,0.409091,26,89
37,Restinga da Barra,Primavera,3,I_3h,13.933333,1.666667,12.680368,1.784396,0.000000,0.011236,0.000000,1.000000,0.943820,0.236364,0.000000,0.011236,0.000000,0.923077,0.943820,0.222222,1,4.932706,-0.843684,3.711192,0.538462,0.168539,0.482759,26,89
37,Restinga da Barra,Primavera,6,I_6h,6.966667,1.071895,6.685343,1.142395,0.038462,0.011236,0.500000,1.000000,0.966292,0.232143,0.038462,0.011236,0.500000,0.923077,0.955056,0.220183,1,3.523128,-0.114211,3.126498,0.230769,0.011236,0.857143,26,89
37,Restinga da Barra,Primavera,8,I_8h,5.225000,0.850210,5.014007,0.961159,0.038462,0.011236,0.500000,1.000000,0.966292,0.232143,0.038462,0.011236,0.500000,0.923077,0.955056,0.220183,2,11.139843,-0.635263,2.516440,0.307692,0.022472,0.800000,26,89
37,Restinga da Barra,Primavera,10,I_10h,4.180000,0.737983,4.011206,0.836287,0.038462,0.011236,0.500000,1.000000,0.955056,0.234234,0.076923,0.011236,0.666667,0.923077,0.955056,0.220183,1,1.274127,-0.635263,2.024423,0.384615,0.044944,0.714286,26,89
37,Restinga da Barra,Primavera,12,I_12h,3.483333,0.716667,3.342671,0.841486,0.076923,0.011236,0.666667,1.000000,0.955056,0.234234,0.115385,0.011236,0.750000,0.923077,0.932584,0.224299,2,1.102047,-0.583158,1.667166,0.423077,0.089888,0.578947,26,89
37,Restinga da Barra,Primavera,24,I_24h,1.741667,0.458333,1.676930,0.468777,0.160000,0.012195,0.800000,1.000000,0.914634,0.250000,0.160000,0.012195,0.800000,0.920000,0.865854,0.244681,1,0.398902,-0.374737,0.882133,0.440000,0.085366,0.611111,25,82
38,Micro bacia do Rio Muzema,Verao,1/6,I_15min,120.800000,8.000000,99.392000,8.880000,0.000000,0.007407,0.000000,1.000000,0.881481,0.024590,0.000000,0.014815,0.000000,0.666667,0.851852,0.017094,1,58.359184,-0.478947,16.065306,0.666667,0.266667,0.052632,3,135
38,Micro bacia do Rio Muzema,Verao,1/2,I_30min,94.400000,6.400000,85.000000,6.960000,0.000000,0.007407,0.000000,1.000000,0.881481,0.024590,0.000000,0.014815,0.000000,0.666667,0.866667,0.016807,1,41.975510,-0.531053,11.657143,0.666667,0.318519,0.044444,3,135
38,Micro bacia do Rio Muzema,Verao,1,I_1h,69.400000,4.200000,60.328000,4.820000,0.000000,0.007407,0.000000,1.000000,0.918519,0.023622,0.000000,0.014815,0.000000,0.666667,0.896296,0.016260,1,31.695510,-0.843684,10.263265,0.666667,0.274074,0.051282,3,135
38,Micro bacia do Rio Muzema,Verao,2,I_2h,43.400000,2.200000,31.662000,2.530000,0.000000,0.007407,0.000000,1.000000,0.985185,0.022059,0.000000,0.014815,0.000000,0.666667,0.948148,0.015385,1,16.998980,-0.583158,5.314286,0.666667,0.288889,0.048780,3,135
38,Micro bacia do Rio Muzema,Verao,3,I_3h,31.000000,1.800000,23.345333,1.986667,0.000000,0.007407,0.000000,1.000000,0.985185,0.022059,0.000000,0.014815,0.000000,0.666667,0.940741,0.015504,1,13.251701,-0.531053,3.627211,0.666667,0.296296,0.047619,3,135
38,Micro bacia do Rio Muzema,Verao,6,I_6h,17.033333,1.200000,14.515333,1.283333,0.000000,0.007407,0.000000,1.000000,0.977778,0.022222,0.000000,0.014815,0.000000,0.666667,0.962963,0.015152,1,5.806667,-0.583158,1.945578,0.666667,0.333333,0.042553,3,135
38,Micro bacia do Rio Muzema,Verao,8,I_8h,13.125000,1.125000,11.521500,1.185000,0.000000,0.007407,0.000000,1.000000,0.970370,0.022388,0.000000,0.014815,0.000000,0.666667,0.955556,0.015267,1,5.488929,-0.791579,1.610714,0.666667,0.340741,0.041667,3,135
38,Micro bacia do Rio Muzema,Verao,10,I_10h,10.860000,1.160000,9.493200,1.182000,0.000000,0.007407,0.000000,1.000000,0.792593,0.027273,0.000000,0.014815,0.000000,0.666667,0.777778,0.018692,1,6.720000,-0.426842,0.554082,0.666667,0.303704,0.046512,3,135
38,Micro bacia do Rio Muzema,Verao,12,I_12h,9.050000,1.016667,7.911000,1.030000,0.000000,0.007407,0.000000,1.000000,0.770370,0.028037,0.000000,0.014815,0.000000,0.666667,0.770370,0.018868,1,5.683980,-0.426842,0.440476,0.666667,0.303704,0.046512,3,135
38,Micro bacia do Rio Muzema,Verao,24,I_24h,4.800000,0.716667,4.068750,0.740000,0.000000,0.007937,0.000000,1.000000,0.650794,0.035294,0.000000,0.015873,0.000000,0.666667,0.619048,0.025000,1,2.385714,-0.895789,0.919218,0.666667,0.214286,0.068966,3,126
38,Micro bacia do Rio Muzema,Outono,1/6,I_15min,95.200000,16.800000,88.336000,16.960000,0.000000,0.014925,0.000000,1.000000,0.492537,0.083333,0.000000,0.014925,0.000000,0.666667,0.477612,0.058824,1,60.945306,-0.062105,16.734694,0.333333,0.029851,0.333333,3,67
38,Micro bacia do Rio Muzema,Outono,1/2,I_30min,62.000000,15.600000,61.208000,15.640000,0.000000,0.014925,0.000000,1.000000,0.417910,0.096774,0.000000,0.014925,0.000000,0.666667,0.417910,0.066667,6,43.371429,-0.895789,15.208163,0.333333,0.258065,0.058824,3,67
38,Micro bacia do Rio Muzema,Outono,1,I_1h,44.000000,8.400000,43.208000,8.480000,0.000000,0.014925,0.000000,1.000000,0.611940,0.068182,0.000000,0.014925,0.000000,0.666667,0.567164,0.050000,6,26.493878,-1.000000,8.918367,0.333333,0.338710,0.045455,3,67
38,Micro bacia do Rio Muzema,Outono,2,I_2h,26.100000,4.300000,24.912000,4.380000,0.000000,0.014925,0.000000,1.000000,0.716418,0.058824,0.000000,0.014925,0.000000,0.666667,0.701493,0.040816,6,1.709388,-0.322632,4.695918,0.666667,0.548387,0.055556,3,67
38,Micro bacia do Rio Muzema,Outono,3,I_3h,19.266667,2.933333,18.518667,2.980000,0.000000,0.014925,0.000000,1.000000,0.791045,0.053571,0.000000,0.014925,0.000000,0.666667,0.776119,0.037037,6,1.139592,-0.322632,3.130612,0.666667,0.580645,0.052632,3,67
38,Micro bacia do Rio Muzema,Outono,6,I_6h,13.033333,1.533333,10.591333,1.553333,0.000000,0.014925,0.000000,1.000000,0.925373,0.046154,0.000000,0.014925,0.000000,0.666667,0.910448,0.031746,6,0.579048,-0.531053,1.673469,0.666667,0.709677,0.043478,3,67
38,Micro bacia do Rio Muzema,Outono,8,I_8h,11.475000,1.150000,9.462000,1.167500,0.000000,0.014925,0.000000,1.000000,0.955224,0.044776,0.000000,0.014925,0.000000,0.666667,0.940299,0.030769,6,0.335255,-0.583158,1.296429,0.666667,0.741935,0.041667,3,67
38,Micro bacia do Rio Muzema,Outono,10,I_10h,9.760000,0.920000,7.832800,0.934000,0.000000,0.014925,0.000000,1.000000,0.955224,0.044776,0.000000,0.014925,0.000000,0.666667,0.955224,0.030303,6,0.268204,-0.583158,1.037143,0.666667,0.774194,0.040000,3,67
38,Micro bacia do Rio Muzema,Outono,12,I_12h,8.233333,0.800000,6.561333,0.808333,0.000000,0.014925,0.000000,1.000000,0.955224,0.044776,0.000000,0.014925,0.000000,0.666667,0.940299,0.030769,6,2.995918,-0.478947,0.535034,0.333333,0.532258,0.029412,3,67
38,Micro bacia do Rio Muzema,Outono,24,I_24h,4.450000,0.458333,3.636250,0.482500,0.000000,0.015625,0.000000,1.000000,0.921875,0.048387,0.000000,0.015625,0.000000,0.666667,0.843750,0.035714,1,1.895918,-0.114211,0.688435,0.333333,0.109375,0.125000,3,64
38,Micro bacia do Rio Muzema,Inverno,1/6,I_15min,,,,,,,,,,,,,,,,,0,,,,,,,0,21
38,Micro bacia do Rio Muzema,Inverno,1/2,I_30min,,,,,,,,,,,,,,,,,0,,,,,,,0,21
38,Micro bacia do Rio Muzema,Inverno,1,I_1h,,,,,,,,,,,,,,,,,0,,,,,,,0,21
38,Micro bacia do Rio Muzema,Inverno,2,I_2h,,,,,,,,,,,,,,,,,0,,,,,,,0,21
38,Micro bacia do Rio Muzema,Inverno,3,I_3h,,,,,,,,,,,,,,,,,0,,,,,,,0,21
38,Micro bacia do Rio Muzema,Inverno,6,I_6h,,,,,,,,,,,,,,,,,0,,,,,,,0,21
38,Micro bacia do Rio Muzema,Inverno,8,I_8h,,,,,,,,,,,,,,,,,0,,,,,,,0,21
38,Micro bacia do Rio Muzema,Inverno,10,I_10h,,,,,,,,,,,,,,,,,0,,,,,,,0,21
38,Micro bacia do Rio Muzema,Inverno,12,I_12h,,,,,,,,,,,,,,,,,0,,,,,,,0,21
38,Micro bacia do Rio Muzema,Inverno,24,I_24h,,,,,,,,,,,,,,,,,0,,,,,,,0,21
38,Micro bacia do Rio Muzema,Primavera,1/6,I_15min,,,,,,,,,,,,,,,,,0,,,,,,,1,61
38,Micro bacia do Rio Muzema,Primavera,1/2,I_30min,,,,,,,,,,,,,,,,,0,,,,,,,1,61
38,Micro bacia do Rio Muzema,Primavera,1,I_1h,,,,,,,,,,,,,,,,,0,,,,,,,1,61
38,Micro bacia do Rio Muzema,Primavera,2,I_2h,,,,,,,,,,,,,,,,,0,,,,,,,1,61
38,Micro bacia do Rio Muzema,Primavera,3,I_3h,,,,,,,,,,,,,,,,,0,,,,,,,1,61
38,Micro bacia do Rio Muzema,Primavera,6,I_6h,,,,,,,,,,,,,,,,,0,,,,,,,1,61
38,Micro bacia do Rio Muzema,Primavera,8,I_8h,,,,,,,,,,,,,,,,,0,,,,,,,1,61
38,Micro bacia do Rio Muzema,Primavera,10,I_10h,,,,,,,,,,,,,,,,,0,,,,,,,1,61
38,Micro bacia do Rio Muzema,Primavera,12,I_12h,,,,,,,,,,,,,,,,,0,,,,,,,1,61
38,Micro bacia do Rio Muzema,Primavera,24,I_24h,,,,,,,,,,,,,,,,,0,,,,,,,1,55
39,Sub bacia de São Conrado,Verao,1/6,I_15min,120.440565,8.010605,96.198304,14.283602,0.000000,0.005319,0.000000,1.000000,0.882979,0.112299,0.000000,0.010638,0.000000,0.952381,0.750000,0.124224,10,128.067561,-0.062105,12.573656,0.476190,0.244565,0.181818,21,188
39,Sub bacia de São Conrado,Verao,1/2,I_30min,94.114884,6.018559,83.378695,9.970900,0.000000,0.005319,0.000000,1.000000,0.888298,0.111702,0.000000,0.010638,0.000000,0.952381,0.792553,0.118343,2,100.896534,-0.218421,11.131124,0.476190,0.212766,0.200000,21,188
39,Sub bacia de São Conrado,Verao,1,I_1h,69.400000,4.426512,60.585775,6.728483,0.000000,0.005319,0.000000,1.000000,0.920213,0.108247,0.000000,0.010638,0.000000,0.952381,0.819149,0.114943,9,136.200000,-0.062105,12.822538,0.190476,0.038043,0.363636,21,188
39,Sub bacia de São Conrado,Verao,2,I_2h,43.400000,3.915245,32.357577,4.210912,0.000000,0.005319,0.000000,1.000000,0.872340,0.113514,0.000000,0.010638,0.000000,0.952381,0.840426,0.112360,10,38.418621,-0.062105,4.452766,0.523810,0.233696,0.203704,21,188
39,Sub bacia de São Conrado,Verao,3,I_3h,31.000000,3.031114,21.808714,3.273295,0.000000,0.005319,0.000000,1.000000,0.877660,0.112903,0.047619,0.010638,0.333333,0.952381,0.824468,0.114286,9,23.617100,-0.062105,6.946654,0.333333,0.076087,0.333333,21,188
39,Sub bacia de São Conrado,Verao,6,I_6h,16.000000,1.538183,13.719704,1.666667,0.000000,0.005319,0.000000,1.000000,0.946809,0.105528,0.047619,0.010638,0.333333,0.952381,0.925532,0.103093,9,23.271349,-0.062105,2.355665,0.380952,0.086957,0.333333,21,188
39,Sub bacia de São Conrado,Verao,8,I_8h,12.380718,1.153637,10.666089,1.250000,0.000000,0.005319,0.000000,1.000000,0.957447,0.104478,0.047619,0.010638,0.333333,0.952381,0.941489,0.101523,10,18.167203,-0.062105,1.645209,0.428571,0.097826,0.333333,21,188
39,Sub bacia de São Conrado,Verao,10,I_10h,10.951152,0.961455,8.551071,1.000000,0.000000,0.005319,0.000000,1.000000,0.968085,0.103448,0.047619,0.010638,0.333333,0.952381,0.968085,0.099010,9,12.706620,-0.062105,1.814498,0.428571,0.076087,0.391304,21,188
39,Sub bacia de São Conrado,Verao,12,I_12h,9.666876,0.801212,7.134347,0.833333,0.000000,0.005319,0.000000,1.000000,0.973404,0.102941,0.047619,0.010638,0.333333,0.952381,0.968085,0.099010,9,10.595899,-0.062105,1.526695,0.428571,0.076087,0.391304,21,188
39,Sub bacia de São Conrado,Verao,24,I_24h,6.852398,0.416667,4.187226,0.459494,0.000000,0.005556,0.000000,1.000000,1.000000,0.104478,0.047619,0.011111,0.333333,0.952381,0.927778,0.106952,10,3.352519,-0.062105,0.872263,0.476190,0.129944,0.303030,21,180
39,Sub bacia de São Conrado,Outono,1/6,I_15min,96.000000,6.865132,80.763517,6.959444,0.000000,0.009804,0.000000,1.000000,0.931373,0.166667,0.000000,0.019608,0.000000,0.947368,0.931373,0.159292,5,130.530265,-0.062105,3.751909,0.526316,0.113402,0.476190,19,102
39,Sub bacia de São Conrado,Outono,1/2,I_30min,77.600000,5.510088,68.056066,6.342937,0.000000,0.009804,0.000000,1.000000,0.941176,0.165217,0.000000,0.019608,0.000000,0.947368,0.901961,0.163636,9,103.240328,-0.062105,5.792696,0.526316,0.095745,0.526316,19,102
39,Sub bacia de São Conrado,Outono,1,I_1h,54.761548,4.407259,46.772000,4.430035,0.000000,0.009804,0.000000,1.000000,0.901961,0.171171,0.000000,0.019608,0.000000,0.947368,0.901961,0.163636,6,116.301656,-0.166316,12.727997,0.368421,0.052083,0.583333,19,102
39,Sub bacia de São Conrado,Outono,2,I_2h,36.229875,3.139008,27.085881,3.327865,0.000000,0.009804,0.000000,1.000000,0.921569,0.168142,0.157895,0.019608,0.600000,0.947368,0.911765,0.162162,5,44.381631,-0.114211,5.069475,0.578947,0.092784,0.550000,19,102
39,Sub bacia de São Conrado,Outono,3,I_3h,25.482325,2.734905,20.582300,2.735826,0.052632,0.009804,0.500000,1.000000,0.892157,0.172727,0.157895,0.019608,0.600000,0.947368,0.892157,0.165138,6,16.875002,-0.114211,4.078807,0.578947,0.093750,0.550000,19,102
39,Sub bacia de São Conrado,Outono,6,I_6h,17.947779,1.533333,12.841445,1.685168,0.000000,0.009804,0.000000,1.000000,0.911765,0.169643,0.157895,0.019608,0.600000,0.947368,0.872549,0.168224,5,18.207008,-0.114211,1.989202,0.578947,0.134021,0.458333,19,102
39,Sub bacia de São Conrado,Outono,8,I_8h,14.297241,1.175000,10.014691,1.422500,0.000000,0.009804,0.000000,1.000000,0.941176,0.165217,0.157895,0.019608,0.600000,0.947368,0.803922,0.180000,9,9.467301,-0.062105,1.388296,0.578947,0.117021,0.500000,19,102
39,Sub bacia de São Conrado,Outono,10,I_10h,12.438860,0.940000,8.641236,1.138000,0.000000,0.009804,0.000000,1.000000,0.960784,0.162393,0.052632,0.019608,0.333333,0.947368,0.813725,0.178218,7,7.886524,-0.010000,0.132220,0.263158,0.010417,0.833333,19,102
39,Sub bacia de São Conrado,Outono,12,I_12h,10.782214,0.783333,7.201030,0.948333,0.000000,0.009804,0.000000,1.000000,0.970588,0.161017,0.052632,0.019608,0.333333,0.947368,0.852941,0.171429,6,6.574416,-0.010000,0.111409,0.263158,0.010417,0.833333,19,102
39,Sub bacia de São Conrado,Outono,24,I_24h,5.843190,0.483333,4.088713,0.498333,0.000000,0.010204,0.000000,1.000000,0.887755,0.179245,0.052632,0.010204,0.500000,0.947368,0.887755,0.171429,6,2.294115,-0.062105,0.716401,0.526316,0.119565,0.476190,19,98
39,Sub bacia de São Conrado,Inverno,1/6,I_15min,56.000000,5.608265,54.432000,5.922987,0.000000,0.020000,0.000000,1.000000,0.860000,0.104167,0.000000,0.020000,0.000000,0.800000,0.860000,0.085106,2,62.825790,-0.166316,2.296321,0.400000,0.180000,0.181818,5,50
39,Sub bacia de São Conrado,Inverno,1/2,I_30min,38.800000,4.635365,33.116000,4.815192,0.000000,0.020000,0.000000,1.000000,0.880000,0.102041,0.000000,0.020000,0.000000,0.800000,0.860000,0.085106,1,10.063091,-0.583158,5.421841,0.800000,0.420000,0.160000,5,50
39,Sub bacia de São Conrado,Inverno,1,I_1h,20.400000,3.759931,17.845000,3.760306,0.000000,0.020000,0.000000,1.000000,0.840000,0.106383,0.000000,0.020000,0.000000,0.800000,0.840000,0.086957,2,13.125843,-0.062105,1.347806,0.400000,0.100000,0.285714,5,50
39,Sub bacia de São Conrado,Inverno,2,I_2h,11.600000,2.420130,11.107301,2.518399,0.000000,0.020000,0.000000,1.000000,0.920000,0.098039,0.000000,0.020000,0.000000,0.800000,0.880000,0.083333,1,6.287012,-0.270526,2.601826,0.600000,0.200000,0.230769,5,50
39,Sub bacia de São Conrado,Inverno,3,I_3h,7.733333,2.320275,7.670235,2.323282,0.000000,0.020000,0.000000,1.000000,0.740000,0.119048,0.000000,0.020000,0.000000,0.800000,0.740000,0.097561,1,3.400169,-0.010000,3.898395,0.200000,0.040000,0.333333,5,50
39,Sub bacia de São Conrado,Inverno,6,I_6h,4.515991,1.528987,4.514690,1.529331,0.000000,0.020000,0.000000,1.000000,0.820000,0.108696,0.000000,0.020000,0.000000,0.800000,0.820000,0.088889,2,2.021957,-0.166316,1.368000,0.800000,0.300000,0.210526,5,50
39,Sub bacia de São Conrado,Inverno,8,I_8h,3.644730,1.256332,3.586262,1.257156,0.000000,0.020000,0.000000,1.000000,0.800000,0.111111,0.000000,0.020000,0.000000,0.800000,0.800000,0.090909,1,1.332040,-0.010000,1.864707,0.200000,0.040000,0.333333,5,50
39,Sub bacia de São Conrado,Inverno,10,I_10h,3.129984,1.047072,2.986425,1.057158,0.000000,0.020000,0.000000,1.000000,0.820000,0.108696,0.000000,0.020000,0.000000,0.800000,0.800000,0.090909,1,1.577347,-0.218421,1.012698,0.600000,0.220000,0.214286,5,50
39,Sub bacia de São Conrado,Inverno,12,I_12h,2.677633,0.892431,2.567690,0.906040,0.000000,0.020000,0.000000,1.000000,0.860000,0.104167,0.000000,0.020000,0.000000,0.800000,0.820000,0.088889,1,1.864286,-0.062105,0.249219,0.600000,0.140000,0.300000,5,50
39,Sub bacia de São Conrado,Inverno,24,I_24h,1.436641,0.446215,1.412204,0.496362,0.000000,0.020833,0.000000,1.000000,0.937500,0.100000,0.000000,0.020833,0.000000,0.800000,0.770833,0.097561,1,0.436735,-0.270526,0.682131,0.600000,0.145833,0.300000,5,48
39,Sub bacia de São Conrado,Primavera,1/6,I_15min,72.000000,4.579289,69.454646,4.700680,0.083333,0.008929,0.500000,1.000000,0.964286,0.100000,0.083333,0.017857,0.333333,0.916667,0.955357,0.093220,1,97.518367,-0.374737,9.614809,0.583333,0.151786,0.291667,12,112
39,Sub bacia de São Conrado,Primavera,1/2,I_30min,67.200000,3.600000,53.991326,3.790344,0.000000,0.008929,0.000000,1.000000,0.973214,0.099174,0.083333,0.017857,0.333333,0.916667,0.964286,0.092437,6,78.112745,-0.062105,14.307416,0.250000,0.017857,0.600000,12,112
39,Sub bacia de São Conrado,Primavera,1,I_1h,50.826540,2.400000,41.224950,2.809755,0.000000,0.008929,0.000000,1.000000,0.973214,0.099174,0.083333,0.017857,0.333333,0.916667,0.973214,0.091667,6,56.377286,-0.062105,7.189717,0.250000,0.026786,0.500000,12,112
39,Sub bacia de São Conrado,Primavera,2,I_2h,31.213626,2.000000,20.876453,2.274031,0.000000,0.008929,0.000000,1.000000,0.973214,0.099174,0.083333,0.017857,0.333333,0.916667,0.964286,0.092437,1,16.150465,-0.218421,5.113674,0.416667,0.062500,0.416667,12,112
39,Sub bacia de São Conrado,Primavera,3,I_3h,21.720145,1.800000,13.978809,2.019295,0.000000,0.008929,0.000000,1.000000,0.973214,0.099174,0.083333,0.017857,0.333333,0.916667,0.955357,0.093220,1,11.565216,-0.218421,4.441741,0.333333,0.035714,0.500000,12,112
39,Sub bacia de São Conrado,Primavera,6,I_6h,10.886911,1.565919,7.728462,1.566330,0.000000,0.008929,0.000000,1.000000,0.919643,0.104348,0.166667,0.017857,0.500000,0.916667,0.919643,0.096491,1,4.966179,-0.114211,2.715724,0.333333,0.026786,0.571429,12,112
39,Sub bacia de São Conrado,Primavera,8,I_8h,8.165183,1.199680,6.014701,1.248617,0.000000,0.008929,0.000000,1.000000,0.928571,0.103448,0.166667,0.017857,0.500000,0.916667,0.928571,0.095652,1,12.646023,-0.374737,0.100163,0.750000,0.241071,0.250000,12,112
39,Sub bacia de São Conrado,Primavera,10,I_10h,6.532147,1.030925,5.312378,1.090617,0.000000,0.008929,0.000000,1.000000,0.910714,0.105263,0.166667,0.017857,0.500000,0.916667,0.866071,0.101852,1,6.551097,-0.270526,0.000000,0.750000,0.205357,0.281250,12,112
39,Sub bacia de São Conrado,Primavera,12,I_12h,5.443456,0.859104,4.559644,0.991597,0.000000,0.008929,0.000000,1.000000,0.937500,0.102564,0.166667,0.017857,0.500000,0.916667,0.794643,0.110000,1,8.338111,-0.322632,0.000000,0.750000,0.160714,0.333333,12,112
39,Sub bacia de São Conrado,Primavera,24,I_24h,2.721728,0.499734,2.436108,0.546722,0.083333,0.009804,0.500000,1.000000,0.882353,0.117647,0.083333,0.019608,0.333333,0.916667,0.745098,0.126437,1,2.105324,-0.270526,0.297011,0.750000,0.176471,0.333333,12,102
40,Micro bacia do Vidigal,Verao,1/6,I_15min,,,,,,,,,,,,,,,,,0,,,,,,,0,149
40,Micro bacia do Vidigal,Verao,1/2,I_30min,,,,,,,,,,,,,,,,,0,,,,,,,0,149
40,Micro bacia do Vidigal,Verao,1,I_1h,,,,,,,,,,,,,,,,,0,,,,,,,0,149
40,Micro bacia do Vidigal,Verao,2,I_2h,,,,,,,,,,,,,,,,,0,,,,,,,0,149
40,Micro bacia do Vidigal,Verao,3,I_3h,,,,,,,,,,,,,,,,,0,,,,,,,0,149
40,Micro bacia do Vidigal,Verao,6,I_6h,,,,,,,,,,,,,,,,,0,,,,,,,0,149
40,Micro bacia do Vidigal,Verao,8,I_8h,,,,,,,,,,,,,,,,,0,,,,,,,0,149
40,Micro bacia do Vidigal,Verao,10,I_10h,,,,,,,,,,,,,,,,,0,,,,,,,0,149
40,Micro bacia do Vidigal,Verao,12,I_12h,,,,,,,,,,,,,,,,,0,,,,,,,0,149
40,Micro bacia do Vidigal,Verao,24,I_24h,,,,,,,,,,,,,,,,,0,,,,,,,0,143
40,Micro bacia do Vidigal,Outono,1/6,I_15min,,,,,,,,,,,,,,,,,0,,,,,,,1,98
40,Micro bacia do Vidigal,Outono,1/2,I_30min,,,,,,,,,,,,,,,,,0,,,,,,,1,98
40,Micro bacia do Vidigal,Outono,1,I_1h,,,,,,,,,,,,,,,,,0,,,,,,,1,98
40,Micro bacia do Vidigal,Outono,2,I_2h,,,,,,,,,,,,,,,,,0,,,,,,,1,98
40,Micro bacia do Vidigal,Outono,3,I_3h,,,,,,,,,,,,,,,,,0,,,,,,,1,98
40,Micro bacia do Vidigal,Outono,6,I_6h,,,,,,,,,,,,,,,,,0,,,,,,,1,98
40,Micro bacia do Vidigal,Outono,8,I_8h,,,,,,,,,,,,,,,,,0,,,,,,,1,98
40,Micro bacia do Vidigal,Outono,10,I_10h,,,,,,,,,,,,,,,,,0,,,,,,,1,98
40,Micro bacia do Vidigal,Outono,12,I_12h,,,,,,,,,,,,,,,,,0,,,,,,,1,98
40,Micro bacia do Vidigal,Outono,24,I_24h,,,,,,,,,,,,,,,,,0,,,,,,,1,95
40,Micro bacia do Vidigal,Inverno,1/6,I_15min,,,,,,,,,,,,,,,,,0,,,,,,,0,39
40,Micro bacia do Vidigal,Inverno,1/2,I_30min,,,,,,,,,,,,,,,,,0,,,,,,,0,39
40,Micro bacia do Vidigal,Inverno,1,I_1h,,,,,,,,,,,,,,,,,0,,,,,,,0,39
40,Micro bacia do Vidigal,Inverno,2,I_2h,,,,,,,,,,,,,,,,,0,,,,,,,0,39
40,Micro bacia do Vidigal,Inverno,3,I_3h,,,,,,,,,,,,,,,,,0,,,,,,,0,39
40,Micro bacia do Vidigal,Inverno,6,I_6h,,,,,,,,,,,,,,,,,0,,,,,,,0,39
40,Micro bacia do Vidigal,Inverno,8,I_8h,,,,,,,,,,,,,,,,,0,,,,,,,0,39
40,Micro bacia do Vidigal,Inverno,10,I_10h,,,,,,,,,,,,,,,,,0,,,,,,,0,39
40,Micro bacia do Vidigal,Inverno,12,I_12h,,,,,,,,,,,,,,,,,0,,,,,,,0,39
40,Micro bacia do Vidigal,Inverno,24,I_24h,,,,,,,,,,,,,,,,,0,,,,,,,0,39
40,Micro bacia do Vidigal,Primavera,1/6,I_15min,,,,,,,,,,,,,,,,,0,,,,,,,1,93
40,Micro bacia do Vidigal,Primavera,1/2,I_30min,,,,,,,,,,,,,,,,,0,,,,,,,1,93
40,Micro bacia do Vidigal,Primavera,1,I_1h,,,,,,,,,,,,,,,,,0,,,,,,,1,93
40,Micro bacia do Vidigal,Primavera,2,I_2h,,,,,,,,,,,,,,,,,0,,,,,,,1,93
40,Micro bacia do Vidigal,Primavera,3,I_3h,,,,,,,,,,,,,,,,,0,,,,,,,1,93
40,Micro bacia do Vidigal,Primavera,6,I_6h,,,,,,,,,,,,,,,,,0,,,,,,,1,93
40,Micro bacia do Vidigal,Primavera,8,I_8h,,,,,,,,,,,,,,,,,0,,,,,,,1,93
40,Micro bacia do Vidigal,Primavera,10,I_10h,,,,,,,,,,,,,,,,,0,,,,,,,1,93
40,Micro bacia do Vidigal,Primavera,12,I_12h,,,,,,,,,,,,,,,,,0,,,,,,,1,93
40,Micro bacia do Vidigal,Primavera,24,I_24h,,,,,,,,,,,,,,,,,0,,,,,,,1,85
41,Micro bacia do Rio da Barra,Verao,1/6,I_15min,,,,,,,,,,,,,,,,,0,,,,,,,0,138
41,Micro bacia do Rio da Barra,Verao,1/2,I_30min,,,,,,,,,,,,,,,,,0,,,,,,,0,138
41,Micro bacia do Rio da Barra,Verao,1,I_1h,,,,,,,,,,,,,,,,,0,,,,,,,0,138
41,Micro bacia do Rio da Barra,Verao,2,I_2h,,,,,,,,,,,,,,,,,0,,,,,,,0,138
41,Micro bacia do Rio da Barra,Verao,3,I_3h,,,,,,,,,,,,,,,,,0,,,,,,,0,138
41,Micro bacia do Rio da Barra,Verao,6,I_6h,,,,,,,,,,,,,,,,,0,,,,,,,0,138
41,Micro bacia do Rio da Barra,Verao,8,I_8h,,,,,,,,,,,,,,,,,0,,,,,,,0,138
41,Micro bacia do Rio da Barra,Verao,10,I_10h,,,,,,,,,,,,,,,,,0,,,,,,,0,138
41,Micro bacia do Rio da Barra,Verao,12,I_12h,,,,,,,,,,,,,,,,,0,,,,,,,0,138
41,Micro bacia do Rio da Barra,Verao,24,I_24h,,,,,,,,,,,,,,,,,0,,,,,,,0,129
41,Micro bacia do Rio da Barra,Outono,1/6,I_15min,95.200000,21.600000,88.440000,21.960000,0.000000,0.015152,0.000000,1.000000,0.363636,0.142857,0.000000,0.015152,0.000000,0.750000,0.333333,0.120000,2,94.481633,-0.218421,9.926531,0.500000,0.078125,0.285714,4,66
41,Micro bacia do Rio da Barra,Outono,1/2,I_30min,62.000000,16.400000,61.220000,17.000000,0.000000,0.015152,0.000000,1.000000,0.378788,0.137931,0.000000,0.015152,0.000000,0.750000,0.363636,0.111111,9,82.956735,-0.062105,8.669388,0.250000,0.016949,0.500000,4,66
41,Micro bacia do Rio da Barra,Outono,1,I_1h,44.000000,9.200000,43.220000,10.040000,0.000000,0.015152,0.000000,1.000000,0.515152,0.105263,0.000000,0.015152,0.000000,0.750000,0.424242,0.096774,6,21.937143,-0.635263,13.714286,0.750000,0.163934,0.230769,4,66
41,Micro bacia do Rio da Barra,Outono,2,I_2h,26.100000,5.100000,24.930000,5.655000,0.000000,0.015152,0.000000,1.000000,0.560606,0.097561,0.000000,0.015152,0.000000,0.750000,0.500000,0.083333,3,22.539592,-0.583158,7.340816,0.750000,0.145161,0.250000,4,66
41,Micro bacia do Rio da Barra,Outono,3,I_3h,19.266667,3.400000,18.530000,3.770000,0.000000,0.015152,0.000000,1.000000,0.681818,0.081633,0.000000,0.015152,0.000000,0.750000,0.590909,0.071429,1,21.852245,-0.062105,4.000907,0.250000,0.015152,0.500000,4,66
41,Micro bacia do Rio da Barra,Outono,6,I_6h,13.033333,1.733333,10.628333,1.923333,0.000000,0.015152,0.000000,1.000000,0.863636,0.065574,0.000000,0.015152,0.000000,0.750000,0.681818,0.062500,1,15.183673,-0.062105,1.243991,0.250000,0.015152,0.500000,4,66
41,Micro bacia do Rio da Barra,Outono,8,I_8h,11.475000,1.325000,9.492500,1.471250,0.000000,0.015152,0.000000,1.000000,0.878788,0.064516,0.000000,0.015152,0.000000,0.750000,0.742424,0.057692,1,13.863163,-0.062105,0.369898,0.250000,0.015152,0.500000,4,66
41,Micro bacia do Rio da Barra,Outono,10,I_10h,9.760000,1.060000,7.862000,1.204000,0.000000,0.015152,0.000000,1.000000,0.893939,0.063492,0.000000,0.015152,0.000000,0.750000,0.727273,0.058824,3,7.608939,-0.583158,1.889524,0.750000,0.161290,0.230769,4,66
41,Micro bacia do Rio da Barra,Outono,12,I_12h,8.233333,0.883333,6.586667,1.003333,0.000000,0.015152,0.000000,1.000000,0.924242,0.061538,0.000000,0.015152,0.000000,0.750000,0.757576,0.056604,3,8.163027,-0.687368,1.630839,0.750000,0.161290,0.230769,4,66
41,Micro bacia do Rio da Barra,Outono,24,I_24h,4.450000,0.458333,3.649167,0.515833,0.000000,0.015873,0.000000,1.000000,0.920635,0.064516,0.000000,0.015873,0.000000,0.750000,0.809524,0.055556,1,6.125000,-0.114211,1.217234,0.250000,0.015873,0.500000,4,63
41,Micro bacia do Rio da Barra,Inverno,1/6,I_15min,,,,,,,,,,,,,,,,,0,,,,,,,0,21
41,Micro bacia do Rio da Barra,Inverno,1/2,I_30min,,,,,,,,,,,,,,,,,0,,,,,,,0,21
41,Micro bacia do Rio da Barra,Inverno,1,I_1h,,,,,,,,,,,,,,,,,0,,,,,,,0,21
41,Micro bacia do Rio da Barra,Inverno,2,I_2h,,,,,,,,,,,,,,,,,0,,,,,,,0,21
41,Micro bacia do Rio da Barra,Inverno,3,I_3h,,,,,,,,,,,,,,,,,0,,,,,,,0,21
41,Micro bacia do Rio da Barra,Inverno,6,I_6h,,,,,,,,,,,,,,,,,0,,,,,,,0,21
41,Micro bacia do Rio da Barra,Inverno,8,I_8h,,,,,,,,,,,,,,,,,0,,,,,,,0,21
41,Micro bacia do Rio da Barra,Inverno,10,I_10h,,,,,,,,,,,,,,,,,0,,,,,,,0,21
41,Micro bacia do Rio da Barra,Inverno,12,I_12h,,,,,,,,,,,,,,,,,0,,,,,,,0,21
41,Micro bacia do Rio da Barra,Inverno,24,I_24h,,,,,,,,,,,,,,,,,0,,,,,,,0,21
41,Micro bacia do Rio da Barra,Primavera,1/6,I_15min,,,,,,,,,,,,,,,,,0,,,,,,,0,62
41,Micro bacia do Rio da Barra,Primavera,1/2,I_30min,,,,,,,,,,,,,,,,,0,,,,,,,0,62
41,Micro bacia do Rio da Barra,Primavera,1,I_1h,,,,,,,,,,,,,,,,,0,,,,,,,0,62
41,Micro bacia do Rio da Barra,Primavera,2,I_2h,,,,,,,,,,,,,,,,,0,,,,,,,0,62
41,Micro bacia do Rio da Barra,Primavera,3,I_3h,,,,,,,,,,,,,,,,,0,,,,,,,0,62
41,Micro bacia do Rio da Barra,Primavera,6,I_6h,,,,,,,,,,,,,,,,,0,,,,,,,0,62
41,Micro bacia do Rio da Barra,Primavera,8,I_8h,,,,,,,,,,,,,,,,,0,,,,,,,0,62
41,Micro bacia do Rio da Barra,Primavera,10,I_10h,,,,,,,,,,,,,,,,,0,,,,,,,0,62
41,Micro bacia do Rio da Barra,Primavera,12,I_12h,,,,,,,,,,,,,,,,,0,,,,,,,0,62
41,Micro bacia do Rio da Barra,Primavera,24,I_24h,,,,,,,,,,,,,,,,,0,,,,,,,0,56
42,Sub bacia de Grumari,Verao,1/6,I_15min,,,,,,,,,,,,,,,,,0,,,,,,,0,126
42,Sub bacia de Grumari,Verao,1/2,I_30min,,,,,,,,,,,,,,,,,0,,,,,,,0,126
42,Sub bacia de Grumari,Verao,1,I_1h,,,,,,,,,,,,,,,,,0,,,,,,,0,126
42,Sub bacia de Grumari,Verao,2,I_2h,,,,,,,,,,,,,,,,,0,,,,,,,0,126
42,Sub bacia de Grumari,Verao,3,I_3h,,,,,,,,,,,,,,,,,0,,,,,,,0,126
42,Sub bacia de Grumari,Verao,6,I_6h,,,,,,,,,,,,,,,,,0,,,,,,,0,126
42,Sub bacia de Grumari,Verao,8,I_8h,,,,,,,,,,,,,,,,,0,,,,,,,0,126
42,Sub bacia de Grumari,Verao,10,I_10h,,,,,,,,,,,,,,,,,0,,,,,,,0,126
42,Sub bacia de Grumari,Verao,12,I_12h,,,,,,,,,,,,,,,,,0,,,,,,,0,126
42,Sub bacia de Grumari,Verao,24,I_24h,,,,,,,,,,,,,,,,,0,,,,,,,0,121
42,Sub bacia de Grumari,Outono,1/6,I_15min,,,,,,,,,,,,,,,,,0,,,,,,,0,93
42,Sub bacia de Grumari,Outono,1/2,I_30min,,,,,,,,,,,,,,,,,0,,,,,,,0,93
42,Sub bacia de Grumari,Outono,1,I_1h,,,,,,,,,,,,,,,,,0,,,,,,,0,93
42,Sub bacia de Grumari,Outono,2,I_2h,,,,,,,,,,,,,,,,,0,,,,,,,0,93
42,Sub bacia de Grumari,Outono,3,I_3h,,,,,,,,,,,,,,,,,0,,,,,,,0,93
42,Sub bacia de Grumari,Outono,6,I_6h,,,,,,,,,,,,,,,,,0,,,,,,,0,93
42,Sub bacia de Grumari,Outono,8,I_8h,,,,,,,,,,,,,,,,,0,,,,,,,0,93
42,Sub bacia de Grumari,Outono,10,I_10h,,,,,,,,,,,,,,,,,0,,,,,,,0,93
42,Sub bacia de Grumari,Outono,12,I_12h,,,,,,,,,,,,,,,,,0,,,,,,,0,93
42,Sub bacia de Grumari,Outono,24,I_24h,,,,,,,,,,,,,,,,,0,,,,,,,0,92
42,Sub bacia de Grumari,Inverno,1/6,I_15min,,,,,,,,,,,,,,,,,0,,,,,,,0,56
42,Sub bacia de Grumari,Inverno,1/2,I_30min,,,,,,,,,,,,,,,,,0,,,,,,,0,56
42,Sub bacia de Grumari,Inverno,1,I_1h,,,,,,,,,,,,,,,,,0,,,,,,,0,56
42,Sub bacia de Grumari,Inverno,2,I_2h,,,,,,,,,,,,,,,,,0,,,,,,,0,56
42,Sub bacia de Grumari,Inverno,3,I_3h,,,,,,,,,,,,,,,,,0,,,,,,,0,56
42,Sub bacia de Grumari,Inverno,6,I_6h,,,,,,,,,,,,,,,,,0,,,,,,,0,56
42,Sub bacia de Grumari,Inverno,8,I_8h,,,,,,,,,,,,,,,,,0,,,,,,,0,56
42,Sub bacia de Grumari,Inverno,10,I_10h,,,,,,,,,,,,,,,,,0,,,,,,,0,56
42,Sub bacia de Grumari,Inverno,12,I_12h,,,,,,,,,,,,,,,,,0,,,,,,,0,56
42,Sub bacia de Grumari,Inverno,24,I_24h,,,,,,,,,,,,,,,,,0,,,,,,,0,55
42,Sub bacia de Grumari,Primavera,1/6,I_15min,,,,,,,,,,,,,,,,,0,,,,,,,0,85
42,Sub bacia de Grumari,Primavera,1/2,I_30min,,,,,,,,,,,,,,,,,0,,,,,,,0,85
42,Sub bacia de Grumari,Primavera,1,I_1h,,,,,,,,,,,,,,,,,0,,,,,,,0,85
42,Sub bacia de Grumari,Primavera,2,I_2h,,,,,,,,,,,,,,,,,0,,,,,,,0,85
42,Sub bacia de Grumari,Primavera,3,I_3h,,,,,,,,,,,,,,,,,0,,,,,,,0,85
42,Sub bacia de Grumari,Primavera,6,I_6h,,,,,,,,,,,,,,,,,0,,,,,,,0,85
42,Sub bacia de Grumari,Primavera,8,I_8h,,,,,,,,,,,,,,,,,0,,,,,,,0,85
42,Sub bacia de Grumari,Primavera,10,I_10h,,,,,,,,,,,,,,,,,0,,,,,,,0,85
42,Sub bacia de Grumari,Primavera,12,I_12h,,,,,,,,,,,,,,,,,0,,,,,,,0,85
42,Sub bacia de Grumari,Primavera,24,I_24h,,,,,,,,,,,,,,,,,0,,,,,,,0,81
43,Micro bacia da Prainha,Verao,1/6,I_15min,,,,,,,,,,,,,,,,,0,,,,,,,0,94
43,Micro bacia da Prainha,Verao,1/2,I_30min,,,,,,,,,,,,,,,,,0,,,,,,,0,94
43,Micro bacia da Prainha,Verao,1,I_1h,,,,,,,,,,,,,,,,,0,,,,,,,0,94
43,Micro bacia da Prainha,Verao,2,I_2h,,,,,,,,,,,,,,,,,0,,,,,,,0,94
43,Micro bacia da Prainha,Verao,3,I_3h,,,,,,,,,,,,,,,,,0,,,,,,,0,94
43,Micro bacia da Prainha,Verao,6,I_6h,,,,,,,,,,,,,,,,,0,,,,,,,0,94
43,Micro bacia da Prainha,Verao,8,I_8h,,,,,,,,,,,,,,,,,0,,,,,,,0,94
43,Micro bacia da Prainha,Verao,10,I_10h,,,,,,,,,,,,,,,,,0,,,,,,,0,94
43,Micro bacia da Prainha,Verao,12,I_12h,,,,,,,,,,,,,,,,,0,,,,,,,0,94
43,Micro bacia da Prainha,Verao,24,I_24h,,,,,,,,,,,,,,,,,0,,,,,,,0,89
43,Micro bacia da Prainha,Outono,1/6,I_15min,,,,,,,,,,,,,,,,,0,,,,,,,0,81
43,Micro bacia da Prainha,Outono,1/2,I_30min,,,,,,,,,,,,,,,,,0,,,,,,,0,81
43,Micro bacia da Prainha,Outono,1,I_1h,,,,,,,,,,,,,,,,,0,,,,,,,0,81
43,Micro bacia da Prainha,Outono,2,I_2h,,,,,,,,,,,,,,,,,0,,,,,,,0,81
43,Micro bacia da Prainha,Outono,3,I_3h,,,,,,,,,,,,,,,,,0,,,,,,,0,81
43,Micro bacia da Prainha,Outono,6,I_6h,,,,,,,,,,,,,,,,,0,,,,,,,0,81
43,Micro bacia da Prainha,Outono,8,I_8h,,,,,,,,,,,,,,,,,0,,,,,,,0,81
43,Micro bacia da Prainha,Outono,10,I_10h,,,,,,,,,,,,,,,,,0,,,,,,,0,81
43,Micro bacia da Prainha,Outono,12,I_12h,,,,,,,,,,,,,,,,,0,,,,,,,0,81
43,Micro bacia da Prainha,Outono,24,I_24h,,,,,,,,,,,,,,,,,0,,,,,,,0,80
43,Micro bacia da Prainha,Inverno,1/6,I_15min,,,,,,,,,,,,,,,,,0,,,,,,,0,49
43,Micro bacia da Prainha,Inverno,1/2,I_30min,,,,,,,,,,,,,,,,,0,,,,,,,0,49
43,Micro bacia da Prainha,Inverno,1,I_1h,,,,,,,,,,,,,,,,,0,,,,,,,0,49
43,Micro bacia da Prainha,Inverno,2,I_2h,,,,,,,,,,,,,,,,,0,,,,,,,0,49
43,Micro bacia da Prainha,Inverno,3,I_3h,,,,,,,,,,,,,,,,,0,,,,,,,0,49
43,Micro bacia da Prainha,Inverno,6,I_6h,,,,,,,,,,,,,,,,,0,,,,,,,0,49
43,Micro bacia da Prainha,Inverno,8,I_8h,,,,,,,,,,,,,,,,,0,,,,,,,0,49
43,Micro bacia da Prainha,Inverno,10,I_10h,,,,,,,,,,,,,,,,,0,,,,,,,0,49
43,Micro bacia da Prainha,Inverno,12,I_12h,,,,,,,,,,,,,,,,,0,,,,,,,0,49
43,Micro bacia da Prainha,Inverno,24,I_24h,,,,,,,,,,,,,,,,,0,,,,,,,0,48
43,Micro bacia da Prainha,Primavera,1/6,I_15min,,,,,,,,,,,,,,,,,0,,,,,,,0,70
43,Micro bacia da Prainha,Primavera,1/2,I_30min,,,,,,,,,,,,,,,,,0,,,,,,,0,70
43,Micro bacia da Prainha,Primavera,1,I_1h,,,,,,,,,,,,,,,,,0,,,,,,,0,70
43,Micro bacia da Prainha,Primavera,2,I_2h,,,,,,,,,,,,,,,,,0,,,,,,,0,70
43,Micro bacia da Prainha,Primavera,3,I_3h,,,,,,,,,,,,,,,,,0,,,,,,,0,70
43,Micro bacia da Prainha,Primavera,6,I_6h,,,,,,,,,,,,,,,,,0,,,,,,,0,70
43,Micro bacia da Prainha,Primavera,8,I_8h,,,,,,,,,,,,,,,,,0,,,,,,,0,70
43,Micro bacia da Prainha,Primavera,10,I_10h,,,,,,,,,,,,,,,,,0,,,,,,,0,70
43,Micro bacia da Prainha,Primavera,12,I_12h,,,,,,,,,,,,,,,,,0,,,,,,,0,70
43,Micro bacia da Prainha,Primavera,24,I_24h,,,,,,,,,,,,,,,,,0,,,,,,,0,66
44,Micro bacia da Joatinga,Verao,1/6,I_15min,,,,,,,,,,,,,,,,,0,,,,,,,0,138
44,Micro bacia da Joatinga,Verao,1/2,I_30min,,,,,,,,,,,,,,,,,0,,,,,,,0,138
44,Micro bacia da Joatinga,Verao,1,I_1h,,,,,,,,,,,,,,,,,0,,,,,,,0,138
44,Micro bacia da Joatinga,Verao,2,I_2h,,,,,,,,,,,,,,,,,0,,,,,,,0,138
44,Micro bacia da Joatinga,Verao,3,I_3h,,,,,,,,,,,,,,,,,0,,,,,,,0,138
44,Micro bacia da Joatinga,Verao,6,I_6h,,,,,,,,,,,,,,,,,0,,,,,,,0,138
44,Micro bacia da Joatinga,Verao,8,I_8h,,,,,,,,,,,,,,,,,0,,,,,,,0,138
44,Micro bacia da Joatinga,Verao,10,I_10h,,,,,,,,,,,,,,,,,0,,,,,,,0,138
44,Micro bacia da Joatinga,Verao,12,I_12h,,,,,,,,,,,,,,,,,0,,,,,,,0,138
44,Micro bacia da Joatinga,Verao,24,I_24h,,,,,,,,,,,,,,,,,0,,,,,,,0,129
44,Micro bacia da Joatinga,Outono,1/6,I_15min,,,,,,,,,,,,,,,,,0,,,,,,,0,70
44,Micro bacia da Joatinga,Outono,1/2,I_30min,,,,,,,,,,,,,,,,,0,,,,,,,0,70
44,Micro bacia da Joatinga,Outono,1,I_1h,,,,,,,,,,,,,,,,,0,,,,,,,0,70
44,Micro bacia da Joatinga,Outono,2,I_2h,,,,,,,,,,,,,,,,,0,,,,,,,0,70
44,Micro bacia da Joatinga,Outono,3,I_3h,,,,,,,,,,,,,,,,,0,,,,,,,0,70
44,Micro bacia da Joatinga,Outono,6,I_6h,,,,,,,,,,,,,,,,,0,,,,,,,0,70
44,Micro bacia da Joatinga,Outono,8,I_8h,,,,,,,,,,,,,,,,,0,,,,,,,0,70
44,Micro bacia da Joatinga,Outono,10,I_10h,,,,,,,,,,,,,,,,,0,,,,,,,0,70
44,Micro bacia da Joatinga,Outono,12,I_12h,,,,,,,,,,,,,,,,,0,,,,,,,0,70
44,Micro bacia da Joatinga,Outono,24,I_24h,,,,,,,,,,,,,,,,,0,,,,,,,0,67
44,Micro bacia da Joatinga,Inverno,1/6,I_15min,,,,,,,,,,,,,,,,,0,,,,,,,0,21
44,Micro bacia da Joatinga,Inverno,1/2,I_30min,,,,,,,,,,,,,,,,,0,,,,,,,0,21
44,Micro bacia da Joatinga,Inverno,1,I_1h,,,,,,,,,,,,,,,,,0,,,,,,,0,21
44,Micro bacia da Joatinga,Inverno,2,I_2h,,,,,,,,,,,,,,,,,0,,,,,,,0,21
44,Micro bacia da Joatinga,Inverno,3,I_3h,,,,,,,,,,,,,,,,,0,,,,,,,0,21
44,Micro bacia da Joatinga,Inverno,6,I_6h,,,,,,,,,,,,,,,,,0,,,,,,,0,21
44,Micro bacia da Joatinga,Inverno,8,I_8h,,,,,,,,,,,,,,,,,0,,,,,,,0,21
44,Micro bacia da Joatinga,Inverno,10,I_10h,,,,,,,,,,,,,,,,,0,,,,,,,0,21
44,Micro bacia da Joatinga,Inverno,12,I_12h,,,,,,,,,,,,,,,,,0,,,,,,,0,21
44,Micro bacia da Joatinga,Inverno,24,I_24h,,,,,,,,,,,,,,,,,0,,,,,,,0,21
44,Micro bacia da Joatinga,Primavera,1/6,I_15min,,,,,,,,,,,,,,,,,0,,,,,,,1,61
44,Micro bacia da Joatinga,Primavera,1/2,I_30min,,,,,,,,,,,,,,,,,0,,,,,,,1,61
44,Micro bacia da Joatinga,Primavera,1,I_1h,,,,,,,,,,,,,,,,,0,,,,,,,1,61
44,Micro bacia da Joatinga,Primavera,2,I_2h,,,,,,,,,,,,,,,,,0,,,,,,,1,61
44,Micro bacia da Joatinga,Primavera,3,I_3h,,,,,,,,,,,,,,,,,0,,,,,,,1,61
44,Micro bacia da Joatinga,Primavera,6,I_6h,,,,,,,,,,,,,,,,,0,,,,,,,1,61
44,Micro bacia da Joatinga,Primavera,8,I_8h,,,,,,,,,,,,,,,,,0,,,,,,,1,61
44,Micro bacia da Joatinga,Primavera,10,I_10h,,,,,,,,,,,,,,,,,0,,,,,,,1,61
44,Micro bacia da Joatinga,Primavera,12,I_12h,,,,,,,,,,,,,,,,,0,,,,,,,1,61
44,Micro bacia da Joatinga,Primavera,24,I_24h,,,,,,,,,,,,,,,,,0,,,,,,,1,55
45,Sub bacia dos Rios Acari/Pavuna/Meriti,Verao,1/6,I_15min,108.799139,2.400000,71.200000,5.551618,0.010101,0.007407,0.500000,1.000000,1.000000,0.423077,0.050505,0.022222,0.625000,0.949495,0.925926,0.429224,9,180.780408,-0.166316,20.699843,0.555556,0.290076,0.591398,99,135
45,Sub bacia dos Rios Acari/Pavuna/Meriti,Verao,1/2,I_30min,86.799275,2.400000,59.125539,4.775809,0.010101,0.007407,0.500000,1.000000,1.000000,0.423077,0.030303,0.014815,0.600000,0.949495,0.911111,0.433180,7,119.655280,-0.218421,17.846058,0.535354,0.259542,0.609195,99,135
45,Sub bacia dos Rios Acari/Pavuna/Meriti,Verao,1,I_1h,54.999600,2.000000,37.240949,4.159933,0.020202,0.007407,0.666667,1.000000,1.000000,0.423077,0.050505,0.014815,0.714286,0.949495,0.896296,0.437209,7,0.419993,-0.062105,13.726829,0.626263,0.335878,0.584906,99,135
45,Sub bacia dos Rios Acari/Pavuna/Meriti,Verao,2,I_2h,31.399766,1.575364,23.110353,3.262073,0.020202,0.007407,0.666667,1.000000,1.000000,0.423077,0.040404,0.014815,0.666667,0.949495,0.888889,0.439252,10,27.739007,-0.218421,6.910086,0.565657,0.267176,0.615385,99,135
45,Sub bacia dos Rios Acari/Pavuna/Meriti,Verao,3,I_3h,21.533174,1.266667,16.952533,2.691050,0.020202,0.007407,0.666667,1.000000,1.000000,0.423077,0.030303,0.014815,0.600000,0.949495,0.881481,0.441315,8,5.196439,-0.166316,5.049333,0.585859,0.297710,0.597938,99,135
45,Sub bacia dos Rios Acari/Pavuna/Meriti,Verao,6,I_6h,10.933252,0.900000,8.975896,1.552137,0.020202,0.007407,0.666667,1.000000,1.000000,0.423077,0.040404,0.014815,0.666667,0.949495,0.925926,0.429224,2,3.744882,-0.114211,2.142310,0.505051,0.207407,0.641026,99,135
45,Sub bacia dos Rios Acari/Pavuna/Meriti,Verao,8,I_8h,8.199939,0.700000,6.791456,1.223131,0.030303,0.007407,0.750000,1.000000,1.000000,0.423077,0.040404,0.014815,0.666667,0.949495,0.940741,0.425339,2,3.244587,-0.635263,2.428825,0.474747,0.170370,0.671429,99,135
45,Sub bacia dos Rios Acari/Pavuna/Meriti,Verao,10,I_10h,6.559951,0.560000,5.443606,0.998278,0.030303,0.007407,0.750000,1.000000,1.000000,0.423077,0.050505,0.014815,0.714286,0.949495,0.940741,0.425339,10,2.565383,-0.010000,0.411598,0.525253,0.206107,0.658228,99,135
45,Sub bacia dos Rios Acari/Pavuna/Meriti,Verao,12,I_12h,5.466626,0.466667,4.537845,0.831898,0.040404,0.007407,0.800000,1.000000,1.000000,0.423077,0.050505,0.014815,0.714286,0.949495,0.948148,0.423423,9,2.287722,-0.010000,0.216431,0.515152,0.206107,0.653846,99,135
45,Sub bacia dos Rios Acari/Pavuna/Meriti,Verao,24,I_24h,2.746445,0.416667,2.608358,0.441677,0.051546,0.007937,0.833333,1.000000,1.000000,0.434978,0.061856,0.015873,0.750000,0.948454,0.896825,0.448780,2,1.076215,-0.843684,0.823513,0.525773,0.190476,0.680000,97,126
45,Sub bacia dos Rios Acari/Pavuna/Meriti,Outono,1/6,I_15min,83.199824,5.423744,78.453288,7.787691,0.021277,0.010309,0.500000,1.000000,0.989691,0.328671,0.042553,0.010309,0.666667,0.936170,0.938144,0.325926,2,34.010117,-0.947895,18.321837,0.478261,0.250000,0.478261,47,97
45,Sub bacia dos Rios Acari/Pavuna/Meriti,Outono,1/2,I_30min,61.511668,3.937303,56.220454,5.202380,0.042553,0.010309,0.666667,1.000000,0.989691,0.328671,0.063830,0.010309,0.750000,0.936170,0.989691,0.314286,2,22.741219,-0.322632,9.981701,0.565217,0.302083,0.472727,47,97
45,Sub bacia dos Rios Acari/Pavuna/Meriti,Outono,1,I_1h,46.774348,3.200201,36.183036,3.869472,0.021277,0.010309,0.500000,1.000000,0.989691,0.328671,0.063830,0.010309,0.750000,0.936170,0.989691,0.314286,2,12.866977,-0.010000,2.864807,0.586957,0.270833,0.509434,47,97
45,Sub bacia dos Rios Acari/Pavuna/Meriti,Outono,2,I_2h,31.254267,2.231368,28.372561,2.706253,0.000000,0.010309,0.000000,1.000000,1.000000,0.326389,0.021277,0.010309,0.500000,0.936170,0.989691,0.314286,3,10.689817,-0.010000,2.126076,0.422222,0.138298,0.593750,47,97
45,Sub bacia dos Rios Acari/Pavuna/Meriti,Outono,3,I_3h,22.750507,1.815870,21.991697,2.401982,0.000000,0.010309,0.000000,1.000000,1.000000,0.326389,0.000000,0.010309,0.000000,0.936170,0.969072,0.318841,3,6.509105,-0.010000,1.973814,0.466667,0.159574,0.583333,47,97
45,Sub bacia dos Rios Acari/Pavuna/Meriti,Outono,6,I_6h,13.292906,1.162191,11.683581,1.590945,0.000000,0.010309,0.000000,1.000000,0.989691,0.328671,0.021277,0.010309,0.500000,0.936170,0.938144,0.325926,4,6.481420,-0.010000,0.276672,0.333333,0.063830,0.714286,47,97
45,Sub bacia dos Rios Acari/Pavuna/Meriti,Outono,8,I_8h,10.056567,0.958415,8.766161,1.323247,0.021277,0.010309,0.500000,1.000000,0.989691,0.328671,0.021277,0.010309,0.500000,0.936170,0.927835,0.328358,6,5.822194,-0.010000,0.000000,0.295455,0.042553,0.764706,47,97
45,Sub bacia dos Rios Acari/Pavuna/Meriti,Outono,10,I_10h,8.045254,0.839688,7.376081,1.083501,0.021277,0.010309,0.500000,1.000000,0.989691,0.328671,0.021277,0.010309,0.500000,0.936170,0.917526,0.330827,6,4.666881,-0.010000,0.000000,0.295455,0.053191,0.722222,47,97
45,Sub bacia dos Rios Acari/Pavuna/Meriti,Outono,12,I_12h,6.704378,0.699740,6.441821,0.908728,0.021277,0.010309,0.500000,1.000000,0.989691,0.328671,0.021277,0.010309,0.500000,0.936170,0.927835,0.328358,4,3.797909,-0.010000,0.100258,0.311111,0.053191,0.736842,47,97
45,Sub bacia dos Rios Acari/Pavuna/Meriti,Outono,24,I_24h,3.755451,0.430869,3.404605,0.471037,0.042553,0.010526,0.666667,1.000000,0.989474,0.333333,0.042553,0.010526,0.666667,0.936170,0.884211,0.343750,4,2.587617,-0.062105,0.933339,0.244444,0.010870,0.916667,47,95
45,Sub bacia dos Rios Acari/Pavuna/Meriti,Inverno,1/6,I_15min,55.200000,9.948557,41.640537,10.163486,0.000000,0.011765,0.000000,1.000000,0.658824,0.081967,0.000000,0.011765,0.000000,0.800000,0.658824,0.066667,4,89.233993,-0.374737,15.239566,0.600000,0.071429,0.333333,5,85
45,Sub bacia dos Rios Acari/Pavuna/Meriti,Inverno,1/2,I_30min,32.097073,8.940493,30.335532,8.951712,0.000000,0.011765,0.000000,1.000000,0.588235,0.090909,0.000000,0.011765,0.000000,0.800000,0.588235,0.074074,2,32.585702,-0.166316,9.530884,0.400000,0.023810,0.500000,5,85
45,Sub bacia dos Rios Acari/Pavuna/Meriti,Inverno,1,I_1h,25.561602,6.024000,22.714851,6.108960,0.000000,0.011765,0.000000,1.000000,0.635294,0.084746,0.000000,0.011765,0.000000,0.800000,0.635294,0.068966,1,25.290289,-0.062105,1.851691,0.400000,0.023810,0.500000,5,85
45,Sub bacia dos Rios Acari/Pavuna/Meriti,Inverno,2,I_2h,16.871690,3.705524,15.890748,3.887124,0.000000,0.011765,0.000000,1.000000,0.741176,0.073529,0.000000,0.011765,0.000000,0.800000,0.729412,0.060606,1,5.419344,-0.218421,4.964426,0.600000,0.047619,0.428571,5,85
45,Sub bacia dos Rios Acari/Pavuna/Meriti,Inverno,3,I_3h,13.342867,3.506842,12.939148,3.577878,0.000000,0.011765,0.000000,1.000000,0.623529,0.086207,0.000000,0.011765,0.000000,0.800000,0.576471,0.075472,7,14.757117,-0.062105,0.688357,0.600000,0.036585,0.500000,5,85
45,Sub bacia dos Rios Acari/Pavuna/Meriti,Inverno,6,I_6h,9.706683,2.240574,9.241947,2.274501,0.000000,0.011765,0.000000,1.000000,0.576471,0.092593,0.000000,0.011765,0.000000,0.800000,0.564706,0.076923,2,10.154378,-0.062105,1.979627,0.400000,0.011905,0.666667,5,85
45,Sub bacia dos Rios Acari/Pavuna/Meriti,Inverno,8,I_8h,8.078455,1.966005,7.314165,2.022276,0.000000,0.011765,0.000000,1.000000,0.470588,0.111111,0.000000,0.011765,0.000000,0.800000,0.447059,0.095238,1,7.777243,-0.062105,1.535637,0.400000,0.011905,0.666667,5,85
45,Sub bacia dos Rios Acari/Pavuna/Meriti,Inverno,10,I_10h,6.896813,1.608420,5.920780,1.650025,0.000000,0.011765,0.000000,1.000000,0.470588,0.111111,0.000000,0.011765,0.000000,0.800000,0.458824,0.093023,1,4.631019,-0.114211,2.488452,0.400000,0.011905,0.666667,5,85
45,Sub bacia dos Rios Acari/Pavuna/Meriti,Inverno,12,I_12h,5.753377,1.491717,4.934949,1.496952,0.000000,0.011765,0.000000,1.000000,0.400000,0.128205,0.000000,0.011765,0.000000,0.800000,0.400000,0.105263,1,3.739167,-0.114211,2.169438,0.400000,0.011905,0.666667,5,85
45,Sub bacia dos Rios Acari/Pavuna/Meriti,Inverno,24,I_24h,2.876689,0.758945,2.731251,0.767227,0.000000,0.012346,0.000000,1.000000,0.456790,0.119048,0.000000,0.012346,0.000000,0.800000,0.444444,0.100000,2,3.462466,-0.062105,0.830113,0.400000,0.012346,0.666667,5,81
45,Sub bacia dos Rios Acari/Pavuna/Meriti,Primavera,1/6,I_15min,72.800000,4.474880,56.561650,8.503785,0.040000,0.007353,0.500000,1.000000,0.985294,0.157233,0.080000,0.014706,0.500000,0.920000,0.647059,0.207207,1,3.296003,-0.947895,23.359655,0.640000,0.154412,0.432432,25,136
45,Sub bacia dos Rios Acari/Pavuna/Meriti,Primavera,1/2,I_30min,36.400000,4.128832,33.630900,7.567777,0.080000,0.007353,0.666667,1.000000,0.970588,0.159236,0.160000,0.014706,0.666667,0.920000,0.595588,0.221154,3,67.347076,-0.270526,16.792573,0.360000,0.037037,0.642857,25,136
45,Sub bacia dos Rios Acari/Pavuna/Meriti,Primavera,1,I_1h,22.176890,3.372969,20.362392,6.762961,0.120000,0.007353,0.750000,1.000000,0.955882,0.161290,0.120000,0.014706,0.600000,0.920000,0.529412,0.242105,6,15.421735,-0.062105,8.079583,0.400000,0.074074,0.500000,25,136
45,Sub bacia dos Rios Acari/Pavuna/Meriti,Primavera,2,I_2h,15.426824,2.395065,13.528339,4.720141,0.080000,0.007353,0.666667,1.000000,0.977941,0.158228,0.160000,0.014706,0.666667,0.920000,0.529412,0.242105,4,7.986963,-0.218421,7.491283,0.440000,0.074074,0.523810,25,136
45,Sub bacia dos Rios Acari/Pavuna/Meriti,Primavera,3,I_3h,11.330608,2.080421,10.800262,3.232089,0.040000,0.007353,0.500000,1.000000,0.926471,0.165563,0.080000,0.014706,0.500000,0.920000,0.683824,0.198276,4,5.193076,-0.166316,6.096975,0.360000,0.044444,0.600000,25,136
45,Sub bacia dos Rios Acari/Pavuna/Meriti,Primavera,6,I_6h,7.609046,1.506407,7.334521,1.746667,0.080000,0.007353,0.666667,1.000000,0.904412,0.168919,0.080000,0.014706,0.500000,0.920000,0.794118,0.175573,8,4.560009,-0.166316,2.745551,0.560000,0.140741,0.424242,25,136
45,Sub bacia dos Rios Acari/Pavuna/Meriti,Primavera,8,I_8h,6.689586,1.194790,6.215601,1.310000,0.000000,0.007353,0.000000,1.000000,0.889706,0.171233,0.080000,0.014706,0.500000,0.920000,0.830882,0.169118,8,4.034840,-0.218421,2.196978,0.560000,0.155556,0.400000,25,136
45,Sub bacia dos Rios Acari/Pavuna/Meriti,Primavera,10,I_10h,5.839898,1.025676,5.217994,1.048000,0.000000,0.007353,0.000000,1.000000,0.882353,0.172414,0.040000,0.014706,0.333333,0.920000,0.867647,0.163121,5,2.297561,-0.426842,1.786341,0.600000,0.192593,0.365854,25,136
45,Sub bacia dos Rios Acari/Pavuna/Meriti,Primavera,12,I_12h,5.296350,0.866667,4.502451,0.892561,0.000000,0.007353,0.000000,1.000000,0.911765,0.167785,0.000000,0.014706,0.000000,0.920000,0.911765,0.156463,3,1.174363,-0.218421,1.708206,0.480000,0.133333,0.400000,25,136
45,Sub bacia dos Rios Acari/Pavuna/Meriti,Primavera,24,I_24h,3.365345,0.433333,2.133531,0.465473,0.000000,0.008065,0.000000,1.000000,0.967742,0.172414,0.080000,0.016129,0.500000,0.920000,0.887097,0.172932,5,0.662961,-0.322632,0.868029,0.520000,0.186992,0.361111,25,124
46,Sub bacia do Rio Irajá/Canal da Penha,Verao,1/6,I_15min,143.446044,5.600000,114.400000,8.527161,0.000000,0.005682,0.000000,1.000000,0.937500,0.126984,0.000000,0.011364,0.000000,0.916667,0.840909,0.129412,3,112.277806,-0.114211,24.744538,0.333333,0.085227,0.347826,24,176
46,Sub bacia do Rio Irajá/Canal da Penha,Verao,1/2,I_30min,116.875208,5.200000,93.300000,7.736091,0.000000,0.005682,0.000000,1.000000,0.914773,0.129730,0.000000,0.011364,0.000000,0.916667,0.812500,0.133333,3,184.935314,-0.114211,13.958976,0.416667,0.090909,0.384615,24,176
46,Sub bacia do Rio Irajá/Canal da Penha,Verao,1,I_1h,86.093353,4.000000,63.959245,5.759843,0.000000,0.005682,0.000000,1.000000,0.926136,0.128342,0.000000,0.011364,0.000000,0.916667,0.835227,0.130178,1,11.445886,-0.114211,15.715204,0.500000,0.142045,0.324324,24,176
46,Sub bacia do Rio Irajá/Canal da Penha,Verao,2,I_2h,46.900000,2.800000,37.126213,3.467623,0.000000,0.005682,0.000000,1.000000,0.943182,0.126316,0.000000,0.011364,0.000000,0.916667,0.886364,0.123596,1,7.420328,-0.114211,8.848083,0.541667,0.130682,0.361111,24,176
46,Sub bacia do Rio Irajá/Canal da Penha,Verao,3,I_3h,31.266667,2.466667,25.597265,2.565700,0.000000,0.005682,0.000000,1.000000,0.931818,0.127660,0.000000,0.011364,0.000000,0.916667,0.914773,0.120219,1,12.551690,-0.010000,0.594374,0.416667,0.062500,0.476190,24,176
46,Sub bacia do Rio Irajá/Canal da Penha,Verao,6,I_6h,15.633333,1.266667,12.870087,1.385000,0.000000,0.005682,0.000000,1.000000,0.971591,0.123077,0.000000,0.011364,0.000000,0.916667,0.948864,0.116402,1,4.292480,-0.010000,3.184775,0.416667,0.073864,0.434783,24,176
46,Sub bacia do Rio Irajá/Canal da Penha,Verao,8,I_8h,11.725000,0.975000,9.652565,1.038750,0.000000,0.005682,0.000000,1.000000,0.965909,0.123711,0.000000,0.011364,0.000000,0.916667,0.954545,0.115789,1,3.006981,-0.062105,2.148809,0.583333,0.159091,0.333333,24,176
46,Sub bacia do Rio Irajá/Canal da Penha,Verao,10,I_10h,9.380000,0.780000,7.801854,0.831000,0.000000,0.005682,0.000000,1.000000,0.971591,0.123077,0.041667,0.011364,0.333333,0.916667,0.960227,0.115183,7,1.547626,-0.010000,3.119533,0.416667,0.080925,0.416667,24,176
46,Sub bacia do Rio Irajá/Canal da Penha,Verao,12,I_12h,7.816667,0.650000,6.677256,0.692500,0.000000,0.005682,0.000000,1.000000,0.977273,0.122449,0.041667,0.011364,0.333333,0.916667,0.965909,0.114583,1,1.893716,-0.062105,1.511521,0.583333,0.164773,0.325581,24,176
46,Sub bacia do Rio Irajá/Canal da Penha,Verao,24,I_24h,3.908333,0.425000,3.521535,0.469167,0.000000,0.005952,0.000000,1.000000,0.970238,0.128342,0.041667,0.011905,0.333333,0.916667,0.886905,0.128655,7,0.520616,-0.010000,1.440901,0.416667,0.103030,0.370370,24,168
46,Sub bacia do Rio Irajá/Canal da Penha,Outono,1/6,I_15min,106.400000,8.800000,97.560028,9.760000,0.000000,0.008197,0.000000,1.000000,0.868852,0.078261,0.000000,0.016393,0.000000,0.888889,0.827869,0.073394,1,119.493014,-0.947895,17.287083,0.555556,0.131148,0.238095,9,122
46,Sub bacia do Rio Irajá/Canal da Penha,Outono,1/2,I_30min,92.000000,6.800000,72.710879,8.080000,0.000000,0.008197,0.000000,1.000000,0.893443,0.076271,0.000000,0.016393,0.000000,0.888889,0.803279,0.075472,1,84.059268,-0.843684,12.642825,0.555556,0.147541,0.217391,9,122
46,Sub bacia do Rio Irajá/Canal da Penha,Outono,1,I_1h,70.000000,6.400000,53.426558,6.480000,0.000000,0.008197,0.000000,1.000000,0.786885,0.085714,0.000000,0.016393,0.000000,0.888889,0.770492,0.078431,1,82.346526,-0.062105,7.311293,0.222222,0.032787,0.333333,9,122
46,Sub bacia do Rio Irajá/Canal da Penha,Outono,2,I_2h,46.305373,3.694851,35.203442,3.752841,0.000000,0.008197,0.000000,1.000000,0.918033,0.074380,0.000000,0.016393,0.000000,0.888889,0.901639,0.067797,1,76.374033,-0.062105,3.500563,0.222222,0.032787,0.333333,9,122
46,Sub bacia do Rio Irajá/Canal da Penha,Outono,3,I_3h,36.395620,2.860449,25.570773,3.097300,0.000000,0.008197,0.000000,1.000000,0.926230,0.073770,0.111111,0.016393,0.333333,0.888889,0.877049,0.069565,2,7.876353,-0.739474,4.699905,0.555556,0.258333,0.138889,9,122
46,Sub bacia do Rio Irajá/Canal da Penha,Outono,6,I_6h,19.699781,1.733333,14.626845,1.781525,0.111111,0.008197,0.500000,1.000000,0.877049,0.077586,0.111111,0.016393,0.333333,0.888889,0.860656,0.070796,3,13.183747,-0.531053,1.832177,0.666667,0.290598,0.150000,9,122
46,Sub bacia do Rio Irajá/Canal da Penha,Outono,8,I_8h,14.774836,1.300000,11.541348,1.360000,0.111111,0.008197,0.500000,1.000000,0.934426,0.073171,0.111111,0.016393,0.333333,0.888889,0.877049,0.069565,3,9.889149,-0.739474,1.481047,0.666667,0.316239,0.139535,9,122
46,Sub bacia do Rio Irajá/Canal da Penha,Outono,10,I_10h,11.819869,1.040000,10.148995,1.088000,0.111111,0.008197,0.500000,1.000000,0.934426,0.073171,0.111111,0.016393,0.333333,0.888889,0.893443,0.068376,3,8.740906,-0.635263,1.225825,0.666667,0.324786,0.136364,9,122
46,Sub bacia do Rio Irajá/Canal da Penha,Outono,12,I_12h,9.913729,0.866667,9.162702,0.906667,0.111111,0.008197,0.500000,1.000000,0.942623,0.072581,0.111111,0.016393,0.333333,0.888889,0.901639,0.067797,3,7.455652,-0.687368,1.030917,0.666667,0.333333,0.133333,9,122
46,Sub bacia do Rio Irajá/Canal da Penha,Outono,24,I_24h,6.794904,0.433333,4.970308,0.453333,0.111111,0.008333,0.500000,1.000000,0.958333,0.072581,0.111111,0.016667,0.333333,0.888889,0.916667,0.067797,3,2.835146,-0.322632,0.591461,0.666667,0.286957,0.153846,9,120
46,Sub bacia do Rio Irajá/Canal da Penha,Inverno,1/6,I_15min,,,,,,,,,,,,,,,,,0,,,,,,,1,85
46,Sub bacia do Rio Irajá/Canal da Penha,Inverno,1/2,I_30min,,,,,,,,,,,,,,,,,0,,,,,,,1,85
46,Sub bacia do Rio Irajá/Canal da Penha,Inverno,1,I_1h,,,,,,,,,,,,,,,,,0,,,,,,,1,85
46,Sub bacia do Rio Irajá/Canal da Penha,Inverno,2,I_2h,,,,,,,,,,,,,,,,,0,,,,,,,1,85
46,Sub bacia do Rio Irajá/Canal da Penha,Inverno,3,I_3h,,,,,,,,,,,,,,,,,0,,,,,,,1,85
46,Sub bacia do Rio Irajá/Canal da Penha,Inverno,6,I_6h,,,,,,,,,,,,,,,,,0,,,,,,,1,85
46,Sub bacia do Rio Irajá/Canal da Penha,Inverno,8,I_8h,,,,,,,,,,,,,,,,,0,,,,,,,1,85
46,Sub bacia do Rio Irajá/Canal da Penha,Inverno,10,I_10h,,,,,,,,,,,,,,,,,0,,,,,,,1,85
46,Sub bacia do Rio Irajá/Canal da Penha,Inverno,12,I_12h,,,,,,,,,,,,,,,,,0,,,,,,,1,85
46,Sub bacia do Rio Irajá/Canal da Penha,Inverno,24,I_24h,,,,,,,,,,,,,,,,,0,,,,,,,1,81
46,Sub bacia do Rio Irajá/Canal da Penha,Primavera,1/6,I_15min,,,,,,,,,,,,,,,,,0,,,,,,,1,144
46,Sub bacia do Rio Irajá/Canal da Penha,Primavera,1/2,I_30min,,,,,,,,,,,,,,,,,0,,,,,,,1,144
46,Sub bacia do Rio Irajá/Canal da Penha,Primavera,1,I_1h,,,,,,,,,,,,,,,,,0,,,,,,,1,144
46,Sub bacia do Rio Irajá/Canal da Penha,Primavera,2,I_2h,,,,,,,,,,,,,,,,,0,,,,,,,1,144
46,Sub bacia do Rio Irajá/Canal da Penha,Primavera,3,I_3h,,,,,,,,,,,,,,,,,0,,,,,,,1,144
46,Sub bacia do Rio Irajá/Canal da Penha,Primavera,6,I_6h,,,,,,,,,,,,,,,,,0,,,,,,,1,144
46,Sub bacia do Rio Irajá/Canal da Penha,Primavera,8,I_8h,,,,,,,,,,,,,,,,,0,,,,,,,1,144
46,Sub bacia do Rio Irajá/Canal da Penha,Primavera,10,I_10h,,,,,,,,,,,,,,,,,0,,,,,,,1,144
46,Sub bacia do Rio Irajá/Canal da Penha,Primavera,12,I_12h,,,,,,,,,,,,,,,,,0,,,,,,,1,144
46,Sub bacia do Rio Irajá/Canal da Penha,Primavera,24,I_24h,,,,,,,,,,,,,,,,,0,,,,,,,1,134
47,Sub bacia do Rio Sarapuí,Verao,1/6,I_15min,116.146412,16.298051,99.003647,17.251224,0.000000,0.006452,0.000000,1.000000,0.670968,0.087719,0.000000,0.012903,0.000000,0.900000,0.664516,0.080357,1,61.351395,-0.322632,35.938291,0.600000,0.109677,0.260870,10,155
47,Sub bacia do Rio Sarapuí,Verao,1/2,I_30min,107.638953,16.219025,85.568750,17.027760,0.000000,0.006452,0.000000,1.000000,0.587097,0.099010,0.000000,0.012903,0.000000,0.900000,0.580645,0.090909,1,33.685237,-0.166316,27.414828,0.600000,0.096774,0.285714,10,155
47,Sub bacia do Rio Sarapuí,Verao,1,I_1h,81.430355,10.917429,59.601291,12.034586,0.000000,0.006452,0.000000,1.000000,0.606452,0.096154,0.000000,0.012903,0.000000,0.900000,0.541935,0.096774,1,37.222039,-0.478947,17.977570,0.600000,0.083871,0.315789,10,155
47,Sub bacia do Rio Sarapuí,Verao,2,I_2h,42.520045,8.866868,33.156417,9.068241,0.000000,0.006452,0.000000,1.000000,0.380645,0.144928,0.000000,0.012903,0.000000,0.900000,0.374194,0.134328,1,29.380772,-0.062105,6.830870,0.400000,0.051613,0.333333,10,155
47,Sub bacia do Rio Sarapuí,Verao,3,I_3h,28.346697,6.938700,23.779540,6.943124,0.000000,0.006452,0.000000,1.000000,0.354839,0.153846,0.000000,0.012903,0.000000,0.900000,0.348387,0.142857,1,24.369670,-0.166316,9.688290,0.300000,0.051613,0.272727,10,155
47,Sub bacia do Rio Sarapuí,Verao,6,I_6h,14.236749,3.733333,13.921459,3.929540,0.000000,0.006452,0.000000,1.000000,0.361290,0.151515,0.000000,0.012903,0.000000,0.900000,0.335484,0.147541,1,2.956353,-0.947895,6.352830,0.400000,0.058065,0.307692,10,155
47,Sub bacia do Rio Sarapuí,Verao,8,I_8h,11.206477,2.800000,10.774979,2.947156,0.000000,0.006452,0.000000,1.000000,0.400000,0.138889,0.000000,0.012903,0.000000,0.900000,0.361290,0.138462,7,12.289006,-0.062105,4.717189,0.400000,0.039474,0.400000,10,155
47,Sub bacia do Rio Sarapuí,Verao,10,I_10h,8.986163,2.240000,8.637483,2.358166,0.000000,0.006452,0.000000,1.000000,0.412903,0.135135,0.000000,0.012903,0.000000,0.900000,0.380645,0.132353,7,8.681534,-0.062105,3.994333,0.400000,0.039474,0.400000,10,155
47,Sub bacia do Rio Sarapuí,Verao,12,I_12h,7.489286,1.866667,7.199402,1.965139,0.000000,0.006452,0.000000,1.000000,0.419355,0.133333,0.000000,0.012903,0.000000,0.900000,0.387097,0.130435,7,7.873344,-0.062105,3.334142,0.400000,0.039474,0.400000,10,155
47,Sub bacia do Rio Sarapuí,Verao,24,I_24h,3.752570,0.933333,3.604111,0.992755,0.000000,0.006711,0.000000,1.000000,0.456376,0.128205,0.000000,0.013423,0.000000,0.900000,0.422819,0.125000,7,3.149336,-0.062105,1.776943,0.400000,0.047945,0.363636,10,149
47,Sub bacia do Rio Sarapuí,Outono,1/6,I_15min,127.440445,11.200000,117.306781,13.580402,0.000000,0.009346,0.000000,1.000000,0.710280,0.073171,0.000000,0.018692,0.000000,0.833333,0.672897,0.064935,3,45.190273,-0.114211,18.276506,0.500000,0.126214,0.187500,6,107
47,Sub bacia do Rio Sarapuí,Outono,1/2,I_30min,106.202602,9.600000,100.345666,11.760876,0.000000,0.009346,0.000000,1.000000,0.700935,0.074074,0.000000,0.018692,0.000000,0.833333,0.626168,0.069444,1,49.115101,-0.426842,17.741403,0.333333,0.074766,0.200000,6,107
47,Sub bacia do Rio Sarapuí,Outono,1,I_1h,83.255539,8.200000,59.355245,9.349825,0.000000,0.009346,0.000000,1.000000,0.626168,0.082192,0.000000,0.018692,0.000000,0.833333,0.514019,0.083333,3,9.875245,-0.895789,12.595808,0.833333,0.203883,0.192308,6,107
47,Sub bacia do Rio Sarapuí,Outono,2,I_2h,51.648587,5.200000,33.767235,6.124883,0.000000,0.009346,0.000000,1.000000,0.607477,0.084507,0.000000,0.018692,0.000000,0.833333,0.504673,0.084746,3,6.366745,-1.000000,8.370968,0.833333,0.174757,0.217391,6,107
47,Sub bacia do Rio Sarapuí,Outono,3,I_3h,39.854206,3.600000,24.029135,4.416571,0.000000,0.009346,0.000000,1.000000,0.616822,0.083333,0.000000,0.018692,0.000000,0.833333,0.514019,0.083333,3,5.070851,-1.000000,6.486282,0.833333,0.165049,0.227273,6,107
47,Sub bacia do Rio Sarapuí,Outono,6,I_6h,20.185601,2.000000,12.067751,2.716590,0.000000,0.009346,0.000000,1.000000,0.626168,0.082192,0.000000,0.018692,0.000000,0.833333,0.476636,0.089286,1,6.578993,-0.166316,4.610212,0.500000,0.074766,0.272727,6,107
47,Sub bacia do Rio Sarapuí,Outono,8,I_8h,15.139201,1.575000,9.050814,2.114731,0.000000,0.009346,0.000000,1.000000,0.644860,0.080000,0.000000,0.018692,0.000000,0.833333,0.476636,0.089286,1,4.078924,-0.114211,4.684431,0.500000,0.046729,0.375000,6,107
47,Sub bacia do Rio Sarapuí,Outono,10,I_10h,12.280416,1.280000,7.248996,1.706785,0.000000,0.009346,0.000000,1.000000,0.682243,0.075949,0.000000,0.018692,0.000000,0.833333,0.514019,0.083333,1,2.439751,-0.374737,4.510519,0.500000,0.046729,0.375000,6,107
47,Sub bacia do Rio Sarapuí,Outono,12,I_12h,10.339423,1.066667,6.355876,1.422320,0.000000,0.009346,0.000000,1.000000,0.710280,0.073171,0.000000,0.018692,0.000000,0.833333,0.514019,0.083333,1,1.676286,-0.531053,4.033904,0.500000,0.056075,0.333333,6,107
47,Sub bacia do Rio Sarapuí,Outono,24,I_24h,5.169712,0.550000,4.708329,0.723660,0.000000,0.009524,0.000000,1.000000,0.704762,0.075000,0.000000,0.019048,0.000000,0.833333,0.552381,0.079365,8,0.664768,-0.010000,2.288480,0.500000,0.050000,0.375000,6,105
47,Sub bacia do Rio Sarapuí,Inverno,1/6,I_15min,,,,,,,,,,,,,,,,,0,,,,,,,0,60
47,Sub bacia do Rio Sarapuí,Inverno,1/2,I_30min,,,,,,,,,,,,,,,,,0,,,,,,,0,60
47,Sub bacia do Rio Sarapuí,Inverno,1,I_1h,,,,,,,,,,,,,,,,,0,,,,,,,0,60
47,Sub bacia do Rio Sarapuí,Inverno,2,I_2h,,,,,,,,,,,,,,,,,0,,,,,,,0,60
47,Sub bacia do Rio Sarapuí,Inverno,3,I_3h,,,,,,,,,,,,,,,,,0,,,,,,,0,60
47,Sub bacia do Rio Sarapuí,Inverno,6,I_6h,,,,,,,,,,,,,,,,,0,,,,,,,0,60
47,Sub bacia do Rio Sarapuí,Inverno,8,I_8h,,,,,,,,,,,,,,,,,0,,,,,,,0,60
47,Sub bacia do Rio Sarapuí,Inverno,10,I_10h,,,,,,,,,,,,,,,,,0,,,,,,,0,60
47,Sub bacia do Rio Sarapuí,Inverno,12,I_12h,,,,,,,,,,,,,,,,,0,,,,,,,0,60
47,Sub bacia do Rio Sarapuí,Inverno,24,I_24h,,,,,,,,,,,,,,,,,0,,,,,,,0,58
47,Sub bacia do Rio Sarapuí,Primavera,1/6,I_15min,78.214287,7.160741,74.566114,8.544214,0.000000,0.008696,0.000000,1.000000,0.713043,0.035294,0.000000,0.017391,0.000000,0.666667,0.600000,0.028169,4,11.440026,-0.947895,20.676058,0.666667,0.157895,0.100000,3,115
47,Sub bacia do Rio Sarapuí,Primavera,1/2,I_30min,66.795599,6.360804,46.685282,7.020351,0.000000,0.008696,0.000000,1.000000,0.643478,0.038961,0.000000,0.017391,0.000000,0.666667,0.573913,0.029412,3,44.465442,-0.166316,8.621832,0.333333,0.096491,0.083333,3,115
47,Sub bacia do Rio Sarapuí,Primavera,1,I_1h,50.796616,6.150989,25.883094,6.225664,0.000000,0.008696,0.000000,1.000000,0.530435,0.046875,0.000000,0.017391,0.000000,0.666667,0.513043,0.032787,3,23.499639,-0.166316,4.715091,0.333333,0.131579,0.062500,3,115
47,Sub bacia do Rio Sarapuí,Primavera,2,I_2h,31.597933,3.692979,14.017286,3.851229,0.000000,0.008696,0.000000,1.000000,0.704348,0.035714,0.000000,0.017391,0.000000,0.666667,0.643478,0.026316,1,1.802344,-0.843684,5.184360,0.666667,0.269565,0.060606,3,115
47,Sub bacia do Rio Sarapuí,Primavera,3,I_3h,21.931994,3.032589,10.386283,3.240048,0.000000,0.008696,0.000000,1.000000,0.678261,0.037037,0.000000,0.017391,0.000000,0.666667,0.643478,0.026316,1,0.510718,-0.895789,4.990730,0.666667,0.191304,0.083333,3,115
47,Sub bacia do Rio Sarapuí,Primavera,6,I_6h,11.032686,2.369901,6.411733,2.543199,0.000000,0.008696,0.000000,1.000000,0.400000,0.061224,0.000000,0.017391,0.000000,0.666667,0.339130,0.048780,1,0.410288,-0.010000,3.638489,0.666667,0.078261,0.181818,3,115
47,Sub bacia do Rio Sarapuí,Primavera,8,I_8h,8.274514,2.049972,5.712628,2.171784,0.000000,0.008696,0.000000,1.000000,0.330435,0.073171,0.000000,0.017391,0.000000,0.666667,0.313043,0.052632,1,0.560851,-0.062105,3.526389,0.333333,0.026087,0.250000,3,115
47,Sub bacia do Rio Sarapuí,Primavera,10,I_10h,6.619612,1.639978,5.072321,1.738016,0.000000,0.008696,0.000000,1.000000,0.339130,0.071429,0.000000,0.017391,0.000000,0.666667,0.330435,0.050000,1,0.661688,-0.114211,2.985763,0.333333,0.026087,0.250000,3,115
47,Sub bacia do Rio Sarapuí,Primavera,12,I_12h,5.516343,1.366648,4.627707,1.448591,0.000000,0.008696,0.000000,1.000000,0.356522,0.068182,0.000000,0.017391,0.000000,0.666667,0.330435,0.050000,1,0.731152,-0.166316,2.524731,0.333333,0.026087,0.250000,3,115
47,Sub bacia do Rio Sarapuí,Primavera,24,I_24h,3.425543,0.683324,2.733624,0.724336,0.000000,0.009615,0.000000,1.000000,0.461538,0.058824,0.000000,0.019231,0.000000,0.666667,0.403846,0.045455,1,0.381220,-0.114211,1.278418,0.333333,0.028846,0.250000,3,104
48,Sub bacia do Rio Ramos,Verao,1/6,I_15min,98.074655,8.175794,92.736000,13.056606,0.043478,0.005618,0.500000,1.000000,0.865169,0.129944,0.043478,0.011236,0.333333,0.913043,0.775281,0.132075,7,133.669214,-0.062105,34.567792,0.260870,0.034286,0.500000,23,178
48,Sub bacia do Rio Ramos,Verao,1/2,I_30min,81.600000,7.740635,78.170212,9.599459,0.043478,0.005618,0.500000,1.000000,0.825843,0.135294,0.043478,0.011236,0.333333,0.913043,0.775281,0.132075,10,145.737114,-0.062105,28.494043,0.304348,0.040000,0.500000,23,178
48,Sub bacia do Rio Ramos,Verao,1,I_1h,60.963272,5.061873,56.352000,5.990969,0.043478,0.005618,0.500000,1.000000,0.870787,0.129213,0.043478,0.011236,0.333333,0.913043,0.831461,0.124260,8,65.652975,-0.218421,19.181910,0.521739,0.108571,0.387097,23,178
48,Sub bacia do Rio Ramos,Verao,2,I_2h,35.881484,3.371610,30.098000,5.354020,0.043478,0.005618,0.500000,1.000000,0.893258,0.126374,0.043478,0.011236,0.333333,0.913043,0.679775,0.147887,7,14.774629,-0.114211,10.020223,0.521739,0.120000,0.363636,23,178
48,Sub bacia do Rio Ramos,Verao,3,I_3h,25.076888,2.505620,20.639333,3.769006,0.043478,0.005618,0.500000,1.000000,0.915730,0.123656,0.043478,0.011236,0.333333,0.913043,0.702247,0.143836,7,10.332273,-0.010000,4.772365,0.347826,0.057143,0.444444,23,178
48,Sub bacia do Rio Ramos,Verao,6,I_6h,12.620998,1.728607,11.926622,1.907943,0.043478,0.005618,0.500000,1.000000,0.876404,0.128492,0.086957,0.011236,0.500000,0.913043,0.792135,0.129630,5,6.992013,-0.166316,3.895305,0.521739,0.152542,0.307692,23,178
48,Sub bacia do Rio Ramos,Verao,8,I_8h,9.566953,1.425000,9.097088,1.729911,0.086957,0.005618,0.666667,1.000000,0.831461,0.134503,0.086957,0.011236,0.500000,0.913043,0.674157,0.148936,7,2.812702,-0.010000,3.910149,0.304348,0.040000,0.500000,23,178
48,Sub bacia do Rio Ramos,Verao,10,I_10h,7.814148,1.140000,7.379537,1.401187,0.086957,0.005618,0.666667,1.000000,0.848315,0.132184,0.086957,0.011236,0.500000,0.913043,0.674157,0.148936,1,2.681801,-0.010000,2.688531,0.347826,0.061798,0.421053,23,178
48,Sub bacia do Rio Ramos,Verao,12,I_12h,6.515850,0.950000,6.304215,1.172175,0.086957,0.005618,0.666667,1.000000,0.865169,0.129944,0.086957,0.011236,0.500000,0.913043,0.685393,0.146853,7,1.890743,-0.010000,2.662002,0.347826,0.051429,0.470588,23,178
48,Sub bacia do Rio Ramos,Verao,24,I_24h,3.480994,0.475000,3.291078,0.597241,0.130435,0.005882,0.750000,1.000000,0.905882,0.129944,0.130435,0.011765,0.600000,0.913043,0.741176,0.142857,6,0.980339,-0.010000,1.335498,0.347826,0.065089,0.421053,23,170
48,Sub bacia do Rio Ramos,Outono,1/6,I_15min,105.737837,16.216535,102.307229,16.999938,0.125000,0.008850,0.500000,1.000000,0.628319,0.101266,0.125000,0.017699,0.333333,0.875000,0.592920,0.094595,1,16.086637,-0.218421,38.690865,0.500000,0.106195,0.250000,8,113
48,Sub bacia do Rio Ramos,Outono,1/2,I_30min,81.443389,13.262950,70.392834,13.746236,0.125000,0.008850,0.500000,1.000000,0.575221,0.109589,0.250000,0.017699,0.500000,0.875000,0.548673,0.101449,1,17.600665,-0.010000,29.296061,0.500000,0.053097,0.400000,8,113
48,Sub bacia do Rio Ramos,Outono,1,I_1h,53.130741,9.299405,51.956157,9.649138,0.000000,0.008850,0.000000,1.000000,0.548673,0.114286,0.000000,0.017699,0.000000,0.875000,0.522124,0.106061,1,7.012319,-0.895789,28.592933,0.500000,0.044248,0.444444,8,113
48,Sub bacia do Rio Ramos,Outono,2,I_2h,46.981583,6.515382,27.682480,6.633321,0.000000,0.008850,0.000000,1.000000,0.433628,0.140351,0.125000,0.017699,0.333333,0.875000,0.415929,0.129630,10,9.638063,-0.270526,15.075251,0.500000,0.065421,0.363636,8,113
48,Sub bacia do Rio Ramos,Outono,3,I_3h,37.902423,5.466667,22.535300,5.551930,0.000000,0.008850,0.000000,1.000000,0.389381,0.153846,0.125000,0.017699,0.333333,0.875000,0.380531,0.140000,10,6.525596,-0.531053,10.526206,0.500000,0.084112,0.307692,8,113
48,Sub bacia do Rio Ramos,Outono,6,I_6h,20.720931,3.419771,14.564259,3.484253,0.125000,0.008850,0.500000,1.000000,0.336283,0.173913,0.125000,0.017699,0.333333,0.875000,0.336283,0.155556,10,3.328515,-0.322632,5.535307,0.500000,0.112150,0.250000,8,113
48,Sub bacia do Rio Ramos,Outono,8,I_8h,15.550458,2.564828,12.523663,2.613190,0.125000,0.008850,0.500000,1.000000,0.380531,0.156863,0.125000,0.017699,0.333333,0.875000,0.371681,0.142857,2,2.496386,-0.895789,2.865174,0.625000,0.171171,0.208333,8,113
48,Sub bacia do Rio Ramos,Outono,10,I_10h,12.440367,2.051863,11.470582,2.090552,0.125000,0.008850,0.500000,1.000000,0.415929,0.145455,0.125000,0.017699,0.333333,0.875000,0.398230,0.134615,2,1.997109,-0.791579,2.296469,0.625000,0.171171,0.208333,8,113
48,Sub bacia do Rio Ramos,Outono,12,I_12h,10.735474,1.709886,10.171224,1.742126,0.125000,0.008850,0.500000,1.000000,0.433628,0.140351,0.125000,0.017699,0.333333,0.875000,0.424779,0.127273,2,1.664257,-0.791579,1.913724,0.625000,0.171171,0.208333,8,113
48,Sub bacia do Rio Ramos,Outono,24,I_24h,7.386532,0.901001,5.194443,0.961163,0.125000,0.009009,0.500000,1.000000,0.441441,0.140351,0.125000,0.018018,0.333333,0.875000,0.405405,0.134615,2,0.477251,-0.791579,1.260031,0.625000,0.155963,0.227273,8,111
48,Sub bacia do Rio Ramos,Inverno,1/6,I_15min,46.637322,7.171644,42.325256,8.335444,0.000000,0.015873,0.000000,1.000000,0.777778,0.057692,0.000000,0.015873,0.000000,0.666667,0.571429,0.052632,1,20.190742,-0.062105,21.726503,0.333333,0.015873,0.500000,3,63
48,Sub bacia do Rio Ramos,Inverno,1/2,I_30min,37.846112,6.402064,36.513468,6.854185,0.000000,0.015873,0.000000,1.000000,0.619048,0.071429,0.000000,0.015873,0.000000,0.666667,0.587302,0.051282,1,24.678516,-0.062105,14.105311,0.333333,0.031746,0.333333,3,63
48,Sub bacia do Rio Ramos,Inverno,1,I_1h,29.795571,5.153371,25.773597,5.338217,0.000000,0.015873,0.000000,1.000000,0.523810,0.083333,0.000000,0.015873,0.000000,0.666667,0.523810,0.057143,1,11.186822,-0.062105,12.181700,0.333333,0.015873,0.500000,3,63
48,Sub bacia do Rio Ramos,Inverno,2,I_2h,21.031845,3.674655,18.250978,3.732160,0.000000,0.015873,0.000000,1.000000,0.587302,0.075000,0.000000,0.015873,0.000000,0.666667,0.539683,0.055556,1,8.161259,-0.531053,8.513652,0.333333,0.015873,0.500000,3,63
48,Sub bacia do Rio Ramos,Inverno,3,I_3h,21.367027,3.280602,16.135207,3.430438,0.000000,0.015873,0.000000,1.000000,0.476190,0.090909,0.000000,0.015873,0.000000,0.666667,0.476190,0.062500,1,5.803959,-1.000000,7.153019,0.333333,0.015873,0.500000,3,63
48,Sub bacia do Rio Ramos,Inverno,6,I_6h,12.673259,1.969579,9.691781,2.056817,0.000000,0.015873,0.000000,1.000000,0.555556,0.078947,0.000000,0.015873,0.000000,0.666667,0.523810,0.057143,1,3.507750,-0.062105,4.393420,0.333333,0.015873,0.500000,3,63
48,Sub bacia do Rio Ramos,Inverno,8,I_8h,9.505219,1.647874,7.369104,1.786999,0.000000,0.015873,0.000000,1.000000,0.539683,0.081081,0.000000,0.015873,0.000000,0.666667,0.460317,0.064516,1,2.356773,-0.114211,3.884296,0.333333,0.015873,0.500000,3,63
48,Sub bacia do Rio Ramos,Inverno,10,I_10h,7.604175,1.340430,5.929625,1.453192,0.000000,0.015873,0.000000,1.000000,0.571429,0.076923,0.000000,0.015873,0.000000,0.666667,0.460317,0.064516,1,1.784647,-0.114211,3.368334,0.333333,0.015873,0.500000,3,63
48,Sub bacia do Rio Ramos,Inverno,12,I_12h,6.336813,1.132255,4.952481,1.224700,0.000000,0.015873,0.000000,1.000000,0.587302,0.075000,0.000000,0.015873,0.000000,0.666667,0.476190,0.062500,1,1.293560,-0.062105,2.839520,0.333333,0.015873,0.500000,3,63
48,Sub bacia do Rio Ramos,Inverno,24,I_24h,3.209615,0.617850,2.559204,0.658900,0.000000,0.016393,0.000000,1.000000,0.557377,0.081081,0.000000,0.016393,0.000000,0.666667,0.459016,0.066667,1,0.717724,-0.114211,1.535634,0.333333,0.016393,0.500000,3,61
48,Sub bacia do Rio Ramos,Primavera,1/6,I_15min,120.000000,6.850253,86.200000,6.965227,0.000000,0.008475,0.000000,1.000000,0.754237,0.032609,0.000000,0.016949,0.000000,0.666667,0.745763,0.022222,1,7.041131,-0.426842,7.687419,0.666667,0.542373,0.030303,3,118
48,Sub bacia do Rio Ramos,Primavera,1/2,I_30min,71.200000,6.350869,54.928000,6.515783,0.000000,0.008475,0.000000,1.000000,0.694915,0.035294,0.000000,0.016949,0.000000,0.666667,0.652542,0.025316,1,28.922012,-0.635263,7.444184,0.333333,0.254237,0.032258,3,118
48,Sub bacia do Rio Ramos,Primavera,1,I_1h,41.200000,5.668727,38.859662,5.781854,0.000000,0.008475,0.000000,1.000000,0.618644,0.039474,0.000000,0.016949,0.000000,0.666667,0.593220,0.027778,1,18.549785,-0.635263,6.625280,0.333333,0.203390,0.040000,3,118
48,Sub bacia do Rio Ramos,Primavera,2,I_2h,25.881322,4.091841,23.066327,4.142657,0.000000,0.008475,0.000000,1.000000,0.635593,0.038462,0.000000,0.016949,0.000000,0.666667,0.627119,0.026316,1,13.660148,-1.000000,4.577463,0.666667,0.203390,0.076923,3,118
48,Sub bacia do Rio Ramos,Primavera,3,I_3h,17.920881,2.727894,15.669928,2.761771,0.000000,0.008475,0.000000,1.000000,0.737288,0.033333,0.000000,0.016949,0.000000,0.666667,0.728814,0.022727,1,11.236465,-0.531053,2.840330,0.666667,0.228814,0.068966,3,118
48,Sub bacia do Rio Ramos,Primavera,6,I_6h,9.191210,1.589557,7.868662,1.590602,0.000000,0.008475,0.000000,1.000000,0.796610,0.030928,0.000000,0.016949,0.000000,0.666667,0.796610,0.020833,1,7.381672,-0.218421,0.111394,0.666667,0.228814,0.068966,3,118
48,Sub bacia do Rio Ramos,Primavera,8,I_8h,6.893408,1.200000,5.901496,1.217869,0.000000,0.008475,0.000000,1.000000,0.847458,0.029126,0.000000,0.016949,0.000000,0.666667,0.830508,0.020000,1,2.859491,-0.374737,2.422062,0.333333,0.101695,0.076923,3,118
48,Sub bacia do Rio Ramos,Primavera,10,I_10h,5.514726,0.960000,4.721197,0.974295,0.000000,0.008475,0.000000,1.000000,0.889831,0.027778,0.000000,0.016949,0.000000,0.666667,0.855932,0.019417,1,2.222966,-0.218421,1.925704,0.333333,0.093220,0.083333,3,118
48,Sub bacia do Rio Ramos,Primavera,12,I_12h,4.595605,0.800000,3.971461,0.811913,0.000000,0.008475,0.000000,1.000000,0.940678,0.026316,0.000000,0.016949,0.000000,0.666667,0.906780,0.018349,1,2.070848,-0.270526,1.714328,0.333333,0.093220,0.083333,3,118
48,Sub bacia do Rio Ramos,Primavera,24,I_24h,2.464410,0.425000,2.283836,0.428456,0.000000,0.009434,0.000000,1.000000,0.981132,0.028037,0.000000,0.018868,0.000000,0.666667,0.952830,0.019417,1,1.535341,-0.322632,0.879349,0.333333,0.103774,0.083333,3,106
49,Sub bacia do Canal do Cunha,Verao,1/6,I_15min,90.400000,3.441056,74.560000,8.577619,0.047619,0.006211,0.800000,1.000000,1.000000,0.342857,0.059524,0.012422,0.714286,0.940476,0.894410,0.354260,1,18.458846,-1.000000,31.659056,0.440476,0.180124,0.560606,84,161
49,Sub bacia do Canal do Cunha,Verao,1/2,I_30min,81.600000,2.640389,69.200000,6.962339,0.023810,0.006211,0.666667,1.000000,1.000000,0.342857,0.047619,0.012422,0.666667,0.940476,0.900621,0.352679,1,31.503191,-0.062105,5.740239,0.488095,0.223602,0.532468,84,161
49,Sub bacia do Canal do Cunha,Verao,1,I_1h,58.200000,2.087303,46.986986,5.454389,0.011905,0.006211,0.500000,1.000000,1.000000,0.342857,0.035714,0.012422,0.600000,0.940476,0.875776,0.359091,10,44.311699,-0.062105,7.608691,0.530120,0.253165,0.523810,84,161
49,Sub bacia do Canal do Cunha,Verao,2,I_2h,29.500000,1.442191,26.365361,3.700519,0.035714,0.006211,0.750000,1.000000,1.000000,0.342857,0.047619,0.012422,0.666667,0.940476,0.894410,0.354260,9,19.723212,-0.062105,5.251227,0.530120,0.227848,0.550000,84,161
49,Sub bacia do Canal do Cunha,Verao,3,I_3h,20.133333,1.163078,18.621384,2.961060,0.035714,0.006211,0.750000,1.000000,1.000000,0.342857,0.059524,0.012422,0.714286,0.940476,0.894410,0.354260,8,6.618930,-0.062105,5.300286,0.518072,0.196203,0.581081,84,161
49,Sub bacia do Canal do Cunha,Verao,6,I_6h,12.189233,0.701995,10.097310,1.733505,0.023810,0.006211,0.666667,1.000000,1.000000,0.342857,0.059524,0.012422,0.714286,0.940476,0.881988,0.357466,5,2.628961,-0.062105,2.512532,0.583333,0.262500,0.538462,84,161
49,Sub bacia do Canal do Cunha,Verao,8,I_8h,9.811787,0.742580,7.755276,1.313880,0.011905,0.006211,0.500000,1.000000,1.000000,0.342857,0.071429,0.012422,0.750000,0.940476,0.900621,0.352679,4,2.608654,-0.062105,1.764013,0.535714,0.218750,0.562500,84,161
49,Sub bacia do Canal do Cunha,Verao,10,I_10h,8.044222,0.656175,6.442292,1.051369,0.011905,0.006211,0.500000,1.000000,0.987578,0.345679,0.071429,0.012422,0.750000,0.940476,0.913043,0.349558,8,2.416384,-0.062105,1.493923,0.614458,0.272152,0.542553,84,161
49,Sub bacia do Canal do Cunha,Verao,12,I_12h,6.828958,0.577525,5.516373,0.876141,0.011905,0.006211,0.500000,1.000000,0.981366,0.347107,0.059524,0.012422,0.714286,0.940476,0.913043,0.349558,8,1.413294,-0.062105,1.368702,0.638554,0.310127,0.519608,84,161
49,Sub bacia do Canal do Cunha,Verao,24,I_24h,3.629894,0.433333,3.236905,0.477675,0.023810,0.006623,0.666667,1.000000,0.960265,0.366812,0.023810,0.013245,0.500000,0.940476,0.887417,0.370892,5,1.071772,-0.062105,0.558735,0.619048,0.278146,0.553191,84,151
49,Sub bacia do Canal do Cunha,Outono,1/6,I_15min,100.082737,8.800000,82.285973,9.978236,0.020833,0.009091,0.500000,1.000000,0.890909,0.328767,0.041667,0.018182,0.500000,0.937500,0.845455,0.326087,3,15.983333,-0.218421,18.902952,0.638298,0.273585,0.508475,48,110
49,Sub bacia do Canal do Cunha,Outono,1/2,I_30min,67.536567,4.800000,66.393094,7.509410,0.041667,0.009091,0.666667,1.000000,0.972727,0.309677,0.041667,0.018182,0.500000,0.937500,0.863636,0.321429,3,69.238905,-0.270526,14.387140,0.382979,0.132075,0.562500,48,110
49,Sub bacia do Canal do Cunha,Outono,1,I_1h,51.102288,3.000000,40.043928,5.193880,0.020833,0.009091,0.500000,1.000000,0.981818,0.307692,0.062500,0.018182,0.600000,0.937500,0.900000,0.312500,10,17.009458,-0.010000,5.541540,0.369565,0.117647,0.586207,48,110
49,Sub bacia do Canal do Cunha,Outono,2,I_2h,41.544763,2.600000,22.636516,3.362711,0.000000,0.009091,0.000000,1.000000,0.963636,0.311688,0.062500,0.018182,0.600000,0.937500,0.909091,0.310345,2,11.283589,-0.166316,3.859028,0.531915,0.247706,0.480769,48,110
49,Sub bacia do Canal do Cunha,Outono,3,I_3h,33.447657,2.235454,16.258408,2.460596,0.000000,0.009091,0.000000,1.000000,0.963636,0.311688,0.083333,0.018182,0.666667,0.937500,0.963636,0.298013,1,5.114833,-0.374737,4.224382,0.479167,0.190909,0.522727,48,110
49,Sub bacia do Canal do Cunha,Outono,6,I_6h,20.025095,1.250825,10.772980,1.374564,0.000000,0.009091,0.000000,1.000000,1.000000,0.303797,0.083333,0.018182,0.666667,0.937500,0.981818,0.294118,2,2.669210,-0.270526,2.261121,0.574468,0.256881,0.490909,48,110
49,Sub bacia do Canal do Cunha,Outono,8,I_8h,15.164109,0.975000,9.270983,1.080533,0.020833,0.009091,0.500000,1.000000,0.990909,0.305732,0.041667,0.018182,0.500000,0.937500,0.990909,0.292208,2,4.031463,-0.218421,1.776320,0.468085,0.165138,0.550000,48,110
49,Sub bacia do Canal do Cunha,Outono,10,I_10h,12.131287,0.780000,8.131992,1.003956,0.020833,0.009091,0.500000,1.000000,0.990909,0.305732,0.041667,0.018182,0.500000,0.937500,0.954545,0.300000,3,1.455828,-0.322632,1.563657,0.553191,0.245283,0.500000,48,110
49,Sub bacia do Canal do Cunha,Outono,12,I_12h,10.109406,0.650000,7.148088,0.877565,0.020833,0.009091,0.500000,1.000000,0.990909,0.305732,0.041667,0.018182,0.500000,0.937500,0.900000,0.312500,2,3.350805,-0.478947,1.430554,0.425532,0.137615,0.571429,48,110
49,Sub bacia do Canal do Cunha,Outono,24,I_24h,5.054703,0.433333,4.452522,0.488642,0.021277,0.009174,0.500000,1.000000,0.954128,0.311258,0.021277,0.018349,0.333333,0.936170,0.844037,0.323529,4,1.983147,-0.583158,1.201205,0.347826,0.076923,0.666667,47,109
49,Sub bacia do Canal do Cunha,Inverno,1/6,I_15min,53.097802,11.998522,51.674541,12.314809,0.000000,0.011236,0.000000,1.000000,0.449438,0.111111,0.000000,0.011236,0.000000,0.800000,0.449438,0.090909,1,33.763365,-0.062105,18.092872,0.200000,0.011364,0.500000,5,89
49,Sub bacia do Canal do Cunha,Inverno,1/2,I_30min,46.040067,9.987549,39.178769,10.172337,0.000000,0.011236,0.000000,1.000000,0.404494,0.121951,0.000000,0.011236,0.000000,0.800000,0.382022,0.105263,1,29.816945,-0.062105,14.985173,0.200000,0.011364,0.500000,5,89
49,Sub bacia do Canal do Cunha,Inverno,1,I_1h,34.615113,6.992408,23.003679,7.264070,0.000000,0.011236,0.000000,1.000000,0.426966,0.116279,0.000000,0.011236,0.000000,0.800000,0.393258,0.102564,2,30.361224,-0.739474,9.460263,0.600000,0.056818,0.375000,5,89
49,Sub bacia do Canal do Cunha,Inverno,2,I_2h,22.181331,4.818134,15.232113,4.873630,0.000000,0.011236,0.000000,1.000000,0.393258,0.125000,0.000000,0.011236,0.000000,0.800000,0.393258,0.102564,1,6.950532,-0.010000,7.574848,0.200000,0.011364,0.500000,5,89
49,Sub bacia do Canal do Cunha,Inverno,3,I_3h,16.904046,4.302351,12.221021,4.321117,0.000000,0.011236,0.000000,1.000000,0.280899,0.166667,0.000000,0.011236,0.000000,0.800000,0.280899,0.137931,1,28.326355,-0.687368,5.323955,0.400000,0.022727,0.500000,5,89
49,Sub bacia do Canal do Cunha,Inverno,6,I_6h,9.353102,2.265558,8.294828,2.365424,0.000000,0.011236,0.000000,1.000000,0.471910,0.106383,0.000000,0.011236,0.000000,0.800000,0.404494,0.100000,1,12.552674,-0.426842,2.659144,0.600000,0.034091,0.500000,5,89
49,Sub bacia do Canal do Cunha,Inverno,8,I_8h,7.032784,1.855428,6.585934,1.999118,0.000000,0.011236,0.000000,1.000000,0.426966,0.116279,0.000000,0.011236,0.000000,0.800000,0.370787,0.108108,1,10.078364,-0.478947,2.381134,0.600000,0.034091,0.500000,5,89
49,Sub bacia do Canal do Cunha,Inverno,10,I_10h,6.120000,1.491371,5.685480,1.608738,0.000000,0.011236,0.000000,1.000000,0.483146,0.104167,0.000000,0.011236,0.000000,0.800000,0.404494,0.100000,1,9.052851,-0.531053,2.085556,0.600000,0.022727,0.600000,5,89
49,Sub bacia do Canal do Cunha,Inverno,12,I_12h,5.400000,1.242809,4.773900,1.340617,0.000000,0.011236,0.000000,1.000000,0.516854,0.098039,0.000000,0.011236,0.000000,0.800000,0.415730,0.097561,1,7.666276,-0.531053,1.777522,0.600000,0.022727,0.600000,5,89
49,Sub bacia do Canal do Cunha,Inverno,24,I_24h,3.316667,0.621404,2.518292,0.670308,0.000000,0.011765,0.000000,1.000000,0.588235,0.090909,0.000000,0.011765,0.000000,0.800000,0.494118,0.086957,1,3.118335,-0.478947,1.029969,0.600000,0.023529,0.600000,5,85
49,Sub bacia do Canal do Cunha,Primavera,1/6,I_15min,124.800000,4.734877,96.933362,7.369591,0.000000,0.007042,0.000000,1.000000,0.950704,0.186747,0.000000,0.014085,0.000000,0.935484,0.767606,0.210145,1,11.890366,-1.000000,15.415951,0.774194,0.274648,0.380952,31,142
49,Sub bacia do Canal do Cunha,Primavera,1/2,I_30min,92.400000,3.783973,64.766793,5.969751,0.000000,0.007042,0.000000,1.000000,0.957746,0.185629,0.000000,0.014085,0.000000,0.935484,0.816901,0.200000,4,103.274487,-0.791579,13.714832,0.645161,0.204225,0.408163,31,142
49,Sub bacia do Canal do Cunha,Primavera,1,I_1h,47.400000,2.885319,39.889575,5.082670,0.000000,0.007042,0.000000,1.000000,0.964789,0.184524,0.000000,0.014085,0.000000,0.935484,0.746479,0.214815,4,26.737748,-0.426842,9.699556,0.580645,0.183099,0.409091,31,142
49,Sub bacia do Canal do Cunha,Primavera,2,I_2h,23.700000,2.000784,20.078372,3.213803,0.000000,0.007042,0.000000,1.000000,0.978873,0.182353,0.000000,0.014085,0.000000,0.935484,0.816901,0.200000,4,26.702632,-0.635263,6.408036,0.548387,0.176056,0.404762,31,142
49,Sub bacia do Canal do Cunha,Primavera,3,I_3h,15.800000,1.671193,13.389204,2.741968,0.000000,0.007042,0.000000,1.000000,0.992958,0.180233,0.000000,0.014085,0.000000,0.935484,0.781690,0.207143,2,13.232518,-0.791579,4.591824,0.516129,0.147887,0.432432,31,142
49,Sub bacia do Canal do Cunha,Primavera,6,I_6h,8.425907,1.334069,7.534234,1.715249,0.032258,0.007042,0.500000,1.000000,0.936620,0.189024,0.032258,0.014085,0.333333,0.935484,0.788732,0.205674,2,6.937777,-1.000000,2.544593,0.580645,0.190141,0.400000,31,142
49,Sub bacia do Canal do Cunha,Primavera,8,I_8h,6.864892,1.193567,5.745818,1.323335,0.032258,0.007042,0.500000,1.000000,0.922535,0.191358,0.032258,0.014085,0.333333,0.935484,0.809859,0.201389,2,4.784537,-0.947895,2.045668,0.548387,0.197183,0.377778,31,142
49,Sub bacia do Canal do Cunha,Primavera,10,I_10h,5.810776,1.029937,4.881300,1.084170,0.032258,0.007042,0.500000,1.000000,0.880282,0.198718,0.032258,0.014085,0.333333,0.935484,0.809859,0.201389,2,2.973255,-0.687368,1.941866,0.419355,0.126761,0.419355,31,142
49,Sub bacia do Canal do Cunha,Primavera,12,I_12h,4.995623,0.866667,4.324555,1.000906,0.032258,0.007042,0.500000,1.000000,0.908451,0.193750,0.032258,0.014085,0.333333,0.935484,0.711268,0.223077,9,1.522508,-0.062105,1.652100,0.387097,0.119718,0.413793,31,142
49,Sub bacia do Canal do Cunha,Primavera,24,I_24h,2.927617,0.433333,2.525087,0.507285,0.035714,0.007692,0.500000,1.000000,0.961538,0.183007,0.035714,0.015385,0.333333,0.928571,0.730769,0.214876,1,0.975632,-0.270526,0.645287,0.500000,0.169231,0.388889,28,130
50,Micro bacia do Centro,Verao,1/6,I_15min,97.610531,7.404676,83.940731,12.640000,0.016949,0.009009,0.500000,1.000000,0.882883,0.375796,0.016949,0.018018,0.333333,0.949153,0.756757,0.400000,1,27.866122,-0.739474,23.771333,0.542373,0.171171,0.627451,59,111
50,Micro bacia do Centro,Verao,1/2,I_30min,79.458462,6.177533,56.787745,11.480000,0.000000,0.009009,0.000000,1.000000,0.891892,0.373418,0.050847,0.018018,0.600000,0.949153,0.693694,0.421053,1,44.150204,-0.843684,15.585056,0.542373,0.162162,0.640000,59,111
50,Micro bacia do Centro,Verao,1,I_1h,52.494449,4.488766,39.274479,8.380000,0.000000,0.009009,0.000000,1.000000,0.909910,0.368750,0.033898,0.018018,0.500000,0.949153,0.630631,0.444444,1,12.618891,-0.062105,7.002740,0.644068,0.171171,0.666667,59,111
50,Micro bacia do Centro,Verao,2,I_2h,31.455902,2.969968,25.483779,5.390000,0.000000,0.009009,0.000000,1.000000,0.918919,0.366460,0.016949,0.018018,0.333333,0.949153,0.621622,0.448000,1,3.270408,-1.000000,7.263955,0.711864,0.198198,0.656250,59,111
50,Micro bacia do Centro,Verao,3,I_3h,23.451321,2.230628,21.476876,3.610500,0.000000,0.009009,0.000000,1.000000,0.918919,0.366460,0.000000,0.018018,0.000000,0.949153,0.711712,0.414815,8,1.613840,-0.010000,5.480031,0.661017,0.166667,0.684211,59,111
50,Micro bacia do Centro,Verao,6,I_6h,15.822743,1.500000,10.948337,1.908497,0.000000,0.009009,0.000000,1.000000,0.927928,0.364198,0.016949,0.018018,0.333333,0.949153,0.801802,0.386207,9,2.414463,-0.010000,1.820080,0.677966,0.185185,0.666667,59,111
50,Micro bacia do Centro,Verao,8,I_8h,12.151703,1.125000,8.314780,1.457191,0.000000,0.009009,0.000000,1.000000,0.963964,0.355422,0.016949,0.018018,0.333333,0.949153,0.801802,0.386207,8,1.131951,-0.062105,2.451350,0.694915,0.194444,0.661290,59,111
50,Micro bacia do Centro,Verao,10,I_10h,9.739379,1.180000,6.682878,1.345606,0.000000,0.009009,0.000000,1.000000,0.801802,0.398649,0.016949,0.018018,0.333333,0.949153,0.729730,0.408759,10,1.350939,-0.062105,1.937055,0.661017,0.175926,0.672414,59,111
50,Micro bacia do Centro,Verao,12,I_12h,8.131163,0.983333,5.602659,1.164494,0.000000,0.009009,0.000000,1.000000,0.810811,0.395973,0.033898,0.018018,0.500000,0.949153,0.693694,0.421053,1,0.702925,-1.000000,1.857729,0.661017,0.189189,0.650000,59,111
50,Micro bacia do Centro,Verao,24,I_24h,4.616229,0.566667,3.279677,0.670669,0.000000,0.009524,0.000000,1.000000,0.771429,0.417266,0.017241,0.019048,0.333333,0.948276,0.580952,0.474138,1,1.089796,-0.062105,0.342200,0.655172,0.180952,0.666667,58,105
50,Micro bacia do Centro,Outono,1/6,I_15min,78.400000,8.812100,77.088000,11.678771,0.022727,0.012048,0.500000,1.000000,0.843373,0.385965,0.022727,0.012048,0.500000,0.931818,0.783133,0.386792,9,61.232468,-0.166316,13.993342,0.666667,0.282051,0.560000,44,83
50,Micro bacia do Centro,Outono,1/2,I_30min,63.200000,6.076256,60.248000,8.827634,0.022727,0.012048,0.500000,1.000000,0.903614,0.369748,0.045455,0.012048,0.666667,0.931818,0.795181,0.383178,1,22.114554,-1.000000,12.267331,0.568182,0.192771,0.609756,44,83
50,Micro bacia do Centro,Outono,1,I_1h,41.600000,4.489225,36.516000,6.016162,0.045455,0.012048,0.666667,1.000000,0.927711,0.363636,0.068182,0.012048,0.750000,0.931818,0.783133,0.386792,1,8.954693,-1.000000,8.149071,0.681818,0.253012,0.588235,44,83
50,Micro bacia do Centro,Outono,2,I_2h,20.800000,2.800000,19.813013,3.370834,0.090909,0.012048,0.800000,1.000000,0.963855,0.354839,0.113636,0.012048,0.833333,0.931818,0.891566,0.356522,9,9.611233,-0.062105,8.361373,0.500000,0.102564,0.724138,44,83
50,Micro bacia do Centro,Outono,3,I_3h,14.283829,1.933333,13.941756,2.473488,0.181818,0.012048,0.888889,1.000000,1.000000,0.346457,0.181818,0.012048,0.888889,0.931818,0.927711,0.347458,10,6.899121,-0.062105,5.429569,0.547619,0.128205,0.696970,44,83
50,Micro bacia do Centro,Outono,6,I_6h,7.645606,1.100000,7.545124,1.816006,0.250000,0.012048,0.916667,1.000000,1.000000,0.346457,0.250000,0.012048,0.916667,0.931818,0.831325,0.372727,6,1.507239,-0.218421,3.892369,0.547619,0.100000,0.741935,44,83
50,Micro bacia do Centro,Outono,8,I_8h,6.550917,1.200000,5.845851,1.367122,0.159091,0.012048,0.875000,1.000000,0.975904,0.352000,0.250000,0.012048,0.916667,0.931818,0.891566,0.356522,10,2.773130,-0.062105,1.902155,0.642857,0.192308,0.642857,44,83
50,Micro bacia do Centro,Outono,10,I_10h,5.844182,1.040000,5.278154,1.093698,0.136364,0.012048,0.857143,1.000000,0.975904,0.352000,0.204545,0.012048,0.900000,0.931818,0.939759,0.344538,8,1.698873,-0.218421,1.758703,0.761905,0.294872,0.581818,44,83
50,Micro bacia do Centro,Outono,12,I_12h,4.996134,0.883333,4.937218,0.913678,0.136364,0.012048,0.857143,1.000000,0.939759,0.360656,0.136364,0.012048,0.857143,0.931818,0.939759,0.344538,10,8.119201,-0.322632,2.085927,0.523810,0.102564,0.733333,44,83
50,Micro bacia do Centro,Outono,24,I_24h,2.607747,0.444684,2.590124,0.595542,0.159091,0.012346,0.875000,1.000000,0.962963,0.360656,0.159091,0.012346,0.875000,0.931818,0.753086,0.401961,7,0.402150,-0.322632,1.230015,0.547619,0.102564,0.741935,44,81
50,Micro bacia do Centro,Inverno,1/6,I_15min,59.200000,12.585684,55.952000,12.889979,0.000000,0.016949,0.000000,1.000000,0.457627,0.205882,0.000000,0.016949,0.000000,0.857143,0.423729,0.193548,1,32.879252,-0.322632,13.044196,0.857143,0.137931,0.428571,7,59
50,Micro bacia do Centro,Inverno,1/2,I_30min,43.200000,9.542899,42.736000,9.589795,0.142857,0.016949,0.500000,1.000000,0.474576,0.200000,0.142857,0.016949,0.500000,0.857143,0.474576,0.176471,1,34.369954,-0.374737,9.156964,0.857143,0.103448,0.500000,7,59
50,Micro bacia do Centro,Inverno,1,I_1h,31.600000,7.467407,28.700000,7.799042,0.142857,0.016949,0.500000,1.000000,0.389831,0.233333,0.142857,0.016949,0.500000,0.857143,0.372881,0.214286,1,18.472551,-0.635263,8.192676,0.857143,0.086207,0.545455,7,59
50,Micro bacia do Centro,Inverno,2,I_2h,17.100000,6.005227,15.418000,6.052993,0.142857,0.016949,0.500000,1.000000,0.220339,0.350000,0.285714,0.016949,0.666667,0.857143,0.220339,0.315789,2,21.105825,-0.218421,0.456297,0.857143,0.086207,0.545455,7,59
50,Micro bacia do Centro,Inverno,3,I_3h,12.866667,4.553874,11.204000,4.607712,0.285714,0.016949,0.666667,1.000000,0.220339,0.350000,0.285714,0.016949,0.666667,0.857143,0.203390,0.333333,1,4.845851,-0.635263,5.377283,0.714286,0.051724,0.625000,7,59
50,Micro bacia do Centro,Inverno,6,I_6h,6.466667,2.366667,5.653222,2.554631,0.285714,0.016949,0.666667,1.000000,0.305085,0.280000,0.285714,0.016949,0.666667,0.857143,0.271186,0.272727,1,2.956573,-0.218421,2.771695,0.857143,0.051724,0.666667,7,59
50,Micro bacia do Centro,Inverno,8,I_8h,4.850000,1.775000,4.324470,1.933793,0.285714,0.016949,0.666667,1.000000,0.440678,0.212121,0.285714,0.016949,0.666667,0.857143,0.322034,0.240000,1,2.681650,-0.218421,2.100125,0.857143,0.051724,0.666667,7,59
50,Micro bacia do Centro,Inverno,10,I_10h,3.880000,1.420000,3.739554,1.548162,0.428571,0.016949,0.750000,1.000000,0.457627,0.205882,0.428571,0.016949,0.750000,0.857143,0.389831,0.206897,1,2.068264,-0.218421,1.733728,0.857143,0.051724,0.666667,7,59
50,Micro bacia do Centro,Inverno,12,I_12h,3.297518,1.183333,3.260291,1.290135,0.428571,0.016949,0.750000,1.000000,0.474576,0.200000,0.428571,0.016949,0.750000,0.857143,0.389831,0.206897,1,1.842187,-0.218421,1.400171,0.857143,0.068966,0.600000,7,59
50,Micro bacia do Centro,Inverno,24,I_24h,2.581910,0.591667,2.524016,0.645068,0.285714,0.017857,0.666667,1.000000,0.607143,0.170732,0.285714,0.017857,0.666667,0.857143,0.517857,0.171429,1,1.937771,-0.166316,0.527306,0.857143,0.089286,0.545455,7,56
50,Micro bacia do Centro,Primavera,1/6,I_15min,78.400000,4.322749,68.656000,6.647344,0.033333,0.011364,0.500000,1.000000,0.954545,0.263158,0.033333,0.011364,0.500000,0.933333,0.772727,0.291667,1,37.676549,-0.114211,4.691137,0.566667,0.102273,0.653846,30,88
50,Micro bacia do Centro,Primavera,1/2,I_30min,66.000000,3.582564,52.776000,5.783640,0.033333,0.011364,0.500000,1.000000,0.965909,0.260870,0.033333,0.011364,0.500000,0.933333,0.761364,0.294737,2,33.469766,-0.114211,4.499064,0.600000,0.102273,0.666667,30,88
50,Micro bacia do Centro,Primavera,1,I_1h,43.600000,3.237183,32.464000,4.760381,0.033333,0.011364,0.500000,1.000000,0.920455,0.270270,0.033333,0.011364,0.500000,0.933333,0.750000,0.297872,2,21.924017,-0.114211,5.173932,0.500000,0.056818,0.750000,30,88
50,Micro bacia do Centro,Primavera,2,I_2h,27.400000,2.008155,16.960000,2.865265,0.000000,0.011364,0.000000,1.000000,0.965909,0.260870,0.133333,0.011364,0.800000,0.933333,0.863636,0.269231,2,7.802483,-0.062105,4.519298,0.600000,0.034091,0.857143,30,88
50,Micro bacia do Centro,Primavera,3,I_3h,19.200000,1.555350,11.428000,2.215048,0.000000,0.011364,0.000000,1.000000,0.977273,0.258621,0.166667,0.011364,0.833333,0.933333,0.897727,0.261682,2,3.456639,-0.062105,5.007060,0.566667,0.034091,0.850000,30,88
50,Micro bacia do Centro,Primavera,6,I_6h,9.600000,1.033160,7.095257,1.507680,0.066667,0.011364,0.666667,1.000000,0.988636,0.256410,0.166667,0.011364,0.833333,0.933333,0.897727,0.261682,2,1.224544,-0.374737,3.446515,0.633333,0.079545,0.730769,30,88
50,Micro bacia do Centro,Primavera,8,I_8h,7.200000,1.033126,6.176055,1.164714,0.066667,0.011364,0.666667,1.000000,0.965909,0.260870,0.133333,0.011364,0.800000,0.933333,0.931818,0.254545,1,1.572061,-0.166316,2.562932,0.600000,0.068182,0.750000,30,88
50,Micro bacia do Centro,Primavera,10,I_10h,5.760000,0.946709,5.291979,1.028300,0.100000,0.011364,0.750000,1.000000,0.954545,0.263158,0.133333,0.011364,0.800000,0.933333,0.886364,0.264151,2,1.835349,-0.270526,1.907796,0.666667,0.113636,0.666667,30,88
50,Micro bacia do Centro,Primavera,12,I_12h,4.800000,0.893820,4.499709,0.931048,0.100000,0.011364,0.750000,1.000000,0.863636,0.283019,0.133333,0.011364,0.800000,0.933333,0.818182,0.280000,5,0.579592,-0.062105,1.628745,0.700000,0.147727,0.617647,30,88
50,Micro bacia do Centro,Primavera,24,I_24h,2.420086,0.446910,2.404821,0.500881,0.107143,0.012987,0.750000,1.000000,0.909091,0.285714,0.107143,0.012987,0.750000,0.928571,0.779221,0.302326,3,3.283664,-0.739474,1.006207,0.678571,0.116883,0.678571,28,77
51,Sub bacia do Canal do Mangue,Verao,1/6,I_15min,105.791228,12.311465,82.480000,15.161933,0.028571,0.005988,0.666667,1.000000,0.820359,0.338164,0.042857,0.011976,0.600000,0.942857,0.766467,0.340206,7,82.596229,-0.062105,32.795738,0.257143,0.030675,0.782609,70,167
51,Sub bacia do Canal do Mangue,Verao,1/2,I_30min,81.600000,8.877368,76.974298,11.674793,0.014286,0.005988,0.500000,1.000000,0.850299,0.330189,0.028571,0.011976,0.500000,0.942857,0.772455,0.338462,6,136.729958,-0.114211,22.645452,0.300000,0.060976,0.677419,70,167
51,Sub bacia do Canal do Mangue,Verao,1,I_1h,58.200000,6.545170,53.275140,8.011260,0.014286,0.005988,0.500000,1.000000,0.838323,0.333333,0.014286,0.011976,0.333333,0.942857,0.778443,0.336735,1,24.241737,-0.478947,8.893333,0.600000,0.275449,0.477273,70,167
51,Sub bacia do Canal do Mangue,Verao,2,I_2h,30.559507,4.186070,27.520000,4.916780,0.014286,0.005988,0.500000,1.000000,0.868263,0.325581,0.028571,0.011976,0.500000,0.942857,0.766467,0.340206,1,11.447117,-0.426842,4.990068,0.628571,0.281437,0.483516,70,167
51,Sub bacia do Canal do Mangue,Verao,3,I_3h,20.843407,3.208003,19.530305,3.419649,0.042857,0.005988,0.750000,1.000000,0.862275,0.327103,0.042857,0.011976,0.600000,0.942857,0.820359,0.325123,10,11.481230,-0.062105,5.581284,0.457143,0.134969,0.592593,70,167
51,Sub bacia do Canal do Mangue,Verao,6,I_6h,12.377835,1.616702,10.240189,2.140562,0.028571,0.005988,0.666667,1.000000,0.916168,0.313901,0.071429,0.011976,0.714286,0.942857,0.742515,0.347368,8,6.238849,-0.218421,3.565466,0.571429,0.190184,0.563380,70,167
51,Sub bacia do Canal do Mangue,Verao,8,I_8h,9.871147,1.225511,7.680142,1.605421,0.028571,0.005988,0.666667,1.000000,0.934132,0.309735,0.071429,0.011976,0.714286,0.942857,0.772455,0.338462,8,4.318220,-0.062105,2.416844,0.485714,0.128834,0.618182,70,167
51,Sub bacia do Canal do Mangue,Verao,10,I_10h,8.019165,1.060000,6.144114,1.304261,0.028571,0.005988,0.666667,1.000000,0.904192,0.316742,0.071429,0.011976,0.714286,0.942857,0.778443,0.336735,4,1.980189,-0.322632,2.155368,0.614286,0.198795,0.565789,70,167
51,Sub bacia do Canal do Mangue,Verao,12,I_12h,6.684359,0.883333,5.167788,1.109253,0.028571,0.005988,0.666667,1.000000,0.922156,0.312500,0.071429,0.011976,0.714286,0.942857,0.772455,0.338462,2,2.577185,-0.322632,1.816474,0.500000,0.137725,0.603448,70,167
51,Sub bacia do Canal do Mangue,Verao,24,I_24h,3.362099,0.441667,3.151199,0.605926,0.028986,0.006289,0.666667,1.000000,0.962264,0.310811,0.043478,0.012579,0.600000,0.942029,0.723270,0.361111,6,1.140766,-0.322632,1.192646,0.507246,0.133758,0.625000,69,159
51,Sub bacia do Canal do Mangue,Outono,1/6,I_15min,128.800000,7.942883,80.416000,17.281231,0.000000,0.010309,0.000000,1.000000,0.907216,0.338346,0.044444,0.010309,0.666667,0.933333,0.649485,0.400000,5,43.509567,-0.062105,5.045163,0.581395,0.223404,0.543478,45,97
51,Sub bacia do Canal do Mangue,Outono,1/2,I_30min,84.000000,5.712208,71.712000,12.949431,0.022222,0.010309,0.500000,1.000000,0.938144,0.330882,0.044444,0.010309,0.666667,0.933333,0.639175,0.403846,6,20.145941,-0.218421,15.359386,0.627907,0.236559,0.551020,45,97
51,Sub bacia do Canal do Mangue,Outono,1,I_1h,51.000000,3.704163,49.272000,8.329445,0.044444,0.010309,0.666667,1.000000,0.979381,0.321429,0.044444,0.010309,0.666667,0.933333,0.680412,0.388889,10,41.950898,-0.062105,0.750423,0.558140,0.186813,0.585366,45,97
51,Sub bacia do Canal do Mangue,Outono,2,I_2h,25.600000,2.358180,24.640000,4.940000,0.111111,0.010309,0.833333,1.000000,0.979381,0.321429,0.111111,0.010309,0.833333,0.933333,0.742268,0.368421,6,57.576613,-0.322632,5.994645,0.534884,0.161290,0.605263,45,97
51,Sub bacia do Canal do Mangue,Outono,3,I_3h,17.066667,1.762960,16.426667,3.535577,0.177778,0.010309,0.888889,1.000000,1.000000,0.316901,0.177778,0.010309,0.888889,0.933333,0.773196,0.358974,4,40.567299,-0.322632,4.198741,0.511628,0.138298,0.628571,45,97
51,Sub bacia do Canal do Mangue,Outono,6,I_6h,8.533333,1.237328,8.213333,1.963364,0.222222,0.010309,0.909091,1.000000,1.000000,0.316901,0.222222,0.010309,0.909091,0.933333,0.814433,0.347107,9,3.458396,-0.010000,0.409175,0.744186,0.285714,0.551724,45,97
51,Sub bacia do Canal do Mangue,Outono,8,I_8h,6.400000,1.096916,6.160000,1.473557,0.244444,0.010309,0.916667,1.000000,0.979381,0.321429,0.266667,0.010309,0.923077,0.933333,0.865979,0.333333,10,2.957600,-0.010000,0.119873,0.744186,0.307692,0.533333,45,97
51,Sub bacia do Canal do Mangue,Outono,10,I_10h,5.120000,1.025445,4.928000,1.178846,0.266667,0.010309,0.923077,1.000000,0.989691,0.319149,0.266667,0.010309,0.923077,0.933333,0.876289,0.330709,8,11.792854,-0.114211,1.272307,0.558140,0.141304,0.648649,45,97
51,Sub bacia do Canal do Mangue,Outono,12,I_12h,4.267090,0.866667,4.266684,0.982372,0.266667,0.010309,0.923077,1.000000,0.989691,0.319149,0.266667,0.010309,0.923077,0.933333,0.896907,0.325581,4,7.139921,-0.114211,1.288097,0.488372,0.074468,0.750000,45,97
51,Sub bacia do Canal do Mangue,Outono,24,I_24h,2.516667,0.433333,2.390562,0.512548,0.200000,0.010417,0.900000,1.000000,1.000000,0.319149,0.244444,0.010417,0.916667,0.933333,0.916667,0.323077,9,0.388478,-0.062105,1.039316,0.558140,0.144444,0.648649,45,96
51,Sub bacia do Canal do Mangue,Inverno,1/6,I_15min,71.338416,6.133694,43.511836,8.248367,0.100000,0.012821,0.500000,1.000000,0.833333,0.133333,0.100000,0.012821,0.500000,0.900000,0.756410,0.132353,6,25.541005,-0.374737,10.885015,0.700000,0.280000,0.250000,10,78
51,Sub bacia do Canal do Mangue,Inverno,1/2,I_30min,65.231783,4.554724,36.255310,6.002790,0.000000,0.012821,0.000000,1.000000,0.897436,0.125000,0.100000,0.012821,0.500000,0.900000,0.705128,0.140625,6,17.380661,-0.478947,9.833064,0.700000,0.200000,0.318182,10,78
51,Sub bacia do Canal do Mangue,Inverno,1,I_1h,38.015892,3.464607,21.137432,4.368558,0.000000,0.012821,0.000000,1.000000,0.910256,0.123457,0.100000,0.012821,0.500000,0.900000,0.769231,0.130435,9,8.009467,-0.010000,10.663464,0.333333,0.013699,0.750000,10,78
51,Sub bacia do Canal do Mangue,Inverno,2,I_2h,19.180198,2.827430,14.148947,2.891806,0.000000,0.012821,0.000000,1.000000,0.807692,0.136986,0.200000,0.012821,0.666667,0.900000,0.807692,0.125000,1,6.998532,-0.687368,6.002586,0.500000,0.038961,0.625000,10,78
51,Sub bacia do Canal do Mangue,Inverno,3,I_3h,12.786799,2.330927,10.212467,2.377104,0.100000,0.012821,0.500000,1.000000,0.794872,0.138889,0.200000,0.012821,0.666667,0.900000,0.794872,0.126761,1,5.261142,-0.791579,4.566132,0.500000,0.064935,0.500000,10,78
51,Sub bacia do Canal do Mangue,Inverno,6,I_6h,6.393399,1.429512,5.372944,1.485820,0.200000,0.012821,0.666667,1.000000,0.846154,0.131579,0.200000,0.012821,0.666667,0.900000,0.794872,0.126761,2,2.944078,-0.114211,2.184094,0.500000,0.064935,0.500000,10,78
51,Sub bacia do Canal do Mangue,Inverno,8,I_8h,4.795050,1.254537,4.270425,1.259542,0.200000,0.012821,0.666667,1.000000,0.820513,0.135135,0.200000,0.012821,0.666667,0.900000,0.820513,0.123288,9,0.756842,-0.010000,2.383315,0.555556,0.068493,0.500000,10,78
51,Sub bacia do Canal do Mangue,Inverno,10,I_10h,3.836040,1.157295,3.700385,1.227126,0.200000,0.012821,0.666667,1.000000,0.705128,0.153846,0.200000,0.012821,0.666667,0.900000,0.576923,0.166667,2,1.809030,-0.062105,1.230639,0.600000,0.064935,0.545455,10,78
51,Sub bacia do Canal do Mangue,Inverno,12,I_12h,3.196700,1.077274,3.186726,1.084679,0.200000,0.012821,0.666667,1.000000,0.564103,0.185185,0.200000,0.012821,0.666667,0.900000,0.564103,0.169811,2,1.645664,-0.062105,1.007485,0.600000,0.077922,0.500000,10,78
51,Sub bacia do Canal do Mangue,Inverno,24,I_24h,1.838783,0.614607,1.804133,0.619507,0.222222,0.013333,0.666667,1.000000,0.506667,0.191489,0.222222,0.013333,0.666667,0.888889,0.506667,0.173913,1,0.631672,-1.000000,1.089872,0.555556,0.080000,0.454545,9,75
51,Sub bacia do Canal do Mangue,Primavera,1/6,I_15min,120.000000,7.342464,56.954335,8.522688,0.047619,0.007143,0.500000,1.000000,0.807143,0.156716,0.047619,0.014286,0.333333,0.952381,0.750000,0.160000,1,45.902094,-0.583158,11.485614,0.619048,0.171429,0.351351,21,140
51,Sub bacia do Canal do Mangue,Primavera,1/2,I_30min,71.200000,6.842006,40.429004,7.641851,0.047619,0.007143,0.500000,1.000000,0.721429,0.172131,0.047619,0.014286,0.333333,0.952381,0.685714,0.172414,1,69.809116,-0.895789,8.872125,0.619048,0.164286,0.361111,21,140
51,Sub bacia do Canal do Mangue,Primavera,1,I_1h,41.200000,5.616069,28.056295,6.119509,0.047619,0.007143,0.500000,1.000000,0.685714,0.179487,0.047619,0.014286,0.333333,0.952381,0.650000,0.180180,1,30.401431,-0.791579,5.972942,0.714286,0.178571,0.375000,21,140
51,Sub bacia do Canal do Mangue,Primavera,2,I_2h,20.600000,3.732737,18.667253,4.319860,0.047619,0.007143,0.500000,1.000000,0.757143,0.165354,0.095238,0.014286,0.500000,0.952381,0.671429,0.175439,1,7.037629,-0.322632,4.246778,0.857143,0.207143,0.382979,21,140
51,Sub bacia do Canal do Mangue,Primavera,3,I_3h,14.345910,2.863036,13.057718,2.986095,0.095238,0.007143,0.666667,1.000000,0.800000,0.157895,0.142857,0.014286,0.600000,0.952381,0.778571,0.155039,1,4.525484,-0.687368,3.906477,0.761905,0.200000,0.363636,21,140
51,Sub bacia do Canal do Mangue,Primavera,6,I_6h,7.172955,1.941713,6.613892,2.052861,0.190476,0.007143,0.800000,1.000000,0.664286,0.184211,0.190476,0.014286,0.666667,0.952381,0.635714,0.183486,1,2.846255,-0.114211,2.362640,0.571429,0.092857,0.480000,21,140
51,Sub bacia do Canal do Mangue,Primavera,8,I_8h,5.379716,1.568061,4.967931,1.671140,0.190476,0.007143,0.800000,1.000000,0.642857,0.189189,0.238095,0.014286,0.714286,0.952381,0.557143,0.204082,1,3.307697,-0.062105,0.674672,0.619048,0.128571,0.419355,21,140
51,Sub bacia do Canal do Mangue,Primavera,10,I_10h,4.303773,1.254449,4.004763,1.336912,0.190476,0.007143,0.800000,1.000000,0.671429,0.182609,0.238095,0.014286,0.714286,0.952381,0.557143,0.204082,2,2.874564,-0.062105,1.346780,0.523810,0.071429,0.523810,21,140
51,Sub bacia do Canal do Mangue,Primavera,12,I_12h,3.586477,1.045374,3.360255,1.117054,0.238095,0.007143,0.833333,1.000000,0.685714,0.179487,0.238095,0.014286,0.714286,0.952381,0.592857,0.194175,1,1.634364,-0.010000,1.107416,0.428571,0.035714,0.642857,21,140
51,Sub bacia do Canal do Mangue,Primavera,24,I_24h,2.045399,0.530640,1.774861,0.630019,0.142857,0.008000,0.750000,1.000000,0.728000,0.187500,0.238095,0.016000,0.714286,0.952381,0.576000,0.217391,1,0.766032,-0.687368,0.795218,0.761905,0.192000,0.400000,21,125
52,Sub bacia do Rio Carioca,Verao,1/6,I_15min,123.734805,5.695406,95.008000,9.823851,0.000000,0.006369,0.000000,1.000000,0.961783,0.095808,0.000000,0.012739,0.000000,0.937500,0.898089,0.096154,10,29.662520,-0.010000,38.081339,0.375000,0.038961,0.500000,16,157
52,Sub bacia do Rio Carioca,Verao,1/2,I_30min,101.200000,5.382248,76.553774,7.009808,0.000000,0.006369,0.000000,1.000000,0.955414,0.096386,0.000000,0.012739,0.000000,0.937500,0.904459,0.095541,1,16.171132,-0.010000,31.226770,0.437500,0.050955,0.466667,16,157
52,Sub bacia do Rio Carioca,Verao,1,I_1h,72.000000,4.781339,56.560036,5.049636,0.000000,0.006369,0.000000,1.000000,0.936306,0.098160,0.000000,0.012739,0.000000,0.937500,0.936306,0.092593,1,14.201679,-0.010000,23.914080,0.250000,0.019108,0.571429,16,157
52,Sub bacia do Rio Carioca,Verao,2,I_2h,39.500000,3.545699,35.549859,3.931146,0.000000,0.006369,0.000000,1.000000,0.929936,0.098765,0.000000,0.012739,0.000000,0.937500,0.891720,0.096774,1,10.800992,-0.010000,10.729650,0.250000,0.019108,0.571429,16,157
52,Sub bacia do Rio Carioca,Verao,3,I_3h,26.866667,2.784109,25.178933,3.446027,0.000000,0.006369,0.000000,1.000000,0.910828,0.100629,0.000000,0.012739,0.000000,0.937500,0.821656,0.104167,4,15.442402,-0.010000,2.333482,0.250000,0.025478,0.500000,16,157
52,Sub bacia do Rio Carioca,Verao,6,I_6h,15.002699,1.833333,12.915182,1.833333,0.000000,0.006369,0.000000,1.000000,0.885350,0.103226,0.062500,0.012739,0.333333,0.937500,0.885350,0.097403,1,1.369133,-0.374737,4.864703,0.625000,0.146497,0.303030,16,157
52,Sub bacia do Rio Carioca,Verao,8,I_8h,12.738985,1.375000,9.686387,1.412500,0.000000,0.006369,0.000000,1.000000,0.891720,0.102564,0.062500,0.012739,0.333333,0.937500,0.878981,0.098039,1,0.599472,-0.010000,3.996170,0.562500,0.121019,0.321429,16,157
52,Sub bacia do Rio Carioca,Verao,10,I_10h,10.517807,1.100000,7.793109,1.160000,0.000000,0.006369,0.000000,1.000000,0.891720,0.102564,0.062500,0.012739,0.333333,0.937500,0.866242,0.099338,1,1.214489,-0.010000,2.565894,0.562500,0.121019,0.321429,16,157
52,Sub bacia do Rio Carioca,Verao,12,I_12h,9.324042,0.916667,6.501591,1.129167,0.000000,0.006369,0.000000,1.000000,0.910828,0.100629,0.062500,0.012739,0.333333,0.937500,0.815287,0.104895,1,0.748942,-0.010000,2.402214,0.562500,0.121019,0.321429,16,157
52,Sub bacia do Rio Carioca,Verao,24,I_24h,6.326675,0.458333,3.441457,0.564583,0.000000,0.006711,0.000000,1.000000,0.973154,0.099379,0.062500,0.013423,0.333333,0.937500,0.859060,0.104895,1,0.100000,-0.010000,1.465702,0.562500,0.140940,0.300000,16,149
52,Sub bacia do Rio Carioca,Outono,1/6,I_15min,99.799401,12.369075,86.880000,15.772021,0.000000,0.009009,0.000000,1.000000,0.828829,0.098039,0.000000,0.018018,0.000000,0.900000,0.747748,0.097826,4,40.311755,-1.000000,32.660259,0.444444,0.194444,0.160000,10,111
52,Sub bacia do Rio Carioca,Outono,1/2,I_30min,64.385974,10.915297,62.109697,13.068733,0.000000,0.009009,0.000000,1.000000,0.801802,0.101010,0.000000,0.018018,0.000000,0.900000,0.729730,0.100000,1,46.837821,-0.010000,9.753345,0.200000,0.027027,0.400000,10,111
52,Sub bacia do Rio Carioca,Outono,1,I_1h,45.132167,8.300397,40.621783,9.173659,0.100000,0.009009,0.500000,1.000000,0.747748,0.107527,0.100000,0.018018,0.333333,0.900000,0.684685,0.105882,1,25.857196,-0.010000,14.233377,0.200000,0.018018,0.500000,10,111
52,Sub bacia do Rio Carioca,Outono,2,I_2h,28.411943,5.678439,24.828033,5.909874,0.100000,0.009009,0.500000,1.000000,0.720721,0.111111,0.100000,0.018018,0.333333,0.900000,0.693694,0.104651,2,18.040290,-0.010000,9.096061,0.222222,0.018182,0.500000,10,111
52,Sub bacia do Rio Carioca,Outono,3,I_3h,21.647301,4.439306,18.000394,4.496651,0.000000,0.009009,0.000000,1.000000,0.666667,0.119048,0.100000,0.018018,0.333333,0.900000,0.648649,0.111111,2,12.518134,-0.010000,7.142656,0.222222,0.018182,0.500000,10,111
52,Sub bacia do Rio Carioca,Outono,6,I_6h,12.050504,2.527598,10.766556,2.616242,0.000000,0.009009,0.000000,1.000000,0.666667,0.119048,0.200000,0.018018,0.500000,0.900000,0.621622,0.115385,4,14.067321,-0.114211,0.792793,0.555556,0.185185,0.200000,10,111
52,Sub bacia do Rio Carioca,Outono,8,I_8h,9.206347,1.906294,8.571954,1.970452,0.000000,0.009009,0.000000,1.000000,0.702703,0.113636,0.000000,0.018018,0.000000,0.900000,0.693694,0.104651,2,5.288004,-0.010000,4.178424,0.111111,0.018182,0.333333,10,111
52,Sub bacia do Rio Carioca,Outono,10,I_10h,7.470185,1.601326,7.304954,1.618321,0.000000,0.009009,0.000000,1.000000,0.684685,0.116279,0.000000,0.018018,0.000000,0.900000,0.675676,0.107143,2,5.043702,-0.010000,3.184450,0.111111,0.018182,0.333333,10,111
52,Sub bacia do Rio Carioca,Outono,12,I_12h,6.340752,1.365911,6.135555,1.369033,0.000000,0.009009,0.000000,1.000000,0.675676,0.117647,0.000000,0.018018,0.000000,0.900000,0.675676,0.107143,2,4.881329,-0.010000,2.694943,0.111111,0.018182,0.333333,10,111
52,Sub bacia do Rio Carioca,Outono,24,I_24h,3.841671,0.682956,3.740711,0.692464,0.000000,0.009091,0.000000,1.000000,0.736364,0.109890,0.000000,0.018182,0.000000,0.900000,0.709091,0.103448,2,1.752946,-0.010000,1.607875,0.222222,0.027523,0.400000,10,110
52,Sub bacia do Rio Carioca,Inverno,1/6,I_15min,,,,,,,,,,,,,,,,,0,,,,,,,2,55
52,Sub bacia do Rio Carioca,Inverno,1/2,I_30min,,,,,,,,,,,,,,,,,0,,,,,,,2,55
52,Sub bacia do Rio Carioca,Inverno,1,I_1h,,,,,,,,,,,,,,,,,0,,,,,,,2,55
52,Sub bacia do Rio Carioca,Inverno,2,I_2h,,,,,,,,,,,,,,,,,0,,,,,,,2,55
52,Sub bacia do Rio Carioca,Inverno,3,I_3h,,,,,,,,,,,,,,,,,0,,,,,,,2,55
52,Sub bacia do Rio Carioca,Inverno,6,I_6h,,,,,,,,,,,,,,,,,0,,,,,,,2,55
52,Sub bacia do Rio Carioca,Inverno,8,I_8h,,,,,,,,,,,,,,,,,0,,,,,,,2,55
52,Sub bacia do Rio Carioca,Inverno,10,I_10h,,,,,,,,,,,,,,,,,0,,,,,,,2,55
52,Sub bacia do Rio Carioca,Inverno,12,I_12h,,,,,,,,,,,,,,,,,0,,,,,,,2,55
52,Sub bacia do Rio Carioca,Inverno,24,I_24h,,,,,,,,,,,,,,,,,0,,,,,,,2,53
52,Sub bacia do Rio Carioca,Primavera,1/6,I_15min,78.400000,14.567185,59.180227,14.978907,0.166667,0.008547,0.500000,1.000000,0.512821,0.090909,0.166667,0.017094,0.333333,0.833333,0.504274,0.078125,1,11.294222,-0.635263,27.934323,0.666667,0.162393,0.173913,6,117
52,Sub bacia do Rio Carioca,Primavera,1/2,I_30min,57.140593,11.534370,46.944000,11.838710,0.166667,0.008547,0.500000,1.000000,0.521368,0.089552,0.166667,0.017094,0.333333,0.833333,0.504274,0.078125,1,5.111804,-1.000000,20.186066,0.666667,0.205128,0.142857,6,117
52,Sub bacia do Rio Carioca,Primavera,1,I_1h,38.000000,8.116407,35.249455,8.809263,0.166667,0.008547,0.500000,1.000000,0.504274,0.092308,0.166667,0.017094,0.333333,0.833333,0.487179,0.080645,1,5.106800,-1.000000,14.824353,0.500000,0.102564,0.200000,6,117
52,Sub bacia do Rio Carioca,Primavera,2,I_2h,22.139727,4.616407,21.836546,5.273665,0.166667,0.008547,0.500000,1.000000,0.615385,0.076923,0.166667,0.017094,0.333333,0.833333,0.512821,0.076923,1,3.341349,-1.000000,10.454951,0.500000,0.051282,0.333333,6,117
52,Sub bacia do Rio Carioca,Primavera,3,I_3h,15.482213,3.302475,15.220145,3.695260,0.166667,0.008547,0.500000,1.000000,0.683761,0.069767,0.166667,0.017094,0.333333,0.833333,0.581197,0.068493,3,12.666169,-1.000000,8.101628,0.500000,0.043103,0.375000,6,117
52,Sub bacia do Rio Carioca,Primavera,6,I_6h,9.494761,1.968394,7.734530,2.302795,0.166667,0.008547,0.500000,1.000000,0.675214,0.070588,0.166667,0.017094,0.333333,0.833333,0.521368,0.075758,1,0.709627,-1.000000,4.722721,0.666667,0.076923,0.307692,6,117
52,Sub bacia do Rio Carioca,Primavera,8,I_8h,7.827180,1.486183,5.800897,1.817004,0.166667,0.008547,0.500000,1.000000,0.743590,0.064516,0.166667,0.017094,0.333333,0.833333,0.521368,0.075758,1,0.589071,-1.000000,3.502055,0.666667,0.094017,0.266667,6,117
52,Sub bacia do Rio Carioca,Primavera,10,I_10h,6.827954,1.225216,4.640911,1.480805,0.000000,0.008547,0.000000,1.000000,0.743590,0.064516,0.166667,0.017094,0.333333,0.833333,0.538462,0.073529,1,0.485579,-1.000000,2.883262,0.666667,0.094017,0.266667,6,117
52,Sub bacia do Rio Carioca,Primavera,12,I_12h,6.058824,1.031088,3.869038,1.241560,0.000000,0.008547,0.000000,1.000000,0.735043,0.065217,0.166667,0.017094,0.333333,0.833333,0.564103,0.070423,1,0.411721,-0.010000,2.678501,0.500000,0.042735,0.375000,6,117
52,Sub bacia do Rio Carioca,Primavera,24,I_24h,3.631477,0.532211,1.935564,0.633280,0.000000,0.009434,0.000000,1.000000,0.792453,0.066667,0.333333,0.018868,0.500000,0.833333,0.641509,0.068493,1,0.100000,-0.010000,1.308800,0.666667,0.103774,0.266667,6,106
53,Sub bacia de Botafogo,Verao,1/6,I_15min,100.784040,4.000000,86.788902,9.791707,0.064516,0.005587,0.666667,1.000000,0.988827,0.149038,0.096774,0.011173,0.600000,0.935484,0.782123,0.171598,1,35.084659,-0.166316,28.192607,0.516129,0.089385,0.500000,31,179
53,Sub bacia de Botafogo,Verao,1/2,I_30min,86.658541,3.640933,60.754314,6.651639,0.064516,0.005587,0.666667,1.000000,0.983240,0.149758,0.129032,0.011173,0.666667,0.935484,0.865922,0.157609,1,47.254780,-0.218421,23.186258,0.451613,0.055866,0.583333,31,179
53,Sub bacia de Botafogo,Verao,1,I_1h,60.048937,3.000000,42.375438,4.267045,0.064516,0.005587,0.666667,1.000000,0.983240,0.149758,0.096774,0.011173,0.600000,0.935484,0.932961,0.147959,1,87.603852,-0.322632,13.912846,0.451613,0.050279,0.608696,31,179
53,Sub bacia de Botafogo,Verao,2,I_2h,36.600000,2.200000,27.350253,3.332510,0.096774,0.005587,0.750000,1.000000,0.983240,0.149758,0.096774,0.011173,0.600000,0.935484,0.877095,0.155914,1,46.488206,-0.374737,9.203557,0.419355,0.050279,0.590909,31,179
53,Sub bacia de Botafogo,Verao,3,I_3h,26.866667,1.873489,20.892973,2.486853,0.032258,0.005587,0.500000,1.000000,0.966480,0.151961,0.096774,0.011173,0.600000,0.935484,0.905028,0.151832,1,42.247609,-0.478947,7.037293,0.419355,0.055866,0.565217,31,179
53,Sub bacia de Botafogo,Verao,6,I_6h,13.533333,1.266667,11.226756,1.493217,0.032258,0.005587,0.500000,1.000000,0.972067,0.151220,0.096774,0.011173,0.600000,0.935484,0.932961,0.147959,7,21.212515,-0.114211,3.511270,0.483871,0.085227,0.500000,31,179
53,Sub bacia de Botafogo,Verao,8,I_8h,11.109584,0.975000,8.469840,1.493555,0.032258,0.005587,0.500000,1.000000,0.966480,0.151961,0.161290,0.011173,0.714286,0.935484,0.776536,0.172619,10,8.564742,-0.635263,2.631394,0.677419,0.193182,0.381818,31,179
53,Sub bacia de Botafogo,Verao,10,I_10h,9.081902,0.820000,6.775872,1.207914,0.032258,0.005587,0.500000,1.000000,0.972067,0.151220,0.161290,0.011173,0.714286,0.935484,0.765363,0.174699,10,11.435067,-0.687368,2.135128,0.677419,0.187500,0.388889,31,179
53,Sub bacia de Botafogo,Verao,12,I_12h,8.082976,0.716667,5.646560,1.024115,0.032258,0.005587,0.500000,1.000000,0.983240,0.149758,0.161290,0.011173,0.714286,0.935484,0.782123,0.171598,10,9.563107,-0.687368,1.790852,0.677419,0.187500,0.388889,31,179
53,Sub bacia de Botafogo,Verao,24,I_24h,5.413554,0.425000,3.238962,0.538447,0.033333,0.005917,0.500000,1.000000,0.964497,0.155440,0.133333,0.011834,0.666667,0.933333,0.781065,0.175000,10,3.064206,-0.426842,0.987395,0.666667,0.204819,0.370370,30,169
53,Sub bacia de Botafogo,Outono,1/6,I_15min,102.982514,5.694255,96.862688,7.525384,0.000000,0.009009,0.000000,1.000000,0.936937,0.168000,0.000000,0.018018,0.000000,0.952381,0.882883,0.169492,2,173.349779,-0.062105,16.088459,0.200000,0.036364,0.500000,21,111
53,Sub bacia de Botafogo,Outono,1/2,I_30min,83.156473,4.881714,76.195472,4.932116,0.000000,0.009009,0.000000,1.000000,0.945946,0.166667,0.000000,0.018018,0.000000,0.952381,0.945946,0.160000,2,117.938761,-0.062105,14.835593,0.200000,0.036364,0.500000,21,111
53,Sub bacia de Botafogo,Outono,1,I_1h,53.872790,3.184594,48.877394,3.690577,0.047619,0.009009,0.500000,1.000000,0.972973,0.162791,0.047619,0.018018,0.333333,0.952381,0.954955,0.158730,8,55.357866,-0.114211,0.887147,0.736842,0.311321,0.297872,21,111
53,Sub bacia de Botafogo,Outono,2,I_2h,33.448052,2.732233,26.723047,3.180860,0.047619,0.009009,0.500000,1.000000,0.909910,0.172131,0.047619,0.018018,0.333333,0.952381,0.846847,0.175439,8,30.977687,-0.114211,1.333030,0.736842,0.264151,0.333333,21,111
53,Sub bacia de Botafogo,Outono,3,I_3h,24.241965,2.368363,19.285669,2.512860,0.047619,0.009009,0.500000,1.000000,0.873874,0.177966,0.047619,0.018018,0.333333,0.952381,0.864865,0.172414,8,30.503383,-0.166316,2.415099,0.684211,0.273585,0.309524,21,111
53,Sub bacia de Botafogo,Outono,6,I_6h,12.185015,1.564836,10.650585,1.770211,0.047619,0.009009,0.500000,1.000000,0.864865,0.179487,0.047619,0.018018,0.333333,0.952381,0.774775,0.188679,1,18.550833,-0.062105,0.780133,0.285714,0.045045,0.545455,21,111
53,Sub bacia de Botafogo,Outono,8,I_8h,9.138761,1.253642,8.027998,1.425000,0.047619,0.009009,0.500000,1.000000,0.873874,0.177966,0.047619,0.018018,0.333333,0.952381,0.774775,0.188679,1,13.966027,-0.062105,0.552214,0.285714,0.045045,0.545455,21,111
53,Sub bacia de Botafogo,Outono,10,I_10h,8.855284,1.140000,6.427363,1.158533,0.000000,0.009091,0.000000,1.000000,0.800000,0.192661,0.047619,0.018182,0.333333,0.952381,0.790909,0.186916,3,2.420737,-0.010000,0.451721,0.500000,0.149533,0.384615,21,110
53,Sub bacia de Botafogo,Outono,12,I_12h,7.622041,0.950000,5.356313,0.981324,0.000000,0.009091,0.000000,1.000000,0.827273,0.187500,0.095238,0.018182,0.500000,0.952381,0.790909,0.186916,3,1.940144,-0.010000,0.445859,0.500000,0.149533,0.384615,21,110
53,Sub bacia de Botafogo,Outono,24,I_24h,3.811021,0.475000,3.087402,0.490677,0.047619,0.009259,0.500000,1.000000,0.888889,0.179487,0.142857,0.018519,0.600000,0.952381,0.879630,0.173913,9,4.450798,-0.114211,0.279004,0.631579,0.264706,0.307692,21,108
53,Sub bacia de Botafogo,Inverno,1/6,I_15min,84.000000,6.339337,69.164019,7.039025,0.000000,0.019231,0.000000,1.000000,0.826923,0.104167,0.000000,0.019231,0.000000,0.800000,0.788462,0.088889,1,31.499435,-0.270526,24.476850,0.400000,0.019231,0.666667,5,52
53,Sub bacia de Botafogo,Inverno,1/2,I_30min,69.200000,5.415340,57.067283,6.098675,0.000000,0.019231,0.000000,1.000000,0.788462,0.108696,0.000000,0.019231,0.000000,0.800000,0.673077,0.102564,1,25.418022,-0.426842,20.149872,0.400000,0.019231,0.666667,5,52
53,Sub bacia de Botafogo,Inverno,1,I_1h,52.400000,4.729396,42.261701,4.731306,0.000000,0.019231,0.000000,1.000000,0.596154,0.138889,0.000000,0.019231,0.000000,0.800000,0.596154,0.114286,1,20.856936,-0.426842,11.954541,0.400000,0.019231,0.666667,5,52
53,Sub bacia de Botafogo,Inverno,2,I_2h,27.300000,2.400854,22.416353,2.599548,0.000000,0.019231,0.000000,1.000000,0.826923,0.104167,0.000000,0.019231,0.000000,0.800000,0.769231,0.090909,1,11.114273,-0.635263,6.968941,0.400000,0.019231,0.666667,5,52
53,Sub bacia de Botafogo,Inverno,3,I_3h,18.200000,1.674291,15.626129,1.825898,0.000000,0.019231,0.000000,1.000000,0.942308,0.092593,0.000000,0.019231,0.000000,0.800000,0.923077,0.076923,1,4.983111,-0.114211,5.022681,0.600000,0.038462,0.600000,5,52
53,Sub bacia de Botafogo,Inverno,6,I_6h,9.100000,1.110153,7.828325,1.272080,0.200000,0.019231,0.500000,1.000000,0.942308,0.092593,0.200000,0.019231,0.500000,0.800000,0.903846,0.078431,1,3.100192,-0.114211,3.729080,0.400000,0.019231,0.666667,5,52
53,Sub bacia de Botafogo,Inverno,8,I_8h,6.825000,0.922677,5.871244,1.073859,0.200000,0.019231,0.500000,1.000000,0.961538,0.090909,0.200000,0.019231,0.500000,0.800000,0.903846,0.078431,1,2.082581,-0.062105,3.046936,0.400000,0.019231,0.666667,5,52
53,Sub bacia de Botafogo,Inverno,10,I_10h,5.460000,0.770472,4.696995,0.947498,0.200000,0.019231,0.500000,1.000000,0.961538,0.090909,0.200000,0.019231,0.500000,0.800000,0.942308,0.075472,1,1.733018,-0.062105,2.510629,0.400000,0.019231,0.666667,5,52
53,Sub bacia de Botafogo,Inverno,12,I_12h,4.550000,0.831988,3.914162,0.968902,0.200000,0.019231,0.500000,1.000000,0.942308,0.092593,0.200000,0.019231,0.500000,0.800000,0.673077,0.102564,1,2.573853,-0.010000,0.790967,0.400000,0.019231,0.666667,5,52
53,Sub bacia de Botafogo,Inverno,24,I_24h,2.275000,0.517727,2.059762,0.619228,0.200000,0.020408,0.500000,1.000000,0.775510,0.116279,0.200000,0.020408,0.500000,0.800000,0.530612,0.133333,1,0.843456,-0.062105,1.260589,0.400000,0.020408,0.666667,5,49
53,Sub bacia de Botafogo,Primavera,1/6,I_15min,90.168926,4.000000,77.336000,4.212987,0.000000,0.008333,0.000000,1.000000,0.975000,0.085938,0.000000,0.016667,0.000000,0.909091,0.950000,0.080645,1,67.969948,-0.166316,6.067102,0.363636,0.083333,0.285714,11,120
53,Sub bacia de Botafogo,Primavera,1/2,I_30min,71.941981,4.000000,60.676646,4.108081,0.000000,0.008333,0.000000,1.000000,0.941667,0.088710,0.000000,0.016667,0.000000,0.909091,0.941667,0.081301,1,43.757113,-0.166316,5.793076,0.363636,0.066667,0.333333,11,120
53,Sub bacia de Botafogo,Primavera,1,I_1h,47.363480,3.600000,36.763736,3.696638,0.000000,0.008333,0.000000,1.000000,0.908333,0.091667,0.000000,0.016667,0.000000,0.909091,0.900000,0.084746,1,19.953285,-0.114211,6.702796,0.363636,0.050000,0.400000,11,120
53,Sub bacia de Botafogo,Primavera,2,I_2h,28.074746,2.800000,22.245275,2.974854,0.000000,0.008333,0.000000,1.000000,0.908333,0.091667,0.000000,0.016667,0.000000,0.909091,0.875000,0.086957,1,8.813211,-0.374737,8.012253,0.363636,0.033333,0.500000,11,120
53,Sub bacia de Botafogo,Primavera,3,I_3h,19.096031,2.266667,15.685146,2.356845,0.000000,0.008333,0.000000,1.000000,0.866667,0.095652,0.000000,0.016667,0.000000,0.909091,0.850000,0.089286,1,4.073677,-0.218421,5.758690,0.454545,0.050000,0.454545,11,120
53,Sub bacia de Botafogo,Primavera,6,I_6h,9.774527,1.366667,8.286270,1.400300,0.000000,0.008333,0.000000,1.000000,0.908333,0.091667,0.000000,0.016667,0.000000,0.909091,0.900000,0.084746,1,3.760310,-0.010000,2.032436,0.363636,0.025000,0.571429,11,120
53,Sub bacia de Botafogo,Primavera,8,I_8h,7.408453,1.025000,6.214702,1.064056,0.000000,0.008333,0.000000,1.000000,0.966667,0.086614,0.000000,0.016667,0.000000,0.909091,0.958333,0.080000,1,1.479576,-0.218421,3.380736,0.454545,0.025000,0.625000,11,120
53,Sub bacia de Botafogo,Primavera,10,I_10h,5.926763,0.820000,4.972506,0.871213,0.000000,0.008333,0.000000,1.000000,0.975000,0.085938,0.000000,0.016667,0.000000,0.909091,0.966667,0.079365,1,0.978299,-0.010000,2.791104,0.363636,0.016667,0.666667,11,120
53,Sub bacia de Botafogo,Primavera,12,I_12h,4.938969,0.683333,4.174140,0.726861,0.000000,0.008333,0.000000,1.000000,0.983333,0.085271,0.090909,0.016667,0.333333,0.909091,0.975000,0.078740,1,1.253244,-0.010000,2.104782,0.363636,0.016667,0.666667,11,120
53,Sub bacia de Botafogo,Primavera,24,I_24h,2.476965,0.465824,2.172858,0.484953,0.100000,0.009174,0.500000,1.000000,0.853211,0.097087,0.100000,0.018349,0.333333,0.900000,0.807339,0.092784,1,0.469965,-0.010000,1.255618,0.400000,0.018349,0.666667,10,109
54,Micro bacia da Urca,Verao,1/6,I_15min,108.800105,34.399996,104.847877,36.159986,0.000000,0.006667,0.000000,1.000000,0.333333,0.056604,0.000000,0.013333,0.000000,0.666667,0.326667,0.039216,1,5.199990,-0.062105,46.522405,0.666667,0.186667,0.066667,3,150
54,Micro bacia da Urca,Verao,1/2,I_30min,106.799878,29.199967,88.439932,31.039971,0.000000,0.006667,0.000000,1.000000,0.266667,0.069767,0.000000,0.013333,0.000000,0.666667,0.233333,0.054054,1,4.760000,-0.218421,42.824426,0.666667,0.120000,0.100000,3,150
54,Micro bacia da Urca,Verao,1,I_1h,73.199920,20.799976,64.875932,21.599978,0.000000,0.006667,0.000000,1.000000,0.253333,0.073171,0.000000,0.013333,0.000000,0.666667,0.226667,0.055556,1,2.880000,-0.062105,25.799957,0.666667,0.133333,0.090909,3,150
54,Micro bacia da Urca,Verao,2,I_2h,38.600005,11.699991,37.560934,12.019992,0.000000,0.006667,0.000000,1.000000,0.246667,0.075000,0.000000,0.013333,0.000000,0.666667,0.240000,0.052632,1,1.490000,-0.010000,13.371413,0.666667,0.160000,0.076923,3,150
54,Micro bacia da Urca,Verao,3,I_3h,27.400063,7.866660,25.603954,8.113328,0.000000,0.006667,0.000000,1.000000,0.300000,0.062500,0.000000,0.013333,0.000000,0.666667,0.280000,0.045455,1,1.033333,-0.218421,9.125159,0.666667,0.166667,0.074074,3,150
54,Micro bacia da Urca,Verao,6,I_6h,16.500029,5.299997,14.380630,5.409998,0.000000,0.006667,0.000000,1.000000,0.206667,0.088235,0.000000,0.013333,0.000000,0.666667,0.206667,0.060606,1,0.640000,-0.010000,5.634009,0.666667,0.146667,0.083333,3,150
54,Micro bacia da Urca,Verao,8,I_8h,13.324971,3.974998,11.486254,4.064998,0.000000,0.006667,0.000000,1.000000,0.240000,0.076923,0.000000,0.013333,0.000000,0.666667,0.233333,0.054054,6,0.487500,-0.010000,4.371425,0.666667,0.162162,0.076923,3,150
54,Micro bacia da Urca,Verao,10,I_10h,11.219975,3.179998,9.277603,3.251999,0.000000,0.006667,0.000000,1.000000,0.246667,0.075000,0.000000,0.013333,0.000000,0.666667,0.246667,0.051282,6,0.390000,-0.010000,3.497140,0.666667,0.175676,0.071429,3,150
54,Micro bacia da Urca,Verao,12,I_12h,10.449975,2.649999,7.731336,2.709999,0.000000,0.006667,0.000000,1.000000,0.246667,0.075000,0.000000,0.013333,0.000000,0.666667,0.246667,0.051282,6,0.325000,-0.010000,2.914283,0.666667,0.175676,0.071429,3,150
54,Micro bacia da Urca,Verao,24,I_24h,5.483321,1.324999,4.084917,1.354999,0.000000,0.007042,0.000000,1.000000,0.281690,0.069767,0.000000,0.014085,0.000000,0.666667,0.281690,0.047619,6,0.162500,-0.010000,1.457142,0.666667,0.191489,0.068966,3,142
54,Micro bacia da Urca,Outono,1/6,I_15min,,,,,,,,,,,,,,,,,0,,,,,,,2,104
54,Micro bacia da Urca,Outono,1/2,I_30min,,,,,,,,,,,,,,,,,0,,,,,,,2,104
54,Micro bacia da Urca,Outono,1,I_1h,,,,,,,,,,,,,,,,,0,,,,,,,2,104
54,Micro bacia da Urca,Outono,2,I_2h,,,,,,,,,,,,,,,,,0,,,,,,,2,104
54,Micro bacia da Urca,Outono,3,I_3h,,,,,,,,,,,,,,,,,0,,,,,,,2,104
54,Micro bacia da Urca,Outono,6,I_6h,,,,,,,,,,,,,,,,,0,,,,,,,2,104
54,Micro bacia da Urca,Outono,8,I_8h,,,,,,,,,,,,,,,,,0,,,,,,,2,104
54,Micro bacia da Urca,Outono,10,I_10h,,,,,,,,,,,,,,,,,0,,,,,,,2,104
54,Micro bacia da Urca,Outono,12,I_12h,,,,,,,,,,,,,,,,,0,,,,,,,2,104
54,Micro bacia da Urca,Outono,24,I_24h,,,,,,,,,,,,,,,,,0,,,,,,,2,103
54,Micro bacia da Urca,Inverno,1/6,I_15min,,,,,,,,,,,,,,,,,0,,,,,,,2,46
54,Micro bacia da Urca,Inverno,1/2,I_30min,,,,,,,,,,,,,,,,,0,,,,,,,2,46
54,Micro bacia da Urca,Inverno,1,I_1h,,,,,,,,,,,,,,,,,0,,,,,,,2,46
54,Micro bacia da Urca,Inverno,2,I_2h,,,,,,,,,,,,,,,,,0,,,,,,,2,46
54,Micro bacia da Urca,Inverno,3,I_3h,,,,,,,,,,,,,,,,,0,,,,,,,2,46
54,Micro bacia da Urca,Inverno,6,I_6h,,,,,,,,,,,,,,,,,0,,,,,,,2,46
54,Micro bacia da Urca,Inverno,8,I_8h,,,,,,,,,,,,,,,,,0,,,,,,,2,46
54,Micro bacia da Urca,Inverno,10,I_10h,,,,,,,,,,,,,,,,,0,,,,,,,2,46
54,Micro bacia da Urca,Inverno,12,I_12h,,,,,,,,,,,,,,,,,0,,,,,,,2,46
54,Micro bacia da Urca,Inverno,24,I_24h,,,,,,,,,,,,,,,,,0,,,,,,,2,43
54,Micro bacia da Urca,Primavera,1/6,I_15min,,,,,,,,,,,,,,,,,0,,,,,,,1,90
54,Micro bacia da Urca,Primavera,1/2,I_30min,,,,,,,,,,,,,,,,,0,,,,,,,1,90
54,Micro bacia da Urca,Primavera,1,I_1h,,,,,,,,,,,,,,,,,0,,,,,,,1,90
54,Micro bacia da Urca,Primavera,2,I_2h,,,,,,,,,,,,,,,,,0,,,,,,,1,90
54,Micro bacia da Urca,Primavera,3,I_3h,,,,,,,,,,,,,,,,,0,,,,,,,1,90
54,Micro bacia da Urca,Primavera,6,I_6h,,,,,,,,,,,,,,,,,0,,,,,,,1,90
54,Micro bacia da Urca,Primavera,8,I_8h,,,,,,,,,,,,,,,,,0,,,,,,,1,90
54,Micro bacia da Urca,Primavera,10,I_10h,,,,,,,,,,,,,,,,,0,,,,,,,1,90
54,Micro bacia da Urca,Primavera,12,I_12h,,,,,,,,,,,,,,,,,0,,,,,,,1,90
54,Micro bacia da Urca,Primavera,24,I_24h,,,,,,,,,,,,,,,,,0,,,,,,,1,82
55,Micro bacia da Praia de Fora,Verao,1/6,I_15min,,,,,,,,,,,,,,,,,0,,,,,,,0,133
55,Micro bacia da Praia de Fora,Verao,1/2,I_30min,,,,,,,,,,,,,,,,,0,,,,,,,0,133
55,Micro bacia da Praia de Fora,Verao,1,I_1h,,,,,,,,,,,,,,,,,0,,,,,,,0,133
55,Micro bacia da Praia de Fora,Verao,2,I_2h,,,,,,,,,,,,,,,,,0,,,,,,,0,133
55,Micro bacia da Praia de Fora,Verao,3,I_3h,,,,,,,,,,,,,,,,,0,,,,,,,0,133
55,Micro bacia da Praia de Fora,Verao,6,I_6h,,,,,,,,,,,,,,,,,0,,,,,,,0,133
55,Micro bacia da Praia de Fora,Verao,8,I_8h,,,,,,,,,,,,,,,,,0,,,,,,,0,133
55,Micro bacia da Praia de Fora,Verao,10,I_10h,,,,,,,,,,,,,,,,,0,,,,,,,0,133
55,Micro bacia da Praia de Fora,Verao,12,I_12h,,,,,,,,,,,,,,,,,0,,,,,,,0,133
55,Micro bacia da Praia de Fora,Verao,24,I_24h,,,,,,,,,,,,,,,,,0,,,,,,,0,126
55,Micro bacia da Praia de Fora,Outono,1/6,I_15min,,,,,,,,,,,,,,,,,0,,,,,,,0,95
55,Micro bacia da Praia de Fora,Outono,1/2,I_30min,,,,,,,,,,,,,,,,,0,,,,,,,0,95
55,Micro bacia da Praia de Fora,Outono,1,I_1h,,,,,,,,,,,,,,,,,0,,,,,,,0,95
55,Micro bacia da Praia de Fora,Outono,2,I_2h,,,,,,,,,,,,,,,,,0,,,,,,,0,95
55,Micro bacia da Praia de Fora,Outono,3,I_3h,,,,,,,,,,,,,,,,,0,,,,,,,0,95
55,Micro bacia da Praia de Fora,Outono,6,I_6h,,,,,,,,,,,,,,,,,0,,,,,,,0,95
55,Micro bacia da Praia de Fora,Outono,8,I_8h,,,,,,,,,,,,,,,,,0,,,,,,,0,95
55,Micro bacia da Praia de Fora,Outono,10,I_10h,,,,,,,,,,,,,,,,,0,,,,,,,0,95
55,Micro bacia da Praia de Fora,Outono,12,I_12h,,,,,,,,,,,,,,,,,0,,,,,,,0,95
55,Micro bacia da Praia de Fora,Outono,24,I_24h,,,,,,,,,,,,,,,,,0,,,,,,,0,94
55,Micro bacia da Praia de Fora,Inverno,1/6,I_15min,,,,,,,,,,,,,,,,,0,,,,,,,0,45
55,Micro bacia da Praia de Fora,Inverno,1/2,I_30min,,,,,,,,,,,,,,,,,0,,,,,,,0,45
55,Micro bacia da Praia de Fora,Inverno,1,I_1h,,,,,,,,,,,,,,,,,0,,,,,,,0,45
55,Micro bacia da Praia de Fora,Inverno,2,I_2h,,,,,,,,,,,,,,,,,0,,,,,,,0,45
55,Micro bacia da Praia de Fora,Inverno,3,I_3h,,,,,,,,,,,,,,,,,0,,,,,,,0,45
55,Micro bacia da Praia de Fora,Inverno,6,I_6h,,,,,,,,,,,,,,,,,0,,,,,,,0,45
55,Micro bacia da Praia de Fora,Inverno,8,I_8h,,,,,,,,,,,,,,,,,0,,,,,,,0,45
55,Micro bacia da Praia de Fora,Inverno,10,I_10h,,,,,,,,,,,,,,,,,0,,,,,,,0,45
55,Micro bacia da Praia de Fora,Inverno,12,I_12h,,,,,,,,,,,,,,,,,0,,,,,,,0,45
55,Micro bacia da Praia de Fora,Inverno,24,I_24h,,,,,,,,,,,,,,,,,0,,,,,,,0,42
55,Micro bacia da Praia de Fora,Primavera,1/6,I_15min,,,,,,,,,,,,,,,,,0,,,,,,,0,83
55,Micro bacia da Praia de Fora,Primavera,1/2,I_30min,,,,,,,,,,,,,,,,,0,,,,,,,0,83
55,Micro bacia da Praia de Fora,Primavera,1,I_1h,,,,,,,,,,,,,,,,,0,,,,,,,0,83
55,Micro bacia da Praia de Fora,Primavera,2,I_2h,,,,,,,,,,,,,,,,,0,,,,,,,0,83
55,Micro bacia da Praia de Fora,Primavera,3,I_3h,,,,,,,,,,,,,,,,,0,,,,,,,0,83
55,Micro bacia da Praia de Fora,Primavera,6,I_6h,,,,,,,,,,,,,,,,,0,,,,,,,0,83
55,Micro bacia da Praia de Fora,Primavera,8,I_8h,,,,,,,,,,,,,,,,,0,,,,,,,0,83
55,Micro bacia da Praia de Fora,Primavera,10,I_10h,,,,,,,,,,,,,,,,,0,,,,,,,0,83
55,Micro bacia da Praia de Fora,Primavera,12,I_12h,,,,,,,,,,,,,,,,,0,,,,,,,0,83
55,Micro bacia da Praia de Fora,Primavera,24,I_24h,,,,,,,,,,,,,,,,,0,,,,,,,0,76
