shi_cd,shi_nm,time_step,time_step_col,upper_raw,lower_raw,upper_tol,lower_tol,POD_upper_raw,FAR_upper_raw,PPV_upper_raw,POD_lower_raw,FAR_lower_raw,PPV_lower_raw,POD_upper_tol,FAR_upper_tol,PPV_upper_tol,POD_lower_tol,FAR_lower_tol,PPV_lower_tol,best_antecedent_days,a,b,c,POD_api,FAR_api,PPV_api
2,Ilha de Paquetá,1/6,I_15min,,,,,,,,,,,,,,,,,0,,,,,,
2,Ilha de Paquetá,1/2,I_30min,,,,,,,,,,,,,,,,,0,,,,,,
2,Ilha de Paquetá,1,I_1h,,,,,,,,,,,,,,,,,0,,,,,,
2,Ilha de Paquetá,2,I_2h,,,,,,,,,,,,,,,,,0,,,,,,
2,Ilha de Paquetá,3,I_3h,,,,,,,,,,,,,,,,,0,,,,,,
2,Ilha de Paquetá,6,I_6h,,,,,,,,,,,,,,,,,0,,,,,,
2,Ilha de Paquetá,8,I_8h,,,,,,,,,,,,,,,,,0,,,,,,
2,Ilha de Paquetá,10,I_10h,,,,,,,,,,,,,,,,,0,,,,,,
2,Ilha de Paquetá,12,I_12h,,,,,,,,,,,,,,,,,0,,,,,,
2,Ilha de Paquetá,24,I_24h,,,,,,,,,,,,,,,,,0,,,,,,
5,Micro bacia da Praia Grande,1/6,I_15min,,,,,,,,,,,,,,,,,0,,,,,,
5,Micro bacia da Praia Grande,1/2,I_30min,,,,,,,,,,,,,,,,,0,,,,,,
5,Micro bacia da Praia Grande,1,I_1h,,,,,,,,,,,,,,,,,0,,,,,,
5,Micro bacia da Praia Grande,2,I_2h,,,,,,,,,,,,,,,,,0,,,,,,
5,Micro bacia da Praia Grande,3,I_3h,,,,,,,,,,,,,,,,,0,,,,,,
5,Micro bacia da Praia Grande,6,I_6h,,,,,,,,,,,,,,,,,0,,,,,,
5,Micro bacia da Praia Grande,8,I_8h,,,,,,,,,,,,,,,,,0,,,,,,
5,Micro bacia da Praia Grande,10,I_10h,,,,,,,,,,,,,,,,,0,,,,,,
5,Micro bacia da Praia Grande,12,I_12h,,,,,,,,,,,,,,,,,0,,,,,,
5,Micro bacia da Praia Grande,24,I_24h,,,,,,,,,,,,,,,,,0,,,,,,
6,Micro bacia do Saco do Pinhão,1/6,I_15min,,,,,,,,,,,,,,,,,0,,,,,,
6,Micro bacia do Saco do Pinhão,1/2,I_30min,,,,,,,,,,,,,,,,,0,,,,,,
6,Micro bacia do Saco do Pinhão,1,I_1h,,,,,,,,,,,,,,,,,0,,,,,,
6,Micro bacia do Saco do Pinhão,2,I_2h,,,,,,,,,,,,,,,,,0,,,,,,
6,Micro bacia do Saco do Pinhão,3,I_3h,,,,,,,,,,,,,,,,,0,,,,,,
6,Micro bacia do Saco do Pinhão,6,I_6h,,,,,,,,,,,,,,,,,0,,,,,,
6,Micro bacia do Saco do Pinhão,8,I_8h,,,,,,,,,,,,,,,,,0,,,,,,
6,Micro bacia do Saco do Pinhão,10,I_10h,,,,,,,,,,,,,,,,,0,,,,,,
6,Micro bacia do Saco do Pinhão,12,I_12h,,,,,,,,,,,,,,,,,0,,,,,,
6,Micro bacia do Saco do Pinhão,24,I_24h,,,,,,,,,,,,,,,,,0,,,,,,
7,Micro bacia do Saco do Valente,1/6,I_15min,,,,,,,,,,,,,,,,,0,,,,,,
7,Micro bacia do Saco do Valente,1/2,I_30min,,,,,,,,,,,,,,,,,0,,,,,,
7,Micro bacia do Saco do Valente,1,I_1h,,,,,,,,,,,,,,,,,0,,,,,,
7,Micro bacia do Saco do Valente,2,I_2h,,,,,,,,,,,,,,,,,0,,,,,,
7,Micro bacia do Saco do Valente,3,I_3h,,,,,,,,,,,,,,,,,0,,,,,,
7,Micro bacia do Saco do Valente,6,I_6h,,,,,,,,,,,,,,,,,0,,,,,,
7,Micro bacia do Saco do Valente,8,I_8h,,,,,,,,,,,,,,,,,0,,,,,,
7,Micro bacia do Saco do Valente,10,I_10h,,,,,,,,,,,,,,,,,0,,,,,,
7,Micro bacia do Saco do Valente,12,I_12h,,,,,,,,,,,,,,,,,0,,,,,,
7,Micro bacia do Saco do Valente,24,I_24h,,,,,,,,,,,,,,,,,0,,,,,,
8,Micro bacia do Canal dos Bancários,1/6,I_15min,144.800000,7.200000,80.704000,8.400000,0.000000,0.003584,0.000000,1.000000,0.849462,0.063241,0.000000,0.010753,0.000000,0.937500,0.770609,0.065217,3,170.386939,-0.374737,16.914286,0.562500,0.177536,0.155172
8,Micro bacia do Canal dos Bancários,1/2,I_30min,132.000000,6.800000,65.816000,7.100000,0.000000,0.003584,0.000000,1.000000,0.756272,0.070485,0.000000,0.010753,0.000000,0.937500,0.745520,0.067265,3,119.417143,-0.374737,16.690068,0.500000,0.141304,0.170213
8,Micro bacia do Canal dos Bancários,1,I_1h,109.600000,4.600000,49.444000,5.500000,0.000000,0.003584,0.000000,1.000000,0.777778,0.068670,0.000000,0.010753,0.000000,0.937500,0.709677,0.070423,3,109.922041,-0.478947,9.253878,0.625000,0.188406,0.161290
8,Micro bacia do Canal dos Bancários,2,I_2h,60.500000,3.200000,30.228000,4.175000,0.000000,0.003584,0.000000,1.000000,0.817204,0.065574,0.000000,0.010753,0.000000,0.937500,0.713262,0.070093,7,6.560204,-0.010000,10.597959,0.375000,0.074074,0.230769
8,Micro bacia do Canal dos Bancários,3,I_3h,40.400000,2.466667,23.105333,2.916667,0.000000,0.003584,0.000000,1.000000,0.831541,0.064516,0.000000,0.010753,0.000000,0.937500,0.770609,0.065217,7,8.977143,-0.010000,4.241179,0.375000,0.077778,0.222222
8,Micro bacia do Canal dos Bancários,6,I_6h,26.066667,1.700000,14.863333,1.900000,0.000000,0.003584,0.000000,1.000000,0.806452,0.066390,0.000000,0.010753,0.000000,0.937500,0.695341,0.071770,3,6.989048,-0.010000,2.379138,0.312500,0.039855,0.312500
8,Micro bacia do Canal dos Bancários,8,I_8h,19.725000,1.275000,12.583000,1.593750,0.000000,0.003584,0.000000,1.000000,0.849462,0.063241,0.000000,0.010753,0.000000,0.937500,0.659498,0.075377,3,4.699286,-0.739474,2.893333,0.687500,0.188406,0.174603
8,Micro bacia do Canal dos Bancários,10,I_10h,15.780000,1.020000,11.796800,1.275000,0.000000,0.003584,0.000000,1.000000,0.867384,0.062016,0.000000,0.010753,0.000000,0.937500,0.673835,0.073892,1,4.794694,-0.010000,1.001442,0.312500,0.050179,0.263158
8,Micro bacia do Canal dos Bancários,12,I_12h,13.150000,0.850000,9.960667,1.062500,0.000000,0.003584,0.000000,1.000000,0.903226,0.059701,0.000000,0.010753,0.000000,0.937500,0.702509,0.071090,1,2.701497,-0.010000,2.927347,0.250000,0.028674,0.333333
8,Micro bacia do Canal dos Bancários,24,I_24h,6.575000,0.550000,5.222667,0.562500,0.000000,0.003745,0.000000,1.000000,0.760300,0.073059,0.000000,0.011236,0.000000,0.937500,0.741573,0.070423,8,1.503061,-0.010000,1.713787,0.250000,0.031008,0.333333
9,Micro bacia do Galeão,1/6,I_15min,149.022313,12.000000,76.253928,12.572663,0.000000,0.002611,0.000000,1.000000,0.650131,0.031128,0.000000,0.010444,0.000000,0.875000,0.631854,0.028112,7,103.611609,-0.114211,23.554339,0.625000,0.104839,0.113636
9,Micro bacia do Galeão,1/2,I_30min,132.234573,9.747337,67.869149,10.545266,0.000000,0.002611,0.000000,1.000000,0.616188,0.032787,0.000000,0.010444,0.000000,0.875000,0.577023,0.030702,7,123.157989,-0.114211,14.468762,0.625000,0.131720,0.092593
9,Micro bacia do Galeão,1,I_1h,107.684321,7.473668,44.617792,8.084216,0.000000,0.002611,0.000000,1.000000,0.566580,0.035556,0.000000,0.010444,0.000000,0.875000,0.537859,0.032864,7,80.682511,-0.114211,7.344203,0.625000,0.163978,0.075758
9,Micro bacia do Galeão,2,I_2h,59.131658,4.958643,26.593711,5.270759,0.000000,0.002611,0.000000,1.000000,0.571802,0.035242,0.000000,0.010444,0.000000,0.875000,0.524804,0.033654,5,24.652549,-0.062105,0.811133,0.625000,0.172414,0.071429
9,Micro bacia do Galeão,3,I_3h,39.487772,4.337856,20.064685,4.401184,0.000000,0.002611,0.000000,1.000000,0.480418,0.041667,0.000000,0.010444,0.000000,0.875000,0.469974,0.037433,5,15.700892,-0.114211,3.779640,0.875000,0.188329,0.089744
9,Micro bacia do Galeão,6,I_6h,23.186632,2.194992,12.733444,2.285253,0.000000,0.002611,0.000000,1.000000,0.597911,0.033755,0.000000,0.010444,0.000000,0.875000,0.561358,0.031532,5,13.530631,-0.062105,0.113406,0.875000,0.151194,0.109375
9,Micro bacia do Galeão,8,I_8h,17.682260,1.646244,9.840046,1.713940,0.000000,0.002611,0.000000,1.000000,0.631854,0.032000,0.000000,0.010444,0.000000,0.875000,0.608355,0.029167,5,13.987606,-0.114211,1.530122,0.875000,0.153846,0.107692
9,Micro bacia do Galeão,10,I_10h,14.145808,1.316995,8.151981,1.371152,0.000000,0.002611,0.000000,1.000000,0.650131,0.031128,0.000000,0.010444,0.000000,0.875000,0.624021,0.028455,8,4.432488,-0.010000,3.482271,0.250000,0.016129,0.250000
9,Micro bacia do Galeão,12,I_12h,11.788174,1.097496,6.866166,1.142626,0.000000,0.002611,0.000000,1.000000,0.663185,0.030534,0.125000,0.010444,0.200000,0.875000,0.634465,0.028000,5,9.006183,-0.114211,1.041036,0.875000,0.167109,0.100000
9,Micro bacia do Galeão,24,I_24h,5.894087,0.548748,4.554131,0.571313,0.000000,0.002703,0.000000,1.000000,0.735135,0.028571,0.125000,0.010811,0.200000,0.875000,0.702703,0.026217,5,3.841055,-0.166316,1.210119,0.625000,0.096154,0.125000
10,Micro bacia da Praia da Guanabara,1/6,I_15min,144.800000,6.400000,80.608000,7.360000,0.000000,0.003546,0.000000,1.000000,0.893617,0.049057,0.000000,0.010638,0.000000,0.923077,0.804965,0.050209,10,106.938776,-0.114211,23.510204,0.461538,0.124542,0.150000
10,Micro bacia da Praia da Guanabara,1/2,I_30min,132.000000,5.200000,65.732000,5.680000,0.000000,0.003546,0.000000,1.000000,0.882979,0.049618,0.000000,0.010638,0.000000,0.923077,0.833333,0.048583,7,74.816327,-0.166316,17.493197,0.615385,0.164835,0.150943
10,Micro bacia da Praia da Guanabara,1,I_1h,109.600000,3.400000,49.438000,4.120000,0.000000,0.003546,0.000000,1.000000,0.936170,0.046931,0.000000,0.010638,0.000000,0.923077,0.843972,0.048000,9,32.385714,-0.062105,14.614286,0.384615,0.065934,0.217391
10,Micro bacia da Praia da Guanabara,2,I_2h,60.500000,2.000000,29.856000,3.380000,0.000000,0.003546,0.000000,1.000000,0.975177,0.045139,0.000000,0.010638,0.000000,0.923077,0.801418,0.050420,8,27.933265,-0.114211,11.050000,0.384615,0.058608,0.238095
10,Micro bacia da Praia da Guanabara,3,I_3h,40.400000,2.066667,22.727333,2.666667,0.000000,0.003546,0.000000,1.000000,0.893617,0.049057,0.000000,0.010638,0.000000,0.923077,0.815603,0.049587,9,13.862041,-0.062105,8.038889,0.384615,0.069597,0.208333
10,Micro bacia da Praia da Guanabara,6,I_6h,26.066667,1.233333,14.768333,1.513333,0.000000,0.003546,0.000000,1.000000,0.946809,0.046429,0.000000,0.010638,0.000000,0.923077,0.854610,0.047431,10,30.332857,-0.114211,2.035714,0.615385,0.172161,0.145455
10,Micro bacia da Praia da Guanabara,8,I_8h,19.725000,1.075000,12.541000,1.195000,0.000000,0.003546,0.000000,1.000000,0.929078,0.047273,0.000000,0.010638,0.000000,0.923077,0.882979,0.045977,10,7.141071,-0.062105,1.488095,0.692308,0.205128,0.138462
10,Micro bacia da Praia da Guanabara,10,I_10h,15.780000,0.960000,11.783600,0.996000,0.000000,0.003546,0.000000,1.000000,0.904255,0.048507,0.000000,0.010638,0.000000,0.923077,0.882979,0.045977,10,5.646367,-0.062105,1.215646,0.692308,0.212454,0.134328
10,Micro bacia da Praia da Guanabara,12,I_12h,13.150000,0.850000,9.954667,0.930000,0.000000,0.003546,0.000000,1.000000,0.904255,0.048507,0.000000,0.010638,0.000000,0.923077,0.829787,0.048780,10,8.267347,-0.062105,0.052721,0.769231,0.234432,0.135135
10,Micro bacia da Praia da Guanabara,24,I_24h,6.575000,0.550000,5.208167,0.555000,0.000000,0.003704,0.000000,1.000000,0.762963,0.059361,0.000000,0.011111,0.000000,0.923077,0.755556,0.055556,10,8.798980,-0.114211,0.515590,0.769231,0.195402,0.163934
11,Micro bacia do Canal da Portuguesa,1/6,I_15min,144.800000,6.400000,80.416000,6.640000,0.000000,0.003472,0.000000,1.000000,0.895833,0.026415,0.000000,0.010417,0.000000,0.857143,0.857639,0.023715,1,48.989388,-0.114211,3.428571,0.571429,0.243056,0.054054
11,Micro bacia do Canal da Portuguesa,1/2,I_30min,132.000000,5.200000,65.564000,5.440000,0.000000,0.003472,0.000000,1.000000,0.861111,0.027451,0.000000,0.010417,0.000000,0.857143,0.854167,0.023810,1,23.412245,-0.218421,18.122449,0.428571,0.152778,0.063830
11,Micro bacia do Canal da Portuguesa,1,I_1h,109.600000,3.400000,49.426000,3.460000,0.000000,0.003472,0.000000,1.000000,0.937500,0.025271,0.000000,0.010417,0.000000,0.857143,0.920139,0.022140,7,58.817143,-0.218421,14.600000,0.428571,0.129032,0.076923
11,Micro bacia do Canal da Portuguesa,2,I_2h,60.500000,2.000000,29.112000,2.270000,0.000000,0.003472,0.000000,1.000000,0.975694,0.024306,0.000000,0.010417,0.000000,0.857143,0.944444,0.021583,8,24.515102,-0.062105,9.534694,0.285714,0.060932,0.105263
11,Micro bacia do Canal da Portuguesa,3,I_3h,40.400000,2.066667,21.971333,2.186667,0.000000,0.003472,0.000000,1.000000,0.895833,0.026415,0.000000,0.010417,0.000000,0.857143,0.875000,0.023256,8,17.310476,-0.062105,7.088889,0.285714,0.071685,0.090909
11,Micro bacia do Canal da Portuguesa,6,I_6h,26.066667,1.233333,14.578333,1.403333,0.000000,0.003472,0.000000,1.000000,0.947917,0.025000,0.000000,0.010417,0.000000,0.857143,0.902778,0.022556,1,6.735102,-0.895789,3.091156,0.571429,0.194444,0.066667
11,Micro bacia do Canal da Portuguesa,8,I_8h,19.725000,1.075000,12.457000,1.202500,0.000000,0.003472,0.000000,1.000000,0.930556,0.025455,0.000000,0.010417,0.000000,0.857143,0.871528,0.023346,1,5.155102,-1.000000,2.954847,0.571429,0.145833,0.086957
11,Micro bacia do Canal da Portuguesa,10,I_10h,15.780000,0.960000,11.757200,1.056000,0.000000,0.003472,0.000000,1.000000,0.906250,0.026119,0.000000,0.010417,0.000000,0.857143,0.847222,0.024000,1,4.387592,-0.895789,2.378231,0.571429,0.163194,0.078431
11,Micro bacia do Canal da Portuguesa,12,I_12h,13.150000,0.983333,9.942667,1.013333,0.000000,0.003472,0.000000,1.000000,0.774306,0.030435,0.000000,0.010417,0.000000,0.857143,0.743056,0.027273,1,3.657653,-0.895789,1.996939,0.571429,0.163194,0.078431
11,Micro bacia do Canal da Portuguesa,24,I_24h,6.575000,0.566667,5.179167,0.594167,0.000000,0.003623,0.000000,1.000000,0.746377,0.032864,0.000000,0.010870,0.000000,0.857143,0.692029,0.030457,7,5.219388,-0.166316,1.340703,0.428571,0.101124,0.100000
12,Micro bacia de Cocotá/Pitangueiras/Zumbi/Ribeira,1/6,I_15min,144.800000,27.200000,80.384000,27.800000,0.000000,0.003460,0.000000,1.000000,0.335640,0.058252,0.000000,0.010381,0.000000,0.833333,0.325260,0.050505,1,18.000000,-0.270526,41.289796,0.500000,0.072664,0.125000
12,Micro bacia de Cocotá/Pitangueiras/Zumbi/Ribeira,1/2,I_30min,132.000000,21.600000,65.536000,21.800000,0.000000,0.003460,0.000000,1.000000,0.307958,0.063158,0.000000,0.010381,0.000000,0.833333,0.297578,0.054945,1,19.521633,-0.531053,37.459592,0.500000,0.041522,0.200000
12,Micro bacia de Cocotá/Pitangueiras/Zumbi/Ribeira,1,I_1h,109.600000,12.600000,46.784000,12.800000,0.000000,0.003460,0.000000,1.000000,0.366782,0.053571,0.166667,0.010381,0.250000,0.833333,0.349481,0.047170,1,21.702041,-0.166316,25.273469,0.500000,0.031142,0.250000
12,Micro bacia de Cocotá/Pitangueiras/Zumbi/Ribeira,2,I_2h,60.500000,7.400000,25.564000,7.450000,0.000000,0.003460,0.000000,1.000000,0.370242,0.053097,0.166667,0.010381,0.250000,0.833333,0.363322,0.045455,1,9.887347,-0.218421,16.325000,0.500000,0.031142,0.250000
12,Micro bacia de Cocotá/Pitangueiras/Zumbi/Ribeira,3,I_3h,40.400000,5.133333,20.333333,5.333333,0.000000,0.003460,0.000000,1.000000,0.411765,0.048000,0.166667,0.013841,0.200000,0.833333,0.397924,0.041667,1,8.888299,-0.114211,11.766667,0.500000,0.038062,0.214286
12,Micro bacia de Cocotá/Pitangueiras/Zumbi/Ribeira,6,I_6h,20.200000,2.600000,13.961333,3.066667,0.166667,0.003460,0.500000,1.000000,0.522491,0.038217,0.166667,0.010381,0.250000,0.833333,0.404844,0.040984,1,7.947619,-0.218421,6.450000,0.500000,0.031142,0.250000
12,Micro bacia de Cocotá/Pitangueiras/Zumbi/Ribeira,8,I_8h,15.175000,1.950000,10.823000,2.300000,0.166667,0.003460,0.500000,1.000000,0.557093,0.035928,0.166667,0.010381,0.250000,0.833333,0.435986,0.038168,1,17.613980,-0.322632,3.107908,0.666667,0.072664,0.160000
12,Micro bacia de Cocotá/Pitangueiras/Zumbi/Ribeira,10,I_10h,12.380000,1.560000,8.884000,1.840000,0.166667,0.003460,0.500000,1.000000,0.567474,0.035294,0.166667,0.010381,0.250000,0.833333,0.453287,0.036765,2,9.179102,-0.166316,2.592653,0.666667,0.066202,0.173913
12,Micro bacia de Cocotá/Pitangueiras/Zumbi/Ribeira,12,I_12h,11.133333,1.300000,7.423333,1.533333,0.166667,0.003460,0.500000,1.000000,0.577855,0.034682,0.166667,0.010381,0.250000,0.833333,0.456747,0.036496,2,7.463878,-0.218421,3.529167,0.500000,0.031359,0.250000
12,Micro bacia de Cocotá/Pitangueiras/Zumbi/Ribeira,24,I_24h,5.641667,0.650000,4.216000,0.770833,0.166667,0.003610,0.500000,1.000000,0.642599,0.032609,0.333333,0.010830,0.400000,0.833333,0.516245,0.033784,2,4.841531,-0.114211,0.938435,0.666667,0.076364,0.160000
13,Micro bacia do Rio Jequiá,1/6,I_15min,144.800000,4.000000,80.960000,7.320000,0.000000,0.003690,0.000000,1.000000,0.992620,0.081911,0.000000,0.011070,0.000000,0.916667,0.800738,0.092050,10,177.600000,-0.166316,27.913703,0.347826,0.102662,0.228571
13,Micro bacia do Rio Jequiá,1/2,I_30min,132.000000,3.200000,66.040000,6.060000,0.000000,0.003690,0.000000,1.000000,0.981550,0.082759,0.000000,0.011070,0.000000,0.916667,0.793358,0.092827,3,139.200000,-0.322632,11.915399,0.500000,0.182836,0.196721
13,Micro bacia do Rio Jequiá,1,I_1h,109.600000,2.600000,49.460000,3.400000,0.000000,0.003690,0.000000,1.000000,0.974170,0.083333,0.000000,0.011070,0.000000,0.958333,0.937269,0.083032,9,32.300000,-0.062105,14.644898,0.304348,0.060837,0.304348
13,Micro bacia do Rio Jequiá,2,I_2h,60.500000,1.900000,31.220000,2.045000,0.000000,0.003690,0.000000,1.000000,0.981550,0.082759,0.000000,0.011070,0.000000,0.916667,0.974170,0.076923,8,7.890204,-0.010000,10.724198,0.260870,0.053232,0.300000
13,Micro bacia do Rio Jequiá,3,I_3h,40.400000,1.866667,24.113333,2.010000,0.000000,0.003690,0.000000,1.000000,0.933579,0.086643,0.000000,0.011070,0.000000,0.916667,0.896679,0.083019,3,16.335510,-0.374737,7.529252,0.333333,0.085821,0.258065
13,Micro bacia do Rio Jequiá,6,I_6h,26.066667,1.233333,15.116667,1.486667,0.000000,0.003690,0.000000,1.000000,0.944649,0.085714,0.000000,0.011070,0.000000,0.916667,0.863469,0.085938,3,6.958367,-0.322632,3.662832,0.458333,0.130597,0.239130
13,Micro bacia do Rio Jequiá,8,I_8h,19.725000,1.075000,12.695000,1.211250,0.000000,0.003690,0.000000,1.000000,0.926199,0.087273,0.000000,0.011070,0.000000,0.916667,0.867159,0.085603,3,5.958673,-0.218421,2.226763,0.541667,0.164179,0.228070
13,Micro bacia do Rio Jequiá,10,I_10h,15.780000,0.960000,11.832000,1.032000,0.000000,0.003690,0.000000,1.000000,0.900369,0.089552,0.000000,0.011070,0.000000,0.916667,0.852399,0.086957,3,4.255306,-0.218421,1.897514,0.541667,0.164179,0.228070
13,Micro bacia do Rio Jequiá,12,I_12h,13.150000,0.850000,9.976667,0.921667,0.000000,0.003690,0.000000,1.000000,0.900369,0.089552,0.000000,0.011070,0.000000,0.916667,0.826568,0.089431,1,2.689796,-0.010000,2.941744,0.208333,0.025830,0.416667
13,Micro bacia do Rio Jequiá,24,I_24h,6.575000,0.458333,5.261333,0.560000,0.000000,0.003861,0.000000,1.000000,0.922780,0.091255,0.000000,0.011583,0.000000,0.916667,0.737452,0.103286,9,2.064286,-0.010000,1.680855,0.173913,0.015936,0.500000
14,Micro bacia da Praia de São Bento,1/6,I_15min,144.800000,6.400000,80.864000,8.000000,0.000000,0.003650,0.000000,1.000000,0.890511,0.079245,0.000000,0.010949,0.000000,0.952381,0.799270,0.083682,3,121.061224,-0.478947,15.604898,0.571429,0.225092,0.164384
14,Micro bacia da Praia de São Bento,1/2,I_30min,132.000000,5.600000,65.956000,6.000000,0.000000,0.003650,0.000000,1.000000,0.828467,0.084677,0.000000,0.010949,0.000000,0.952381,0.828467,0.080972,3,143.681633,-0.687368,18.099184,0.523810,0.140221,0.224490
14,Micro bacia da Praia de São Bento,1,I_1h,109.600000,3.400000,47.264000,4.200000,0.000000,0.003650,0.000000,1.000000,0.934307,0.075812,0.047619,0.010949,0.250000,0.952381,0.832117,0.080645,3,66.575510,-0.583158,12.685714,0.523810,0.132841,0.234043
14,Micro bacia da Praia de São Bento,2,I_2h,60.500000,2.000000,25.894000,3.000000,0.000000,0.003650,0.000000,1.000000,0.974453,0.072917,0.047619,0.010949,0.250000,0.952381,0.839416,0.080000,3,21.728571,-0.635263,7.245005,0.571429,0.173432,0.203390
14,Micro bacia da Praia de São Bento,3,I_3h,40.400000,2.066667,20.333333,2.200000,0.000000,0.003650,0.000000,1.000000,0.890511,0.079245,0.047619,0.010949,0.250000,0.952381,0.868613,0.077519,3,16.931837,-0.635263,6.121375,0.523810,0.125461,0.244444
14,Micro bacia da Praia de São Bento,6,I_6h,20.200000,1.233333,13.996333,1.300000,0.047619,0.003650,0.500000,1.000000,0.945255,0.075000,0.047619,0.010949,0.250000,0.952381,0.927007,0.072993,3,22.362041,-0.583158,3.750806,0.476190,0.129151,0.222222
14,Micro bacia da Praia de São Bento,8,I_8h,15.175000,1.000000,11.070500,1.075000,0.047619,0.003650,0.500000,1.000000,0.945255,0.075000,0.047619,0.010949,0.250000,0.952381,0.930657,0.072727,3,16.366684,-0.947895,2.978652,0.523810,0.143911,0.220000
14,Micro bacia da Praia de São Bento,10,I_10h,12.380000,0.960000,9.364000,0.980000,0.047619,0.003650,0.500000,1.000000,0.901460,0.078358,0.047619,0.010949,0.250000,0.952381,0.901460,0.074906,3,14.324490,-0.739474,1.519398,0.761905,0.276753,0.175824
14,Micro bacia da Praia de São Bento,12,I_12h,11.133333,0.966667,7.848333,0.983333,0.047619,0.003650,0.500000,1.000000,0.784672,0.088983,0.047619,0.010949,0.250000,0.952381,0.766423,0.086957,3,12.370408,-0.739474,1.262030,0.761905,0.276753,0.175824
14,Micro bacia da Praia de São Bento,24,I_24h,5.641667,0.566667,4.382250,0.566667,0.047619,0.003817,0.500000,1.000000,0.732824,0.098592,0.095238,0.011450,0.400000,0.952381,0.721374,0.095694,10,8.372959,-0.114211,0.457893,0.650000,0.200787,0.203125
15,Micro bacia do Jardim Guanabara,1/6,I_15min,144.800000,7.200000,80.384000,9.200000,0.000000,0.003460,0.000000,1.000000,0.854671,0.023715,0.000000,0.010381,0.000000,0.833333,0.726644,0.023256,1,72.989388,-0.531053,31.817143,0.500000,0.062284,0.142857
15,Micro bacia do Jardim Guanabara,1/2,I_30min,132.000000,7.200000,65.536000,8.700000,0.000000,0.003460,0.000000,1.000000,0.743945,0.027149,0.000000,0.010381,0.000000,0.833333,0.664360,0.025381,1,99.996735,-0.583158,23.049796,0.500000,0.062284,0.142857
15,Micro bacia do Jardim Guanabara,1,I_1h,109.600000,5.800000,49.424000,6.750000,0.000000,0.003460,0.000000,1.000000,0.709343,0.028436,0.000000,0.010381,0.000000,0.833333,0.653979,0.025773,1,28.202449,-0.478947,21.960000,0.500000,0.044983,0.187500
15,Micro bacia do Jardim Guanabara,2,I_2h,60.500000,4.800000,28.988000,4.825000,0.000000,0.003460,0.000000,1.000000,0.622837,0.032258,0.000000,0.010381,0.000000,0.833333,0.612457,0.027473,1,23.391020,-0.322632,13.160000,0.500000,0.044983,0.187500
15,Micro bacia do Jardim Guanabara,3,I_3h,40.400000,3.333333,21.845333,3.566667,0.000000,0.003460,0.000000,1.000000,0.698962,0.028846,0.000000,0.010381,0.000000,0.833333,0.664360,0.025381,1,14.990476,-0.322632,9.573333,0.500000,0.051903,0.166667
15,Micro bacia do Jardim Guanabara,6,I_6h,26.066667,1.700000,14.546667,1.841667,0.000000,0.003460,0.000000,1.000000,0.813149,0.024896,0.000000,0.010381,0.000000,0.833333,0.733564,0.023041,1,15.354286,-0.531053,5.293333,0.500000,0.062284,0.142857
15,Micro bacia do Jardim Guanabara,8,I_8h,19.725000,1.275000,12.443000,1.381250,0.000000,0.003460,0.000000,1.000000,0.854671,0.023715,0.000000,0.010381,0.000000,0.833333,0.785467,0.021552,1,11.110510,-0.531053,4.084898,0.500000,0.065744,0.136364
15,Micro bacia do Jardim Guanabara,10,I_10h,15.780000,1.020000,11.752800,1.105000,0.000000,0.003460,0.000000,1.000000,0.871972,0.023256,0.000000,0.010381,0.000000,0.833333,0.806228,0.021008,1,9.119837,-0.531053,3.191837,0.500000,0.069204,0.130435
15,Micro bacia do Jardim Guanabara,12,I_12h,13.150000,0.850000,9.940667,0.920833,0.000000,0.003460,0.000000,1.000000,0.906574,0.022388,0.000000,0.010381,0.000000,0.833333,0.833910,0.020325,1,9.391429,-0.687368,2.906327,0.500000,0.065744,0.136364
15,Micro bacia do Jardim Guanabara,24,I_24h,6.575000,0.550000,5.174333,0.554167,0.000000,0.003610,0.000000,1.000000,0.768953,0.027397,0.000000,0.010830,0.000000,0.833333,0.761733,0.023148,1,7.957143,-0.843684,1.482517,0.500000,0.083032,0.115385
17,Ilha do Fundão,1/6,I_15min,145.104219,7.516309,90.752000,10.444678,0.000000,0.002088,0.000000,1.000000,0.841336,0.007389,0.000000,0.010438,0.000000,0.666667,0.755741,0.005495,10,10.288980,-0.010000,45.061224,0.333333,0.072961,0.028571
17,Ilha do Fundão,1/2,I_30min,121.191967,7.039936,74.752000,8.575943,0.000000,0.002088,0.000000,1.000000,0.803758,0.007732,0.000000,0.010438,0.000000,0.666667,0.741127,0.005602,10,21.508571,-0.010000,33.171429,0.333333,0.036481,0.055556
17,Ilha do Fundão,1,I_1h,85.743838,5.719888,51.169649,6.707900,0.000000,0.002088,0.000000,1.000000,0.766180,0.008108,0.000000,0.010438,0.000000,0.666667,0.705637,0.005882,10,13.462041,-0.010000,26.938776,0.333333,0.025751,0.076923
17,Ilha do Fundão,2,I_2h,45.540376,4.729256,29.553346,5.336330,0.000000,0.002088,0.000000,1.000000,0.672234,0.009231,0.000000,0.010438,0.000000,0.666667,0.603340,0.006873,10,6.306122,-0.010000,15.586735,0.333333,0.040773,0.050000
17,Ilha do Fundão,3,I_3h,30.393438,4.085826,20.334351,4.397243,0.000000,0.002088,0.000000,1.000000,0.586639,0.010563,0.000000,0.010438,0.000000,0.666667,0.544885,0.007605,1,4.204082,-0.010000,10.170068,0.333333,0.060543,0.033333
17,Ilha do Fundão,6,I_6h,20.489298,3.436535,12.575057,3.466215,0.000000,0.002088,0.000000,1.000000,0.344468,0.017857,0.000000,0.010438,0.000000,0.666667,0.342380,0.012048,2,1.679048,-0.010000,5.483333,0.333333,0.083857,0.024390
17,Ilha do Fundão,8,I_8h,16.541804,2.800000,9.622851,2.820018,0.000000,0.002088,0.000000,1.000000,0.308977,0.019868,0.000000,0.010438,0.000000,0.666667,0.302714,0.013605,2,5.190319,-0.062105,0.171942,0.666667,0.155136,0.026316
17,Ilha do Fundão,10,I_10h,13.468284,2.240000,8.275398,2.267623,0.000000,0.002088,0.000000,1.000000,0.331942,0.018519,0.000000,0.010438,0.000000,0.666667,0.315240,0.013072,2,3.899731,-0.062105,0.349808,0.666667,0.165618,0.024691
17,Ilha do Fundão,12,I_12h,11.228532,1.866667,7.569405,1.890019,0.000000,0.002088,0.000000,1.000000,0.344468,0.017857,0.000000,0.010438,0.000000,0.666667,0.334029,0.012346,1,3.032871,-0.114211,0.525018,0.666667,0.173278,0.023529
17,Ilha do Fundão,24,I_24h,5.619268,0.933333,4.437485,0.945010,0.000000,0.002179,0.000000,1.000000,0.385621,0.016667,0.000000,0.010893,0.000000,0.666667,0.374728,0.011494,10,3.687860,-0.218421,1.020868,0.666667,0.199105,0.021978
18,Sub bacia Secundária do Rio da Prata do Mendanha,1/6,I_15min,105.575293,4.614283,76.845962,8.504059,0.000000,0.002288,0.000000,1.000000,0.965675,0.043084,0.000000,0.011442,0.000000,0.947368,0.775744,0.050420,1,55.083214,-0.010000,29.643941,0.052632,0.011442,0.166667
18,Sub bacia Secundária do Rio da Prata do Mendanha,1/2,I_30min,90.260372,4.214283,61.377824,6.602744,0.000000,0.002288,0.000000,1.000000,0.942792,0.044084,0.000000,0.011442,0.000000,0.947368,0.789474,0.049587,1,45.555279,-0.010000,20.137900,0.052632,0.011442,0.166667
18,Sub bacia Secundária do Rio da Prata do Mendanha,1,I_1h,64.637114,3.709666,40.665165,5.513900,0.000000,0.002288,0.000000,1.000000,0.894737,0.046341,0.052632,0.011442,0.166667,0.947368,0.750572,0.052023,4,35.454275,-0.010000,14.340127,0.105263,0.011574,0.285714
18,Sub bacia Secundária do Rio da Prata do Mendanha,2,I_2h,37.458450,2.982023,26.705691,4.015725,0.000000,0.002288,0.000000,1.000000,0.864989,0.047859,0.052632,0.011442,0.166667,0.947368,0.736842,0.052941,4,18.304586,-0.010000,8.614642,0.105263,0.011574,0.285714
18,Sub bacia Secundária do Rio da Prata do Mendanha,3,I_3h,26.151226,2.517241,18.772652,2.956200,0.052632,0.002288,0.500000,1.000000,0.839817,0.049223,0.052632,0.011442,0.166667,0.947368,0.771167,0.050704,4,19.241918,-0.010000,7.114627,0.105263,0.011574,0.285714
18,Sub bacia Secundária do Rio da Prata do Mendanha,6,I_6h,15.180988,1.822765,12.368596,1.831841,0.052632,0.002288,0.500000,1.000000,0.752860,0.054598,0.052632,0.011442,0.166667,0.947368,0.752860,0.051873,4,8.653679,-0.010000,4.275134,0.105263,0.009259,0.333333
18,Sub bacia Secundária do Rio da Prata do Mendanha,8,I_8h,11.938489,1.374638,9.439629,1.437107,0.052632,0.002288,0.500000,1.000000,0.794050,0.051913,0.052632,0.011442,0.166667,0.947368,0.757437,0.051576,9,2.866182,-0.947895,2.979921,0.631579,0.244706,0.103448
18,Sub bacia Secundária do Rio da Prata do Mendanha,10,I_10h,10.819372,1.155239,7.740281,1.192659,0.000000,0.002288,0.000000,1.000000,0.775744,0.053073,0.052632,0.011442,0.166667,0.947368,0.748284,0.052174,7,2.296594,-1.000000,2.366759,0.684211,0.255869,0.106557
18,Sub bacia Secundária do Rio da Prata do Mendanha,12,I_12h,9.552752,0.962699,6.485159,1.034191,0.000000,0.002288,0.000000,1.000000,0.791762,0.052055,0.052632,0.011442,0.166667,0.947368,0.732265,0.053254,7,1.917759,-1.000000,1.960785,0.684211,0.260563,0.104839
18,Sub bacia Secundária do Rio da Prata do Mendanha,24,I_24h,7.942494,0.582705,3.900903,0.618407,0.000000,0.002398,0.000000,1.000000,0.707434,0.057508,0.055556,0.011990,0.166667,0.944444,0.671463,0.057239,7,0.700605,-0.791579,1.158999,0.666667,0.236453,0.111111
19,Sub bacia Secundária do Rio Campinho,1/6,I_15min,129.138652,4.800000,89.311104,5.135880,0.000000,0.002083,0.000000,1.000000,0.962500,0.060976,0.000000,0.010417,0.000000,0.933333,0.947917,0.057971,3,27.098126,-0.114211,16.014618,0.620690,0.252101,0.130435
19,Sub bacia Secundária do Rio Campinho,1/2,I_30min,112.895601,3.200000,67.784140,4.347940,0.000000,0.002083,0.000000,1.000000,0.985417,0.059642,0.033333,0.010417,0.166667,0.933333,0.950000,0.057851,1,33.473937,-0.114211,14.629627,0.433333,0.123173,0.180556
19,Sub bacia Secundária do Rio Campinho,1,I_1h,88.090652,2.400000,48.518403,3.699522,0.000000,0.002083,0.000000,1.000000,0.989583,0.059406,0.066667,0.010417,0.285714,0.933333,0.920833,0.059574,1,19.336003,-0.166316,12.062803,0.466667,0.125261,0.189189
19,Sub bacia Secundária do Rio Campinho,2,I_2h,50.696185,2.100000,28.327596,2.876437,0.000000,0.002083,0.000000,1.000000,0.975000,0.060241,0.066667,0.010417,0.285714,0.933333,0.906250,0.060475,10,11.341409,-0.062105,8.419165,0.482759,0.143162,0.172840
19,Sub bacia Secundária do Rio Campinho,3,I_3h,36.125180,1.800000,21.155648,2.298153,0.000000,0.002083,0.000000,1.000000,0.970833,0.060484,0.066667,0.010417,0.285714,0.933333,0.908333,0.060345,10,15.835265,-0.062105,5.790037,0.448276,0.123932,0.183099
19,Sub bacia Secundária do Rio Campinho,6,I_6h,18.760881,1.200000,14.355038,1.468203,0.000000,0.002083,0.000000,1.000000,0.977083,0.060120,0.033333,0.010417,0.166667,0.933333,0.927083,0.059197,1,8.864130,-0.010000,0.312479,0.300000,0.052192,0.264706
19,Sub bacia Secundária do Rio Campinho,8,I_8h,15.489124,1.200000,11.172377,1.336250,0.000000,0.002083,0.000000,1.000000,0.933333,0.062762,0.033333,0.010417,0.166667,0.933333,0.875000,0.062500,1,7.118796,-0.010000,0.167784,0.300000,0.058455,0.243243
19,Sub bacia Secundária do Rio Campinho,10,I_10h,14.746339,1.100000,9.393428,1.127183,0.000000,0.002083,0.000000,1.000000,0.885417,0.065934,0.033333,0.010417,0.166667,0.933333,0.850000,0.064220,1,4.826518,-0.010000,0.978460,0.300000,0.060543,0.236842
19,Sub bacia Secundária do Rio Campinho,12,I_12h,13.161913,0.916667,8.085031,0.981854,0.000000,0.002083,0.000000,1.000000,0.904167,0.064655,0.033333,0.010417,0.166667,0.933333,0.852083,0.064073,1,3.542606,-0.010000,1.332095,0.300000,0.064718,0.225000
19,Sub bacia Secundária do Rio Campinho,24,I_24h,11.020787,0.458333,4.561790,0.506519,0.000000,0.002174,0.000000,1.000000,0.967391,0.059197,0.035714,0.010870,0.166667,0.928571,0.891304,0.059633,1,3.386900,-0.010000,0.070059,0.250000,0.034783,0.304348
20,Sub bacia Secundária do Rio Cação Vermelho,1/6,I_15min,149.078746,4.800000,96.443534,5.000000,0.000000,0.002123,0.000000,1.000000,0.970276,0.053830,0.000000,0.010616,0.000000,0.923077,0.959660,0.050420,10,25.103266,-0.010000,7.649280,0.440000,0.287582,0.076923
20,Sub bacia Secundária do Rio Cação Vermelho,1/2,I_30min,134.548041,3.200000,82.405181,4.200000,0.000000,0.002123,0.000000,1.000000,0.993631,0.052632,0.000000,0.010616,0.000000,0.923077,0.959660,0.050420,5,15.123696,-1.000000,12.324344,0.600000,0.419700,0.071090
20,Sub bacia Secundária do Rio Cação Vermelho,1,I_1h,104.968572,2.400000,58.047332,3.650000,0.000000,0.002123,0.000000,1.000000,0.987261,0.052953,0.000000,0.010616,0.000000,0.923077,0.942675,0.051282,10,13.837744,-0.166316,13.016317,0.400000,0.226580,0.087719
20,Sub bacia Secundária do Rio Cação Vermelho,2,I_2h,65.713940,2.100000,33.134636,3.300000,0.000000,0.002123,0.000000,1.000000,0.983015,0.053170,0.000000,0.010616,0.000000,0.961538,0.878981,0.056948,10,6.412621,-0.062105,5.686188,0.480000,0.318083,0.075949
20,Sub bacia Secundária do Rio Cação Vermelho,3,I_3h,49.017058,1.800000,24.364990,2.350000,0.000000,0.002123,0.000000,1.000000,0.978769,0.053388,0.000000,0.010616,0.000000,0.923077,0.912951,0.052863,6,39.081317,-0.062105,2.554158,0.320000,0.177106,0.088889
20,Sub bacia Secundária do Rio Cação Vermelho,6,I_6h,31.458638,1.200000,15.475532,1.466667,0.000000,0.002123,0.000000,1.000000,0.966030,0.054054,0.000000,0.010616,0.000000,0.923077,0.940552,0.051392,1,31.453097,-0.062105,1.873059,0.153846,0.048936,0.148148
20,Sub bacia Secundária do Rio Cação Vermelho,8,I_8h,24.960238,1.200000,13.665077,1.210771,0.000000,0.002123,0.000000,1.000000,0.938429,0.055556,0.000000,0.010616,0.000000,0.923077,0.934183,0.051724,1,24.430053,-0.062105,1.480969,0.153846,0.055319,0.133333
20,Sub bacia Secundária do Rio Cação Vermelho,10,I_10h,19.968191,0.980000,11.914108,1.008100,0.000000,0.002123,0.000000,1.000000,0.946921,0.055085,0.000000,0.010616,0.000000,0.923077,0.940552,0.051392,1,19.244411,-0.062105,1.287615,0.153846,0.059574,0.125000
20,Sub bacia Secundária do Rio Cação Vermelho,12,I_12h,16.640159,0.816667,9.934580,0.840083,0.000000,0.002123,0.000000,1.000000,0.961783,0.054280,0.000000,0.010616,0.000000,0.923077,0.955414,0.050633,6,10.706257,-0.062105,1.079581,0.280000,0.174946,0.079545
20,Sub bacia Secundária do Rio Cação Vermelho,24,I_24h,8.320079,0.416667,5.886864,0.420042,0.000000,0.002227,0.000000,1.000000,1.000000,0.054737,0.000000,0.011136,0.000000,0.923077,0.995546,0.050955,1,11.059312,-0.062105,0.669046,0.153846,0.062361,0.125000
21,Sub bacia do Rio Piraquê/Cabuçu,1/6,I_15min,113.299410,6.326707,85.327441,6.376524,0.000000,0.001848,0.000000,1.000000,0.890943,0.041750,0.000000,0.011091,0.000000,0.952381,0.889094,0.039920,8,139.605703,-0.062105,0.000000,0.476190,0.227704,0.076923
21,Sub bacia do Rio Piraquê/Cabuçu,1/2,I_30min,97.774403,5.868340,65.881921,5.992341,0.000000,0.001848,0.000000,1.000000,0.837338,0.044304,0.000000,0.011091,0.000000,0.952381,0.831793,0.042553,10,129.684856,-0.062105,0.000000,0.476190,0.207619,0.084034
21,Sub bacia do Rio Piraquê/Cabuçu,1,I_1h,75.068938,5.070005,46.765034,5.104992,0.000000,0.001848,0.000000,1.000000,0.785582,0.047085,0.000000,0.011091,0.000000,0.952381,0.780037,0.045249,4,25.606221,-0.010000,3.854330,0.285714,0.065421,0.146341
21,Sub bacia do Rio Piraquê/Cabuçu,2,I_2h,43.254101,3.646589,27.132877,3.676572,0.000000,0.001848,0.000000,1.000000,0.785582,0.047085,0.000000,0.011091,0.000000,0.952381,0.785582,0.044944,9,10.074961,-0.010000,2.990695,0.476190,0.152381,0.111111
21,Sub bacia do Rio Piraquê/Cabuçu,3,I_3h,31.056527,2.888971,20.702527,2.910871,0.000000,0.001848,0.000000,1.000000,0.781885,0.047297,0.000000,0.011091,0.000000,0.952381,0.776340,0.045455,10,18.814358,-0.010000,2.449631,0.190476,0.028571,0.210526
21,Sub bacia do Rio Piraquê/Cabuçu,6,I_6h,19.088575,1.713496,12.321636,1.824211,0.000000,0.001848,0.000000,1.000000,0.841035,0.044118,0.000000,0.011091,0.000000,0.952381,0.772643,0.045662,4,7.681388,-0.010000,0.669885,0.380952,0.067290,0.181818
21,Sub bacia do Rio Piraquê/Cabuçu,8,I_8h,14.417639,1.430391,9.615255,1.437680,0.000000,0.001848,0.000000,1.000000,0.778189,0.047511,0.000000,0.011091,0.000000,0.952381,0.778189,0.045351,4,4.710730,-0.010000,1.525414,0.380952,0.071028,0.173913
21,Sub bacia do Rio Piraquê/Cabuçu,10,I_10h,12.363437,1.167299,8.260136,1.177794,0.000000,0.001848,0.000000,1.000000,0.794824,0.046563,0.047619,0.011091,0.142857,0.952381,0.794824,0.044444,5,4.733887,-0.010000,0.998025,0.380952,0.061682,0.195122
21,Sub bacia do Rio Piraquê/Cabuçu,12,I_12h,10.878435,0.972749,7.022307,0.995412,0.000000,0.001848,0.000000,1.000000,0.820702,0.045161,0.000000,0.011091,0.000000,0.952381,0.800370,0.044150,9,5.207373,-0.010000,0.699771,0.333333,0.049524,0.212121
21,Sub bacia do Rio Piraquê/Cabuçu,24,I_24h,8.900764,0.486375,4.075636,0.516667,0.000000,0.001938,0.000000,1.000000,0.891473,0.043659,0.047619,0.011628,0.142857,0.952381,0.844961,0.043860,8,2.614590,-0.010000,0.383520,0.333333,0.057540,0.194444
22,Sub bacia do Rio do Ponto,1/6,I_15min,155.382652,4.800000,99.435657,7.359878,0.000000,0.002237,0.000000,1.000000,0.953020,0.053333,0.000000,0.011186,0.000000,0.916667,0.834452,0.055696,2,24.143685,-0.010000,4.812731,0.708333,0.279279,0.120567
22,Sub bacia do Rio do Ponto,1/2,I_30min,125.176602,3.200000,80.441570,4.873204,0.000000,0.002237,0.000000,1.000000,0.988814,0.051502,0.000000,0.011186,0.000000,0.916667,0.908277,0.051402,7,4.485596,-0.531053,20.358209,0.708333,0.252294,0.133858
22,Sub bacia do Rio do Ponto,1,I_1h,106.236966,2.400000,57.634972,3.764202,0.000000,0.002237,0.000000,1.000000,0.982103,0.051836,0.000000,0.011186,0.000000,0.916667,0.914989,0.051044,3,12.609906,-0.010000,7.448980,0.500000,0.146727,0.155844
22,Sub bacia do Rio do Ponto,2,I_2h,65.628836,2.100000,33.289438,3.244955,0.000000,0.002237,0.000000,1.000000,0.970917,0.052402,0.000000,0.011186,0.000000,0.916667,0.843400,0.055138,9,4.625077,-0.218421,9.812234,0.541667,0.162037,0.156627
22,Sub bacia do Rio do Ponto,3,I_3h,50.844046,1.800000,23.483269,2.590288,0.000000,0.002237,0.000000,1.000000,0.964206,0.052747,0.000000,0.011186,0.000000,0.916667,0.841163,0.055276,7,4.186382,-0.895789,7.640165,0.541667,0.146789,0.168831
22,Sub bacia do Rio do Ponto,6,I_6h,29.352459,1.433333,14.407951,1.559273,0.000000,0.002237,0.000000,1.000000,0.923937,0.054920,0.000000,0.011186,0.000000,0.916667,0.876957,0.053140,3,2.121633,-1.000000,4.135642,0.583333,0.160271,0.164706
22,Sub bacia do Rio do Ponto,8,I_8h,23.289081,1.162389,12.480123,1.347971,0.000000,0.002237,0.000000,1.000000,0.926174,0.054795,0.000000,0.011186,0.000000,0.916667,0.818792,0.056701,7,1.196523,-1.000000,3.556542,0.583333,0.155963,0.170732
22,Sub bacia do Rio do Ponto,10,I_10h,18.631265,0.952400,11.235460,1.115752,0.000000,0.002237,0.000000,1.000000,0.946309,0.053691,0.000000,0.011186,0.000000,0.916667,0.821029,0.056555,3,1.118697,-0.062105,3.349162,0.458333,0.094808,0.207547
22,Sub bacia do Rio do Ponto,12,I_12h,15.526054,0.983220,9.371885,1.000626,0.000000,0.002237,0.000000,1.000000,0.796421,0.063158,0.000000,0.011186,0.000000,0.916667,0.776286,0.059621,3,0.555752,-0.062105,3.001910,0.458333,0.099323,0.200000
22,Sub bacia do Rio do Ponto,24,I_24h,7.763027,0.502088,5.196182,0.512075,0.000000,0.002331,0.000000,1.000000,0.841492,0.062338,0.000000,0.011655,0.000000,0.916667,0.822844,0.058667,1,3.401261,-0.062105,1.671713,0.166667,0.018648,0.333333
23,Sub bacia do Rio Portinho,1/6,I_15min,,,,,,,,,,,,,,,,,0,,,,,,
23,Sub bacia do Rio Portinho,1/2,I_30min,,,,,,,,,,,,,,,,,0,,,,,,
23,Sub bacia do Rio Portinho,1,I_1h,,,,,,,,,,,,,,,,,0,,,,,,
23,Sub bacia do Rio Portinho,2,I_2h,,,,,,,,,,,,,,,,,0,,,,,,
23,Sub bacia do Rio Portinho,3,I_3h,,,,,,,,,,,,,,,,,0,,,,,,
23,Sub bacia do Rio Portinho,6,I_6h,,,,,,,,,,,,,,,,,0,,,,,,
23,Sub bacia do Rio Portinho,8,I_8h,,,,,,,,,,,,,,,,,0,,,,,,
23,Sub bacia do Rio Portinho,10,I_10h,,,,,,,,,,,,,,,,,0,,,,,,
23,Sub bacia do Rio Portinho,12,I_12h,,,,,,,,,,,,,,,,,0,,,,,,
23,Sub bacia do Rio Portinho,24,I_24h,,,,,,,,,,,,,,,,,0,,,,,,
24,Sub bacia do Rio Piracão,1/6,I_15min,,,,,,,,,,,,,,,,,0,,,,,,
24,Sub bacia do Rio Piracão,1/2,I_30min,,,,,,,,,,,,,,,,,0,,,,,,
24,Sub bacia do Rio Piracão,1,I_1h,,,,,,,,,,,,,,,,,0,,,,,,
24,Sub bacia do Rio Piracão,2,I_2h,,,,,,,,,,,,,,,,,0,,,,,,
24,Sub bacia do Rio Piracão,3,I_3h,,,,,,,,,,,,,,,,,0,,,,,,
24,Sub bacia do Rio Piracão,6,I_6h,,,,,,,,,,,,,,,,,0,,,,,,
24,Sub bacia do Rio Piracão,8,I_8h,,,,,,,,,,,,,,,,,0,,,,,,
24,Sub bacia do Rio Piracão,10,I_10h,,,,,,,,,,,,,,,,,0,,,,,,
24,Sub bacia do Rio Piracão,12,I_12h,,,,,,,,,,,,,,,,,0,,,,,,
24,Sub bacia do Rio Piracão,24,I_24h,,,,,,,,,,,,,,,,,0,,,,,,
25,Restinga de Marambaia,1/6,I_15min,,,,,,,,,,,,,,,,,0,,,,,,
25,Restinga de Marambaia,1/2,I_30min,,,,,,,,,,,,,,,,,0,,,,,,
25,Restinga de Marambaia,1,I_1h,,,,,,,,,,,,,,,,,0,,,,,,
25,Restinga de Marambaia,2,I_2h,,,,,,,,,,,,,,,,,0,,,,,,
25,Restinga de Marambaia,3,I_3h,,,,,,,,,,,,,,,,,0,,,,,,
25,Restinga de Marambaia,6,I_6h,,,,,,,,,,,,,,,,,0,,,,,,
25,Restinga de Marambaia,8,I_8h,,,,,,,,,,,,,,,,,0,,,,,,
25,Restinga de Marambaia,10,I_10h,,,,,,,,,,,,,,,,,0,,,,,,
25,Restinga de Marambaia,12,I_12h,,,,,,,,,,,,,,,,,0,,,,,,
25,Restinga de Marambaia,24,I_24h,,,,,,,,,,,,,,,,,0,,,,,,
26,Sub bacia do Arroio Fundo/Rio Grande,1/6,I_15min,2353.600000,5.050630,78.586413,7.425920,0.000000,0.002012,0.000000,1.000000,0.945674,0.153153,0.035294,0.010060,0.375000,0.941176,0.824950,0.163265,1,18.931307,-0.166316,21.526539,0.482353,0.191532,0.301471
26,Sub bacia do Arroio Fundo/Rio Grande,1/2,I_30min,2226.000000,3.794934,61.694373,5.894731,0.000000,0.002012,0.000000,1.000000,0.961771,0.150977,0.023529,0.010060,0.285714,0.941176,0.845070,0.160000,1,19.403974,-0.114211,12.689841,0.482353,0.187500,0.305970
26,Sub bacia do Arroio Fundo/Rio Grande,1,I_1h,1701.400000,2.928215,40.007752,4.634750,0.000000,0.002012,0.000000,1.000000,0.977867,0.148862,0.058824,0.010060,0.500000,0.941176,0.830986,0.162272,1,19.511729,-0.322632,12.830005,0.341176,0.074597,0.439394
26,Sub bacia do Arroio Fundo/Rio Grande,2,I_2h,1311.500000,1.951093,24.202640,3.036202,0.000000,0.002012,0.000000,1.000000,0.989940,0.147314,0.035294,0.010060,0.375000,0.941176,0.863179,0.157171,1,4.722871,-0.062105,7.347252,0.435294,0.118952,0.385417
26,Sub bacia do Arroio Fundo/Rio Grande,3,I_3h,895.600000,1.714409,17.177244,2.426563,0.000000,0.002012,0.000000,1.000000,0.977867,0.148862,0.035294,0.010060,0.375000,0.941176,0.883300,0.154143,6,1.239749,-0.635263,7.291581,0.500000,0.135246,0.388889
26,Sub bacia do Arroio Fundo/Rio Grande,6,I_6h,447.800000,1.387308,9.045869,1.522639,0.000000,0.002012,0.000000,1.000000,0.917505,0.157116,0.070588,0.010060,0.545455,0.941176,0.877264,0.155039,10,0.700363,-0.218421,4.090436,0.535714,0.136929,0.405405
26,Sub bacia do Arroio Fundo/Rio Grande,8,I_8h,335.850000,1.147673,6.816182,1.310747,0.000000,0.002012,0.000000,1.000000,0.909457,0.158287,0.094118,0.010060,0.615385,0.941176,0.820926,0.163934,8,0.875797,-0.166316,3.029953,0.535714,0.136646,0.405405
26,Sub bacia do Arroio Fundo/Rio Grande,10,I_10h,268.680000,0.999602,5.928000,1.092038,0.000000,0.002012,0.000000,1.000000,0.907445,0.158582,0.082353,0.010060,0.583333,0.941176,0.798793,0.167715,4,0.799143,-1.000000,2.515561,0.535714,0.138211,0.398230
26,Sub bacia do Arroio Fundo/Rio Grande,12,I_12h,223.900000,0.883333,5.071781,0.925960,0.000000,0.002012,0.000000,1.000000,0.871227,0.164093,0.082353,0.010060,0.583333,0.941176,0.804829,0.166667,8,0.692971,-0.166316,2.036313,0.535714,0.142857,0.394737
26,Sub bacia do Arroio Fundo/Rio Grande,24,I_24h,111.950000,0.441667,2.855436,0.478262,0.000000,0.002114,0.000000,1.000000,0.949260,0.157598,0.071429,0.010571,0.545455,0.940476,0.845666,0.164927,9,1.198152,-0.010000,0.254519,0.506024,0.123644,0.424242
27,Sub bacia do Rio do Anil,1/6,I_15min,122.400000,6.051289,82.922774,6.923293,0.000000,0.002041,0.000000,1.000000,0.922449,0.021645,0.000000,0.010204,0.000000,0.900000,0.891837,0.020179,1,56.451885,-0.010000,26.919623,0.200000,0.012245,0.250000
27,Sub bacia do Rio do Anil,1/2,I_30min,101.600000,5.951003,69.525942,6.674806,0.000000,0.002041,0.000000,1.000000,0.871429,0.022883,0.100000,0.010204,0.166667,0.900000,0.840816,0.021378,1,97.228581,-0.270526,22.680465,0.400000,0.057143,0.125000
27,Sub bacia do Rio do Anil,1,I_1h,64.438062,4.850716,51.770840,5.000193,0.000000,0.002041,0.000000,1.000000,0.840816,0.023697,0.000000,0.010204,0.000000,0.900000,0.820408,0.021898,1,47.025994,-0.114211,16.324391,0.300000,0.026531,0.187500
27,Sub bacia do Rio do Anil,2,I_2h,35.634434,3.056698,29.544720,3.275910,0.000000,0.002041,0.000000,1.000000,0.889796,0.022422,0.000000,0.010204,0.000000,0.900000,0.861224,0.020882,1,22.827404,-0.114211,10.214279,0.300000,0.030612,0.166667
27,Sub bacia do Rio do Anil,3,I_3h,23.793412,2.342073,21.839522,2.514572,0.000000,0.002041,0.000000,1.000000,0.900000,0.022173,0.000000,0.010204,0.000000,0.900000,0.871429,0.020642,1,15.878655,-0.166316,8.333949,0.300000,0.034694,0.150000
27,Sub bacia do Rio do Anil,6,I_6h,13.346813,1.514816,12.005986,1.846893,0.000000,0.002041,0.000000,1.000000,0.910204,0.021930,0.000000,0.010204,0.000000,0.900000,0.728571,0.024590,1,27.905261,-0.218421,4.745197,0.300000,0.034694,0.150000
27,Sub bacia do Rio do Anil,8,I_8h,10.460446,1.301710,9.910689,1.520490,0.000000,0.002041,0.000000,1.000000,0.838776,0.023753,0.000000,0.010204,0.000000,0.900000,0.700000,0.025568,1,20.082000,-0.218421,3.802868,0.300000,0.032653,0.157895
27,Sub bacia do Rio do Anil,10,I_10h,9.295713,1.078861,8.038149,1.289093,0.000000,0.002041,0.000000,1.000000,0.834694,0.023866,0.000000,0.010204,0.000000,0.900000,0.667347,0.026786,1,15.727531,-0.218421,3.068185,0.300000,0.034694,0.150000
27,Sub bacia do Rio do Anil,12,I_12h,8.045201,0.899051,6.698457,1.092774,0.000000,0.002041,0.000000,1.000000,0.867347,0.022989,0.000000,0.010204,0.000000,0.900000,0.681633,0.026239,1,13.388562,-0.218421,2.574404,0.300000,0.034694,0.150000
27,Sub bacia do Rio do Anil,24,I_24h,4.969566,0.454226,3.795251,0.549824,0.000000,0.002137,0.000000,1.000000,0.914530,0.022831,0.000000,0.010684,0.000000,0.900000,0.741453,0.025281,1,6.594104,-0.218421,1.358169,0.300000,0.042735,0.130435
28,Sub bacia do Rio Guerenguê,1/6,I_15min,92.598505,11.237002,77.450737,15.505811,0.000000,0.002660,0.000000,1.000000,0.734043,0.034965,0.000000,0.010638,0.000000,0.900000,0.625000,0.036885,1,127.444575,-0.114211,19.900165,0.300000,0.047872,0.142857
28,Sub bacia do Rio Guerenguê,1/2,I_30min,83.490147,8.877259,62.792499,10.872829,0.000000,0.002660,0.000000,1.000000,0.734043,0.034965,0.000000,0.010638,0.000000,0.900000,0.662234,0.034884,1,68.369506,-0.062105,9.221111,0.300000,0.047872,0.142857
28,Sub bacia do Rio Guerenguê,1,I_1h,67.567072,7.179872,44.327294,8.266955,0.000000,0.002660,0.000000,1.000000,0.675532,0.037879,0.000000,0.010638,0.000000,0.900000,0.611702,0.037657,1,53.248577,-0.166316,9.032800,0.400000,0.085106,0.111111
28,Sub bacia do Rio Guerenguê,2,I_2h,38.208891,4.652549,27.137057,4.976616,0.000000,0.002660,0.000000,1.000000,0.680851,0.037594,0.000000,0.010638,0.000000,0.900000,0.635638,0.036290,5,28.120610,-0.218421,9.426457,0.666667,0.128686,0.111111
28,Sub bacia do Rio Guerenguê,3,I_3h,25.500260,3.581798,20.726516,3.814610,0.000000,0.002660,0.000000,1.000000,0.667553,0.038314,0.000000,0.010638,0.000000,0.900000,0.619681,0.037190,5,18.453141,-0.218421,6.623947,0.666667,0.139410,0.103448
28,Sub bacia do Rio Guerenguê,6,I_6h,16.059355,1.824232,12.022177,2.227880,0.000000,0.002660,0.000000,1.000000,0.779255,0.033003,0.000000,0.010638,0.000000,0.900000,0.603723,0.038136,1,17.859054,-0.114211,3.001793,0.300000,0.042553,0.157895
28,Sub bacia do Rio Guerenguê,8,I_8h,15.937033,1.824342,9.016633,2.005452,0.000000,0.002660,0.000000,1.000000,0.574468,0.044248,0.000000,0.010638,0.000000,0.900000,0.502660,0.045455,1,13.350385,-0.114211,2.305689,0.300000,0.045213,0.150000
28,Sub bacia do Rio Guerenguê,10,I_10h,13.484692,1.594452,7.356249,1.693539,0.000000,0.002660,0.000000,1.000000,0.526596,0.048077,0.000000,0.010638,0.000000,0.900000,0.478723,0.047619,3,9.535232,-0.062105,1.696024,0.333333,0.050938,0.136364
28,Sub bacia do Rio Guerenguê,12,I_12h,11.591501,1.328710,6.363735,1.416772,0.000000,0.002660,0.000000,1.000000,0.531915,0.047619,0.000000,0.010638,0.000000,0.900000,0.486702,0.046875,2,7.344146,-0.062105,1.377400,0.333333,0.053333,0.130435
28,Sub bacia do Rio Guerenguê,24,I_24h,6.376772,0.664355,3.687548,0.709942,0.000000,0.002793,0.000000,1.000000,0.600559,0.044444,0.000000,0.011173,0.000000,0.900000,0.544693,0.044118,2,3.015767,-0.062105,1.120741,0.333333,0.047619,0.150000
29,Sub bacia da Zona dos Canais,1/6,I_15min,2353.600000,5.600000,79.227986,8.372324,0.000000,0.001957,0.000000,1.000000,0.941292,0.034137,0.000000,0.011742,0.000000,0.941176,0.818004,0.036866,1,193.872154,-0.322632,9.953507,0.588235,0.152642,0.113636
29,Sub bacia da Zona dos Canais,1/2,I_30min,2226.000000,5.200000,61.929542,7.802917,0.000000,0.001957,0.000000,1.000000,0.909980,0.035270,0.000000,0.011742,0.000000,0.941176,0.765166,0.039312,1,138.183924,-0.322632,9.212725,0.588235,0.148728,0.116279
29,Sub bacia da Zona dos Canais,1,I_1h,1701.400000,4.600000,48.058650,5.654425,0.000000,0.001957,0.000000,1.000000,0.843444,0.037946,0.000000,0.011742,0.000000,0.941176,0.763209,0.039409,1,67.104607,-0.114211,2.308958,0.470588,0.097847,0.137931
29,Sub bacia da Zona dos Canais,2,I_2h,1311.500000,3.714494,30.906635,3.782899,0.000000,0.001957,0.000000,1.000000,0.786693,0.040573,0.000000,0.011742,0.000000,0.941176,0.784736,0.038369,1,54.714433,-0.114211,0.735406,0.411765,0.086106,0.137255
29,Sub bacia da Zona dos Canais,3,I_3h,895.600000,2.800000,21.887970,2.881196,0.000000,0.001957,0.000000,1.000000,0.823875,0.038813,0.000000,0.011742,0.000000,0.941176,0.804305,0.037471,1,36.969467,-0.114211,0.815518,0.470588,0.090020,0.148148
29,Sub bacia da Zona dos Canais,6,I_6h,447.800000,1.600000,11.919234,1.648168,0.000000,0.001957,0.000000,1.000000,0.886497,0.036170,0.000000,0.011742,0.000000,0.941176,0.855186,0.035320,1,20.892774,-0.114211,1.791511,0.352941,0.054795,0.176471
29,Sub bacia da Zona dos Canais,8,I_8h,335.850000,1.225000,9.594168,1.370030,0.000000,0.001957,0.000000,1.000000,0.904110,0.035491,0.000000,0.011742,0.000000,0.941176,0.800391,0.037647,1,16.390945,-0.114211,1.554652,0.352941,0.056751,0.171429
29,Sub bacia da Zona dos Canais,10,I_10h,268.680000,0.980000,8.099661,1.112592,0.000000,0.001957,0.000000,1.000000,0.935421,0.034343,0.000000,0.011742,0.000000,0.941176,0.798434,0.037736,1,16.261812,-0.166316,1.939856,0.352941,0.046967,0.200000
29,Sub bacia da Zona dos Canais,12,I_12h,223.900000,0.833333,7.106195,0.941977,0.000000,0.001957,0.000000,1.000000,0.937378,0.034274,0.000000,0.011742,0.000000,0.941176,0.814090,0.037037,1,9.422501,-0.114211,1.609017,0.352941,0.039139,0.230769
29,Sub bacia da Zona dos Canais,24,I_24h,111.950000,0.416667,3.926726,0.475677,0.000000,0.002049,0.000000,1.000000,1.000000,0.033663,0.000000,0.010246,0.000000,0.941176,0.856557,0.036866,1,3.528974,-0.062105,0.658942,0.352941,0.034836,0.260870
30,Sub bacia do Rio da Cachoeira,1/6,I_15min,153.732075,4.000000,96.000000,8.772956,0.000000,0.002151,0.000000,1.000000,0.984946,0.112403,0.000000,0.012903,0.000000,0.948276,0.838710,0.123596,2,56.924973,-0.114211,3.430718,0.456140,0.278017,0.167742
30,Sub bacia do Rio da Cachoeira,1/2,I_30min,149.793983,3.200000,77.767705,6.341177,0.000000,0.002151,0.000000,1.000000,0.984946,0.112403,0.000000,0.010753,0.000000,0.948276,0.855914,0.121413,2,52.682449,-0.114211,1.578362,0.456140,0.252155,0.181818
30,Sub bacia do Rio da Cachoeira,1,I_1h,122.097018,2.400000,51.346831,4.179323,0.000000,0.002151,0.000000,1.000000,0.987097,0.112186,0.000000,0.010753,0.000000,0.948276,0.901075,0.116034,2,59.774322,-0.270526,7.453115,0.368421,0.191810,0.190909
30,Sub bacia do Rio da Cachoeira,2,I_2h,94.708413,1.800000,29.438088,2.924779,0.000000,0.002151,0.000000,1.000000,0.984946,0.112403,0.017241,0.010753,0.166667,0.948276,0.896774,0.116525,3,56.942809,-0.478947,5.404019,0.456140,0.229437,0.196970
30,Sub bacia do Rio da Cachoeira,3,I_3h,69.748721,1.533333,21.126661,2.094558,0.000000,0.002151,0.000000,1.000000,0.991398,0.111753,0.017241,0.010753,0.166667,0.948276,0.929032,0.112936,3,20.343469,-0.635263,4.185591,0.508772,0.255411,0.197279
30,Sub bacia do Rio da Cachoeira,6,I_6h,35.292213,1.166667,12.353214,1.346000,0.000000,0.002151,0.000000,1.000000,0.974194,0.113503,0.017241,0.010753,0.166667,0.948276,0.950538,0.110664,1,4.834335,-0.270526,2.742196,0.362069,0.146237,0.235955
30,Sub bacia do Rio da Cachoeira,8,I_8h,26.469160,0.900000,9.553729,1.076614,0.000000,0.002151,0.000000,1.000000,0.984946,0.112403,0.017241,0.010753,0.166667,0.948276,0.954839,0.110220,1,2.147151,-0.218421,2.303964,0.413793,0.169892,0.233010
30,Sub bacia do Rio da Cachoeira,10,I_10h,21.175328,0.751746,7.677279,0.926684,0.000000,0.002151,0.000000,1.000000,0.987097,0.112186,0.017241,0.010753,0.166667,0.948276,0.961290,0.109562,1,2.660287,-0.322632,1.947899,0.413793,0.154839,0.250000
30,Sub bacia do Rio da Cachoeira,12,I_12h,17.646107,0.626455,6.475636,0.778333,0.000000,0.002151,0.000000,1.000000,0.993548,0.111538,0.017241,0.010753,0.166667,0.948276,0.965591,0.109127,1,2.837425,-0.687368,1.544353,0.465517,0.184946,0.238938
30,Sub bacia do Rio da Cachoeira,24,I_24h,9.531123,0.416667,3.920778,0.448848,0.000000,0.002262,0.000000,1.000000,1.000000,0.116000,0.017241,0.011312,0.166667,0.948276,0.952489,0.115546,1,1.434564,-0.531053,0.794343,0.482759,0.187783,0.252252
31,Sub bacia do Rio dos Passarinhos,1/6,I_15min,120.567279,4.800000,81.595223,4.883325,0.000000,0.002809,0.000000,1.000000,0.977528,0.030641,0.000000,0.011236,0.000000,0.909091,0.963483,0.028329,1,120.566859,-0.478947,1.084423,0.727273,0.269663,0.076923
31,Sub bacia do Rio dos Passarinhos,1/2,I_30min,110.539505,4.400000,67.898821,4.669437,0.000000,0.002809,0.000000,1.000000,0.952247,0.031429,0.000000,0.011236,0.000000,0.909091,0.935393,0.029155,1,80.156285,-0.426842,0.000000,0.727273,0.264045,0.078431
31,Sub bacia do Rio dos Passarinhos,1,I_1h,89.953287,4.000000,51.160137,4.000000,0.000000,0.002809,0.000000,1.000000,0.926966,0.032258,0.000000,0.011236,0.000000,1.000000,0.926966,0.032258,1,52.464237,-0.426842,0.000000,0.727273,0.264045,0.078431
31,Sub bacia do Rio dos Passarinhos,2,I_2h,51.722514,3.000000,30.014484,3.300000,0.000000,0.002809,0.000000,1.000000,0.893258,0.033435,0.000000,0.011236,0.000000,0.909091,0.842697,0.032258,1,35.938393,-0.426842,0.561100,0.636364,0.235955,0.076923
31,Sub bacia do Rio dos Passarinhos,3,I_3h,34.486305,2.866667,23.104057,2.866667,0.000000,0.002809,0.000000,1.000000,0.814607,0.036545,0.000000,0.011236,0.000000,1.000000,0.814607,0.036545,1,32.413902,-0.270526,0.431828,0.636364,0.182584,0.097222
31,Sub bacia do Rio dos Passarinhos,6,I_6h,17.733333,1.633333,14.195693,1.717824,0.000000,0.002809,0.000000,1.000000,0.862360,0.034591,0.000000,0.011236,0.000000,0.909091,0.811798,0.033445,1,10.434754,-0.374737,1.576488,0.727273,0.210674,0.096386
31,Sub bacia do Rio dos Passarinhos,8,I_8h,17.475000,1.225000,10.646769,1.315972,0.000000,0.002809,0.000000,1.000000,0.893258,0.033435,0.000000,0.011236,0.000000,0.909091,0.825843,0.032895,1,14.140315,-0.687368,1.960273,0.636364,0.162921,0.107692
31,Sub bacia do Rio dos Passarinhos,10,I_10h,14.700000,1.000000,8.651690,1.155834,0.000000,0.002809,0.000000,1.000000,0.921348,0.032448,0.000000,0.011236,0.000000,0.909091,0.752809,0.035971,1,10.733010,-0.635263,1.477652,0.727273,0.174157,0.114286
31,Sub bacia do Rio dos Passarinhos,12,I_12h,12.583333,0.833333,7.419557,0.970949,0.000000,0.002809,0.000000,1.000000,0.932584,0.032070,0.000000,0.011236,0.000000,0.909091,0.764045,0.035461,1,8.383604,-0.635263,1.273281,0.727273,0.179775,0.111111
31,Sub bacia do Rio dos Passarinhos,24,I_24h,6.925000,0.416667,4.201373,0.528415,0.000000,0.002967,0.000000,1.000000,1.000000,0.031609,0.000000,0.011869,0.000000,0.909091,0.777448,0.036765,1,9.405843,-0.947895,0.726215,0.727273,0.189911,0.111111
32,Sub bacia do Rio Camorim e Caçambé,1/6,I_15min,2353.600000,5.600000,80.099087,6.966726,0.000000,0.002786,0.000000,1.000000,0.958217,0.008646,0.000000,0.011142,0.000000,0.666667,0.888579,0.006231,1,57.861683,-0.218421,17.881954,0.666667,0.136490,0.039216
32,Sub bacia do Rio Camorim e Caçambé,1/2,I_30min,2226.000000,4.800000,67.064938,5.885044,0.000000,0.002786,0.000000,1.000000,0.941504,0.008798,0.000000,0.011142,0.000000,0.666667,0.885794,0.006250,1,55.766275,-0.166316,12.009493,0.666667,0.125348,0.042553
32,Sub bacia do Rio Camorim e Caçambé,1,I_1h,1701.400000,4.400000,49.872252,5.011892,0.000000,0.002786,0.000000,1.000000,0.883008,0.009375,0.000000,0.011142,0.000000,0.666667,0.827298,0.006689,1,50.422521,-0.166316,7.435659,0.666667,0.125348,0.042553
32,Sub bacia do Rio Camorim e Caçambé,2,I_2h,1311.500000,3.700000,31.750887,3.970841,0.000000,0.002786,0.000000,1.000000,0.821727,0.010067,0.000000,0.011142,0.000000,0.666667,0.785515,0.007042,1,36.259605,-0.218421,5.467262,0.666667,0.119777,0.044444
32,Sub bacia do Rio Camorim e Caçambé,3,I_3h,895.600000,3.133333,23.022496,3.295385,0.000000,0.002786,0.000000,1.000000,0.774373,0.010676,0.000000,0.011142,0.000000,0.666667,0.732591,0.007547,1,23.290743,-0.218421,4.055212,0.666667,0.116992,0.045455
32,Sub bacia do Rio Camorim e Caçambé,6,I_6h,447.800000,2.166667,13.461052,2.238789,0.000000,0.002786,0.000000,1.000000,0.660167,0.012500,0.000000,0.011142,0.000000,0.666667,0.637883,0.008658,1,17.723728,-0.114211,0.269259,0.666667,0.119777,0.044444
32,Sub bacia do Rio Camorim e Caçambé,8,I_8h,335.850000,1.625000,11.022035,1.684092,0.000000,0.002786,0.000000,1.000000,0.704735,0.011719,0.000000,0.011142,0.000000,0.666667,0.671309,0.008230,1,9.979254,-0.114211,3.892737,0.333333,0.038997,0.066667
32,Sub bacia do Rio Camorim e Caçambé,10,I_10h,268.680000,1.300000,8.891787,1.368378,0.000000,0.002786,0.000000,1.000000,0.721448,0.011450,0.000000,0.011142,0.000000,0.666667,0.679666,0.008130,1,5.330840,-0.062105,3.741350,0.333333,0.036212,0.071429
32,Sub bacia do Rio Camorim e Caçambé,12,I_12h,223.900000,1.083333,7.548940,1.141982,0.000000,0.002786,0.000000,1.000000,0.732591,0.011278,0.000000,0.011142,0.000000,0.666667,0.688022,0.008032,1,11.836815,-0.114211,3.438514,0.333333,0.033426,0.076923
32,Sub bacia do Rio Camorim e Caçambé,24,I_24h,111.950000,0.541667,4.207824,0.573508,0.000000,0.002882,0.000000,1.000000,0.798271,0.010714,0.000000,0.011527,0.000000,0.666667,0.752161,0.007605,7,2.689638,-0.010000,1.595664,0.333333,0.014837,0.166667
33,Sub bacia da Lagoa Rodrigo de Freitas,1/6,I_15min,112.399470,4.000000,85.173527,6.872031,0.000000,0.001706,0.000000,1.000000,0.981229,0.201389,0.006897,0.010239,0.142857,0.944828,0.880546,0.209801,1,40.516388,-0.270526,8.856349,0.551724,0.292308,0.318725
33,Sub bacia da Lagoa Rodrigo de Freitas,1/2,I_30min,99.774193,3.855127,66.645313,5.666087,0.000000,0.001706,0.000000,1.000000,0.962457,0.204513,0.006897,0.010239,0.142857,0.944828,0.878840,0.210123,1,32.005377,-0.062105,5.471090,0.379310,0.152137,0.381944
33,Sub bacia da Lagoa Rodrigo de Freitas,1,I_1h,87.861378,2.963782,45.638940,4.473700,0.000000,0.001706,0.000000,1.000000,0.967577,0.203652,0.020690,0.010239,0.333333,0.944828,0.868601,0.212074,1,21.489516,-0.322632,6.357067,0.496552,0.227350,0.351220
33,Sub bacia da Lagoa Rodrigo de Freitas,2,I_2h,73.929982,2.200000,30.420905,3.428781,0.000000,0.001706,0.000000,1.000000,0.965870,0.203938,0.013793,0.010239,0.250000,0.944828,0.860068,0.213729,1,16.507216,-0.478947,4.465125,0.510345,0.215385,0.370000
33,Sub bacia da Lagoa Rodrigo de Freitas,3,I_3h,54.774046,1.929165,21.610075,2.598651,0.000000,0.001706,0.000000,1.000000,0.960751,0.204802,0.006897,0.010239,0.142857,0.944828,0.880546,0.209801,1,4.167355,-0.270526,3.723995,0.613793,0.273504,0.357430
33,Sub bacia da Lagoa Rodrigo de Freitas,6,I_6h,30.139026,1.066696,13.430001,1.644970,0.000000,0.001706,0.000000,1.000000,0.981229,0.201389,0.006897,0.010239,0.142857,0.944828,0.892491,0.207576,1,4.212290,-1.000000,3.125978,0.455172,0.147009,0.434211
33,Sub bacia da Lagoa Rodrigo de Freitas,8,I_8h,22.604270,0.800022,10.151284,1.320373,0.000000,0.001706,0.000000,1.000000,0.988055,0.200276,0.020690,0.010239,0.333333,0.944828,0.858362,0.214062,1,2.609107,-0.270526,2.142426,0.496552,0.165812,0.426036
33,Sub bacia da Lagoa Rodrigo de Freitas,10,I_10h,18.184710,0.640018,8.669052,1.060048,0.000000,0.001709,0.000000,1.000000,0.991453,0.200000,0.013793,0.010256,0.250000,0.944828,0.864957,0.213064,1,2.123848,-0.531053,2.084794,0.448276,0.138699,0.445205
33,Sub bacia da Lagoa Rodrigo de Freitas,12,I_12h,15.166431,0.548973,7.376593,0.927726,0.000000,0.001709,0.000000,1.000000,0.994872,0.199450,0.013793,0.010256,0.250000,0.944828,0.861538,0.213729,1,1.776951,-0.791579,1.582747,0.524138,0.186644,0.410811
33,Sub bacia da Lagoa Rodrigo de Freitas,24,I_24h,9.081058,0.425000,3.960530,0.479464,0.000000,0.001808,0.000000,1.000000,0.990958,0.206946,0.013986,0.010850,0.250000,0.944056,0.871609,0.218801,1,0.789699,-0.583158,0.882404,0.573427,0.202532,0.422680
34,Micro bacia da Praia Vermelha,1/6,I_15min,,,,,,,,,,,,,,,,,0,,,,,,
34,Micro bacia da Praia Vermelha,1/2,I_30min,,,,,,,,,,,,,,,,,0,,,,,,
34,Micro bacia da Praia Vermelha,1,I_1h,,,,,,,,,,,,,,,,,0,,,,,,
34,Micro bacia da Praia Vermelha,2,I_2h,,,,,,,,,,,,,,,,,0,,,,,,
34,Micro bacia da Praia Vermelha,3,I_3h,,,,,,,,,,,,,,,,,0,,,,,,
34,Micro bacia da Praia Vermelha,6,I_6h,,,,,,,,,,,,,,,,,0,,,,,,
34,Micro bacia da Praia Vermelha,8,I_8h,,,,,,,,,,,,,,,,,0,,,,,,
34,Micro bacia da Praia Vermelha,10,I_10h,,,,,,,,,,,,,,,,,0,,,,,,
34,Micro bacia da Praia Vermelha,12,I_12h,,,,,,,,,,,,,,,,,0,,,,,,
34,Micro bacia da Praia Vermelha,24,I_24h,,,,,,,,,,,,,,,,,0,,,,,,
35,Sub bacia do Rio das Pedras,1/6,I_15min,120.000000,7.042850,74.682875,10.088728,0.000000,0.002128,0.000000,1.000000,0.895745,0.094624,0.022727,0.010638,0.166667,0.931818,0.795745,0.098795,1,118.708148,-0.218421,1.612161,0.545455,0.176596,0.224299
35,Sub bacia do Rio das Pedras,1/2,I_30min,76.800000,5.985145,64.126561,6.724226,0.022727,0.002128,0.500000,1.000000,0.887234,0.095445,0.022727,0.010638,0.166667,0.931818,0.855319,0.092551,1,137.454828,-0.426842,9.268013,0.500000,0.159574,0.226804
35,Sub bacia do Rio das Pedras,1,I_1h,52.200000,3.800000,41.712038,5.077895,0.022727,0.002128,0.500000,1.000000,0.944681,0.090164,0.022727,0.010638,0.166667,0.931818,0.848936,0.093182,1,50.672600,-0.322632,8.311167,0.454545,0.146809,0.224719
35,Sub bacia do Rio das Pedras,2,I_2h,29.300000,2.500000,23.510299,3.503926,0.022727,0.002128,0.500000,1.000000,0.963830,0.088531,0.022727,0.010638,0.166667,0.931818,0.846809,0.093394,1,22.522905,-0.270526,5.558490,0.431818,0.127660,0.240506
35,Sub bacia do Rio das Pedras,3,I_3h,20.582602,2.133333,17.885565,3.275201,0.022727,0.002128,0.500000,1.000000,0.942553,0.090349,0.022727,0.010638,0.166667,0.931818,0.759574,0.103015,1,26.757978,-0.426842,4.403104,0.454545,0.134043,0.240964
35,Sub bacia do Rio das Pedras,6,I_6h,12.980472,1.133333,9.497799,1.930287,0.022727,0.002128,0.500000,1.000000,0.980851,0.087129,0.022727,0.010638,0.166667,0.931818,0.723404,0.107612,1,19.885611,-0.791579,2.845422,0.477273,0.136170,0.247059
35,Sub bacia do Rio das Pedras,8,I_8h,11.193071,0.850000,7.551454,1.454185,0.022727,0.002128,0.500000,1.000000,0.991489,0.086275,0.022727,0.010638,0.166667,0.931818,0.759574,0.103015,1,11.409776,-0.166316,2.124327,0.340909,0.065957,0.326087
35,Sub bacia do Rio das Pedras,10,I_10h,9.513312,0.720000,6.394917,1.163348,0.022727,0.002128,0.500000,1.000000,0.991489,0.086275,0.022727,0.010638,0.166667,0.931818,0.789362,0.099515,1,7.317529,-0.166316,2.113406,0.318182,0.055319,0.350000
35,Sub bacia do Rio das Pedras,12,I_12h,8.089432,0.833333,5.379608,1.012337,0.022727,0.002128,0.500000,1.000000,0.961702,0.088710,0.022727,0.010638,0.166667,0.931818,0.776596,0.100985,1,9.092977,-0.895789,1.881150,0.454545,0.117021,0.266667
35,Sub bacia do Rio das Pedras,24,I_24h,4.848679,0.416667,3.640821,0.548704,0.022727,0.002247,0.500000,1.000000,1.000000,0.089980,0.022727,0.011236,0.166667,0.931818,0.761798,0.107895,1,5.586730,-0.218421,0.710057,0.386364,0.089888,0.298246
36,Micro bacia de Copacabana,1/6,I_15min,118.846628,6.792036,92.105836,12.931237,0.000000,0.001873,0.000000,1.000000,0.863296,0.104854,0.037037,0.011236,0.250000,0.944444,0.578652,0.141667,1,10.947550,-0.687368,26.880971,0.592593,0.208255,0.223776
36,Micro bacia de Copacabana,1/2,I_30min,116.438205,4.953292,83.199338,9.658642,0.000000,0.001873,0.000000,1.000000,0.910112,0.100000,0.037037,0.011236,0.250000,0.944444,0.631086,0.131443,1,17.156045,-0.010000,15.238350,0.462963,0.123827,0.274725
36,Micro bacia de Copacabana,1,I_1h,89.215915,3.995808,53.704902,7.533165,0.000000,0.001873,0.000000,1.000000,0.902622,0.100746,0.037037,0.011236,0.250000,0.944444,0.604869,0.136364,1,7.189464,-0.166316,18.092387,0.444444,0.095685,0.320000
36,Micro bacia de Copacabana,2,I_2h,67.338870,3.542563,33.872631,4.877112,0.000000,0.001873,0.000000,1.000000,0.827715,0.108871,0.074074,0.011236,0.400000,0.944444,0.661049,0.126238,1,2.108221,-0.218421,11.162345,0.500000,0.112570,0.310345
36,Micro bacia de Copacabana,3,I_3h,49.518572,3.066667,24.608944,3.435171,0.000000,0.001873,0.000000,1.000000,0.779026,0.114894,0.074074,0.011236,0.400000,0.944444,0.713483,0.118056,3,3.045916,-0.114211,8.102755,0.557692,0.115312,0.322222
36,Micro bacia de Copacabana,6,I_6h,26.580238,1.629836,14.629382,1.974265,0.000000,0.001873,0.000000,1.000000,0.895131,0.101504,0.111111,0.011236,0.500000,0.944444,0.741573,0.114094,10,1.013631,-0.062105,4.986090,0.557692,0.141748,0.284314
36,Micro bacia de Copacabana,8,I_8h,19.935179,1.444853,11.251838,1.630000,0.037037,0.001873,0.666667,1.000000,0.805243,0.111570,0.111111,0.011236,0.500000,0.944444,0.728464,0.115909,6,2.148847,-0.010000,2.366600,0.576923,0.166348,0.256410
36,Micro bacia de Copacabana,10,I_10h,16.338177,1.155883,9.103669,1.356000,0.000000,0.001873,0.000000,1.000000,0.825843,0.109091,0.129630,0.011236,0.538462,0.944444,0.728464,0.115909,7,0.693313,-0.062105,2.978709,0.596154,0.180422,0.248000
36,Micro bacia de Copacabana,12,I_12h,13.868639,0.963236,7.913053,1.190717,0.000000,0.001873,0.000000,1.000000,0.844569,0.106931,0.129630,0.011236,0.538462,0.944444,0.711610,0.118329,10,0.592603,-0.062105,2.671500,0.615385,0.174757,0.262295
36,Micro bacia de Copacabana,24,I_24h,6.934320,0.489536,4.265524,0.604408,0.074074,0.001976,0.800000,1.000000,0.883399,0.107784,0.148148,0.011858,0.571429,0.944444,0.764822,0.116438,7,0.341973,-0.010000,1.116653,0.653846,0.236364,0.225166
37,Restinga da Barra,1/6,I_15min,2353.600000,3.575969,77.406215,7.474269,0.000000,0.002740,0.000000,1.000000,0.994521,0.276892,0.014388,0.010959,0.333333,0.949640,0.865753,0.294643,1,160.486060,-0.531053,1.059117,0.453237,0.232877,0.425676
37,Restinga da Barra,1/2,I_30min,2226.000000,3.250484,62.848493,6.064397,0.000000,0.002740,0.000000,1.000000,0.989041,0.278000,0.007194,0.010959,0.200000,0.949640,0.865753,0.294643,1,117.091530,-1.000000,0.000000,0.517986,0.293151,0.402235
37,Restinga da Barra,1,I_1h,1701.400000,2.615605,43.464500,4.232916,0.000000,0.002740,0.000000,1.000000,0.986301,0.278557,0.007194,0.010959,0.200000,0.949640,0.898630,0.286957,1,39.413505,-0.739474,0.841619,0.539568,0.301370,0.405405
37,Restinga da Barra,2,I_2h,1311.500000,1.900000,27.636494,2.859010,0.000000,0.002740,0.000000,1.000000,0.986301,0.278557,0.007194,0.010959,0.200000,0.949640,0.912329,0.283871,1,19.035974,-0.687368,2.278469,0.546763,0.287671,0.419890
37,Restinga da Barra,3,I_3h,895.600000,1.666667,21.621692,2.132206,0.000000,0.002740,0.000000,1.000000,0.975342,0.280808,0.007194,0.010959,0.200000,0.949640,0.931507,0.279661,1,10.911777,-0.843684,3.280441,0.489209,0.235616,0.441558
37,Restinga da Barra,6,I_6h,447.800000,1.071895,12.736890,1.455905,0.000000,0.002740,0.000000,1.000000,0.975342,0.280808,0.007194,0.010959,0.200000,0.949640,0.912329,0.283871,1,5.388146,-0.374737,1.952955,0.460432,0.172603,0.503937
37,Restinga da Barra,8,I_8h,335.850000,0.850000,9.771239,1.196122,0.000000,0.002740,0.000000,1.000000,0.986301,0.278557,0.007194,0.010959,0.200000,0.949640,0.923288,0.281450,1,3.801451,-0.426842,1.733971,0.446043,0.169863,0.500000
37,Restinga da Barra,10,I_10h,268.680000,0.680000,7.856286,0.996000,0.000000,0.002740,0.000000,1.000000,0.994521,0.276892,0.007194,0.010959,0.200000,0.949640,0.936986,0.278481,1,3.157489,-0.478947,1.380604,0.453237,0.178082,0.492188
37,Restinga da Barra,12,I_12h,223.900000,0.566667,6.789147,0.842557,0.000000,0.002740,0.000000,1.000000,0.997260,0.276342,0.000000,0.010959,0.000000,0.949640,0.931507,0.279661,1,2.161955,-0.895789,0.971619,0.611511,0.282192,0.452128
37,Restinga da Barra,24,I_24h,111.950000,0.416667,3.747986,0.475635,0.000000,0.002924,0.000000,1.000000,1.000000,0.287500,0.007246,0.011696,0.200000,0.949275,0.839181,0.313397,1,1.235361,-0.426842,0.596907,0.514493,0.198830,0.510791
38,Micro bacia do Rio Muzema,1/6,I_15min,120.800000,8.000000,92.544000,10.640000,0.000000,0.003521,0.000000,1.000000,0.855634,0.028000,0.000000,0.010563,0.000000,0.857143,0.767606,0.026786,1,62.223673,-1.000000,16.000000,0.571429,0.228873,0.057971
38,Micro bacia do Rio Muzema,1/2,I_30min,94.400000,6.400000,69.768000,8.080000,0.000000,0.003521,0.000000,1.000000,0.848592,0.028226,0.000000,0.010563,0.000000,0.857143,0.774648,0.026549,1,47.240816,-0.739474,11.832653,0.571429,0.232394,0.057143
38,Micro bacia do Rio Muzema,1,I_1h,69.400000,4.200000,49.674000,5.460000,0.000000,0.003521,0.000000,1.000000,0.915493,0.026217,0.000000,0.010563,0.000000,0.857143,0.809859,0.025424,1,32.343673,-0.583158,8.339456,0.571429,0.235915,0.056338
38,Micro bacia do Rio Muzema,2,I_2h,43.400000,2.200000,29.872000,2.830000,0.000000,0.003521,0.000000,1.000000,0.982394,0.024476,0.000000,0.010563,0.000000,0.857143,0.911972,0.022642,1,23.120204,-0.426842,3.994558,0.571429,0.239437,0.055556
38,Micro bacia do Rio Muzema,3,I_3h,31.000000,1.800000,21.503333,2.140000,0.000000,0.003521,0.000000,1.000000,0.975352,0.024648,0.000000,0.010563,0.000000,0.857143,0.926056,0.022305,1,21.000000,-0.531053,2.925850,0.571429,0.235915,0.056338
38,Micro bacia do Rio Muzema,6,I_6h,17.033333,1.200000,11.871333,1.300000,0.000000,0.003521,0.000000,1.000000,0.975352,0.024648,0.000000,0.010563,0.000000,0.857143,0.961268,0.021505,1,13.831156,-0.583158,1.515760,0.571429,0.278169,0.048193
38,Micro bacia do Rio Muzema,8,I_8h,13.125000,1.125000,10.541250,1.132500,0.000000,0.003521,0.000000,1.000000,0.961268,0.025000,0.000000,0.010563,0.000000,0.857143,0.954225,0.021661,7,6.158265,-0.062105,1.067177,0.571429,0.271062,0.051282
38,Micro bacia do Rio Muzema,10,I_10h,10.860000,0.920000,8.979800,0.962000,0.000000,0.003521,0.000000,1.000000,0.964789,0.024911,0.000000,0.010563,0.000000,0.857143,0.957746,0.021583,1,11.463388,-0.791579,1.132653,0.571429,0.253521,0.052632
38,Micro bacia do Rio Muzema,12,I_12h,9.050000,0.800000,7.494500,0.825000,0.000000,0.003521,0.000000,1.000000,0.968310,0.024823,0.000000,0.010563,0.000000,0.857143,0.964789,0.021429,1,7.410204,-0.791579,0.998186,0.571429,0.260563,0.051282
38,Micro bacia do Rio Muzema,24,I_24h,4.800000,0.458333,4.018750,0.530833,0.000000,0.003759,0.000000,1.000000,0.913534,0.028000,0.000000,0.011278,0.000000,0.857143,0.789474,0.027778,1,4.450000,-0.583158,0.693452,0.714286,0.218045,0.079365
39,Sub bacia de São Conrado,1/6,I_15min,120.440565,4.579289,87.464354,6.613758,0.000000,0.002212,0.000000,1.000000,0.971239,0.114919,0.017544,0.011062,0.166667,0.947368,0.909292,0.116129,10,123.694770,-0.062105,10.798880,0.368421,0.167431,0.223404
39,Sub bacia de São Conrado,1/2,I_30min,94.114884,3.600000,69.649658,5.335143,0.000000,0.002212,0.000000,1.000000,0.982301,0.113772,0.000000,0.011062,0.000000,0.947368,0.920354,0.114894,9,110.555403,-0.062105,5.986920,0.403509,0.169336,0.237113
39,Sub bacia de São Conrado,1,I_1h,69.400000,2.400000,48.875005,3.761431,0.000000,0.002212,0.000000,1.000000,0.986726,0.113320,0.000000,0.011062,0.000000,0.947368,0.940265,0.112735,9,77.989792,-0.062105,5.462730,0.368421,0.139588,0.256098
39,Sub bacia de São Conrado,2,I_2h,43.400000,2.000000,29.829677,2.559518,0.000000,0.002212,0.000000,1.000000,0.980088,0.114000,0.000000,0.011062,0.000000,0.947368,0.953540,0.111340,9,21.991656,-0.062105,4.775715,0.438596,0.173913,0.247525
39,Sub bacia de São Conrado,3,I_3h,31.000000,1.800000,21.169096,2.332303,0.000000,0.002212,0.000000,1.000000,0.975664,0.114458,0.070175,0.011062,0.444444,0.947368,0.913717,0.115632,10,26.348208,-0.062105,3.738406,0.368421,0.119266,0.287671
39,Sub bacia de São Conrado,6,I_6h,17.947779,1.528987,12.319973,1.537213,0.000000,0.002212,0.000000,1.000000,0.924779,0.120000,0.070175,0.011062,0.444444,0.947368,0.920354,0.114894,9,23.178665,-0.062105,2.361072,0.298246,0.064073,0.377778
39,Sub bacia de São Conrado,8,I_8h,14.297241,1.153637,9.824901,1.239936,0.000000,0.002212,0.000000,1.000000,0.940265,0.118257,0.070175,0.011062,0.444444,0.947368,0.918142,0.115139,9,20.185498,-0.114211,1.744687,0.456140,0.169336,0.260000
39,Sub bacia de São Conrado,10,I_10h,12.438860,0.940000,8.028325,1.024740,0.000000,0.002212,0.000000,1.000000,0.962389,0.115854,0.070175,0.011062,0.444444,0.947368,0.918142,0.115139,9,13.163534,-0.062105,1.668435,0.315789,0.061785,0.400000
39,Sub bacia de São Conrado,12,I_12h,10.782214,0.783333,6.695032,0.853950,0.000000,0.002212,0.000000,1.000000,0.971239,0.114919,0.070175,0.011062,0.444444,0.947368,0.938053,0.112971,9,10.845437,-0.062105,1.420911,0.315789,0.066362,0.382979
39,Sub bacia de São Conrado,24,I_24h,6.852398,0.416667,3.959510,0.478566,0.000000,0.002336,0.000000,1.000000,1.000000,0.117526,0.035088,0.011682,0.285714,0.947368,0.899533,0.123007,1,2.513527,-0.895789,0.912359,0.456140,0.163551,0.270833
40,Micro bacia do Vidigal,1/6,I_15min,113.600000,24.034607,91.118582,24.126498,0.000000,0.002639,0.000000,1.000000,0.393140,0.013245,0.000000,0.010554,0.000000,0.500000,0.390501,0.006711,0,,,,,,
40,Micro bacia do Vidigal,1/2,I_30min,95.096179,20.443259,71.728000,20.640231,0.000000,0.002639,0.000000,1.000000,0.340369,0.015267,0.000000,0.010554,0.000000,0.500000,0.340369,0.007692,0,,,,,,
40,Micro bacia do Vidigal,1,I_1h,67.530786,17.025955,47.748000,17.059954,0.000000,0.002639,0.000000,1.000000,0.258575,0.020000,0.000000,0.010554,0.000000,0.500000,0.255937,0.010204,0,,,,,,
40,Micro bacia do Vidigal,2,I_2h,46.950805,10.902716,34.007075,10.993417,0.000000,0.002639,0.000000,1.000000,0.216359,0.023810,0.000000,0.010554,0.000000,0.500000,0.211082,0.012346,0,,,,,,
40,Micro bacia do Vidigal,3,I_3h,37.169014,8.691180,25.916223,8.801378,0.000000,0.002639,0.000000,1.000000,0.182058,0.028169,0.000000,0.010554,0.000000,0.500000,0.179420,0.014493,0,,,,,,
40,Micro bacia do Vidigal,6,I_6h,21.475671,4.367572,15.881192,4.446076,0.000000,0.002639,0.000000,1.000000,0.213720,0.024096,0.000000,0.010554,0.000000,0.500000,0.205805,0.012658,0,,,,,,
40,Micro bacia do Vidigal,8,I_8h,17.933099,3.292165,13.342823,3.350219,0.000000,0.002639,0.000000,1.000000,0.229551,0.022472,0.000000,0.010554,0.000000,0.500000,0.221636,0.011765,0,,,,,,
40,Micro bacia do Vidigal,10,I_10h,15.546479,2.633732,11.066486,2.682154,0.000000,0.002639,0.000000,1.000000,0.234828,0.021978,0.000000,0.010554,0.000000,0.500000,0.224274,0.011628,0,,,,,,
40,Micro bacia do Vidigal,12,I_12h,13.258283,2.206128,9.222072,2.245912,0.000000,0.002639,0.000000,1.000000,0.240106,0.021505,0.000000,0.010554,0.000000,0.500000,0.234828,0.011111,0,,,,,,
40,Micro bacia do Vidigal,24,I_24h,7.379825,1.162118,4.664079,1.179200,0.000000,0.002762,0.000000,1.000000,0.279006,0.019417,0.000000,0.011050,0.000000,0.500000,0.267956,0.010204,0,,,,,,
41,Micro bacia do Rio da Barra,1/6,I_15min,120.800000,21.600000,92.448000,21.960000,0.000000,0.003484,0.000000,1.000000,0.477352,0.028369,0.000000,0.010453,0.000000,0.750000,0.442509,0.023077,3,66.857143,-0.426842,23.575510,0.750000,0.190813,0.052632
41,Micro bacia do Rio da Barra,1/2,I_30min,94.400000,16.400000,69.456000,17.000000,0.000000,0.003484,0.000000,1.000000,0.470383,0.028777,0.000000,0.010453,0.000000,0.750000,0.459930,0.022222,3,69.183673,-0.635263,19.746939,0.750000,0.176678,0.056604
41,Micro bacia do Rio da Barra,1,I_1h,69.400000,9.200000,49.308000,10.040000,0.000000,0.003484,0.000000,1.000000,0.595819,0.022857,0.000000,0.010453,0.000000,0.750000,0.494774,0.020690,3,44.440000,-1.000000,14.693878,0.750000,0.176678,0.056604
41,Micro bacia do Rio da Barra,2,I_2h,43.400000,5.100000,29.824000,5.655000,0.000000,0.003484,0.000000,1.000000,0.609756,0.022346,0.000000,0.010453,0.000000,0.750000,0.526132,0.019481,3,35.868571,-0.895789,8.675510,0.750000,0.173145,0.057692
41,Micro bacia do Rio da Barra,3,I_3h,31.000000,3.400000,21.473333,3.770000,0.000000,0.003484,0.000000,1.000000,0.728223,0.018779,0.000000,0.010453,0.000000,0.750000,0.609756,0.016854,1,23.910204,-0.114211,8.183673,0.250000,0.024390,0.125000
41,Micro bacia do Rio da Barra,6,I_6h,17.033333,1.733333,11.829333,1.923333,0.000000,0.003484,0.000000,1.000000,0.850174,0.016129,0.000000,0.010453,0.000000,0.750000,0.703833,0.014634,1,11.748980,-0.114211,4.688889,0.250000,0.034843,0.090909
41,Micro bacia do Rio da Barra,8,I_8h,13.125000,1.325000,10.507500,1.471250,0.000000,0.003484,0.000000,1.000000,0.874564,0.015686,0.000000,0.010453,0.000000,0.750000,0.731707,0.014085,1,8.712857,-0.114211,3.625000,0.250000,0.038328,0.083333
41,Micro bacia do Rio da Barra,10,I_10h,10.860000,1.060000,8.951600,1.204000,0.000000,0.003484,0.000000,1.000000,0.902439,0.015209,0.000000,0.010453,0.000000,0.750000,0.728223,0.014151,3,9.831020,-0.687368,1.950476,0.750000,0.226148,0.044776
41,Micro bacia do Rio da Barra,12,I_12h,9.050000,0.883333,7.469000,1.003333,0.000000,0.003484,0.000000,1.000000,0.916376,0.014981,0.000000,0.010453,0.000000,0.750000,0.756098,0.013636,1,3.277381,-0.062105,2.577778,0.250000,0.038328,0.083333
41,Micro bacia do Rio da Barra,24,I_24h,4.800000,0.458333,4.015000,0.515833,0.000000,0.003717,0.000000,1.000000,0.914498,0.016000,0.000000,0.011152,0.000000,0.750000,0.806691,0.013636,1,1.944388,-0.062105,1.355556,0.250000,0.040892,0.083333
42,Sub bacia de Grumari,1/6,I_15min,,,,,,,,,,,,,,,,,0,,,,,,
42,Sub bacia de Grumari,1/2,I_30min,,,,,,,,,,,,,,,,,0,,,,,,
42,Sub bacia de Grumari,1,I_1h,,,,,,,,,,,,,,,,,0,,,,,,
42,Sub bacia de Grumari,2,I_2h,,,,,,,,,,,,,,,,,0,,,,,,
42,Sub bacia de Grumari,3,I_3h,,,,,,,,,,,,,,,,,0,,,,,,
42,Sub bacia de Grumari,6,I_6h,,,,,,,,,,,,,,,,,0,,,,,,
42,Sub bacia de Grumari,8,I_8h,,,,,,,,,,,,,,,,,0,,,,,,
42,Sub bacia de Grumari,10,I_10h,,,,,,,,,,,,,,,,,0,,,,,,
42,Sub bacia de Grumari,12,I_12h,,,,,,,,,,,,,,,,,0,,,,,,
42,Sub bacia de Grumari,24,I_24h,,,,,,,,,,,,,,,,,0,,,,,,
43,Micro bacia da Prainha,1/6,I_15min,,,,,,,,,,,,,,,,,0,,,,,,
43,Micro bacia da Prainha,1/2,I_30min,,,,,,,,,,,,,,,,,0,,,,,,
43,Micro bacia da Prainha,1,I_1h,,,,,,,,,,,,,,,,,0,,,,,,
43,Micro bacia da Prainha,2,I_2h,,,,,,,,,,,,,,,,,0,,,,,,
43,Micro bacia da Prainha,3,I_3h,,,,,,,,,,,,,,,,,0,,,,,,
43,Micro bacia da Prainha,6,I_6h,,,,,,,,,,,,,,,,,0,,,,,,
43,Micro bacia da Prainha,8,I_8h,,,,,,,,,,,,,,,,,0,,,,,,
43,Micro bacia da Prainha,10,I_10h,,,,,,,,,,,,,,,,,0,,,,,,
43,Micro bacia da Prainha,12,I_12h,,,,,,,,,,,,,,,,,0,,,,,,
43,Micro bacia da Prainha,24,I_24h,,,,,,,,,,,,,,,,,0,,,,,,
44,Micro bacia da Joatinga,1/6,I_15min,,,,,,,,,,,,,,,,,0,,,,,,
44,Micro bacia da Joatinga,1/2,I_30min,,,,,,,,,,,,,,,,,0,,,,,,
44,Micro bacia da Joatinga,1,I_1h,,,,,,,,,,,,,,,,,0,,,,,,
44,Micro bacia da Joatinga,2,I_2h,,,,,,,,,,,,,,,,,0,,,,,,
44,Micro bacia da Joatinga,3,I_3h,,,,,,,,,,,,,,,,,0,,,,,,
44,Micro bacia da Joatinga,6,I_6h,,,,,,,,,,,,,,,,,0,,,,,,
44,Micro bacia da Joatinga,8,I_8h,,,,,,,,,,,,,,,,,0,,,,,,
44,Micro bacia da Joatinga,10,I_10h,,,,,,,,,,,,,,,,,0,,,,,,
44,Micro bacia da Joatinga,12,I_12h,,,,,,,,,,,,,,,,,0,,,,,,
44,Micro bacia da Joatinga,24,I_24h,,,,,,,,,,,,,,,,,0,,,,,,
45,Sub bacia dos Rios Acari/Pavuna/Meriti,1/6,I_15min,108.799139,2.400000,71.200000,6.663321,0.005682,0.002208,0.500000,1.000000,1.000000,0.279809,0.045455,0.013245,0.571429,0.948864,0.891832,0.292469,10,30.078927,-0.010000,3.213858,0.601156,0.253456,0.485981
45,Sub bacia dos Rios Acari/Pavuna/Meriti,1/2,I_30min,86.799275,2.400000,50.086794,5.178661,0.005682,0.002208,0.500000,1.000000,1.000000,0.279809,0.068182,0.011038,0.705882,0.948864,0.935982,0.282572,8,9.090398,-0.166316,18.034081,0.612717,0.260274,0.481818
45,Sub bacia dos Rios Acari/Pavuna/Meriti,1,I_1h,54.999600,2.000000,35.369403,4.099944,0.017045,0.002208,0.750000,1.000000,1.000000,0.279809,0.051136,0.011038,0.642857,0.948864,0.922737,0.285470,5,4.568016,-0.426842,13.874042,0.528736,0.174497,0.541176
45,Sub bacia dos Rios Acari/Pavuna/Meriti,2,I_2h,31.399766,1.575364,20.553441,3.082835,0.011364,0.002208,0.666667,1.000000,0.997792,0.280255,0.073864,0.011038,0.722222,0.948864,0.902870,0.289931,2,6.263446,-0.010000,2.052941,0.611429,0.252772,0.484163
45,Sub bacia dos Rios Acari/Pavuna/Meriti,3,I_3h,22.750507,1.266667,16.274196,2.525949,0.011364,0.002208,0.666667,1.000000,0.997792,0.280255,0.039773,0.011038,0.583333,0.948864,0.896247,0.291449,10,45.585136,-0.374737,5.878702,0.445087,0.142857,0.553957
45,Sub bacia dos Rios Acari/Pavuna/Meriti,6,I_6h,13.292906,0.900000,9.510671,1.566701,0.011364,0.002208,0.666667,1.000000,1.000000,0.279809,0.045455,0.011038,0.615385,0.948864,0.902870,0.289931,10,3.045773,-0.010000,1.309446,0.473988,0.163594,0.535948
45,Sub bacia dos Rios Acari/Pavuna/Meriti,8,I_8h,10.056567,0.700000,7.608658,1.247381,0.017045,0.002208,0.750000,1.000000,1.000000,0.279809,0.034091,0.011038,0.545455,0.948864,0.918322,0.286449,10,2.418842,-0.010000,0.974767,0.485549,0.168203,0.535032
45,Sub bacia dos Rios Acari/Pavuna/Meriti,10,I_10h,8.045254,0.560000,6.185523,1.038521,0.017045,0.002208,0.750000,1.000000,1.000000,0.279809,0.039773,0.011038,0.583333,0.948864,0.896247,0.291449,10,1.958235,-0.010000,0.842961,0.491329,0.172811,0.531250
45,Sub bacia dos Rios Acari/Pavuna/Meriti,12,I_12h,6.704378,0.466667,5.378082,0.866667,0.017045,0.002208,0.750000,1.000000,1.000000,0.279809,0.034091,0.011038,0.545455,0.954545,0.916115,0.288165,10,2.037992,-0.010000,0.402198,0.485549,0.182028,0.515337
45,Sub bacia dos Rios Acari/Pavuna/Meriti,24,I_24h,3.755451,0.416667,2.917106,0.450000,0.022989,0.002347,0.800000,1.000000,1.000000,0.290000,0.040230,0.011737,0.583333,0.954023,0.924883,0.296429,9,0.610298,-0.062105,0.806248,0.514620,0.203883,0.511628
46,Sub bacia do Rio Irajá/Canal da Penha,1/6,I_15min,143.446044,5.600000,95.003342,8.560000,0.000000,0.001898,0.000000,1.000000,0.939279,0.066038,0.000000,0.011385,0.000000,0.942857,0.779886,0.074324,1,61.560856,-0.062105,13.625087,0.314286,0.064639,0.244444
46,Sub bacia do Rio Irajá/Canal da Penha,1/2,I_30min,116.875208,5.200000,72.438903,7.360000,0.000000,0.001898,0.000000,1.000000,0.914611,0.067698,0.000000,0.011385,0.000000,0.942857,0.741935,0.077830,1,52.807975,-0.062105,11.726399,0.314286,0.043726,0.323529
46,Sub bacia do Rio Irajá/Canal da Penha,1,I_1h,86.093353,4.000000,53.963848,6.044650,0.000000,0.001898,0.000000,1.000000,0.920304,0.067308,0.000000,0.011385,0.000000,0.942857,0.702087,0.081886,1,35.804129,-0.062105,7.366647,0.314286,0.051331,0.289474
46,Sub bacia do Rio Irajá/Canal da Penha,2,I_2h,46.900000,2.800000,30.381822,3.606395,0.000000,0.001898,0.000000,1.000000,0.924099,0.067050,0.028571,0.011385,0.142857,0.942857,0.827324,0.070362,1,7.406322,-0.218421,8.988091,0.457143,0.095057,0.242424
46,Sub bacia do Rio Irajá/Canal da Penha,3,I_3h,36.395620,2.466667,22.162731,2.591275,0.000000,0.001898,0.000000,1.000000,0.903226,0.068493,0.028571,0.011385,0.142857,0.942857,0.882353,0.066265,1,9.173432,-0.062105,4.093100,0.400000,0.079848,0.250000
46,Sub bacia do Rio Irajá/Canal da Penha,6,I_6h,19.699781,1.266667,13.708312,1.458916,0.028571,0.001898,0.500000,1.000000,0.969639,0.064103,0.028571,0.011385,0.142857,0.942857,0.924099,0.063462,1,4.262674,-0.010000,3.199591,0.314286,0.060837,0.255814
46,Sub bacia do Rio Irajá/Canal da Penha,8,I_8h,14.774836,0.975000,10.780902,1.202500,0.028571,0.001898,0.500000,1.000000,0.969639,0.064103,0.028571,0.011385,0.142857,0.942857,0.922201,0.063584,2,5.292402,-0.010000,0.460411,0.342857,0.076336,0.230769
46,Sub bacia do Rio Irajá/Canal da Penha,10,I_10h,11.819869,0.780000,9.053771,0.962000,0.028571,0.001898,0.500000,1.000000,0.981025,0.063406,0.028571,0.011385,0.142857,0.942857,0.941176,0.062382,8,1.611212,-0.010000,3.049619,0.333333,0.070312,0.234043
46,Sub bacia do Rio Irajá/Canal da Penha,12,I_12h,9.913729,0.650000,7.544809,0.801667,0.028571,0.001898,0.500000,1.000000,0.984820,0.063177,0.028571,0.011385,0.142857,0.942857,0.954459,0.061567,8,1.367969,-0.010000,2.556412,0.333333,0.074219,0.224490
46,Sub bacia do Rio Irajá/Canal da Penha,24,I_24h,6.794904,0.425000,3.825987,0.448720,0.028571,0.001988,0.500000,1.000000,0.978131,0.066414,0.028571,0.011928,0.142857,0.942857,0.926441,0.066132,7,0.556660,-0.010000,1.410984,0.323529,0.083333,0.211538
47,Sub bacia do Rio Sarapuí,1/6,I_15min,127.440445,7.160741,96.640731,10.796074,0.000000,0.002288,0.000000,1.000000,0.819222,0.050398,0.000000,0.011442,0.000000,0.947368,0.661327,0.058632,1,60.821224,-0.270526,32.809225,0.368421,0.061785,0.205882
47,Sub bacia do Rio Sarapuí,1/2,I_30min,107.638953,6.360804,75.768312,9.276080,0.000000,0.002288,0.000000,1.000000,0.780320,0.052778,0.000000,0.011442,0.000000,0.947368,0.610984,0.063158,1,60.999419,-0.218421,17.807604,0.421053,0.082380,0.181818
47,Sub bacia do Rio Sarapuí,1,I_1h,83.255539,6.150989,52.473756,6.823061,0.000000,0.002288,0.000000,1.000000,0.668192,0.061093,0.000000,0.011442,0.000000,0.947368,0.615561,0.062718,1,36.744322,-0.426842,16.579546,0.368421,0.064073,0.200000
47,Sub bacia do Rio Sarapuí,2,I_2h,51.648587,3.692979,31.588776,5.049298,0.000000,0.002288,0.000000,1.000000,0.757437,0.054286,0.000000,0.011442,0.000000,0.947368,0.567506,0.067669,1,44.249062,-0.895789,8.365647,0.473684,0.096110,0.176471
47,Sub bacia do Rio Sarapuí,3,I_3h,39.854206,3.032589,23.104646,3.543259,0.000000,0.002288,0.000000,1.000000,0.739130,0.055556,0.000000,0.011442,0.000000,0.947368,0.610984,0.063158,2,19.409194,-0.791579,6.518119,0.526316,0.108046,0.175439
47,Sub bacia do Rio Sarapuí,6,I_6h,20.185601,2.000000,12.041327,2.332911,0.000000,0.002288,0.000000,1.000000,0.645309,0.063123,0.000000,0.011442,0.000000,0.947368,0.528604,0.072289,2,6.375200,-1.000000,4.086007,0.631579,0.117241,0.190476
47,Sub bacia do Rio Sarapuí,8,I_8h,15.139201,1.575000,9.065233,2.002475,0.000000,0.002288,0.000000,1.000000,0.647597,0.062914,0.000000,0.011442,0.000000,0.947368,0.464531,0.081448,1,3.934585,-1.000000,4.736972,0.421053,0.048055,0.275862
47,Sub bacia do Rio Sarapuí,10,I_10h,12.280416,1.280000,7.272288,1.603980,0.000000,0.002288,0.000000,1.000000,0.672769,0.060703,0.000000,0.011442,0.000000,0.947368,0.478261,0.079295,1,3.180695,-0.062105,3.892317,0.315789,0.029748,0.315789
47,Sub bacia do Rio Sarapuí,12,I_12h,10.339423,1.066667,6.324966,1.336650,0.000000,0.002288,0.000000,1.000000,0.684211,0.059748,0.000000,0.011442,0.000000,0.947368,0.494279,0.076923,1,3.009710,-0.583158,2.746569,0.473684,0.066362,0.236842
47,Sub bacia do Rio Sarapuí,24,I_24h,5.169712,0.550000,3.735368,0.669992,0.000000,0.002404,0.000000,1.000000,0.713942,0.060127,0.000000,0.012019,0.000000,0.947368,0.569712,0.070588,1,1.544804,-0.583158,1.364107,0.526316,0.093750,0.204082
48,Sub bacia do Rio Ramos,1/6,I_15min,120.000000,6.850253,93.186190,7.834329,0.054054,0.002119,0.666667,1.000000,0.860169,0.083521,0.054054,0.010593,0.285714,0.945946,0.796610,0.085158,2,19.873551,-0.114211,17.617570,0.702703,0.280851,0.164557
48,Sub bacia do Rio Ramos,1/2,I_30min,81.600000,6.350869,72.128000,7.472921,0.054054,0.002119,0.666667,1.000000,0.811441,0.088095,0.054054,0.010593,0.285714,0.945946,0.739407,0.091146,10,212.849567,-0.062105,26.629369,0.216216,0.021834,0.444444
48,Sub bacia do Rio Ramos,1,I_1h,60.963272,5.061873,52.614304,5.563412,0.027027,0.002119,0.500000,1.000000,0.766949,0.092732,0.027027,0.010593,0.166667,0.945946,0.726695,0.092593,8,21.571365,-0.062105,16.713842,0.432432,0.082789,0.296296
48,Sub bacia do Rio Ramos,2,I_2h,46.981583,3.371610,27.674078,4.008404,0.027027,0.002119,0.500000,1.000000,0.817797,0.087470,0.054054,0.010593,0.285714,0.945946,0.709746,0.094595,10,9.395815,-0.062105,12.072002,0.405405,0.080786,0.288462
48,Sub bacia do Rio Ramos,3,I_3h,37.902423,2.505620,20.754616,2.998912,0.000000,0.002119,0.000000,1.000000,0.855932,0.083900,0.054054,0.010593,0.285714,0.945946,0.771186,0.087719,10,10.270913,-0.010000,4.886862,0.324324,0.054585,0.324324
48,Sub bacia do Rio Ramos,6,I_6h,20.720931,1.589557,12.340349,1.702886,0.027027,0.002119,0.500000,1.000000,0.855932,0.083900,0.081081,0.010593,0.375000,0.945946,0.815678,0.083333,7,3.572455,-0.114211,3.641067,0.513514,0.163399,0.202128
48,Sub bacia do Rio Ramos,8,I_8h,15.550458,1.200000,9.523122,1.415739,0.027027,0.002119,0.500000,1.000000,0.900424,0.080087,0.081081,0.010593,0.375000,0.945946,0.773305,0.087500,7,1.199322,-0.062105,2.545018,0.648649,0.226580,0.187500
48,Sub bacia do Rio Ramos,10,I_10h,12.440367,0.960000,7.665067,1.132591,0.027027,0.002119,0.500000,1.000000,0.927966,0.077895,0.081081,0.010593,0.375000,0.945946,0.800847,0.084746,7,0.961981,-0.062105,2.088927,0.648649,0.228758,0.186047
48,Sub bacia do Rio Ramos,12,I_12h,10.735474,0.800000,6.388734,0.943826,0.027027,0.002119,0.500000,1.000000,0.957627,0.075665,0.081081,0.010593,0.375000,0.945946,0.822034,0.082742,7,0.808332,-0.062105,1.703266,0.648649,0.237473,0.180451
48,Sub bacia do Rio Ramos,24,I_24h,7.386532,0.425000,3.417474,0.471913,0.027027,0.002232,0.500000,1.000000,0.979911,0.077731,0.108108,0.011161,0.444444,0.945946,0.890625,0.080645,10,0.452136,-0.010000,0.782112,0.621622,0.240826,0.179688
49,Sub bacia do Canal do Cunha,1/6,I_15min,124.800000,3.441056,83.151924,8.094751,0.005952,0.001992,0.500000,1.000000,0.996016,0.251497,0.035714,0.011952,0.500000,0.946429,0.828685,0.276522,3,15.788075,-0.218421,18.592944,0.652695,0.328629,0.400735
49,Sub bacia do Canal do Cunha,1/2,I_30min,92.400000,2.640389,65.436952,6.764074,0.005952,0.001992,0.500000,1.000000,0.998008,0.251121,0.035714,0.011952,0.500000,0.946429,0.828685,0.276522,4,127.335219,-0.843684,13.601306,0.598802,0.297571,0.404858
49,Sub bacia do Canal do Cunha,1,I_1h,58.200000,2.087303,41.690120,5.244366,0.005952,0.001992,0.500000,1.000000,0.996016,0.251497,0.041667,0.011952,0.538462,0.946429,0.808765,0.281416,4,104.775301,-0.895789,9.635175,0.580838,0.265182,0.425439
49,Sub bacia do Canal do Cunha,2,I_2h,41.544763,1.442191,23.689677,3.355150,0.005952,0.001992,0.500000,1.000000,0.998008,0.251121,0.047619,0.011952,0.571429,0.946429,0.852590,0.270869,1,4.443516,-0.062105,4.973429,0.553571,0.257485,0.418919
49,Sub bacia do Canal do Cunha,3,I_3h,33.447657,1.163078,16.902850,2.696566,0.000000,0.001992,0.000000,1.000000,0.998008,0.251121,0.053571,0.011952,0.600000,0.946429,0.858566,0.269492,4,2.306654,-0.062105,5.789679,0.443114,0.155870,0.490066
49,Sub bacia do Canal do Cunha,6,I_6h,20.025095,0.701995,9.702946,1.673935,0.000000,0.001992,0.000000,1.000000,1.000000,0.250746,0.071429,0.011952,0.666667,0.946429,0.862550,0.268581,6,0.725035,-0.062105,3.107121,0.563636,0.243902,0.436620
49,Sub bacia do Canal do Cunha,8,I_8h,15.164109,0.742580,7.284931,1.283750,0.005952,0.001992,0.500000,1.000000,0.998008,0.251121,0.077381,0.011952,0.684211,0.946429,0.880478,0.264559,10,3.012956,-0.062105,1.902142,0.509091,0.193814,0.471910
49,Sub bacia do Canal do Cunha,10,I_10h,12.131287,0.656175,6.119600,1.040000,0.005952,0.001992,0.500000,1.000000,0.996016,0.251497,0.071429,0.011952,0.666667,0.952381,0.902390,0.261011,10,2.290830,-0.062105,1.611299,0.509091,0.189691,0.477273
49,Sub bacia do Canal do Cunha,12,I_12h,10.109406,0.577525,5.396667,0.877565,0.005952,0.001992,0.500000,1.000000,0.994024,0.251874,0.065476,0.011952,0.647059,0.946429,0.898406,0.260656,10,1.741618,-0.062105,1.419652,0.503030,0.191753,0.471591
49,Sub bacia do Canal do Cunha,24,I_24h,5.054703,0.433333,3.113924,0.486712,0.012195,0.002105,0.666667,1.000000,0.964211,0.263666,0.054878,0.010526,0.642857,0.945122,0.844211,0.278777,10,0.454606,-0.062105,0.753621,0.614907,0.283550,0.430435
50,Micro bacia do Centro,1/6,I_15min,97.610531,4.322749,78.400000,9.040709,0.014286,0.002933,0.666667,1.000000,0.961877,0.299145,0.021429,0.014663,0.375000,0.950000,0.756598,0.340153,1,36.413972,-0.114211,6.031329,0.585714,0.202941,0.543046
50,Micro bacia do Centro,1/2,I_30min,79.458462,3.582564,58.514864,7.446843,0.007143,0.002933,0.500000,1.000000,0.967742,0.297872,0.042857,0.011730,0.600000,0.950000,0.756598,0.340153,1,21.982471,-0.895789,12.765929,0.600000,0.185294,0.571429
50,Micro bacia do Centro,1,I_1h,52.494449,3.237183,38.774801,5.603081,0.000000,0.002933,0.000000,1.000000,0.941349,0.303688,0.042857,0.011730,0.600000,0.950000,0.739003,0.345455,1,12.367864,-0.062105,7.497637,0.528571,0.123529,0.637931
50,Micro bacia do Centro,2,I_2h,31.455902,2.008155,21.467128,3.559727,0.000000,0.002933,0.000000,1.000000,0.982405,0.294737,0.078571,0.011730,0.733333,0.950000,0.812317,0.324390,1,7.958527,-0.322632,5.823411,0.614286,0.161765,0.609929
50,Micro bacia do Centro,3,I_3h,23.451321,1.555350,14.473532,2.557659,0.007143,0.002933,0.500000,1.000000,0.985337,0.294118,0.128571,0.011730,0.818182,0.950000,0.850440,0.314421,10,3.656910,-0.062105,5.480247,0.601449,0.136778,0.648438
50,Micro bacia do Centro,6,I_6h,15.822743,1.033160,7.928481,1.757136,0.007143,0.002933,0.500000,1.000000,0.991202,0.292887,0.150000,0.011730,0.840000,0.950000,0.782991,0.332500,10,3.063864,-0.114211,2.953724,0.659420,0.170213,0.619048
50,Micro bacia do Centro,8,I_8h,12.151703,1.033126,6.894206,1.335007,0.007143,0.002933,0.500000,1.000000,0.979472,0.295359,0.107143,0.011730,0.789474,0.950000,0.835777,0.318182,9,1.365658,-0.062105,2.344800,0.652174,0.170213,0.616438
50,Micro bacia do Centro,10,I_10h,9.739379,0.946709,5.810509,1.137820,0.007143,0.002933,0.500000,1.000000,0.958944,0.299786,0.092857,0.011730,0.764706,0.950000,0.829912,0.319712,10,1.525569,-0.374737,2.492630,0.572464,0.130699,0.647541
50,Micro bacia do Centro,12,I_12h,8.131163,0.883333,5.044577,0.963465,0.007143,0.002933,0.500000,1.000000,0.891496,0.315315,0.085714,0.011730,0.750000,0.950000,0.821114,0.322034,10,1.314022,-0.374737,2.071437,0.579710,0.136778,0.640000
50,Micro bacia do Centro,24,I_24h,4.616229,0.444684,2.846136,0.590129,0.007299,0.003135,0.500000,1.000000,0.946708,0.312073,0.072993,0.012539,0.714286,0.948905,0.702194,0.367232,8,0.438504,-0.062105,0.975958,0.622222,0.152104,0.641221
51,Sub bacia do Canal do Mangue,1/6,I_15min,128.800000,6.133694,78.400000,12.025357,0.000000,0.002075,0.000000,1.000000,0.917012,0.248299,0.041096,0.012448,0.500000,0.945205,0.690871,0.292994,1,52.216866,-1.000000,16.384238,0.493151,0.205821,0.421053
51,Sub bacia do Canal do Mangue,1/2,I_30min,84.000000,4.554724,71.200000,9.367514,0.020548,0.002075,0.750000,1.000000,0.943983,0.242928,0.041096,0.012448,0.500000,0.945205,0.699170,0.290526,1,19.830895,-0.739474,12.138069,0.630137,0.293139,0.394850
51,Sub bacia do Canal do Mangue,1,I_1h,58.200000,3.464607,42.720000,6.658041,0.013699,0.002075,0.666667,1.000000,0.954357,0.240924,0.041096,0.010373,0.545455,0.945205,0.705394,0.288703,1,8.385816,-0.322632,8.628854,0.671233,0.282744,0.418803
51,Sub bacia do Canal do Mangue,2,I_2h,30.559507,2.358180,23.877600,4.270480,0.034247,0.002075,0.833333,1.000000,0.962656,0.239344,0.061644,0.010373,0.642857,0.945205,0.734440,0.280488,4,4.758599,-0.062105,5.864354,0.631944,0.247899,0.435407
51,Sub bacia do Canal do Mangue,3,I_3h,20.843407,1.762960,16.526667,3.215542,0.047945,0.002075,0.875000,1.000000,0.975104,0.237013,0.102740,0.010373,0.750000,0.945205,0.765560,0.272189,3,6.182479,-0.010000,0.609809,0.638889,0.246862,0.438095
51,Sub bacia do Canal do Mangue,6,I_6h,12.377835,1.237328,8.488523,1.871549,0.034247,0.002075,0.833333,1.000000,0.975104,0.237013,0.143836,0.010373,0.807692,0.945205,0.751037,0.276000,10,1.217626,-0.270526,3.678626,0.566434,0.175589,0.496933
51,Sub bacia do Canal do Mangue,8,I_8h,9.871147,1.096916,6.467978,1.475453,0.034247,0.002075,0.833333,1.000000,0.962656,0.239344,0.150685,0.010373,0.814815,0.945205,0.765560,0.272189,9,0.931668,-0.218421,2.729799,0.587413,0.188437,0.488372
51,Sub bacia do Canal do Mangue,10,I_10h,8.019165,1.025445,5.193823,1.269056,0.054795,0.002075,0.888889,1.000000,0.927386,0.246206,0.150685,0.010373,0.814815,0.945205,0.709544,0.287500,10,1.068191,-0.166316,2.190108,0.594406,0.199143,0.477528
51,Sub bacia do Canal do Mangue,12,I_12h,6.684359,0.866667,4.440173,1.081388,0.061644,0.002075,0.900000,1.000000,0.943983,0.242928,0.150685,0.010373,0.814815,0.945205,0.711618,0.286902,4,1.673488,-0.062105,1.217237,0.597222,0.207983,0.464865
51,Sub bacia do Canal do Mangue,24,I_24h,3.362099,0.433333,2.560476,0.559191,0.062500,0.002198,0.900000,1.000000,0.982418,0.243655,0.118056,0.010989,0.772727,0.944444,0.745055,0.286316,8,0.868004,-0.062105,0.769830,0.619718,0.193694,0.505747
52,Sub bacia do Rio Carioca,1/6,I_15min,123.734805,5.695406,82.304000,11.658027,0.000000,0.002273,0.000000,1.000000,0.950000,0.075221,0.029412,0.011364,0.166667,0.941176,0.747727,0.088643,6,24.968708,-0.010000,39.593995,0.272727,0.034722,0.375000
52,Sub bacia do Rio Carioca,1/2,I_30min,101.200000,5.382248,58.800000,8.883315,0.000000,0.002273,0.000000,1.000000,0.925000,0.077098,0.058824,0.013636,0.250000,0.941176,0.754545,0.087912,1,36.605824,-0.010000,14.700947,0.294118,0.025000,0.476190
52,Sub bacia do Rio Carioca,1,I_1h,72.000000,4.781339,40.292542,6.998674,0.000000,0.002273,0.000000,1.000000,0.884091,0.080378,0.117647,0.011364,0.444444,0.941176,0.720455,0.091691,1,22.812144,-0.010000,16.941681,0.205882,0.011364,0.583333
52,Sub bacia do Rio Carioca,2,I_2h,39.500000,3.545699,24.011938,4.421535,0.000000,0.002273,0.000000,1.000000,0.859091,0.082524,0.088235,0.011364,0.375000,0.941176,0.736364,0.089888,1,14.708369,-0.010000,7.574141,0.235294,0.015909,0.533333
52,Sub bacia do Rio Carioca,3,I_3h,26.866667,2.784109,17.937126,3.539200,0.000000,0.002273,0.000000,1.000000,0.852273,0.083130,0.117647,0.011364,0.444444,0.941176,0.713636,0.092486,6,4.656230,-0.531053,8.530877,0.515152,0.120370,0.246377
52,Sub bacia do Rio Carioca,6,I_6h,15.002699,1.833333,11.226473,1.921122,0.000000,0.002273,0.000000,1.000000,0.813636,0.086735,0.029412,0.011364,0.166667,0.941176,0.777273,0.085561,8,2.234760,-0.843684,4.715194,0.575758,0.137529,0.243590
52,Sub bacia do Rio Carioca,8,I_8h,12.738985,1.375000,8.887334,1.464769,0.000000,0.002273,0.000000,1.000000,0.847727,0.083538,0.029412,0.011364,0.166667,0.941176,0.809091,0.082474,6,0.658078,-0.062105,4.195143,0.424242,0.081019,0.285714
52,Sub bacia do Rio Carioca,10,I_10h,10.517807,1.100000,7.348464,1.209390,0.000000,0.002273,0.000000,1.000000,0.870455,0.081535,0.029412,0.011364,0.166667,0.941176,0.809091,0.082474,8,1.345004,-1.000000,2.907718,0.575758,0.153846,0.223529
52,Sub bacia do Rio Carioca,12,I_12h,9.324042,0.916667,6.129726,1.140881,0.000000,0.002273,0.000000,1.000000,0.893182,0.079625,0.029412,0.011364,0.166667,0.941176,0.731818,0.090395,1,0.120000,-0.010000,2.338836,0.617647,0.177273,0.212121
52,Sub bacia do Rio Carioca,24,I_24h,6.326675,0.458333,3.536879,0.576274,0.000000,0.002392,0.000000,1.000000,0.956938,0.078341,0.029412,0.011962,0.166667,0.941176,0.787081,0.088643,1,0.100000,-0.218421,1.224416,0.617647,0.198565,0.201923
53,Sub bacia de Botafogo,1/6,I_15min,102.982514,4.000000,91.195045,5.632989,0.029412,0.002165,0.666667,1.000000,0.987013,0.129771,0.029412,0.010823,0.285714,0.941176,0.919913,0.130879,1,56.283325,-0.114211,13.064072,0.367647,0.106061,0.337838
53,Sub bacia de Botafogo,1/2,I_30min,86.658541,3.640933,70.020973,4.449106,0.029412,0.002165,0.666667,1.000000,0.971861,0.131528,0.044118,0.010823,0.375000,0.941176,0.945887,0.127745,1,37.994442,-0.218421,15.065424,0.367647,0.093074,0.367647
53,Sub bacia de Botafogo,1,I_1h,60.048937,3.000000,48.149235,3.631702,0.029412,0.002165,0.666667,1.000000,0.976190,0.131021,0.058824,0.010823,0.444444,0.941176,0.928571,0.129817,1,126.017282,-0.270526,7.637619,0.352941,0.080087,0.393443
53,Sub bacia de Botafogo,2,I_2h,36.600000,2.200000,27.162744,2.755952,0.058824,0.002165,0.800000,1.000000,0.971861,0.131528,0.058824,0.010823,0.444444,0.941176,0.909091,0.132231,1,46.444317,-0.270526,5.962151,0.367647,0.064935,0.454545
53,Sub bacia de Botafogo,3,I_3h,26.866667,1.674291,19.281837,2.302260,0.029412,0.002165,0.666667,1.000000,0.971861,0.131528,0.058824,0.010823,0.444444,0.941176,0.874459,0.136752,1,20.187254,-0.166316,4.835082,0.338235,0.051948,0.489362
53,Sub bacia de Botafogo,6,I_6h,13.533333,1.110153,10.387291,1.452308,0.014706,0.002165,0.500000,1.000000,0.971861,0.131528,0.058824,0.010823,0.444444,0.941176,0.909091,0.132231,1,2.626697,-0.010000,2.249467,0.485294,0.123377,0.366667
53,Sub bacia de Botafogo,8,I_8h,11.109584,0.922677,7.928286,1.155798,0.014706,0.002165,0.500000,1.000000,0.976190,0.131021,0.088235,0.010823,0.545455,0.941176,0.919913,0.130879,3,1.047632,-0.531053,2.673873,0.567164,0.176471,0.319328
53,Sub bacia de Botafogo,10,I_10h,9.081902,0.770472,6.360231,0.967159,0.014706,0.002169,0.500000,1.000000,0.982646,0.130518,0.088235,0.010846,0.545455,0.941176,0.939262,0.128773,3,0.489392,-0.478947,2.373856,0.552239,0.163755,0.330357
53,Sub bacia de Botafogo,12,I_12h,8.082976,0.683333,5.301372,0.855792,0.014706,0.002169,0.500000,1.000000,0.986985,0.130019,0.102941,0.010846,0.583333,0.941176,0.908894,0.132505,2,1.940144,-0.010000,0.281537,0.597015,0.186957,0.317460
53,Sub bacia de Botafogo,24,I_24h,5.413554,0.425000,3.051010,0.495091,0.015152,0.002299,0.500000,1.000000,0.981609,0.133874,0.121212,0.011494,0.615385,0.939394,0.841379,0.144860,8,0.100000,-0.635263,1.082242,0.593750,0.190588,0.319328
54,Micro bacia da Urca,1/6,I_15min,146.399681,12.799961,107.375977,15.319974,0.000000,0.002564,0.000000,1.000000,0.646154,0.030769,0.000000,0.010256,0.000000,0.875000,0.576923,0.030172,1,146.693236,-0.010000,3.225650,0.250000,0.010256,0.333333
54,Micro bacia da Urca,1/2,I_30min,133.599591,10.799967,86.839841,13.319979,0.000000,0.002564,0.000000,1.000000,0.623077,0.031873,0.125000,0.010256,0.200000,0.875000,0.551282,0.031532,1,103.285560,-0.010000,7.040806,0.375000,0.012821,0.375000
54,Micro bacia da Urca,1,I_1h,89.599783,9.399972,63.437964,11.079982,0.000000,0.002564,0.000000,1.000000,0.525641,0.037559,0.125000,0.010256,0.200000,0.875000,0.451282,0.038251,1,52.543509,-0.062105,24.424454,0.375000,0.015385,0.333333
54,Micro bacia da Urca,2,I_2h,55.799864,5.999984,38.665988,7.994986,0.000000,0.002564,0.000000,1.000000,0.512821,0.038462,0.125000,0.010256,0.200000,0.875000,0.369231,0.046358,1,39.284612,-0.010000,6.936726,0.250000,0.010256,0.333333
54,Micro bacia da Urca,3,I_3h,40.399902,4.466654,27.546715,5.656656,0.000000,0.002564,0.000000,1.000000,0.520513,0.037915,0.125000,0.010256,0.200000,0.875000,0.374359,0.045752,1,27.330320,-0.010000,4.847613,0.250000,0.010256,0.333333
54,Micro bacia da Urca,6,I_6h,20.533283,3.266658,16.503687,3.978327,0.000000,0.002564,0.000000,1.000000,0.374359,0.051948,0.000000,0.010256,0.000000,0.875000,0.294872,0.057377,1,17.346054,-0.010000,1.484254,0.250000,0.012821,0.285714
54,Micro bacia da Urca,8,I_8h,15.399962,3.024992,13.473470,3.357494,0.000000,0.002564,0.000000,1.000000,0.315385,0.061069,0.000000,0.010256,0.000000,0.875000,0.258974,0.064815,1,15.235195,-0.010000,1.319969,0.250000,0.012821,0.285714
54,Micro bacia da Urca,10,I_10h,13.199974,3.179998,11.305775,3.186996,0.000000,0.002564,0.000000,1.000000,0.200000,0.093023,0.000000,0.010256,0.000000,0.875000,0.200000,0.082353,1,13.969740,-0.010000,0.753468,0.250000,0.010256,0.333333
54,Micro bacia da Urca,12,I_12h,11.616642,2.649999,10.010978,2.766663,0.000000,0.002564,0.000000,1.000000,0.205128,0.090909,0.000000,0.010256,0.000000,0.875000,0.200000,0.082353,1,11.658253,-0.010000,0.637754,0.250000,0.010256,0.333333
54,Micro bacia da Urca,24,I_24h,9.774968,1.324999,5.601315,1.430000,0.000000,0.002703,0.000000,1.000000,0.240541,0.082474,0.000000,0.010811,0.000000,0.875000,0.224324,0.077778,1,5.342836,-0.010000,1.283404,0.250000,0.013514,0.285714
55,Micro bacia da Praia de Fora,1/6,I_15min,,,,,,,,,,,,,,,,,0,,,,,,
55,Micro bacia da Praia de Fora,1/2,I_30min,,,,,,,,,,,,,,,,,0,,,,,,
55,Micro bacia da Praia de Fora,1,I_1h,,,,,,,,,,,,,,,,,0,,,,,,
55,Micro bacia da Praia de Fora,2,I_2h,,,,,,,,,,,,,,,,,0,,,,,,
55,Micro bacia da Praia de Fora,3,I_3h,,,,,,,,,,,,,,,,,0,,,,,,
55,Micro bacia da Praia de Fora,6,I_6h,,,,,,,,,,,,,,,,,0,,,,,,
55,Micro bacia da Praia de Fora,8,I_8h,,,,,,,,,,,,,,,,,0,,,,,,
55,Micro bacia da Praia de Fora,10,I_10h,,,,,,,,,,,,,,,,,0,,,,,,
55,Micro bacia da Praia de Fora,12,I_12h,,,,,,,,,,,,,,,,,0,,,,,,
55,Micro bacia da Praia de Fora,24,I_24h,,,,,,,,,,,,,,,,,0,,,,,,
