time_step,time_step_col,antecedent_days,a,b,c,POD,FAR,PPV,score,full_POD,full_FAR,full_PPV,shi_cd,shi_nm
1/6,I_15min,1,33.338776,-0.114211,17.518367,0.466667,0.207547,0.137255,0.050758,0.437500,0.168459,0.129630,8,Micro bacia do Canal dos Bancários
1/6,I_15min,2,29.732245,-0.947895,18.726531,0.666667,0.360190,0.116279,0.049598,0.625000,0.281588,0.113636,8,Micro bacia do Canal dos Bancários
1/6,I_15min,3,170.386939,-0.374737,16.914286,0.600000,0.222749,0.160714,0.074949,0.562500,0.177536,0.155172,8,Micro bacia do Canal dos Bancários
1/6,I_15min,4,141.534694,-0.322632,19.934694,0.533333,0.218009,0.148148,0.061787,0.500000,0.174545,0.142857,8,Micro bacia do Canal dos Bancários
1/6,I_15min,5,51.371429,-0.166316,19.330612,0.600000,0.255924,0.142857,0.063778,0.562500,0.203636,0.138462,8,Micro bacia do Canal dos Bancários
1/6,I_15min,6,36.945306,-0.114211,18.726531,0.666667,0.311005,0.133333,0.061244,0.625000,0.246324,0.129870,8,Micro bacia do Canal dos Bancários
1/6,I_15min,7,54.977959,-0.114211,18.122449,0.600000,0.254808,0.145161,0.064904,0.562500,0.203704,0.140625,8,Micro bacia do Canal dos Bancários
1/6,I_15min,8,76.617143,-0.166316,18.122449,0.666667,0.307692,0.135135,0.062370,0.625000,0.244444,0.131579,8,Micro bacia do Canal dos Bancários
1/6,I_15min,9,134.321633,-0.114211,16.310204,0.533333,0.216346,0.150943,0.063087,0.500000,0.174074,0.145455,8,Micro bacia do Canal dos Bancários
1/6,I_15min,10,163.173878,-0.114211,19.330612,0.466667,0.158654,0.175000,0.068710,0.437500,0.129630,0.166667,8,Micro bacia do Canal dos Bancários
1/2,I_30min,1,20.502857,-0.218421,20.126259,0.466667,0.175610,0.162791,0.062628,0.437500,0.139785,0.152174,8,Micro bacia do Canal dos Bancários
1/2,I_30min,2,20.502857,-0.218421,20.126259,0.466667,0.205882,0.142857,0.052941,0.437500,0.158845,0.137255,8,Micro bacia do Canal dos Bancários
1/2,I_30min,3,119.417143,-0.374737,16.690068,0.533333,0.181373,0.177778,0.077618,0.500000,0.141304,0.170213,8,Micro bacia do Canal dos Bancários
1/2,I_30min,4,116.591020,-0.374737,17.671837,0.533333,0.200980,0.163265,0.069574,0.500000,0.156364,0.156863,8,Micro bacia do Canal dos Bancários
1/2,I_30min,5,23.328980,-0.114211,17.180952,0.666667,0.274510,0.151515,0.073282,0.625000,0.210909,0.147059,8,Micro bacia do Canal dos Bancários
1/2,I_30min,6,26.155102,-0.114211,17.180952,0.666667,0.282178,0.149254,0.071425,0.625000,0.216912,0.144928,8,Micro bacia do Canal dos Bancários
1/2,I_30min,7,62.894694,-0.166316,17.180952,0.600000,0.223881,0.166667,0.077612,0.562500,0.174074,0.160714,8,Micro bacia do Canal dos Bancários
1/2,I_30min,8,60.068571,-0.166316,17.180952,0.600000,0.248756,0.152542,0.068758,0.562500,0.192593,0.147541,8,Micro bacia do Canal dos Bancários
1/2,I_30min,9,79.851429,-0.166316,17.180952,0.600000,0.258706,0.147541,0.065623,0.562500,0.200000,0.142857,8,Micro bacia do Canal dos Bancários
1/2,I_30min,10,122.243265,-0.114211,13.744762,0.533333,0.199005,0.166667,0.071200,0.500000,0.155556,0.160000,8,Micro bacia do Canal dos Bancários
1,I_1h,1,16.525714,-0.062105,10.677551,0.400000,0.143590,0.176471,0.060452,0.375000,0.111111,0.162162,8,Micro bacia do Canal dos Bancários
1,I_1h,2,16.525714,-0.062105,9.965714,0.466667,0.185567,0.162791,0.061872,0.437500,0.137184,0.155556,8,Micro bacia do Canal dos Bancários
1,I_1h,3,109.922041,-0.478947,9.253878,0.666667,0.257732,0.166667,0.082474,0.625000,0.188406,0.161290,8,Micro bacia do Canal dos Bancários
1,I_1h,4,30.193469,-0.322632,9.253878,0.733333,0.335052,0.144737,0.070578,0.687500,0.243636,0.141026,8,Micro bacia do Canal dos Bancários
1,I_1h,5,23.359592,-0.114211,8.542041,0.666667,0.298969,0.147059,0.068729,0.625000,0.218182,0.142857,8,Micro bacia do Canal dos Bancários
1,I_1h,6,27.915510,-0.322632,9.253878,0.800000,0.411458,0.131868,0.062088,0.750000,0.297794,0.129032,8,Micro bacia do Canal dos Bancários
1,I_1h,7,16.525714,-0.062105,14.236735,0.400000,0.146597,0.176471,0.060240,0.375000,0.111111,0.166667,8,Micro bacia do Canal dos Bancários
1,I_1h,8,41.583265,-0.114211,7.830204,0.666667,0.314136,0.142857,0.065320,0.625000,0.229630,0.138889,8,Micro bacia do Canal dos Bancários
1,I_1h,9,37.027347,-0.062105,13.524898,0.333333,0.083770,0.238095,0.072717,0.312500,0.066667,0.217391,8,Micro bacia do Canal dos Bancários
1,I_1h,10,37.027347,-0.062105,13.524898,0.333333,0.094241,0.217391,0.065635,0.312500,0.074074,0.200000,8,Micro bacia do Canal dos Bancários
2,I_2h,1,11.142857,-0.010000,5.416735,0.400000,0.102041,0.230769,0.082889,0.375000,0.082437,0.206897,8,Micro bacia do Canal dos Bancários
2,I_2h,2,6.560204,-0.010000,9.891429,0.400000,0.102564,0.230769,0.082840,0.375000,0.079422,0.214286,8,Micro bacia do Canal dos Bancários
2,I_2h,3,6.560204,-0.010000,10.126939,0.400000,0.113402,0.214286,0.075994,0.375000,0.086957,0.200000,8,Micro bacia do Canal dos Bancários
2,I_2h,4,5.032653,-0.010000,11.540000,0.400000,0.108247,0.222222,0.079267,0.375000,0.083636,0.206897,8,Micro bacia do Canal dos Bancários
2,I_2h,5,5.032653,-0.010000,11.540000,0.400000,0.113402,0.214286,0.075994,0.375000,0.087273,0.200000,8,Micro bacia do Canal dos Bancários
2,I_2h,6,5.032653,-0.010000,11.540000,0.400000,0.109375,0.222222,0.079167,0.375000,0.084559,0.206897,8,Micro bacia do Canal dos Bancários
2,I_2h,7,6.560204,-0.010000,10.597959,0.400000,0.094737,0.250000,0.090526,0.375000,0.074074,0.230769,8,Micro bacia do Canal dos Bancários
2,I_2h,8,6.560204,-0.010000,10.597959,0.400000,0.094737,0.250000,0.090526,0.375000,0.074074,0.230769,8,Micro bacia do Canal dos Bancários
2,I_2h,9,6.560204,-0.010000,10.597959,0.400000,0.100000,0.240000,0.086400,0.375000,0.077778,0.222222,8,Micro bacia do Canal dos Bancários
2,I_2h,10,6.560204,-0.010000,10.597959,0.400000,0.100000,0.240000,0.086400,0.375000,0.077778,0.222222,8,Micro bacia do Canal dos Bancários
3,I_3h,1,2.783946,-0.010000,9.035556,0.400000,0.108491,0.206897,0.073780,0.375000,0.093190,0.187500,8,Micro bacia do Canal dos Bancários
3,I_3h,2,2.783946,-0.010000,9.035556,0.400000,0.109005,0.206897,0.073738,0.375000,0.090253,0.193548,8,Micro bacia do Canal dos Bancários
3,I_3h,3,13.931701,-0.531053,5.900771,0.533333,0.176190,0.177778,0.078109,0.500000,0.141304,0.170213,8,Micro bacia do Canal dos Bancários
3,I_3h,4,1.545306,-0.010000,8.851156,0.466667,0.147619,0.184211,0.073275,0.437500,0.120000,0.175000,8,Micro bacia do Canal dos Bancários
3,I_3h,5,7.738503,-0.166316,5.900771,0.600000,0.223810,0.160714,0.074847,0.562500,0.178182,0.155172,8,Micro bacia do Canal dos Bancários
3,I_3h,6,1.545306,-0.010000,8.851156,0.466667,0.144231,0.189189,0.075554,0.437500,0.117647,0.179487,8,Micro bacia do Canal dos Bancários
3,I_3h,7,8.977143,-0.010000,4.241179,0.400000,0.092233,0.240000,0.087146,0.375000,0.077778,0.222222,8,Micro bacia do Canal dos Bancários
3,I_3h,8,4.022585,-0.010000,8.851156,0.400000,0.092233,0.240000,0.087146,0.375000,0.077778,0.222222,8,Micro bacia do Canal dos Bancários
3,I_3h,9,4.022585,-0.010000,8.851156,0.400000,0.092233,0.240000,0.087146,0.375000,0.077778,0.222222,8,Micro bacia do Canal dos Bancários
3,I_3h,10,4.022585,-0.010000,8.851156,0.400000,0.097087,0.230769,0.083346,0.375000,0.081481,0.214286,8,Micro bacia do Canal dos Bancários
6,I_6h,1,4.441905,-0.010000,3.925578,0.333333,0.062827,0.294118,0.091880,0.312500,0.053763,0.250000,8,Micro bacia do Canal dos Bancários
6,I_6h,2,5.290952,-0.010000,3.568707,0.333333,0.057895,0.312500,0.098136,0.312500,0.046931,0.277778,8,Micro bacia do Canal dos Bancários
6,I_6h,3,6.989048,-0.010000,2.379138,0.333333,0.047619,0.357143,0.113379,0.312500,0.039855,0.312500,8,Micro bacia do Canal dos Bancários
6,I_6h,4,6.989048,-0.010000,2.379138,0.333333,0.052910,0.333333,0.105232,0.312500,0.043636,0.294118,8,Micro bacia do Canal dos Bancários
6,I_6h,5,3.592857,-0.010000,5.353061,0.333333,0.058201,0.312500,0.098104,0.312500,0.047273,0.277778,8,Micro bacia do Canal dos Bancários
6,I_6h,6,2.743810,-0.010000,5.709932,0.333333,0.064171,0.294118,0.091748,0.312500,0.051471,0.263158,8,Micro bacia do Canal dos Bancários
6,I_6h,7,2.743810,-0.010000,5.709932,0.333333,0.064865,0.294118,0.091680,0.312500,0.051852,0.263158,8,Micro bacia do Canal dos Bancários
6,I_6h,8,9.536190,-0.166316,5.828889,0.400000,0.091892,0.260870,0.094759,0.375000,0.070370,0.240000,8,Micro bacia do Canal dos Bancários
6,I_6h,9,2.743810,-0.010000,5.709932,0.333333,0.064865,0.294118,0.091680,0.312500,0.051852,0.263158,8,Micro bacia do Canal dos Bancários
6,I_6h,10,3.592857,-0.010000,5.234104,0.333333,0.064865,0.294118,0.091680,0.312500,0.051852,0.263158,8,Micro bacia do Canal dos Bancários
8,I_8h,1,4.699286,-0.895789,2.893333,0.600000,0.215470,0.187500,0.088260,0.562500,0.150538,0.176471,8,Micro bacia do Canal dos Bancários
8,I_8h,2,4.052245,-0.218421,3.266667,0.466667,0.144444,0.212121,0.084691,0.437500,0.101083,0.200000,8,Micro bacia do Canal dos Bancários
8,I_8h,3,4.699286,-0.739474,2.893333,0.733333,0.279330,0.180328,0.095302,0.687500,0.188406,0.174603,8,Micro bacia do Canal dos Bancários
8,I_8h,4,4.699286,-0.635263,2.893333,0.733333,0.290503,0.174603,0.090846,0.687500,0.196364,0.169231,8,Micro bacia do Canal dos Bancários
8,I_8h,5,4.699286,-0.791579,3.080000,0.666667,0.273743,0.169492,0.082063,0.625000,0.185455,0.163934,8,Micro bacia do Canal dos Bancários
8,I_8h,6,19.581224,-0.531053,4.573333,0.400000,0.112994,0.230769,0.081877,0.375000,0.080882,0.214286,8,Micro bacia do Canal dos Bancários
8,I_8h,7,6.640408,-0.166316,4.386667,0.400000,0.102857,0.250000,0.089714,0.375000,0.074074,0.230769,8,Micro bacia do Canal dos Bancários
8,I_8h,8,6.640408,-0.166316,4.480000,0.400000,0.102857,0.250000,0.089714,0.375000,0.074074,0.230769,8,Micro bacia do Canal dos Bancários
8,I_8h,9,0.817041,-0.062105,4.386667,0.466667,0.148571,0.212121,0.084283,0.437500,0.103704,0.200000,8,Micro bacia do Canal dos Bancários
8,I_8h,10,0.817041,-0.062105,4.386667,0.466667,0.148571,0.212121,0.084283,0.437500,0.103704,0.200000,8,Micro bacia do Canal dos Bancários
10,I_10h,1,4.794694,-0.010000,1.001442,0.333333,0.059459,0.312500,0.097973,0.312500,0.050179,0.263158,8,Micro bacia do Canal dos Bancários
10,I_10h,2,2.206531,-0.739474,3.697633,0.400000,0.103261,0.240000,0.086087,0.375000,0.075812,0.222222,8,Micro bacia do Canal dos Bancários
10,I_10h,3,4.277061,-0.843684,2.388054,0.733333,0.278689,0.177419,0.093848,0.687500,0.192029,0.171875,8,Micro bacia do Canal dos Bancários
10,I_10h,4,2.206531,-0.010000,3.389497,0.333333,0.065574,0.294118,0.091610,0.312500,0.050909,0.263158,8,Micro bacia do Canal dos Bancários
10,I_10h,5,2.206531,-0.010000,3.389497,0.333333,0.065574,0.294118,0.091610,0.312500,0.050909,0.263158,8,Micro bacia do Canal dos Bancários
10,I_10h,6,2.206531,-0.010000,3.389497,0.333333,0.066298,0.294118,0.091539,0.312500,0.051471,0.263158,8,Micro bacia do Canal dos Bancários
10,I_10h,7,2.206531,-0.010000,3.389497,0.333333,0.067039,0.294118,0.091467,0.312500,0.051852,0.263158,8,Micro bacia do Canal dos Bancários
10,I_10h,8,2.206531,-0.010000,3.389497,0.333333,0.067039,0.294118,0.091467,0.312500,0.051852,0.263158,8,Micro bacia do Canal dos Bancários
10,I_10h,9,2.206531,-0.010000,3.389497,0.333333,0.067039,0.294118,0.091467,0.312500,0.051852,0.263158,8,Micro bacia do Canal dos Bancários
10,I_10h,10,2.206531,-0.010000,3.389497,0.333333,0.067039,0.294118,0.091467,0.312500,0.051852,0.263158,8,Micro bacia do Canal dos Bancários
12,I_12h,1,2.701497,-0.010000,2.927347,0.266667,0.025907,0.444444,0.115448,0.250000,0.028674,0.333333,8,Micro bacia do Canal dos Bancários
12,I_12h,2,2.701497,-0.010000,2.927347,0.266667,0.031250,0.400000,0.103333,0.250000,0.028881,0.333333,8,Micro bacia do Canal dos Bancários
12,I_12h,3,4.426939,-0.010000,1.264082,0.333333,0.047120,0.357143,0.113438,0.312500,0.039855,0.312500,8,Micro bacia do Canal dos Bancários
12,I_12h,4,3.995578,-0.010000,1.596735,0.333333,0.052356,0.333333,0.105294,0.312500,0.043636,0.294118,8,Micro bacia do Canal dos Bancários
12,I_12h,5,4.426939,-0.010000,1.197551,0.333333,0.052356,0.333333,0.105294,0.312500,0.043636,0.294118,8,Micro bacia do Canal dos Bancários
12,I_12h,6,4.426939,-0.010000,1.264082,0.333333,0.053191,0.333333,0.105201,0.312500,0.044118,0.294118,8,Micro bacia do Canal dos Bancários
12,I_12h,7,3.995578,-0.010000,1.530204,0.333333,0.059140,0.312500,0.098006,0.312500,0.048148,0.277778,8,Micro bacia do Canal dos Bancários
12,I_12h,8,2.270136,-0.010000,3.193469,0.266667,0.037634,0.363636,0.093320,0.250000,0.033333,0.307692,8,Micro bacia do Canal dos Bancários
12,I_12h,9,2.270136,-0.010000,3.193469,0.266667,0.037634,0.363636,0.093320,0.250000,0.033333,0.307692,8,Micro bacia do Canal dos Bancários
12,I_12h,10,2.270136,-0.010000,3.193469,0.266667,0.037634,0.363636,0.093320,0.250000,0.033333,0.307692,8,Micro bacia do Canal dos Bancários
24,I_24h,1,1.222449,-0.062105,1.564762,0.333333,0.061538,0.294118,0.092006,0.312500,0.056180,0.250000,8,Micro bacia do Canal dos Bancários
24,I_24h,2,1.783673,-0.010000,1.713787,0.200000,0.020619,0.428571,0.083947,0.187500,0.022642,0.333333,8,Micro bacia do Canal dos Bancários
24,I_24h,3,2.344898,-0.010000,0.447075,0.333333,0.067358,0.277778,0.086356,0.312500,0.056818,0.250000,8,Micro bacia do Canal dos Bancários
24,I_24h,4,2.064286,-0.010000,0.745125,0.333333,0.067358,0.277778,0.086356,0.312500,0.057034,0.250000,8,Micro bacia do Canal dos Bancários
24,I_24h,5,1.222449,-0.062105,1.825556,0.333333,0.067358,0.277778,0.086356,0.312500,0.057034,0.250000,8,Micro bacia do Canal dos Bancários
24,I_24h,6,1.222449,-0.062105,1.825556,0.333333,0.068421,0.277778,0.086257,0.312500,0.057692,0.250000,8,Micro bacia do Canal dos Bancários
24,I_24h,7,2.064286,-0.062105,1.825556,0.333333,0.063830,0.294118,0.091781,0.312500,0.054264,0.263158,8,Micro bacia do Canal dos Bancários
24,I_24h,8,1.503061,-0.010000,1.713787,0.266667,0.031915,0.400000,0.103262,0.250000,0.031008,0.333333,8,Micro bacia do Canal dos Bancários
24,I_24h,9,1.503061,-0.010000,1.713787,0.266667,0.031915,0.400000,0.103262,0.250000,0.031008,0.333333,8,Micro bacia do Canal dos Bancários
24,I_24h,10,2.064286,-0.010000,1.676531,0.200000,0.015957,0.500000,0.098404,0.187500,0.019380,0.375000,8,Micro bacia do Canal dos Bancários
1/6,I_15min,1,30.120865,-0.374737,21.742467,0.714286,0.268908,0.072464,0.037841,0.625000,0.177546,0.068493,9,Micro bacia do Galeão
1/6,I_15min,2,26.925616,-0.374737,23.554339,0.714286,0.316456,0.062500,0.030515,0.625000,0.204724,0.060241,9,Micro bacia do Galeão
1/6,I_15min,3,26.925616,-0.374737,23.554339,0.714286,0.372881,0.053763,0.024083,0.625000,0.240741,0.052083,9,Micro bacia do Galeão
1/6,I_15min,4,30.120865,-0.062105,22.346424,0.714286,0.216102,0.089286,0.049994,0.625000,0.143236,0.084746,9,Micro bacia do Galeão
1/6,I_15min,5,141.954605,-0.114211,21.138509,0.571429,0.110169,0.133333,0.067797,0.500000,0.076923,0.121212,9,Micro bacia do Galeão
1/6,I_15min,6,52.487613,-0.062105,18.722680,0.714286,0.188034,0.102041,0.059181,0.625000,0.125668,0.096154,9,Micro bacia do Galeão
1/6,I_15min,7,103.611609,-0.114211,23.554339,0.714286,0.154506,0.121951,0.073649,0.625000,0.104839,0.113636,9,Micro bacia do Galeão
1/6,I_15min,8,110.002108,-0.114211,23.554339,0.714286,0.180258,0.106383,0.062290,0.625000,0.120968,0.100000,9,Micro bacia do Galeão
1/6,I_15min,9,116.392608,-0.114211,22.950382,0.714286,0.201717,0.096154,0.054827,0.625000,0.134409,0.090909,9,Micro bacia do Galeão
1/6,I_15min,10,110.002108,-0.114211,23.554339,0.714286,0.206009,0.094340,0.053503,0.625000,0.137097,0.089286,9,Micro bacia do Galeão
1/2,I_30min,1,26.091545,-0.478947,14.935496,0.714286,0.345622,0.062500,0.029213,0.625000,0.206266,0.059524,9,Micro bacia do Galeão
1/2,I_30min,2,23.602662,-0.218421,14.935496,0.714286,0.388889,0.056180,0.024523,0.625000,0.228346,0.054348,9,Micro bacia do Galeão
1/2,I_30min,3,23.602662,-0.166316,14.935496,0.714286,0.439815,0.050000,0.020007,0.625000,0.259259,0.048544,9,Micro bacia do Galeão
1/2,I_30min,4,28.580428,-0.062105,12.135091,0.714286,0.324074,0.066667,0.032187,0.625000,0.193634,0.064103,9,Micro bacia do Galeão
1/2,I_30min,5,115.691340,-0.114211,14.468762,0.571429,0.162037,0.102564,0.049111,0.500000,0.100796,0.095238,9,Micro bacia do Galeão
1/2,I_30min,6,123.157989,-0.114211,14.468762,0.571429,0.191589,0.088889,0.041062,0.500000,0.117647,0.083333,9,Micro bacia do Galeão
1/2,I_30min,7,123.157989,-0.114211,14.468762,0.714286,0.215962,0.098039,0.054905,0.625000,0.131720,0.092593,9,Micro bacia do Galeão
1/2,I_30min,8,123.157989,-0.114211,14.468762,0.714286,0.239437,0.089286,0.048505,0.625000,0.145161,0.084746,9,Micro bacia do Galeão
1/2,I_30min,9,123.157989,-0.114211,14.935496,0.714286,0.248826,0.086207,0.046255,0.625000,0.150538,0.081967,9,Micro bacia do Galeão
1/2,I_30min,10,123.157989,-0.114211,14.935496,0.714286,0.272300,0.079365,0.041253,0.625000,0.163978,0.075758,9,Micro bacia do Galeão
1,I_1h,1,17.892171,-0.531053,9.898709,0.714286,0.386139,0.060241,0.026414,0.625000,0.214099,0.057471,9,Micro bacia do Galeão
1,I_1h,2,17.892171,-0.374737,9.898709,0.714286,0.442786,0.053191,0.021171,0.625000,0.241470,0.051546,9,Micro bacia do Galeão
1,I_1h,3,16.195135,-0.270526,9.898709,0.857143,0.492537,0.057143,0.024855,0.750000,0.269841,0.055556,9,Micro bacia do Galeão
1,I_1h,4,36.559570,-0.166316,9.898709,0.571429,0.283582,0.065574,0.026845,0.500000,0.159151,0.062500,9,Micro bacia do Galeão
1,I_1h,5,38.256606,-0.114211,9.260083,0.714286,0.298507,0.076923,0.038544,0.625000,0.167109,0.073529,9,Micro bacia do Galeão
1,I_1h,6,41.650678,-0.114211,9.260083,0.714286,0.316583,0.073529,0.035894,0.625000,0.176471,0.070423,9,Micro bacia do Galeão
1,I_1h,7,80.682511,-0.114211,7.344203,0.714286,0.292929,0.079365,0.040083,0.625000,0.163978,0.075758,9,Micro bacia do Galeão
1,I_1h,8,80.682511,-0.114211,7.344203,0.714286,0.333333,0.070423,0.033535,0.625000,0.185484,0.067568,9,Micro bacia do Galeão
1,I_1h,9,67.106222,-0.062105,0.000000,0.714286,0.318182,0.073529,0.035810,0.625000,0.177419,0.070423,9,Micro bacia do Galeão
1,I_1h,10,67.106222,-0.062105,0.000000,0.714286,0.333333,0.070423,0.033535,0.625000,0.185484,0.067568,9,Micro bacia do Galeão
2,I_2h,1,4.770694,-0.322632,7.300194,0.714286,0.431472,0.055556,0.022561,0.625000,0.232376,0.053191,9,Micro bacia do Galeão
2,I_2h,2,4.770694,-0.166316,7.300194,0.714286,0.423469,0.056818,0.023398,0.625000,0.225722,0.054945,9,Micro bacia do Galeão
2,I_2h,3,6.863521,-1.000000,9.733592,0.571429,0.317949,0.060606,0.023621,0.500000,0.171958,0.057971,9,Micro bacia do Galeão
2,I_2h,4,10.002761,-0.114211,7.097411,0.714286,0.338462,0.070423,0.033277,0.625000,0.183024,0.067568,9,Micro bacia do Galeão
2,I_2h,5,24.652549,-0.062105,0.811133,0.714286,0.317949,0.074627,0.036357,0.625000,0.172414,0.071429,9,Micro bacia do Galeão
2,I_2h,6,22.559722,-0.114211,7.300194,0.571429,0.248705,0.076923,0.033024,0.500000,0.136364,0.072727,9,Micro bacia do Galeão
2,I_2h,7,50.812884,-0.114211,3.244531,0.714286,0.338542,0.071429,0.033748,0.625000,0.182796,0.068493,9,Micro bacia do Galeão
2,I_2h,8,30.931029,-0.426842,9.936375,0.571429,0.270833,0.071429,0.029762,0.500000,0.147849,0.067797,9,Micro bacia do Galeão
2,I_2h,9,37.209510,-0.114211,7.300194,0.571429,0.270833,0.071429,0.029762,0.500000,0.147849,0.067797,9,Micro bacia do Galeão
2,I_2h,10,37.209510,-0.114211,7.300194,0.571429,0.281250,0.068966,0.028325,0.500000,0.153226,0.065574,9,Micro bacia do Galeão
3,I_3h,1,7.313935,-0.478947,4.252095,1.000000,0.517045,0.071429,0.034497,0.875000,0.248042,0.068627,9,Micro bacia do Galeão
3,I_3h,2,8.076386,-0.270526,3.307185,1.000000,0.571429,0.065421,0.028037,0.875000,0.270341,0.063636,9,Micro bacia do Galeão
3,I_3h,3,8.838836,-0.062105,3.307185,0.714286,0.390805,0.068493,0.029804,0.625000,0.187831,0.065789,9,Micro bacia do Galeão
3,I_3h,4,17.988244,-0.114211,2.519760,0.857143,0.373563,0.084507,0.045376,0.750000,0.180371,0.081081,9,Micro bacia do Galeão
3,I_3h,5,15.700892,-0.114211,3.779640,1.000000,0.390805,0.093333,0.056858,0.875000,0.188329,0.089744,9,Micro bacia do Galeão
3,I_3h,6,14.175991,-0.062105,1.889820,1.000000,0.436047,0.085366,0.048142,0.875000,0.208556,0.082353,9,Micro bacia do Galeão
3,I_3h,7,33.999707,-0.114211,2.992215,0.857143,0.368421,0.086957,0.047074,0.750000,0.177419,0.083333,9,Micro bacia do Galeão
3,I_3h,8,33.999707,-0.114211,2.992215,0.857143,0.409357,0.078947,0.039968,0.750000,0.196237,0.075949,9,Micro bacia do Galeão
3,I_3h,9,26.375201,-0.062105,0.157485,0.857143,0.385965,0.083333,0.043860,0.750000,0.185484,0.080000,9,Micro bacia do Galeão
3,I_3h,10,26.375201,-0.062105,0.157485,0.857143,0.409357,0.078947,0.039968,0.750000,0.196237,0.075949,9,Micro bacia do Galeão
6,I_6h,1,4.673736,-0.010000,5.216694,0.285714,0.033175,0.222222,0.061386,0.250000,0.028721,0.153846,9,Micro bacia do Galeão
6,I_6h,2,4.673736,-0.010000,4.989881,0.285714,0.038095,0.200000,0.054966,0.250000,0.028871,0.153846,9,Micro bacia do Galeão
6,I_6h,3,4.673736,-0.010000,5.330100,0.285714,0.038462,0.200000,0.054945,0.250000,0.029101,0.153846,9,Micro bacia do Galeão
6,I_6h,4,7.836913,-0.114211,2.381534,1.000000,0.326923,0.093333,0.062821,0.875000,0.188329,0.089744,9,Micro bacia do Galeão
6,I_6h,5,13.530631,-0.062105,0.113406,1.000000,0.259615,0.114754,0.084962,0.875000,0.151194,0.109375,9,Micro bacia do Galeão
6,I_6h,6,15.428537,-0.114211,2.268128,1.000000,0.296117,0.102941,0.072459,0.875000,0.171123,0.098592,9,Micro bacia do Galeão
6,I_6h,7,14.163266,-0.114211,2.381534,1.000000,0.323529,0.095890,0.064867,0.875000,0.185484,0.092105,9,Micro bacia do Galeão
6,I_6h,8,14.163266,-0.114211,2.381534,1.000000,0.357843,0.087500,0.056189,0.875000,0.204301,0.084337,9,Micro bacia do Galeão
6,I_6h,9,14.163266,-0.114211,2.381534,1.000000,0.387255,0.081395,0.049875,0.875000,0.220430,0.078652,9,Micro bacia do Galeão
6,I_6h,10,4.673736,-0.010000,5.443507,0.285714,0.044118,0.181818,0.049656,0.250000,0.032258,0.142857,9,Micro bacia do Galeão
8,I_8h,1,3.369422,-0.010000,4.410352,0.285714,0.026201,0.250000,0.069557,0.250000,0.026110,0.166667,9,Micro bacia do Galeão
8,I_8h,2,4.431240,-0.010000,3.510280,0.285714,0.026316,0.250000,0.069549,0.250000,0.023622,0.181818,9,Micro bacia do Galeão
8,I_8h,3,4.431240,-0.010000,3.510280,0.285714,0.030973,0.222222,0.061525,0.250000,0.026455,0.166667,9,Micro bacia do Galeão
8,I_8h,4,5.493058,-0.166316,2.340187,0.857143,0.269912,0.089552,0.056041,0.750000,0.169761,0.085714,9,Micro bacia do Galeão
8,I_8h,5,13.987606,-0.114211,1.530122,1.000000,0.243363,0.112903,0.085427,0.875000,0.153846,0.107692,9,Micro bacia do Galeão
8,I_8h,6,12.925788,-0.114211,1.620129,1.000000,0.276786,0.101449,0.073370,0.875000,0.173797,0.097222,9,Micro bacia do Galeão
8,I_8h,7,12.925788,-0.114211,1.620129,1.000000,0.310811,0.092105,0.063478,0.875000,0.193548,0.088608,9,Micro bacia do Galeão
8,I_8h,8,4.962149,-0.010000,4.050323,0.285714,0.031532,0.222222,0.061490,0.250000,0.026882,0.166667,9,Micro bacia do Galeão
8,I_8h,9,4.962149,-0.010000,4.050323,0.285714,0.036036,0.200000,0.055084,0.250000,0.029570,0.153846,9,Micro bacia do Galeão
8,I_8h,10,4.962149,-0.010000,4.050323,0.285714,0.036036,0.200000,0.055084,0.250000,0.029570,0.153846,9,Micro bacia do Galeão
10,I_10h,1,3.004050,-0.010000,3.633674,0.285714,0.021277,0.285714,0.079896,0.250000,0.023499,0.181818,9,Micro bacia do Galeão
10,I_10h,2,3.004050,-0.010000,3.709376,0.285714,0.029915,0.222222,0.061593,0.250000,0.026247,0.166667,9,Micro bacia do Galeão
10,I_10h,3,4.432488,-0.010000,3.633674,0.142857,0.004310,0.500000,0.071121,0.125000,0.010582,0.200000,9,Micro bacia do Galeão
10,I_10h,4,4.432488,-0.010000,3.633674,0.142857,0.004310,0.500000,0.071121,0.125000,0.010610,0.200000,9,Micro bacia do Galeão
10,I_10h,5,12.526972,-0.114211,1.059822,1.000000,0.245690,0.109375,0.082503,0.875000,0.159151,0.104478,9,Micro bacia do Galeão
10,I_10h,6,4.432488,-0.010000,3.633674,0.142857,0.004348,0.500000,0.071118,0.125000,0.010695,0.200000,9,Micro bacia do Galeão
10,I_10h,7,4.432488,-0.010000,3.633674,0.142857,0.004386,0.500000,0.071115,0.125000,0.010753,0.200000,9,Micro bacia do Galeão
10,I_10h,8,4.432488,-0.010000,3.482271,0.285714,0.013158,0.400000,0.112782,0.250000,0.016129,0.250000,9,Micro bacia do Galeão
10,I_10h,9,4.432488,-0.010000,3.557972,0.285714,0.013158,0.400000,0.112782,0.250000,0.016129,0.250000,9,Micro bacia do Galeão
10,I_10h,10,4.432488,-0.010000,3.482271,0.285714,0.017544,0.333333,0.093567,0.250000,0.018817,0.222222,9,Micro bacia do Galeão
12,I_12h,1,3.197715,-1.000000,1.613606,0.833333,0.309623,0.063291,0.036412,0.750000,0.203655,0.071429,9,Micro bacia do Galeão
12,I_12h,2,3.197715,-1.000000,1.613606,0.833333,0.340336,0.058140,0.031960,0.750000,0.220472,0.066667,9,Micro bacia do Galeão
12,I_12h,3,4.222739,-0.166316,0.936933,0.833333,0.389831,0.051546,0.026210,0.750000,0.251323,0.059406,9,Micro bacia do Galeão
12,I_12h,4,3.881064,-0.114211,1.197192,1.000000,0.338983,0.069767,0.046117,0.875000,0.220159,0.077778,9,Micro bacia do Galeão
12,I_12h,5,9.006183,-0.114211,1.041036,1.000000,0.254237,0.090909,0.067797,0.875000,0.167109,0.100000,9,Micro bacia do Galeão
12,I_12h,6,9.006183,-0.114211,1.041036,1.000000,0.290598,0.081081,0.057519,0.875000,0.189840,0.089744,9,Micro bacia do Galeão
12,I_12h,7,16.181349,-0.114211,0.520518,1.000000,0.297414,0.080000,0.056207,0.875000,0.193548,0.088608,9,Micro bacia do Galeão
12,I_12h,8,14.472976,-0.114211,0.624622,1.000000,0.327586,0.073171,0.049201,0.875000,0.212366,0.081395,9,Micro bacia do Galeão
12,I_12h,9,5.931112,-0.062105,0.884881,0.833333,0.288793,0.069444,0.041158,0.750000,0.188172,0.078947,9,Micro bacia do Galeão
12,I_12h,10,11.056230,-0.062105,0.000000,0.833333,0.297414,0.067568,0.039560,0.750000,0.193548,0.076923,9,Micro bacia do Galeão
24,I_24h,1,2.140575,-0.062105,0.354181,0.666667,0.203125,0.071429,0.037946,0.625000,0.151351,0.081967,9,Micro bacia do Galeão
24,I_24h,2,1.290336,-1.000000,1.239634,0.666667,0.196078,0.074074,0.039700,0.625000,0.144022,0.086207,9,Micro bacia do Galeão
24,I_24h,3,1.460384,-0.218421,1.210119,0.666667,0.189723,0.076923,0.041553,0.625000,0.139726,0.089286,9,Micro bacia do Galeão
24,I_24h,4,2.140575,-0.114211,0.590302,1.000000,0.355731,0.062500,0.040267,0.875000,0.255495,0.070000,9,Micro bacia do Galeão
24,I_24h,5,3.841055,-0.166316,1.210119,0.666667,0.126482,0.111111,0.064705,0.625000,0.096154,0.125000,9,Micro bacia do Galeão
24,I_24h,6,7.582109,-0.218421,1.239634,0.666667,0.132000,0.108108,0.062559,0.625000,0.099723,0.121951,9,Micro bacia do Galeão
24,I_24h,7,8.262301,-0.166316,1.062543,0.666667,0.153226,0.095238,0.053763,0.625000,0.114206,0.108696,9,Micro bacia do Galeão
24,I_24h,8,5.541534,-0.166316,1.151089,0.666667,0.165323,0.088889,0.049462,0.625000,0.122563,0.102041,9,Micro bacia do Galeão
24,I_24h,9,7.922205,-0.166316,1.151089,0.666667,0.169355,0.086957,0.048153,0.625000,0.125348,0.100000,9,Micro bacia do Galeão
24,I_24h,10,7.752157,-0.114211,1.033028,0.666667,0.145161,0.100000,0.056989,0.625000,0.108635,0.113636,9,Micro bacia do Galeão
1/6,I_15min,1,97.289796,-1.000000,17.044898,0.500000,0.200893,0.117647,0.047006,0.461538,0.170213,0.111111,10,Micro bacia da Praia da Guanabara
1/6,I_15min,2,32.963265,-0.895789,18.808163,0.666667,0.331839,0.097561,0.043458,0.615385,0.271429,0.095238,10,Micro bacia da Praia da Guanabara
1/6,I_15min,3,148.751020,-0.583158,18.220408,0.666667,0.246637,0.126984,0.063777,0.615385,0.204301,0.123077,10,Micro bacia da Praia da Guanabara
1/6,I_15min,4,129.453061,-0.583158,18.808163,0.666667,0.278027,0.114286,0.055007,0.615385,0.230216,0.111111,10,Micro bacia da Praia da Guanabara
1/6,I_15min,5,129.453061,-0.583158,18.808163,0.750000,0.336323,0.107143,0.053331,0.692308,0.276978,0.104651,10,Micro bacia da Praia da Guanabara
1/6,I_15min,6,45.828571,-0.218421,27.624490,0.500000,0.185520,0.127660,0.051988,0.461538,0.156364,0.122449,10,Micro bacia da Praia da Guanabara
1/6,I_15min,7,151.967347,-0.322632,28.800000,0.500000,0.150685,0.153846,0.065332,0.461538,0.128205,0.146341,10,Micro bacia da Praia da Guanabara
1/6,I_15min,8,61.910204,-0.114211,15.869388,0.750000,0.296804,0.121622,0.064143,0.692308,0.245421,0.118421,10,Micro bacia da Praia da Guanabara
1/6,I_15min,9,58.693878,-0.114211,16.457143,0.750000,0.305936,0.118421,0.061644,0.692308,0.252747,0.115385,10,Micro bacia da Praia da Guanabara
1/6,I_15min,10,106.938776,-0.114211,23.510204,0.500000,0.146119,0.157895,0.067412,0.461538,0.124542,0.150000,10,Micro bacia da Praia da Guanabara
1/2,I_30min,1,77.375510,-0.843684,14.183673,0.500000,0.181034,0.125000,0.051185,0.461538,0.159574,0.117647,10,Micro bacia da Praia da Guanabara
1/2,I_30min,2,113.204082,-0.791579,14.656463,0.500000,0.229437,0.101695,0.039181,0.461538,0.196429,0.098361,10,Micro bacia da Praia da Guanabara
1/2,I_30min,3,118.322449,-0.635263,17.493197,0.583333,0.181818,0.142857,0.068182,0.538462,0.157706,0.137255,10,Micro bacia da Praia da Guanabara
1/2,I_30min,4,72.257143,-0.531053,17.493197,0.583333,0.212121,0.125000,0.057449,0.538462,0.183453,0.120690,10,Micro bacia da Praia da Guanabara
1/2,I_30min,5,90.171429,-0.583158,17.493197,0.666667,0.246753,0.123077,0.061805,0.615385,0.212230,0.119403,10,Micro bacia da Praia da Guanabara
1/2,I_30min,6,123.440816,-0.635263,17.965986,0.666667,0.262009,0.117647,0.057882,0.615385,0.225455,0.114286,10,Micro bacia da Praia da Guanabara
1/2,I_30min,7,74.816327,-0.166316,17.493197,0.666667,0.189427,0.156863,0.084766,0.615385,0.164835,0.150943,10,Micro bacia da Praia da Guanabara
1/2,I_30min,8,74.816327,-0.166316,17.493197,0.666667,0.207048,0.145455,0.076892,0.615385,0.179487,0.140351,10,Micro bacia da Praia da Guanabara
1/2,I_30min,9,74.816327,-0.166316,17.493197,0.666667,0.229075,0.133333,0.068527,0.615385,0.197802,0.129032,10,Micro bacia da Praia da Guanabara
1/2,I_30min,10,115.763265,-0.114211,14.183673,0.583333,0.180617,0.145833,0.069704,0.538462,0.157509,0.140000,10,Micro bacia da Praia da Guanabara
1,I_1h,1,66.591837,-1.000000,16.354082,0.333333,0.076596,0.181818,0.055964,0.307692,0.074468,0.160000,10,Micro bacia da Praia da Guanabara
1,I_1h,2,103.078367,-0.843684,15.658163,0.333333,0.085470,0.166667,0.050807,0.307692,0.078571,0.153846,10,Micro bacia da Praia da Guanabara
1,I_1h,3,64.311429,-0.478947,9.394898,0.666667,0.231760,0.129032,0.066085,0.615385,0.200717,0.125000,10,Micro bacia da Praia da Guanabara
1,I_1h,4,77.993878,-0.426842,9.394898,0.666667,0.253219,0.119403,0.059445,0.615385,0.219424,0.115942,10,Micro bacia da Praia da Guanabara
1,I_1h,5,39.226939,-0.322632,9.046939,0.750000,0.304721,0.112500,0.058664,0.692308,0.262590,0.109756,10,Micro bacia da Praia da Guanabara
1,I_1h,6,46.068163,-0.322632,9.046939,0.750000,0.321739,0.108434,0.055160,0.692308,0.276364,0.105882,10,Micro bacia da Praia da Guanabara
1,I_1h,7,48.348571,-0.114211,13.918367,0.416667,0.087719,0.200000,0.076023,0.384615,0.080586,0.185185,10,Micro bacia da Praia da Guanabara
1,I_1h,8,93.956735,-0.166316,8.698980,0.750000,0.241228,0.140625,0.080027,0.692308,0.208791,0.136364,10,Micro bacia da Praia da Guanabara
1,I_1h,9,32.385714,-0.062105,14.614286,0.416667,0.070175,0.238095,0.092245,0.384615,0.065934,0.217391,10,Micro bacia da Praia da Guanabara
1,I_1h,10,34.666122,-0.062105,13.918367,0.416667,0.078947,0.217391,0.083429,0.384615,0.073260,0.200000,10,Micro bacia da Praia da Guanabara
2,I_2h,1,41.684898,-0.583158,11.050000,0.333333,0.058296,0.235294,0.073859,0.307692,0.056738,0.200000,10,Micro bacia da Praia da Guanabara
2,I_2h,2,41.684898,-0.583158,11.050000,0.333333,0.072072,0.200000,0.061862,0.307692,0.064286,0.181818,10,Micro bacia da Praia da Guanabara
2,I_2h,3,38.628980,-0.583158,11.050000,0.333333,0.095023,0.160000,0.048265,0.307692,0.082437,0.148148,10,Micro bacia da Praia da Guanabara
2,I_2h,4,43.212857,-0.322632,4.735714,0.666667,0.334842,0.097561,0.043262,0.615385,0.273381,0.095238,10,Micro bacia da Praia da Guanabara
2,I_2h,5,14.181633,-0.478947,11.050000,0.416667,0.149321,0.131579,0.046638,0.384615,0.125899,0.125000,10,Micro bacia da Praia da Guanabara
2,I_2h,6,29.461224,-0.531053,11.050000,0.416667,0.150685,0.131579,0.046563,0.384615,0.127273,0.125000,10,Micro bacia da Praia da Guanabara
2,I_2h,7,21.821429,-0.114211,10.824490,0.416667,0.092166,0.200000,0.075653,0.384615,0.080586,0.185185,10,Micro bacia da Praia da Guanabara
2,I_2h,8,27.933265,-0.114211,11.050000,0.416667,0.064516,0.263158,0.102575,0.384615,0.058608,0.238095,10,Micro bacia da Praia da Guanabara
2,I_2h,9,21.821429,-0.062105,10.373469,0.416667,0.064516,0.263158,0.102575,0.384615,0.058608,0.238095,10,Micro bacia da Praia da Guanabara
2,I_2h,10,21.821429,-0.062105,10.373469,0.416667,0.064516,0.263158,0.102575,0.384615,0.058608,0.238095,10,Micro bacia da Praia da Guanabara
3,I_3h,1,34.716463,-0.531053,7.546712,0.333333,0.074890,0.190476,0.058737,0.307692,0.070922,0.166667,10,Micro bacia da Praia da Guanabara
3,I_3h,2,34.716463,-0.531053,7.546712,0.333333,0.088496,0.166667,0.050639,0.307692,0.078571,0.153846,10,Micro bacia da Praia da Guanabara
3,I_3h,3,44.100952,-0.478947,6.070181,0.416667,0.137778,0.138889,0.049897,0.384615,0.118280,0.131579,10,Micro bacia da Praia da Guanabara
3,I_3h,4,47.229116,-0.374737,3.281179,0.750000,0.383929,0.094737,0.043773,0.692308,0.316547,0.092784,10,Micro bacia da Praia da Guanabara
3,I_3h,5,12.819320,-0.322632,6.398299,0.500000,0.191964,0.122449,0.049472,0.461538,0.161871,0.117647,10,Micro bacia da Praia da Guanabara
3,I_3h,6,13.862041,-0.270526,6.234240,0.500000,0.202703,0.117647,0.046900,0.461538,0.170909,0.113208,10,Micro bacia da Praia da Guanabara
3,I_3h,7,10.733878,-0.062105,7.218594,0.416667,0.090909,0.200000,0.075758,0.384615,0.080586,0.185185,10,Micro bacia da Praia da Guanabara
3,I_3h,8,13.862041,-0.062105,7.218594,0.416667,0.081818,0.217391,0.083169,0.384615,0.073260,0.200000,10,Micro bacia da Praia da Guanabara
3,I_3h,9,13.862041,-0.062105,8.038889,0.416667,0.077273,0.227273,0.087379,0.384615,0.069597,0.208333,10,Micro bacia da Praia da Guanabara
3,I_3h,10,13.862041,-0.062105,8.038889,0.416667,0.077273,0.227273,0.087379,0.384615,0.069597,0.208333,10,Micro bacia da Praia da Guanabara
6,I_6h,1,5.415714,-0.895789,4.750000,0.416667,0.092437,0.185185,0.070028,0.384615,0.088652,0.166667,10,Micro bacia da Praia da Guanabara
6,I_6h,2,5.415714,-0.843684,4.750000,0.416667,0.097046,0.178571,0.067184,0.384615,0.089286,0.166667,10,Micro bacia da Praia da Guanabara
6,I_6h,3,6.071429,-0.270526,3.295918,0.583333,0.194915,0.132075,0.062027,0.538462,0.172043,0.127273,10,Micro bacia da Praia da Guanabara
6,I_6h,4,6.071429,-0.270526,3.295918,0.583333,0.225532,0.116667,0.052707,0.538462,0.197842,0.112903,10,Micro bacia da Praia da Guanabara
6,I_6h,5,15.251429,-0.426842,3.392857,0.583333,0.225532,0.116667,0.052707,0.538462,0.197842,0.112903,10,Micro bacia da Praia da Guanabara
6,I_6h,6,20.497143,-0.478947,3.489796,0.583333,0.240343,0.111111,0.049237,0.538462,0.210909,0.107692,10,Micro bacia da Praia da Guanabara
6,I_6h,7,18.530000,-0.218421,4.750000,0.416667,0.112554,0.161290,0.059640,0.384615,0.102564,0.151515,10,Micro bacia da Praia da Guanabara
6,I_6h,8,15.251429,-0.114211,2.035714,0.750000,0.242424,0.138462,0.078671,0.692308,0.212454,0.134328,10,Micro bacia da Praia da Guanabara
6,I_6h,9,14.595714,-0.114211,2.132653,0.750000,0.272727,0.125000,0.068182,0.692308,0.238095,0.121622,10,Micro bacia da Praia da Guanabara
6,I_6h,10,30.332857,-0.114211,2.035714,0.666667,0.194805,0.150943,0.081026,0.615385,0.172161,0.145455,10,Micro bacia da Praia da Guanabara
8,I_8h,1,4.135255,-0.843684,3.645833,0.416667,0.101626,0.166667,0.062387,0.384615,0.099291,0.151515,10,Micro bacia da Praia da Guanabara
8,I_8h,2,4.135255,-0.843684,3.645833,0.416667,0.106122,0.161290,0.060072,0.384615,0.100000,0.151515,10,Micro bacia da Praia da Guanabara
8,I_8h,3,5.137194,-0.270526,2.529762,0.583333,0.180328,0.137255,0.065627,0.538462,0.164875,0.132075,10,Micro bacia da Praia da Guanabara
8,I_8h,4,4.636224,-0.270526,2.678571,0.583333,0.201646,0.125000,0.058213,0.538462,0.183453,0.120690,10,Micro bacia da Praia da Guanabara
8,I_8h,5,9.645918,-0.426842,2.827381,0.583333,0.201646,0.125000,0.058213,0.538462,0.183453,0.120690,10,Micro bacia da Praia da Guanabara
8,I_8h,6,14.154643,-0.478947,2.827381,0.583333,0.233333,0.111111,0.049691,0.538462,0.210909,0.107692,10,Micro bacia da Praia da Guanabara
8,I_8h,7,8.643980,-0.166316,3.571429,0.416667,0.113445,0.156250,0.057718,0.384615,0.106227,0.147059,10,Micro bacia da Praia da Guanabara
8,I_8h,8,10.647857,-0.114211,1.562500,0.750000,0.243697,0.134328,0.076195,0.692308,0.219780,0.130435,10,Micro bacia da Praia da Guanabara
8,I_8h,9,10.146888,-0.114211,1.636905,0.750000,0.264706,0.125000,0.068934,0.692308,0.238095,0.121622,10,Micro bacia da Praia da Guanabara
8,I_8h,10,7.141071,-0.062105,1.488095,0.750000,0.226891,0.142857,0.082833,0.692308,0.205128,0.138462,10,Micro bacia da Praia da Guanabara
10,I_10h,1,3.940408,-1.000000,2.978333,0.416667,0.105691,0.161290,0.060101,0.384615,0.102837,0.147059,10,Micro bacia da Praia da Guanabara
10,I_10h,2,3.940408,-1.000000,2.978333,0.416667,0.110204,0.156250,0.057929,0.384615,0.103571,0.147059,10,Micro bacia da Praia da Guanabara
10,I_10h,3,4.793388,-0.322632,2.188163,0.583333,0.180328,0.137255,0.065627,0.538462,0.164875,0.132075,10,Micro bacia da Praia da Guanabara
10,I_10h,4,4.366898,-0.322632,2.248946,0.583333,0.201646,0.125000,0.058213,0.538462,0.183453,0.120690,10,Micro bacia da Praia da Guanabara
10,I_10h,5,10.764245,-0.531053,2.370510,0.583333,0.205761,0.122807,0.056897,0.538462,0.187050,0.118644,10,Micro bacia da Praia da Guanabara
10,I_10h,6,13.323184,-0.531053,2.370510,0.583333,0.220833,0.116667,0.053027,0.538462,0.200000,0.112903,10,Micro bacia da Praia da Guanabara
10,I_10h,7,18.441061,-0.426842,2.370510,0.583333,0.210084,0.122807,0.056588,0.538462,0.190476,0.118644,10,Micro bacia da Praia da Guanabara
10,I_10h,8,9.484776,-0.114211,1.215646,0.750000,0.243697,0.134328,0.076195,0.692308,0.219780,0.130435,10,Micro bacia da Praia da Guanabara
10,I_10h,9,9.484776,-0.114211,1.276429,0.750000,0.264706,0.125000,0.068934,0.692308,0.238095,0.121622,10,Micro bacia da Praia da Guanabara
10,I_10h,10,5.646367,-0.062105,1.215646,0.750000,0.235294,0.138462,0.079412,0.692308,0.212454,0.134328,10,Micro bacia da Praia da Guanabara
12,I_12h,1,3.295918,-1.000000,2.425170,0.416667,0.125541,0.147059,0.053582,0.384615,0.113475,0.135135,10,Micro bacia da Praia da Guanabara
12,I_12h,2,3.651020,-0.374737,1.950680,0.500000,0.169565,0.133333,0.055362,0.461538,0.146429,0.127660,10,Micro bacia da Praia da Guanabara
12,I_12h,3,3.651020,-0.374737,1.950680,0.583333,0.196507,0.134615,0.063095,0.538462,0.168459,0.129630,10,Micro bacia da Praia da Guanabara
12,I_12h,4,3.651020,-0.374737,1.950680,0.583333,0.219298,0.122807,0.055927,0.538462,0.187050,0.118644,10,Micro bacia da Praia da Guanabara
12,I_12h,5,14.659184,-0.635263,2.003401,0.583333,0.223684,0.120690,0.054654,0.538462,0.190647,0.116667,10,Micro bacia da Praia da Guanabara
12,I_12h,6,13.593878,-0.583158,2.003401,0.583333,0.235556,0.116667,0.052025,0.538462,0.200000,0.112903,10,Micro bacia da Praia da Guanabara
12,I_12h,7,15.724490,-0.218421,1.897959,0.500000,0.165919,0.139535,0.058192,0.461538,0.142857,0.133333,10,Micro bacia da Praia da Guanabara
12,I_12h,8,10.397959,-0.114211,0.790816,0.833333,0.291480,0.133333,0.078724,0.769231,0.245421,0.129870,10,Micro bacia da Praia da Guanabara
12,I_12h,9,9.687755,-0.114211,1.054422,0.750000,0.260090,0.134328,0.074543,0.692308,0.219780,0.130435,10,Micro bacia da Praia da Guanabara
12,I_12h,10,8.267347,-0.062105,0.052721,0.833333,0.278027,0.138889,0.083562,0.769231,0.234432,0.135135,10,Micro bacia da Praia da Guanabara
24,I_24h,1,1.783673,-0.739474,1.061508,0.500000,0.213930,0.122449,0.048127,0.461538,0.170370,0.115385,10,Micro bacia da Praia da Guanabara
24,I_24h,2,1.783673,-0.426842,1.061508,0.500000,0.220000,0.120000,0.046800,0.461538,0.171642,0.115385,10,Micro bacia da Praia da Guanabara
24,I_24h,3,1.783673,-0.426842,1.061508,0.583333,0.256281,0.120690,0.052359,0.538462,0.198502,0.116667,10,Micro bacia da Praia da Guanabara
24,I_24h,4,1.783673,-0.374737,1.031179,0.583333,0.266332,0.116667,0.049930,0.538462,0.206767,0.112903,10,Micro bacia da Praia da Guanabara
24,I_24h,5,3.467347,-0.531053,1.061508,0.583333,0.281407,0.111111,0.046575,0.538462,0.218045,0.107692,10,Micro bacia da Praia da Guanabara
24,I_24h,6,13.288776,-0.739474,1.061508,0.583333,0.295918,0.107692,0.044231,0.538462,0.228137,0.104478,10,Micro bacia da Praia da Guanabara
24,I_24h,7,8.518367,-0.114211,0.545918,0.583333,0.216495,0.142857,0.065292,0.538462,0.168582,0.137255,10,Micro bacia da Praia da Guanabara
24,I_24h,8,11.605102,-0.166316,0.545918,0.833333,0.304124,0.144928,0.084043,0.769231,0.233716,0.140845,10,Micro bacia da Praia da Guanabara
24,I_24h,9,9.079592,-0.114211,0.454932,0.750000,0.257732,0.152542,0.084920,0.692308,0.199234,0.147541,10,Micro bacia da Praia da Guanabara
24,I_24h,10,8.798980,-0.114211,0.515590,0.833333,0.252577,0.169492,0.105568,0.769231,0.195402,0.163934,10,Micro bacia da Praia da Guanabara
1/6,I_15min,1,48.989388,-0.114211,3.428571,0.666667,0.274590,0.056338,0.027245,0.571429,0.243056,0.054054,11,Micro bacia do Canal da Portuguesa
1/6,I_15min,2,29.681633,-0.374737,23.020408,0.500000,0.230453,0.050847,0.019565,0.428571,0.202797,0.049180,11,Micro bacia do Canal da Portuguesa
1/6,I_15min,3,26.463673,-0.478947,24.000000,0.500000,0.279835,0.042254,0.015215,0.428571,0.245614,0.041096,11,Micro bacia do Canal da Portuguesa
1/6,I_15min,4,26.463673,-0.478947,24.000000,0.500000,0.312757,0.037975,0.013049,0.428571,0.274648,0.037037,11,Micro bacia do Canal da Portuguesa
1/6,I_15min,5,135.874286,-0.687368,24.000000,0.500000,0.259259,0.045455,0.016835,0.428571,0.228873,0.044118,11,Micro bacia do Canal da Portuguesa
1/6,I_15min,6,61.861224,-0.062105,0.979592,0.666667,0.366667,0.043478,0.018357,0.571429,0.320285,0.042553,11,Micro bacia do Canal da Portuguesa
1/6,I_15min,7,148.746122,-0.270526,22.530612,0.500000,0.226891,0.052632,0.020345,0.428571,0.200717,0.050847,11,Micro bacia do Canal da Portuguesa
1/6,I_15min,8,158.400000,-0.270526,22.530612,0.500000,0.247899,0.048387,0.018196,0.428571,0.218638,0.046875,11,Micro bacia do Canal da Portuguesa
1/6,I_15min,9,155.182041,-0.270526,22.530612,0.500000,0.260504,0.046154,0.017065,0.428571,0.229391,0.044776,11,Micro bacia do Canal da Portuguesa
1/6,I_15min,10,116.566531,-0.114211,24.000000,0.333333,0.142857,0.055556,0.015873,0.285714,0.129032,0.052632,11,Micro bacia do Canal da Portuguesa
1/2,I_30min,1,23.412245,-0.218421,18.122449,0.500000,0.168724,0.068182,0.028339,0.428571,0.152778,0.063830,11,Micro bacia do Canal da Portuguesa
1/2,I_30min,2,23.412245,-0.218421,18.122449,0.500000,0.194215,0.060000,0.024174,0.428571,0.171329,0.057692,11,Micro bacia do Canal da Portuguesa
1/2,I_30min,3,20.877551,-0.270526,19.733333,0.500000,0.240664,0.049180,0.018672,0.428571,0.210526,0.047619,11,Micro bacia do Canal da Portuguesa
1/2,I_30min,4,20.877551,-0.270526,19.733333,0.500000,0.265560,0.044776,0.016443,0.428571,0.232394,0.043478,11,Micro bacia do Canal da Portuguesa
1/2,I_30min,5,58.897959,-0.426842,19.733333,0.500000,0.224066,0.052632,0.020419,0.428571,0.197183,0.050847,11,Micro bacia do Canal da Portuguesa
1/2,I_30min,6,36.085714,-0.166316,19.330612,0.500000,0.225941,0.052632,0.020370,0.428571,0.199288,0.050847,11,Micro bacia do Canal da Portuguesa
1/2,I_30min,7,112.126531,-0.218421,18.525170,0.500000,0.194093,0.061224,0.024671,0.428571,0.172043,0.058824,11,Micro bacia do Canal da Portuguesa
1/2,I_30min,8,112.126531,-0.218421,18.525170,0.500000,0.210970,0.056604,0.022331,0.428571,0.186380,0.054545,11,Micro bacia do Canal da Portuguesa
1/2,I_30min,9,114.661224,-0.218421,18.927891,0.500000,0.227848,0.052632,0.020320,0.428571,0.200717,0.050847,11,Micro bacia do Canal da Portuguesa
1/2,I_30min,10,112.126531,-0.218421,18.927891,0.500000,0.236287,0.050847,0.019416,0.428571,0.207885,0.049180,11,Micro bacia do Canal da Portuguesa
1,I_1h,1,12.051429,-0.270526,14.600000,0.500000,0.141221,0.075000,0.032204,0.428571,0.138889,0.069767,11,Micro bacia do Canal da Portuguesa
1,I_1h,2,12.051429,-0.270526,14.302041,0.500000,0.153257,0.069767,0.029538,0.428571,0.146853,0.066667,11,Micro bacia do Canal da Portuguesa
1,I_1h,3,10.381224,-0.218421,14.600000,0.500000,0.180769,0.060000,0.024577,0.428571,0.171930,0.057692,11,Micro bacia do Canal da Portuguesa
1,I_1h,4,12.051429,-0.270526,14.004082,0.500000,0.196911,0.055556,0.022308,0.428571,0.186620,0.053571,11,Micro bacia do Canal da Portuguesa
1,I_1h,5,35.434286,-0.374737,14.004082,0.500000,0.169884,0.063830,0.026493,0.428571,0.161972,0.061224,11,Micro bacia do Canal da Portuguesa
1,I_1h,6,20.402449,-0.166316,14.600000,0.500000,0.160156,0.068182,0.028631,0.428571,0.153025,0.065217,11,Micro bacia do Canal da Portuguesa
1,I_1h,7,58.817143,-0.218421,14.600000,0.500000,0.133858,0.081081,0.035114,0.428571,0.129032,0.076923,11,Micro bacia do Canal da Portuguesa
1,I_1h,8,33.764082,-0.062105,14.302041,0.333333,0.062992,0.111111,0.034704,0.285714,0.064516,0.100000,11,Micro bacia do Canal da Portuguesa
1,I_1h,9,33.764082,-0.062105,14.302041,0.333333,0.074803,0.095238,0.029371,0.285714,0.075269,0.086957,11,Micro bacia do Canal da Portuguesa
1,I_1h,10,72.178776,-0.218421,14.302041,0.500000,0.165354,0.066667,0.027822,0.428571,0.157706,0.063830,11,Micro bacia do Canal da Portuguesa
2,I_2h,1,7.662857,-0.270526,8.938776,0.500000,0.137546,0.075000,0.032342,0.428571,0.138889,0.069767,11,Micro bacia do Canal da Portuguesa
2,I_2h,2,7.662857,-0.270526,8.938776,0.500000,0.145522,0.071429,0.030517,0.428571,0.143357,0.068182,11,Micro bacia do Canal da Portuguesa
2,I_2h,3,7.662857,-0.270526,8.938776,0.500000,0.179775,0.058824,0.024124,0.428571,0.175439,0.056604,11,Micro bacia do Canal da Portuguesa
2,I_2h,4,6.609592,-0.478947,9.733333,0.500000,0.191729,0.055556,0.022452,0.428571,0.186620,0.053571,11,Micro bacia do Canal da Portuguesa
2,I_2h,5,32.941224,-0.583158,9.534694,0.500000,0.165414,0.063830,0.026636,0.428571,0.161972,0.061224,11,Micro bacia do Canal da Portuguesa
2,I_2h,6,11.875918,-0.166316,9.137415,0.500000,0.159696,0.066667,0.028010,0.428571,0.156584,0.063830,11,Micro bacia do Canal da Portuguesa
2,I_2h,7,43.473878,-0.270526,9.336054,0.500000,0.137931,0.076923,0.033156,0.428571,0.136201,0.073171,11,Micro bacia do Canal da Portuguesa
2,I_2h,8,24.515102,-0.062105,9.534694,0.333333,0.057471,0.117647,0.036962,0.285714,0.060932,0.105263,11,Micro bacia do Canal da Portuguesa
2,I_2h,9,8.716122,-0.010000,9.733333,0.333333,0.065134,0.105263,0.032802,0.285714,0.068100,0.095238,11,Micro bacia do Canal da Portuguesa
2,I_2h,10,9.769388,-0.010000,9.137415,0.333333,0.065134,0.105263,0.032802,0.285714,0.068100,0.095238,11,Micro bacia do Canal da Portuguesa
3,I_3h,1,5.440000,-0.478947,6.654875,0.500000,0.168675,0.066667,0.027711,0.428571,0.156250,0.062500,11,Micro bacia do Canal da Portuguesa
3,I_3h,2,6.181905,-0.270526,5.931519,0.500000,0.181452,0.062500,0.025580,0.428571,0.164336,0.060000,11,Micro bacia do Canal da Portuguesa
3,I_3h,3,5.440000,-0.478947,6.654875,0.500000,0.210526,0.054545,0.021531,0.428571,0.189474,0.052632,11,Micro bacia do Canal da Portuguesa
3,I_3h,4,5.440000,-0.426842,6.654875,0.500000,0.215447,0.053571,0.021015,0.428571,0.193662,0.051724,11,Micro bacia do Canal da Portuguesa
3,I_3h,5,33.632381,-0.687368,6.654875,0.500000,0.186992,0.061224,0.024888,0.428571,0.169014,0.058824,11,Micro bacia do Canal da Portuguesa
3,I_3h,6,8.407619,-0.166316,6.220862,0.500000,0.192623,0.060000,0.024221,0.428571,0.174377,0.057692,11,Micro bacia do Canal da Portuguesa
3,I_3h,7,32.890476,-0.270526,6.365533,0.500000,0.169421,0.068182,0.028315,0.428571,0.154122,0.065217,11,Micro bacia do Canal da Portuguesa
3,I_3h,8,17.310476,-0.062105,7.088889,0.333333,0.074380,0.100000,0.030854,0.285714,0.071685,0.090909,11,Micro bacia do Canal da Portuguesa
3,I_3h,9,17.310476,-0.062105,7.088889,0.333333,0.078512,0.095238,0.029254,0.285714,0.075269,0.086957,11,Micro bacia do Canal da Portuguesa
3,I_3h,10,18.052381,-0.062105,6.944218,0.333333,0.078512,0.095238,0.029254,0.285714,0.075269,0.086957,11,Micro bacia do Canal da Portuguesa
6,I_6h,1,6.735102,-0.895789,3.091156,0.666667,0.206226,0.070175,0.037136,0.571429,0.194444,0.066667,11,Micro bacia do Canal da Portuguesa
6,I_6h,2,6.735102,-0.895789,3.091156,0.666667,0.226562,0.064516,0.033266,0.571429,0.209790,0.062500,11,Micro bacia do Canal da Portuguesa
6,I_6h,3,6.079592,-0.583158,3.960544,0.500000,0.172549,0.063830,0.026408,0.428571,0.161404,0.061224,11,Micro bacia do Canal da Portuguesa
6,I_6h,4,7.390612,-0.531053,3.091156,0.666667,0.263780,0.056338,0.027651,0.571429,0.242958,0.054795,11,Micro bacia do Canal da Portuguesa
6,I_6h,5,31.644490,-0.947895,3.284354,0.666667,0.259843,0.057143,0.028196,0.571429,0.239437,0.055556,11,Micro bacia do Canal da Portuguesa
6,I_6h,6,20.500816,-0.374737,3.960544,0.500000,0.167331,0.066667,0.027756,0.428571,0.156584,0.063830,11,Micro bacia do Canal da Portuguesa
6,I_6h,7,24.433878,-0.166316,4.733333,0.333333,0.072289,0.100000,0.030924,0.285714,0.071685,0.090909,11,Micro bacia do Canal da Portuguesa
6,I_6h,8,8.046122,-0.010000,4.443537,0.166667,0.016064,0.200000,0.032798,0.142857,0.021505,0.142857,11,Micro bacia do Canal da Portuguesa
6,I_6h,9,8.046122,-0.010000,4.636735,0.166667,0.016064,0.200000,0.032798,0.142857,0.021505,0.142857,11,Micro bacia do Canal da Portuguesa
6,I_6h,10,8.046122,-0.010000,4.636735,0.166667,0.016064,0.200000,0.032798,0.142857,0.021505,0.142857,11,Micro bacia do Canal da Portuguesa
8,I_8h,1,5.155102,-1.000000,2.954847,0.666667,0.157258,0.093023,0.052263,0.571429,0.145833,0.086957,11,Micro bacia do Canal da Portuguesa
8,I_8h,2,5.155102,-1.000000,2.954847,0.666667,0.174089,0.085106,0.046860,0.571429,0.157343,0.081633,11,Micro bacia do Canal da Portuguesa
8,I_8h,3,5.155102,-0.843684,2.954847,0.666667,0.207317,0.072727,0.038433,0.571429,0.185965,0.070175,11,Micro bacia do Canal da Portuguesa
8,I_8h,4,4.654592,-0.583158,2.954847,0.666667,0.212245,0.071429,0.037512,0.571429,0.190141,0.068966,11,Micro bacia do Canal da Portuguesa
8,I_8h,5,13.163265,-0.687368,2.954847,0.666667,0.212245,0.071429,0.037512,0.571429,0.190141,0.068966,11,Micro bacia do Canal da Portuguesa
8,I_8h,6,16.666837,-0.687368,2.954847,0.666667,0.227273,0.067797,0.034926,0.571429,0.202847,0.065574,11,Micro bacia do Canal da Portuguesa
8,I_8h,7,16.666837,-0.687368,2.954847,0.666667,0.229167,0.067797,0.034840,0.571429,0.204301,0.065574,11,Micro bacia do Canal da Portuguesa
8,I_8h,8,19.669898,-0.583158,2.954847,0.666667,0.229167,0.067797,0.034840,0.571429,0.204301,0.065574,11,Micro bacia do Canal da Portuguesa
8,I_8h,9,20.170408,-0.583158,2.954847,0.666667,0.229167,0.067797,0.034840,0.571429,0.204301,0.065574,11,Micro bacia do Canal da Portuguesa
8,I_8h,10,19.669898,-0.583158,2.954847,0.666667,0.237500,0.065574,0.033333,0.571429,0.211470,0.063492,11,Micro bacia do Canal da Portuguesa
10,I_10h,1,4.387592,-0.895789,2.378231,0.666667,0.182573,0.083333,0.045413,0.571429,0.163194,0.078431,11,Micro bacia do Canal da Portuguesa
10,I_10h,2,4.387592,-0.843684,2.378231,0.666667,0.195833,0.078431,0.042048,0.571429,0.171329,0.075472,11,Micro bacia do Canal da Portuguesa
10,I_10h,3,4.387592,-0.843684,2.378231,0.666667,0.238494,0.065574,0.033290,0.571429,0.207018,0.063492,11,Micro bacia do Canal da Portuguesa
10,I_10h,4,4.387592,-0.739474,2.378231,0.666667,0.247899,0.063492,0.031835,0.571429,0.214789,0.061538,11,Micro bacia do Canal da Portuguesa
10,I_10h,5,11.202939,-0.739474,2.378231,0.666667,0.247899,0.063492,0.031835,0.571429,0.214789,0.061538,11,Micro bacia do Canal da Portuguesa
10,I_10h,6,20.574041,-0.687368,2.378231,0.666667,0.246809,0.064516,0.032395,0.571429,0.213523,0.062500,11,Micro bacia do Canal da Portuguesa
10,I_10h,7,10.351020,-0.583158,2.378231,0.666667,0.257511,0.062500,0.030937,0.571429,0.222222,0.060606,11,Micro bacia do Canal da Portuguesa
10,I_10h,8,11.202939,-0.478947,2.378231,0.666667,0.257511,0.062500,0.030937,0.571429,0.222222,0.060606,11,Micro bacia do Canal da Portuguesa
10,I_10h,9,13.758694,-0.531053,2.378231,0.666667,0.257511,0.062500,0.030937,0.571429,0.222222,0.060606,11,Micro bacia do Canal da Portuguesa
10,I_10h,10,6.943347,-0.426842,2.378231,0.666667,0.266094,0.060606,0.029653,0.571429,0.229391,0.058824,11,Micro bacia do Canal da Portuguesa
12,I_12h,1,3.657653,-0.895789,1.996939,0.666667,0.208531,0.083333,0.043971,0.571429,0.163194,0.078431,11,Micro bacia do Canal da Portuguesa
12,I_12h,2,3.302721,-0.687368,1.996939,0.666667,0.223810,0.078431,0.040585,0.571429,0.171329,0.075472,11,Micro bacia do Canal da Portuguesa
12,I_12h,3,3.657653,-0.739474,1.996939,0.666667,0.267943,0.066667,0.032536,0.571429,0.203509,0.064516,11,Micro bacia do Canal da Portuguesa
12,I_12h,4,3.657653,-0.739474,1.996939,0.666667,0.282297,0.063492,0.030379,0.571429,0.214789,0.061538,11,Micro bacia do Canal da Portuguesa
12,I_12h,5,10.401361,-0.843684,1.996939,0.666667,0.282297,0.063492,0.030379,0.571429,0.214789,0.061538,11,Micro bacia do Canal da Portuguesa
12,I_12h,6,12.885884,-0.583158,1.996939,0.666667,0.276699,0.065574,0.031620,0.571429,0.209964,0.063492,11,Micro bacia do Canal da Portuguesa
12,I_12h,7,12.885884,-0.583158,1.996939,0.666667,0.284314,0.064516,0.030782,0.571429,0.215054,0.062500,11,Micro bacia do Canal da Portuguesa
12,I_12h,8,8.271769,-0.426842,1.996939,0.666667,0.289216,0.063492,0.030086,0.571429,0.218638,0.061538,11,Micro bacia do Canal da Portuguesa
12,I_12h,9,8.271769,-0.426842,1.996939,0.666667,0.294118,0.062500,0.029412,0.571429,0.222222,0.060606,11,Micro bacia do Canal da Portuguesa
12,I_12h,10,4.367517,-0.374737,1.996939,0.666667,0.303922,0.060606,0.028124,0.571429,0.229391,0.058824,11,Micro bacia do Canal da Portuguesa
24,I_24h,1,1.688776,-0.895789,1.096939,0.666667,0.234043,0.083333,0.042553,0.571429,0.170290,0.078431,11,Micro bacia do Canal da Portuguesa
24,I_24h,2,1.335714,-0.791579,1.493056,0.500000,0.155080,0.093750,0.039606,0.428571,0.113139,0.088235,11,Micro bacia do Canal da Portuguesa
24,I_24h,3,1.335714,-0.374737,1.493056,0.500000,0.166667,0.088235,0.036765,0.428571,0.120879,0.083333,11,Micro bacia do Canal da Portuguesa
24,I_24h,4,1.335714,-0.374737,1.493056,0.500000,0.177419,0.083333,0.034274,0.428571,0.128676,0.078947,11,Micro bacia do Canal da Portuguesa
24,I_24h,5,2.041837,-0.322632,1.462585,0.500000,0.182796,0.081081,0.033130,0.428571,0.132353,0.076923,11,Micro bacia do Canal da Portuguesa
24,I_24h,6,4.160204,-0.374737,1.462585,0.500000,0.180328,0.083333,0.034153,0.428571,0.130112,0.078947,11,Micro bacia do Canal da Portuguesa
24,I_24h,7,5.219388,-0.166316,1.340703,0.500000,0.138122,0.107143,0.046172,0.428571,0.101124,0.100000,11,Micro bacia do Canal da Portuguesa
24,I_24h,8,8.573469,-0.218421,1.462585,0.500000,0.138122,0.107143,0.046172,0.428571,0.101124,0.100000,11,Micro bacia do Canal da Portuguesa
24,I_24h,9,8.573469,-0.218421,1.462585,0.500000,0.149171,0.100000,0.042541,0.428571,0.108614,0.093750,11,Micro bacia do Canal da Portuguesa
24,I_24h,10,8.573469,-0.218421,1.462585,0.500000,0.154696,0.096774,0.040902,0.428571,0.112360,0.090909,11,Micro bacia do Canal da Portuguesa
1/6,I_15min,1,18.000000,-0.270526,41.289796,0.600000,0.197802,0.142857,0.068760,0.500000,0.072664,0.125000,12,Micro bacia de Cocotá/Pitangueiras/Zumbi/Ribeira
1/6,I_15min,2,21.760000,-0.270526,40.372245,0.600000,0.230769,0.125000,0.057692,0.500000,0.080139,0.115385,12,Micro bacia de Cocotá/Pitangueiras/Zumbi/Ribeira
1/6,I_15min,3,18.000000,-0.270526,41.289796,0.600000,0.252747,0.115385,0.051733,0.500000,0.087413,0.107143,12,Micro bacia de Cocotá/Pitangueiras/Zumbi/Ribeira
1/6,I_15min,4,18.000000,-0.270526,41.289796,0.600000,0.263736,0.111111,0.049084,0.500000,0.091228,0.103448,12,Micro bacia de Cocotá/Pitangueiras/Zumbi/Ribeira
1/6,I_15min,5,18.000000,-0.270526,41.289796,0.600000,0.307692,0.096774,0.040199,0.500000,0.105263,0.090909,12,Micro bacia de Cocotá/Pitangueiras/Zumbi/Ribeira
1/6,I_15min,6,18.000000,-0.270526,41.289796,0.600000,0.311111,0.096774,0.040000,0.500000,0.106383,0.090909,12,Micro bacia de Cocotá/Pitangueiras/Zumbi/Ribeira
1/6,I_15min,7,18.000000,-0.270526,41.289796,0.600000,0.325843,0.093750,0.037921,0.500000,0.110714,0.088235,12,Micro bacia de Cocotá/Pitangueiras/Zumbi/Ribeira
1/6,I_15min,8,29.280000,-0.062105,24.773878,0.800000,0.471910,0.086957,0.036737,0.666667,0.157143,0.083333,12,Micro bacia de Cocotá/Pitangueiras/Zumbi/Ribeira
1/6,I_15min,9,18.000000,-0.478947,43.124898,0.600000,0.359551,0.085714,0.032937,0.500000,0.121429,0.081081,12,Micro bacia de Cocotá/Pitangueiras/Zumbi/Ribeira
1/6,I_15min,10,81.920000,-0.478947,41.289796,0.600000,0.314607,0.096774,0.039797,0.500000,0.107143,0.090909,12,Micro bacia de Cocotá/Pitangueiras/Zumbi/Ribeira
1/2,I_30min,1,19.521633,-0.531053,37.459592,0.600000,0.108434,0.250000,0.133735,0.500000,0.041522,0.200000,12,Micro bacia de Cocotá/Pitangueiras/Zumbi/Ribeira
1/2,I_30min,2,16.065306,-0.218421,38.240000,0.600000,0.132530,0.214286,0.111532,0.500000,0.045296,0.187500,12,Micro bacia de Cocotá/Pitangueiras/Zumbi/Ribeira
1/2,I_30min,3,16.065306,-0.218421,38.240000,0.600000,0.180723,0.166667,0.081928,0.500000,0.059441,0.150000,12,Micro bacia de Cocotá/Pitangueiras/Zumbi/Ribeira
1/2,I_30min,4,16.065306,-0.218421,38.240000,0.600000,0.216867,0.142857,0.067126,0.500000,0.070175,0.130435,12,Micro bacia de Cocotá/Pitangueiras/Zumbi/Ribeira
1/2,I_30min,5,12.608980,-0.218421,38.240000,0.600000,0.228916,0.136364,0.063089,0.500000,0.073684,0.125000,12,Micro bacia de Cocotá/Pitangueiras/Zumbi/Ribeira
1/2,I_30min,6,12.608980,-0.218421,38.240000,0.600000,0.219512,0.142857,0.066899,0.500000,0.070922,0.130435,12,Micro bacia de Cocotá/Pitangueiras/Zumbi/Ribeira
1/2,I_30min,7,19.521633,-0.010000,35.898776,0.200000,0.024691,0.333333,0.065021,0.166667,0.014286,0.200000,12,Micro bacia de Cocotá/Pitangueiras/Zumbi/Ribeira
1/2,I_30min,8,19.521633,-0.010000,35.898776,0.200000,0.024691,0.333333,0.065021,0.166667,0.014286,0.200000,12,Micro bacia de Cocotá/Pitangueiras/Zumbi/Ribeira
1/2,I_30min,9,19.521633,-0.010000,35.898776,0.200000,0.024691,0.333333,0.065021,0.166667,0.014286,0.200000,12,Micro bacia de Cocotá/Pitangueiras/Zumbi/Ribeira
1/2,I_30min,10,40.259592,-0.270526,35.898776,0.600000,0.222222,0.142857,0.066667,0.500000,0.071429,0.130435,12,Micro bacia de Cocotá/Pitangueiras/Zumbi/Ribeira
1,I_1h,1,21.702041,-0.166316,25.273469,0.500000,0.061224,0.250000,0.117347,0.500000,0.031142,0.250000,12,Micro bacia de Cocotá/Pitangueiras/Zumbi/Ribeira
1,I_1h,2,21.702041,-0.166316,25.800000,0.500000,0.061856,0.250000,0.117268,0.500000,0.027875,0.272727,12,Micro bacia de Cocotá/Pitangueiras/Zumbi/Ribeira
1,I_1h,3,21.702041,-0.114211,24.746939,0.500000,0.072165,0.222222,0.103093,0.500000,0.031469,0.250000,12,Micro bacia de Cocotá/Pitangueiras/Zumbi/Ribeira
1,I_1h,4,21.702041,-0.114211,24.746939,0.500000,0.082474,0.200000,0.091753,0.500000,0.035088,0.230769,12,Micro bacia de Cocotá/Pitangueiras/Zumbi/Ribeira
1,I_1h,5,21.702041,-0.114211,25.800000,0.500000,0.092784,0.181818,0.082474,0.500000,0.038596,0.214286,12,Micro bacia de Cocotá/Pitangueiras/Zumbi/Ribeira
1,I_1h,6,21.702041,-0.114211,25.800000,0.500000,0.094737,0.181818,0.082297,0.500000,0.039007,0.214286,12,Micro bacia de Cocotá/Pitangueiras/Zumbi/Ribeira
1,I_1h,7,21.702041,-0.114211,25.800000,0.500000,0.095745,0.181818,0.082205,0.500000,0.039286,0.214286,12,Micro bacia de Cocotá/Pitangueiras/Zumbi/Ribeira
1,I_1h,8,10.389796,-0.062105,25.800000,0.500000,0.106383,0.166667,0.074468,0.500000,0.042857,0.200000,12,Micro bacia de Cocotá/Pitangueiras/Zumbi/Ribeira
1,I_1h,9,10.389796,-0.062105,25.800000,0.500000,0.117021,0.153846,0.067921,0.500000,0.046429,0.187500,12,Micro bacia de Cocotá/Pitangueiras/Zumbi/Ribeira
1,I_1h,10,21.702041,-0.114211,25.800000,0.500000,0.117021,0.153846,0.067921,0.500000,0.046429,0.187500,12,Micro bacia de Cocotá/Pitangueiras/Zumbi/Ribeira
2,I_2h,1,9.887347,-0.218421,16.325000,0.500000,0.058824,0.250000,0.117647,0.500000,0.031142,0.250000,12,Micro bacia de Cocotá/Pitangueiras/Zumbi/Ribeira
2,I_2h,2,22.057143,-0.166316,15.991837,0.500000,0.069307,0.222222,0.103410,0.500000,0.031359,0.250000,12,Micro bacia de Cocotá/Pitangueiras/Zumbi/Ribeira
2,I_2h,3,9.887347,-0.114211,15.991837,0.500000,0.079208,0.200000,0.092079,0.500000,0.034965,0.230769,12,Micro bacia de Cocotá/Pitangueiras/Zumbi/Ribeira
2,I_2h,4,9.887347,-0.114211,15.991837,0.500000,0.089109,0.181818,0.082808,0.500000,0.038596,0.214286,12,Micro bacia de Cocotá/Pitangueiras/Zumbi/Ribeira
2,I_2h,5,11.408571,-0.114211,15.991837,0.500000,0.089109,0.181818,0.082808,0.500000,0.038596,0.214286,12,Micro bacia de Cocotá/Pitangueiras/Zumbi/Ribeira
2,I_2h,6,12.929796,-0.114211,15.991837,0.500000,0.090909,0.181818,0.082645,0.500000,0.039007,0.214286,12,Micro bacia de Cocotá/Pitangueiras/Zumbi/Ribeira
2,I_2h,7,17.493469,-0.114211,16.325000,0.500000,0.081633,0.200000,0.091837,0.500000,0.035714,0.230769,12,Micro bacia de Cocotá/Pitangueiras/Zumbi/Ribeira
2,I_2h,8,17.493469,-0.114211,16.325000,0.500000,0.081633,0.200000,0.091837,0.500000,0.035714,0.230769,12,Micro bacia de Cocotá/Pitangueiras/Zumbi/Ribeira
2,I_2h,9,17.493469,-0.114211,16.325000,0.500000,0.091837,0.181818,0.082560,0.500000,0.039286,0.214286,12,Micro bacia de Cocotá/Pitangueiras/Zumbi/Ribeira
2,I_2h,10,17.493469,-0.114211,16.325000,0.500000,0.091837,0.181818,0.082560,0.500000,0.039286,0.214286,12,Micro bacia de Cocotá/Pitangueiras/Zumbi/Ribeira
3,I_3h,1,8.888299,-0.114211,11.766667,0.500000,0.063063,0.222222,0.104104,0.500000,0.038062,0.214286,12,Micro bacia de Cocotá/Pitangueiras/Zumbi/Ribeira
3,I_3h,2,24.441361,-0.166316,9.605442,0.500000,0.072727,0.200000,0.092727,0.500000,0.038328,0.214286,12,Micro bacia de Cocotá/Pitangueiras/Zumbi/Ribeira
3,I_3h,3,3.703946,-0.010000,11.286395,0.500000,0.081818,0.181818,0.083471,0.500000,0.041958,0.200000,12,Micro bacia de Cocotá/Pitangueiras/Zumbi/Ribeira
3,I_3h,4,3.703946,-0.010000,11.286395,0.500000,0.081818,0.181818,0.083471,0.500000,0.042105,0.200000,12,Micro bacia de Cocotá/Pitangueiras/Zumbi/Ribeira
3,I_3h,5,3.703946,-0.010000,11.286395,0.500000,0.081818,0.181818,0.083471,0.500000,0.042105,0.200000,12,Micro bacia de Cocotá/Pitangueiras/Zumbi/Ribeira
3,I_3h,6,3.703946,-0.010000,11.286395,0.500000,0.074074,0.200000,0.092593,0.500000,0.039007,0.214286,12,Micro bacia de Cocotá/Pitangueiras/Zumbi/Ribeira
3,I_3h,7,3.703946,-0.010000,11.526531,0.500000,0.074766,0.200000,0.092523,0.500000,0.039286,0.214286,12,Micro bacia de Cocotá/Pitangueiras/Zumbi/Ribeira
3,I_3h,8,3.703946,-0.010000,11.526531,0.500000,0.074766,0.200000,0.092523,0.500000,0.039286,0.214286,12,Micro bacia de Cocotá/Pitangueiras/Zumbi/Ribeira
3,I_3h,9,3.703946,-0.010000,11.526531,0.500000,0.074766,0.200000,0.092523,0.500000,0.039286,0.214286,12,Micro bacia de Cocotá/Pitangueiras/Zumbi/Ribeira
3,I_3h,10,3.703946,-0.010000,11.526531,0.500000,0.074766,0.200000,0.092523,0.500000,0.039286,0.214286,12,Micro bacia de Cocotá/Pitangueiras/Zumbi/Ribeira
6,I_6h,1,7.947619,-0.218421,6.450000,0.500000,0.052632,0.250000,0.118421,0.500000,0.031142,0.250000,12,Micro bacia de Cocotá/Pitangueiras/Zumbi/Ribeira
6,I_6h,2,10.626531,-0.114211,4.080612,0.750000,0.141593,0.157895,0.101653,0.666667,0.062718,0.181818,12,Micro bacia de Cocotá/Pitangueiras/Zumbi/Ribeira
6,I_6h,3,10.090748,-0.114211,4.212245,0.750000,0.168142,0.136364,0.085076,0.666667,0.073427,0.160000,12,Micro bacia de Cocotá/Pitangueiras/Zumbi/Ribeira
6,I_6h,4,7.947619,-0.166316,6.450000,0.500000,0.088496,0.166667,0.075959,0.500000,0.042105,0.200000,12,Micro bacia de Cocotá/Pitangueiras/Zumbi/Ribeira
6,I_6h,5,7.947619,-0.166316,6.450000,0.500000,0.097345,0.153846,0.069435,0.500000,0.045614,0.187500,12,Micro bacia de Cocotá/Pitangueiras/Zumbi/Ribeira
6,I_6h,6,7.947619,-0.166316,6.450000,0.500000,0.108108,0.142857,0.063707,0.500000,0.049645,0.176471,12,Micro bacia de Cocotá/Pitangueiras/Zumbi/Ribeira
6,I_6h,7,6.876054,-0.062105,3.554082,0.750000,0.263636,0.093750,0.051776,0.666667,0.110714,0.114286,12,Micro bacia de Cocotá/Pitangueiras/Zumbi/Ribeira
6,I_6h,8,3.661361,-0.062105,6.450000,0.500000,0.136364,0.117647,0.050802,0.500000,0.060714,0.150000,12,Micro bacia de Cocotá/Pitangueiras/Zumbi/Ribeira
6,I_6h,9,3.661361,-0.062105,6.450000,0.500000,0.136364,0.117647,0.050802,0.500000,0.060714,0.150000,12,Micro bacia de Cocotá/Pitangueiras/Zumbi/Ribeira
6,I_6h,10,3.661361,-0.062105,6.450000,0.500000,0.145455,0.111111,0.047475,0.500000,0.064286,0.142857,12,Micro bacia de Cocotá/Pitangueiras/Zumbi/Ribeira
8,I_8h,1,17.613980,-0.322632,3.107908,0.750000,0.146341,0.142857,0.091463,0.666667,0.072664,0.160000,12,Micro bacia de Cocotá/Pitangueiras/Zumbi/Ribeira
8,I_8h,2,11.586429,-0.166316,3.107908,0.750000,0.147541,0.142857,0.091335,0.666667,0.069686,0.166667,12,Micro bacia de Cocotá/Pitangueiras/Zumbi/Ribeira
8,I_8h,3,7.166224,-0.114211,3.107908,0.750000,0.188525,0.115385,0.070224,0.666667,0.087413,0.137931,12,Micro bacia de Cocotá/Pitangueiras/Zumbi/Ribeira
8,I_8h,4,9.577245,-0.166316,3.308418,0.750000,0.204918,0.107143,0.063891,0.666667,0.094737,0.129032,12,Micro bacia de Cocotá/Pitangueiras/Zumbi/Ribeira
8,I_8h,5,9.577245,-0.166316,3.308418,0.750000,0.213115,0.103448,0.061051,0.666667,0.098246,0.125000,12,Micro bacia de Cocotá/Pitangueiras/Zumbi/Ribeira
8,I_8h,6,9.577245,-0.166316,3.308418,0.750000,0.216667,0.103448,0.060776,0.666667,0.099291,0.125000,12,Micro bacia de Cocotá/Pitangueiras/Zumbi/Ribeira
8,I_8h,7,6.362551,-0.062105,2.506378,0.750000,0.271186,0.085714,0.046852,0.666667,0.121429,0.105263,12,Micro bacia de Cocotá/Pitangueiras/Zumbi/Ribeira
8,I_8h,8,6.362551,-0.062105,2.506378,0.750000,0.279661,0.083333,0.045021,0.666667,0.125000,0.102564,12,Micro bacia de Cocotá/Pitangueiras/Zumbi/Ribeira
8,I_8h,9,6.362551,-0.062105,2.506378,0.750000,0.288136,0.081081,0.043289,0.666667,0.128571,0.100000,12,Micro bacia de Cocotá/Pitangueiras/Zumbi/Ribeira
8,I_8h,10,6.362551,-0.062105,2.506378,0.750000,0.305085,0.076923,0.040091,0.666667,0.135714,0.095238,12,Micro bacia de Cocotá/Pitangueiras/Zumbi/Ribeira
10,I_10h,1,13.469633,-0.322632,2.511633,0.750000,0.140625,0.142857,0.092076,0.666667,0.072664,0.160000,12,Micro bacia de Cocotá/Pitangueiras/Zumbi/Ribeira
10,I_10h,2,9.179102,-0.166316,2.592653,0.750000,0.133858,0.150000,0.097441,0.666667,0.066202,0.173913,12,Micro bacia de Cocotá/Pitangueiras/Zumbi/Ribeira
10,I_10h,3,5.548653,-0.114211,2.511633,0.750000,0.181102,0.115385,0.070866,0.666667,0.087413,0.137931,12,Micro bacia de Cocotá/Pitangueiras/Zumbi/Ribeira
10,I_10h,4,8.188980,-0.166316,2.592653,0.750000,0.204724,0.103448,0.061702,0.666667,0.098246,0.125000,12,Micro bacia de Cocotá/Pitangueiras/Zumbi/Ribeira
10,I_10h,5,4.888571,-0.166316,3.888980,0.500000,0.102362,0.133333,0.059843,0.500000,0.052632,0.166667,12,Micro bacia de Cocotá/Pitangueiras/Zumbi/Ribeira
10,I_10h,6,6.538776,-0.114211,2.511633,0.750000,0.224000,0.096774,0.056323,0.666667,0.106383,0.117647,12,Micro bacia de Cocotá/Pitangueiras/Zumbi/Ribeira
10,I_10h,7,3.568408,-0.114211,3.888980,0.500000,0.130081,0.111111,0.048329,0.500000,0.064286,0.142857,12,Micro bacia de Cocotá/Pitangueiras/Zumbi/Ribeira
10,I_10h,8,4.888571,-0.166316,3.970000,0.500000,0.138211,0.105263,0.045357,0.500000,0.067857,0.136364,12,Micro bacia de Cocotá/Pitangueiras/Zumbi/Ribeira
10,I_10h,9,9.179102,-0.166316,2.592653,0.750000,0.292683,0.076923,0.040807,0.666667,0.135714,0.095238,12,Micro bacia de Cocotá/Pitangueiras/Zumbi/Ribeira
10,I_10h,10,0.928082,-0.010000,3.970000,0.500000,0.154472,0.095238,0.040263,0.500000,0.075000,0.125000,12,Micro bacia de Cocotá/Pitangueiras/Zumbi/Ribeira
12,I_12h,1,3.843605,-0.374737,3.457143,0.500000,0.062016,0.200000,0.093798,0.500000,0.038062,0.214286,12,Micro bacia de Cocotá/Pitangueiras/Zumbi/Ribeira
12,I_12h,2,7.463878,-0.218421,3.529167,0.500000,0.054688,0.222222,0.105035,0.500000,0.031359,0.250000,12,Micro bacia de Cocotá/Pitangueiras/Zumbi/Ribeira
12,I_12h,3,12.071497,-0.270526,3.457143,0.500000,0.078125,0.166667,0.076823,0.500000,0.041958,0.200000,12,Micro bacia de Cocotá/Pitangueiras/Zumbi/Ribeira
12,I_12h,4,12.729728,-0.270526,3.529167,0.500000,0.085938,0.153846,0.070312,0.500000,0.045614,0.187500,12,Micro bacia de Cocotá/Pitangueiras/Zumbi/Ribeira
12,I_12h,5,12.729728,-0.270526,3.529167,0.500000,0.085938,0.153846,0.070312,0.500000,0.045614,0.187500,12,Micro bacia de Cocotá/Pitangueiras/Zumbi/Ribeira
12,I_12h,6,12.729728,-0.270526,3.529167,0.500000,0.087302,0.153846,0.070208,0.500000,0.046099,0.187500,12,Micro bacia de Cocotá/Pitangueiras/Zumbi/Ribeira
12,I_12h,7,12.729728,-0.270526,3.529167,0.500000,0.104839,0.133333,0.059677,0.500000,0.053571,0.166667,12,Micro bacia de Cocotá/Pitangueiras/Zumbi/Ribeira
12,I_12h,8,4.172721,-0.114211,3.457143,0.500000,0.112903,0.125000,0.055444,0.500000,0.057143,0.157895,12,Micro bacia de Cocotá/Pitangueiras/Zumbi/Ribeira
12,I_12h,9,4.172721,-0.114211,3.457143,0.500000,0.120968,0.117647,0.051708,0.500000,0.060714,0.150000,12,Micro bacia de Cocotá/Pitangueiras/Zumbi/Ribeira
12,I_12h,10,4.172721,-0.114211,3.457143,0.500000,0.129032,0.111111,0.048387,0.500000,0.064286,0.142857,12,Micro bacia de Cocotá/Pitangueiras/Zumbi/Ribeira
24,I_24h,1,4.202585,-0.218421,0.908163,0.666667,0.164286,0.080000,0.044571,0.666667,0.093863,0.133333,12,Micro bacia de Cocotá/Pitangueiras/Zumbi/Ribeira
24,I_24h,2,4.841531,-0.114211,0.938435,0.666667,0.136691,0.095238,0.054813,0.666667,0.076364,0.160000,12,Micro bacia de Cocotá/Pitangueiras/Zumbi/Ribeira
24,I_24h,3,4.713741,-0.114211,0.998980,0.666667,0.165468,0.080000,0.044508,0.666667,0.091241,0.137931,12,Micro bacia de Cocotá/Pitangueiras/Zumbi/Ribeira
24,I_24h,4,5.608265,-0.114211,0.998980,0.666667,0.179856,0.074074,0.040501,0.666667,0.098901,0.129032,12,Micro bacia de Cocotá/Pitangueiras/Zumbi/Ribeira
24,I_24h,5,5.608265,-0.114211,0.998980,0.666667,0.179856,0.074074,0.040501,0.666667,0.098901,0.129032,12,Micro bacia de Cocotá/Pitangueiras/Zumbi/Ribeira
24,I_24h,6,5.863844,-0.114211,0.998980,0.666667,0.191176,0.071429,0.038515,0.666667,0.103704,0.125000,12,Micro bacia de Cocotá/Pitangueiras/Zumbi/Ribeira
24,I_24h,7,5.863844,-0.114211,0.998980,0.666667,0.208955,0.066667,0.035158,0.666667,0.111940,0.117647,12,Micro bacia de Cocotá/Pitangueiras/Zumbi/Ribeira
24,I_24h,8,5.863844,-0.114211,0.998980,0.666667,0.238806,0.058824,0.029851,0.666667,0.126866,0.105263,12,Micro bacia de Cocotá/Pitangueiras/Zumbi/Ribeira
24,I_24h,9,5.863844,-0.114211,0.998980,0.666667,0.253731,0.055556,0.027640,0.666667,0.134328,0.100000,12,Micro bacia de Cocotá/Pitangueiras/Zumbi/Ribeira
24,I_24h,10,5.863844,-0.114211,0.998980,0.666667,0.261194,0.054054,0.026624,0.666667,0.138060,0.097561,12,Micro bacia de Cocotá/Pitangueiras/Zumbi/Ribeira
1/6,I_15min,1,0.800000,-1.000000,28.051948,0.636364,0.341121,0.160920,0.067471,0.583333,0.280443,0.155556,13,Micro bacia do Rio Jequiá
1/6,I_15min,2,0.800000,-0.322632,28.675325,0.636364,0.342723,0.160920,0.067307,0.583333,0.278810,0.157303,13,Micro bacia do Rio Jequiá
1/6,I_15min,3,163.167347,-0.583158,28.051948,0.363636,0.122066,0.235294,0.075117,0.333333,0.104478,0.222222,13,Micro bacia do Rio Jequiá
1/6,I_15min,4,0.800000,-0.114211,29.298701,0.636364,0.338028,0.162791,0.068576,0.583333,0.277154,0.159091,13,Micro bacia do Rio Jequiá
1/6,I_15min,5,0.800000,-0.114211,29.298701,0.636364,0.338028,0.162791,0.068576,0.583333,0.277154,0.159091,13,Micro bacia do Rio Jequiá
1/6,I_15min,6,0.800000,-0.062105,29.182507,0.666667,0.334906,0.164706,0.073030,0.608696,0.275472,0.160920,13,Micro bacia do Rio Jequiá
1/6,I_15min,7,72.963265,-0.218421,27.279300,0.428571,0.157143,0.214286,0.077405,0.391304,0.133080,0.204545,13,Micro bacia do Rio Jequiá
1/6,I_15min,8,4.408163,-0.010000,26.010496,0.666667,0.328571,0.168675,0.075502,0.608696,0.269962,0.164706,13,Micro bacia do Rio Jequiá
1/6,I_15min,9,4.408163,-0.010000,26.010496,0.666667,0.328571,0.168675,0.075502,0.608696,0.269962,0.164706,13,Micro bacia do Rio Jequiá
1/6,I_15min,10,177.600000,-0.166316,27.913703,0.380952,0.119048,0.242424,0.081358,0.347826,0.102662,0.228571,13,Micro bacia do Rio Jequiá
1/2,I_30min,1,139.200000,-0.635263,22.837848,0.227273,0.056604,0.294118,0.063061,0.208333,0.055351,0.250000,13,Micro bacia do Rio Jequiá
1/2,I_30min,2,99.611429,-0.583158,22.837848,0.272727,0.080569,0.260870,0.065414,0.250000,0.070632,0.240000,13,Micro bacia do Rio Jequiá
1/2,I_30min,3,139.200000,-0.322632,11.915399,0.545455,0.222749,0.203390,0.086228,0.500000,0.182836,0.196721,13,Micro bacia do Rio Jequiá
1/2,I_30min,4,127.888980,-0.374737,17.376623,0.454545,0.180095,0.208333,0.077643,0.416667,0.149813,0.200000,13,Micro bacia do Rio Jequiá
1/2,I_30min,5,76.989388,-0.218421,17.376623,0.454545,0.189573,0.200000,0.073675,0.416667,0.157303,0.192308,13,Micro bacia do Rio Jequiá
1/2,I_30min,6,51.539592,-0.166316,17.564626,0.428571,0.200000,0.176471,0.060504,0.391304,0.166038,0.169811,13,Micro bacia do Rio Jequiá
1/2,I_30min,7,60.022857,-0.166316,17.564626,0.476190,0.215311,0.181818,0.067938,0.434783,0.178707,0.175439,13,Micro bacia do Rio Jequiá
1/2,I_30min,8,48.711837,-0.062105,10.538776,0.476190,0.224880,0.175439,0.064755,0.434783,0.186312,0.169492,13,Micro bacia do Rio Jequiá
1/2,I_30min,9,108.094694,-0.114211,10.036929,0.523810,0.263158,0.166667,0.064327,0.478261,0.216730,0.161765,13,Micro bacia do Rio Jequiá
1/2,I_30min,10,48.711837,-0.062105,10.538776,0.523810,0.248804,0.174603,0.068704,0.478261,0.205323,0.169231,13,Micro bacia do Rio Jequiá
1,I_1h,1,59.694286,-0.374737,16.278261,0.217391,0.039841,0.333333,0.069577,0.208333,0.047970,0.277778,13,Micro bacia do Rio Jequiá
1,I_1h,2,34.582857,-0.322632,16.278261,0.260870,0.056000,0.300000,0.073878,0.250000,0.059480,0.272727,13,Micro bacia do Rio Jequiá
1,I_1h,3,89.371429,-0.426842,8.637445,0.565217,0.200803,0.206349,0.093212,0.541667,0.194030,0.200000,13,Micro bacia do Rio Jequiá
1,I_1h,4,89.371429,-0.426842,8.637445,0.565217,0.229839,0.185714,0.080843,0.541667,0.220974,0.180556,13,Micro bacia do Rio Jequiá
1,I_1h,5,18.602857,-0.010000,6.976398,0.347826,0.096774,0.250000,0.078541,0.333333,0.097378,0.235294,13,Micro bacia do Rio Jequiá
1,I_1h,6,16.320000,-0.010000,9.319481,0.318182,0.093496,0.233333,0.067301,0.304348,0.094340,0.218750,13,Micro bacia do Rio Jequiá
1,I_1h,7,20.885714,-0.062105,15.643414,0.318182,0.069672,0.291667,0.086337,0.304348,0.072243,0.269231,13,Micro bacia do Rio Jequiá
1,I_1h,8,32.300000,-0.062105,14.644898,0.272727,0.049180,0.333333,0.086438,0.260870,0.053232,0.300000,13,Micro bacia do Rio Jequiá
1,I_1h,9,32.300000,-0.062105,14.644898,0.318182,0.057377,0.333333,0.099975,0.304348,0.060837,0.304348,13,Micro bacia do Rio Jequiá
1,I_1h,10,34.582857,-0.062105,13.979221,0.318182,0.065574,0.304348,0.090488,0.304348,0.068441,0.280000,13,Micro bacia do Rio Jequiá
2,I_2h,1,12.486327,-0.010000,3.789518,0.318182,0.080460,0.250000,0.073145,0.291667,0.088561,0.225806,13,Micro bacia do Rio Jequiá
2,I_2h,2,15.550408,-0.270526,10.922727,0.272727,0.050000,0.315789,0.081818,0.250000,0.055762,0.285714,13,Micro bacia do Rio Jequiá
2,I_2h,3,40.063061,-0.374737,8.693599,0.363636,0.084942,0.266667,0.088733,0.333333,0.089552,0.250000,13,Micro bacia do Rio Jequiá
2,I_2h,4,15.550408,-0.114211,10.253989,0.318182,0.069767,0.280000,0.082875,0.291667,0.074906,0.259259,13,Micro bacia do Rio Jequiá
2,I_2h,5,75.300000,-0.426842,7.133210,0.500000,0.178295,0.192982,0.079287,0.458333,0.179775,0.186441,13,Micro bacia do Rio Jequiá
2,I_2h,6,30.870816,-0.374737,7.149466,0.523810,0.222656,0.161765,0.065867,0.478261,0.222642,0.157143,13,Micro bacia do Rio Jequiá
2,I_2h,7,10.954286,-0.062105,10.724198,0.333333,0.078740,0.259259,0.079615,0.304348,0.083650,0.241379,13,Micro bacia do Rio Jequiá
2,I_2h,8,7.890204,-0.010000,10.724198,0.285714,0.047244,0.333333,0.090739,0.260870,0.053232,0.300000,13,Micro bacia do Rio Jequiá
2,I_2h,9,7.890204,-0.010000,10.724198,0.285714,0.047244,0.333333,0.090739,0.260870,0.053232,0.300000,13,Micro bacia do Rio Jequiá
2,I_2h,10,7.890204,-0.010000,10.724198,0.285714,0.047244,0.333333,0.090739,0.260870,0.053232,0.300000,13,Micro bacia do Rio Jequiá
3,I_3h,1,11.372789,-0.218421,8.384848,0.272727,0.054167,0.315789,0.081459,0.250000,0.059041,0.272727,13,Micro bacia do Rio Jequiá
3,I_3h,2,11.372789,-0.218421,8.384848,0.272727,0.062762,0.285714,0.073032,0.250000,0.063197,0.260870,13,Micro bacia do Rio Jequiá
3,I_3h,3,16.335510,-0.374737,7.529252,0.363636,0.088235,0.275862,0.091462,0.333333,0.085821,0.258065,13,Micro bacia do Rio Jequiá
3,I_3h,4,41.149116,-0.374737,7.700371,0.363636,0.097046,0.258065,0.084735,0.333333,0.093633,0.242424,13,Micro bacia do Rio Jequiá
3,I_3h,5,10.132109,-0.322632,7.871490,0.409091,0.126582,0.230769,0.082456,0.375000,0.119850,0.219512,13,Micro bacia do Rio Jequiá
3,I_3h,6,6.410068,-0.166316,8.406349,0.380952,0.127660,0.210526,0.069962,0.347826,0.120755,0.200000,13,Micro bacia do Rio Jequiá
3,I_3h,7,46.111837,-0.426842,8.406349,0.380952,0.120172,0.222222,0.074483,0.347826,0.114068,0.210526,13,Micro bacia do Rio Jequiá
3,I_3h,8,11.372789,-0.062105,8.234791,0.285714,0.064378,0.285714,0.076377,0.260870,0.064639,0.260870,13,Micro bacia do Rio Jequiá
3,I_3h,9,11.372789,-0.062105,8.234791,0.285714,0.068670,0.272727,0.072571,0.260870,0.068441,0.250000,13,Micro bacia do Rio Jequiá
3,I_3h,10,11.372789,-0.062105,8.406349,0.285714,0.068670,0.272727,0.072571,0.260870,0.068441,0.250000,13,Micro bacia do Rio Jequiá
6,I_6h,1,3.559184,-0.374737,5.278788,0.363636,0.086580,0.285714,0.094901,0.333333,0.084871,0.258065,13,Micro bacia do Rio Jequiá
6,I_6h,2,3.559184,-0.322632,5.278788,0.363636,0.086957,0.285714,0.094862,0.333333,0.081784,0.266667,13,Micro bacia do Rio Jequiá
6,I_6h,3,6.958367,-0.322632,3.662832,0.500000,0.144105,0.250000,0.106987,0.458333,0.130597,0.239130,13,Micro bacia do Rio Jequiá
6,I_6h,4,5.258776,-0.218421,3.986024,0.454545,0.135965,0.243902,0.095791,0.416667,0.123596,0.232558,13,Micro bacia do Rio Jequiá
6,I_6h,5,11.207347,-0.270526,3.878293,0.500000,0.149123,0.244444,0.103996,0.458333,0.134831,0.234043,13,Micro bacia do Rio Jequiá
6,I_6h,6,18.005714,-0.322632,3.912536,0.476190,0.158590,0.217391,0.087102,0.434783,0.143396,0.208333,13,Micro bacia do Rio Jequiá
6,I_6h,7,12.057143,-0.218421,5.325397,0.380952,0.088889,0.285714,0.099169,0.347826,0.083650,0.266667,13,Micro bacia do Rio Jequiá
6,I_6h,8,12.906939,-0.218421,5.325397,0.380952,0.088889,0.285714,0.099169,0.347826,0.083650,0.266667,13,Micro bacia do Rio Jequiá
6,I_6h,9,12.057143,-0.218421,5.325397,0.380952,0.097778,0.266667,0.091654,0.347826,0.091255,0.250000,13,Micro bacia do Rio Jequiá
6,I_6h,10,15.456327,-0.218421,5.325397,0.380952,0.102222,0.258065,0.088261,0.347826,0.095057,0.242424,13,Micro bacia do Rio Jequiá
8,I_8h,1,4.014949,-0.374737,3.340144,0.409091,0.094828,0.290323,0.107506,0.375000,0.092251,0.264706,13,Micro bacia do Rio Jequiá
8,I_8h,2,4.014949,-0.322632,3.340144,0.409091,0.103896,0.272727,0.099979,0.375000,0.096654,0.257143,13,Micro bacia do Rio Jequiá
8,I_8h,3,5.958673,-0.218421,2.226763,0.590909,0.182609,0.236364,0.114165,0.541667,0.164179,0.228070,13,Micro bacia do Rio Jequiá
8,I_8h,4,5.310765,-0.270526,2.654986,0.545455,0.179039,0.226415,0.101388,0.500000,0.161049,0.218182,13,Micro bacia do Rio Jequiá
8,I_8h,5,6.606582,-0.218421,2.997565,0.500000,0.144105,0.250000,0.106987,0.458333,0.131086,0.239130,13,Micro bacia do Rio Jequiá
8,I_8h,6,11.141939,-0.322632,4.242857,0.380952,0.092511,0.275862,0.095368,0.347826,0.086792,0.258065,13,Micro bacia do Rio Jequiá
8,I_8h,7,6.606582,-0.166316,4.242857,0.380952,0.084444,0.296296,0.103343,0.347826,0.079848,0.275862,13,Micro bacia do Rio Jequiá
8,I_8h,8,9.846122,-0.218421,4.242857,0.380952,0.084444,0.296296,0.103343,0.347826,0.079848,0.275862,13,Micro bacia do Rio Jequiá
8,I_8h,9,4.662857,-0.166316,4.242857,0.380952,0.093333,0.275862,0.095282,0.347826,0.087452,0.258065,13,Micro bacia do Rio Jequiá
8,I_8h,10,6.606582,-0.166316,4.242857,0.380952,0.097778,0.266667,0.091654,0.347826,0.091255,0.250000,13,Micro bacia do Rio Jequiá
10,I_10h,1,3.218980,-0.218421,2.600297,0.409091,0.096491,0.290323,0.107308,0.375000,0.092251,0.264706,13,Micro bacia do Rio Jequiá
10,I_10h,2,3.218980,-0.426842,3.443636,0.363636,0.083700,0.296296,0.098726,0.333333,0.078067,0.275862,13,Micro bacia do Rio Jequiá
10,I_10h,3,4.255306,-0.218421,1.897514,0.590909,0.185841,0.236364,0.113713,0.541667,0.164179,0.228070,13,Micro bacia do Rio Jequiá
10,I_10h,4,3.737143,-0.374737,2.248905,0.590909,0.213333,0.213115,0.099066,0.541667,0.187266,0.206349,13,Micro bacia do Rio Jequiá
10,I_10h,5,13.064082,-0.635263,2.389462,0.590909,0.208889,0.216667,0.101286,0.541667,0.183521,0.209677,13,Micro bacia do Rio Jequiá
10,I_10h,6,9.955102,-0.374737,3.484762,0.380952,0.094170,0.275862,0.095194,0.347826,0.086792,0.258065,13,Micro bacia do Rio Jequiá
10,I_10h,7,5.291633,-0.166316,3.484762,0.380952,0.081448,0.307692,0.107669,0.347826,0.076046,0.285714,13,Micro bacia do Rio Jequiá
10,I_10h,8,5.291633,-0.166316,3.484762,0.380952,0.085973,0.296296,0.103171,0.347826,0.079848,0.275862,13,Micro bacia do Rio Jequiá
10,I_10h,9,5.291633,-0.166316,3.484762,0.380952,0.090498,0.285714,0.098993,0.347826,0.083650,0.266667,13,Micro bacia do Rio Jequiá
10,I_10h,10,5.291633,-0.166316,3.484762,0.380952,0.099548,0.266667,0.091475,0.347826,0.091255,0.250000,13,Micro bacia do Rio Jequiá
12,I_12h,1,2.689796,-0.010000,2.941744,0.227273,0.018100,0.555556,0.123977,0.208333,0.025830,0.416667,13,Micro bacia do Rio Jequiá
12,I_12h,2,2.689796,-0.010000,2.880458,0.227273,0.022727,0.500000,0.111054,0.208333,0.026022,0.416667,13,Micro bacia do Rio Jequiá
12,I_12h,3,3.984694,-0.218421,1.593445,0.590909,0.191781,0.236364,0.112884,0.541667,0.164179,0.228070,13,Micro bacia do Rio Jequiá
12,I_12h,4,2.689796,-0.010000,2.880458,0.227273,0.022936,0.500000,0.111030,0.208333,0.026217,0.416667,13,Micro bacia do Rio Jequiá
12,I_12h,5,2.689796,-0.010000,2.941744,0.227273,0.022936,0.500000,0.111030,0.208333,0.026217,0.416667,13,Micro bacia do Rio Jequiá
12,I_12h,6,2.689796,-0.010000,2.795190,0.238095,0.027778,0.454545,0.105219,0.217391,0.030189,0.384615,13,Micro bacia do Rio Jequiá
12,I_12h,7,2.689796,-0.010000,2.795190,0.238095,0.028037,0.454545,0.105191,0.217391,0.030418,0.384615,13,Micro bacia do Rio Jequiá
12,I_12h,8,2.689796,-0.010000,2.857305,0.238095,0.028037,0.454545,0.105191,0.217391,0.030418,0.384615,13,Micro bacia do Rio Jequiá
12,I_12h,9,2.689796,-0.010000,2.857305,0.238095,0.028037,0.454545,0.105191,0.217391,0.030418,0.384615,13,Micro bacia do Rio Jequiá
12,I_12h,10,2.689796,-0.010000,2.857305,0.238095,0.028037,0.454545,0.105191,0.217391,0.030418,0.384615,13,Micro bacia do Rio Jequiá
24,I_24h,1,1.503061,-0.010000,1.721591,0.181818,0.015957,0.571429,0.102238,0.166667,0.023166,0.400000,13,Micro bacia do Rio Jequiá
24,I_24h,2,1.783673,-0.010000,1.721591,0.181818,0.016043,0.571429,0.102229,0.166667,0.019455,0.444444,13,Micro bacia do Rio Jequiá
24,I_24h,3,1.783673,-0.010000,1.721591,0.181818,0.016129,0.571429,0.102220,0.166667,0.019531,0.444444,13,Micro bacia do Rio Jequiá
24,I_24h,4,1.783673,-0.010000,1.721591,0.181818,0.016129,0.571429,0.102220,0.166667,0.019608,0.444444,13,Micro bacia do Rio Jequiá
24,I_24h,5,1.783673,-0.010000,1.721591,0.181818,0.016129,0.571429,0.102220,0.166667,0.019608,0.444444,13,Micro bacia do Rio Jequiá
24,I_24h,6,1.783673,-0.010000,1.716618,0.190476,0.021739,0.500000,0.093168,0.173913,0.023715,0.400000,13,Micro bacia do Rio Jequiá
24,I_24h,7,1.783673,-0.010000,1.716618,0.190476,0.021978,0.500000,0.093145,0.173913,0.023904,0.400000,13,Micro bacia do Rio Jequiá
24,I_24h,8,1.503061,-0.010000,1.716618,0.238095,0.027473,0.500000,0.115777,0.217391,0.027888,0.416667,13,Micro bacia do Rio Jequiá
24,I_24h,9,2.064286,-0.010000,1.680855,0.190476,0.010989,0.666667,0.125589,0.173913,0.015936,0.500000,13,Micro bacia do Rio Jequiá
24,I_24h,10,2.064286,-0.010000,1.680855,0.190476,0.010989,0.666667,0.125589,0.173913,0.015936,0.500000,13,Micro bacia do Rio Jequiá
1/6,I_15min,1,133.502041,-0.687368,20.806531,0.350000,0.115741,0.218750,0.067701,0.333333,0.102190,0.200000,14,Micro bacia da Praia de São Bento
1/6,I_15min,2,42.269388,-1.000000,12.137143,0.650000,0.409302,0.128713,0.049420,0.619048,0.330882,0.126214,14,Micro bacia da Praia de São Bento
1/6,I_15min,3,121.061224,-0.478947,15.604898,0.600000,0.274419,0.169014,0.073580,0.571429,0.225092,0.164384,14,Micro bacia da Praia de São Bento
1/6,I_15min,4,129.355102,-0.583158,19.072653,0.550000,0.269767,0.159420,0.064028,0.523810,0.222222,0.154930,14,Micro bacia da Praia de São Bento
1/6,I_15min,5,100.326531,-0.166316,12.715102,0.550000,0.288372,0.150685,0.058977,0.523810,0.237037,0.146667,14,Micro bacia da Praia de São Bento
1/6,I_15min,6,63.004082,-0.114211,11.755102,0.578947,0.313084,0.141026,0.056084,0.550000,0.257463,0.137500,14,Micro bacia da Praia de São Bento
1/6,I_15min,7,67.151020,-0.114211,11.755102,0.631579,0.334906,0.144578,0.060732,0.600000,0.274436,0.141176,14,Micro bacia da Praia de São Bento
1/6,I_15min,8,71.297959,-0.114211,12.342857,0.631579,0.349057,0.139535,0.057366,0.600000,0.285714,0.136364,14,Micro bacia da Praia de São Bento
1/6,I_15min,9,71.297959,-0.114211,12.342857,0.631579,0.363208,0.134831,0.054227,0.600000,0.296992,0.131868,14,Micro bacia da Praia de São Bento
1/6,I_15min,10,67.151020,-0.114211,12.342857,0.736842,0.382075,0.147368,0.067099,0.700000,0.312030,0.144330,14,Micro bacia da Praia de São Bento
1/2,I_30min,1,42.477551,-0.270526,11.602041,0.500000,0.174107,0.204082,0.084275,0.476190,0.153285,0.192308,14,Micro bacia da Praia de São Bento
1/2,I_30min,2,28.518367,-0.687368,18.563265,0.450000,0.201794,0.166667,0.059865,0.428571,0.172794,0.160714,14,Micro bacia da Praia de São Bento
1/2,I_30min,3,143.681633,-0.687368,18.099184,0.550000,0.161435,0.234043,0.107943,0.523810,0.140221,0.224490,14,Micro bacia da Praia de São Bento
1/2,I_30min,4,73.885714,-0.583158,18.099184,0.550000,0.197309,0.200000,0.088296,0.523810,0.170370,0.192982,14,Micro bacia da Praia de São Bento
1/2,I_30min,5,94.824490,-0.166316,11.602041,0.550000,0.215247,0.186441,0.080470,0.523810,0.185185,0.180328,14,Micro bacia da Praia de São Bento
1/2,I_30min,6,52.946939,-0.114211,10.771214,0.578947,0.252252,0.164179,0.071074,0.550000,0.216418,0.159420,14,Micro bacia da Praia de São Bento
1/2,I_30min,7,94.824490,-0.166316,11.707841,0.631579,0.263636,0.171429,0.079727,0.600000,0.225564,0.166667,14,Micro bacia da Praia de São Bento
1/2,I_30min,8,66.906122,-0.114211,11.239527,0.631579,0.281818,0.162162,0.073555,0.600000,0.240602,0.157895,14,Micro bacia da Praia de São Bento
1/2,I_30min,9,63.416327,-0.114211,11.239527,0.631579,0.309091,0.150000,0.065455,0.600000,0.263158,0.146341,14,Micro bacia da Praia de São Bento
1/2,I_30min,10,84.355102,-0.322632,18.264232,0.631579,0.259091,0.173913,0.081381,0.600000,0.221805,0.169014,14,Micro bacia da Praia de São Bento
1,I_1h,1,57.450612,-0.322632,6.644898,0.473684,0.160000,0.200000,0.079579,0.476190,0.142336,0.204082,14,Micro bacia da Praia de São Bento
1,I_1h,2,103.075102,-0.687368,14.195918,0.315789,0.093750,0.222222,0.063596,0.333333,0.084559,0.233333,14,Micro bacia da Praia de São Bento
1,I_1h,3,66.575510,-0.583158,12.685714,0.526316,0.152466,0.227273,0.101380,0.523810,0.132841,0.234043,14,Micro bacia da Praia de São Bento
1,I_1h,4,41.482041,-0.478947,12.685714,0.526316,0.179372,0.200000,0.086382,0.523810,0.155556,0.207547,14,Micro bacia da Praia de São Bento
1,I_1h,5,66.575510,-0.166316,6.644898,0.578947,0.246637,0.166667,0.072693,0.571429,0.211111,0.173913,14,Micro bacia da Praia de São Bento
1,I_1h,6,68.856735,-0.166316,6.624943,0.611111,0.294118,0.144737,0.062436,0.600000,0.250000,0.151899,14,Micro bacia da Praia de São Bento
1,I_1h,7,82.544082,-0.166316,6.624943,0.666667,0.287671,0.160000,0.075982,0.650000,0.244361,0.166667,14,Micro bacia da Praia de São Bento
1,I_1h,8,96.231429,-0.166316,6.624943,0.666667,0.305936,0.151899,0.070285,0.650000,0.259398,0.158537,14,Micro bacia da Praia de São Bento
1,I_1h,9,100.793878,-0.166316,6.624943,0.666667,0.333333,0.141176,0.062745,0.650000,0.281955,0.147727,14,Micro bacia da Praia de São Bento
1,I_1h,10,107.637551,-0.218421,12.647619,0.500000,0.214612,0.160714,0.063112,0.500000,0.184211,0.169492,14,Micro bacia da Praia de São Bento
2,I_2h,1,75.300000,-0.531053,8.615682,0.315789,0.074890,0.260870,0.076210,0.333333,0.072993,0.259259,14,Micro bacia da Praia de São Bento
2,I_2h,2,44.687755,-0.478947,8.811493,0.315789,0.084071,0.240000,0.069418,0.333333,0.077206,0.250000,14,Micro bacia da Praia de São Bento
2,I_2h,3,21.728571,-0.635263,7.245005,0.578947,0.200000,0.196429,0.090977,0.571429,0.173432,0.203390,14,Micro bacia da Praia de São Bento
2,I_2h,4,21.728571,-0.583158,7.245005,0.578947,0.223214,0.180328,0.081097,0.571429,0.192593,0.187500,14,Micro bacia da Praia de São Bento
2,I_2h,5,27.851020,-0.270526,6.265951,0.578947,0.250000,0.164179,0.071288,0.571429,0.214815,0.171429,14,Micro bacia da Praia de São Bento
2,I_2h,6,21.728571,-0.218421,6.236735,0.555556,0.273543,0.140845,0.056843,0.550000,0.235075,0.148649,14,Micro bacia da Praia de São Bento
2,I_2h,7,69.177551,-0.166316,2.728571,0.722222,0.366516,0.138298,0.063274,0.700000,0.312030,0.144330,14,Micro bacia da Praia de São Bento
2,I_2h,8,41.626531,-0.166316,6.041837,0.555556,0.239819,0.158730,0.067035,0.550000,0.206767,0.166667,14,Micro bacia da Praia de São Bento
2,I_2h,9,44.687755,-0.166316,6.236735,0.555556,0.253394,0.151515,0.062846,0.550000,0.218045,0.159420,14,Micro bacia da Praia de São Bento
2,I_2h,10,37.034694,-0.166316,7.211224,0.500000,0.208145,0.163636,0.064788,0.500000,0.180451,0.172414,14,Micro bacia da Praia de São Bento
3,I_3h,1,37.821633,-0.843684,6.121375,0.368421,0.097872,0.233333,0.077551,0.380952,0.094891,0.235294,14,Micro bacia da Praia de São Bento
3,I_3h,2,47.222041,-0.895789,6.121375,0.368421,0.106838,0.218750,0.071982,0.380952,0.099265,0.228571,14,Micro bacia da Praia de São Bento
3,I_3h,3,16.931837,-0.635263,6.121375,0.526316,0.137339,0.238095,0.108103,0.523810,0.125461,0.244444,14,Micro bacia da Praia de São Bento
3,I_3h,4,17.976327,-0.739474,6.419979,0.526316,0.159483,0.212766,0.094123,0.523810,0.144444,0.220000,14,Micro bacia da Praia de São Bento
3,I_3h,5,38.866122,-0.895789,6.419979,0.526316,0.185345,0.188679,0.080899,0.523810,0.166667,0.196429,14,Micro bacia da Praia de São Bento
3,I_3h,6,45.133061,-0.791579,6.241270,0.500000,0.194805,0.166667,0.067100,0.500000,0.175373,0.175439,14,Micro bacia da Praia de São Bento
3,I_3h,7,43.044082,-0.218421,5.498262,0.500000,0.192140,0.169811,0.068592,0.500000,0.172932,0.178571,14,Micro bacia da Praia de São Bento
3,I_3h,8,29.465714,-0.166316,4.606652,0.555556,0.222707,0.163934,0.070792,0.550000,0.199248,0.171875,14,Micro bacia da Praia de São Bento
3,I_3h,9,24.243265,-0.166316,4.903855,0.555556,0.235808,0.156250,0.066336,0.550000,0.210526,0.164179,14,Micro bacia da Praia de São Bento
3,I_3h,10,12.753878,-0.062105,3.566440,0.555556,0.227074,0.161290,0.069259,0.550000,0.203008,0.169231,14,Micro bacia da Praia de São Bento
6,I_6h,1,15.855102,-0.322632,2.167132,0.421053,0.155378,0.170213,0.060533,0.428571,0.153285,0.176471,14,Micro bacia da Praia de São Bento
6,I_6h,2,16.397347,-0.947895,3.334049,0.421053,0.172000,0.156863,0.054687,0.428571,0.165441,0.166667,14,Micro bacia da Praia de São Bento
6,I_6h,3,22.362041,-0.583158,3.750806,0.473684,0.132530,0.214286,0.088051,0.476190,0.129151,0.222222,14,Micro bacia da Praia de São Bento
6,I_6h,4,13.143878,-0.635263,3.917508,0.473684,0.149194,0.195652,0.078850,0.476190,0.144444,0.204082,14,Micro bacia da Praia de São Bento
6,I_6h,5,15.312857,-0.114211,2.083781,0.473684,0.161290,0.183673,0.072970,0.476190,0.155556,0.192308,14,Micro bacia da Praia de São Bento
6,I_6h,6,20.193061,-0.531053,3.906009,0.444444,0.170732,0.160000,0.058970,0.450000,0.164179,0.169811,14,Micro bacia da Praia de São Bento
6,I_6h,7,19.650816,-0.322632,3.906009,0.444444,0.155738,0.173913,0.065257,0.450000,0.150376,0.183673,14,Micro bacia da Praia de São Bento
6,I_6h,8,14.228367,-0.114211,2.077664,0.555556,0.225410,0.153846,0.066204,0.550000,0.214286,0.161765,14,Micro bacia da Praia de São Bento
6,I_6h,9,5.552449,-0.062105,1.911451,0.611111,0.274590,0.141026,0.062518,0.600000,0.259398,0.148148,14,Micro bacia da Praia de São Bento
6,I_6h,10,10.432653,-0.062105,1.579025,0.555556,0.233607,0.149254,0.063548,0.550000,0.221805,0.157143,14,Micro bacia da Praia de São Bento
8,I_8h,1,15.960204,-0.374737,1.588614,0.473684,0.174603,0.169811,0.066392,0.476190,0.171533,0.175439,14,Micro bacia da Praia de São Bento
8,I_8h,2,7.017653,-0.583158,2.051960,0.526316,0.235060,0.144928,0.058348,0.523810,0.224265,0.152778,14,Micro bacia da Praia de São Bento
8,I_8h,3,16.366684,-0.947895,2.978652,0.526316,0.148000,0.212766,0.095409,0.523810,0.143911,0.220000,14,Micro bacia da Praia de São Bento
8,I_8h,4,12.301888,-0.739474,2.978652,0.526316,0.160643,0.200000,0.088353,0.523810,0.155556,0.207547,14,Micro bacia da Praia de São Bento
8,I_8h,5,14.740765,-0.791579,2.978652,0.526316,0.180723,0.181818,0.078400,0.523810,0.174074,0.189655,14,Micro bacia da Praia de São Bento
8,I_8h,6,19.212041,-0.583158,2.979592,0.500000,0.182186,0.166667,0.068151,0.500000,0.175373,0.175439,14,Micro bacia da Praia de São Bento
8,I_8h,7,19.212041,-0.583158,2.979592,0.500000,0.187755,0.163636,0.066456,0.500000,0.180451,0.172414,14,Micro bacia da Praia de São Bento
8,I_8h,8,15.553724,-0.166316,1.787755,0.611111,0.257143,0.148649,0.067482,0.600000,0.244361,0.155844,14,Micro bacia da Praia de São Bento
8,I_8h,9,20.025000,-0.218421,1.920181,0.666667,0.285714,0.146341,0.069686,0.650000,0.270677,0.152941,14,Micro bacia da Praia de São Bento
8,I_8h,10,14.334286,-0.166316,1.920181,0.666667,0.269388,0.153846,0.074935,0.650000,0.255639,0.160494,14,Micro bacia da Praia de São Bento
10,I_10h,1,12.242857,-0.374737,1.465134,0.473684,0.168033,0.180000,0.070936,0.476190,0.160584,0.185185,14,Micro bacia da Praia de São Bento
10,I_10h,2,9.814286,-0.635263,1.519398,0.578947,0.263374,0.146667,0.062549,0.571429,0.242647,0.153846,14,Micro bacia da Praia de São Bento
10,I_10h,3,14.324490,-0.739474,1.519398,0.789474,0.301653,0.170455,0.093976,0.761905,0.276753,0.175824,14,Micro bacia da Praia de São Bento
10,I_10h,4,12.589796,-0.687368,1.519398,0.789474,0.336100,0.156250,0.081896,0.761905,0.307407,0.161616,14,Micro bacia da Praia de São Bento
10,I_10h,5,8.426531,-0.114211,1.465134,0.473684,0.161826,0.187500,0.074443,0.476190,0.151852,0.196078,14,Micro bacia da Praia de São Bento
10,I_10h,6,12.936735,-0.531053,2.391565,0.500000,0.205021,0.155172,0.061679,0.500000,0.190299,0.163934,14,Micro bacia da Praia de São Bento
10,I_10h,7,8.426531,-0.114211,1.467551,0.500000,0.198312,0.160714,0.064421,0.500000,0.184211,0.169492,14,Micro bacia da Praia de São Bento
10,I_10h,8,13.283673,-0.166316,1.413197,0.611111,0.278481,0.142857,0.062990,0.600000,0.255639,0.150000,14,Micro bacia da Praia de São Bento
10,I_10h,9,10.161224,-0.166316,1.521905,0.666667,0.295359,0.146341,0.068745,0.650000,0.270677,0.152941,14,Micro bacia da Praia de São Bento
10,I_10h,10,5.304082,-0.114211,1.521905,0.666667,0.291139,0.148148,0.070011,0.650000,0.266917,0.154762,14,Micro bacia da Praia de São Bento
12,I_12h,1,10.380612,-0.374737,1.215288,0.473684,0.207729,0.173077,0.064953,0.476190,0.167883,0.178571,14,Micro bacia da Praia de São Bento
12,I_12h,2,8.059184,-0.635263,1.262030,0.578947,0.310680,0.146667,0.058532,0.571429,0.242647,0.153846,14,Micro bacia da Praia de São Bento
12,I_12h,3,12.370408,-0.739474,1.262030,0.789474,0.356098,0.170455,0.086650,0.761905,0.276753,0.175824,14,Micro bacia da Praia de São Bento
12,I_12h,4,12.370408,-0.739474,1.262030,0.789474,0.401961,0.154639,0.073011,0.761905,0.311111,0.160000,14,Micro bacia da Praia de São Bento
12,I_12h,5,12.702041,-0.166316,1.355514,0.473684,0.191176,0.187500,0.071836,0.476190,0.151852,0.196078,14,Micro bacia da Praia de São Bento
12,I_12h,6,11.043878,-0.531053,1.969841,0.500000,0.247525,0.152542,0.057392,0.500000,0.194030,0.161290,14,Micro bacia da Praia de São Bento
12,I_12h,7,12.702041,-0.166316,1.360128,0.500000,0.230000,0.163636,0.063000,0.500000,0.180451,0.172414,14,Micro bacia da Praia de São Bento
12,I_12h,8,5.737755,-0.062105,0.328307,0.611111,0.300000,0.154930,0.066275,0.600000,0.233083,0.162162,14,Micro bacia da Praia de São Bento
12,I_12h,9,6.069388,-0.062105,0.328307,0.611111,0.315000,0.148649,0.062226,0.600000,0.244361,0.155844,14,Micro bacia da Praia de São Bento
12,I_12h,10,4.411224,-0.114211,1.266327,0.666667,0.345000,0.148148,0.064691,0.650000,0.266917,0.154762,14,Micro bacia da Praia de São Bento
24,I_24h,1,6.612755,-0.218421,0.311735,0.500000,0.220430,0.180000,0.070161,0.523810,0.167939,0.200000,14,Micro bacia da Praia de São Bento
24,I_24h,2,3.444388,-0.531053,0.647449,0.611111,0.362162,0.141026,0.054970,0.619048,0.265385,0.158537,14,Micro bacia da Praia de São Bento
24,I_24h,3,7.316837,-0.791579,0.791327,0.666667,0.320652,0.169014,0.076546,0.666667,0.235521,0.186667,14,Micro bacia da Praia de São Bento
24,I_24h,4,7.316837,-0.791579,0.791327,0.666667,0.342391,0.160000,0.070145,0.666667,0.251938,0.177215,14,Micro bacia da Praia de São Bento
24,I_24h,5,2.564286,-0.062105,0.287755,0.611111,0.282609,0.174603,0.076547,0.619048,0.209302,0.194030,14,Micro bacia da Praia de São Bento
24,I_24h,6,4.852551,-0.062105,0.120498,0.470588,0.203297,0.177778,0.066652,0.500000,0.152344,0.204082,14,Micro bacia da Praia de São Bento
24,I_24h,7,4.676531,-0.114211,0.506092,0.647059,0.288889,0.174603,0.080340,0.650000,0.212598,0.194030,14,Micro bacia da Praia de São Bento
24,I_24h,8,4.852551,-0.114211,0.457893,0.705882,0.327778,0.169014,0.080199,0.700000,0.240157,0.186667,14,Micro bacia da Praia de São Bento
24,I_24h,9,8.372959,-0.114211,0.457893,0.588235,0.261111,0.175439,0.076253,0.600000,0.192913,0.196721,14,Micro bacia da Praia de São Bento
24,I_24h,10,8.372959,-0.114211,0.457893,0.647059,0.272222,0.183333,0.086334,0.650000,0.200787,0.203125,14,Micro bacia da Praia de São Bento
1/6,I_15min,1,72.989388,-0.531053,31.817143,0.600000,0.072464,0.166667,0.092754,0.500000,0.062284,0.142857,15,Micro bacia do Jardim Guanabara
1/6,I_15min,2,78.706939,-0.531053,31.154286,0.600000,0.101942,0.125000,0.067354,0.500000,0.080139,0.115385,15,Micro bacia do Jardim Guanabara
1/6,I_15min,3,130.164898,-0.322632,29.165714,0.600000,0.097087,0.130435,0.070663,0.500000,0.076923,0.120000,15,Micro bacia do Jardim Guanabara
1/6,I_15min,4,113.012245,-0.218421,19.222857,0.800000,0.213592,0.083333,0.052427,0.666667,0.161404,0.080000,15,Micro bacia do Jardim Guanabara
1/6,I_15min,5,72.989388,-0.322632,31.817143,0.600000,0.155340,0.085714,0.043440,0.500000,0.119298,0.081081,15,Micro bacia do Jardim Guanabara
1/6,I_15min,6,70.130612,-0.270526,31.154286,0.600000,0.166667,0.081081,0.040541,0.500000,0.127660,0.076923,15,Micro bacia do Jardim Guanabara
1/6,I_15min,7,35.825306,-0.166316,32.480000,0.600000,0.162562,0.083333,0.041872,0.500000,0.125000,0.078947,15,Micro bacia do Jardim Guanabara
1/6,I_15min,8,35.825306,-0.166316,32.480000,0.600000,0.177340,0.076923,0.037969,0.500000,0.135714,0.073171,15,Micro bacia do Jardim Guanabara
1/6,I_15min,9,27.248980,-0.114211,31.817143,0.600000,0.187192,0.073171,0.035684,0.500000,0.142857,0.069767,15,Micro bacia do Jardim Guanabara
1/6,I_15min,10,27.248980,-0.114211,31.817143,0.600000,0.197044,0.069767,0.033612,0.500000,0.150000,0.066667,15,Micro bacia do Jardim Guanabara
1/2,I_30min,1,99.996735,-0.583158,23.049796,0.600000,0.079365,0.166667,0.092063,0.500000,0.062284,0.142857,15,Micro bacia do Jardim Guanabara
1/2,I_30min,2,107.997551,-0.583158,23.049796,0.600000,0.101064,0.136364,0.073549,0.500000,0.073171,0.125000,15,Micro bacia do Jardim Guanabara
1/2,I_30min,3,121.332245,-0.426842,24.822857,0.600000,0.117021,0.120000,0.063574,0.500000,0.083916,0.111111,15,Micro bacia do Jardim Guanabara
1/2,I_30min,4,102.663673,-0.270526,17.730612,0.800000,0.196809,0.097561,0.062688,0.666667,0.136842,0.093023,15,Micro bacia do Jardim Guanabara
1/2,I_30min,5,110.664490,-0.270526,17.730612,0.800000,0.239362,0.081633,0.049674,0.666667,0.164912,0.078431,15,Micro bacia do Jardim Guanabara
1/2,I_30min,6,81.328163,-0.218421,17.730612,0.800000,0.247312,0.080000,0.048172,0.666667,0.170213,0.076923,15,Micro bacia do Jardim Guanabara
1/2,I_30min,7,51.991837,-0.166316,24.822857,0.600000,0.145946,0.100000,0.051243,0.500000,0.103571,0.093750,15,Micro bacia do Jardim Guanabara
1/2,I_30min,8,51.991837,-0.166316,25.413878,0.600000,0.156757,0.093750,0.047432,0.500000,0.110714,0.088235,15,Micro bacia do Jardim Guanabara
1/2,I_30min,9,51.991837,-0.166316,25.413878,0.600000,0.167568,0.088235,0.044070,0.500000,0.117857,0.083333,15,Micro bacia do Jardim Guanabara
1/2,I_30min,10,41.324082,-0.114211,23.049796,0.600000,0.183784,0.081081,0.039708,0.500000,0.128571,0.076923,15,Micro bacia do Jardim Guanabara
1,I_1h,1,28.202449,-0.478947,21.960000,0.600000,0.053763,0.230769,0.131017,0.500000,0.044983,0.187500,15,Micro bacia do Jardim Guanabara
1,I_1h,2,39.553469,-0.531053,21.960000,0.600000,0.059459,0.214286,0.120927,0.500000,0.045296,0.187500,15,Micro bacia do Jardim Guanabara
1,I_1h,3,44.093878,-0.322632,21.960000,0.600000,0.059459,0.214286,0.120927,0.500000,0.045455,0.187500,15,Micro bacia do Jardim Guanabara
1,I_1h,4,44.093878,-0.322632,21.960000,0.600000,0.070270,0.187500,0.104595,0.500000,0.052632,0.166667,15,Micro bacia do Jardim Guanabara
1,I_1h,5,44.093878,-0.322632,21.960000,0.600000,0.075676,0.176471,0.097870,0.500000,0.056140,0.157895,15,Micro bacia do Jardim Guanabara
1,I_1h,6,30.472653,-0.270526,21.960000,0.600000,0.087432,0.157895,0.086454,0.500000,0.063830,0.142857,15,Micro bacia do Jardim Guanabara
1,I_1h,7,44.093878,-0.166316,21.960000,0.600000,0.071429,0.187500,0.104464,0.500000,0.053571,0.166667,15,Micro bacia do Jardim Guanabara
1,I_1h,8,30.472653,-0.114211,21.063673,0.600000,0.076923,0.176471,0.097738,0.500000,0.057143,0.157895,15,Micro bacia do Jardim Guanabara
1,I_1h,9,30.472653,-0.114211,21.063673,0.600000,0.082418,0.166667,0.091758,0.500000,0.060714,0.150000,15,Micro bacia do Jardim Guanabara
1,I_1h,10,25.932245,-0.114211,21.511837,0.600000,0.093407,0.150000,0.081593,0.500000,0.067857,0.136364,15,Micro bacia do Jardim Guanabara
2,I_2h,1,23.391020,-0.322632,13.160000,0.600000,0.057471,0.230769,0.130504,0.500000,0.044983,0.187500,15,Micro bacia do Jardim Guanabara
2,I_2h,2,17.284082,-0.270526,13.160000,0.600000,0.075145,0.187500,0.104046,0.500000,0.052265,0.166667,15,Micro bacia do Jardim Guanabara
2,I_2h,3,46.292041,-0.270526,13.440000,0.600000,0.080925,0.176471,0.097314,0.500000,0.055944,0.157895,15,Micro bacia do Jardim Guanabara
2,I_2h,4,46.292041,-0.270526,13.440000,0.600000,0.092486,0.157895,0.085975,0.500000,0.063158,0.142857,15,Micro bacia do Jardim Guanabara
2,I_2h,5,46.292041,-0.270526,13.440000,0.600000,0.104046,0.142857,0.076796,0.500000,0.070175,0.130435,15,Micro bacia do Jardim Guanabara
2,I_2h,6,38.658367,-0.218421,12.880000,0.600000,0.105263,0.142857,0.076692,0.500000,0.070922,0.130435,15,Micro bacia do Jardim Guanabara
2,I_2h,7,38.658367,-0.166316,12.320000,0.600000,0.094118,0.157895,0.085820,0.500000,0.064286,0.142857,15,Micro bacia do Jardim Guanabara
2,I_2h,8,47.818776,-0.218421,13.440000,0.600000,0.105882,0.142857,0.076639,0.500000,0.071429,0.130435,15,Micro bacia do Jardim Guanabara
2,I_2h,9,29.497959,-0.114211,10.360000,0.600000,0.117647,0.130435,0.069054,0.500000,0.078571,0.120000,15,Micro bacia do Jardim Guanabara
2,I_2h,10,29.497959,-0.114211,10.360000,0.600000,0.123529,0.125000,0.065735,0.500000,0.082143,0.115385,15,Micro bacia do Jardim Guanabara
3,I_3h,1,14.990476,-0.322632,9.573333,0.600000,0.063492,0.200000,0.112381,0.500000,0.051903,0.166667,15,Micro bacia do Jardim Guanabara
3,I_3h,2,44.118095,-0.531053,9.573333,0.600000,0.079787,0.166667,0.092021,0.500000,0.059233,0.150000,15,Micro bacia do Jardim Guanabara
3,I_3h,3,47.238912,-0.322632,9.182585,0.600000,0.080214,0.166667,0.091979,0.500000,0.059441,0.150000,15,Micro bacia do Jardim Guanabara
3,I_3h,4,50.359728,-0.322632,9.182585,0.600000,0.101604,0.136364,0.073505,0.500000,0.073684,0.125000,15,Micro bacia do Jardim Guanabara
3,I_3h,5,49.319456,-0.322632,9.377959,0.600000,0.106952,0.130435,0.069891,0.500000,0.077193,0.120000,15,Micro bacia do Jardim Guanabara
3,I_3h,6,39.957007,-0.270526,9.182585,0.600000,0.113514,0.125000,0.066486,0.500000,0.081560,0.115385,15,Micro bacia do Jardim Guanabara
3,I_3h,7,29.554286,-0.166316,7.814966,0.600000,0.131148,0.111111,0.057923,0.500000,0.092857,0.103448,15,Micro bacia do Jardim Guanabara
3,I_3h,8,36.836190,-0.218421,8.791837,0.600000,0.131148,0.111111,0.057923,0.500000,0.092857,0.103448,15,Micro bacia do Jardim Guanabara
3,I_3h,9,29.554286,-0.166316,8.010340,0.600000,0.158470,0.093750,0.047336,0.500000,0.110714,0.088235,15,Micro bacia do Jardim Guanabara
3,I_3h,10,38.916735,-0.218421,8.791837,0.600000,0.163934,0.090909,0.045604,0.500000,0.114286,0.085714,15,Micro bacia do Jardim Guanabara
6,I_6h,1,15.354286,-0.531053,5.293333,0.600000,0.071770,0.166667,0.092823,0.500000,0.062284,0.142857,15,Micro bacia do Jardim Guanabara
6,I_6h,2,15.354286,-0.531053,5.293333,0.600000,0.091346,0.136364,0.074344,0.500000,0.073171,0.125000,15,Micro bacia do Jardim Guanabara
6,I_6h,3,22.377823,-0.374737,5.293333,0.600000,0.106280,0.120000,0.064348,0.500000,0.083916,0.111111,15,Micro bacia do Jardim Guanabara
6,I_6h,4,22.377823,-0.374737,5.293333,0.600000,0.115942,0.111111,0.058937,0.500000,0.091228,0.103448,15,Micro bacia do Jardim Guanabara
6,I_6h,5,22.377823,-0.374737,5.293333,0.600000,0.125604,0.103448,0.054273,0.500000,0.098246,0.096774,15,Micro bacia do Jardim Guanabara
6,I_6h,6,18.055646,-0.322632,5.293333,0.600000,0.126829,0.103448,0.054197,0.500000,0.099291,0.096774,15,Micro bacia do Jardim Guanabara
6,I_6h,7,12.112653,-0.218421,5.293333,0.600000,0.123153,0.107143,0.056369,0.500000,0.096429,0.100000,15,Micro bacia do Jardim Guanabara
6,I_6h,8,13.193197,-0.218421,5.293333,0.600000,0.123153,0.107143,0.056369,0.500000,0.096429,0.100000,15,Micro bacia do Jardim Guanabara
6,I_6h,9,7.790476,-0.166316,5.293333,0.600000,0.133005,0.100000,0.052020,0.500000,0.103571,0.093750,15,Micro bacia do Jardim Guanabara
6,I_6h,10,15.354286,-0.218421,5.293333,0.600000,0.137931,0.096774,0.050056,0.500000,0.107143,0.090909,15,Micro bacia do Jardim Guanabara
8,I_8h,1,11.110510,-0.531053,4.084898,0.600000,0.071429,0.157895,0.087970,0.500000,0.065744,0.136364,15,Micro bacia do Jardim Guanabara
8,I_8h,2,12.326122,-0.583158,4.170000,0.600000,0.089686,0.130435,0.071242,0.500000,0.076655,0.120000,15,Micro bacia do Jardim Guanabara
8,I_8h,3,15.567755,-0.374737,4.170000,0.600000,0.103604,0.115385,0.062058,0.500000,0.087413,0.107143,15,Micro bacia do Jardim Guanabara
8,I_8h,4,15.567755,-0.374737,4.170000,0.600000,0.113122,0.107143,0.057014,0.500000,0.094737,0.100000,15,Micro bacia do Jardim Guanabara
8,I_8h,5,15.567755,-0.374737,4.170000,0.600000,0.122172,0.100000,0.052670,0.500000,0.101754,0.093750,15,Micro bacia do Jardim Guanabara
8,I_8h,6,13.136531,-0.322632,4.170000,0.600000,0.118721,0.103448,0.054700,0.500000,0.099291,0.096774,15,Micro bacia do Jardim Guanabara
8,I_8h,7,6.653265,-0.166316,4.170000,0.600000,0.115207,0.107143,0.056880,0.500000,0.096429,0.100000,15,Micro bacia do Jardim Guanabara
8,I_8h,8,7.463673,-0.166316,4.170000,0.600000,0.115207,0.107143,0.056880,0.500000,0.096429,0.100000,15,Micro bacia do Jardim Guanabara
8,I_8h,9,5.437653,-0.166316,4.170000,0.600000,0.124424,0.100000,0.052535,0.500000,0.103571,0.093750,15,Micro bacia do Jardim Guanabara
8,I_8h,10,6.653265,-0.166316,4.170000,0.600000,0.129032,0.096774,0.050572,0.500000,0.107143,0.090909,15,Micro bacia do Jardim Guanabara
10,I_10h,1,9.119837,-0.531053,3.191837,0.600000,0.073913,0.150000,0.083348,0.500000,0.069204,0.130435,15,Micro bacia do Jardim Guanabara
10,I_10h,2,9.119837,-0.531053,3.191837,0.600000,0.091703,0.125000,0.068122,0.500000,0.080139,0.115385,15,Micro bacia do Jardim Guanabara
10,I_10h,3,12.114449,-0.374737,3.400000,0.600000,0.100877,0.115385,0.062247,0.500000,0.087413,0.107143,15,Micro bacia do Jardim Guanabara
10,I_10h,4,10.783510,-0.322632,3.191837,0.600000,0.114537,0.103448,0.054960,0.500000,0.098246,0.096774,15,Micro bacia do Jardim Guanabara
10,I_10h,5,10.783510,-0.322632,3.191837,0.600000,0.123348,0.096774,0.050902,0.500000,0.105263,0.090909,15,Micro bacia do Jardim Guanabara
10,I_10h,6,16.107265,-0.374737,3.400000,0.600000,0.116071,0.103448,0.054865,0.500000,0.099291,0.096774,15,Micro bacia do Jardim Guanabara
10,I_10h,7,6.457959,-0.166316,3.400000,0.600000,0.117117,0.103448,0.054800,0.500000,0.100000,0.096774,15,Micro bacia do Jardim Guanabara
10,I_10h,8,6.457959,-0.166316,3.400000,0.600000,0.117117,0.103448,0.054800,0.500000,0.100000,0.096774,15,Micro bacia do Jardim Guanabara
10,I_10h,9,2.797878,-0.114211,3.400000,0.600000,0.126126,0.096774,0.050741,0.500000,0.107143,0.090909,15,Micro bacia do Jardim Guanabara
10,I_10h,10,3.796082,-0.114211,3.261224,0.600000,0.135135,0.090909,0.047174,0.500000,0.114286,0.085714,15,Micro bacia do Jardim Guanabara
12,I_12h,1,9.391429,-0.687368,2.906327,0.600000,0.067227,0.157895,0.088368,0.500000,0.065744,0.136364,15,Micro bacia do Jardim Guanabara
12,I_12h,2,9.391429,-0.687368,2.906327,0.600000,0.084388,0.130435,0.071657,0.500000,0.076655,0.120000,15,Micro bacia do Jardim Guanabara
12,I_12h,3,12.373673,-0.426842,2.906327,0.600000,0.093220,0.120000,0.065288,0.500000,0.083916,0.111111,15,Micro bacia do Jardim Guanabara
12,I_12h,4,12.373673,-0.426842,2.906327,0.600000,0.102128,0.111111,0.059858,0.500000,0.091228,0.103448,15,Micro bacia do Jardim Guanabara
12,I_12h,5,12.373673,-0.426842,2.906327,0.600000,0.106383,0.107143,0.057447,0.500000,0.094737,0.100000,15,Micro bacia do Jardim Guanabara
12,I_12h,6,14.361837,-0.478947,3.030000,0.600000,0.107759,0.107143,0.057358,0.500000,0.095745,0.100000,15,Micro bacia do Jardim Guanabara
12,I_12h,7,14.361837,-0.270526,3.030000,0.600000,0.100000,0.115385,0.062308,0.500000,0.089286,0.107143,15,Micro bacia do Jardim Guanabara
12,I_12h,8,9.391429,-0.218421,2.906327,0.600000,0.104348,0.111111,0.059710,0.500000,0.092857,0.103448,15,Micro bacia do Jardim Guanabara
12,I_12h,9,13.036395,-0.270526,3.030000,0.600000,0.108696,0.107143,0.057298,0.500000,0.096429,0.100000,15,Micro bacia do Jardim Guanabara
12,I_12h,10,12.373673,-0.270526,3.030000,0.600000,0.117391,0.100000,0.052957,0.500000,0.103571,0.093750,15,Micro bacia do Jardim Guanabara
24,I_24h,1,7.957143,-0.843684,1.482517,0.600000,0.096154,0.130435,0.070736,0.500000,0.083032,0.115385,15,Micro bacia do Jardim Guanabara
24,I_24h,2,2.344898,-0.010000,1.755612,0.200000,0.009662,0.333333,0.066023,0.166667,0.014545,0.200000,15,Micro bacia do Jardim Guanabara
24,I_24h,3,2.625510,-0.010000,1.872653,0.200000,0.009709,0.333333,0.066019,0.166667,0.014599,0.200000,15,Micro bacia do Jardim Guanabara
24,I_24h,4,2.906122,-0.010000,1.794626,0.200000,0.009709,0.333333,0.066019,0.166667,0.014652,0.200000,15,Micro bacia do Jardim Guanabara
24,I_24h,5,2.906122,-0.010000,1.794626,0.200000,0.009709,0.333333,0.066019,0.166667,0.014652,0.200000,15,Micro bacia do Jardim Guanabara
24,I_24h,6,2.906122,-0.010000,1.794626,0.200000,0.009852,0.333333,0.066010,0.166667,0.014815,0.200000,15,Micro bacia do Jardim Guanabara
24,I_24h,7,2.906122,-0.010000,1.794626,0.200000,0.009950,0.333333,0.066003,0.166667,0.014925,0.200000,15,Micro bacia do Jardim Guanabara
24,I_24h,8,2.906122,-0.010000,1.794626,0.200000,0.009950,0.333333,0.066003,0.166667,0.014925,0.200000,15,Micro bacia do Jardim Guanabara
24,I_24h,9,2.906122,-0.010000,1.833639,0.200000,0.009950,0.333333,0.066003,0.166667,0.014925,0.200000,15,Micro bacia do Jardim Guanabara
24,I_24h,10,2.906122,-0.010000,1.833639,0.200000,0.009950,0.333333,0.066003,0.166667,0.014925,0.200000,15,Micro bacia do Jardim Guanabara
1/6,I_15min,1,13.593469,-0.010000,41.306122,0.500000,0.086835,0.031250,0.014268,0.333333,0.075157,0.027027,17,Ilha do Fundão
1/6,I_15min,2,13.593469,-0.010000,41.306122,0.500000,0.092958,0.029412,0.013339,0.333333,0.079665,0.025641,17,Ilha do Fundão
1/6,I_15min,3,13.593469,-0.010000,41.306122,0.500000,0.096591,0.028571,0.012906,0.333333,0.082452,0.025000,17,Ilha do Fundão
1/6,I_15min,4,13.593469,-0.010000,41.306122,0.500000,0.099715,0.027778,0.012504,0.333333,0.084926,0.024390,17,Ilha do Fundão
1/6,I_15min,5,6.984490,-0.010000,46.000000,0.500000,0.102564,0.027027,0.012128,0.333333,0.087049,0.023810,17,Ilha do Fundão
1/6,I_15min,6,6.984490,-0.010000,46.000000,0.500000,0.100287,0.027778,0.012496,0.333333,0.085470,0.024390,17,Ilha do Fundão
1/6,I_15min,7,6.984490,-0.010000,46.000000,0.500000,0.097701,0.028571,0.012890,0.333333,0.083691,0.025000,17,Ilha do Fundão
1/6,I_15min,8,23.506939,-0.895789,34.734694,1.000000,0.298851,0.018868,0.013229,0.666667,0.233906,0.018018,17,Ilha do Fundão
1/6,I_15min,9,6.984490,-0.010000,46.000000,0.500000,0.097701,0.028571,0.012890,0.333333,0.083691,0.025000,17,Ilha do Fundão
1/6,I_15min,10,10.288980,-0.010000,45.061224,0.500000,0.083333,0.033333,0.015278,0.333333,0.072961,0.028571,17,Ilha do Fundão
1/2,I_30min,1,15.085714,-0.010000,37.028571,0.500000,0.042857,0.062500,0.029911,0.333333,0.041754,0.047619,17,Ilha do Fundão
1/2,I_30min,2,15.085714,-0.010000,37.028571,0.500000,0.043103,0.062500,0.029903,0.333333,0.041929,0.047619,17,Ilha do Fundão
1/2,I_30min,3,15.085714,-0.010000,37.800000,0.500000,0.043478,0.062500,0.029891,0.333333,0.042283,0.047619,17,Ilha do Fundão
1/2,I_30min,4,15.085714,-0.010000,37.800000,0.500000,0.043478,0.062500,0.029891,0.333333,0.040340,0.050000,17,Ilha do Fundão
1/2,I_30min,5,15.085714,-0.010000,37.800000,0.500000,0.043478,0.062500,0.029891,0.333333,0.040340,0.050000,17,Ilha do Fundão
1/2,I_30min,6,15.085714,-0.010000,37.800000,0.500000,0.040816,0.066667,0.031973,0.333333,0.038462,0.052632,17,Ilha do Fundão
1/2,I_30min,7,15.085714,-0.010000,37.800000,0.500000,0.040936,0.066667,0.031969,0.333333,0.038627,0.052632,17,Ilha do Fundão
1/2,I_30min,8,15.085714,-0.010000,37.800000,0.500000,0.040936,0.066667,0.031969,0.333333,0.038627,0.052632,17,Ilha do Fundão
1/2,I_30min,9,15.085714,-0.010000,37.800000,0.500000,0.040936,0.066667,0.031969,0.333333,0.038627,0.052632,17,Ilha do Fundão
1/2,I_30min,10,21.508571,-0.010000,33.171429,0.500000,0.038012,0.071429,0.034357,0.333333,0.036481,0.055556,17,Ilha do Fundão
1,I_1h,1,13.462041,-0.010000,25.816327,0.500000,0.030030,0.090909,0.044090,0.333333,0.031315,0.062500,17,Ilha do Fundão
1,I_1h,2,13.462041,-0.010000,25.816327,0.500000,0.030211,0.090909,0.044081,0.333333,0.031447,0.062500,17,Ilha do Fundão
1,I_1h,3,13.462041,-0.010000,25.816327,0.500000,0.030488,0.090909,0.044069,0.333333,0.031712,0.062500,17,Ilha do Fundão
1,I_1h,4,13.462041,-0.010000,25.816327,0.500000,0.036585,0.076923,0.037054,0.333333,0.033970,0.058824,17,Ilha do Fundão
1,I_1h,5,13.462041,-0.010000,25.816327,0.500000,0.036585,0.076923,0.037054,0.333333,0.033970,0.058824,17,Ilha do Fundão
1,I_1h,6,13.462041,-0.010000,25.816327,0.500000,0.036697,0.076923,0.037050,0.333333,0.032051,0.062500,17,Ilha do Fundão
1,I_1h,7,13.462041,-0.010000,25.816327,0.500000,0.033742,0.083333,0.040261,0.333333,0.030043,0.066667,17,Ilha do Fundão
1,I_1h,8,13.462041,-0.010000,25.816327,0.500000,0.033742,0.083333,0.040261,0.333333,0.030043,0.066667,17,Ilha do Fundão
1,I_1h,9,13.462041,-0.010000,25.816327,0.500000,0.033742,0.083333,0.040261,0.333333,0.030043,0.066667,17,Ilha do Fundão
1,I_1h,10,13.462041,-0.010000,26.938776,0.500000,0.027607,0.100000,0.048620,0.333333,0.025751,0.076923,17,Ilha do Fundão
2,I_2h,1,4.999592,-0.010000,15.918367,0.500000,0.059859,0.055556,0.026115,0.333333,0.045929,0.043478,17,Ilha do Fundão
2,I_2h,2,4.999592,-0.010000,15.918367,0.500000,0.060284,0.055556,0.026103,0.333333,0.046122,0.043478,17,Ilha do Fundão
2,I_2h,3,4.999592,-0.010000,16.250000,0.500000,0.060932,0.055556,0.026085,0.333333,0.046512,0.043478,17,Ilha do Fundão
2,I_2h,4,4.999592,-0.010000,15.918367,0.500000,0.061151,0.055556,0.026079,0.333333,0.046709,0.043478,17,Ilha do Fundão
2,I_2h,5,4.999592,-0.010000,15.918367,0.500000,0.061151,0.055556,0.026079,0.333333,0.046709,0.043478,17,Ilha do Fundão
2,I_2h,6,4.999592,-0.010000,15.918367,0.500000,0.061372,0.055556,0.026073,0.333333,0.044872,0.045455,17,Ilha do Fundão
2,I_2h,7,4.999592,-0.010000,16.250000,0.500000,0.057971,0.058824,0.027707,0.333333,0.042918,0.047619,17,Ilha do Fundão
2,I_2h,8,4.999592,-0.010000,16.250000,0.500000,0.057971,0.058824,0.027707,0.333333,0.042918,0.047619,17,Ilha do Fundão
2,I_2h,9,4.999592,-0.010000,16.250000,0.500000,0.057971,0.058824,0.027707,0.333333,0.042918,0.047619,17,Ilha do Fundão
2,I_2h,10,6.306122,-0.010000,15.586735,0.500000,0.054348,0.062500,0.029552,0.333333,0.040773,0.050000,17,Ilha do Fundão
3,I_3h,1,4.204082,-0.010000,10.170068,0.500000,0.093750,0.040000,0.018125,0.333333,0.060543,0.033333,17,Ilha do Fundão
3,I_3h,2,4.204082,-0.010000,10.170068,0.500000,0.094488,0.040000,0.018110,0.333333,0.060797,0.033333,17,Ilha do Fundão
3,I_3h,3,3.333061,-0.010000,10.833333,0.500000,0.103586,0.037037,0.016600,0.333333,0.065539,0.031250,17,Ilha do Fundão
3,I_3h,4,3.333061,-0.010000,10.833333,0.500000,0.104000,0.037037,0.016593,0.333333,0.065817,0.031250,17,Ilha do Fundão
3,I_3h,5,3.333061,-0.010000,10.833333,0.500000,0.108000,0.035714,0.015929,0.333333,0.067941,0.030303,17,Ilha do Fundão
3,I_3h,6,3.333061,-0.010000,10.833333,0.500000,0.108434,0.035714,0.015921,0.333333,0.066239,0.031250,17,Ilha do Fundão
3,I_3h,7,3.333061,-0.010000,10.833333,0.500000,0.104839,0.037037,0.016577,0.333333,0.064378,0.032258,17,Ilha do Fundão
3,I_3h,8,3.333061,-0.010000,10.833333,0.500000,0.104839,0.037037,0.016577,0.333333,0.064378,0.032258,17,Ilha do Fundão
3,I_3h,9,3.333061,-0.010000,10.833333,0.500000,0.104839,0.037037,0.016577,0.333333,0.064378,0.032258,17,Ilha do Fundão
3,I_3h,10,5.075102,-0.010000,9.727891,0.500000,0.100806,0.038462,0.017292,0.333333,0.062232,0.033333,17,Ilha do Fundão
6,I_6h,1,1.679048,-0.010000,5.483333,0.500000,0.226415,0.027027,0.010454,0.333333,0.085595,0.023810,17,Ilha do Fundão
6,I_6h,2,1.679048,-0.010000,5.483333,0.500000,0.222930,0.027778,0.010793,0.333333,0.083857,0.024390,17,Ilha do Fundão
6,I_6h,3,1.679048,-0.010000,5.483333,0.500000,0.225806,0.027778,0.010753,0.333333,0.084567,0.024390,17,Ilha do Fundão
6,I_6h,4,1.679048,-0.010000,5.483333,0.500000,0.227273,0.027778,0.010732,0.333333,0.084926,0.024390,17,Ilha do Fundão
6,I_6h,5,1.679048,-0.010000,5.483333,0.500000,0.240260,0.026316,0.009997,0.333333,0.089172,0.023256,17,Ilha do Fundão
6,I_6h,6,1.679048,-0.010000,5.483333,0.500000,0.241830,0.026316,0.009976,0.333333,0.087607,0.023810,17,Ilha do Fundão
6,I_6h,7,1.679048,-0.010000,5.483333,0.500000,0.236842,0.027027,0.010313,0.333333,0.085837,0.024390,17,Ilha do Fundão
6,I_6h,8,1.679048,-0.010000,5.483333,0.500000,0.236842,0.027027,0.010313,0.333333,0.085837,0.024390,17,Ilha do Fundão
6,I_6h,9,1.679048,-0.010000,5.483333,0.500000,0.236842,0.027027,0.010313,0.333333,0.085837,0.024390,17,Ilha do Fundão
6,I_6h,10,2.114286,-0.010000,5.259524,0.500000,0.230263,0.027778,0.010691,0.333333,0.083691,0.025000,17,Ilha do Fundão
8,I_8h,1,3.560218,-0.166316,1.633453,1.000000,0.542857,0.025641,0.011722,0.666667,0.169102,0.024096,17,Ilha do Fundão
8,I_8h,2,5.190319,-0.062105,0.171942,1.000000,0.500000,0.028169,0.014085,0.666667,0.155136,0.026316,17,Ilha do Fundão
8,I_8h,3,4.538278,-0.062105,0.687770,1.000000,0.566176,0.025316,0.010983,0.666667,0.173362,0.023810,17,Ilha do Fundão
8,I_8h,4,1.278078,-0.010000,4.126618,0.500000,0.259259,0.027778,0.010288,0.333333,0.084926,0.024390,17,Ilha do Fundão
8,I_8h,5,1.278078,-0.010000,4.126618,0.500000,0.274074,0.026316,0.009552,0.333333,0.089172,0.023256,17,Ilha do Fundão
8,I_8h,6,1.278078,-0.010000,4.126618,0.500000,0.276119,0.026316,0.009525,0.333333,0.087607,0.023810,17,Ilha do Fundão
8,I_8h,7,1.278078,-0.010000,4.126618,0.500000,0.270677,0.027027,0.009856,0.333333,0.085837,0.024390,17,Ilha do Fundão
8,I_8h,8,1.278078,-0.010000,4.126618,0.500000,0.270677,0.027027,0.009856,0.333333,0.085837,0.024390,17,Ilha do Fundão
8,I_8h,9,1.278078,-0.010000,4.126618,0.500000,0.270677,0.027027,0.009856,0.333333,0.085837,0.024390,17,Ilha do Fundão
8,I_8h,10,10.732659,-0.166316,2.751079,1.000000,0.571429,0.025641,0.010989,0.666667,0.171674,0.024390,17,Ilha do Fundão
10,I_10h,1,3.117993,-0.166316,1.189346,1.000000,0.520548,0.025641,0.012294,0.666667,0.169102,0.024096,17,Ilha do Fundão
10,I_10h,2,3.899731,-0.062105,0.349808,1.000000,0.513889,0.026316,0.012792,0.666667,0.165618,0.024691,17,Ilha do Fundão
10,I_10h,3,3.639152,-0.062105,0.699615,1.000000,0.542254,0.025316,0.011589,0.666667,0.173362,0.023810,17,Ilha do Fundão
10,I_10h,4,2.857414,-0.062105,1.399230,1.000000,0.574468,0.024096,0.010254,0.666667,0.182590,0.022727,17,Ilha do Fundão
10,I_10h,5,2.596835,-0.062105,1.539153,1.000000,0.609929,0.022727,0.008865,0.666667,0.193206,0.021505,17,Ilha do Fundão
10,I_10h,6,0.772781,-0.010000,3.428115,0.500000,0.300000,0.023256,0.008140,0.333333,0.098291,0.021277,17,Ilha do Fundão
10,I_10h,7,0.772781,-0.010000,3.428115,0.500000,0.294964,0.023810,0.008393,0.333333,0.096567,0.021739,17,Ilha do Fundão
10,I_10h,8,0.772781,-0.010000,3.428115,0.500000,0.294964,0.023810,0.008393,0.333333,0.096567,0.021739,17,Ilha do Fundão
10,I_10h,9,1.033360,-0.010000,3.288191,0.500000,0.294964,0.023810,0.008393,0.333333,0.096567,0.021739,17,Ilha do Fundão
10,I_10h,10,8.850734,-0.218421,2.448653,1.000000,0.553957,0.025316,0.011292,0.666667,0.173820,0.024096,17,Ilha do Fundão
12,I_12h,1,3.032871,-0.114211,0.525018,1.000000,0.503226,0.025000,0.012419,0.666667,0.173278,0.023529,17,Ilha do Fundão
12,I_12h,2,2.381444,-0.114211,1.225041,1.000000,0.516340,0.024691,0.011942,0.666667,0.176101,0.023256,17,Ilha do Fundão
12,I_12h,3,3.032871,-0.062105,0.525018,1.000000,0.543046,0.023810,0.010880,0.666667,0.183932,0.022472,17,Ilha do Fundão
12,I_12h,4,2.381444,-0.062105,1.166706,1.000000,0.560000,0.023256,0.010233,0.666667,0.188960,0.021978,17,Ilha do Fundão
12,I_12h,5,2.381444,-0.062105,1.166706,1.000000,0.593333,0.021978,0.008938,0.666667,0.199575,0.020833,17,Ilha do Fundão
12,I_12h,6,1.730016,-0.114211,1.808394,1.000000,0.624161,0.021053,0.007912,0.666667,0.207265,0.020202,17,Ilha do Fundão
12,I_12h,7,0.644304,-0.010000,2.858429,0.500000,0.297297,0.022222,0.007808,0.333333,0.103004,0.020408,17,Ilha do Fundão
12,I_12h,8,0.644304,-0.010000,2.858429,0.500000,0.297297,0.022222,0.007808,0.333333,0.103004,0.020408,17,Ilha do Fundão
12,I_12h,9,1.947159,-0.114211,1.925065,1.000000,0.628378,0.021053,0.007824,0.666667,0.208155,0.020202,17,Ilha do Fundão
12,I_12h,10,8.461433,-0.218421,2.041735,1.000000,0.533784,0.024691,0.011512,0.666667,0.178112,0.023529,17,Ilha do Fundão
24,I_24h,1,0.647866,-0.843684,1.020868,1.000000,0.556886,0.021053,0.009329,0.666667,0.213508,0.020000,17,Ilha do Fundão
24,I_24h,2,1.733578,-0.062105,0.058335,1.000000,0.533333,0.022222,0.010370,0.666667,0.203501,0.021053,17,Ilha do Fundão
24,I_24h,3,0.973579,-0.114211,0.787526,1.000000,0.576687,0.020833,0.008819,0.666667,0.218543,0.019802,17,Ilha do Fundão
24,I_24h,4,0.756437,-0.218421,1.020868,1.000000,0.570552,0.021053,0.009041,0.666667,0.216814,0.020000,17,Ilha do Fundão
24,I_24h,5,0.865008,-0.114211,0.904197,1.000000,0.619632,0.019417,0.007386,0.666667,0.234513,0.018519,17,Ilha do Fundão
24,I_24h,6,0.430723,-0.010000,1.341712,0.500000,0.302469,0.020000,0.006975,0.333333,0.118040,0.018519,17,Ilha do Fundão
24,I_24h,7,0.430723,-0.010000,1.341712,0.500000,0.300000,0.020408,0.007143,0.333333,0.116331,0.018868,17,Ilha do Fundão
24,I_24h,8,0.322152,-0.010000,1.429215,0.500000,0.306250,0.020000,0.006938,0.333333,0.118568,0.018519,17,Ilha do Fundão
24,I_24h,9,0.973579,-0.114211,0.962532,1.000000,0.612500,0.020000,0.007750,0.666667,0.228188,0.019231,17,Ilha do Fundão
24,I_24h,10,3.687860,-0.218421,1.020868,1.000000,0.531250,0.022989,0.010776,0.666667,0.199105,0.021978,17,Ilha do Fundão
1/6,I_15min,1,55.083214,-0.010000,29.643941,0.055556,0.000000,1.000000,0.055556,0.052632,0.011442,0.166667,18,Sub bacia Secundária do Rio da Prata do Mendanha
1/6,I_15min,2,25.904205,-0.895789,23.594157,0.555556,0.271084,0.100000,0.040495,0.526316,0.218391,0.095238,18,Sub bacia Secundária do Rio da Prata do Mendanha
1/6,I_15min,3,34.241065,-1.000000,23.594157,0.555556,0.278788,0.098039,0.039282,0.526316,0.224537,0.093458,18,Sub bacia Secundária do Rio da Prata do Mendanha
1/6,I_15min,4,46.746355,-1.000000,18.754330,0.666667,0.393939,0.084507,0.034144,0.631579,0.312500,0.081633,18,Sub bacia Secundária do Rio da Prata do Mendanha
1/6,I_15min,5,46.746355,-1.000000,18.754330,0.666667,0.433333,0.077419,0.029247,0.631579,0.342593,0.075000,18,Sub bacia Secundária do Rio da Prata do Mendanha
1/6,I_15min,6,196.809831,-0.166316,29.643941,0.277778,0.095092,0.138889,0.034912,0.263158,0.084112,0.121951,18,Sub bacia Secundária do Rio da Prata do Mendanha
1/6,I_15min,7,159.293962,-0.114211,29.643941,0.277778,0.092593,0.142857,0.036008,0.263158,0.082160,0.125000,18,Sub bacia Secundária do Rio da Prata do Mendanha
1/6,I_15min,8,105.104373,-0.062105,28.433985,0.222222,0.064815,0.160000,0.033251,0.210526,0.061033,0.133333,18,Sub bacia Secundária do Rio da Prata do Mendanha
1/6,I_15min,9,205.146691,-0.062105,27.224028,0.222222,0.049536,0.200000,0.042243,0.210526,0.049412,0.160000,18,Sub bacia Secundária do Rio da Prata do Mendanha
1/6,I_15min,10,205.146691,-0.062105,27.224028,0.222222,0.052632,0.190476,0.040100,0.210526,0.051765,0.153846,18,Sub bacia Secundária do Rio da Prata do Mendanha
1/2,I_30min,1,45.555279,-0.010000,20.137900,0.055556,0.000000,1.000000,0.055556,0.052632,0.011442,0.166667,18,Sub bacia Secundária do Rio da Prata do Mendanha
1/2,I_30min,2,49.006700,-0.010000,21.510938,0.055556,0.000000,1.000000,0.055556,0.052632,0.011494,0.166667,18,Sub bacia Secundária do Rio da Prata do Mendanha
1/2,I_30min,3,28.298177,-1.000000,8.695911,0.888889,0.553571,0.079208,0.031432,0.842105,0.442130,0.077295,18,Sub bacia Secundária do Rio da Prata do Mendanha
1/2,I_30min,4,38.652438,-0.687368,21.968618,0.388889,0.208333,0.090909,0.027988,0.368421,0.173611,0.085366,18,Sub bacia Secundária do Rio da Prata do Mendanha
1/2,I_30min,5,97.326587,-0.062105,22.426297,0.166667,0.038690,0.187500,0.030041,0.157895,0.041667,0.142857,18,Sub bacia Secundária do Rio da Prata do Mendanha
1/2,I_30min,6,156.000736,-0.062105,22.426297,0.166667,0.033133,0.214286,0.034531,0.157895,0.037383,0.157895,18,Sub bacia Secundária do Rio da Prata do Mendanha
1/2,I_30min,7,59.360961,-0.062105,21.510938,0.277778,0.078788,0.161290,0.041273,0.263158,0.072770,0.138889,18,Sub bacia Secundária do Rio da Prata do Mendanha
1/2,I_30min,8,152.549315,-0.114211,19.680220,0.333333,0.118182,0.133333,0.039192,0.315789,0.103286,0.120000,18,Sub bacia Secundária do Rio da Prata do Mendanha
1/2,I_30min,9,97.326587,-0.062105,11.441988,0.388889,0.148936,0.125000,0.041371,0.368421,0.127059,0.114754,18,Sub bacia Secundária do Rio da Prata do Mendanha
1/2,I_30min,10,97.326587,-0.062105,11.441988,0.388889,0.151976,0.122807,0.040500,0.368421,0.129412,0.112903,18,Sub bacia Secundária do Rio da Prata do Mendanha
1,I_1h,1,39.814630,-1.000000,0.935226,0.705882,0.430341,0.079470,0.031956,0.684211,0.329519,0.082803,18,Sub bacia Secundária do Rio da Prata do Mendanha
1,I_1h,2,9.292146,-0.791579,7.170064,0.882353,0.551402,0.078125,0.030924,0.842105,0.418391,0.080808,18,Sub bacia Secundária do Rio da Prata do Mendanha
1,I_1h,3,33.274098,-1.000000,12.781418,0.470588,0.250784,0.090909,0.032052,0.473684,0.196759,0.095745,18,Sub bacia Secundária do Rio da Prata do Mendanha
1,I_1h,4,35.454275,-0.010000,14.340127,0.058824,0.000000,1.000000,0.058824,0.105263,0.011574,0.285714,18,Sub bacia Secundária do Rio da Prata do Mendanha
1,I_1h,5,35.454275,-0.010000,14.963611,0.058824,0.000000,1.000000,0.058824,0.105263,0.011574,0.285714,18,Sub bacia Secundária do Rio da Prata do Mendanha
1,I_1h,6,31.093920,-0.062105,14.651869,0.235294,0.079365,0.137931,0.029879,0.263158,0.070093,0.142857,18,Sub bacia Secundária do Rio da Prata do Mendanha
1,I_1h,7,22.373211,-0.010000,12.469676,0.176471,0.031949,0.230769,0.039423,0.210526,0.035211,0.210526,18,Sub bacia Secundária do Rio da Prata do Mendanha
1,I_1h,8,20.193033,-0.010000,14.340127,0.176471,0.031949,0.230769,0.039423,0.210526,0.035211,0.210526,18,Sub bacia Secundária do Rio da Prata do Mendanha
1,I_1h,9,24.553388,-0.010000,11.846192,0.176471,0.032051,0.230769,0.039419,0.210526,0.035294,0.210526,18,Sub bacia Secundária do Rio da Prata do Mendanha
1,I_1h,10,83.418177,-0.114211,11.222708,0.411765,0.176282,0.112903,0.038294,0.421053,0.141176,0.117647,18,Sub bacia Secundária do Rio da Prata do Mendanha
2,I_2h,1,6.802890,-0.947895,5.934531,0.647059,0.388013,0.082090,0.032507,0.631579,0.292906,0.085714,18,Sub bacia Secundária do Rio da Prata do Mendanha
2,I_2h,2,22.138485,-1.000000,0.765746,0.882353,0.552381,0.079365,0.031346,0.842105,0.411494,0.082051,18,Sub bacia Secundária do Rio da Prata do Mendanha
2,I_2h,3,5.524923,-1.000000,7.848896,0.529412,0.332268,0.079646,0.028155,0.526316,0.252315,0.084034,18,Sub bacia Secundária do Rio da Prata do Mendanha
2,I_2h,4,18.304586,-0.010000,8.614642,0.058824,0.000000,1.000000,0.058824,0.105263,0.011574,0.285714,18,Sub bacia Secundária do Rio da Prata do Mendanha
2,I_2h,5,18.304586,-0.010000,8.614642,0.058824,0.000000,1.000000,0.058824,0.105263,0.011574,0.285714,18,Sub bacia Secundária do Rio da Prata do Mendanha
2,I_2h,6,19.582553,-0.010000,9.188952,0.058824,0.000000,1.000000,0.058824,0.105263,0.011682,0.285714,18,Sub bacia Secundária do Rio da Prata do Mendanha
2,I_2h,7,19.582553,-0.010000,9.188952,0.058824,0.000000,1.000000,0.058824,0.105263,0.011737,0.285714,18,Sub bacia Secundária do Rio da Prata do Mendanha
2,I_2h,8,19.582553,-0.010000,9.188952,0.058824,0.000000,1.000000,0.058824,0.105263,0.011737,0.285714,18,Sub bacia Secundária do Rio da Prata do Mendanha
2,I_2h,9,19.582553,-0.010000,9.188952,0.058824,0.000000,1.000000,0.058824,0.105263,0.011765,0.285714,18,Sub bacia Secundária do Rio da Prata do Mendanha
2,I_2h,10,19.582553,-0.010000,9.188952,0.058824,0.000000,1.000000,0.058824,0.105263,0.011765,0.285714,18,Sub bacia Secundária do Rio da Prata do Mendanha
3,I_3h,1,10.328308,-1.000000,3.705535,0.647059,0.376506,0.080882,0.032631,0.631579,0.297483,0.084507,18,Sub bacia Secundária do Rio da Prata do Mendanha
3,I_3h,2,18.127717,-1.000000,0.148221,0.882353,0.545455,0.076923,0.030852,0.842105,0.425287,0.079602,18,Sub bacia Secundária do Rio da Prata do Mendanha
3,I_3h,3,3.643101,-0.010000,5.335971,0.411765,0.210366,0.092105,0.029947,0.421053,0.171296,0.097561,18,Sub bacia Secundária do Rio da Prata do Mendanha
3,I_3h,4,19.241918,-0.010000,7.114627,0.058824,0.000000,1.000000,0.058824,0.105263,0.011574,0.285714,18,Sub bacia Secundária do Rio da Prata do Mendanha
3,I_3h,5,20.356119,-0.010000,6.966406,0.058824,0.000000,1.000000,0.058824,0.105263,0.011574,0.285714,18,Sub bacia Secundária do Rio da Prata do Mendanha
3,I_3h,6,24.812924,-0.114211,7.114627,0.294118,0.095679,0.138889,0.036941,0.315789,0.084112,0.142857,18,Sub bacia Secundária do Rio da Prata do Mendanha
3,I_3h,7,52.667955,-0.114211,7.114627,0.294118,0.083851,0.156250,0.042102,0.315789,0.075117,0.157895,18,Sub bacia Secundária do Rio da Prata do Mendanha
3,I_3h,8,53.782156,-0.114211,7.262849,0.294118,0.096273,0.138889,0.036917,0.315789,0.084507,0.142857,18,Sub bacia Secundária do Rio da Prata do Mendanha
3,I_3h,9,41.525942,-0.062105,6.818185,0.235294,0.056075,0.181818,0.040382,0.263158,0.054118,0.178571,18,Sub bacia Secundária do Rio da Prata do Mendanha
3,I_3h,10,44.868546,-0.114211,7.262849,0.352941,0.109034,0.146341,0.046018,0.368421,0.094118,0.148936,18,Sub bacia Secundária do Rio da Prata do Mendanha
6,I_6h,1,1.393341,-0.791579,2.546888,0.823529,0.481481,0.082353,0.035166,0.789474,0.368421,0.085227,18,Sub bacia Secundária do Rio da Prata do Mendanha
6,I_6h,2,2.603398,-1.000000,2.546888,0.823529,0.464396,0.085366,0.037654,0.789474,0.354023,0.088757,18,Sub bacia Secundária do Rio da Prata do Mendanha
6,I_6h,3,2.603398,-1.000000,2.546888,0.823529,0.482866,0.082840,0.035280,0.789474,0.368056,0.086207,18,Sub bacia Secundária do Rio da Prata do Mendanha
6,I_6h,4,8.653679,-0.010000,4.275134,0.058824,0.000000,1.000000,0.058824,0.105263,0.009259,0.333333,18,Sub bacia Secundária do Rio da Prata do Mendanha
6,I_6h,5,8.653679,-0.010000,4.366094,0.058824,0.000000,1.000000,0.058824,0.105263,0.009259,0.333333,18,Sub bacia Secundária do Rio da Prata do Mendanha
6,I_6h,6,9.258707,-0.010000,4.275134,0.058824,0.000000,1.000000,0.058824,0.105263,0.009346,0.333333,18,Sub bacia Secundária do Rio da Prata do Mendanha
6,I_6h,7,9.863735,-0.010000,4.275134,0.058824,0.000000,1.000000,0.058824,0.105263,0.009390,0.333333,18,Sub bacia Secundária do Rio da Prata do Mendanha
6,I_6h,8,11.073792,-0.010000,3.729372,0.058824,0.000000,1.000000,0.058824,0.105263,0.009390,0.333333,18,Sub bacia Secundária do Rio da Prata do Mendanha
6,I_6h,9,16.519045,-0.114211,3.638412,0.411765,0.143312,0.134615,0.047486,0.421053,0.115294,0.140351,18,Sub bacia Secundária do Rio da Prata do Mendanha
6,I_6h,10,28.014580,-0.114211,3.456491,0.411765,0.130573,0.145833,0.052208,0.421053,0.105882,0.150943,18,Sub bacia Secundária do Rio da Prata do Mendanha
8,I_8h,1,1.051664,-0.322632,2.543835,0.647059,0.340491,0.090164,0.038477,0.631579,0.265446,0.093750,18,Sub bacia Secundária do Rio da Prata do Mendanha
8,I_8h,2,1.505293,-0.791579,2.543835,0.705882,0.350769,0.095238,0.043646,0.684211,0.271264,0.099237,18,Sub bacia Secundária do Rio da Prata do Mendanha
8,I_8h,3,1.505293,-0.791579,2.543835,0.705882,0.362229,0.093023,0.041878,0.684211,0.280093,0.097015,18,Sub bacia Secundária do Rio da Prata do Mendanha
8,I_8h,4,10.577882,-0.895789,2.543835,0.588235,0.297214,0.094340,0.039000,0.578947,0.231481,0.099099,18,Sub bacia Secundária do Rio da Prata do Mendanha
8,I_8h,5,1.505293,-0.739474,2.543835,0.705882,0.390093,0.086957,0.037437,0.684211,0.300926,0.090909,18,Sub bacia Secundária do Rio da Prata do Mendanha
8,I_8h,6,0.144405,-0.687368,2.979921,0.647059,0.347962,0.090164,0.038041,0.631579,0.268692,0.094488,18,Sub bacia Secundária do Rio da Prata do Mendanha
8,I_8h,7,1.505293,-1.000000,2.979921,0.647059,0.318612,0.098214,0.043302,0.631579,0.246479,0.102564,18,Sub bacia Secundária do Rio da Prata do Mendanha
8,I_8h,8,1.505293,-1.000000,2.979921,0.647059,0.324921,0.096491,0.042149,0.631579,0.251174,0.100840,18,Sub bacia Secundária do Rio da Prata do Mendanha
8,I_8h,9,2.866182,-0.947895,2.979921,0.647059,0.316456,0.099099,0.043831,0.631579,0.244706,0.103448,18,Sub bacia Secundária do Rio da Prata do Mendanha
8,I_8h,10,2.866182,-0.947895,2.979921,0.647059,0.322785,0.097345,0.042656,0.631579,0.249412,0.101695,18,Sub bacia Secundária do Rio da Prata do Mendanha
10,I_10h,1,0.845319,-1.000000,2.366759,0.647059,0.329193,0.094017,0.040808,0.631579,0.254005,0.097561,18,Sub bacia Secundária do Rio da Prata do Mendanha
10,I_10h,2,0.845319,-0.947895,2.366759,0.705882,0.345794,0.097561,0.045053,0.684211,0.264368,0.101562,18,Sub bacia Secundária do Rio da Prata do Mendanha
10,I_10h,3,0.845319,-0.947895,2.366759,0.705882,0.355346,0.096000,0.043685,0.684211,0.270833,0.100000,18,Sub bacia Secundária do Rio da Prata do Mendanha
10,I_10h,4,5.199144,-0.687368,2.366759,0.588235,0.257862,0.108696,0.047451,0.578947,0.199074,0.113402,18,Sub bacia Secundária do Rio da Prata do Mendanha
10,I_10h,5,5.199144,-0.687368,2.366759,0.588235,0.279874,0.101010,0.042788,0.578947,0.215278,0.105769,18,Sub bacia Secundária do Rio da Prata do Mendanha
10,I_10h,6,0.845319,-1.000000,2.366759,0.705882,0.369427,0.093750,0.041729,0.684211,0.280374,0.097744,18,Sub bacia Secundária do Rio da Prata do Mendanha
10,I_10h,7,2.296594,-1.000000,2.366759,0.705882,0.336538,0.102564,0.048033,0.684211,0.255869,0.106557,18,Sub bacia Secundária do Rio da Prata do Mendanha
10,I_10h,8,2.296594,-0.895789,2.366759,0.705882,0.339744,0.101695,0.047396,0.684211,0.258216,0.105691,18,Sub bacia Secundária do Rio da Prata do Mendanha
10,I_10h,9,3.385050,-1.000000,2.366759,0.705882,0.337621,0.102564,0.047955,0.684211,0.256471,0.106557,18,Sub bacia Secundária do Rio da Prata do Mendanha
10,I_10h,10,7.013237,-0.947895,2.366759,0.705882,0.337621,0.102564,0.047955,0.684211,0.256471,0.106557,18,Sub bacia Secundária do Rio da Prata do Mendanha
12,I_12h,1,3.429046,-0.531053,1.754387,0.529412,0.241270,0.105882,0.042531,0.526316,0.185355,0.109890,18,Sub bacia Secundária do Rio da Prata do Mendanha
12,I_12h,2,0.406471,-0.166316,1.754387,0.764706,0.401274,0.093525,0.042820,0.736842,0.298851,0.097222,18,Sub bacia Secundária do Rio da Prata do Mendanha
12,I_12h,3,0.708728,-0.843684,1.960785,0.705882,0.371795,0.093750,0.041572,0.684211,0.277778,0.097744,18,Sub bacia Secundária do Rio da Prata do Mendanha
12,I_12h,4,4.335819,-0.791579,2.270383,0.529412,0.227564,0.112500,0.046005,0.526316,0.173611,0.117647,18,Sub bacia Secundária do Rio da Prata do Mendanha
12,I_12h,5,4.335819,-0.791579,2.270383,0.529412,0.240385,0.107143,0.043087,0.526316,0.182870,0.112360,18,Sub bacia Secundária do Rio da Prata do Mendanha
12,I_12h,6,4.033561,-0.739474,2.270383,0.529412,0.256494,0.102273,0.040257,0.526316,0.193925,0.107527,18,Sub bacia Secundária do Rio da Prata do Mendanha
12,I_12h,7,1.917759,-1.000000,1.960785,0.705882,0.349673,0.100840,0.046291,0.684211,0.260563,0.104839,18,Sub bacia Secundária do Rio da Prata do Mendanha
12,I_12h,8,1.917759,-0.895789,1.960785,0.705882,0.352941,0.100000,0.045675,0.684211,0.262911,0.104000,18,Sub bacia Secundária do Rio da Prata do Mendanha
12,I_12h,9,2.824531,-1.000000,1.960785,0.705882,0.350820,0.100840,0.046210,0.684211,0.261176,0.104839,18,Sub bacia Secundária do Rio da Prata do Mendanha
12,I_12h,10,6.753879,-0.947895,1.960785,0.705882,0.350820,0.100840,0.046210,0.684211,0.261176,0.104839,18,Sub bacia Secundária do Rio da Prata do Mendanha
24,I_24h,1,5.655600,-0.739474,1.303874,0.375000,0.141818,0.133333,0.042909,0.388889,0.105516,0.137255,18,Sub bacia Secundária do Rio da Prata do Mendanha
24,I_24h,2,0.250151,-1.000000,1.332849,0.562500,0.285714,0.103448,0.041564,0.555556,0.200000,0.107527,18,Sub bacia Secundária do Rio da Prata do Mendanha
24,I_24h,3,1.301211,-1.000000,1.332849,0.500000,0.232472,0.112676,0.043241,0.500000,0.165049,0.116883,18,Sub bacia Secundária do Rio da Prata do Mendanha
24,I_24h,4,2.202119,-0.947895,1.158999,0.562500,0.273063,0.108434,0.044339,0.555556,0.191748,0.112360,18,Sub bacia Secundária do Rio da Prata do Mendanha
24,I_24h,5,0.400303,-1.000000,1.158999,0.687500,0.376384,0.097345,0.041735,0.666667,0.259709,0.100840,18,Sub bacia Secundária do Rio da Prata do Mendanha
24,I_24h,6,0.400303,-1.000000,1.158999,0.687500,0.374532,0.099099,0.042614,0.666667,0.257353,0.102564,18,Sub bacia Secundária do Rio da Prata do Mendanha
24,I_24h,7,0.700605,-0.791579,1.158999,0.687500,0.343396,0.107843,0.048682,0.666667,0.236453,0.111111,18,Sub bacia Secundária do Rio da Prata do Mendanha
24,I_24h,8,0.700605,-1.000000,1.158999,0.687500,0.350943,0.105769,0.047197,0.666667,0.241379,0.109091,18,Sub bacia Secundária do Rio da Prata do Mendanha
24,I_24h,9,1.301211,-0.791579,1.158999,0.687500,0.343396,0.107843,0.048682,0.666667,0.236453,0.111111,18,Sub bacia Secundária do Rio da Prata do Mendanha
24,I_24h,10,2.652573,-0.895789,1.158999,0.687500,0.347170,0.106796,0.047932,0.666667,0.238916,0.110092,18,Sub bacia Secundária do Rio da Prata do Mendanha
1/6,I_15min,1,27.098126,-0.114211,15.943757,0.571429,0.209354,0.145455,0.065716,0.533333,0.206681,0.139130,19,Sub bacia Secundária do Rio Campinho
1/6,I_15min,2,27.098126,-0.114211,16.014618,0.592593,0.236607,0.131148,0.059329,0.551724,0.232218,0.125984,19,Sub bacia Secundária do Rio Campinho
1/6,I_15min,3,27.098126,-0.114211,16.014618,0.666667,0.257271,0.135338,0.067013,0.620690,0.252101,0.130435,19,Sub bacia Secundária do Rio Campinho
1/6,I_15min,4,27.098126,-0.114211,16.014618,0.666667,0.281879,0.125000,0.059843,0.620690,0.275210,0.120805,19,Sub bacia Secundária do Rio Campinho
1/6,I_15min,5,159.815553,-0.374737,17.349170,0.629630,0.263982,0.125926,0.058356,0.586207,0.258403,0.121429,19,Sub bacia Secundária do Rio Campinho
1/6,I_15min,6,133.272068,-0.322632,17.349170,0.629630,0.277652,0.121429,0.055227,0.586207,0.271186,0.117241,19,Sub bacia Secundária do Rio Campinho
1/6,I_15min,7,181.050342,-0.322632,16.681894,0.629630,0.283447,0.119718,0.054012,0.586207,0.276596,0.115646,19,Sub bacia Secundária do Rio Campinho
1/6,I_15min,8,27.098126,-0.114211,18.683721,0.629630,0.306122,0.111842,0.048862,0.586207,0.298507,0.108280,19,Sub bacia Secundária do Rio Campinho
1/6,I_15min,9,127.963371,-0.322632,17.349170,0.703704,0.338636,0.113095,0.052635,0.655172,0.329060,0.109827,19,Sub bacia Secundária do Rio Campinho
1/6,I_15min,10,27.098126,-0.114211,19.350997,0.666667,0.313636,0.115385,0.052797,0.620690,0.305556,0.111801,19,Sub bacia Secundária do Rio Campinho
1/2,I_30min,1,33.473937,-0.114211,14.629627,0.444444,0.120000,0.181818,0.071111,0.433333,0.123173,0.180556,19,Sub bacia Secundária do Rio Campinho
1/2,I_30min,2,7.023643,-0.270526,18.603972,0.615385,0.251670,0.124031,0.057118,0.586207,0.246862,0.125926,19,Sub bacia Secundária do Rio Campinho
1/2,I_30min,3,20.116288,-0.322632,18.603972,0.538462,0.187500,0.142857,0.062500,0.517241,0.186975,0.144231,19,Sub bacia Secundária do Rio Campinho
1/2,I_30min,4,20.116288,-0.322632,18.603972,0.538462,0.203125,0.133333,0.057212,0.517241,0.201681,0.135135,19,Sub bacia Secundária do Rio Campinho
1/2,I_30min,5,56.121063,-0.114211,17.624816,0.423077,0.131696,0.157143,0.057728,0.413793,0.134454,0.157895,19,Sub bacia Secundária do Rio Campinho
1/2,I_30min,6,16.843127,-0.062105,17.135238,0.500000,0.186937,0.135417,0.055051,0.482759,0.186441,0.137255,19,Sub bacia Secundária do Rio Campinho
1/2,I_30min,7,10.296804,-0.166316,18.603972,0.615385,0.251131,0.125984,0.058059,0.586207,0.246809,0.127820,19,Sub bacia Secundária do Rio Campinho
1/2,I_30min,8,10.296804,-0.166316,18.603972,0.615385,0.257919,0.123077,0.056205,0.586207,0.253731,0.125000,19,Sub bacia Secundária do Rio Campinho
1/2,I_30min,9,10.296804,-0.062105,18.603972,0.576923,0.233560,0.127119,0.056209,0.551724,0.230769,0.129032,19,Sub bacia Secundária do Rio Campinho
1/2,I_30min,10,10.296804,-0.062105,18.603972,0.576923,0.235828,0.126050,0.055572,0.551724,0.232906,0.128000,19,Sub bacia Secundária do Rio Campinho
1,I_1h,1,19.336003,-0.166316,12.062803,0.461538,0.126147,0.179104,0.072236,0.466667,0.125261,0.189189,19,Sub bacia Secundária do Rio Campinho
1,I_1h,2,17.232731,-0.270526,14.073270,0.423077,0.124138,0.169231,0.062710,0.413793,0.123431,0.169014,19,Sub bacia Secundária do Rio Campinho
1,I_1h,3,17.232731,-0.635263,13.068037,0.576923,0.200461,0.147059,0.067834,0.551724,0.193277,0.148148,19,Sub bacia Secundária do Rio Campinho
1,I_1h,4,19.336003,-0.270526,14.408348,0.461538,0.147465,0.157895,0.062128,0.448276,0.144958,0.158537,19,Sub bacia Secundária do Rio Campinho
1,I_1h,5,19.336003,-0.062105,11.392647,0.461538,0.145161,0.160000,0.063127,0.448276,0.142857,0.160494,19,Sub bacia Secundária do Rio Campinho
1,I_1h,6,21.439274,-0.062105,12.732959,0.423077,0.127907,0.166667,0.061494,0.413793,0.127119,0.166667,19,Sub bacia Secundária do Rio Campinho
1,I_1h,7,21.439274,-0.062105,12.732959,0.423077,0.135514,0.159420,0.058307,0.413793,0.134043,0.160000,19,Sub bacia Secundária do Rio Campinho
1,I_1h,8,6.716374,-0.635263,12.732959,0.692308,0.317757,0.116883,0.055206,0.655172,0.300640,0.118750,19,Sub bacia Secundária do Rio Campinho
1,I_1h,9,21.439274,-0.478947,12.732959,0.653846,0.281030,0.124088,0.058333,0.620690,0.267094,0.125874,19,Sub bacia Secundária do Rio Campinho
1,I_1h,10,21.439274,-0.478947,12.732959,0.653846,0.281030,0.124088,0.058333,0.620690,0.267094,0.125874,19,Sub bacia Secundária do Rio Campinho
2,I_2h,1,12.914467,-0.062105,7.339785,0.346154,0.086247,0.195652,0.061885,0.366667,0.087683,0.207547,19,Sub bacia Secundária do Rio Campinho
2,I_2h,2,1.903058,-0.531053,8.419165,0.653846,0.287383,0.121429,0.056579,0.620690,0.267782,0.123288,19,Sub bacia Secundária do Rio Campinho
2,I_2h,3,3.476117,-0.791579,8.419165,0.653846,0.266979,0.129771,0.062197,0.620690,0.250000,0.131387,19,Sub bacia Secundária do Rio Campinho
2,I_2h,4,9.768350,-0.166316,8.635041,0.461538,0.152225,0.155844,0.060979,0.448276,0.147059,0.156627,19,Sub bacia Secundária do Rio Campinho
2,I_2h,5,30.218109,-0.218421,8.635041,0.461538,0.135831,0.171429,0.068374,0.448276,0.132353,0.171053,19,Sub bacia Secundária do Rio Campinho
2,I_2h,6,9.768350,-0.062105,8.419165,0.461538,0.139480,0.169014,0.067126,0.448276,0.135593,0.168831,19,Sub bacia Secundária do Rio Campinho
2,I_2h,7,11.341409,-0.062105,8.419165,0.461538,0.135392,0.173913,0.069400,0.448276,0.131915,0.173333,19,Sub bacia Secundária do Rio Campinho
2,I_2h,8,19.206700,-0.062105,8.203289,0.423077,0.118765,0.180328,0.067232,0.413793,0.117271,0.179104,19,Sub bacia Secundária do Rio Campinho
2,I_2h,9,11.341409,-0.062105,7.987413,0.500000,0.164286,0.158537,0.066246,0.482759,0.158120,0.159091,19,Sub bacia Secundária do Rio Campinho
2,I_2h,10,11.341409,-0.062105,8.419165,0.500000,0.147619,0.173333,0.073873,0.482759,0.143162,0.172840,19,Sub bacia Secundária do Rio Campinho
3,I_3h,1,6.920064,-0.062105,5.790037,0.384615,0.102326,0.185185,0.063937,0.400000,0.102296,0.196721,19,Sub bacia Secundária do Rio Campinho
3,I_3h,2,6.920064,-0.062105,5.790037,0.384615,0.107226,0.178571,0.061317,0.379310,0.106695,0.177419,19,Sub bacia Secundária do Rio Campinho
3,I_3h,3,4.691264,-0.635263,5.955466,0.615385,0.254673,0.128000,0.058709,0.586207,0.239496,0.129771,19,Sub bacia Secundária do Rio Campinho
3,I_3h,4,6.920064,-0.062105,6.120896,0.423077,0.121495,0.174603,0.064896,0.413793,0.119748,0.173913,19,Sub bacia Secundária do Rio Campinho
3,I_3h,5,9.148864,-0.062105,6.120896,0.423077,0.126168,0.169231,0.062564,0.413793,0.123950,0.169014,19,Sub bacia Secundária do Rio Campinho
3,I_3h,6,18.064065,-0.114211,6.120896,0.423077,0.125000,0.171875,0.063627,0.413793,0.122881,0.171429,19,Sub bacia Secundária do Rio Campinho
3,I_3h,7,8.034464,-0.062105,5.955466,0.461538,0.144550,0.164384,0.064902,0.448276,0.140426,0.164557,19,Sub bacia Secundária do Rio Campinho
3,I_3h,8,14.720865,-0.062105,5.955466,0.423077,0.120853,0.177419,0.065991,0.413793,0.119403,0.176471,19,Sub bacia Secundária do Rio Campinho
3,I_3h,9,8.034464,-0.062105,6.120896,0.500000,0.156770,0.164557,0.069380,0.482759,0.151709,0.164706,19,Sub bacia Secundária do Rio Campinho
3,I_3h,10,15.835265,-0.062105,5.790037,0.461538,0.125891,0.184615,0.074480,0.448276,0.123932,0.183099,19,Sub bacia Secundária do Rio Campinho
6,I_6h,1,8.864130,-0.010000,0.312479,0.296296,0.045558,0.285714,0.080799,0.300000,0.052192,0.264706,19,Sub bacia Secundária do Rio Campinho
6,I_6h,2,4.665738,-0.062105,4.644420,0.307692,0.070776,0.205128,0.058649,0.310345,0.075314,0.200000,19,Sub bacia Secundária do Rio Campinho
6,I_6h,3,4.665738,-0.062105,4.644420,0.307692,0.075688,0.195122,0.055493,0.310345,0.079832,0.191489,19,Sub bacia Secundária do Rio Campinho
6,I_6h,4,8.535442,-0.010000,0.395270,0.307692,0.071101,0.205128,0.058629,0.310345,0.075630,0.200000,19,Sub bacia Secundária do Rio Campinho
6,I_6h,5,4.665738,-0.114211,4.842055,0.384615,0.107798,0.175439,0.060203,0.379310,0.109244,0.174603,19,Sub bacia Secundária do Rio Campinho
6,I_6h,6,4.665738,-0.062105,4.644420,0.384615,0.099537,0.188679,0.065346,0.379310,0.101695,0.186441,19,Sub bacia Secundária do Rio Campinho
6,I_6h,7,4.665738,-0.062105,4.743238,0.384615,0.093023,0.200000,0.069767,0.379310,0.095745,0.196429,19,Sub bacia Secundária do Rio Campinho
6,I_6h,8,4.665738,-0.062105,4.743238,0.384615,0.100000,0.188679,0.065312,0.379310,0.102345,0.186441,19,Sub bacia Secundária do Rio Campinho
6,I_6h,9,5.955639,-0.062105,3.458611,0.500000,0.163170,0.156627,0.065535,0.482759,0.160256,0.157303,19,Sub bacia Secundária do Rio Campinho
6,I_6h,10,5.955639,-0.062105,3.656246,0.500000,0.153846,0.164557,0.069620,0.482759,0.151709,0.164706,19,Sub bacia Secundária do Rio Campinho
8,I_8h,1,7.118796,-0.010000,0.167784,0.296296,0.055556,0.258065,0.072216,0.300000,0.058455,0.243243,19,Sub bacia Secundária do Rio Campinho
8,I_8h,2,4.133129,-0.218421,3.105249,0.423077,0.154964,0.146667,0.052436,0.413793,0.144351,0.148148,19,Sub bacia Secundária do Rio Campinho
8,I_8h,3,6.417774,-0.010000,0.636974,0.269231,0.068127,0.200000,0.050178,0.275862,0.069328,0.195122,19,Sub bacia Secundária do Rio Campinho
8,I_8h,4,3.561968,-0.322632,3.662601,0.423077,0.155718,0.146667,0.052389,0.413793,0.144958,0.148148,19,Sub bacia Secundária do Rio Campinho
8,I_8h,5,4.704290,-0.166316,2.547897,0.538462,0.238443,0.125000,0.051259,0.517241,0.216387,0.127119,19,Sub bacia Secundária do Rio Campinho
8,I_8h,6,3.561968,-0.062105,3.503358,0.384615,0.122850,0.166667,0.056228,0.379310,0.116525,0.166667,19,Sub bacia Secundária do Rio Campinho
8,I_8h,7,3.561968,-0.062105,3.582980,0.384615,0.113580,0.178571,0.060880,0.379310,0.108511,0.177419,19,Sub bacia Secundária do Rio Campinho
8,I_8h,8,3.561968,-0.062105,3.582980,0.384615,0.123457,0.166667,0.056189,0.379310,0.117271,0.166667,19,Sub bacia Secundária do Rio Campinho
8,I_8h,9,8.131258,-0.062105,2.309031,0.461538,0.158416,0.157895,0.061330,0.448276,0.147436,0.158537,19,Sub bacia Secundária do Rio Campinho
8,I_8h,10,9.273581,-0.062105,2.388653,0.461538,0.150990,0.164384,0.064414,0.448276,0.141026,0.164557,19,Sub bacia Secundária do Rio Campinho
10,I_10h,1,4.826518,-0.010000,0.978460,0.296296,0.059701,0.250000,0.069652,0.300000,0.060543,0.236842,19,Sub bacia Secundária do Rio Campinho
10,I_10h,2,3.949597,-0.010000,1.645942,0.269231,0.069825,0.200000,0.050086,0.275862,0.069038,0.195122,19,Sub bacia Secundária do Rio Campinho
10,I_10h,3,3.949597,-0.426842,1.843455,0.576923,0.295739,0.112782,0.045824,0.551724,0.258403,0.115108,19,Sub bacia Secundária do Rio Campinho
10,I_10h,4,2.991208,-0.374737,2.896857,0.423077,0.177945,0.134146,0.046655,0.413793,0.159664,0.136364,19,Sub bacia Secundária do Rio Campinho
10,I_10h,5,3.949597,-0.166316,2.040968,0.538462,0.255639,0.120690,0.048374,0.517241,0.224790,0.122951,19,Sub bacia Secundária do Rio Campinho
10,I_10h,6,4.907986,-0.010000,0.921727,0.307692,0.088608,0.186047,0.052173,0.310345,0.084746,0.183673,19,Sub bacia Secundária do Rio Campinho
10,I_10h,7,2.991208,-0.062105,2.831020,0.384615,0.127226,0.166667,0.055947,0.379310,0.117021,0.166667,19,Sub bacia Secundária do Rio Campinho
10,I_10h,8,2.991208,-0.062105,2.831020,0.384615,0.137405,0.156250,0.051839,0.379310,0.125800,0.157143,19,Sub bacia Secundária do Rio Campinho
10,I_10h,9,6.345569,-0.062105,1.909292,0.461538,0.170918,0.151899,0.058125,0.448276,0.153846,0.152941,19,Sub bacia Secundária do Rio Campinho
10,I_10h,10,7.783153,-0.062105,1.843455,0.461538,0.165816,0.155844,0.060001,0.448276,0.149573,0.156627,19,Sub bacia Secundária do Rio Campinho
12,I_12h,1,3.542606,-0.010000,1.332095,0.296296,0.064516,0.235294,0.065219,0.300000,0.064718,0.225000,19,Sub bacia Secundária do Rio Campinho
12,I_12h,2,3.511577,-0.010000,1.470230,0.269231,0.069652,0.200000,0.050096,0.275862,0.069038,0.195122,19,Sub bacia Secundária do Rio Campinho
12,I_12h,3,3.511577,-0.010000,1.470230,0.269231,0.077500,0.184211,0.045752,0.275862,0.075630,0.181818,19,Sub bacia Secundária do Rio Campinho
12,I_12h,4,2.232236,-0.374737,2.431534,0.423077,0.180000,0.132530,0.045978,0.413793,0.161765,0.134831,19,Sub bacia Secundária do Rio Campinho
12,I_12h,5,3.085130,-0.166316,1.696419,0.538462,0.260000,0.118644,0.047275,0.517241,0.228992,0.120968,19,Sub bacia Secundária do Rio Campinho
12,I_12h,6,7.776048,-0.114211,2.431534,0.346154,0.108586,0.173077,0.053406,0.344828,0.101695,0.172414,19,Sub bacia Secundária do Rio Campinho
12,I_12h,7,2.658683,-0.062105,2.374987,0.384615,0.129442,0.163934,0.054890,0.379310,0.119149,0.164179,19,Sub bacia Secundária do Rio Campinho
12,I_12h,8,2.658683,-0.062105,2.374987,0.384615,0.137056,0.156250,0.051860,0.379310,0.125800,0.157143,19,Sub bacia Secundária do Rio Campinho
12,I_12h,9,17.157885,-0.114211,1.752966,0.423077,0.147583,0.159420,0.057493,0.413793,0.134615,0.160000,19,Sub bacia Secundária do Rio Campinho
12,I_12h,10,7.776048,-0.062105,1.470230,0.461538,0.157761,0.162162,0.063037,0.448276,0.143162,0.162500,19,Sub bacia Secundária do Rio Campinho
24,I_24h,1,3.386900,-0.010000,0.070059,0.240000,0.027160,0.352941,0.082405,0.250000,0.034783,0.304348,19,Sub bacia Secundária do Rio Campinho
24,I_24h,2,1.182921,-0.010000,1.482716,0.291667,0.064356,0.212121,0.057887,0.296296,0.067538,0.205128,19,Sub bacia Secundária do Rio Campinho
24,I_24h,3,0.966336,-0.635263,1.614513,0.416667,0.139303,0.151515,0.054337,0.407407,0.133479,0.152778,19,Sub bacia Secundária do Rio Campinho
24,I_24h,4,2.049257,-0.010000,0.626036,0.333333,0.087065,0.186047,0.056616,0.333333,0.087527,0.183673,19,Sub bacia Secundária do Rio Campinho
24,I_24h,5,4.431682,-0.218421,0.856680,0.583333,0.223881,0.134615,0.060945,0.555556,0.207877,0.136364,19,Sub bacia Secundária do Rio Campinho
24,I_24h,6,2.265841,-0.062105,1.548614,0.333333,0.075377,0.210526,0.064886,0.333333,0.077263,0.204545,19,Sub bacia Secundária do Rio Campinho
24,I_24h,7,2.265841,-0.062105,1.548614,0.333333,0.075758,0.210526,0.064859,0.333333,0.077605,0.204545,19,Sub bacia Secundária do Rio Campinho
24,I_24h,8,2.265841,-0.062105,1.548614,0.333333,0.078283,0.205128,0.063023,0.333333,0.079823,0.200000,19,Sub bacia Secundária do Rio Campinho
24,I_24h,9,2.265841,-0.062105,1.581564,0.333333,0.078283,0.205128,0.063023,0.333333,0.079823,0.200000,19,Sub bacia Secundária do Rio Campinho
24,I_24h,10,3.998514,-0.062105,0.724883,0.500000,0.169192,0.151899,0.063099,0.481481,0.159645,0.152941,19,Sub bacia Secundária do Rio Campinho
1/6,I_15min,1,21.012722,-0.010000,5.499650,0.500000,0.340807,0.073171,0.024117,0.461538,0.334043,0.071006,20,Sub bacia Secundária do Rio Cação Vermelho
1/6,I_15min,2,16.922178,-0.010000,9.689088,0.521739,0.339326,0.073620,0.025377,0.480000,0.332623,0.071429,20,Sub bacia Secundária do Rio Cação Vermelho
1/6,I_15min,3,4.650544,-0.583158,20.398080,0.565217,0.372460,0.073034,0.025905,0.520000,0.364026,0.071038,20,Sub bacia Secundária do Rio Cação Vermelho
1/6,I_15min,4,16.922178,-0.062105,9.689088,0.695652,0.474041,0.070796,0.025903,0.640000,0.460385,0.069264,20,Sub bacia Secundária do Rio Cação Vermelho
1/6,I_15min,5,8.741089,-0.635263,20.398080,0.565217,0.365688,0.074286,0.026633,0.520000,0.357602,0.072222,20,Sub bacia Secundária do Rio Cação Vermelho
1/6,I_15min,6,12.831633,-0.895789,19.888128,0.565217,0.366743,0.074713,0.026742,0.520000,0.358531,0.072626,20,Sub bacia Secundária do Rio Cação Vermelho
1/6,I_15min,7,8.741089,-0.687368,20.398080,0.565217,0.370709,0.074286,0.026422,0.520000,0.362256,0.072222,20,Sub bacia Secundária do Rio Cação Vermelho
1/6,I_15min,8,21.012722,-0.010000,9.689088,0.478261,0.299771,0.077465,0.025942,0.440000,0.295652,0.074830,20,Sub bacia Secundária do Rio Cação Vermelho
1/6,I_15min,9,25.103266,-0.010000,7.139328,0.478261,0.295872,0.078571,0.026459,0.440000,0.291939,0.075862,20,Sub bacia Secundária do Rio Cação Vermelho
1/6,I_15min,10,25.103266,-0.010000,7.649280,0.478261,0.291284,0.079710,0.027018,0.440000,0.287582,0.076923,20,Sub bacia Secundária do Rio Cação Vermelho
1/2,I_30min,1,18.052435,-0.010000,1.900400,0.500000,0.349776,0.071429,0.023222,0.461538,0.342553,0.069364,20,Sub bacia Secundária do Rio Cação Vermelho
1/2,I_30min,2,15.123696,-0.010000,4.621629,0.521739,0.350562,0.071429,0.024203,0.480000,0.343284,0.069364,20,Sub bacia Secundária do Rio Cação Vermelho
1/2,I_30min,3,9.266218,-0.843684,12.324344,0.608696,0.422122,0.069652,0.024500,0.560000,0.411135,0.067961,20,Sub bacia Secundária do Rio Cação Vermelho
1/2,I_30min,4,9.266218,-0.947895,12.324344,0.652174,0.446953,0.070423,0.025400,0.600000,0.434690,0.068807,20,Sub bacia Secundária do Rio Cação Vermelho
1/2,I_30min,5,15.123696,-1.000000,12.324344,0.652174,0.431151,0.072816,0.027014,0.600000,0.419700,0.071090,20,Sub bacia Secundária do Rio Cação Vermelho
1/2,I_30min,6,15.123696,-1.000000,12.324344,0.652174,0.435080,0.072816,0.026827,0.600000,0.423326,0.071090,20,Sub bacia Secundária do Rio Cação Vermelho
1/2,I_30min,7,15.123696,-1.000000,12.324344,0.652174,0.446224,0.071429,0.025797,0.600000,0.433839,0.069767,20,Sub bacia Secundária do Rio Cação Vermelho
1/2,I_30min,8,15.123696,-1.000000,12.324344,0.652174,0.455378,0.070093,0.024896,0.600000,0.443478,0.068493,20,Sub bacia Secundária do Rio Cação Vermelho
1/2,I_30min,9,3.408739,-0.166316,18.871652,0.478261,0.314220,0.074324,0.024377,0.440000,0.309368,0.071895,20,Sub bacia Secundária do Rio Cação Vermelho
1/2,I_30min,10,12.194957,-1.000000,18.871652,0.478261,0.305046,0.076389,0.025389,0.440000,0.300654,0.073826,20,Sub bacia Secundária do Rio Cação Vermelho
1,I_1h,1,0.440000,-0.010000,12.947943,0.458333,0.299087,0.077465,0.024886,0.423077,0.289362,0.074830,20,Sub bacia Secundária do Rio Cação Vermelho
1,I_1h,2,0.440000,-0.010000,13.016317,0.478261,0.292906,0.079137,0.026762,0.440000,0.283582,0.076389,20,Sub bacia Secundária do Rio Cação Vermelho
1,I_1h,3,0.440000,-0.010000,13.016317,0.478261,0.294253,0.079137,0.026711,0.440000,0.284797,0.076389,20,Sub bacia Secundária do Rio Cação Vermelho
1,I_1h,4,0.440000,-0.010000,13.016317,0.478261,0.294253,0.079137,0.026711,0.440000,0.284797,0.076389,20,Sub bacia Secundária do Rio Cação Vermelho
1,I_1h,5,2.353963,-1.000000,13.016317,0.478261,0.291954,0.079710,0.026992,0.440000,0.282655,0.076923,20,Sub bacia Secundária do Rio Cação Vermelho
1,I_1h,6,0.440000,-0.010000,13.016317,0.478261,0.290023,0.080882,0.027464,0.440000,0.280778,0.078014,20,Sub bacia Secundária do Rio Cação Vermelho
1,I_1h,7,0.440000,-0.010000,13.016317,0.478261,0.289044,0.081481,0.027706,0.440000,0.279826,0.078571,20,Sub bacia Secundária do Rio Cação Vermelho
1,I_1h,8,0.440000,-0.010000,13.016317,0.478261,0.289044,0.081481,0.027706,0.440000,0.280435,0.078571,20,Sub bacia Secundária do Rio Cação Vermelho
1,I_1h,9,0.440000,-0.010000,13.016317,0.478261,0.289720,0.081481,0.027679,0.440000,0.281046,0.078571,20,Sub bacia Secundária do Rio Cação Vermelho
1,I_1h,10,13.837744,-0.166316,13.016317,0.434783,0.231308,0.091743,0.030662,0.400000,0.226580,0.087719,20,Sub bacia Secundária do Rio Cação Vermelho
2,I_2h,1,7.629145,-0.010000,0.817317,0.520000,0.394608,0.074713,0.023520,0.500000,0.353191,0.072626,20,Sub bacia Secundária do Rio Cação Vermelho
2,I_2h,2,6.412621,-0.010000,1.949550,0.500000,0.393120,0.069767,0.021170,0.480000,0.351812,0.067797,20,Sub bacia Secundária do Rio Cação Vermelho
2,I_2h,3,6.412621,-0.010000,1.949550,0.500000,0.409877,0.067416,0.019892,0.480000,0.366167,0.065574,20,Sub bacia Secundária do Rio Cação Vermelho
2,I_2h,4,6.412621,-0.010000,1.949550,0.541667,0.417284,0.071429,0.022546,0.520000,0.372591,0.069519,20,Sub bacia Secundária do Rio Cação Vermelho
2,I_2h,5,2.763048,-0.218421,6.173575,0.583333,0.441975,0.072539,0.023612,0.560000,0.394004,0.070707,20,Sub bacia Secundária do Rio Cação Vermelho
2,I_2h,6,2.763048,-0.166316,6.173575,0.583333,0.441397,0.073298,0.023884,0.560000,0.393089,0.071429,20,Sub bacia Secundária do Rio Cação Vermelho
2,I_2h,7,2.763048,-0.062105,5.686188,0.583333,0.441103,0.073684,0.024023,0.560000,0.392625,0.071795,20,Sub bacia Secundária do Rio Cação Vermelho
2,I_2h,8,5.196097,-0.010000,2.436938,0.625000,0.486216,0.071770,0.023047,0.600000,0.432609,0.070093,20,Sub bacia Secundária do Rio Cação Vermelho
2,I_2h,9,2.763048,-0.062105,6.011113,0.583333,0.429648,0.075676,0.025178,0.560000,0.383442,0.073684,20,Sub bacia Secundária do Rio Cação Vermelho
2,I_2h,10,6.412621,-0.062105,5.686188,0.500000,0.354271,0.078431,0.025323,0.480000,0.318083,0.075949,20,Sub bacia Secundária do Rio Cação Vermelho
3,I_3h,1,4.456899,-0.010000,1.285831,0.583333,0.431604,0.071066,0.023563,0.538462,0.400000,0.069307,20,Sub bacia Secundária do Rio Cação Vermelho
3,I_3h,2,1.309225,-0.010000,4.469777,0.521739,0.411348,0.064516,0.019814,0.480000,0.381663,0.062827,20,Sub bacia Secundária do Rio Cação Vermelho
3,I_3h,3,44.327441,-0.062105,2.043327,0.260870,0.125891,0.101695,0.023189,0.240000,0.124197,0.093750,20,Sub bacia Secundária do Rio Cação Vermelho
3,I_3h,4,48.524340,-0.062105,1.915619,0.304348,0.149644,0.100000,0.025880,0.280000,0.145610,0.093333,20,Sub bacia Secundária do Rio Cação Vermelho
3,I_3h,5,27.539844,-0.062105,2.809574,0.347826,0.197150,0.087912,0.024550,0.320000,0.188437,0.083333,20,Sub bacia Secundária do Rio Cação Vermelho
3,I_3h,6,39.081317,-0.062105,2.554158,0.347826,0.184652,0.094118,0.026692,0.320000,0.177106,0.088889,20,Sub bacia Secundária do Rio Cação Vermelho
3,I_3h,7,39.081317,-0.062105,2.554158,0.347826,0.197590,0.088889,0.024809,0.320000,0.188720,0.084211,20,Sub bacia Secundária do Rio Cação Vermelho
3,I_3h,8,2.358450,-0.374737,4.852901,0.608696,0.448193,0.070000,0.023512,0.560000,0.415217,0.068293,20,Sub bacia Secundária do Rio Cação Vermelho
3,I_3h,9,2.358450,-0.322632,4.852901,0.608696,0.458937,0.068627,0.022602,0.560000,0.424837,0.066986,20,Sub bacia Secundária do Rio Cação Vermelho
3,I_3h,10,29.638294,-0.062105,2.809574,0.391304,0.239130,0.083333,0.024811,0.360000,0.226580,0.079646,20,Sub bacia Secundária do Rio Cação Vermelho
6,I_6h,1,31.453097,-0.062105,1.873059,0.166667,0.041190,0.181818,0.029055,0.153846,0.048936,0.148148,20,Sub bacia Secundária do Rio Cação Vermelho
6,I_6h,2,0.156667,-0.010000,3.228819,0.521739,0.405963,0.063492,0.019678,0.480000,0.388060,0.061856,20,Sub bacia Secundária do Rio Cação Vermelho
6,I_6h,3,30.149079,-0.062105,0.922520,0.260870,0.142857,0.088235,0.019730,0.240000,0.143469,0.082192,20,Sub bacia Secundária do Rio Cação Vermelho
6,I_6h,4,30.149079,-0.062105,0.922520,0.304348,0.161290,0.090909,0.023205,0.280000,0.160600,0.085366,20,Sub bacia Secundária do Rio Cação Vermelho
6,I_6h,5,32.105106,-0.062105,1.076273,0.304348,0.168203,0.087500,0.022151,0.280000,0.167024,0.082353,20,Sub bacia Secundária do Rio Cação Vermelho
6,I_6h,6,22.324971,-0.062105,1.383780,0.347826,0.200000,0.085106,0.023682,0.320000,0.196544,0.080808,20,Sub bacia Secundária do Rio Cação Vermelho
6,I_6h,7,22.976980,-0.062105,1.383780,0.347826,0.214953,0.080000,0.021845,0.320000,0.210412,0.076190,20,Sub bacia Secundária do Rio Cação Vermelho
6,I_6h,8,0.808676,-1.000000,3.382572,0.521739,0.380841,0.068571,0.022151,0.480000,0.365217,0.066667,20,Sub bacia Secundária do Rio Cação Vermelho
6,I_6h,9,0.808676,-1.000000,3.382572,0.521739,0.384075,0.068182,0.021910,0.480000,0.368192,0.066298,20,Sub bacia Secundária do Rio Cação Vermelho
6,I_6h,10,0.808676,-1.000000,3.382572,0.521739,0.384075,0.068182,0.021910,0.480000,0.368192,0.066298,20,Sub bacia Secundária do Rio Cação Vermelho
8,I_8h,1,24.430053,-0.062105,1.480969,0.166667,0.048387,0.160000,0.025376,0.153846,0.055319,0.133333,20,Sub bacia Secundária do Rio Cação Vermelho
8,I_8h,2,0.122500,-0.010000,2.552445,0.521739,0.424942,0.061224,0.018369,0.480000,0.402985,0.059701,20,Sub bacia Secundária do Rio Cação Vermelho
8,I_8h,3,2.106790,-0.010000,1.154677,0.478261,0.361949,0.065868,0.020100,0.440000,0.344754,0.063953,20,Sub bacia Secundária do Rio Cação Vermelho
8,I_8h,4,24.430053,-0.062105,0.607725,0.304348,0.169374,0.087500,0.022120,0.280000,0.167024,0.082353,20,Sub bacia Secundária do Rio Cação Vermelho
8,I_8h,5,23.437908,-0.062105,0.850815,0.304348,0.180974,0.082353,0.020528,0.280000,0.177730,0.077778,20,Sub bacia Secundária do Rio Cação Vermelho
8,I_8h,6,15.500748,-0.062105,1.580085,0.304348,0.168618,0.088608,0.022420,0.280000,0.166307,0.083333,20,Sub bacia Secundária do Rio Cação Vermelho
8,I_8h,7,16.988965,-0.062105,1.033132,0.347826,0.228235,0.076190,0.020453,0.320000,0.221258,0.072727,20,Sub bacia Secundária do Rio Cação Vermelho
8,I_8h,8,0.122500,-0.062105,2.673990,0.521739,0.402353,0.065574,0.020447,0.480000,0.382609,0.063830,20,Sub bacia Secundária do Rio Cação Vermelho
8,I_8h,9,0.122500,-0.062105,2.673990,0.521739,0.403302,0.065574,0.020414,0.480000,0.383442,0.063830,20,Sub bacia Secundária do Rio Cação Vermelho
8,I_8h,10,2.602863,-0.010000,0.850815,0.521739,0.382075,0.068966,0.022234,0.480000,0.363834,0.067039,20,Sub bacia Secundária do Rio Cação Vermelho
10,I_10h,1,19.244411,-0.062105,1.287615,0.166667,0.052632,0.148148,0.023392,0.153846,0.059574,0.125000,20,Sub bacia Secundária do Rio Cação Vermelho
10,I_10h,2,0.102000,-0.010000,2.074258,0.521739,0.431193,0.060000,0.017806,0.480000,0.411514,0.058537,20,Sub bacia Secundária do Rio Cação Vermelho
10,I_10h,3,21.025101,-0.062105,0.404733,0.260870,0.149770,0.084507,0.018744,0.240000,0.149893,0.078947,20,Sub bacia Secundária do Rio Cação Vermelho
10,I_10h,4,21.915445,-0.062105,0.404733,0.304348,0.170507,0.086420,0.021817,0.280000,0.169165,0.081395,20,Sub bacia Secundária do Rio Cação Vermelho
10,I_10h,5,21.025101,-0.062105,0.607100,0.304348,0.184332,0.080460,0.019974,0.280000,0.182013,0.076087,20,Sub bacia Secundária do Rio Cação Vermelho
10,I_10h,6,12.566826,-0.062105,1.315383,0.304348,0.172093,0.086420,0.021775,0.280000,0.170626,0.081395,20,Sub bacia Secundária do Rio Cação Vermelho
10,I_10h,7,12.566826,-0.062105,1.315383,0.304348,0.184579,0.081395,0.020200,0.280000,0.182213,0.076923,20,Sub bacia Secundária do Rio Cação Vermelho
10,I_10h,8,12.566826,-0.062105,1.315383,0.304348,0.196262,0.076923,0.018817,0.280000,0.193478,0.072917,20,Sub bacia Secundária do Rio Cação Vermelho
10,I_10h,9,0.102000,-0.062105,2.124850,0.521739,0.423888,0.062176,0.018689,0.480000,0.405229,0.060606,20,Sub bacia Secundária do Rio Cação Vermelho
10,I_10h,10,1.882689,-0.010000,0.860058,0.521739,0.400468,0.065574,0.020511,0.480000,0.383442,0.063830,20,Sub bacia Secundária do Rio Cação Vermelho
12,I_12h,1,1.236385,-0.010000,0.581431,0.583333,0.484234,0.061135,0.018393,0.538462,0.468085,0.059829,20,Sub bacia Secundária do Rio Cação Vermelho
12,I_12h,2,18.660950,-0.062105,1.079581,0.173913,0.081264,0.100000,0.015978,0.160000,0.087420,0.088889,20,Sub bacia Secundária do Rio Cação Vermelho
12,I_12h,3,17.524565,-0.062105,0.345466,0.260870,0.151927,0.082192,0.018184,0.240000,0.154176,0.076923,20,Sub bacia Secundária do Rio Cação Vermelho
12,I_12h,4,18.282155,-0.062105,0.345466,0.304348,0.176871,0.082353,0.020631,0.280000,0.177730,0.077778,20,Sub bacia Secundária do Rio Cação Vermelho
12,I_12h,5,17.524565,-0.062105,0.518199,0.304348,0.185941,0.078652,0.019487,0.280000,0.186296,0.074468,20,Sub bacia Secundária do Rio Cação Vermelho
12,I_12h,6,10.706257,-0.062105,1.079581,0.304348,0.173913,0.084337,0.021204,0.280000,0.174946,0.079545,20,Sub bacia Secundária do Rio Cação Vermelho
12,I_12h,7,10.706257,-0.062105,1.079581,0.304348,0.186207,0.079545,0.019702,0.280000,0.186551,0.075269,20,Sub bacia Secundária do Rio Cação Vermelho
12,I_12h,8,10.706257,-0.062105,1.079581,0.304348,0.200000,0.074468,0.018131,0.280000,0.200000,0.070707,20,Sub bacia Secundária do Rio Cação Vermelho
12,I_12h,9,0.100000,-0.062105,1.770513,0.521739,0.433180,0.060000,0.017744,0.480000,0.420479,0.058537,20,Sub bacia Secundária do Rio Cação Vermelho
12,I_12h,10,1.615180,-0.010000,0.690932,0.521739,0.403226,0.064171,0.019980,0.480000,0.392157,0.062500,20,Sub bacia Secundária do Rio Cação Vermelho
24,I_24h,1,11.059312,-0.062105,0.669046,0.166667,0.052036,0.148148,0.023407,0.153846,0.062361,0.125000,20,Sub bacia Secundária do Rio Cação Vermelho
24,I_24h,2,2.154871,-0.010000,0.249447,0.260870,0.142857,0.086957,0.019444,0.240000,0.151786,0.081081,20,Sub bacia Secundária do Rio Cação Vermelho
24,I_24h,3,2.154871,-0.010000,0.249447,0.260870,0.145786,0.085714,0.019100,0.240000,0.154709,0.080000,20,Sub bacia Secundária do Rio Cação Vermelho
24,I_24h,4,10.602674,-0.062105,0.124724,0.304348,0.182232,0.080460,0.020025,0.280000,0.190583,0.076087,20,Sub bacia Secundária do Rio Cação Vermelho
24,I_24h,5,1.469914,-0.010000,0.349226,0.347826,0.246014,0.068966,0.018087,0.320000,0.253363,0.066116,20,Sub bacia Secundária do Rio Cação Vermelho
24,I_24h,6,4.894699,-0.062105,0.598673,0.304348,0.183908,0.080460,0.019984,0.280000,0.192308,0.076087,20,Sub bacia Secundária do Rio Cação Vermelho
24,I_24h,7,5.579656,-0.062105,0.548784,0.304348,0.200924,0.074468,0.018110,0.280000,0.209091,0.070707,20,Sub bacia Secundária do Rio Cação Vermelho
24,I_24h,8,2.154871,-0.010000,0.274392,0.260870,0.157044,0.081081,0.017830,0.240000,0.165909,0.075949,20,Sub bacia Secundária do Rio Cação Vermelho
24,I_24h,9,2.154871,-0.010000,0.274392,0.260870,0.157044,0.081081,0.017830,0.240000,0.165909,0.075949,20,Sub bacia Secundária do Rio Cação Vermelho
24,I_24h,10,1.241595,-0.010000,0.424060,0.391304,0.286374,0.067669,0.018896,0.360000,0.293182,0.065217,20,Sub bacia Secundária do Rio Cação Vermelho
1/6,I_15min,1,120.214812,-0.270526,14.585171,0.350000,0.132632,0.100000,0.030358,0.333333,0.127778,0.092105,21,Sub bacia do Rio Piraquê/Cabuçu
1/6,I_15min,2,74.969400,-0.687368,14.585171,0.500000,0.298097,0.066225,0.023242,0.476190,0.273234,0.063694,21,Sub bacia do Rio Piraquê/Cabuçu
1/6,I_15min,3,36.187619,-0.062105,6.320241,0.600000,0.350318,0.067797,0.026428,0.571429,0.319030,0.065574,21,Sub bacia do Rio Piraquê/Cabuçu
1/6,I_15min,4,36.187619,-0.062105,6.806413,0.600000,0.368085,0.064865,0.024593,0.571429,0.334579,0.062827,21,Sub bacia do Rio Piraquê/Cabuçu
1/6,I_15min,5,107.287551,-0.270526,15.071343,0.550000,0.297872,0.072848,0.028132,0.523810,0.272897,0.070064,21,Sub bacia do Rio Piraquê/Cabuçu
1/6,I_15min,6,110.519367,-0.270526,15.071343,0.550000,0.324034,0.067901,0.025244,0.523810,0.295669,0.065476,21,Sub bacia do Rio Piraquê/Cabuçu
1/6,I_15min,7,139.605703,-0.062105,0.000000,0.450000,0.228448,0.078261,0.027172,0.428571,0.211720,0.074380,21,Sub bacia do Rio Piraquê/Cabuçu
1/6,I_15min,8,139.605703,-0.062105,0.000000,0.500000,0.246220,0.080645,0.030394,0.476190,0.227704,0.076923,21,Sub bacia do Rio Piraquê/Cabuçu
1/6,I_15min,9,139.605703,-0.062105,0.000000,0.500000,0.249458,0.080000,0.030022,0.476190,0.230476,0.076336,21,Sub bacia do Rio Piraquê/Cabuçu
1/6,I_15min,10,139.605703,-0.062105,0.000000,0.500000,0.258134,0.077519,0.028754,0.476190,0.238095,0.074074,21,Sub bacia do Rio Piraquê/Cabuçu
1/2,I_30min,1,32.153497,-0.062105,2.810382,0.500000,0.256757,0.080645,0.029969,0.476190,0.222222,0.076923,21,Sub bacia do Rio Piraquê/Cabuçu
1/2,I_30min,2,32.153497,-0.062105,2.810382,0.550000,0.312217,0.073826,0.027927,0.523810,0.267658,0.070968,21,Sub bacia do Rio Piraquê/Cabuçu
1/2,I_30min,3,46.496344,-0.114211,7.628179,0.500000,0.272727,0.076923,0.027972,0.476190,0.235075,0.073529,21,Sub bacia do Rio Piraquê/Cabuçu
1/2,I_30min,4,29.284928,-0.062105,5.219280,0.600000,0.362187,0.070175,0.026855,0.571429,0.308411,0.067797,21,Sub bacia do Rio Piraquê/Cabuçu
1/2,I_30min,5,55.102052,-0.114211,7.628179,0.550000,0.318907,0.072848,0.027289,0.523810,0.272897,0.070064,21,Sub bacia do Rio Piraquê/Cabuçu
1/2,I_30min,6,52.233483,-0.062105,0.000000,0.600000,0.379310,0.067797,0.025248,0.571429,0.322034,0.065574,21,Sub bacia do Rio Piraquê/Cabuçu
1/2,I_30min,7,89.524885,-0.062105,1.605932,0.500000,0.254042,0.083333,0.031082,0.476190,0.219282,0.079365,21,Sub bacia do Rio Piraquê/Cabuçu
1/2,I_30min,8,106.736301,-0.062105,0.000000,0.500000,0.263889,0.080645,0.029682,0.476190,0.227704,0.076923,21,Sub bacia do Rio Piraquê/Cabuçu
1/2,I_30min,9,112.473440,-0.062105,0.000000,0.500000,0.253488,0.084034,0.031366,0.476190,0.219048,0.080000,21,Sub bacia do Rio Piraquê/Cabuçu
1/2,I_30min,10,129.684856,-0.062105,0.000000,0.500000,0.239535,0.088496,0.033649,0.476190,0.207619,0.084034,21,Sub bacia do Rio Piraquê/Cabuçu
1,I_1h,1,15.954020,-0.166316,13.045423,0.400000,0.122596,0.135593,0.047588,0.380952,0.105556,0.123077,21,Sub bacia do Rio Piraquê/Cabuçu
1,I_1h,2,14.023580,-0.114211,13.045423,0.400000,0.132850,0.126984,0.044046,0.380952,0.113383,0.115942,21,Sub bacia do Rio Piraquê/Cabuçu
1,I_1h,3,14.023580,-0.114211,13.045423,0.450000,0.152542,0.125000,0.047669,0.428571,0.128731,0.115385,21,Sub bacia do Rio Piraquê/Cabuçu
1,I_1h,4,25.606221,-0.010000,3.854330,0.300000,0.070388,0.171429,0.047809,0.285714,0.065421,0.146341,21,Sub bacia do Rio Piraquê/Cabuçu
1,I_1h,5,27.536661,-0.010000,3.557843,0.300000,0.075243,0.162162,0.044988,0.285714,0.069159,0.139535,21,Sub bacia do Rio Piraquê/Cabuçu
1,I_1h,6,15.954020,-0.010000,14.527858,0.250000,0.058824,0.172414,0.040568,0.238095,0.056497,0.142857,21,Sub bacia do Rio Piraquê/Cabuçu
1,I_1h,7,15.954020,-0.010000,14.527858,0.250000,0.059113,0.172414,0.040555,0.238095,0.056711,0.142857,21,Sub bacia do Rio Piraquê/Cabuçu
1,I_1h,8,19.814901,-0.062105,11.859476,0.450000,0.172840,0.113924,0.042405,0.428571,0.144213,0.105882,21,Sub bacia do Rio Piraquê/Cabuçu
1,I_1h,9,17.884461,-0.062105,12.155963,0.450000,0.178660,0.111111,0.041067,0.428571,0.148571,0.103448,21,Sub bacia do Rio Piraquê/Cabuçu
1,I_1h,10,29.467102,-0.010000,1.482434,0.350000,0.099256,0.148936,0.046954,0.333333,0.087619,0.132075,21,Sub bacia do Rio Piraquê/Cabuçu
2,I_2h,1,10.074961,-0.218421,8.772704,0.400000,0.126492,0.131148,0.045823,0.380952,0.109259,0.119403,21,Sub bacia do Rio Piraquê/Cabuçu
2,I_2h,2,10.074961,-0.010000,8.772704,0.250000,0.055156,0.178571,0.042181,0.238095,0.053903,0.147059,21,Sub bacia do Rio Piraquê/Cabuçu
2,I_2h,3,10.074961,-0.218421,8.772704,0.450000,0.153846,0.123288,0.046944,0.428571,0.130597,0.113924,21,Sub bacia do Rio Piraquê/Cabuçu
2,I_2h,4,15.621992,-0.010000,3.190074,0.300000,0.072289,0.166667,0.046386,0.285714,0.067290,0.142857,21,Sub bacia do Rio Piraquê/Cabuçu
2,I_2h,5,14.235234,-0.010000,4.386352,0.300000,0.077108,0.157895,0.043716,0.285714,0.071028,0.136364,21,Sub bacia do Rio Piraquê/Cabuçu
2,I_2h,6,14.235234,-0.010000,4.386352,0.300000,0.085158,0.146341,0.040164,0.285714,0.077213,0.127660,21,Sub bacia do Rio Piraquê/Cabuçu
2,I_2h,7,11.461719,-0.062105,7.377047,0.450000,0.166259,0.116883,0.043853,0.428571,0.139887,0.108434,21,Sub bacia do Rio Piraquê/Cabuçu
2,I_2h,8,10.074961,-0.062105,8.573324,0.450000,0.154412,0.125000,0.047564,0.428571,0.130930,0.115385,21,Sub bacia do Rio Piraquê/Cabuçu
2,I_2h,9,10.074961,-0.010000,2.990695,0.500000,0.182266,0.119048,0.048675,0.476190,0.152381,0.111111,21,Sub bacia do Rio Piraquê/Cabuçu
2,I_2h,10,11.461719,-0.010000,1.993796,0.500000,0.182266,0.119048,0.048675,0.476190,0.152381,0.111111,21,Sub bacia do Rio Piraquê/Cabuçu
3,I_3h,1,7.115450,-0.270526,7.501994,0.400000,0.116223,0.142857,0.050502,0.380952,0.100000,0.129032,21,Sub bacia do Rio Piraquê/Cabuçu
3,I_3h,2,7.115450,-0.062105,7.348892,0.350000,0.090024,0.159091,0.050669,0.333333,0.079926,0.140000,21,Sub bacia do Rio Piraquê/Cabuçu
3,I_3h,3,12.964904,-0.010000,7.501994,0.050000,0.000000,1.000000,0.050000,0.047619,0.011194,0.142857,21,Sub bacia do Rio Piraquê/Cabuçu
3,I_3h,4,8.090359,-0.010000,3.062038,0.400000,0.122249,0.137931,0.048428,0.380952,0.104673,0.125000,21,Sub bacia do Rio Piraquê/Cabuçu
3,I_3h,5,11.989995,-0.010000,3.215140,0.300000,0.068460,0.176471,0.049317,0.285714,0.063551,0.150000,21,Sub bacia do Rio Piraquê/Cabuçu
3,I_3h,6,11.989995,-0.010000,3.215140,0.300000,0.071429,0.171429,0.047755,0.285714,0.065913,0.146341,21,Sub bacia do Rio Piraquê/Cabuçu
3,I_3h,7,16.864540,-0.010000,2.908936,0.200000,0.029703,0.250000,0.048515,0.190476,0.034026,0.181818,21,Sub bacia do Rio Piraquê/Cabuçu
3,I_3h,8,7.115450,-0.062105,6.583383,0.450000,0.146402,0.132353,0.050839,0.428571,0.123340,0.121622,21,Sub bacia do Rio Piraquê/Cabuçu
3,I_3h,9,8.090359,-0.062105,6.583383,0.450000,0.144638,0.134328,0.051705,0.428571,0.121905,0.123288,21,Sub bacia do Rio Piraquê/Cabuçu
3,I_3h,10,18.814358,-0.010000,2.449631,0.200000,0.022444,0.307692,0.060157,0.190476,0.028571,0.210526,21,Sub bacia do Rio Piraquê/Cabuçu
6,I_6h,1,8.258232,-0.010000,0.000000,0.350000,0.063260,0.212121,0.069546,0.333333,0.059259,0.179487,21,Sub bacia do Rio Piraquê/Cabuçu
6,I_6h,2,7.681388,-0.010000,0.669885,0.350000,0.063570,0.212121,0.069523,0.333333,0.059480,0.179487,21,Sub bacia do Rio Piraquê/Cabuçu
6,I_6h,3,7.681388,-0.010000,0.669885,0.350000,0.068796,0.200000,0.065184,0.333333,0.063433,0.170732,21,Sub bacia do Rio Piraquê/Cabuçu
6,I_6h,4,7.681388,-0.010000,0.669885,0.400000,0.073892,0.210526,0.077988,0.380952,0.067290,0.181818,21,Sub bacia do Rio Piraquê/Cabuçu
6,I_6h,5,8.258232,-0.010000,0.287093,0.400000,0.078818,0.200000,0.073695,0.380952,0.071028,0.173913,21,Sub bacia do Rio Piraquê/Cabuçu
6,I_6h,6,5.950857,-0.010000,1.818258,0.400000,0.094293,0.173913,0.063006,0.380952,0.082863,0.153846,21,Sub bacia do Rio Piraquê/Cabuçu
6,I_6h,7,5.950857,-0.010000,1.818258,0.400000,0.094763,0.173913,0.062973,0.380952,0.083176,0.153846,21,Sub bacia do Rio Piraquê/Cabuçu
6,I_6h,8,7.681388,-0.010000,0.669885,0.400000,0.097500,0.170213,0.061447,0.380952,0.085389,0.150943,21,Sub bacia do Rio Piraquê/Cabuçu
6,I_6h,9,7.681388,-0.010000,0.669885,0.400000,0.097990,0.170213,0.061413,0.380952,0.085714,0.150943,21,Sub bacia do Rio Piraquê/Cabuçu
6,I_6h,10,7.681388,-0.010000,0.669885,0.400000,0.097990,0.170213,0.061413,0.380952,0.085714,0.150943,21,Sub bacia do Rio Piraquê/Cabuçu
8,I_8h,1,4.139860,-0.010000,1.926839,0.350000,0.060386,0.218750,0.071939,0.333333,0.057407,0.184211,21,Sub bacia do Rio Piraquê/Cabuçu
8,I_8h,2,4.139860,-0.010000,1.926839,0.350000,0.070388,0.194444,0.063265,0.333333,0.065056,0.166667,21,Sub bacia do Rio Piraquê/Cabuçu
8,I_8h,3,4.139860,-0.010000,2.007124,0.350000,0.073171,0.189189,0.061371,0.333333,0.067164,0.162791,21,Sub bacia do Rio Piraquê/Cabuçu
8,I_8h,4,4.710730,-0.010000,1.525414,0.400000,0.078240,0.200000,0.073741,0.380952,0.071028,0.173913,21,Sub bacia do Rio Piraquê/Cabuçu
8,I_8h,5,4.710730,-0.010000,1.525414,0.400000,0.080685,0.195122,0.071751,0.380952,0.072897,0.170213,21,Sub bacia do Rio Piraquê/Cabuçu
8,I_8h,6,4.710730,-0.010000,1.525414,0.400000,0.091358,0.177778,0.064615,0.380952,0.080979,0.156863,21,Sub bacia do Rio Piraquê/Cabuçu
8,I_8h,7,4.710730,-0.010000,1.525414,0.400000,0.091811,0.177778,0.064582,0.380952,0.081285,0.156863,21,Sub bacia do Rio Piraquê/Cabuçu
8,I_8h,8,4.710730,-0.010000,1.525414,0.400000,0.096774,0.170213,0.061496,0.380952,0.085389,0.150943,21,Sub bacia do Rio Piraquê/Cabuçu
8,I_8h,9,4.710730,-0.010000,1.525414,0.400000,0.097257,0.170213,0.061463,0.380952,0.085714,0.150943,21,Sub bacia do Rio Piraquê/Cabuçu
8,I_8h,10,4.710730,-0.010000,1.525414,0.400000,0.097257,0.170213,0.061463,0.380952,0.085714,0.150943,21,Sub bacia do Rio Piraquê/Cabuçu
10,I_10h,1,1.796364,-0.010000,3.056450,0.315789,0.056738,0.200000,0.059574,0.333333,0.055556,0.189189,21,Sub bacia do Rio Piraquê/Cabuçu
10,I_10h,2,1.796364,-0.010000,3.056450,0.315789,0.061758,0.187500,0.055554,0.333333,0.059480,0.179487,21,Sub bacia do Rio Piraquê/Cabuçu
10,I_10h,3,2.216010,-0.010000,2.869321,0.315789,0.064439,0.181818,0.053716,0.333333,0.061567,0.175000,21,Sub bacia do Rio Piraquê/Cabuçu
10,I_10h,4,3.894595,-0.010000,1.185154,0.368421,0.081340,0.170732,0.057785,0.380952,0.074766,0.166667,21,Sub bacia do Rio Piraquê/Cabuçu
10,I_10h,5,4.733887,-0.010000,0.998025,0.368421,0.064593,0.205882,0.070952,0.380952,0.061682,0.195122,21,Sub bacia do Rio Piraquê/Cabuçu
10,I_10h,6,4.733887,-0.010000,0.998025,0.368421,0.067633,0.200000,0.068701,0.380952,0.064030,0.190476,21,Sub bacia do Rio Piraquê/Cabuçu
10,I_10h,7,4.733887,-0.010000,0.998025,0.368421,0.072816,0.189189,0.064626,0.380952,0.068053,0.181818,21,Sub bacia do Rio Piraquê/Cabuçu
10,I_10h,8,4.733887,-0.010000,0.998025,0.368421,0.077670,0.179487,0.060991,0.380952,0.072106,0.173913,21,Sub bacia do Rio Piraquê/Cabuçu
10,I_10h,9,3.474949,-0.062105,1.684166,0.631579,0.217073,0.118812,0.058750,0.619048,0.180952,0.120370,21,Sub bacia do Rio Piraquê/Cabuçu
10,I_10h,10,4.733887,-0.010000,0.998025,0.368421,0.082927,0.170732,0.057685,0.380952,0.076190,0.166667,21,Sub bacia do Rio Piraquê/Cabuçu
12,I_12h,1,1.376843,-0.010000,2.857397,0.350000,0.056338,0.225806,0.074580,0.333333,0.055556,0.189189,21,Sub bacia do Rio Piraquê/Cabuçu
12,I_12h,2,1.376843,-0.010000,2.857397,0.350000,0.056604,0.225806,0.074559,0.333333,0.055762,0.189189,21,Sub bacia do Rio Piraquê/Cabuçu
12,I_12h,3,1.376843,-0.010000,2.857397,0.350000,0.059242,0.218750,0.072027,0.333333,0.057836,0.184211,21,Sub bacia do Rio Piraquê/Cabuçu
12,I_12h,4,1.376843,-0.010000,2.857397,0.350000,0.061758,0.212121,0.069657,0.333333,0.059813,0.179487,21,Sub bacia do Rio Piraquê/Cabuçu
12,I_12h,5,3.930529,-0.010000,0.816399,0.400000,0.068884,0.216216,0.080529,0.380952,0.065421,0.186047,21,Sub bacia do Rio Piraquê/Cabuçu
12,I_12h,6,3.930529,-0.010000,0.816399,0.400000,0.074341,0.205128,0.075952,0.380952,0.069680,0.177778,21,Sub bacia do Rio Piraquê/Cabuçu
12,I_12h,7,1.802458,-0.010000,2.740769,0.350000,0.055422,0.233333,0.077141,0.333333,0.054820,0.194444,21,Sub bacia do Rio Piraquê/Cabuçu
12,I_12h,8,1.802458,-0.010000,2.740769,0.350000,0.055422,0.233333,0.077141,0.333333,0.055028,0.194444,21,Sub bacia do Rio Piraquê/Cabuçu
12,I_12h,9,5.207373,-0.010000,0.699771,0.350000,0.048426,0.259259,0.086347,0.333333,0.049524,0.212121,21,Sub bacia do Rio Piraquê/Cabuçu
12,I_12h,10,5.632987,-0.010000,0.408200,0.350000,0.048426,0.259259,0.086347,0.333333,0.049524,0.212121,21,Sub bacia do Rio Piraquê/Cabuçu
24,I_24h,1,1.177682,-0.010000,1.327569,0.263158,0.048837,0.192308,0.048136,0.285714,0.052326,0.181818,21,Sub bacia do Rio Piraquê/Cabuçu
24,I_24h,2,1.177682,-0.010000,1.327569,0.263158,0.046729,0.200000,0.050172,0.285714,0.050584,0.187500,21,Sub bacia do Rio Piraquê/Cabuçu
24,I_24h,3,1.177682,-0.010000,1.327569,0.263158,0.046948,0.200000,0.050161,0.285714,0.050781,0.187500,21,Sub bacia do Rio Piraquê/Cabuçu
24,I_24h,4,1.177682,-0.010000,1.327569,0.263158,0.049412,0.192308,0.048107,0.285714,0.052838,0.181818,21,Sub bacia do Rio Piraquê/Cabuçu
24,I_24h,5,2.075749,-0.010000,0.413022,0.368421,0.089412,0.155556,0.052186,0.380952,0.086106,0.153846,21,Sub bacia do Rio Piraquê/Cabuçu
24,I_24h,6,1.536909,-0.114211,0.678535,0.736842,0.294537,0.101449,0.052735,0.714286,0.256410,0.103448,21,Sub bacia do Rio Piraquê/Cabuçu
24,I_24h,7,2.075749,-0.010000,0.413022,0.368421,0.088305,0.159091,0.053437,0.380952,0.085149,0.156863,21,Sub bacia do Rio Piraquê/Cabuçu
24,I_24h,8,2.614590,-0.010000,0.383520,0.315789,0.054893,0.206897,0.061749,0.333333,0.057540,0.194444,21,Sub bacia do Rio Piraquê/Cabuçu
24,I_24h,9,2.614590,-0.010000,0.383520,0.315789,0.055024,0.206897,0.061741,0.333333,0.057654,0.194444,21,Sub bacia do Rio Piraquê/Cabuçu
24,I_24h,10,2.614590,-0.010000,0.383520,0.315789,0.055024,0.206897,0.061741,0.333333,0.057654,0.194444,21,Sub bacia do Rio Piraquê/Cabuçu
1/6,I_15min,1,5.852737,-0.166316,23.376122,0.727273,0.320652,0.119403,0.058994,0.666667,0.275785,0.115108,22,Sub bacia do Rio do Ponto
1/6,I_15min,2,24.143685,-0.010000,4.812731,0.772727,0.325137,0.125000,0.065186,0.708333,0.279279,0.120567,22,Sub bacia do Rio do Ponto
1/6,I_15min,3,24.143685,-0.010000,4.812731,0.772727,0.331507,0.123188,0.063635,0.708333,0.284424,0.118881,22,Sub bacia do Rio do Ponto
1/6,I_15min,4,24.143685,-0.010000,4.812731,0.772727,0.337912,0.121429,0.062124,0.708333,0.289593,0.117241,22,Sub bacia do Rio do Ponto
1/6,I_15min,5,24.143685,-0.010000,6.187797,0.772727,0.335165,0.122302,0.062831,0.708333,0.287330,0.118056,22,Sub bacia do Rio do Ponto
1/6,I_15min,6,24.143685,-0.010000,6.187797,0.772727,0.338889,0.122302,0.062479,0.708333,0.289954,0.118056,22,Sub bacia do Rio do Ponto
1/6,I_15min,7,24.143685,-0.010000,6.187797,0.772727,0.343575,0.121429,0.061593,0.708333,0.293578,0.117241,22,Sub bacia do Rio do Ponto
1/6,I_15min,8,24.143685,-0.010000,6.187797,0.772727,0.344538,0.121429,0.061503,0.708333,0.294931,0.117241,22,Sub bacia do Rio do Ponto
1/6,I_15min,9,28.716422,-0.010000,3.437665,0.772727,0.332394,0.125926,0.064962,0.708333,0.284722,0.121429,22,Sub bacia do Rio do Ponto
1/6,I_15min,10,28.716422,-0.010000,3.437665,0.772727,0.332394,0.125926,0.064962,0.708333,0.284722,0.121429,22,Sub bacia do Rio do Ponto
1/2,I_30min,1,0.840806,-1.000000,20.358209,0.772727,0.279302,0.131783,0.073390,0.708333,0.262332,0.126866,22,Sub bacia do Rio do Ponto
1/2,I_30min,2,0.840806,-0.687368,20.358209,0.772727,0.278195,0.132812,0.074077,0.708333,0.261261,0.127820,22,Sub bacia do Rio do Ponto
1/2,I_30min,3,0.840806,-0.687368,20.358209,0.772727,0.278894,0.132812,0.074006,0.708333,0.261851,0.127820,22,Sub bacia do Rio do Ponto
1/2,I_30min,4,0.840806,-0.687368,20.358209,0.772727,0.279597,0.132812,0.073933,0.708333,0.262443,0.127820,22,Sub bacia do Rio do Ponto
1/2,I_30min,5,4.485596,-1.000000,19.822467,0.772727,0.277078,0.133858,0.074776,0.708333,0.260181,0.128788,22,Sub bacia do Rio do Ponto
1/2,I_30min,6,4.485596,-1.000000,20.358209,0.772727,0.272265,0.137097,0.077095,0.708333,0.255708,0.131783,22,Sub bacia do Rio do Ponto
1/2,I_30min,7,4.485596,-0.531053,20.358209,0.772727,0.268542,0.139344,0.078760,0.708333,0.252294,0.133858,22,Sub bacia do Rio do Ponto
1/2,I_30min,8,4.485596,-0.531053,20.358209,0.772727,0.271795,0.138211,0.077772,0.708333,0.255760,0.132812,22,Sub bacia do Rio do Ponto
1/2,I_30min,9,4.485596,-0.531053,20.358209,0.772727,0.275773,0.137097,0.076723,0.708333,0.259259,0.131783,22,Sub bacia do Rio do Ponto
1/2,I_30min,10,4.485596,-0.166316,19.822467,0.772727,0.270619,0.139344,0.078536,0.708333,0.254630,0.133858,22,Sub bacia do Rio do Ponto
1,I_1h,1,0.540346,-1.000000,15.642858,0.636364,0.215347,0.138614,0.069213,0.583333,0.206278,0.132075,22,Sub bacia do Rio do Ponto
1,I_1h,2,2.954258,-0.739474,16.760205,0.545455,0.161692,0.155844,0.071261,0.500000,0.157658,0.146341,22,Sub bacia do Rio do Ponto
1,I_1h,3,12.609906,-0.010000,7.448980,0.545455,0.149626,0.166667,0.077307,0.500000,0.146727,0.155844,22,Sub bacia do Rio do Ponto
1,I_1h,4,10.195994,-0.010000,9.683674,0.545455,0.152500,0.164384,0.075990,0.500000,0.149321,0.153846,22,Sub bacia do Rio do Ponto
1,I_1h,5,10.195994,-0.010000,9.683674,0.545455,0.155000,0.162162,0.074742,0.500000,0.151584,0.151899,22,Sub bacia do Rio do Ponto
1,I_1h,6,10.195994,-0.010000,9.683674,0.545455,0.154040,0.164384,0.075852,0.500000,0.150685,0.153846,22,Sub bacia do Rio do Ponto
1,I_1h,7,10.195994,-0.010000,9.683674,0.545455,0.154822,0.164384,0.075782,0.500000,0.151376,0.153846,22,Sub bacia do Rio do Ponto
1,I_1h,8,10.195994,-0.010000,9.683674,0.545455,0.160305,0.160000,0.073282,0.500000,0.156682,0.150000,22,Sub bacia do Rio do Ponto
1,I_1h,9,5.368170,-0.062105,15.642858,0.545455,0.161125,0.160000,0.073211,0.500000,0.157407,0.150000,22,Sub bacia do Rio do Ponto
1,I_1h,10,5.368170,-0.114211,16.760205,0.545455,0.156010,0.164384,0.075675,0.500000,0.152778,0.153846,22,Sub bacia do Rio do Ponto
2,I_2h,1,1.775083,-0.947895,9.572911,0.590909,0.198925,0.149425,0.070732,0.541667,0.177130,0.141304,22,Sub bacia do Rio do Ponto
2,I_2h,2,6.050074,-1.000000,8.376297,0.590909,0.194595,0.152941,0.072788,0.541667,0.173423,0.144444,22,Sub bacia do Rio do Ponto
2,I_2h,3,13.175060,-0.010000,1.435937,0.500000,0.135501,0.180328,0.077947,0.458333,0.124153,0.166667,22,Sub bacia do Rio do Ponto
2,I_2h,4,13.175060,-0.010000,1.435937,0.500000,0.152174,0.164179,0.069598,0.458333,0.138009,0.152778,22,Sub bacia do Rio do Ponto
2,I_2h,5,13.175060,-0.010000,1.435937,0.500000,0.154891,0.161765,0.068354,0.458333,0.140271,0.150685,22,Sub bacia do Rio do Ponto
2,I_2h,6,0.350086,-0.062105,9.812234,0.590909,0.206044,0.147727,0.069307,0.541667,0.182648,0.139785,22,Sub bacia do Rio do Ponto
2,I_2h,7,3.200080,-0.218421,9.812234,0.590909,0.187845,0.160494,0.077023,0.541667,0.167431,0.151163,22,Sub bacia do Rio do Ponto
2,I_2h,8,4.625077,-0.270526,9.812234,0.590909,0.185596,0.162500,0.078201,0.541667,0.165899,0.152941,22,Sub bacia do Rio do Ponto
2,I_2h,9,4.625077,-0.218421,9.812234,0.590909,0.181058,0.166667,0.080653,0.541667,0.162037,0.156627,22,Sub bacia do Rio do Ponto
2,I_2h,10,4.625077,-0.218421,9.812234,0.590909,0.181058,0.166667,0.080653,0.541667,0.162037,0.156627,22,Sub bacia do Rio do Ponto
3,I_3h,1,1.261610,-0.010000,6.730621,0.590909,0.185984,0.158537,0.076258,0.541667,0.165919,0.149425,22,Sub bacia do Rio do Ponto
3,I_3h,2,1.261610,-0.010000,6.730621,0.590909,0.184282,0.160494,0.077360,0.541667,0.164414,0.151163,22,Sub bacia do Rio do Ponto
3,I_3h,3,10.035926,-0.010000,1.273361,0.500000,0.125000,0.192982,0.084430,0.458333,0.115124,0.177419,22,Sub bacia do Rio do Ponto
3,I_3h,4,4.186382,-0.895789,7.640165,0.545455,0.155313,0.173913,0.080128,0.500000,0.140271,0.162162,22,Sub bacia do Rio do Ponto
3,I_3h,5,11.010850,-0.010000,0.727635,0.500000,0.136240,0.180328,0.077880,0.458333,0.124434,0.166667,22,Sub bacia do Rio do Ponto
3,I_3h,6,1.261610,-1.000000,7.640165,0.590909,0.181818,0.164557,0.079559,0.541667,0.162100,0.154762,22,Sub bacia do Rio do Ponto
3,I_3h,7,4.186382,-0.895789,7.640165,0.590909,0.163435,0.180556,0.089255,0.541667,0.146789,0.168831,22,Sub bacia do Rio do Ponto
3,I_3h,8,4.186382,-0.895789,7.640165,0.590909,0.163889,0.180556,0.089206,0.541667,0.147465,0.168831,22,Sub bacia do Rio do Ponto
3,I_3h,9,4.186382,-0.895789,7.640165,0.590909,0.164804,0.180556,0.089109,0.541667,0.148148,0.168831,22,Sub bacia do Rio do Ponto
3,I_3h,10,4.186382,-0.635263,7.640165,0.590909,0.164804,0.180556,0.089109,0.541667,0.148148,0.168831,22,Sub bacia do Rio do Ponto
6,I_6h,1,2.768007,-1.000000,3.912094,0.590909,0.170984,0.164557,0.080612,0.541667,0.159193,0.154762,22,Sub bacia do Rio do Ponto
6,I_6h,2,5.999881,-0.010000,0.223548,0.545455,0.138021,0.184615,0.086801,0.500000,0.130631,0.171429,22,Sub bacia do Rio do Ponto
6,I_6h,3,2.121633,-1.000000,4.135642,0.636364,0.172324,0.175000,0.092173,0.583333,0.160271,0.164706,22,Sub bacia do Rio do Ponto
6,I_6h,4,2.121633,-0.010000,4.694512,0.454545,0.096859,0.212766,0.087344,0.416667,0.095023,0.192308,22,Sub bacia do Rio do Ponto
6,I_6h,5,2.121633,-0.010000,4.694512,0.454545,0.099476,0.208333,0.085277,0.416667,0.097285,0.188679,22,Sub bacia do Rio do Ponto
6,I_6h,6,2.121633,-0.010000,4.694512,0.454545,0.097884,0.212766,0.087245,0.416667,0.095890,0.192308,22,Sub bacia do Rio do Ponto
6,I_6h,7,1.475258,-0.687368,4.135642,0.636364,0.183511,0.168675,0.087641,0.583333,0.169725,0.159091,22,Sub bacia do Rio do Ponto
6,I_6h,8,2.121633,-0.426842,4.359190,0.590909,0.162667,0.175676,0.086922,0.541667,0.152074,0.164557,22,Sub bacia do Rio do Ponto
6,I_6h,9,2.121633,-0.374737,4.359190,0.590909,0.160858,0.178082,0.088303,0.541667,0.150463,0.166667,22,Sub bacia do Rio do Ponto
6,I_6h,10,1.475258,-0.218421,4.359190,0.590909,0.160858,0.178082,0.088303,0.541667,0.150463,0.166667,22,Sub bacia do Rio do Ponto
8,I_8h,1,1.196523,-1.000000,3.378714,0.590909,0.177778,0.168831,0.082028,0.541667,0.154709,0.158537,22,Sub bacia do Rio do Ponto
8,I_8h,2,0.672169,-0.218421,4.356763,0.454545,0.111732,0.200000,0.080752,0.416667,0.101351,0.181818,22,Sub bacia do Rio do Ponto
8,I_8h,3,4.342651,-0.010000,0.889135,0.500000,0.114525,0.211538,0.093656,0.458333,0.103837,0.192982,22,Sub bacia do Rio do Ponto
8,I_8h,4,0.672169,-1.000000,3.467628,0.636364,0.190476,0.170732,0.087953,0.583333,0.165158,0.160920,22,Sub bacia do Rio do Ponto
8,I_8h,5,0.672169,-1.000000,3.556542,0.636364,0.190476,0.170732,0.087953,0.583333,0.165158,0.160920,22,Sub bacia do Rio do Ponto
8,I_8h,6,0.672169,-1.000000,3.556542,0.636364,0.186969,0.175000,0.090542,0.583333,0.162100,0.164706,22,Sub bacia do Rio do Ponto
8,I_8h,7,1.196523,-1.000000,3.556542,0.636364,0.179487,0.181818,0.094935,0.583333,0.155963,0.170732,22,Sub bacia do Rio do Ponto
8,I_8h,8,1.196523,-0.947895,3.556542,0.636364,0.185714,0.177215,0.091830,0.583333,0.161290,0.166667,22,Sub bacia do Rio do Ponto
8,I_8h,9,1.196523,-0.426842,3.467628,0.636364,0.181034,0.181818,0.094756,0.583333,0.157407,0.170732,22,Sub bacia do Rio do Ponto
8,I_8h,10,1.196523,-0.478947,3.556542,0.636364,0.181034,0.181818,0.094756,0.583333,0.157407,0.170732,22,Sub bacia do Rio do Ponto
10,I_10h,1,0.619599,-0.114211,3.498014,0.454545,0.113573,0.196078,0.079004,0.416667,0.103139,0.178571,22,Sub bacia do Rio do Ponto
10,I_10h,2,1.118697,-0.322632,3.349162,0.500000,0.119777,0.203704,0.089652,0.458333,0.108108,0.186441,22,Sub bacia do Rio do Ponto
10,I_10h,3,1.118697,-0.062105,3.349162,0.500000,0.103064,0.229167,0.102774,0.458333,0.094808,0.207547,22,Sub bacia do Rio do Ponto
10,I_10h,4,1.118697,-0.062105,3.349162,0.500000,0.108939,0.220000,0.098017,0.458333,0.099548,0.200000,22,Sub bacia do Rio do Ponto
10,I_10h,5,1.118697,-0.062105,3.349162,0.500000,0.111732,0.215686,0.095794,0.458333,0.101810,0.196429,22,Sub bacia do Rio do Ponto
10,I_10h,6,1.617795,-0.010000,2.530478,0.500000,0.110169,0.220000,0.097881,0.458333,0.100457,0.200000,22,Sub bacia do Rio do Ponto
10,I_10h,7,1.118697,-0.062105,3.349162,0.500000,0.110795,0.220000,0.097812,0.458333,0.100917,0.200000,22,Sub bacia do Rio do Ponto
10,I_10h,8,2.116893,-0.010000,2.232775,0.500000,0.105413,0.229167,0.102505,0.458333,0.096774,0.207547,22,Sub bacia do Rio do Ponto
10,I_10h,9,2.116893,-0.010000,2.232775,0.500000,0.106017,0.229167,0.102436,0.458333,0.097222,0.207547,22,Sub bacia do Rio do Ponto
10,I_10h,10,2.116893,-0.010000,2.232775,0.500000,0.106017,0.229167,0.102436,0.458333,0.097222,0.207547,22,Sub bacia do Rio do Ponto
12,I_12h,1,0.555752,-0.426842,3.129651,0.454545,0.114370,0.204082,0.082155,0.416667,0.098655,0.185185,22,Sub bacia do Rio do Ponto
12,I_12h,2,0.555752,-1.000000,3.065780,0.500000,0.123894,0.207547,0.090917,0.458333,0.105856,0.189655,22,Sub bacia do Rio do Ponto
12,I_12h,3,0.555752,-0.062105,3.001910,0.500000,0.115044,0.220000,0.097345,0.458333,0.099323,0.200000,22,Sub bacia do Rio do Ponto
12,I_12h,4,0.555752,-0.062105,3.001910,0.500000,0.118343,0.215686,0.095081,0.458333,0.101810,0.196429,22,Sub bacia do Rio do Ponto
12,I_12h,5,0.555752,-0.062105,3.001910,0.500000,0.118343,0.215686,0.095081,0.458333,0.101810,0.196429,22,Sub bacia do Rio do Ponto
12,I_12h,6,0.555752,-0.062105,3.001910,0.500000,0.116766,0.220000,0.097156,0.458333,0.100457,0.200000,22,Sub bacia do Rio do Ponto
12,I_12h,7,0.555752,-0.062105,3.001910,0.500000,0.117470,0.220000,0.097078,0.458333,0.100917,0.200000,22,Sub bacia do Rio do Ponto
12,I_12h,8,0.555752,-0.062105,3.001910,0.500000,0.117470,0.220000,0.097078,0.458333,0.101382,0.200000,22,Sub bacia do Rio do Ponto
12,I_12h,9,0.555752,-0.062105,3.001910,0.500000,0.121212,0.215686,0.094771,0.458333,0.104167,0.196429,22,Sub bacia do Rio do Ponto
12,I_12h,10,1.921753,-0.010000,1.724501,0.500000,0.121212,0.215686,0.094771,0.458333,0.104167,0.196429,22,Sub bacia do Rio do Ponto
24,I_24h,1,3.401261,-0.062105,1.671713,0.181818,0.008621,0.571429,0.103000,0.166667,0.018648,0.333333,22,Sub bacia do Rio do Ponto
24,I_24h,2,2.893375,-0.010000,1.562688,0.136364,0.002890,0.750000,0.101977,0.125000,0.014052,0.333333,22,Sub bacia do Rio do Ponto
24,I_24h,3,2.893375,-0.010000,1.562688,0.136364,0.002890,0.750000,0.101977,0.125000,0.014085,0.333333,22,Sub bacia do Rio do Ponto
24,I_24h,4,2.893375,-0.010000,1.599030,0.136364,0.002899,0.750000,0.101976,0.125000,0.014118,0.333333,22,Sub bacia do Rio do Ponto
24,I_24h,5,2.893375,-0.010000,1.599030,0.136364,0.002899,0.750000,0.101976,0.125000,0.014118,0.333333,22,Sub bacia do Rio do Ponto
24,I_24h,6,2.893375,-0.010000,1.599030,0.136364,0.002933,0.750000,0.101973,0.125000,0.014252,0.333333,22,Sub bacia do Rio do Ponto
24,I_24h,7,2.893375,-0.010000,1.599030,0.136364,0.002950,0.750000,0.101971,0.125000,0.014320,0.333333,22,Sub bacia do Rio do Ponto
24,I_24h,8,2.893375,-0.010000,1.780738,0.090909,0.000000,1.000000,0.090909,0.083333,0.011962,0.285714,22,Sub bacia do Rio do Ponto
24,I_24h,9,2.893375,-0.010000,1.780738,0.090909,0.000000,1.000000,0.090909,0.083333,0.011990,0.285714,22,Sub bacia do Rio do Ponto
24,I_24h,10,3.147318,-0.010000,1.708054,0.090909,0.000000,1.000000,0.090909,0.083333,0.011990,0.285714,22,Sub bacia do Rio do Ponto
1/6,I_15min,1,18.931307,-0.166316,21.526539,0.493506,0.222222,0.296875,0.113952,0.482353,0.191532,0.301471,26,Sub bacia do Arroio Fundo/Rio Grande
1/6,I_15min,2,27.985769,-0.062105,13.576416,0.513158,0.250000,0.278571,0.107213,0.500000,0.214141,0.283784,26,Sub bacia do Arroio Fundo/Rio Grande
1/6,I_15min,3,9.876846,-0.114211,21.722266,0.605263,0.347395,0.247312,0.097688,0.583333,0.294715,0.252577,26,Sub bacia do Arroio Fundo/Rio Grande
1/6,I_15min,4,14.404076,-0.010000,20.364624,0.486842,0.258065,0.262411,0.094784,0.476190,0.221545,0.268456,26,Sub bacia do Arroio Fundo/Rio Grande
1/6,I_15min,5,5.349615,-0.062105,29.189294,0.500000,0.272953,0.256757,0.093337,0.488095,0.233740,0.262821,26,Sub bacia do Arroio Fundo/Rio Grande
1/6,I_15min,6,5.349615,-0.166316,29.868115,0.500000,0.275000,0.256757,0.093074,0.488095,0.235656,0.262821,26,Sub bacia do Arroio Fundo/Rio Grande
1/6,I_15min,7,5.349615,-0.062105,29.189294,0.500000,0.276382,0.256757,0.092897,0.488095,0.236626,0.262821,26,Sub bacia do Arroio Fundo/Rio Grande
1/6,I_15min,8,5.349615,-0.062105,29.189294,0.500000,0.278481,0.256757,0.092627,0.488095,0.238095,0.262821,26,Sub bacia do Arroio Fundo/Rio Grande
1/6,I_15min,9,5.349615,-0.062105,29.189294,0.500000,0.278481,0.256757,0.092627,0.488095,0.238589,0.262821,26,Sub bacia do Arroio Fundo/Rio Grande
1/6,I_15min,10,5.349615,-0.062105,29.189294,0.500000,0.278481,0.256757,0.092627,0.488095,0.238589,0.262821,26,Sub bacia do Arroio Fundo/Rio Grande
1/2,I_30min,1,19.403974,-0.114211,12.689841,0.500000,0.212560,0.307087,0.120906,0.482353,0.187500,0.305970,26,Sub bacia do Arroio Fundo/Rio Grande
1/2,I_30min,2,15.659772,-0.270526,15.990404,0.545455,0.266344,0.276316,0.110575,0.523810,0.232323,0.276730,26,Sub bacia do Arroio Fundo/Rio Grande
1/2,I_30min,3,15.659772,-0.010000,15.990404,0.376623,0.148058,0.322222,0.103389,0.369048,0.134146,0.319588,26,Sub bacia do Arroio Fundo/Rio Grande
1/2,I_30min,4,15.659772,-0.010000,15.990404,0.389610,0.155340,0.319149,0.105028,0.380952,0.140244,0.316832,26,Sub bacia do Arroio Fundo/Rio Grande
1/2,I_30min,5,15.659772,-0.010000,15.990404,0.389610,0.160194,0.312500,0.102249,0.380952,0.144309,0.310680,26,Sub bacia do Arroio Fundo/Rio Grande
1/2,I_30min,6,0.682967,-0.010000,25.584647,0.454545,0.220049,0.280000,0.099267,0.440476,0.194672,0.280303,26,Sub bacia do Arroio Fundo/Rio Grande
1/2,I_30min,7,4.427168,-0.114211,21.853553,0.532468,0.282555,0.262821,0.100402,0.511905,0.246914,0.263804,26,Sub bacia do Arroio Fundo/Rio Grande
1/2,I_30min,8,11.915571,-0.062105,25.584647,0.363636,0.136139,0.337349,0.105972,0.357143,0.124224,0.333333,26,Sub bacia do Arroio Fundo/Rio Grande
1/2,I_30min,9,19.403974,-0.010000,14.391364,0.363636,0.138614,0.333333,0.104410,0.357143,0.126556,0.329670,26,Sub bacia do Arroio Fundo/Rio Grande
1/2,I_30min,10,8.171370,-0.010000,25.584647,0.337662,0.116337,0.356164,0.106272,0.333333,0.107884,0.350000,26,Sub bacia do Arroio Fundo/Rio Grande
1,I_1h,1,19.511729,-0.322632,12.830005,0.320000,0.078624,0.428571,0.126360,0.341176,0.074597,0.439394,26,Sub bacia do Arroio Fundo/Rio Grande
1,I_1h,2,2.582182,-0.010000,15.222801,0.418919,0.162562,0.319588,0.112117,0.428571,0.143434,0.336449,26,Sub bacia do Arroio Fundo/Rio Grande
1,I_1h,3,2.582182,-0.010000,15.222801,0.418919,0.162963,0.319588,0.112064,0.428571,0.144309,0.336449,26,Sub bacia do Arroio Fundo/Rio Grande
1,I_1h,4,2.582182,-0.010000,15.222801,0.418919,0.167901,0.313131,0.109152,0.428571,0.148374,0.330275,26,Sub bacia do Arroio Fundo/Rio Grande
1,I_1h,5,2.582182,-0.010000,15.222801,0.418919,0.170370,0.310000,0.107740,0.428571,0.150407,0.327273,26,Sub bacia do Arroio Fundo/Rio Grande
1,I_1h,6,2.582182,-0.010000,15.222801,0.418919,0.169154,0.313131,0.108988,0.428571,0.149590,0.330275,26,Sub bacia do Arroio Fundo/Rio Grande
1,I_1h,7,13.163149,-0.010000,8.273261,0.351351,0.117500,0.356164,0.110435,0.369048,0.106996,0.373494,26,Sub bacia do Arroio Fundo/Rio Grande
1,I_1h,8,2.582182,-0.010000,15.553731,0.418919,0.166247,0.319588,0.111624,0.428571,0.146998,0.336449,26,Sub bacia do Arroio Fundo/Rio Grande
1,I_1h,9,2.582182,-0.010000,15.553731,0.418919,0.166247,0.319588,0.111624,0.428571,0.147303,0.336449,26,Sub bacia do Arroio Fundo/Rio Grande
1,I_1h,10,6.814569,-0.062105,15.884662,0.391892,0.138539,0.345238,0.116552,0.404762,0.124481,0.361702,26,Sub bacia do Arroio Fundo/Rio Grande
2,I_2h,1,4.722871,-0.062105,7.347252,0.441558,0.127660,0.386364,0.148823,0.435294,0.118952,0.385417,26,Sub bacia do Arroio Fundo/Rio Grande
2,I_2h,2,1.781306,-0.062105,10.312461,0.421053,0.118483,0.390244,0.144845,0.416667,0.111111,0.388889,26,Sub bacia do Arroio Fundo/Rio Grande
2,I_2h,3,1.781306,-0.114211,10.312461,0.421053,0.125891,0.376471,0.138558,0.416667,0.117886,0.376344,26,Sub bacia do Arroio Fundo/Rio Grande
2,I_2h,4,1.781306,-0.062105,10.312461,0.421053,0.125891,0.376471,0.138558,0.416667,0.117886,0.376344,26,Sub bacia do Arroio Fundo/Rio Grande
2,I_2h,5,1.781306,-0.062105,10.312461,0.421053,0.125891,0.376471,0.138558,0.416667,0.117886,0.376344,26,Sub bacia do Arroio Fundo/Rio Grande
2,I_2h,6,1.781306,-0.062105,10.312461,0.421053,0.126794,0.376471,0.138415,0.416667,0.118852,0.376344,26,Sub bacia do Arroio Fundo/Rio Grande
2,I_2h,7,1.781306,-0.010000,9.681085,0.421053,0.127404,0.376471,0.138319,0.416667,0.119342,0.376344,26,Sub bacia do Arroio Fundo/Rio Grande
2,I_2h,8,1.781306,-0.010000,9.681085,0.421053,0.128329,0.376471,0.138172,0.416667,0.120083,0.376344,26,Sub bacia do Arroio Fundo/Rio Grande
2,I_2h,9,1.781306,-0.010000,9.681085,0.421053,0.128641,0.376471,0.138123,0.416667,0.120332,0.376344,26,Sub bacia do Arroio Fundo/Rio Grande
2,I_2h,10,6.193653,-0.062105,9.891544,0.381579,0.101942,0.408451,0.139968,0.380952,0.097510,0.405063,26,Sub bacia do Arroio Fundo/Rio Grande
3,I_3h,1,1.239749,-0.270526,6.822525,0.506494,0.150115,0.375000,0.161423,0.494118,0.141129,0.375000,26,Sub bacia do Arroio Fundo/Rio Grande
3,I_3h,2,1.239749,-0.374737,7.136441,0.500000,0.143519,0.380000,0.162731,0.488095,0.135354,0.379630,26,Sub bacia do Arroio Fundo/Rio Grande
3,I_3h,3,1.239749,-1.000000,7.291581,0.500000,0.142191,0.383838,0.164630,0.488095,0.134146,0.383178,26,Sub bacia do Arroio Fundo/Rio Grande
3,I_3h,4,1.239749,-0.947895,7.291581,0.500000,0.142191,0.383838,0.164630,0.488095,0.134146,0.383178,26,Sub bacia do Arroio Fundo/Rio Grande
3,I_3h,5,1.239749,-1.000000,7.291581,0.513158,0.146853,0.382353,0.167394,0.500000,0.138211,0.381818,26,Sub bacia do Arroio Fundo/Rio Grande
3,I_3h,6,1.239749,-0.635263,7.291581,0.513158,0.143192,0.390000,0.171474,0.500000,0.135246,0.388889,26,Sub bacia do Arroio Fundo/Rio Grande
3,I_3h,7,1.239749,-0.739474,7.291581,0.513158,0.148585,0.382353,0.167054,0.500000,0.139918,0.381818,26,Sub bacia do Arroio Fundo/Rio Grande
3,I_3h,8,1.239749,-0.739474,7.291581,0.513158,0.149644,0.382353,0.166846,0.500000,0.140787,0.381818,26,Sub bacia do Arroio Fundo/Rio Grande
3,I_3h,9,1.239749,-0.531053,7.291581,0.513158,0.150000,0.382353,0.166776,0.500000,0.141079,0.381818,26,Sub bacia do Arroio Fundo/Rio Grande
3,I_3h,10,1.239749,-0.531053,7.291581,0.513158,0.150000,0.382353,0.166776,0.500000,0.141079,0.381818,26,Sub bacia do Arroio Fundo/Rio Grande
6,I_6h,1,1.780420,-0.010000,2.268249,0.567568,0.176744,0.355932,0.166310,0.564706,0.163306,0.372093,26,Sub bacia do Arroio Fundo/Rio Grande
6,I_6h,2,1.240391,-1.000000,4.264497,0.438356,0.104895,0.415584,0.163065,0.452381,0.101010,0.431818,26,Sub bacia do Arroio Fundo/Rio Grande
6,I_6h,3,1.240391,-1.000000,4.264497,0.465753,0.115023,0.409639,0.168845,0.476190,0.109756,0.425532,26,Sub bacia do Arroio Fundo/Rio Grande
6,I_6h,4,1.240391,-0.739474,4.264497,0.479452,0.122066,0.402299,0.169339,0.488095,0.115854,0.418367,26,Sub bacia do Arroio Fundo/Rio Grande
6,I_6h,5,0.160334,-0.010000,3.916375,0.547945,0.171362,0.353982,0.160725,0.547619,0.158537,0.370968,26,Sub bacia do Arroio Fundo/Rio Grande
6,I_6h,6,1.240391,-0.010000,3.220131,0.506849,0.139480,0.385417,0.168101,0.511905,0.131148,0.401869,26,Sub bacia do Arroio Fundo/Rio Grande
6,I_6h,7,1.240391,-0.010000,3.220131,0.506849,0.137767,0.389474,0.170209,0.511905,0.129630,0.405660,26,Sub bacia do Arroio Fundo/Rio Grande
6,I_6h,8,1.240391,-0.166316,4.090436,0.493151,0.126794,0.404494,0.174184,0.500000,0.120083,0.420000,26,Sub bacia do Arroio Fundo/Rio Grande
6,I_6h,9,0.700363,-0.218421,4.090436,0.520548,0.146283,0.383838,0.170578,0.523810,0.136929,0.400000,26,Sub bacia do Arroio Fundo/Rio Grande
6,I_6h,10,0.700363,-0.218421,4.090436,0.534247,0.146283,0.390000,0.177877,0.535714,0.136929,0.405405,26,Sub bacia do Arroio Fundo/Rio Grande
8,I_8h,1,0.875797,-0.895789,3.041909,0.472222,0.126866,0.400000,0.164925,0.494118,0.112903,0.428571,26,Sub bacia do Arroio Fundo/Rio Grande
8,I_8h,2,1.247446,-0.374737,3.029953,0.450704,0.122195,0.395062,0.156299,0.476190,0.109091,0.425532,26,Sub bacia do Arroio Fundo/Rio Grande
8,I_8h,3,0.875797,-0.531053,3.029953,0.492958,0.143216,0.380435,0.160680,0.511905,0.126016,0.409524,26,Sub bacia do Arroio Fundo/Rio Grande
8,I_8h,4,1.247446,-0.635263,3.029953,0.492958,0.140704,0.384615,0.162922,0.511905,0.123984,0.413462,26,Sub bacia do Arroio Fundo/Rio Grande
8,I_8h,5,0.132500,-1.000000,2.766479,0.605634,0.226131,0.323308,0.151529,0.607143,0.193089,0.349315,26,Sub bacia do Arroio Fundo/Rio Grande
8,I_8h,6,0.875797,-0.478947,3.029953,0.521127,0.162025,0.366337,0.159976,0.535714,0.141393,0.394737,26,Sub bacia do Arroio Fundo/Rio Grande
8,I_8h,7,0.875797,-0.166316,3.029953,0.507042,0.152672,0.375000,0.161112,0.523810,0.133745,0.403670,26,Sub bacia do Arroio Fundo/Rio Grande
8,I_8h,8,0.875797,-0.166316,3.029953,0.521127,0.156410,0.377551,0.165978,0.535714,0.136646,0.405405,26,Sub bacia do Arroio Fundo/Rio Grande
8,I_8h,9,0.875797,-0.426842,3.029953,0.535211,0.167095,0.368932,0.164463,0.547619,0.145228,0.396552,26,Sub bacia do Arroio Fundo/Rio Grande
8,I_8h,10,1.247446,-0.270526,3.029953,0.521127,0.156812,0.377551,0.165899,0.535714,0.136929,0.405405,26,Sub bacia do Arroio Fundo/Rio Grande
10,I_10h,1,0.799143,-0.843684,2.581917,0.452055,0.120205,0.412500,0.164058,0.470588,0.104839,0.434783,26,Sub bacia do Arroio Fundo/Rio Grande
10,I_10h,2,0.799143,-0.426842,2.515561,0.472222,0.133333,0.395349,0.161800,0.488095,0.115152,0.418367,26,Sub bacia do Arroio Fundo/Rio Grande
10,I_10h,3,0.799143,-1.000000,2.515561,0.513889,0.155039,0.381443,0.165629,0.523810,0.132114,0.403670,26,Sub bacia do Arroio Fundo/Rio Grande
10,I_10h,4,0.799143,-1.000000,2.515561,0.527778,0.162791,0.376238,0.166245,0.535714,0.138211,0.398230,26,Sub bacia do Arroio Fundo/Rio Grande
10,I_10h,5,0.799143,-1.000000,2.515561,0.527778,0.175711,0.358491,0.155958,0.535714,0.148374,0.381356,26,Sub bacia do Arroio Fundo/Rio Grande
10,I_10h,6,1.831742,-0.010000,1.367153,0.430556,0.111979,0.418919,0.160170,0.452381,0.098361,0.441860,26,Sub bacia do Arroio Fundo/Rio Grande
10,I_10h,7,1.831742,-0.010000,1.367153,0.430556,0.115183,0.413333,0.157465,0.452381,0.100823,0.436782,26,Sub bacia do Arroio Fundo/Rio Grande
10,I_10h,8,0.799143,-0.114211,2.351503,0.527778,0.167979,0.372549,0.163595,0.535714,0.142857,0.394737,26,Sub bacia do Arroio Fundo/Rio Grande
10,I_10h,9,1.143343,-0.114211,2.351503,0.513889,0.163158,0.373737,0.160723,0.523810,0.139004,0.396396,26,Sub bacia do Arroio Fundo/Rio Grande
10,I_10h,10,0.799143,-0.739474,2.515561,0.541667,0.181579,0.361111,0.160085,0.547619,0.153527,0.383333,26,Sub bacia do Arroio Fundo/Rio Grande
12,I_12h,1,0.692971,-1.000000,2.048072,0.479452,0.139594,0.388889,0.160426,0.494118,0.120968,0.411765,26,Sub bacia do Arroio Fundo/Rio Grande
12,I_12h,2,0.692971,-0.426842,2.082593,0.486111,0.145038,0.380435,0.158111,0.500000,0.125253,0.403846,26,Sub bacia do Arroio Fundo/Rio Grande
12,I_12h,3,0.692971,-0.687368,2.082593,0.513889,0.158974,0.373737,0.161527,0.523810,0.136179,0.396396,26,Sub bacia do Arroio Fundo/Rio Grande
12,I_12h,4,0.692971,-0.791579,2.128873,0.513889,0.158974,0.373737,0.161527,0.523810,0.136179,0.396396,26,Sub bacia do Arroio Fundo/Rio Grande
12,I_12h,5,1.582429,-0.010000,1.110716,0.430556,0.120513,0.397436,0.150496,0.452381,0.105691,0.422222,26,Sub bacia do Arroio Fundo/Rio Grande
12,I_12h,6,1.582429,-0.010000,1.110716,0.430556,0.116279,0.407895,0.155200,0.452381,0.102459,0.431818,26,Sub bacia do Arroio Fundo/Rio Grande
12,I_12h,7,2.471886,-0.010000,0.323959,0.472222,0.140260,0.386364,0.156859,0.488095,0.121399,0.410000,26,Sub bacia do Arroio Fundo/Rio Grande
12,I_12h,8,0.692971,-0.166316,2.036313,0.527778,0.166667,0.372549,0.163853,0.535714,0.142857,0.394737,26,Sub bacia do Arroio Fundo/Rio Grande
12,I_12h,9,0.692971,-0.166316,2.036313,0.527778,0.169271,0.368932,0.161755,0.535714,0.145228,0.391304,26,Sub bacia do Arroio Fundo/Rio Grande
12,I_12h,10,0.692971,-0.218421,2.036313,0.541667,0.179688,0.361111,0.160455,0.547619,0.153527,0.383333,26,Sub bacia do Arroio Fundo/Rio Grande
24,I_24h,1,0.727516,-0.062105,0.638935,0.520548,0.159494,0.376238,0.164613,0.523810,0.143763,0.392857,26,Sub bacia do Arroio Fundo/Rio Grande
24,I_24h,2,0.413758,-0.062105,0.916269,0.486111,0.149746,0.372340,0.153895,0.493976,0.135593,0.390476,26,Sub bacia do Arroio Fundo/Rio Grande
24,I_24h,3,0.413758,-0.687368,1.018077,0.555556,0.179028,0.363636,0.165853,0.554217,0.159915,0.380165,26,Sub bacia do Arroio Fundo/Rio Grande
24,I_24h,4,0.413758,-0.687368,1.018077,0.569444,0.186701,0.359649,0.166564,0.566265,0.166311,0.376000,26,Sub bacia do Arroio Fundo/Rio Grande
24,I_24h,5,1.355031,-0.010000,0.050904,0.513889,0.161125,0.370000,0.159503,0.518072,0.144989,0.387387,26,Sub bacia do Arroio Fundo/Rio Grande
24,I_24h,6,1.355031,-0.010000,0.050904,0.541667,0.165375,0.378641,0.171179,0.542169,0.148387,0.394737,26,Sub bacia do Arroio Fundo/Rio Grande
24,I_24h,7,1.355031,-0.010000,0.050904,0.541667,0.166234,0.378641,0.171003,0.542169,0.149028,0.394737,26,Sub bacia do Arroio Fundo/Rio Grande
24,I_24h,8,0.413758,-0.166316,1.018077,0.583333,0.184416,0.371681,0.176830,0.578313,0.164859,0.387097,26,Sub bacia do Arroio Fundo/Rio Grande
24,I_24h,9,1.198152,-0.010000,0.254519,0.500000,0.135065,0.409091,0.176919,0.506024,0.123644,0.424242,26,Sub bacia do Arroio Fundo/Rio Grande
24,I_24h,10,0.570637,-0.114211,0.967173,0.569444,0.179221,0.372727,0.174208,0.566265,0.160521,0.388430,26,Sub bacia do Arroio Fundo/Rio Grande
1/6,I_15min,1,56.451885,-0.010000,26.919623,0.222222,0.002315,0.666667,0.147805,0.200000,0.012245,0.250000,27,Sub bacia do Rio do Anil
1/6,I_15min,2,36.214438,-0.010000,43.968717,0.222222,0.006977,0.400000,0.088269,0.200000,0.016393,0.200000,27,Sub bacia do Rio do Anil
1/6,I_15min,3,36.214438,-0.010000,43.968717,0.222222,0.006993,0.400000,0.088267,0.200000,0.016461,0.200000,27,Sub bacia do Rio do Anil
1/6,I_15min,4,36.214438,-0.010000,43.968717,0.222222,0.007009,0.400000,0.088266,0.200000,0.016495,0.200000,27,Sub bacia do Rio do Anil
1/6,I_15min,5,41.273800,-0.010000,40.379434,0.222222,0.007009,0.400000,0.088266,0.200000,0.016495,0.200000,27,Sub bacia do Rio do Anil
1/6,I_15min,6,51.392523,-0.010000,32.303547,0.222222,0.007075,0.400000,0.088260,0.200000,0.016632,0.200000,27,Sub bacia do Rio do Anil
1/6,I_15min,7,51.392523,-0.010000,32.303547,0.222222,0.007109,0.400000,0.088257,0.200000,0.016701,0.200000,27,Sub bacia do Rio do Anil
1/6,I_15min,8,51.392523,-0.010000,32.303547,0.222222,0.007126,0.400000,0.088255,0.200000,0.016771,0.200000,27,Sub bacia do Rio do Anil
1/6,I_15min,9,51.392523,-0.010000,32.303547,0.222222,0.007126,0.400000,0.088255,0.200000,0.016771,0.200000,27,Sub bacia do Rio do Anil
1/6,I_15min,10,51.392523,-0.010000,32.303547,0.222222,0.007126,0.400000,0.088255,0.200000,0.016771,0.200000,27,Sub bacia do Rio do Anil
1/2,I_30min,1,97.228581,-0.270526,22.680465,0.375000,0.056511,0.115385,0.040824,0.400000,0.057143,0.125000,27,Sub bacia do Rio do Anil
1/2,I_30min,2,111.010386,-0.114211,20.570655,0.250000,0.037037,0.117647,0.028322,0.300000,0.040984,0.130435,27,Sub bacia do Rio do Anil
1/2,I_30min,3,0.755945,-0.062105,22.680465,0.875000,0.351485,0.046980,0.026659,0.800000,0.302469,0.051613,27,Sub bacia do Rio do Anil
1/2,I_30min,4,0.755945,-0.114211,22.680465,0.875000,0.354839,0.046667,0.026344,0.800000,0.305155,0.051282,27,Sub bacia do Rio do Anil
1/2,I_30min,5,28.319555,-1.000000,22.153013,0.875000,0.300248,0.054688,0.033484,0.800000,0.259794,0.059701,27,Sub bacia do Rio do Anil
1/2,I_30min,6,99.984942,-0.270526,22.680465,0.625000,0.187970,0.062500,0.031720,0.600000,0.166320,0.069767,27,Sub bacia do Rio do Anil
1/2,I_30min,7,102.741303,-0.114211,21.098107,0.500000,0.130982,0.071429,0.031036,0.500000,0.118998,0.080645,27,Sub bacia do Rio do Anil
1/2,I_30min,8,22.806833,-0.166316,22.680465,0.750000,0.252525,0.056604,0.031732,0.700000,0.220126,0.062500,27,Sub bacia do Rio do Anil
1/2,I_30min,9,22.806833,-0.166316,22.680465,0.750000,0.257576,0.055556,0.030934,0.700000,0.224319,0.061404,27,Sub bacia do Rio do Anil
1/2,I_30min,10,17.294111,-1.000000,22.680465,0.875000,0.325758,0.051471,0.030366,0.800000,0.280922,0.056338,27,Sub bacia do Rio do Anil
1,I_1h,1,47.025994,-0.114211,16.324391,0.333333,0.020151,0.272727,0.089077,0.300000,0.026531,0.187500,27,Sub bacia do Rio do Anil
1,I_1h,2,59.264864,-0.114211,15.935715,0.333333,0.032911,0.187500,0.060443,0.300000,0.036885,0.142857,27,Sub bacia do Rio do Anil
1,I_1h,3,59.264864,-0.114211,15.935715,0.333333,0.053299,0.125000,0.039446,0.300000,0.053498,0.103448,27,Sub bacia do Rio do Anil
1,I_1h,4,59.264864,-0.114211,15.935715,0.333333,0.071247,0.096774,0.029960,0.300000,0.068041,0.083333,27,Sub bacia do Rio do Anil
1,I_1h,5,71.503733,-0.895789,13.214983,0.777778,0.269720,0.061947,0.035186,0.700000,0.228866,0.059322,27,Sub bacia do Rio do Anil
1,I_1h,6,49.473768,-0.739474,12.826307,0.888889,0.298201,0.064516,0.040247,0.800000,0.251559,0.062016,27,Sub bacia do Rio do Anil
1,I_1h,7,105.772569,-0.114211,10.882927,0.555556,0.144703,0.081967,0.038948,0.500000,0.127349,0.075758,27,Sub bacia do Rio do Anil
1,I_1h,8,91.085925,-0.947895,12.826307,0.888889,0.316062,0.061538,0.037412,0.800000,0.266247,0.059259,27,Sub bacia do Rio do Anil
1,I_1h,9,83.742603,-0.895789,12.826307,0.888889,0.321244,0.060606,0.036566,0.800000,0.270440,0.058394,27,Sub bacia do Rio do Anil
1,I_1h,10,78.847055,-0.843684,12.826307,0.888889,0.329016,0.059259,0.035344,0.800000,0.276730,0.057143,27,Sub bacia do Rio do Anil
2,I_2h,1,22.827404,-0.114211,10.214279,0.333333,0.023981,0.230769,0.075078,0.300000,0.030612,0.166667,27,Sub bacia do Rio do Anil
2,I_2h,2,38.690713,-0.166316,11.122215,0.333333,0.028916,0.200000,0.064739,0.300000,0.034836,0.150000,27,Sub bacia do Rio do Anil
2,I_2h,3,38.690713,-0.166316,11.122215,0.333333,0.043584,0.142857,0.045544,0.300000,0.047325,0.115385,27,Sub bacia do Rio do Anil
2,I_2h,4,2.998268,-0.010000,9.760311,0.555556,0.145631,0.076923,0.036511,0.500000,0.134021,0.071429,27,Sub bacia do Rio do Anil
2,I_2h,5,20.183519,-0.843684,11.122215,0.555556,0.133495,0.083333,0.040116,0.500000,0.123711,0.076923,27,Sub bacia do Rio do Anil
2,I_2h,6,20.183519,-0.843684,11.122215,0.555556,0.134804,0.083333,0.040055,0.500000,0.124740,0.076923,27,Sub bacia do Rio do Anil
2,I_2h,7,2.998268,-0.010000,9.760311,0.555556,0.142857,0.079365,0.037793,0.500000,0.131524,0.073529,27,Sub bacia do Rio do Anil
2,I_2h,8,2.998268,-0.010000,9.760311,0.555556,0.143210,0.079365,0.037777,0.500000,0.132075,0.073529,27,Sub bacia do Rio do Anil
2,I_2h,9,2.998268,-0.010000,9.760311,0.555556,0.143210,0.079365,0.037777,0.500000,0.132075,0.073529,27,Sub bacia do Rio do Anil
2,I_2h,10,2.998268,-0.010000,9.760311,0.555556,0.143210,0.079365,0.037777,0.500000,0.132075,0.073529,27,Sub bacia do Rio do Anil
3,I_3h,1,15.878655,-0.166316,8.333949,0.333333,0.028436,0.200000,0.064771,0.300000,0.034694,0.150000,27,Sub bacia do Rio do Anil
3,I_3h,2,34.605992,-0.218421,8.163868,0.333333,0.030879,0.187500,0.060570,0.300000,0.034836,0.150000,27,Sub bacia do Rio do Anil
3,I_3h,3,2.353356,-0.010000,7.653626,0.555556,0.112172,0.096154,0.047427,0.500000,0.104938,0.089286,27,Sub bacia do Rio do Anil
3,I_3h,4,2.353356,-0.010000,7.653626,0.555556,0.117225,0.092593,0.045410,0.500000,0.109278,0.086207,27,Sub bacia do Rio do Anil
3,I_3h,5,2.353356,-0.010000,7.653626,0.555556,0.117225,0.092593,0.045410,0.500000,0.109278,0.086207,27,Sub bacia do Rio do Anil
3,I_3h,6,2.353356,-0.010000,7.653626,0.555556,0.118357,0.092593,0.045352,0.500000,0.110187,0.086207,27,Sub bacia do Rio do Anil
3,I_3h,7,2.353356,-0.010000,7.653626,0.555556,0.118932,0.092593,0.045322,0.500000,0.110647,0.086207,27,Sub bacia do Rio do Anil
3,I_3h,8,2.353356,-0.010000,7.653626,0.555556,0.121655,0.090909,0.044361,0.500000,0.113208,0.084746,27,Sub bacia do Rio do Anil
3,I_3h,9,2.353356,-0.010000,7.653626,0.555556,0.124088,0.089286,0.043448,0.500000,0.115304,0.083333,27,Sub bacia do Rio do Anil
3,I_3h,10,2.353356,-0.010000,7.653626,0.555556,0.126521,0.087719,0.042567,0.500000,0.117400,0.081967,27,Sub bacia do Rio do Anil
6,I_6h,1,27.905261,-0.218421,4.745197,0.333333,0.034091,0.200000,0.064394,0.300000,0.034694,0.150000,27,Sub bacia do Rio do Anil
6,I_6h,2,27.340363,-0.218421,4.846159,0.333333,0.042735,0.166667,0.053181,0.300000,0.038934,0.136364,27,Sub bacia do Rio do Anil
6,I_6h,3,1.355072,-0.010000,4.947121,0.444444,0.100287,0.102564,0.041013,0.400000,0.080247,0.093023,27,Sub bacia do Rio do Anil
6,I_6h,4,1.355072,-0.010000,4.947121,0.444444,0.100575,0.102564,0.040999,0.400000,0.080412,0.093023,27,Sub bacia do Rio do Anil
6,I_6h,5,1.355072,-0.010000,4.947121,0.444444,0.103448,0.100000,0.039847,0.400000,0.082474,0.090909,27,Sub bacia do Rio do Anil
6,I_6h,6,4.744458,-1.000000,4.846159,0.555556,0.151163,0.087719,0.041366,0.500000,0.116424,0.081967,27,Sub bacia do Rio do Anil
6,I_6h,7,1.355072,-0.010000,4.947121,0.444444,0.099415,0.105263,0.042133,0.400000,0.079332,0.095238,27,Sub bacia do Rio do Anil
6,I_6h,8,1.355072,-0.010000,4.947121,0.444444,0.102339,0.102564,0.040919,0.400000,0.081761,0.093023,27,Sub bacia do Rio do Anil
6,I_6h,9,1.355072,-0.010000,4.947121,0.444444,0.102339,0.102564,0.040919,0.400000,0.081761,0.093023,27,Sub bacia do Rio do Anil
6,I_6h,10,1.355072,-0.010000,4.947121,0.444444,0.102339,0.102564,0.040919,0.400000,0.081761,0.093023,27,Sub bacia do Rio do Anil
8,I_8h,1,20.082000,-0.218421,3.802868,0.333333,0.032544,0.214286,0.069104,0.300000,0.032653,0.157895,27,Sub bacia do Rio do Anil
8,I_8h,2,19.235055,-0.218421,3.802868,0.333333,0.047619,0.157895,0.050125,0.300000,0.043033,0.125000,27,Sub bacia do Rio do Anil
8,I_8h,3,19.235055,-0.218421,3.802868,0.333333,0.065868,0.120000,0.037365,0.300000,0.055556,0.100000,27,Sub bacia do Rio do Anil
8,I_8h,4,11.189076,-0.062105,3.802868,0.222222,0.027027,0.181818,0.039312,0.200000,0.028866,0.125000,27,Sub bacia do Rio do Anil
8,I_8h,5,1.025734,-0.010000,3.725259,0.444444,0.105105,0.102564,0.040793,0.400000,0.082474,0.090909,27,Sub bacia do Rio do Anil
8,I_8h,6,1.025734,-0.010000,3.725259,0.444444,0.103343,0.105263,0.041949,0.400000,0.081081,0.093023,27,Sub bacia do Rio do Anil
8,I_8h,7,1.025734,-0.010000,3.725259,0.444444,0.103976,0.105263,0.041919,0.400000,0.081420,0.093023,27,Sub bacia do Rio do Anil
8,I_8h,8,1.025734,-0.010000,3.725259,0.444444,0.103976,0.105263,0.041919,0.400000,0.081761,0.093023,27,Sub bacia do Rio do Anil
8,I_8h,9,1.025734,-0.010000,3.725259,0.444444,0.103976,0.105263,0.041919,0.400000,0.081761,0.093023,27,Sub bacia do Rio do Anil
8,I_8h,10,1.025734,-0.010000,3.725259,0.444444,0.107034,0.102564,0.040705,0.400000,0.083857,0.090909,27,Sub bacia do Rio do Anil
10,I_10h,1,15.727531,-0.218421,3.068185,0.333333,0.037267,0.200000,0.064182,0.300000,0.034694,0.150000,27,Sub bacia do Rio do Anil
10,I_10h,2,15.727531,-0.218421,3.068185,0.333333,0.049844,0.157895,0.050008,0.300000,0.040984,0.130435,27,Sub bacia do Rio do Anil
10,I_10h,3,15.727531,-0.218421,3.068185,0.333333,0.072100,0.115385,0.035688,0.300000,0.055556,0.100000,27,Sub bacia do Rio do Anil
10,I_10h,4,0.831688,-0.010000,2.942953,0.444444,0.125786,0.090909,0.035322,0.400000,0.090722,0.083333,27,Sub bacia do Rio do Anil
10,I_10h,5,2.524398,-1.000000,3.068185,0.555556,0.179245,0.080645,0.036772,0.500000,0.125773,0.075758,27,Sub bacia do Rio do Anil
10,I_10h,6,2.524398,-1.000000,3.068185,0.555556,0.175159,0.083333,0.038187,0.500000,0.122661,0.078125,27,Sub bacia do Rio do Anil
10,I_10h,7,2.524398,-1.000000,3.068185,0.555556,0.173077,0.084746,0.038932,0.500000,0.121086,0.079365,27,Sub bacia do Rio do Anil
10,I_10h,8,0.831688,-0.010000,3.005569,0.444444,0.118590,0.097561,0.038218,0.400000,0.085954,0.088889,27,Sub bacia do Rio do Anil
10,I_10h,9,0.831688,-0.010000,3.005569,0.444444,0.118590,0.097561,0.038218,0.400000,0.085954,0.088889,27,Sub bacia do Rio do Anil
10,I_10h,10,0.831688,-0.010000,3.005569,0.444444,0.118590,0.097561,0.038218,0.400000,0.085954,0.088889,27,Sub bacia do Rio do Anil
12,I_12h,1,13.388562,-0.218421,2.574404,0.333333,0.036474,0.200000,0.064235,0.300000,0.034694,0.150000,27,Sub bacia do Rio do Anil
12,I_12h,2,13.670596,-0.218421,2.574404,0.333333,0.051829,0.150000,0.047409,0.300000,0.043033,0.125000,27,Sub bacia do Rio do Anil
12,I_12h,3,0.697023,-0.010000,2.521865,0.444444,0.113497,0.097561,0.038439,0.400000,0.084362,0.088889,27,Sub bacia do Rio do Anil
12,I_12h,4,0.697023,-0.010000,2.521865,0.444444,0.113846,0.097561,0.038424,0.400000,0.084536,0.088889,27,Sub bacia do Rio do Anil
12,I_12h,5,2.671262,-1.000000,2.574404,0.555556,0.166154,0.084746,0.039258,0.500000,0.119588,0.079365,27,Sub bacia do Rio do Anil
12,I_12h,6,2.671262,-1.000000,2.574404,0.555556,0.161994,0.087719,0.040839,0.500000,0.116424,0.081967,27,Sub bacia do Rio do Anil
12,I_12h,7,2.671262,-1.000000,2.574404,0.555556,0.159875,0.089286,0.041673,0.500000,0.114823,0.083333,27,Sub bacia do Rio do Anil
12,I_12h,8,2.671262,-1.000000,2.574404,0.555556,0.166144,0.086207,0.039936,0.500000,0.119497,0.080645,27,Sub bacia do Rio do Anil
12,I_12h,9,0.697023,-0.010000,2.574404,0.444444,0.112853,0.100000,0.039429,0.400000,0.083857,0.090909,27,Sub bacia do Rio do Anil
12,I_12h,10,0.697023,-0.010000,2.574404,0.444444,0.112853,0.100000,0.039429,0.400000,0.083857,0.090909,27,Sub bacia do Rio do Anil
24,I_24h,1,6.594104,-0.218421,1.358169,0.333333,0.043860,0.166667,0.053119,0.300000,0.042735,0.130435,27,Sub bacia do Rio do Anil
24,I_24h,2,1.511762,-0.010000,0.415766,0.444444,0.105572,0.100000,0.039752,0.400000,0.085837,0.090909,27,Sub bacia do Rio do Anil
24,I_24h,3,1.088233,-0.010000,0.776096,0.444444,0.112094,0.095238,0.037583,0.400000,0.090517,0.086957,27,Sub bacia do Rio do Anil
24,I_24h,4,1.088233,-0.010000,0.776096,0.444444,0.112426,0.095238,0.037569,0.400000,0.090713,0.086957,27,Sub bacia do Rio do Anil
24,I_24h,5,1.511762,-1.000000,1.302733,0.555556,0.165680,0.081967,0.037993,0.500000,0.129590,0.076923,27,Sub bacia do Rio do Anil
24,I_24h,6,1.511762,-1.000000,1.302733,0.555556,0.161677,0.084746,0.039469,0.500000,0.126362,0.079365,27,Sub bacia do Rio do Anil
24,I_24h,7,1.511762,-1.000000,1.302733,0.555556,0.162651,0.084746,0.039423,0.500000,0.126915,0.079365,27,Sub bacia do Rio do Anil
24,I_24h,8,0.523528,-0.010000,1.275016,0.444444,0.111446,0.097561,0.038528,0.400000,0.089912,0.088889,27,Sub bacia do Rio do Anil
24,I_24h,9,0.523528,-0.010000,1.275016,0.444444,0.111446,0.097561,0.038528,0.400000,0.089912,0.088889,27,Sub bacia do Rio do Anil
24,I_24h,10,0.523528,-0.010000,1.275016,0.444444,0.111446,0.097561,0.038528,0.400000,0.089912,0.088889,27,Sub bacia do Rio do Anil
1/6,I_15min,1,127.444575,-0.114211,19.900165,0.333333,0.060606,0.176471,0.055258,0.300000,0.047872,0.142857,28,Sub bacia do Rio Guerenguê
1/6,I_15min,2,107.035139,-0.062105,14.547499,0.375000,0.077922,0.142857,0.049397,0.333333,0.058667,0.120000,28,Sub bacia do Rio Guerenguê
1/6,I_15min,3,107.035139,-0.062105,14.547499,0.375000,0.103896,0.111111,0.037338,0.333333,0.075067,0.096774,28,Sub bacia do Rio Guerenguê
1/6,I_15min,4,54.553732,-0.218421,20.498748,0.750000,0.367965,0.065934,0.031254,0.666667,0.238606,0.063158,28,Sub bacia do Rio Guerenguê
1/6,I_15min,5,83.710069,-0.218421,20.498748,0.875000,0.376623,0.074468,0.040619,0.777778,0.243968,0.071429,28,Sub bacia do Rio Guerenguê
1/6,I_15min,6,142.022744,-0.114211,12.563749,0.750000,0.320175,0.075949,0.038724,0.666667,0.208672,0.072289,28,Sub bacia do Rio Guerenguê
1/6,I_15min,7,144.938378,-0.114211,12.563749,0.750000,0.334802,0.073171,0.036505,0.666667,0.217984,0.069767,28,Sub bacia do Rio Guerenguê
1/6,I_15min,8,139.107110,-0.114211,14.547499,0.750000,0.330396,0.074074,0.037200,0.666667,0.215847,0.070588,28,Sub bacia do Rio Guerenguê
1/6,I_15min,9,136.191476,-0.062105,0.000000,0.750000,0.303965,0.080000,0.041762,0.666667,0.199454,0.075949,28,Sub bacia do Rio Guerenguê
1/6,I_15min,10,136.191476,-0.062105,0.000000,0.750000,0.317181,0.076923,0.039393,0.666667,0.207650,0.073171,28,Sub bacia do Rio Guerenguê
1/2,I_30min,1,68.369506,-0.062105,9.221111,0.333333,0.057143,0.176471,0.055462,0.300000,0.047872,0.142857,28,Sub bacia do Rio Guerenguê
1/2,I_30min,2,70.400970,-0.062105,9.059419,0.375000,0.090164,0.120000,0.040943,0.333333,0.069333,0.103448,28,Sub bacia do Rio Guerenguê
1/2,I_30min,3,86.652684,-0.062105,5.721738,0.375000,0.127572,0.088235,0.028867,0.333333,0.093834,0.078947,28,Sub bacia do Rio Guerenguê
1/2,I_30min,4,35.866078,-0.062105,3.814492,0.750000,0.423868,0.055046,0.023785,0.666667,0.286863,0.053097,28,Sub bacia do Rio Guerenguê
1/2,I_30min,5,98.841470,-0.218421,12.397100,0.875000,0.395062,0.067961,0.035973,0.777778,0.268097,0.065421,28,Sub bacia do Rio Guerenguê
1/2,I_30min,6,100.872934,-0.218421,12.397100,0.875000,0.445833,0.061404,0.029774,0.777778,0.300813,0.059322,28,Sub bacia do Rio Guerenguê
1/2,I_30min,7,96.810006,-0.114211,7.152173,0.750000,0.384937,0.061224,0.028243,0.666667,0.261580,0.058824,28,Sub bacia do Rio Guerenguê
1/2,I_30min,8,56.180721,-0.062105,10.966665,0.625000,0.288703,0.067568,0.030038,0.555556,0.199454,0.064103,28,Sub bacia do Rio Guerenguê
1/2,I_30min,9,80.558292,-0.062105,0.476812,0.750000,0.351464,0.066667,0.032427,0.666667,0.240437,0.063830,28,Sub bacia do Rio Guerenguê
1/2,I_30min,10,80.558292,-0.062105,0.476812,0.750000,0.364017,0.064516,0.030773,0.666667,0.248634,0.061856,28,Sub bacia do Rio Guerenguê
1,I_1h,1,53.248577,-0.166316,9.032800,0.444444,0.123894,0.125000,0.048673,0.400000,0.085106,0.111111,28,Sub bacia do Rio Guerenguê
1,I_1h,2,56.983507,-0.114211,6.106349,0.500000,0.164444,0.097561,0.040759,0.444444,0.109333,0.088889,28,Sub bacia do Rio Guerenguê
1,I_1h,3,58.228484,-0.114211,7.391896,0.500000,0.196429,0.083333,0.033482,0.444444,0.128686,0.076923,28,Sub bacia do Rio Guerenguê
1,I_1h,4,10.919374,-0.062105,7.713283,1.000000,0.540179,0.062016,0.028516,0.888889,0.335121,0.060150,28,Sub bacia do Rio Guerenguê
1,I_1h,5,45.778718,-0.166316,9.320216,0.875000,0.366071,0.078652,0.043627,0.777778,0.230563,0.075269,28,Sub bacia do Rio Guerenguê
1,I_1h,6,61.963413,-0.114211,7.713283,0.750000,0.325792,0.076923,0.038897,0.666667,0.205962,0.073171,28,Sub bacia do Rio Guerenguê
1,I_1h,7,61.963413,-0.114211,7.713283,0.750000,0.345455,0.073171,0.035920,0.666667,0.217984,0.069767,28,Sub bacia do Rio Guerenguê
1,I_1h,8,59.473460,-0.062105,0.000000,0.750000,0.350000,0.072289,0.035241,0.666667,0.221311,0.068966,28,Sub bacia do Rio Guerenguê
1,I_1h,9,61.963413,-0.062105,0.642774,0.750000,0.350000,0.072289,0.035241,0.666667,0.221311,0.068966,28,Sub bacia do Rio Guerenguê
1,I_1h,10,61.963413,-0.062105,0.642774,0.750000,0.363636,0.069767,0.033298,0.666667,0.229508,0.066667,28,Sub bacia do Rio Guerenguê
2,I_2h,1,25.821998,-0.062105,1.414768,0.444444,0.102128,0.142857,0.057008,0.400000,0.074468,0.125000,28,Sub bacia do Rio Guerenguê
2,I_2h,2,3.602085,-0.010000,6.762458,0.875000,0.358974,0.076923,0.043146,0.777778,0.234667,0.073684,28,Sub bacia do Rio Guerenguê
2,I_2h,3,28.120610,-0.843684,9.426457,0.625000,0.206009,0.094340,0.046816,0.555556,0.139410,0.087719,28,Sub bacia do Rio Guerenguê
2,I_2h,4,25.055794,-1.000000,9.426457,0.750000,0.244635,0.095238,0.053955,0.666667,0.163539,0.089552,28,Sub bacia do Rio Guerenguê
2,I_2h,5,28.120610,-0.218421,9.426457,0.750000,0.188841,0.120000,0.073004,0.666667,0.128686,0.111111,28,Sub bacia do Rio Guerenguê
2,I_2h,6,30.419222,-0.218421,9.221534,0.750000,0.204348,0.113208,0.067555,0.666667,0.138211,0.105263,28,Sub bacia do Rio Guerenguê
2,I_2h,7,32.717833,-0.218421,9.426457,0.750000,0.214912,0.109091,0.064234,0.666667,0.144414,0.101695,28,Sub bacia do Rio Guerenguê
2,I_2h,8,24.289590,-0.166316,9.221534,0.750000,0.215859,0.109091,0.064157,0.666667,0.144809,0.101695,28,Sub bacia do Rio Guerenguê
2,I_2h,9,30.419222,-0.166316,9.221534,0.750000,0.211454,0.111111,0.065712,0.666667,0.142077,0.103448,28,Sub bacia do Rio Guerenguê
2,I_2h,10,30.419222,-0.166316,9.221534,0.750000,0.220264,0.107143,0.062657,0.666667,0.147541,0.100000,28,Sub bacia do Rio Guerenguê
3,I_3h,1,16.197737,-0.114211,5.954186,0.333333,0.056769,0.187500,0.058952,0.300000,0.045213,0.150000,28,Sub bacia do Rio Guerenguê
3,I_3h,2,17.889290,-0.114211,6.469902,0.375000,0.074561,0.150000,0.052056,0.333333,0.056000,0.125000,28,Sub bacia do Rio Guerenguê
3,I_3h,3,20.144693,-0.791579,6.623947,0.625000,0.215859,0.092593,0.045379,0.555556,0.142091,0.086207,28,Sub bacia do Rio Guerenguê
3,I_3h,4,11.123081,-1.000000,6.623947,0.750000,0.295154,0.082192,0.043449,0.666667,0.190349,0.077922,28,Sub bacia do Rio Guerenguê
3,I_3h,5,18.453141,-0.218421,6.623947,0.750000,0.211454,0.111111,0.065712,0.666667,0.139410,0.103448,28,Sub bacia do Rio Guerenguê
3,I_3h,6,18.453141,-0.218421,6.623947,0.750000,0.241071,0.100000,0.056920,0.666667,0.157182,0.093750,28,Sub bacia do Rio Guerenguê
3,I_3h,7,18.453141,-0.166316,6.315856,0.750000,0.247748,0.098361,0.055494,0.666667,0.160763,0.092308,28,Sub bacia do Rio Guerenguê
3,I_3h,8,23.527798,-0.166316,6.161811,0.750000,0.238739,0.101695,0.058062,0.666667,0.155738,0.095238,28,Sub bacia do Rio Guerenguê
3,I_3h,9,23.527798,-0.166316,6.161811,0.750000,0.252252,0.096774,0.054272,0.666667,0.163934,0.090909,28,Sub bacia do Rio Guerenguê
3,I_3h,10,23.527798,-0.166316,6.161811,0.750000,0.261261,0.093750,0.051943,0.666667,0.169399,0.088235,28,Sub bacia do Rio Guerenguê
6,I_6h,1,17.859054,-0.114211,3.001793,0.333333,0.053812,0.200000,0.063079,0.300000,0.042553,0.157895,28,Sub bacia do Rio Guerenguê
6,I_6h,2,10.321798,-0.062105,2.900924,0.375000,0.081081,0.142857,0.049228,0.333333,0.058667,0.120000,28,Sub bacia do Rio Guerenguê
6,I_6h,3,9.245047,-0.062105,3.444847,0.375000,0.081448,0.142857,0.049208,0.333333,0.058981,0.120000,28,Sub bacia do Rio Guerenguê
6,I_6h,4,9.245047,-0.062105,3.444847,0.375000,0.099548,0.120000,0.040520,0.333333,0.069705,0.103448,28,Sub bacia do Rio Guerenguê
6,I_6h,5,16.423387,-0.218421,3.082232,0.750000,0.253394,0.096774,0.054189,0.666667,0.160858,0.090909,28,Sub bacia do Rio Guerenguê
6,I_6h,6,16.423387,-0.218421,3.082232,0.750000,0.288991,0.086957,0.046370,0.666667,0.181572,0.082192,28,Sub bacia do Rio Guerenguê
6,I_6h,7,16.064470,-0.270526,3.444847,0.750000,0.296296,0.085714,0.045238,0.666667,0.185286,0.081081,28,Sub bacia do Rio Guerenguê
6,I_6h,8,8.527213,-0.218421,3.444847,0.750000,0.305556,0.083333,0.043403,0.666667,0.191257,0.078947,28,Sub bacia do Rio Guerenguê
6,I_6h,9,11.757466,-0.166316,3.082232,0.750000,0.319444,0.080000,0.040833,0.666667,0.199454,0.075949,28,Sub bacia do Rio Guerenguê
6,I_6h,10,11.757466,-0.166316,3.082232,0.750000,0.328704,0.077922,0.039232,0.666667,0.204918,0.074074,28,Sub bacia do Rio Guerenguê
8,I_8h,1,13.350385,-0.114211,2.305689,0.333333,0.070270,0.187500,0.058108,0.300000,0.045213,0.150000,28,Sub bacia do Rio Guerenguê
8,I_8h,2,14.206539,-0.114211,2.781334,0.375000,0.092391,0.150000,0.051053,0.333333,0.056000,0.125000,28,Sub bacia do Rio Guerenguê
8,I_8h,3,7.928072,-0.062105,2.711801,0.375000,0.098361,0.142857,0.048302,0.333333,0.058981,0.120000,28,Sub bacia do Rio Guerenguê
8,I_8h,4,9.069612,-0.062105,2.433668,0.375000,0.120219,0.120000,0.039590,0.333333,0.069705,0.103448,28,Sub bacia do Rio Guerenguê
8,I_8h,5,13.921154,-0.374737,2.642268,0.750000,0.327869,0.090909,0.045827,0.666667,0.171582,0.085714,28,Sub bacia do Rio Guerenguê
8,I_8h,6,10.211151,-0.062105,2.433668,0.375000,0.116667,0.125000,0.041406,0.333333,0.067751,0.107143,28,Sub bacia do Rio Guerenguê
8,I_8h,7,13.635770,-0.270526,2.572734,0.750000,0.376404,0.082192,0.038441,0.666667,0.193460,0.077922,28,Sub bacia do Rio Guerenguê
8,I_8h,8,14.206539,-0.218421,2.433668,0.750000,0.376404,0.082192,0.038441,0.666667,0.193989,0.077922,28,Sub bacia do Rio Guerenguê
8,I_8h,9,13.065000,-0.062105,2.642268,0.375000,0.129213,0.115385,0.037678,0.333333,0.073770,0.100000,28,Sub bacia do Rio Guerenguê
8,I_8h,10,14.206539,-0.218421,2.433668,0.750000,0.404494,0.076923,0.034356,0.666667,0.207650,0.073171,28,Sub bacia do Rio Guerenguê
10,I_10h,1,11.012142,-0.114211,1.872631,0.333333,0.085227,0.166667,0.050821,0.300000,0.050532,0.136364,28,Sub bacia do Rio Guerenguê
10,I_10h,2,9.042928,-0.062105,1.469887,0.375000,0.091429,0.157895,0.053797,0.333333,0.053333,0.130435,28,Sub bacia do Rio Guerenguê
10,I_10h,3,9.535232,-0.062105,1.696024,0.375000,0.086207,0.166667,0.057112,0.333333,0.050938,0.136364,28,Sub bacia do Rio Guerenguê
10,I_10h,4,7.566017,-0.062105,2.204831,0.375000,0.114943,0.130435,0.043291,0.333333,0.064343,0.111111,28,Sub bacia do Rio Guerenguê
10,I_10h,5,9.535232,-0.322632,2.091762,0.750000,0.350575,0.089552,0.043618,0.666667,0.174263,0.084507,28,Sub bacia do Rio Guerenguê
10,I_10h,6,8.058321,-0.062105,2.091762,0.375000,0.122807,0.125000,0.041118,0.333333,0.067751,0.107143,28,Sub bacia do Rio Guerenguê
10,I_10h,7,10.765990,-0.270526,2.091762,0.750000,0.390533,0.083333,0.038092,0.666667,0.190736,0.078947,28,Sub bacia do Rio Guerenguê
10,I_10h,8,8.304473,-0.062105,2.148296,0.375000,0.142012,0.111111,0.035750,0.333333,0.076503,0.096774,28,Sub bacia do Rio Guerenguê
10,I_10h,9,10.765990,-0.062105,2.148296,0.375000,0.124260,0.125000,0.041050,0.333333,0.068306,0.107143,28,Sub bacia do Rio Guerenguê
10,I_10h,10,11.504446,-0.062105,2.148296,0.375000,0.130178,0.120000,0.039142,0.333333,0.071038,0.103448,28,Sub bacia do Rio Guerenguê
12,I_12h,1,9.459353,-0.062105,0.238153,0.333333,0.094972,0.150000,0.045251,0.300000,0.055851,0.125000,28,Sub bacia do Rio Guerenguê
12,I_12h,2,7.344146,-0.062105,1.377400,0.375000,0.089888,0.157895,0.053888,0.333333,0.053333,0.130435,28,Sub bacia do Rio Guerenguê
12,I_12h,3,7.555666,-0.062105,1.614883,0.375000,0.090395,0.157895,0.053858,0.333333,0.053619,0.130435,28,Sub bacia do Rio Guerenguê
12,I_12h,4,6.709583,-0.062105,1.804869,0.375000,0.107345,0.136364,0.045647,0.333333,0.061662,0.115385,28,Sub bacia do Rio Guerenguê
12,I_12h,5,8.401749,-0.322632,1.757372,0.750000,0.350282,0.088235,0.042996,0.666667,0.176944,0.083333,28,Sub bacia do Rio Guerenguê
12,I_12h,6,6.709583,-0.062105,1.804869,0.375000,0.120690,0.125000,0.041218,0.333333,0.067751,0.107143,28,Sub bacia do Rio Guerenguê
12,I_12h,7,7.555666,-0.062105,1.804869,0.375000,0.127907,0.120000,0.039244,0.333333,0.070845,0.103448,28,Sub bacia do Rio Guerenguê
12,I_12h,8,8.190229,-0.062105,1.804869,0.375000,0.127907,0.120000,0.039244,0.333333,0.071038,0.103448,28,Sub bacia do Rio Guerenguê
12,I_12h,9,8.824791,-0.062105,1.804869,0.375000,0.122093,0.125000,0.041152,0.333333,0.068306,0.107143,28,Sub bacia do Rio Guerenguê
12,I_12h,10,9.882394,-0.062105,1.804869,0.375000,0.122093,0.125000,0.041152,0.333333,0.068306,0.107143,28,Sub bacia do Rio Guerenguê
24,I_24h,1,5.170898,-0.166316,1.125461,0.333333,0.068063,0.187500,0.058246,0.300000,0.047486,0.150000,28,Sub bacia do Rio Guerenguê
24,I_24h,2,3.015767,-0.062105,1.120741,0.375000,0.068421,0.187500,0.065502,0.333333,0.047619,0.150000,28,Sub bacia do Rio Guerenguê
24,I_24h,3,4.029946,-0.062105,1.095269,0.375000,0.084656,0.157895,0.054198,0.333333,0.056338,0.130435,28,Sub bacia do Rio Guerenguê
24,I_24h,4,4.029946,-0.062105,1.095269,0.375000,0.089947,0.150000,0.051190,0.333333,0.059155,0.125000,28,Sub bacia do Rio Guerenguê
24,I_24h,5,3.903174,-0.062105,1.095269,0.375000,0.095238,0.142857,0.048469,0.333333,0.061972,0.120000,28,Sub bacia do Rio Guerenguê
24,I_24h,6,4.410264,-0.062105,1.095269,0.375000,0.091398,0.150000,0.051109,0.333333,0.059829,0.125000,28,Sub bacia do Rio Guerenguê
24,I_24h,7,4.537036,-0.062105,1.095269,0.375000,0.097826,0.142857,0.048331,0.333333,0.063037,0.120000,28,Sub bacia do Rio Guerenguê
24,I_24h,8,5.044126,-0.062105,1.095269,0.375000,0.103261,0.136364,0.045856,0.333333,0.066092,0.115385,28,Sub bacia do Rio Guerenguê
24,I_24h,9,5.424443,-0.062105,1.095269,0.375000,0.092391,0.150000,0.051053,0.333333,0.060345,0.125000,28,Sub bacia do Rio Guerenguê
24,I_24h,10,5.424443,-0.062105,1.095269,0.375000,0.092391,0.150000,0.051053,0.333333,0.060345,0.125000,28,Sub bacia do Rio Guerenguê
1/6,I_15min,1,193.872154,-0.322632,9.953507,0.625000,0.174757,0.121951,0.062900,0.588235,0.152642,0.113636,29,Sub bacia da Zona dos Canais
1/6,I_15min,2,65.228412,-0.166316,9.953507,0.687500,0.260976,0.093220,0.047363,0.647059,0.222004,0.088710,29,Sub bacia da Zona dos Canais
1/6,I_15min,3,69.516537,-0.166316,9.953507,0.687500,0.312958,0.079137,0.037380,0.647059,0.264822,0.075862,29,Sub bacia da Zona dos Canais
1/6,I_15min,4,211.024653,-0.114211,8.381900,0.500000,0.176471,0.100000,0.041176,0.470588,0.154455,0.093023,29,Sub bacia da Zona dos Canais
1/6,I_15min,5,211.024653,-0.114211,8.381900,0.500000,0.196078,0.090909,0.036542,0.470588,0.170297,0.085106,29,Sub bacia da Zona dos Canais
1/6,I_15min,6,176.719655,-0.114211,6.810294,0.625000,0.261728,0.086207,0.039778,0.588235,0.223553,0.081967,29,Sub bacia da Zona dos Canais
1/6,I_15min,7,211.024653,-0.114211,8.381900,0.625000,0.248139,0.090909,0.042719,0.588235,0.212425,0.086207,29,Sub bacia da Zona dos Canais
1/6,I_15min,8,211.024653,-0.114211,8.381900,0.687500,0.253731,0.097345,0.049944,0.647059,0.216867,0.092437,29,Sub bacia da Zona dos Canais
1/6,I_15min,9,211.024653,-0.114211,8.381900,0.687500,0.273632,0.090909,0.045398,0.647059,0.233400,0.086614,29,Sub bacia da Zona dos Canais
1/6,I_15min,10,211.024653,-0.114211,8.381900,0.687500,0.281095,0.088710,0.043845,0.647059,0.239437,0.084615,29,Sub bacia da Zona dos Canais
1/2,I_30min,1,138.183924,-0.322632,9.212725,0.625000,0.181818,0.125000,0.063920,0.588235,0.148728,0.116279,29,Sub bacia da Zona dos Canais
1/2,I_30min,2,128.819931,-0.114211,1.256281,0.500000,0.164491,0.112676,0.047071,0.470588,0.135560,0.103896,29,Sub bacia da Zona dos Canais
1/2,I_30min,3,32.058673,-0.114211,8.375204,0.750000,0.358639,0.080537,0.038740,0.705882,0.282609,0.077419,29,Sub bacia da Zona dos Canais
1/2,I_30min,4,153.790578,-0.114211,5.862643,0.500000,0.207349,0.091954,0.036444,0.470588,0.168317,0.086022,29,Sub bacia da Zona dos Canais
1/2,I_30min,5,47.665328,-0.114211,9.212725,0.687500,0.349081,0.076389,0.034185,0.647059,0.275248,0.073333,29,Sub bacia da Zona dos Canais
1/2,I_30min,6,153.790578,-0.114211,5.862643,0.625000,0.275132,0.087719,0.039741,0.588235,0.219561,0.083333,29,Sub bacia da Zona dos Canais
1/2,I_30min,7,125.698600,-0.114211,2.093801,0.750000,0.337766,0.086331,0.042878,0.705882,0.266533,0.082759,29,Sub bacia da Zona dos Canais
1/2,I_30min,8,147.547916,-0.114211,9.631485,0.625000,0.245333,0.098039,0.046242,0.588235,0.196787,0.092593,29,Sub bacia da Zona dos Canais
1/2,I_30min,9,153.790578,-0.114211,9.631485,0.625000,0.256000,0.094340,0.043868,0.588235,0.205231,0.089286,29,Sub bacia da Zona dos Canais
1/2,I_30min,10,153.790578,-0.062105,0.837520,0.500000,0.181333,0.105263,0.043088,0.470588,0.148893,0.097561,29,Sub bacia da Zona dos Canais
1,I_1h,1,67.104607,-0.114211,2.308958,0.500000,0.114583,0.153846,0.068109,0.470588,0.097847,0.137931,29,Sub bacia da Zona dos Canais
1,I_1h,2,81.654283,-0.114211,2.886198,0.500000,0.159686,0.115942,0.048714,0.470588,0.131631,0.106667,29,Sub bacia da Zona dos Canais
1,I_1h,3,77.497233,-0.062105,0.000000,0.375000,0.113158,0.122449,0.040722,0.352941,0.096838,0.109091,29,Sub bacia da Zona dos Canais
1,I_1h,4,102.439535,-0.114211,1.443099,0.562500,0.237467,0.090909,0.038993,0.529412,0.190099,0.085714,29,Sub bacia da Zona dos Canais
1,I_1h,5,71.261658,-0.062105,1.443099,0.437500,0.158311,0.104478,0.038473,0.411765,0.130693,0.095890,29,Sub bacia da Zona dos Canais
1,I_1h,6,79.575758,-0.062105,0.865859,0.500000,0.167553,0.112676,0.046898,0.470588,0.137725,0.103896,29,Sub bacia da Zona dos Canais
1,I_1h,7,65.026082,-0.062105,2.597578,0.562500,0.192513,0.111111,0.050468,0.529412,0.156313,0.103448,29,Sub bacia da Zona dos Canais
1,I_1h,8,81.654283,-0.062105,1.154479,0.562500,0.182306,0.116883,0.053761,0.529412,0.148594,0.108434,29,Sub bacia da Zona dos Canais
1,I_1h,9,79.575758,-0.062105,1.731719,0.562500,0.195710,0.109756,0.049655,0.529412,0.158954,0.102273,29,Sub bacia da Zona dos Canais
1,I_1h,10,71.261658,-0.062105,3.463437,0.562500,0.193029,0.111111,0.050436,0.529412,0.156942,0.103448,29,Sub bacia da Zona dos Canais
2,I_2h,1,54.714433,-0.114211,0.735406,0.437500,0.096203,0.155556,0.061508,0.411765,0.086106,0.137255,29,Sub bacia da Zona dos Canais
2,I_2h,2,65.316274,-0.114211,2.757771,0.437500,0.127226,0.122807,0.046892,0.411765,0.110020,0.111111,29,Sub bacia da Zona dos Canais
2,I_2h,3,57.364894,-0.062105,2.206217,0.312500,0.064103,0.166667,0.048745,0.294118,0.061265,0.138889,29,Sub bacia da Zona dos Canais
2,I_2h,4,65.316274,-0.114211,2.757771,0.500000,0.192802,0.096386,0.038901,0.470588,0.160396,0.089888,29,Sub bacia da Zona dos Canais
2,I_2h,5,48.088283,-0.062105,0.367703,0.437500,0.149100,0.107692,0.040090,0.411765,0.126733,0.098592,29,Sub bacia da Zona dos Canais
2,I_2h,6,52.063973,-0.062105,0.000000,0.500000,0.160622,0.114286,0.047964,0.470588,0.135729,0.105263,29,Sub bacia da Zona dos Canais
2,I_2h,7,52.063973,-0.062105,0.183851,0.562500,0.177083,0.116883,0.054104,0.529412,0.148297,0.108434,29,Sub bacia da Zona dos Canais
2,I_2h,8,52.063973,-0.062105,0.183851,0.562500,0.185379,0.112500,0.051550,0.529412,0.154618,0.104651,29,Sub bacia da Zona dos Canais
2,I_2h,9,65.316274,-0.062105,1.654663,0.500000,0.138381,0.131148,0.056500,0.470588,0.118712,0.119403,29,Sub bacia da Zona dos Canais
2,I_2h,10,61.340584,-0.062105,0.367703,0.562500,0.185379,0.112500,0.051550,0.529412,0.154930,0.104651,29,Sub bacia da Zona dos Canais
3,I_3h,1,36.969467,-0.114211,0.815518,0.500000,0.098765,0.166667,0.075103,0.470588,0.090020,0.148148,29,Sub bacia da Zona dos Canais
3,I_3h,2,38.758702,-0.062105,2.174714,0.312500,0.052109,0.192308,0.056965,0.294118,0.053045,0.156250,29,Sub bacia da Zona dos Canais
3,I_3h,3,35.180232,-0.062105,1.495116,0.375000,0.087500,0.146341,0.050076,0.352941,0.081028,0.127660,29,Sub bacia da Zona dos Canais
3,I_3h,4,31.601762,-0.062105,2.038794,0.375000,0.100251,0.130435,0.044009,0.352941,0.091089,0.115385,29,Sub bacia da Zona dos Canais
3,I_3h,5,43.231789,-0.062105,0.000000,0.437500,0.132832,0.116667,0.044262,0.411765,0.116832,0.106061,29,Sub bacia da Zona dos Canais
3,I_3h,6,36.969467,-0.062105,0.679598,0.500000,0.151515,0.117647,0.049911,0.470588,0.131737,0.108108,29,Sub bacia da Zona dos Canais
3,I_3h,7,26.234057,-0.062105,1.766955,0.562500,0.177665,0.113924,0.052697,0.529412,0.152305,0.105882,29,Sub bacia da Zona dos Canais
3,I_3h,8,41.442554,-0.062105,1.631035,0.500000,0.134860,0.131148,0.056730,0.470588,0.118474,0.119403,29,Sub bacia da Zona dos Canais
3,I_3h,9,43.231789,-0.062105,2.038794,0.500000,0.135204,0.131148,0.056708,0.470588,0.118712,0.119403,29,Sub bacia da Zona dos Canais
3,I_3h,10,38.758702,-0.062105,1.223276,0.562500,0.165816,0.121622,0.057068,0.529412,0.142857,0.112500,29,Sub bacia da Zona dos Canais
6,I_6h,1,20.892774,-0.114211,1.791511,0.375000,0.051044,0.214286,0.076255,0.352941,0.054795,0.176471,29,Sub bacia da Zona dos Canais
6,I_6h,2,17.074688,-0.062105,0.570026,0.437500,0.079254,0.170732,0.068775,0.411765,0.078585,0.148936,29,Sub bacia da Zona dos Canais
6,I_6h,3,24.165420,-0.062105,1.221485,0.375000,0.058685,0.193548,0.068321,0.352941,0.061265,0.162162,29,Sub bacia da Zona dos Canais
6,I_6h,4,15.983806,-0.062105,0.732891,0.500000,0.120000,0.135593,0.059661,0.470588,0.112871,0.123077,29,Sub bacia da Zona dos Canais
6,I_6h,5,25.801742,-0.062105,0.732891,0.437500,0.112941,0.127273,0.049393,0.411765,0.106931,0.114754,29,Sub bacia da Zona dos Canais
6,I_6h,6,18.711011,-0.062105,1.302917,0.500000,0.125592,0.131148,0.057338,0.470588,0.117764,0.119403,29,Sub bacia da Zona dos Canais
6,I_6h,7,20.892774,-0.114211,2.361537,0.562500,0.159524,0.118421,0.055986,0.529412,0.146293,0.109756,29,Sub bacia da Zona dos Canais
6,I_6h,8,20.892774,-0.062105,1.140052,0.562500,0.140811,0.132353,0.063965,0.529412,0.130522,0.121622,29,Sub bacia da Zona dos Canais
6,I_6h,9,20.347333,-0.062105,1.221485,0.562500,0.148325,0.126761,0.060727,0.529412,0.136821,0.116883,29,Sub bacia da Zona dos Canais
6,I_6h,10,19.256452,-0.062105,1.302917,0.562500,0.153110,0.123288,0.058731,0.529412,0.140845,0.113924,29,Sub bacia da Zona dos Canais
8,I_8h,1,16.390945,-0.114211,1.554652,0.375000,0.057072,0.206897,0.073158,0.352941,0.056751,0.171429,29,Sub bacia da Zona dos Canais
8,I_8h,2,15.951748,-0.062105,0.194331,0.437500,0.079800,0.179487,0.072259,0.411765,0.074656,0.155556,29,Sub bacia da Zona dos Canais
8,I_8h,3,18.147736,-0.062105,1.036435,0.375000,0.065327,0.187500,0.065719,0.352941,0.063241,0.157895,29,Sub bacia da Zona dos Canais
8,I_8h,4,21.222121,-0.062105,1.036435,0.375000,0.078086,0.162162,0.056062,0.352941,0.073267,0.139535,29,Sub bacia da Zona dos Canais
8,I_8h,5,9.802979,-0.062105,1.165989,0.500000,0.148615,0.119403,0.050829,0.470588,0.128713,0.109589,29,Sub bacia da Zona dos Canais
8,I_8h,6,21.661318,-0.114211,2.008092,0.500000,0.129442,0.135593,0.059021,0.470588,0.113772,0.123077,29,Sub bacia da Zona dos Canais
8,I_8h,7,15.512550,-0.062105,0.906880,0.500000,0.142857,0.125000,0.053571,0.470588,0.124248,0.114286,29,Sub bacia da Zona dos Canais
8,I_8h,8,15.073352,-0.062105,0.971657,0.562500,0.156010,0.128571,0.061039,0.529412,0.134538,0.118421,29,Sub bacia da Zona dos Canais
8,I_8h,9,12.438166,-0.114211,2.072869,0.625000,0.184615,0.121951,0.062148,0.588235,0.156942,0.113636,29,Sub bacia da Zona dos Canais
8,I_8h,10,12.438166,-0.114211,2.072869,0.625000,0.189744,0.119048,0.060287,0.588235,0.160966,0.111111,29,Sub bacia da Zona dos Canais
10,I_10h,1,16.261812,-0.166316,1.939856,0.375000,0.044776,0.250000,0.089552,0.352941,0.046967,0.200000,29,Sub bacia da Zona dos Canais
10,I_10h,2,13.633192,-0.114211,1.885971,0.375000,0.055000,0.214286,0.075937,0.352941,0.055010,0.176471,29,Sub bacia da Zona dos Canais
10,I_10h,3,14.759744,-0.114211,1.885971,0.375000,0.065491,0.187500,0.065708,0.352941,0.063241,0.157895,29,Sub bacia da Zona dos Canais
10,I_10h,4,17.012847,-0.062105,0.808273,0.375000,0.080808,0.157895,0.054426,0.352941,0.075248,0.136364,29,Sub bacia da Zona dos Canais
10,I_10h,5,18.139398,-0.114211,1.724316,0.437500,0.103535,0.145833,0.057196,0.411765,0.093069,0.129630,29,Sub bacia da Zona dos Canais
10,I_10h,6,16.261812,-0.114211,1.778201,0.500000,0.111959,0.153846,0.068311,0.470588,0.099800,0.137931,29,Sub bacia da Zona dos Canais
10,I_10h,7,16.261812,-0.114211,1.778201,0.500000,0.130435,0.135593,0.058954,0.470588,0.114228,0.123077,29,Sub bacia da Zona dos Canais
10,I_10h,8,8.375952,-0.114211,1.885971,0.625000,0.164103,0.135135,0.070599,0.588235,0.140562,0.125000,29,Sub bacia da Zona dos Canais
10,I_10h,9,10.253538,-0.114211,1.832086,0.625000,0.156410,0.140845,0.074260,0.588235,0.134809,0.129870,29,Sub bacia da Zona dos Canais
10,I_10h,10,9.878020,-0.114211,1.832086,0.625000,0.158974,0.138889,0.073006,0.588235,0.136821,0.128205,29,Sub bacia da Zona dos Canais
12,I_12h,1,9.422501,-0.114211,1.609017,0.375000,0.034146,0.300000,0.108659,0.352941,0.039139,0.230769,29,Sub bacia da Zona dos Canais
12,I_12h,2,15.530346,-0.114211,1.563045,0.375000,0.046569,0.240000,0.085809,0.352941,0.049116,0.193548,29,Sub bacia da Zona dos Canais
12,I_12h,3,9.743966,-0.062105,0.781523,0.437500,0.076543,0.184211,0.074423,0.411765,0.073123,0.159091,29,Sub bacia da Zona dos Canais
12,I_12h,4,10.708363,-0.062105,0.643607,0.437500,0.094059,0.155556,0.061654,0.411765,0.087129,0.137255,29,Sub bacia da Zona dos Canais
12,I_12h,5,9.422501,-0.062105,0.735551,0.500000,0.126238,0.135593,0.059238,0.470588,0.112871,0.123077,29,Sub bacia da Zona dos Canais
12,I_12h,6,9.101035,-0.062105,0.781523,0.562500,0.135000,0.142857,0.069509,0.529412,0.119760,0.130435,29,Sub bacia da Zona dos Canais
12,I_12h,7,10.065432,-0.062105,0.689579,0.562500,0.150754,0.130435,0.062309,0.529412,0.132265,0.120000,29,Sub bacia da Zona dos Canais
12,I_12h,8,9.101035,-0.062105,0.781523,0.625000,0.163728,0.133333,0.069689,0.588235,0.142570,0.123457,29,Sub bacia da Zona dos Canais
12,I_12h,9,10.065432,-0.114211,1.517073,0.625000,0.161209,0.135135,0.070844,0.588235,0.140845,0.125000,29,Sub bacia da Zona dos Canais
12,I_12h,10,10.065432,-0.114211,1.517073,0.625000,0.163728,0.133333,0.069689,0.588235,0.142857,0.123457,29,Sub bacia da Zona dos Canais
24,I_24h,1,3.528974,-0.062105,0.658942,0.375000,0.029056,0.333333,0.121368,0.352941,0.034836,0.260870,29,Sub bacia da Zona dos Canais
24,I_24h,2,6.005455,-0.062105,0.369007,0.437500,0.055961,0.233333,0.096371,0.411765,0.057613,0.200000,29,Sub bacia da Zona dos Canais
24,I_24h,3,8.100939,-0.062105,0.342650,0.437500,0.056373,0.233333,0.096329,0.411765,0.057971,0.200000,29,Sub bacia da Zona dos Canais
24,I_24h,4,8.100939,-0.062105,0.342650,0.437500,0.071253,0.194444,0.079008,0.411765,0.070539,0.170732,29,Sub bacia da Zona dos Canais
24,I_24h,5,8.862933,-0.062105,0.105431,0.500000,0.103194,0.160000,0.071744,0.470588,0.097510,0.145455,29,Sub bacia da Zona dos Canais
24,I_24h,6,8.291437,-0.114211,0.817088,0.500000,0.094293,0.173913,0.078757,0.470588,0.089958,0.156863,29,Sub bacia da Zona dos Canais
24,I_24h,7,9.243930,-0.114211,0.817088,0.500000,0.097257,0.170213,0.076829,0.470588,0.092437,0.153846,29,Sub bacia da Zona dos Canais
24,I_24h,8,4.862463,-0.062105,0.395365,0.625000,0.152500,0.140845,0.074604,0.588235,0.138947,0.131579,29,Sub bacia da Zona dos Canais
24,I_24h,9,4.481466,-0.062105,0.553511,0.562500,0.135000,0.142857,0.069509,0.529412,0.124211,0.132353,29,Sub bacia da Zona dos Canais
24,I_24h,10,8.100939,-0.062105,0.342650,0.562500,0.125000,0.152542,0.075079,0.529412,0.115789,0.140625,29,Sub bacia da Zona dos Canais
1/6,I_15min,1,61.236124,-0.270526,0.501782,0.509091,0.351562,0.171779,0.056707,0.482759,0.303226,0.165680,30,Sub bacia do Rio da Cachoeira
1/6,I_15min,2,56.924973,-0.114211,3.430718,0.481481,0.321149,0.174497,0.057035,0.456140,0.278017,0.167742,30,Sub bacia do Rio da Cachoeira
1/6,I_15min,3,61.236124,-0.114211,8.821847,0.444444,0.296588,0.175182,0.054767,0.421053,0.257576,0.167832,30,Sub bacia do Rio da Cachoeira
1/6,I_15min,4,56.924973,-0.062105,1.470308,0.462963,0.337731,0.163399,0.050099,0.438596,0.291304,0.157233,30,Sub bacia do Rio da Cachoeira
1/6,I_15min,5,56.924973,-0.062105,1.960410,0.481481,0.377309,0.153846,0.046125,0.456140,0.323913,0.148571,30,Sub bacia do Rio da Cachoeira
1/6,I_15min,6,117.281097,-0.426842,13.722873,0.555556,0.465426,0.146341,0.043461,0.526316,0.396930,0.142180,30,Sub bacia do Rio da Cachoeira
1/6,I_15min,7,181.948373,-0.218421,5.881231,0.592593,0.465241,0.155340,0.049226,0.561404,0.396476,0.150943,30,Sub bacia do Rio da Cachoeira
1/6,I_15min,8,207.815284,-0.270526,0.490103,0.777778,0.572193,0.164062,0.054590,0.736842,0.485651,0.160305,30,Sub bacia do Rio da Cachoeira
1/6,I_15min,9,151.770311,-0.218421,0.000000,0.777778,0.583333,0.162162,0.052553,0.736842,0.494457,0.158491,30,Sub bacia do Rio da Cachoeira
1/6,I_15min,10,203.504132,-0.270526,2.940616,0.814815,0.592992,0.166667,0.055273,0.771930,0.502222,0.162963,30,Sub bacia do Rio da Cachoeira
1/2,I_30min,1,44.675918,-0.531053,10.772569,0.418182,0.254453,0.186992,0.058299,0.396552,0.225806,0.179688,30,Sub bacia do Rio da Cachoeira
1/2,I_30min,2,52.682449,-0.114211,1.578362,0.481481,0.285714,0.188406,0.064796,0.456140,0.252155,0.181818,30,Sub bacia do Rio da Cachoeira
1/2,I_30min,3,52.682449,-0.166316,5.918858,0.518519,0.351282,0.169697,0.057081,0.491228,0.307359,0.164706,30,Sub bacia do Rio da Cachoeira
1/2,I_30min,4,56.685714,-0.114211,0.000000,0.537037,0.391753,0.160221,0.052336,0.508772,0.341304,0.155914,30,Sub bacia do Rio da Cachoeira
1/2,I_30min,5,52.682449,-0.114211,4.735087,0.500000,0.381443,0.154286,0.047717,0.473684,0.332609,0.150000,30,Sub bacia do Rio da Cachoeira
1/2,I_30min,6,184.790204,-0.270526,1.183772,0.592593,0.490909,0.144796,0.043683,0.561404,0.425439,0.141593,30,Sub bacia do Rio da Cachoeira
1/2,I_30min,7,56.685714,-0.166316,3.945906,0.685185,0.528646,0.154167,0.049790,0.649123,0.455947,0.151639,30,Sub bacia do Rio da Cachoeira
1/2,I_30min,8,176.783673,-0.270526,1.578362,0.759259,0.546875,0.163347,0.056198,0.719298,0.472406,0.160784,30,Sub bacia do Rio da Cachoeira
1/2,I_30min,9,192.796735,-0.270526,1.578362,0.777778,0.560209,0.164062,0.056119,0.736842,0.483370,0.161538,30,Sub bacia do Rio da Cachoeira
1/2,I_30min,10,176.783673,-0.270526,1.972953,0.833333,0.569554,0.171756,0.061610,0.789474,0.491111,0.169173,30,Sub bacia do Rio da Cachoeira
1,I_1h,1,33.064877,-0.583158,8.346504,0.400000,0.219807,0.194690,0.060758,0.379310,0.206452,0.186441,30,Sub bacia do Rio da Cachoeira
1,I_1h,2,59.774322,-0.270526,7.453115,0.388889,0.203390,0.200000,0.061959,0.368421,0.191810,0.190909,30,Sub bacia do Rio da Cachoeira
1,I_1h,3,44.935742,-0.166316,3.036454,0.500000,0.316302,0.171975,0.058789,0.473684,0.292208,0.166667,30,Sub bacia do Rio da Cachoeira
1,I_1h,4,44.935742,-0.166316,2.484372,0.537037,0.381418,0.156757,0.052075,0.508772,0.350000,0.152632,30,Sub bacia do Rio da Cachoeira
1,I_1h,5,41.968025,-0.218421,6.624991,0.500000,0.364303,0.153409,0.048761,0.473684,0.334783,0.149171,30,Sub bacia do Rio da Cachoeira
1,I_1h,6,36.032593,-0.531053,10.213528,0.462963,0.334975,0.155280,0.047808,0.438596,0.309211,0.150602,30,Sub bacia do Rio da Cachoeira
1,I_1h,7,44.935742,-0.166316,2.208330,0.685185,0.506173,0.152893,0.051733,0.649123,0.460352,0.150407,30,Sub bacia do Rio da Cachoeira
1,I_1h,8,44.935742,-0.166316,2.208330,0.740741,0.516049,0.160643,0.057587,0.701754,0.470199,0.158103,30,Sub bacia do Rio da Cachoeira
1,I_1h,9,136.934941,-0.270526,1.380206,0.777778,0.545906,0.160305,0.056617,0.736842,0.496674,0.157895,30,Sub bacia do Rio da Cachoeira
1,I_1h,10,136.934941,-0.322632,2.760413,0.833333,0.574627,0.163043,0.057795,0.789474,0.522222,0.160714,30,Sub bacia do Rio da Cachoeira
2,I_2h,1,76.934389,-0.895789,5.432404,0.351852,0.172330,0.211111,0.061479,0.344828,0.163441,0.208333,30,Sub bacia do Rio da Cachoeira
2,I_2h,2,65.272634,-0.322632,2.963494,0.490566,0.272506,0.188406,0.067239,0.473684,0.252155,0.187500,30,Sub bacia do Rio da Cachoeira
2,I_2h,3,56.942809,-0.478947,5.404019,0.471698,0.246944,0.198413,0.070479,0.456140,0.229437,0.196970,30,Sub bacia do Rio da Cachoeira
2,I_2h,4,45.281054,-0.374737,4.358080,0.547170,0.339066,0.173653,0.062800,0.526316,0.310870,0.173410,30,Sub bacia do Rio da Cachoeira
2,I_2h,5,18.625615,-0.687368,6.101312,0.528302,0.341523,0.167665,0.058326,0.508772,0.313043,0.167630,30,Sub bacia do Rio da Cachoeira
2,I_2h,6,11.961755,-0.531053,6.101312,0.547170,0.362283,0.165714,0.057824,0.526316,0.331140,0.165746,30,Sub bacia do Rio da Cachoeira
2,I_2h,7,36.951229,-0.322632,6.101312,0.490566,0.293532,0.180556,0.062575,0.473684,0.268722,0.181208,30,Sub bacia do Rio da Cachoeira
2,I_2h,8,36.951229,-0.322632,6.101312,0.528302,0.300995,0.187919,0.069396,0.508772,0.275938,0.188312,30,Sub bacia do Rio da Cachoeira
2,I_2h,9,36.951229,-0.322632,6.101312,0.528302,0.310000,0.184211,0.067150,0.508772,0.283814,0.184713,30,Sub bacia do Rio da Cachoeira
2,I_2h,10,21.957545,-0.270526,6.101312,0.547170,0.328321,0.181250,0.066613,0.526316,0.300000,0.181818,30,Sub bacia do Rio da Cachoeira
3,I_3h,1,7.760756,-1.000000,4.653026,0.444444,0.224824,0.200000,0.068905,0.431034,0.217204,0.198413,30,Sub bacia do Rio da Cachoeira
3,I_3h,2,61.866423,-0.531053,4.708789,0.358491,0.147887,0.231707,0.070781,0.350877,0.146552,0.227273,30,Sub bacia do Rio da Cachoeira
3,I_3h,3,20.343469,-0.635263,4.185591,0.528302,0.266509,0.198582,0.076951,0.508772,0.255411,0.197279,30,Sub bacia do Rio da Cachoeira
3,I_3h,4,35.442725,-0.739474,4.185591,0.528302,0.291469,0.185430,0.069410,0.508772,0.278261,0.184713,30,Sub bacia do Rio da Cachoeira
3,I_3h,5,20.343469,-0.478947,4.185591,0.566038,0.324645,0.179641,0.068672,0.543860,0.308696,0.179191,30,Sub bacia do Rio da Cachoeira
3,I_3h,6,32.926182,-0.635263,4.708789,0.528302,0.301435,0.181818,0.067101,0.508772,0.287281,0.181250,30,Sub bacia do Rio da Cachoeira
3,I_3h,7,22.860012,-0.426842,4.185591,0.584906,0.342926,0.178161,0.068472,0.561404,0.323789,0.178771,30,Sub bacia do Rio da Cachoeira
3,I_3h,8,35.442725,-0.374737,4.185591,0.584906,0.318945,0.189024,0.075298,0.561404,0.302428,0.189349,30,Sub bacia do Rio da Cachoeira
3,I_3h,9,19.085198,-0.374737,4.708789,0.566038,0.303614,0.192308,0.075804,0.543860,0.288248,0.192547,30,Sub bacia do Rio da Cachoeira
3,I_3h,10,16.568655,-0.270526,4.708789,0.547170,0.287440,0.195946,0.076398,0.526316,0.273333,0.196078,30,Sub bacia do Rio da Cachoeira
6,I_6h,1,4.834335,-0.270526,2.742196,0.370370,0.144165,0.240964,0.076380,0.362069,0.146237,0.235955,30,Sub bacia do Rio da Cachoeira
6,I_6h,2,7.519435,-0.270526,2.786349,0.358491,0.142202,0.234568,0.072133,0.350877,0.144397,0.229885,30,Sub bacia do Rio da Cachoeira
6,I_6h,3,6.848160,-0.583158,2.627129,0.490566,0.237327,0.201550,0.075408,0.473684,0.233766,0.200000,30,Sub bacia do Rio da Cachoeira
6,I_6h,4,6.176885,-0.062105,1.353370,0.452830,0.229167,0.195122,0.068109,0.438596,0.226087,0.193798,30,Sub bacia do Rio da Cachoeira
6,I_6h,5,8.861984,-0.635263,2.786349,0.509434,0.270833,0.187500,0.069649,0.491228,0.265217,0.186667,30,Sub bacia do Rio da Cachoeira
6,I_6h,6,6.176885,-0.583158,2.786349,0.528302,0.296037,0.180645,0.067183,0.508772,0.287281,0.181250,30,Sub bacia do Rio da Cachoeira
6,I_6h,7,14.903457,-0.426842,2.627129,0.528302,0.287383,0.185430,0.069810,0.508772,0.277533,0.187097,30,Sub bacia do Rio da Cachoeira
6,I_6h,8,15.574732,-0.426842,2.627129,0.547170,0.289720,0.189542,0.073665,0.526316,0.280353,0.191083,30,Sub bacia do Rio da Cachoeira
6,I_6h,9,9.533259,-0.374737,2.627129,0.566038,0.307512,0.186335,0.073039,0.543860,0.297118,0.187879,30,Sub bacia do Rio da Cachoeira
6,I_6h,10,22.287480,-0.478947,2.627129,0.566038,0.303529,0.188679,0.074383,0.543860,0.293333,0.190184,30,Sub bacia do Rio da Cachoeira
8,I_8h,1,2.147151,-0.218421,2.303964,0.425926,0.168565,0.237113,0.083969,0.413793,0.169892,0.233010,30,Sub bacia do Rio da Cachoeira
8,I_8h,2,5.714374,-0.218421,2.277547,0.358491,0.136674,0.240506,0.074435,0.350877,0.137931,0.238095,30,Sub bacia do Rio da Cachoeira
8,I_8h,3,5.714374,-0.583158,2.024487,0.490566,0.240275,0.198473,0.073970,0.473684,0.235931,0.198529,30,Sub bacia do Rio da Cachoeira
8,I_8h,4,5.204771,-0.114211,1.961221,0.396226,0.181609,0.210000,0.068096,0.385965,0.180435,0.209524,30,Sub bacia do Rio da Cachoeira
8,I_8h,5,3.166358,-0.374737,1.961221,0.584906,0.335632,0.175141,0.068059,0.561404,0.326087,0.175824,30,Sub bacia do Rio da Cachoeira
8,I_8h,6,2.147151,-0.062105,1.897956,0.490566,0.261574,0.187050,0.067758,0.473684,0.254386,0.188811,30,Sub bacia do Rio da Cachoeira
8,I_8h,7,2.656754,-0.322632,2.024487,0.584906,0.336427,0.176136,0.068363,0.561404,0.323789,0.178771,30,Sub bacia do Rio da Cachoeira
8,I_8h,8,12.848819,-0.426842,1.961221,0.566038,0.320186,0.178571,0.068714,0.543860,0.309051,0.181287,30,Sub bacia do Rio da Cachoeira
8,I_8h,9,7.752787,-0.426842,2.024487,0.566038,0.321678,0.178571,0.068564,0.543860,0.310421,0.181287,30,Sub bacia do Rio da Cachoeira
8,I_8h,10,3.675961,-0.010000,0.189796,0.433962,0.214953,0.200000,0.068136,0.421053,0.208889,0.203390,30,Sub bacia do Rio da Cachoeira
10,I_10h,1,2.660287,-0.322632,1.947899,0.425926,0.151584,0.255556,0.092348,0.413793,0.154839,0.250000,30,Sub bacia do Rio da Cachoeira
10,I_10h,2,3.940430,-0.166316,2.082553,0.358491,0.122172,0.260274,0.081906,0.350877,0.125000,0.256410,30,Sub bacia do Rio da Cachoeira
10,I_10h,3,6.927431,-0.739474,1.388368,0.622642,0.327273,0.186441,0.078094,0.596491,0.320346,0.186813,30,Sub bacia do Rio da Cachoeira
10,I_10h,4,3.087001,-0.062105,0.961178,0.509434,0.253425,0.195652,0.074413,0.491228,0.250000,0.195804,30,Sub bacia do Rio da Cachoeira
10,I_10h,5,2.660287,-0.270526,1.815559,0.509434,0.251142,0.197080,0.075185,0.491228,0.247826,0.197183,30,Sub bacia do Rio da Cachoeira
10,I_10h,6,2.660287,-0.270526,1.762160,0.528302,0.271264,0.191781,0.073834,0.508772,0.265351,0.193333,30,Sub bacia do Rio da Cachoeira
10,I_10h,7,2.660287,-0.270526,1.815559,0.528302,0.271889,0.191781,0.073771,0.508772,0.264317,0.194631,30,Sub bacia do Rio da Cachoeira
10,I_10h,8,1.806858,-0.062105,1.975755,0.433962,0.198157,0.211009,0.073425,0.421053,0.194260,0.214286,30,Sub bacia do Rio da Cachoeira
10,I_10h,9,1.806858,-0.062105,2.082553,0.433962,0.182870,0.225490,0.079960,0.421053,0.179601,0.228571,30,Sub bacia do Rio da Cachoeira
10,I_10h,10,1.806858,-0.062105,2.082553,0.433962,0.185615,0.223301,0.078917,0.421053,0.182222,0.226415,30,Sub bacia do Rio da Cachoeira
12,I_12h,1,2.837425,-0.687368,1.544353,0.481481,0.182432,0.242991,0.095652,0.465517,0.184946,0.238938,30,Sub bacia do Rio da Cachoeira
12,I_12h,2,1.664243,-0.114211,1.756595,0.415094,0.150901,0.247191,0.087124,0.403509,0.153017,0.244681,30,Sub bacia do Rio da Cachoeira
12,I_12h,3,5.183789,-0.895789,1.386785,0.566038,0.278281,0.196078,0.080102,0.543860,0.274892,0.196203,30,Sub bacia do Rio da Cachoeira
12,I_12h,4,2.837425,-0.062105,0.739619,0.528302,0.261364,0.195804,0.076407,0.508772,0.258696,0.195946,30,Sub bacia do Rio da Cachoeira
12,I_12h,5,2.446364,-0.374737,1.525464,0.528302,0.265909,0.193103,0.074890,0.508772,0.263043,0.193333,30,Sub bacia do Rio da Cachoeira
12,I_12h,6,2.055303,-0.270526,1.525464,0.528302,0.261468,0.197183,0.076935,0.508772,0.258772,0.197279,30,Sub bacia do Rio da Cachoeira
12,I_12h,7,2.446364,-0.322632,1.571690,0.547170,0.275862,0.194631,0.077118,0.526316,0.270925,0.196078,30,Sub bacia do Rio da Cachoeira
12,I_12h,8,2.055303,-0.062105,1.479238,0.433962,0.188506,0.219048,0.077139,0.421053,0.187638,0.220183,30,Sub bacia do Rio da Cachoeira
12,I_12h,9,2.055303,-0.062105,1.525464,0.433962,0.182448,0.225490,0.080001,0.421053,0.181818,0.226415,30,Sub bacia do Rio da Cachoeira
12,I_12h,10,2.055303,-0.062105,1.525464,0.433962,0.187500,0.221154,0.077978,0.421053,0.186667,0.222222,30,Sub bacia do Rio da Cachoeira
24,I_24h,1,1.434564,-0.531053,0.794343,0.500000,0.187500,0.257143,0.104464,0.482759,0.187783,0.252252,30,Sub bacia do Rio da Cachoeira
24,I_24h,2,1.434564,-0.270526,0.940851,0.415094,0.154217,0.255814,0.089811,0.403509,0.156463,0.250000,30,Sub bacia do Rio da Cachoeira
24,I_24h,3,2.991555,-1.000000,0.784042,0.528302,0.259080,0.207407,0.081185,0.508772,0.255125,0.205674,30,Sub bacia do Rio da Cachoeira
24,I_24h,4,0.544855,-0.218421,1.202198,0.377358,0.152913,0.240964,0.077025,0.368421,0.155251,0.235955,30,Sub bacia do Rio da Cachoeira
24,I_24h,5,0.989709,-0.322632,0.940851,0.471698,0.223301,0.213675,0.078284,0.456140,0.221461,0.211382,30,Sub bacia do Rio da Cachoeira
24,I_24h,6,1.212136,-0.218421,0.784042,0.528302,0.257353,0.210526,0.082598,0.508772,0.253456,0.208633,30,Sub bacia do Rio da Cachoeira
24,I_24h,7,0.989709,-0.218421,0.940851,0.471698,0.213759,0.223214,0.082783,0.456140,0.210648,0.222222,30,Sub bacia do Rio da Cachoeira
24,I_24h,8,0.767282,-0.062105,1.019255,0.396226,0.152334,0.253012,0.084979,0.385965,0.152778,0.250000,30,Sub bacia do Rio da Cachoeira
24,I_24h,9,1.212136,-0.062105,0.940851,0.377358,0.138272,0.263158,0.085574,0.368421,0.139535,0.259259,30,Sub bacia do Rio da Cachoeira
24,I_24h,10,0.767282,-0.062105,1.019255,0.396226,0.153086,0.253012,0.084903,0.385965,0.153488,0.250000,30,Sub bacia do Rio da Cachoeira
1/6,I_15min,1,120.566859,-0.478947,1.084423,0.800000,0.271386,0.080000,0.046631,0.727273,0.269663,0.076923,31,Sub bacia do Rio dos Passarinhos
1/6,I_15min,2,118.116447,-0.531053,4.337690,0.800000,0.388724,0.057554,0.028145,0.727273,0.381356,0.055944,31,Sub bacia do Rio dos Passarinhos
1/6,I_15min,3,120.566859,-0.478947,1.445897,0.800000,0.456716,0.049689,0.021596,0.727273,0.446023,0.048485,31,Sub bacia do Rio dos Passarinhos
1/6,I_15min,4,113.215623,-0.166316,0.722948,0.600000,0.385075,0.044444,0.016398,0.545455,0.377841,0.043165,31,Sub bacia do Rio dos Passarinhos
1/6,I_15min,5,113.215623,-0.218421,3.614742,0.800000,0.474627,0.047904,0.020134,0.727273,0.463068,0.046784,31,Sub bacia do Rio dos Passarinhos
1/6,I_15min,6,108.314799,-0.166316,2.891794,0.800000,0.468278,0.049080,0.020877,0.727273,0.456897,0.047904,31,Sub bacia do Rio dos Passarinhos
1/6,I_15min,7,118.116447,-0.166316,2.530319,0.800000,0.504559,0.045977,0.018223,0.727273,0.491329,0.044944,31,Sub bacia do Rio dos Passarinhos
1/6,I_15min,8,88.711502,-0.114211,0.000000,0.800000,0.506098,0.045977,0.018167,0.727273,0.492754,0.044944,31,Sub bacia do Rio dos Passarinhos
1/6,I_15min,9,110.765211,-0.114211,2.891794,0.700000,0.445122,0.045752,0.017771,0.636364,0.434783,0.044586,31,Sub bacia do Rio dos Passarinhos
1/6,I_15min,10,110.765211,-0.114211,2.891794,0.700000,0.454268,0.044872,0.017142,0.636364,0.443478,0.043750,31,Sub bacia do Rio dos Passarinhos
1/2,I_30min,1,80.156285,-0.426842,0.000000,0.800000,0.273556,0.081633,0.047441,0.727273,0.264045,0.078431,31,Sub bacia do Rio dos Passarinhos
1/2,I_30min,2,83.949732,-0.322632,4.754285,0.700000,0.324159,0.061947,0.029306,0.636364,0.310734,0.059829,31,Sub bacia do Rio dos Passarinhos
1/2,I_30min,3,64.982495,-0.270526,4.226031,0.700000,0.384615,0.053030,0.022844,0.636364,0.366477,0.051471,31,Sub bacia do Rio dos Passarinhos
1/2,I_30min,4,66.879218,-0.270526,4.754285,0.700000,0.461538,0.044586,0.016805,0.636364,0.437500,0.043478,31,Sub bacia do Rio dos Passarinhos
1/2,I_30min,5,55.498876,-0.218421,3.961904,0.900000,0.510769,0.051429,0.022644,0.818182,0.482955,0.050279,31,Sub bacia do Rio dos Passarinhos
1/2,I_30min,6,55.498876,-0.218421,3.961904,0.900000,0.540373,0.049180,0.020344,0.818182,0.511494,0.048128,31,Sub bacia do Rio dos Passarinhos
1/2,I_30min,7,89.639903,-0.166316,0.528254,0.800000,0.515625,0.046243,0.017919,0.727273,0.488439,0.045198,31,Sub bacia do Rio dos Passarinhos
1/2,I_30min,8,76.362837,-0.114211,0.000000,0.800000,0.476489,0.050000,0.020940,0.727273,0.452174,0.048780,31,Sub bacia do Rio dos Passarinhos
1/2,I_30min,9,85.846456,-0.114211,0.000000,0.800000,0.479624,0.049689,0.020686,0.727273,0.455072,0.048485,31,Sub bacia do Rio dos Passarinhos
1/2,I_30min,10,85.846456,-0.114211,0.000000,0.800000,0.482759,0.049383,0.020434,0.727273,0.457971,0.048193,31,Sub bacia do Rio dos Passarinhos
1,I_1h,1,52.464237,-0.426842,0.000000,0.727273,0.276074,0.081633,0.042979,0.727273,0.264045,0.078431,31,Sub bacia do Rio dos Passarinhos
1,I_1h,2,54.943486,-0.218421,1.506205,0.636364,0.299383,0.067308,0.030009,0.636364,0.285311,0.064815,31,Sub bacia do Rio dos Passarinhos
1,I_1h,3,41.307615,-0.218421,3.577238,0.636364,0.350932,0.058333,0.024094,0.636364,0.332386,0.056452,31,Sub bacia do Rio dos Passarinhos
1,I_1h,4,43.786864,-0.166316,1.506205,0.636364,0.406832,0.050725,0.019147,0.636364,0.383523,0.049296,31,Sub bacia do Rio dos Passarinhos
1,I_1h,5,52.464237,-0.218421,2.071032,0.818182,0.487578,0.054217,0.022731,0.818182,0.457386,0.052941,31,Sub bacia do Rio dos Passarinhos
1,I_1h,6,41.307615,-0.166316,2.447584,0.818182,0.485893,0.054878,0.023083,0.818182,0.456897,0.053571,31,Sub bacia do Rio dos Passarinhos
1,I_1h,7,41.307615,-0.166316,2.635859,0.818182,0.528302,0.050847,0.019624,0.818182,0.494220,0.050000,31,Sub bacia do Rio dos Passarinhos
1,I_1h,8,32.630242,-0.114211,2.071032,0.818182,0.529968,0.050847,0.019554,0.818182,0.495652,0.050000,31,Sub bacia do Rio dos Passarinhos
1,I_1h,9,49.984988,-0.114211,1.694481,0.727273,0.470032,0.050955,0.019640,0.727273,0.440580,0.050000,31,Sub bacia do Rio dos Passarinhos
1,I_1h,10,49.984988,-0.114211,1.694481,0.727273,0.476341,0.050314,0.019162,0.727273,0.446377,0.049383,31,Sub bacia do Rio dos Passarinhos
2,I_2h,1,35.938393,-0.426842,0.561100,0.700000,0.270270,0.080460,0.041100,0.636364,0.235955,0.076923,31,Sub bacia do Rio dos Passarinhos
2,I_2h,2,32.193299,-0.687368,3.647148,0.700000,0.391156,0.057377,0.024454,0.636364,0.336158,0.055556,31,Sub bacia do Rio dos Passarinhos
2,I_2h,3,34.065846,-0.218421,0.280550,0.600000,0.373288,0.052174,0.019619,0.545455,0.321023,0.050420,31,Sub bacia do Rio dos Passarinhos
2,I_2h,4,45.301128,-0.218421,0.280550,0.600000,0.421233,0.046512,0.016152,0.545455,0.360795,0.045113,31,Sub bacia do Rio dos Passarinhos
2,I_2h,5,40.619761,-0.218421,0.981925,0.800000,0.479452,0.054054,0.022510,0.727273,0.409091,0.052632,31,Sub bacia do Rio dos Passarinhos
2,I_2h,6,43.428581,-0.218421,0.841650,0.800000,0.519031,0.050633,0.019482,0.727273,0.442529,0.049383,31,Sub bacia do Rio dos Passarinhos
2,I_2h,7,31.257026,-0.166316,1.402749,0.800000,0.527778,0.050000,0.018889,0.727273,0.447977,0.049080,31,Sub bacia do Rio dos Passarinhos
2,I_2h,8,24.703111,-0.114211,1.402749,0.800000,0.512195,0.051613,0.020142,0.727273,0.434783,0.050633,31,Sub bacia do Rio dos Passarinhos
2,I_2h,9,23.766838,-0.114211,1.543024,0.800000,0.533101,0.049689,0.018560,0.727273,0.452174,0.048780,31,Sub bacia do Rio dos Passarinhos
2,I_2h,10,23.766838,-0.114211,1.543024,0.800000,0.536585,0.049383,0.018308,0.727273,0.455072,0.048485,31,Sub bacia do Rio dos Passarinhos
3,I_3h,1,32.413902,-0.270526,0.431828,0.636364,0.213287,0.102941,0.051536,0.636364,0.182584,0.097222,31,Sub bacia do Rio dos Passarinhos
3,I_3h,2,17.019602,-0.114211,1.079571,0.545455,0.253521,0.076923,0.031321,0.545455,0.214689,0.073171,31,Sub bacia do Rio dos Passarinhos
3,I_3h,3,17.688919,-0.114211,0.971614,0.545455,0.308511,0.064516,0.024334,0.545455,0.258523,0.061856,31,Sub bacia do Rio dos Passarinhos
3,I_3h,4,16.350284,-0.114211,1.727314,0.545455,0.336879,0.059406,0.021487,0.545455,0.281250,0.057143,31,Sub bacia do Rio dos Passarinhos
3,I_3h,5,32.413902,-0.218421,0.323871,0.818182,0.500000,0.060000,0.024545,0.818182,0.411932,0.058442,31,Sub bacia do Rio dos Passarinhos
3,I_3h,6,28.397998,-0.218421,0.755700,0.818182,0.542857,0.055901,0.020908,0.818182,0.445402,0.054878,31,Sub bacia do Rio dos Passarinhos
3,I_3h,7,23.712776,-0.166316,0.755700,0.818182,0.551971,0.055215,0.020240,0.818182,0.450867,0.054545,31,Sub bacia do Rio dos Passarinhos
3,I_3h,8,25.720728,-0.114211,0.539786,0.727273,0.456835,0.059259,0.023409,0.727273,0.373913,0.058394,31,Sub bacia do Rio dos Passarinhos
3,I_3h,9,24.382093,-0.114211,0.971614,0.727273,0.471223,0.057554,0.022133,0.727273,0.385507,0.056738,31,Sub bacia do Rio dos Passarinhos
3,I_3h,10,16.350284,-0.114211,1.727314,0.818182,0.539568,0.056604,0.021324,0.818182,0.440580,0.055901,31,Sub bacia do Rio dos Passarinhos
6,I_6h,1,10.434754,-0.374737,1.576488,0.800000,0.249123,0.101266,0.060831,0.727273,0.210674,0.096386,31,Sub bacia do Rio dos Passarinhos
6,I_6h,2,17.153234,-0.531053,1.801701,0.800000,0.353357,0.074074,0.038320,0.727273,0.293785,0.071429,31,Sub bacia do Rio dos Passarinhos
6,I_6h,3,17.153234,-0.531053,1.801701,0.800000,0.416370,0.064000,0.029882,0.727273,0.343750,0.062016,31,Sub bacia do Rio dos Passarinhos
6,I_6h,4,1.948253,-0.010000,3.453260,0.400000,0.163701,0.080000,0.026762,0.363636,0.142045,0.074074,31,Sub bacia do Rio dos Passarinhos
6,I_6h,5,10.434754,-0.218421,2.402268,0.700000,0.313167,0.073684,0.035426,0.636364,0.261364,0.070707,31,Sub bacia do Rio dos Passarinhos
6,I_6h,6,7.959524,-0.166316,2.327197,0.700000,0.326165,0.071429,0.033692,0.636364,0.270115,0.069307,31,Sub bacia do Rio dos Passarinhos
6,I_6h,7,7.959524,-0.166316,2.327197,0.700000,0.350181,0.067308,0.030616,0.636364,0.289017,0.065421,31,Sub bacia do Rio dos Passarinhos
6,I_6h,8,6.545108,-0.114211,2.177055,0.700000,0.340580,0.069307,0.031992,0.636364,0.281159,0.067308,31,Sub bacia do Rio dos Passarinhos
6,I_6h,9,6.191503,-0.114211,2.252126,0.700000,0.358696,0.066038,0.029645,0.636364,0.295652,0.064220,31,Sub bacia do Rio dos Passarinhos
6,I_6h,10,2.301857,-0.010000,3.303118,0.400000,0.152174,0.086957,0.029490,0.363636,0.130435,0.081633,31,Sub bacia do Rio dos Passarinhos
8,I_8h,1,14.140315,-0.687368,1.960273,0.700000,0.186207,0.114754,0.065370,0.636364,0.162921,0.107692,31,Sub bacia do Rio dos Passarinhos
8,I_8h,2,14.140315,-0.687368,1.960273,0.700000,0.260417,0.085366,0.044195,0.636364,0.223164,0.081395,31,Sub bacia do Rio dos Passarinhos
8,I_8h,3,15.094835,-0.687368,1.960273,0.700000,0.304196,0.074468,0.036271,0.636364,0.258523,0.071429,31,Sub bacia do Rio dos Passarinhos
8,I_8h,4,12.231276,-0.583158,1.960273,0.700000,0.349650,0.065421,0.029782,0.636364,0.295455,0.063063,31,Sub bacia do Rio dos Passarinhos
8,I_8h,5,15.413008,-0.322632,2.082790,0.700000,0.293706,0.076923,0.038031,0.636364,0.250000,0.073684,31,Sub bacia do Rio dos Passarinhos
8,I_8h,6,11.913103,-0.270526,2.021531,0.700000,0.313380,0.072917,0.035046,0.636364,0.264368,0.070707,31,Sub bacia do Rio dos Passarinhos
8,I_8h,7,7.776851,-0.218421,1.592722,0.900000,0.450355,0.066176,0.032736,0.818182,0.375723,0.064748,31,Sub bacia do Rio dos Passarinhos
8,I_8h,8,8.095024,-0.166316,1.715239,0.800000,0.358156,0.073394,0.037686,0.727273,0.301449,0.071429,31,Sub bacia do Rio dos Passarinhos
8,I_8h,9,7.776851,-0.166316,1.776497,0.800000,0.365248,0.072072,0.036598,0.727273,0.307246,0.070175,31,Sub bacia do Rio dos Passarinhos
8,I_8h,10,7.776851,-0.166316,1.776497,0.800000,0.375887,0.070175,0.035038,0.727273,0.315942,0.068376,31,Sub bacia do Rio dos Passarinhos
10,I_10h,1,10.733010,-0.635263,1.477652,0.800000,0.219697,0.121212,0.075666,0.727273,0.174157,0.114286,31,Sub bacia do Rio dos Passarinhos
10,I_10h,2,12.660618,-0.687368,1.530425,0.800000,0.301527,0.091954,0.051382,0.727273,0.234463,0.087912,31,Sub bacia do Rio dos Passarinhos
10,I_10h,3,10.411742,-0.635263,1.530425,0.800000,0.350000,0.080808,0.042020,0.727273,0.269886,0.077670,31,Sub bacia do Rio dos Passarinhos
10,I_10h,4,10.733010,-0.583158,1.530425,0.800000,0.407692,0.070175,0.033252,0.727273,0.312500,0.067797,31,Sub bacia do Rio dos Passarinhos
10,I_10h,5,13.945690,-0.374737,1.530425,0.900000,0.392308,0.081081,0.044345,0.818182,0.301136,0.078261,31,Sub bacia do Rio dos Passarinhos
10,I_10h,6,15.230762,-0.374737,1.530425,0.900000,0.414729,0.077586,0.040868,0.818182,0.316092,0.075630,31,Sub bacia do Rio dos Passarinhos
10,I_10h,7,11.375546,-0.270526,1.477652,0.900000,0.421875,0.076923,0.040024,0.818182,0.320809,0.075000,31,Sub bacia do Rio dos Passarinhos
10,I_10h,8,7.199063,-0.166316,1.424878,0.900000,0.386719,0.083333,0.045996,0.818182,0.295652,0.081081,31,Sub bacia do Rio dos Passarinhos
10,I_10h,9,7.199063,-0.166316,1.424878,0.900000,0.406250,0.079646,0.042561,0.818182,0.310145,0.077586,31,Sub bacia do Rio dos Passarinhos
10,I_10h,10,7.199063,-0.166316,1.424878,0.900000,0.417969,0.077586,0.040642,0.818182,0.318841,0.075630,31,Sub bacia do Rio dos Passarinhos
12,I_12h,1,8.383604,-0.635263,1.273281,0.800000,0.223881,0.117647,0.073047,0.727273,0.179775,0.111111,31,Sub bacia do Rio dos Passarinhos
12,I_12h,2,11.338156,-0.739474,1.318756,0.800000,0.308271,0.088889,0.049190,0.727273,0.242938,0.085106,31,Sub bacia do Rio dos Passarinhos
12,I_12h,3,9.860880,-0.687368,1.318756,0.800000,0.352273,0.079208,0.041044,0.727273,0.275568,0.076190,31,Sub bacia do Rio dos Passarinhos
12,I_12h,4,10.156335,-0.635263,1.318756,0.800000,0.405303,0.069565,0.033096,0.727273,0.315341,0.067227,31,Sub bacia do Rio dos Passarinhos
12,I_12h,5,11.633612,-0.374737,1.273281,0.900000,0.397727,0.078947,0.042793,0.818182,0.309659,0.076271,31,Sub bacia do Rio dos Passarinhos
12,I_12h,6,12.815433,-0.374737,1.273281,0.900000,0.419847,0.075630,0.039489,0.818182,0.324713,0.073770,31,Sub bacia do Rio dos Passarinhos
12,I_12h,7,12.815433,-0.322632,1.318756,0.900000,0.411538,0.077586,0.041091,0.818182,0.317919,0.075630,31,Sub bacia do Rio dos Passarinhos
12,I_12h,8,10.747246,-0.218421,1.273281,0.900000,0.365385,0.086538,0.049427,0.818182,0.284058,0.084112,31,Sub bacia do Rio dos Passarinhos
12,I_12h,9,9.860880,-0.218421,1.318756,0.900000,0.392308,0.081081,0.044345,0.818182,0.304348,0.078947,31,Sub bacia do Rio dos Passarinhos
12,I_12h,10,9.860880,-0.218421,1.318756,0.900000,0.396154,0.080357,0.043671,0.818182,0.307246,0.078261,31,Sub bacia do Rio dos Passarinhos
24,I_24h,1,9.405843,-0.947895,0.726215,0.800000,0.232558,0.117647,0.072230,0.727273,0.189911,0.111111,31,Sub bacia do Rio dos Passarinhos
24,I_24h,2,8.940551,-0.478947,0.726215,0.700000,0.250000,0.098592,0.051761,0.636364,0.202985,0.093333,31,Sub bacia do Rio dos Passarinhos
24,I_24h,3,10.801720,-0.478947,0.726215,0.700000,0.291339,0.086420,0.042870,0.636364,0.234234,0.082353,31,Sub bacia do Rio dos Passarinhos
24,I_24h,4,4.287629,-0.166316,1.394333,0.300000,0.078740,0.130435,0.036049,0.272727,0.072072,0.111111,31,Sub bacia do Rio dos Passarinhos
24,I_24h,5,6.614090,-0.374737,0.726215,0.900000,0.362205,0.089109,0.051150,0.818182,0.288288,0.085714,31,Sub bacia do Rio dos Passarinhos
24,I_24h,6,8.242613,-0.374737,0.726215,0.900000,0.376000,0.087379,0.049072,0.818182,0.297872,0.084112,31,Sub bacia do Rio dos Passarinhos
24,I_24h,7,4.985568,-0.270526,0.726215,0.900000,0.375000,0.088235,0.049632,0.818182,0.296636,0.084906,31,Sub bacia do Rio dos Passarinhos
24,I_24h,8,11.034366,-0.270526,0.726215,0.900000,0.350806,0.093750,0.054776,0.818182,0.279141,0.090000,31,Sub bacia do Rio dos Passarinhos
24,I_24h,9,7.312029,-0.218421,0.697166,0.900000,0.366935,0.090000,0.051278,0.818182,0.291411,0.086538,31,Sub bacia do Rio dos Passarinhos
24,I_24h,10,7.544675,-0.218421,0.697166,0.900000,0.370968,0.089109,0.050447,0.818182,0.294479,0.085714,31,Sub bacia do Rio dos Passarinhos
1/6,I_15min,1,57.861683,-0.218421,17.881954,1.000000,0.142857,0.042553,0.036474,0.666667,0.136490,0.039216,32,Sub bacia do Rio Camorim e Caçambé
1/6,I_15min,2,59.026994,-0.270526,18.676708,1.000000,0.204473,0.030303,0.024107,0.666667,0.190476,0.028571,32,Sub bacia do Rio Camorim e Caçambé
1/6,I_15min,3,59.026994,-0.270526,18.676708,1.000000,0.259615,0.024096,0.017841,0.666667,0.239437,0.022989,32,Sub bacia do Rio Camorim e Caçambé
1/6,I_15min,4,57.861683,-0.218421,17.881954,1.000000,0.317308,0.019802,0.013519,0.666667,0.290141,0.019048,32,Sub bacia do Rio Camorim e Caçambé
1/6,I_15min,5,59.026994,-0.218421,17.881954,1.000000,0.346154,0.018182,0.011888,0.666667,0.315493,0.017544,32,Sub bacia do Rio Camorim e Caçambé
1/6,I_15min,6,59.026994,-0.218421,17.881954,1.000000,0.372168,0.017094,0.010732,0.666667,0.339031,0.016529,32,Sub bacia do Rio Camorim e Caçambé
1/6,I_15min,7,57.861683,-0.166316,15.895070,1.000000,0.413681,0.015504,0.009090,0.666667,0.375358,0.015038,32,Sub bacia do Rio Camorim e Caçambé
1/6,I_15min,8,55.531059,-0.270526,18.676708,1.000000,0.431373,0.014925,0.008487,0.666667,0.390805,0.014493,32,Sub bacia do Rio Camorim e Caçambé
1/6,I_15min,9,55.531059,-0.270526,18.676708,1.000000,0.437908,0.014706,0.008266,0.666667,0.396552,0.014286,32,Sub bacia do Rio Camorim e Caçambé
1/6,I_15min,10,55.531059,-0.270526,18.676708,1.000000,0.447712,0.014388,0.007947,0.666667,0.405172,0.013986,32,Sub bacia do Rio Camorim e Caçambé
1/2,I_30min,1,55.766275,-0.166316,12.009493,1.000000,0.130573,0.046512,0.040438,0.666667,0.125348,0.042553,32,Sub bacia do Rio Camorim e Caçambé
1/2,I_30min,2,56.895467,-0.218421,14.128816,1.000000,0.182692,0.033898,0.027705,0.666667,0.170868,0.031746,32,Sub bacia do Rio Camorim e Caçambé
1/2,I_30min,3,47.861929,-0.166316,12.715934,1.000000,0.234727,0.026667,0.020407,0.666667,0.216901,0.025316,32,Sub bacia do Rio Camorim e Caçambé
1/2,I_30min,4,56.895467,-0.166316,12.009493,1.000000,0.279743,0.022472,0.016186,0.666667,0.256338,0.021505,32,Sub bacia do Rio Camorim e Caçambé
1/2,I_30min,5,52.378698,-0.218421,14.128816,1.000000,0.315113,0.020000,0.013698,0.666667,0.287324,0.019231,32,Sub bacia do Rio Camorim e Caçambé
1/2,I_30min,6,55.766275,-0.166316,13.775595,1.000000,0.307443,0.020619,0.014280,0.666667,0.279202,0.020000,32,Sub bacia do Rio Camorim e Caçambé
1/2,I_30min,7,51.249506,-0.114211,11.656273,1.000000,0.319218,0.020000,0.013616,0.666667,0.289398,0.019417,32,Sub bacia do Rio Camorim e Caçambé
1/2,I_30min,8,56.895467,-0.166316,14.835257,1.000000,0.326797,0.019608,0.013200,0.666667,0.295977,0.019048,32,Sub bacia do Rio Camorim e Caçambé
1/2,I_30min,9,56.895467,-0.166316,14.835257,1.000000,0.343137,0.018692,0.012278,0.666667,0.310345,0.018182,32,Sub bacia do Rio Camorim e Caçambé
1/2,I_30min,10,56.895467,-0.166316,14.835257,1.000000,0.349673,0.018349,0.011933,0.666667,0.316092,0.017857,32,Sub bacia do Rio Camorim e Caçambé
1,I_1h,1,50.422521,-0.166316,7.435659,1.000000,0.139932,0.046512,0.040003,0.666667,0.125348,0.042553,32,Sub bacia do Rio Camorim e Caçambé
1,I_1h,2,51.472959,-0.218421,9.151581,1.000000,0.199313,0.033333,0.026690,0.666667,0.173669,0.031250,32,Sub bacia do Rio Camorim e Caçambé
1,I_1h,3,44.119887,-0.166316,7.721646,1.000000,0.252595,0.026667,0.019931,0.666667,0.216901,0.025316,32,Sub bacia do Rio Camorim e Caçambé
1,I_1h,4,44.119887,-0.166316,7.721646,1.000000,0.290657,0.023256,0.016496,0.666667,0.247887,0.022222,32,Sub bacia do Rio Camorim e Caçambé
1,I_1h,5,48.321643,-0.270526,10.009541,1.000000,0.321799,0.021053,0.014278,0.666667,0.273239,0.020202,32,Sub bacia do Rio Camorim e Caçambé
1,I_1h,6,51.472959,-0.166316,8.865594,1.000000,0.307692,0.022222,0.015385,0.666667,0.262108,0.021277,32,Sub bacia do Rio Camorim e Caçambé
1,I_1h,7,49.372082,-0.166316,9.437568,1.000000,0.309859,0.022222,0.015336,0.666667,0.263610,0.021277,32,Sub bacia do Rio Camorim e Caçambé
1,I_1h,8,50.422521,-0.114211,8.007633,1.000000,0.293286,0.023529,0.016629,0.666667,0.250000,0.022472,32,Sub bacia do Rio Camorim e Caçambé
1,I_1h,9,51.472959,-0.114211,8.007633,1.000000,0.307420,0.022472,0.015564,0.666667,0.261494,0.021505,32,Sub bacia do Rio Camorim e Caçambé
1,I_1h,10,52.523398,-0.114211,8.007633,1.000000,0.314488,0.021978,0.015066,0.666667,0.267241,0.021053,32,Sub bacia do Rio Camorim e Caçambé
2,I_2h,1,36.259605,-0.218421,5.467262,1.000000,0.140288,0.048780,0.041937,0.666667,0.119777,0.044444,32,Sub bacia do Rio Camorim e Caçambé
2,I_2h,2,37.069122,-0.218421,5.467262,1.000000,0.206522,0.033898,0.026898,0.666667,0.170868,0.031746,32,Sub bacia do Rio Camorim e Caçambé
2,I_2h,3,28.973949,-0.218421,5.669754,1.000000,0.255474,0.027778,0.020681,0.666667,0.208451,0.026316,32,Sub bacia do Rio Camorim e Caçambé
2,I_2h,4,37.069122,-0.218421,5.467262,1.000000,0.291971,0.024390,0.017269,0.666667,0.236620,0.023256,32,Sub bacia do Rio Camorim e Caçambé
2,I_2h,5,37.069122,-0.218421,5.467262,1.000000,0.317518,0.022472,0.015337,0.666667,0.256338,0.021505,32,Sub bacia do Rio Camorim e Caçambé
2,I_2h,6,38.688157,-0.218421,5.872245,1.000000,0.317343,0.022727,0.015515,0.666667,0.256410,0.021739,32,Sub bacia do Rio Camorim e Caçambé
2,I_2h,7,36.259605,-0.166316,5.669754,1.000000,0.314815,0.022989,0.015751,0.666667,0.252149,0.022222,32,Sub bacia do Rio Camorim e Caçambé
2,I_2h,8,24.926362,-0.114211,5.264771,1.000000,0.312268,0.023256,0.015994,0.666667,0.250000,0.022472,32,Sub bacia do Rio Camorim e Caçambé
2,I_2h,9,24.926362,-0.114211,5.264771,1.000000,0.330855,0.021978,0.014706,0.666667,0.264368,0.021277,32,Sub bacia do Rio Camorim e Caçambé
2,I_2h,10,27.354914,-0.114211,5.062280,1.000000,0.334572,0.021739,0.014466,0.666667,0.267241,0.021053,32,Sub bacia do Rio Camorim e Caçambé
3,I_3h,1,23.290743,-0.218421,4.055212,1.000000,0.146718,0.050000,0.042664,0.666667,0.116992,0.045455,32,Sub bacia do Rio Camorim e Caçambé
3,I_3h,2,25.692360,-0.218421,4.055212,1.000000,0.217899,0.034483,0.026969,0.666667,0.168067,0.032258,32,Sub bacia do Rio Camorim e Caçambé
3,I_3h,3,27.493572,-0.218421,4.055212,1.000000,0.262745,0.028986,0.021370,0.666667,0.200000,0.027397,32,Sub bacia do Rio Camorim e Caçambé
3,I_3h,4,29.895189,-0.218421,3.905019,1.000000,0.301961,0.025316,0.017672,0.666667,0.228169,0.024096,32,Sub bacia do Rio Camorim e Caçambé
3,I_3h,5,29.895189,-0.218421,3.905019,1.000000,0.333333,0.022989,0.015326,0.666667,0.250704,0.021978,32,Sub bacia do Rio Camorim e Caçambé
3,I_3h,6,27.493572,-0.166316,3.905019,1.000000,0.325397,0.023810,0.016062,0.666667,0.245014,0.022727,32,Sub bacia do Rio Camorim e Caçambé
3,I_3h,7,29.895189,-0.166316,3.905019,1.000000,0.344000,0.022727,0.014909,0.666667,0.257880,0.021739,32,Sub bacia do Rio Camorim e Caçambé
3,I_3h,8,29.294785,-0.166316,4.355598,1.000000,0.333333,0.023529,0.015686,0.666667,0.250000,0.022472,32,Sub bacia do Rio Camorim e Caçambé
3,I_3h,9,27.493572,-0.114211,3.454440,1.000000,0.349398,0.022472,0.014620,0.666667,0.261494,0.021505,32,Sub bacia do Rio Camorim e Caçambé
3,I_3h,10,29.895189,-0.166316,4.355598,1.000000,0.349398,0.022472,0.014620,0.666667,0.261494,0.021505,32,Sub bacia do Rio Camorim e Caçambé
6,I_6h,1,17.723728,-0.114211,0.269259,1.000000,0.173333,0.048780,0.040325,0.666667,0.119777,0.044444,32,Sub bacia do Rio Camorim e Caçambé
6,I_6h,2,17.723728,-0.114211,0.269259,1.000000,0.228700,0.037736,0.029106,0.666667,0.154062,0.035088,32,Sub bacia do Rio Camorim e Caçambé
6,I_6h,3,14.521392,-0.218421,2.513085,1.000000,0.298643,0.029412,0.020628,0.666667,0.197183,0.027778,32,Sub bacia do Rio Camorim e Caçambé
6,I_6h,4,17.723728,-0.166316,1.795060,1.000000,0.330317,0.026667,0.017858,0.666667,0.216901,0.025316,32,Sub bacia do Rio Camorim e Caçambé
6,I_6h,5,12.742316,-0.114211,4.128639,0.500000,0.113122,0.038462,0.017055,0.333333,0.081690,0.033333,32,Sub bacia do Rio Camorim e Caçambé
6,I_6h,6,10.607426,-0.114211,4.397898,0.500000,0.114155,0.038462,0.017035,0.333333,0.079772,0.034483,32,Sub bacia do Rio Camorim e Caçambé
6,I_6h,7,10.607426,-0.114211,4.397898,0.500000,0.119816,0.037037,0.016300,0.333333,0.083095,0.033333,32,Sub bacia do Rio Camorim e Caçambé
6,I_6h,8,13.809762,-0.062105,0.269259,1.000000,0.337963,0.026667,0.017654,0.666667,0.218391,0.025641,32,Sub bacia do Rio Camorim e Caçambé
6,I_6h,9,13.809762,-0.062105,0.269259,1.000000,0.361111,0.025000,0.015972,0.666667,0.232759,0.024096,32,Sub bacia do Rio Camorim e Caçambé
6,I_6h,10,14.877207,-0.062105,0.089753,1.000000,0.370370,0.024390,0.015357,0.666667,0.238506,0.023529,32,Sub bacia do Rio Camorim e Caçambé
8,I_8h,1,9.979254,-0.114211,3.892737,0.500000,0.042194,0.090909,0.043537,0.333333,0.038997,0.066667,32,Sub bacia do Rio Camorim e Caçambé
8,I_8h,2,13.680436,-0.114211,3.654406,0.500000,0.055319,0.071429,0.033739,0.333333,0.047619,0.055556,32,Sub bacia do Rio Camorim e Caçambé
8,I_8h,3,11.661609,-0.114211,3.892737,0.500000,0.064378,0.062500,0.029238,0.333333,0.053521,0.050000,32,Sub bacia do Rio Camorim e Caçambé
8,I_8h,4,11.661609,-0.114211,3.892737,0.500000,0.077253,0.052632,0.024283,0.333333,0.061972,0.043478,32,Sub bacia do Rio Camorim e Caçambé
8,I_8h,5,6.278072,-0.062105,3.416075,0.500000,0.085837,0.047619,0.021766,0.333333,0.067606,0.040000,32,Sub bacia do Rio Camorim e Caçambé
8,I_8h,6,6.278072,-0.062105,3.416075,0.500000,0.078261,0.052632,0.024256,0.333333,0.062678,0.043478,32,Sub bacia do Rio Camorim e Caçambé
8,I_8h,7,1.903947,-0.010000,3.892737,0.500000,0.078947,0.052632,0.024238,0.333333,0.063037,0.043478,32,Sub bacia do Rio Camorim e Caçambé
8,I_8h,8,1.903947,-0.010000,3.892737,0.500000,0.079295,0.052632,0.024229,0.333333,0.063218,0.043478,32,Sub bacia do Rio Camorim e Caçambé
8,I_8h,9,1.903947,-0.010000,3.892737,0.500000,0.079295,0.052632,0.024229,0.333333,0.063218,0.043478,32,Sub bacia do Rio Camorim e Caçambé
8,I_8h,10,2.240418,-0.010000,3.574963,0.500000,0.079295,0.052632,0.024229,0.333333,0.063218,0.043478,32,Sub bacia do Rio Camorim e Caçambé
10,I_10h,1,5.330840,-0.062105,3.741350,0.500000,0.037500,0.100000,0.048125,0.333333,0.036212,0.071429,32,Sub bacia do Rio Camorim e Caçambé
10,I_10h,2,9.436809,-0.114211,3.741350,0.500000,0.046218,0.083333,0.039741,0.333333,0.042017,0.062500,32,Sub bacia do Rio Camorim e Caçambé
10,I_10h,3,9.436809,-0.114211,3.819295,0.500000,0.046610,0.083333,0.039725,0.333333,0.042254,0.062500,32,Sub bacia do Rio Camorim e Caçambé
10,I_10h,4,13.200614,-0.114211,3.741350,0.500000,0.050847,0.076923,0.036506,0.333333,0.045070,0.058824,32,Sub bacia do Rio Camorim e Caçambé
10,I_10h,5,13.200614,-0.114211,3.741350,0.500000,0.050847,0.076923,0.036506,0.333333,0.045070,0.058824,32,Sub bacia do Rio Camorim e Caçambé
10,I_10h,6,13.542778,-0.114211,3.741350,0.500000,0.047210,0.083333,0.039700,0.333333,0.042735,0.062500,32,Sub bacia do Rio Camorim e Caçambé
10,I_10h,7,2.251363,-0.010000,3.741350,0.500000,0.056277,0.071429,0.033704,0.333333,0.048711,0.055556,32,Sub bacia do Rio Camorim e Caçambé
10,I_10h,8,13.542778,-0.114211,3.741350,0.500000,0.056522,0.071429,0.033696,0.333333,0.048851,0.055556,32,Sub bacia do Rio Camorim e Caçambé
10,I_10h,9,13.542778,-0.114211,3.741350,0.500000,0.056522,0.071429,0.033696,0.333333,0.048851,0.055556,32,Sub bacia do Rio Camorim e Caçambé
10,I_10h,10,2.251363,-0.010000,3.663405,0.500000,0.060870,0.066667,0.031304,0.333333,0.051724,0.052632,32,Sub bacia do Rio Camorim e Caçambé
12,I_12h,1,11.836815,-0.114211,3.438514,0.500000,0.032922,0.111111,0.053727,0.333333,0.033426,0.076923,32,Sub bacia do Rio Camorim e Caçambé
12,I_12h,2,12.152216,-0.114211,3.438514,0.500000,0.037344,0.100000,0.048133,0.333333,0.036415,0.071429,32,Sub bacia do Rio Camorim e Caçambé
12,I_12h,3,12.152216,-0.114211,3.438514,0.500000,0.037657,0.100000,0.048117,0.333333,0.036620,0.071429,32,Sub bacia do Rio Camorim e Caçambé
12,I_12h,4,2.059387,-0.010000,3.438514,0.500000,0.046025,0.083333,0.039749,0.333333,0.042254,0.062500,32,Sub bacia do Rio Camorim e Caçambé
12,I_12h,5,9.944410,-0.114211,3.438514,0.500000,0.046025,0.083333,0.039749,0.333333,0.042254,0.062500,32,Sub bacia do Rio Camorim e Caçambé
12,I_12h,6,2.059387,-0.010000,3.438514,0.500000,0.042373,0.090909,0.043529,0.333333,0.039886,0.066667,32,Sub bacia do Rio Camorim e Caçambé
12,I_12h,7,2.059387,-0.010000,3.438514,0.500000,0.038462,0.100000,0.048077,0.333333,0.037249,0.071429,32,Sub bacia do Rio Camorim e Caçambé
12,I_12h,8,2.059387,-0.010000,3.438514,0.500000,0.038627,0.100000,0.048069,0.333333,0.037356,0.071429,32,Sub bacia do Rio Camorim e Caçambé
12,I_12h,9,2.059387,-0.010000,3.438514,0.500000,0.042918,0.090909,0.043504,0.333333,0.040230,0.066667,32,Sub bacia do Rio Camorim e Caçambé
12,I_12h,10,2.059387,-0.010000,3.438514,0.500000,0.042918,0.090909,0.043504,0.333333,0.040230,0.066667,32,Sub bacia do Rio Camorim e Caçambé
24,I_24h,1,2.454217,-0.062105,2.369319,0.500000,0.011673,0.250000,0.123541,0.333333,0.020173,0.125000,32,Sub bacia do Rio Camorim e Caçambé
24,I_24h,2,2.454217,-0.010000,1.789078,0.500000,0.011765,0.250000,0.123529,0.333333,0.020290,0.125000,32,Sub bacia do Rio Camorim e Caçambé
24,I_24h,3,2.454217,-0.010000,1.789078,0.500000,0.011858,0.250000,0.123518,0.333333,0.020408,0.125000,32,Sub bacia do Rio Camorim e Caçambé
24,I_24h,4,2.454217,-0.010000,1.789078,0.500000,0.015810,0.200000,0.098419,0.333333,0.023324,0.111111,32,Sub bacia do Rio Camorim e Caçambé
24,I_24h,5,2.689638,-0.010000,1.595664,0.500000,0.015810,0.200000,0.098419,0.333333,0.023324,0.111111,32,Sub bacia do Rio Camorim e Caçambé
24,I_24h,6,2.689638,-0.010000,1.595664,0.500000,0.011952,0.250000,0.123506,0.333333,0.017699,0.142857,32,Sub bacia do Rio Camorim e Caçambé
24,I_24h,7,2.689638,-0.010000,1.595664,0.500000,0.008032,0.333333,0.165328,0.333333,0.014837,0.166667,32,Sub bacia do Rio Camorim e Caçambé
24,I_24h,8,2.689638,-0.010000,1.595664,0.500000,0.008065,0.333333,0.165323,0.333333,0.014881,0.166667,32,Sub bacia do Rio Camorim e Caçambé
24,I_24h,9,2.925060,-0.010000,1.402250,0.500000,0.008065,0.333333,0.165323,0.333333,0.014881,0.166667,32,Sub bacia do Rio Camorim e Caçambé
24,I_24h,10,1.512530,-0.010000,2.320966,0.500000,0.012097,0.250000,0.123488,0.333333,0.017857,0.142857,32,Sub bacia do Rio Camorim e Caçambé
1/6,I_15min,1,40.516388,-0.270526,8.856349,0.580882,0.323529,0.323770,0.127226,0.551724,0.292308,0.318725,33,Sub bacia da Lagoa Rodrigo de Freitas
1/6,I_15min,2,35.540130,-0.062105,9.467149,0.474074,0.251473,0.333333,0.118286,0.451389,0.229452,0.326633,33,Sub bacia da Lagoa Rodrigo de Freitas
1/6,I_15min,3,45.492646,-0.062105,8.283755,0.444444,0.238659,0.331492,0.112168,0.423611,0.218589,0.324468,33,Sub bacia da Lagoa Rodrigo de Freitas
1/6,I_15min,4,50.468904,-0.062105,1.183394,0.562963,0.369565,0.288973,0.102560,0.534722,0.332759,0.285185,33,Sub bacia da Lagoa Rodrigo de Freitas
1/6,I_15min,5,40.516388,-0.062105,8.875452,0.518519,0.330040,0.295359,0.102604,0.493056,0.298791,0.290984,33,Sub bacia da Lagoa Rodrigo de Freitas
1/6,I_15min,6,45.492646,-0.062105,9.467149,0.518519,0.322709,0.301724,0.105962,0.493056,0.292174,0.297071,33,Sub bacia da Lagoa Rodrigo de Freitas
1/6,I_15min,7,45.492646,-0.062105,9.467149,0.540741,0.338000,0.301653,0.107983,0.513889,0.305410,0.297189,33,Sub bacia da Lagoa Rodrigo de Freitas
1/6,I_15min,8,45.492646,-0.062105,9.467149,0.570370,0.353414,0.304348,0.112242,0.541667,0.319298,0.300000,33,Sub bacia da Lagoa Rodrigo de Freitas
1/6,I_15min,9,60.421420,-0.062105,8.283755,0.533333,0.321212,0.311688,0.112837,0.506944,0.291005,0.306723,33,Sub bacia da Lagoa Rodrigo de Freitas
1/6,I_15min,10,60.421420,-0.062105,8.283755,0.548148,0.334008,0.309623,0.113032,0.520833,0.302120,0.304878,33,Sub bacia da Lagoa Rodrigo de Freitas
1/2,I_30min,1,32.005377,-0.062105,5.471090,0.397059,0.163065,0.394161,0.130984,0.379310,0.152137,0.381944,33,Sub bacia da Lagoa Rodrigo de Freitas
1/2,I_30min,2,24.152294,-0.218421,9.600573,0.585185,0.358268,0.302682,0.113667,0.555556,0.321918,0.298507,33,Sub bacia da Lagoa Rodrigo de Freitas
1/2,I_30min,3,39.858461,-0.166316,9.143403,0.496296,0.298419,0.307339,0.107013,0.472222,0.270224,0.302222,33,Sub bacia da Lagoa Rodrigo de Freitas
1/2,I_30min,4,39.858461,-0.166316,9.143403,0.570370,0.354455,0.300781,0.110748,0.541667,0.318966,0.296578,33,Sub bacia da Lagoa Rodrigo de Freitas
1/2,I_30min,5,43.785003,-0.166316,9.143403,0.600000,0.372277,0.301115,0.113410,0.569444,0.335060,0.297101,33,Sub bacia da Lagoa Rodrigo de Freitas
1/2,I_30min,6,43.785003,-0.166316,9.143403,0.629630,0.403194,0.296167,0.111290,0.597222,0.361739,0.292517,33,Sub bacia da Lagoa Rodrigo de Freitas
1/2,I_30min,7,24.152294,-0.114211,11.429253,0.592593,0.372745,0.300752,0.111791,0.562500,0.335079,0.296703,33,Sub bacia da Lagoa Rodrigo de Freitas
1/2,I_30min,8,32.005377,-0.114211,9.600573,0.629630,0.402414,0.298246,0.112217,0.597222,0.361404,0.294521,33,Sub bacia da Lagoa Rodrigo de Freitas
1/2,I_30min,9,35.931919,-0.114211,9.600573,0.637037,0.404858,0.300699,0.114003,0.604167,0.363316,0.296928,33,Sub bacia da Lagoa Rodrigo de Freitas
1/2,I_30min,10,28.078836,-0.062105,10.057743,0.548148,0.330629,0.312236,0.114564,0.520833,0.298587,0.307377,33,Sub bacia da Lagoa Rodrigo de Freitas
1,I_1h,1,21.489516,-0.322632,6.357067,0.514925,0.252485,0.352041,0.135506,0.496552,0.227350,0.351220,33,Sub bacia da Lagoa Rodrigo de Freitas
1,I_1h,2,18.862933,-0.218421,6.065879,0.563910,0.341948,0.303644,0.112677,0.541667,0.303082,0.305882,33,Sub bacia da Lagoa Rodrigo de Freitas
1,I_1h,3,13.609766,-0.062105,6.975761,0.466165,0.270916,0.313131,0.106425,0.451389,0.242685,0.315534,33,Sub bacia da Lagoa Rodrigo de Freitas
1,I_1h,4,18.862933,-0.114211,5.155997,0.601504,0.397206,0.286738,0.103966,0.576389,0.351724,0.289199,33,Sub bacia da Lagoa Rodrigo de Freitas
1,I_1h,5,18.862933,-0.166316,6.369173,0.676692,0.439122,0.290323,0.110190,0.645833,0.388601,0.292453,33,Sub bacia da Lagoa Rodrigo de Freitas
1,I_1h,6,16.236349,-0.166316,7.885643,0.631579,0.394366,0.300000,0.114752,0.604167,0.349565,0.302083,33,Sub bacia da Lagoa Rodrigo de Freitas
1,I_1h,7,21.489516,-0.166316,7.885643,0.601504,0.387879,0.294118,0.108292,0.576389,0.343805,0.296429,33,Sub bacia da Lagoa Rodrigo de Freitas
1,I_1h,8,24.116099,-0.114211,6.065879,0.646617,0.407708,0.299652,0.114762,0.618056,0.361404,0.301695,33,Sub bacia da Lagoa Rodrigo de Freitas
1,I_1h,9,16.236349,-0.062105,6.065879,0.624060,0.393075,0.300725,0.113902,0.597222,0.349206,0.302817,33,Sub bacia da Lagoa Rodrigo de Freitas
1,I_1h,10,24.116099,-0.114211,7.582349,0.593985,0.375510,0.300380,0.111422,0.569444,0.333922,0.302583,33,Sub bacia da Lagoa Rodrigo de Freitas
2,I_2h,1,16.507216,-0.478947,4.465125,0.533333,0.240964,0.375000,0.151807,0.510345,0.215385,0.370000,33,Sub bacia da Lagoa Rodrigo de Freitas
2,I_2h,2,6.812886,-0.062105,4.476538,0.514925,0.261044,0.346734,0.131935,0.493056,0.231164,0.344660,33,Sub bacia da Lagoa Rodrigo de Freitas
2,I_2h,3,5.197165,-0.114211,5.838962,0.529851,0.297787,0.324201,0.120625,0.506944,0.263339,0.323009,33,Sub bacia da Lagoa Rodrigo de Freitas
2,I_2h,4,5.197165,-0.114211,5.838962,0.559701,0.326613,0.316456,0.119271,0.534722,0.287931,0.315574,33,Sub bacia da Lagoa Rodrigo de Freitas
2,I_2h,5,13.275773,-0.270526,6.033594,0.537313,0.298387,0.327273,0.123377,0.513889,0.264249,0.325991,33,Sub bacia da Lagoa Rodrigo de Freitas
2,I_2h,6,13.275773,-0.322632,6.422858,0.544776,0.310345,0.323009,0.121357,0.520833,0.274783,0.321888,33,Sub bacia da Lagoa Rodrigo de Freitas
2,I_2h,7,6.812886,-0.062105,5.644330,0.507463,0.270876,0.338308,0.125175,0.486111,0.240838,0.336538,33,Sub bacia da Lagoa Rodrigo de Freitas
2,I_2h,8,14.891495,-0.166316,5.838962,0.559701,0.302658,0.336323,0.131268,0.534722,0.268421,0.334783,33,Sub bacia da Lagoa Rodrigo de Freitas
2,I_2h,9,14.891495,-0.114211,5.644330,0.537313,0.273663,0.351220,0.137071,0.513889,0.243386,0.349057,33,Sub bacia da Lagoa Rodrigo de Freitas
2,I_2h,10,14.891495,-0.114211,5.644330,0.552239,0.284536,0.349057,0.137915,0.527778,0.252650,0.347032,33,Sub bacia da Lagoa Rodrigo de Freitas
3,I_3h,1,4.167355,-0.270526,3.723995,0.647059,0.301961,0.363636,0.164245,0.613793,0.273504,0.357430,33,Sub bacia da Lagoa Rodrigo de Freitas
3,I_3h,2,8.073503,-0.114211,3.434533,0.496296,0.209804,0.385057,0.151009,0.472222,0.191781,0.377778,33,Sub bacia da Lagoa Rodrigo de Freitas
3,I_3h,3,2.865305,-0.114211,5.226463,0.481481,0.222004,0.365169,0.136789,0.458333,0.203098,0.358696,33,Sub bacia da Lagoa Rodrigo de Freitas
3,I_3h,4,8.073503,-0.218421,4.031843,0.577778,0.314961,0.327731,0.129716,0.548611,0.284483,0.323770,33,Sub bacia da Lagoa Rodrigo de Freitas
3,I_3h,5,6.771454,-0.114211,5.077136,0.429630,0.177165,0.391892,0.138539,0.409722,0.164076,0.383117,33,Sub bacia da Lagoa Rodrigo de Freitas
3,I_3h,6,9.375553,-0.114211,5.077136,0.407407,0.162376,0.401460,0.137000,0.388889,0.151304,0.391608,33,Sub bacia da Lagoa Rodrigo de Freitas
3,I_3h,7,6.771454,-0.062105,4.629153,0.429630,0.174950,0.397260,0.140815,0.409722,0.162304,0.388158,33,Sub bacia da Lagoa Rodrigo de Freitas
3,I_3h,8,10.677602,-0.114211,5.077136,0.444444,0.189621,0.387097,0.139420,0.423611,0.175439,0.378882,33,Sub bacia da Lagoa Rodrigo de Freitas
3,I_3h,9,4.167355,-0.062105,4.927808,0.511111,0.238956,0.367021,0.142763,0.486111,0.218695,0.360825,33,Sub bacia da Lagoa Rodrigo de Freitas
3,I_3h,10,9.375553,-0.062105,4.479826,0.429630,0.175050,0.400000,0.141769,0.409722,0.162544,0.390728,33,Sub bacia da Lagoa Rodrigo de Freitas
6,I_6h,1,4.212290,-1.000000,3.125978,0.477941,0.154739,0.448276,0.181097,0.455172,0.147009,0.434211,33,Sub bacia da Lagoa Rodrigo de Freitas
6,I_6h,2,4.212290,-1.000000,3.132521,0.533333,0.195358,0.416185,0.178603,0.506944,0.181507,0.407821,33,Sub bacia da Lagoa Rodrigo de Freitas
6,I_6h,3,4.212290,-0.895789,3.132521,0.562963,0.224806,0.395833,0.172744,0.534722,0.208262,0.388889,33,Sub bacia da Lagoa Rodrigo de Freitas
6,I_6h,4,4.212290,-1.000000,3.132521,0.592593,0.262136,0.372093,0.162699,0.562500,0.241379,0.366516,33,Sub bacia da Lagoa Rodrigo de Freitas
6,I_6h,5,4.212290,-0.322632,3.043020,0.562963,0.242718,0.378109,0.161196,0.534722,0.224525,0.371981,33,Sub bacia da Lagoa Rodrigo de Freitas
6,I_6h,6,4.212290,-0.218421,3.132521,0.525926,0.216797,0.390110,0.160689,0.500000,0.201739,0.382979,33,Sub bacia da Lagoa Rodrigo de Freitas
6,I_6h,7,3.403349,-0.739474,3.132521,0.622222,0.286275,0.365217,0.162192,0.590278,0.263525,0.360169,33,Sub bacia da Lagoa Rodrigo de Freitas
6,I_6h,8,5.021231,-0.583158,3.132521,0.622222,0.277559,0.373333,0.167820,0.590278,0.256140,0.367965,33,Sub bacia da Lagoa Rodrigo de Freitas
6,I_6h,9,5.021231,-0.531053,3.132521,0.629630,0.285149,0.371179,0.167065,0.597222,0.262787,0.365957,33,Sub bacia da Lagoa Rodrigo de Freitas
6,I_6h,10,5.830171,-0.062105,2.595517,0.451852,0.158730,0.432624,0.164453,0.430556,0.150177,0.421769,33,Sub bacia da Lagoa Rodrigo de Freitas
8,I_8h,1,2.609107,-0.270526,2.142426,0.514925,0.183099,0.431250,0.181402,0.496552,0.165812,0.426036,33,Sub bacia da Lagoa Rodrigo de Freitas
8,I_8h,2,3.227360,-0.322632,2.146691,0.541353,0.213280,0.404494,0.172272,0.520833,0.190068,0.403226,33,Sub bacia da Lagoa Rodrigo de Freitas
8,I_8h,3,3.845612,-0.426842,2.285187,0.556391,0.231855,0.391534,0.167338,0.534722,0.206540,0.390863,33,Sub bacia da Lagoa Rodrigo de Freitas
8,I_8h,4,3.227360,-0.947895,2.562180,0.563910,0.248485,0.378788,0.160525,0.541667,0.220690,0.378641,33,Sub bacia da Lagoa Rodrigo de Freitas
8,I_8h,5,3.845612,-0.531053,2.562180,0.541353,0.232323,0.385027,0.160011,0.520833,0.207254,0.384615,33,Sub bacia da Lagoa Rodrigo de Freitas
8,I_8h,6,29.193972,-0.843684,2.562180,0.518797,0.211382,0.398844,0.163180,0.500000,0.189565,0.397790,33,Sub bacia da Lagoa Rodrigo de Freitas
8,I_8h,7,2.609107,-1.000000,2.700676,0.571429,0.246939,0.385787,0.166012,0.548611,0.219895,0.385366,33,Sub bacia da Lagoa Rodrigo de Freitas
8,I_8h,8,3.845612,-0.531053,2.562180,0.593985,0.256148,0.387255,0.171104,0.569444,0.228070,0.386792,33,Sub bacia da Lagoa Rodrigo de Freitas
8,I_8h,9,27.339214,-0.739474,2.562180,0.563910,0.234568,0.396825,0.171284,0.541667,0.209877,0.395939,33,Sub bacia da Lagoa Rodrigo de Freitas
8,I_8h,10,27.339214,-0.739474,2.562180,0.578947,0.244856,0.392857,0.171753,0.555556,0.219081,0.392157,33,Sub bacia da Lagoa Rodrigo de Freitas
10,I_10h,1,2.123848,-0.531053,2.084794,0.466667,0.150000,0.456522,0.181087,0.448276,0.138699,0.445205,33,Sub bacia da Lagoa Rodrigo de Freitas
10,I_10h,2,2.627122,-1.000000,1.972350,0.559701,0.224000,0.401070,0.174196,0.534722,0.200686,0.396907,33,Sub bacia da Lagoa Rodrigo de Freitas
10,I_10h,3,2.627122,-1.000000,1.972350,0.597015,0.252505,0.388350,0.173307,0.569444,0.225862,0.384977,33,Sub bacia da Lagoa Rodrigo de Freitas
10,I_10h,4,2.123848,-0.687368,2.088370,0.567164,0.242972,0.385787,0.165641,0.541667,0.217617,0.382353,33,Sub bacia da Lagoa Rodrigo de Freitas
10,I_10h,5,2.627122,-0.478947,2.088370,0.544776,0.234940,0.384211,0.160134,0.520833,0.211073,0.380711,33,Sub bacia da Lagoa Rodrigo de Freitas
10,I_10h,6,23.764631,-0.791579,2.088370,0.514925,0.208502,0.401163,0.163499,0.493056,0.188153,0.396648,33,Sub bacia da Lagoa Rodrigo de Freitas
10,I_10h,7,2.123848,-1.000000,2.088370,0.619403,0.280488,0.375566,0.167378,0.590278,0.250000,0.372807,33,Sub bacia da Lagoa Rodrigo de Freitas
10,I_10h,8,2.627122,-0.739474,2.262401,0.567164,0.234694,0.397906,0.172713,0.541667,0.210896,0.393939,33,Sub bacia da Lagoa Rodrigo de Freitas
10,I_10h,9,2.627122,-0.374737,2.088370,0.597015,0.260246,0.386473,0.170684,0.569444,0.233216,0.383178,33,Sub bacia da Lagoa Rodrigo de Freitas
10,I_10h,10,17.725343,-0.687368,2.088370,0.589552,0.247951,0.395000,0.175132,0.562500,0.223009,0.391304,33,Sub bacia da Lagoa Rodrigo de Freitas
12,I_12h,1,1.776951,-0.791579,1.582747,0.548148,0.206827,0.418079,0.181771,0.524138,0.186644,0.410811,33,Sub bacia da Lagoa Rodrigo de Freitas
12,I_12h,2,1.776951,-1.000000,1.584882,0.619403,0.257028,0.393365,0.181026,0.590278,0.228130,0.389908,33,Sub bacia da Lagoa Rodrigo de Freitas
12,I_12h,3,2.196189,-0.739474,1.634410,0.604478,0.257545,0.387560,0.173936,0.576389,0.229310,0.384259,33,Sub bacia da Lagoa Rodrigo de Freitas
12,I_12h,4,2.196189,-0.843684,1.733465,0.597015,0.262097,0.380952,0.167824,0.569444,0.233161,0.377880,33,Sub bacia da Lagoa Rodrigo de Freitas
12,I_12h,5,2.615426,-0.166316,1.287717,0.649254,0.308468,0.362500,0.162755,0.618056,0.273356,0.360324,33,Sub bacia da Lagoa Rodrigo de Freitas
12,I_12h,6,2.615426,-0.322632,1.584882,0.626866,0.288618,0.371681,0.165748,0.597222,0.256098,0.369099,33,Sub bacia da Lagoa Rodrigo de Freitas
12,I_12h,7,1.776951,-0.687368,1.634410,0.694030,0.334694,0.361868,0.167090,0.659722,0.295455,0.359848,33,Sub bacia da Lagoa Rodrigo de Freitas
12,I_12h,8,2.615426,-0.531053,1.733465,0.626866,0.274590,0.385321,0.175219,0.597222,0.244288,0.382222,33,Sub bacia da Lagoa Rodrigo de Freitas
12,I_12h,9,10.580943,-0.583158,1.733465,0.582090,0.246914,0.393939,0.172689,0.555556,0.220848,0.390244,33,Sub bacia da Lagoa Rodrigo de Freitas
12,I_12h,10,10.580943,-0.583158,1.733465,0.604478,0.259259,0.391304,0.175211,0.576389,0.231858,0.387850,33,Sub bacia da Lagoa Rodrigo de Freitas
24,I_24h,1,0.789699,-0.583158,0.882404,0.601504,0.222689,0.430108,0.201099,0.573427,0.202532,0.422680,33,Sub bacia da Lagoa Rodrigo de Freitas
24,I_24h,2,1.019599,-0.791579,0.881876,0.636364,0.250000,0.413793,0.197492,0.605634,0.224638,0.409524,33,Sub bacia da Lagoa Rodrigo de Freitas
24,I_24h,3,1.249499,-1.000000,0.854317,0.681818,0.291139,0.394737,0.190782,0.647887,0.260474,0.391489,33,Sub bacia da Lagoa Rodrigo de Freitas
24,I_24h,4,1.249499,-0.635263,0.881876,0.674242,0.291755,0.392070,0.187225,0.640845,0.260949,0.388889,33,Sub bacia da Lagoa Rodrigo de Freitas
24,I_24h,5,0.789699,-0.739474,0.992110,0.613636,0.254237,0.402985,0.184417,0.584507,0.228519,0.399038,33,Sub bacia da Lagoa Rodrigo de Freitas
24,I_24h,6,1.249499,-0.374737,0.826759,0.704545,0.318376,0.384298,0.184553,0.669014,0.283610,0.381526,33,Sub bacia da Lagoa Rodrigo de Freitas
24,I_24h,7,1.249499,-0.114211,0.826759,0.590909,0.233906,0.417112,0.188823,0.563380,0.210721,0.412371,33,Sub bacia da Lagoa Rodrigo de Freitas
24,I_24h,8,1.249499,-0.478947,0.881876,0.719697,0.316810,0.392562,0.193019,0.683099,0.282004,0.389558,33,Sub bacia da Lagoa Rodrigo de Freitas
24,I_24h,9,1.249499,-0.166316,0.881876,0.643939,0.267819,0.406699,0.191750,0.612676,0.240223,0.402778,33,Sub bacia da Lagoa Rodrigo de Freitas
24,I_24h,10,1.019599,-0.062105,0.826759,0.568182,0.213823,0.431034,0.192539,0.542254,0.193669,0.425414,33,Sub bacia da Lagoa Rodrigo de Freitas
1/6,I_15min,1,118.708148,-0.218421,1.612161,0.575000,0.211382,0.227723,0.103262,0.545455,0.176596,0.224299,35,Sub bacia do Rio das Pedras
1/6,I_15min,2,118.708148,-0.218421,2.149547,0.600000,0.310627,0.173913,0.071935,0.568182,0.254274,0.173611,35,Sub bacia do Rio das Pedras
1/6,I_15min,3,89.291111,-0.218421,12.897285,0.500000,0.306011,0.151515,0.052575,0.477273,0.251073,0.152174,35,Sub bacia do Rio das Pedras
1/6,I_15min,4,96.645370,-0.218421,12.897285,0.575000,0.362637,0.148387,0.054381,0.545455,0.295259,0.149068,35,Sub bacia do Rio das Pedras
1/6,I_15min,5,137.093796,-0.218421,12.897285,0.575000,0.373626,0.144654,0.052099,0.545455,0.303879,0.145455,35,Sub bacia do Rio das Pedras
1/6,I_15min,6,151.802314,-0.218421,12.897285,0.575000,0.379501,0.143750,0.051288,0.545455,0.308696,0.144578,35,Sub bacia do Rio das Pedras
1/6,I_15min,7,166.510833,-0.218421,12.897285,0.625000,0.408333,0.145349,0.053749,0.590909,0.331878,0.146067,35,Sub bacia do Rio das Pedras
1/6,I_15min,8,122.385277,-0.166316,12.359898,0.675000,0.417827,0.152542,0.059944,0.636364,0.339912,0.153005,35,Sub bacia do Rio das Pedras
1/6,I_15min,9,173.865092,-0.114211,12.897285,0.500000,0.285714,0.163934,0.058548,0.477273,0.235683,0.164062,35,Sub bacia do Rio das Pedras
1/6,I_15min,10,122.385277,-0.062105,1.074774,0.550000,0.288515,0.176000,0.068872,0.522727,0.237885,0.175573,35,Sub bacia do Rio das Pedras
1/2,I_30min,1,137.454828,-0.426842,9.268013,0.525000,0.176322,0.230769,0.099792,0.500000,0.159574,0.226804,35,Sub bacia do Rio das Pedras
1/2,I_30min,2,92.911781,-0.322632,9.268013,0.550000,0.260759,0.176000,0.071558,0.522727,0.230769,0.175573,35,Sub bacia do Rio das Pedras
1/2,I_30min,3,119.637609,-0.322632,9.268013,0.525000,0.315522,0.144828,0.052044,0.500000,0.276824,0.145695,35,Sub bacia do Rio das Pedras
1/2,I_30min,4,95.881318,-0.322632,9.268013,0.625000,0.404092,0.136612,0.050880,0.590909,0.351293,0.137566,35,Sub bacia do Rio das Pedras
1/2,I_30min,5,116.668073,-0.218421,9.268013,0.550000,0.342711,0.141026,0.050982,0.522727,0.299569,0.141975,35,Sub bacia do Rio das Pedras
1/2,I_30min,6,122.607146,-0.478947,10.879841,0.725000,0.469072,0.137441,0.052904,0.681818,0.406522,0.138249,35,Sub bacia do Rio das Pedras
1/2,I_30min,7,143.393901,-0.218421,9.268013,0.650000,0.383420,0.149425,0.059886,0.613636,0.334061,0.150000,35,Sub bacia do Rio das Pedras
1/2,I_30min,8,146.363438,-0.218421,9.268013,0.700000,0.418182,0.148148,0.060337,0.659091,0.364035,0.148718,35,Sub bacia do Rio das Pedras
1/2,I_30min,9,137.454828,-0.114211,11.282799,0.475000,0.240209,0.171171,0.061776,0.454545,0.213656,0.170940,35,Sub bacia do Rio das Pedras
1/2,I_30min,10,143.393901,-0.114211,6.447313,0.600000,0.318538,0.164384,0.067213,0.568182,0.279736,0.164474,35,Sub bacia do Rio das Pedras
1,I_1h,1,50.672600,-0.322632,8.311167,0.475000,0.162437,0.228916,0.091072,0.454545,0.146809,0.224719,35,Sub bacia do Rio das Pedras
1,I_1h,2,64.339317,-0.322632,8.311167,0.475000,0.219388,0.180952,0.067095,0.454545,0.194444,0.180180,35,Sub bacia do Rio das Pedras
1,I_1h,3,109.895039,-0.166316,5.817817,0.375000,0.176923,0.178571,0.055117,0.363636,0.158798,0.177778,35,Sub bacia do Rio das Pedras
1,I_1h,4,68.894889,-0.426842,8.311167,0.600000,0.368557,0.143713,0.054448,0.568182,0.318966,0.144509,35,Sub bacia do Rio das Pedras
1,I_1h,5,23.339166,-0.218421,8.034128,0.675000,0.412371,0.144385,0.057270,0.636364,0.355603,0.145078,35,Sub bacia do Rio das Pedras
1,I_1h,6,100.783895,-0.478947,8.034128,0.725000,0.438961,0.146465,0.059575,0.681818,0.378261,0.147059,35,Sub bacia do Rio das Pedras
1,I_1h,7,66.617103,-0.322632,8.311167,0.700000,0.412533,0.150538,0.061905,0.659091,0.355895,0.151042,35,Sub bacia do Rio das Pedras
1,I_1h,8,89.394964,-0.166316,6.648934,0.625000,0.353403,0.156250,0.063144,0.590909,0.307018,0.156627,35,Sub bacia do Rio das Pedras
1,I_1h,9,43.839241,-0.114211,8.588206,0.575000,0.300000,0.167883,0.067573,0.545455,0.262115,0.167832,35,Sub bacia do Rio das Pedras
1,I_1h,10,87.117178,-0.114211,5.263739,0.600000,0.307895,0.170213,0.070683,0.568182,0.268722,0.170068,35,Sub bacia do Rio das Pedras
2,I_2h,1,22.522905,-0.270526,5.558490,0.450000,0.139949,0.246575,0.095430,0.431818,0.127660,0.240506,35,Sub bacia do Rio das Pedras
2,I_2h,2,34.813041,-0.322632,5.211084,0.475000,0.219949,0.180952,0.067047,0.454545,0.194444,0.180180,35,Sub bacia do Rio das Pedras
2,I_2h,3,13.919810,-0.635263,6.253301,0.575000,0.331620,0.151316,0.058153,0.545455,0.287554,0.151899,35,Sub bacia do Rio das Pedras
2,I_2h,4,27.438960,-0.322632,5.211084,0.600000,0.330749,0.157895,0.063403,0.568182,0.286638,0.158228,35,Sub bacia do Rio das Pedras
2,I_2h,5,18.835865,-0.322632,5.558490,0.675000,0.374677,0.156977,0.066259,0.636364,0.323276,0.157303,35,Sub bacia do Rio das Pedras
2,I_2h,6,27.438960,-0.322632,5.558490,0.675000,0.372396,0.158824,0.067283,0.636364,0.321739,0.159091,35,Sub bacia do Rio das Pedras
2,I_2h,7,23.751919,-0.218421,5.037381,0.700000,0.392670,0.157303,0.066875,0.659091,0.338428,0.157609,35,Sub bacia do Rio das Pedras
2,I_2h,8,42.187123,-0.270526,5.211084,0.725000,0.406824,0.157609,0.067780,0.681818,0.350877,0.157895,35,Sub bacia do Rio das Pedras
2,I_2h,9,44.645150,-0.166316,5.732192,0.575000,0.295515,0.170370,0.069013,0.545455,0.257709,0.170213,35,Sub bacia do Rio das Pedras
2,I_2h,10,43.416136,-0.166316,6.427004,0.550000,0.261214,0.181818,0.073879,0.522727,0.229075,0.181102,35,Sub bacia do Rio das Pedras
3,I_3h,1,26.757978,-0.426842,4.403104,0.475000,0.164773,0.246753,0.097895,0.454545,0.134043,0.240964,35,Sub bacia do Rio das Pedras
3,I_3h,2,10.240763,-0.531053,4.662110,0.550000,0.291429,0.177419,0.069143,0.522727,0.228632,0.176923,35,Sub bacia do Rio das Pedras
3,I_3h,3,6.937320,-0.374737,4.662110,0.625000,0.382184,0.158228,0.061097,0.590909,0.296137,0.158537,35,Sub bacia do Rio das Pedras
3,I_3h,4,6.937320,-0.374737,4.662110,0.650000,0.404624,0.156627,0.060614,0.613636,0.312500,0.156977,35,Sub bacia do Rio das Pedras
3,I_3h,5,25.106256,-0.426842,4.662110,0.600000,0.367052,0.158940,0.060361,0.568182,0.284483,0.159236,35,Sub bacia do Rio das Pedras
3,I_3h,6,30.887281,-0.426842,4.662110,0.625000,0.373178,0.163399,0.064014,0.590909,0.289130,0.163522,35,Sub bacia do Rio das Pedras
3,I_3h,7,33.364864,-0.218421,3.755589,0.625000,0.378299,0.162338,0.063078,0.590909,0.292576,0.162500,35,Sub bacia do Rio das Pedras
3,I_3h,8,38.320028,-0.270526,4.921117,0.575000,0.329412,0.170370,0.065693,0.545455,0.256579,0.170213,35,Sub bacia do Rio das Pedras
3,I_3h,9,23.454535,-0.218421,4.662110,0.625000,0.357988,0.171233,0.068708,0.590909,0.277533,0.171053,35,Sub bacia do Rio das Pedras
3,I_3h,10,24.280396,-0.218421,4.662110,0.625000,0.363905,0.168919,0.067155,0.590909,0.281938,0.168831,35,Sub bacia do Rio das Pedras
6,I_6h,1,19.885611,-0.791579,2.845422,0.500000,0.176119,0.253165,0.104289,0.477273,0.136170,0.247059,35,Sub bacia do Rio das Pedras
6,I_6h,2,4.145275,-0.166316,2.924462,0.500000,0.204204,0.227273,0.090431,0.477273,0.155983,0.223404,35,Sub bacia do Rio das Pedras
6,I_6h,3,4.145275,-0.114211,2.924462,0.475000,0.211480,0.213483,0.079959,0.454545,0.160944,0.210526,35,Sub bacia do Rio das Pedras
6,I_6h,4,4.145275,-0.062105,2.766383,0.425000,0.194529,0.209877,0.071846,0.409091,0.148707,0.206897,35,Sub bacia do Rio das Pedras
6,I_6h,5,15.513295,-0.166316,2.924462,0.425000,0.182371,0.220779,0.076719,0.409091,0.140086,0.216867,35,Sub bacia do Rio das Pedras
6,I_6h,6,15.950527,-0.478947,2.924462,0.600000,0.328221,0.183206,0.073844,0.568182,0.243478,0.182482,35,Sub bacia do Rio das Pedras
6,I_6h,7,20.760074,-0.218421,2.924462,0.525000,0.256173,0.201923,0.078853,0.500000,0.192140,0.200000,35,Sub bacia do Rio das Pedras
6,I_6h,8,10.266517,-0.114211,2.529264,0.550000,0.259259,0.207547,0.084556,0.522727,0.195175,0.205357,35,Sub bacia do Rio das Pedras
6,I_6h,9,19.011148,-0.114211,0.000000,0.800000,0.444099,0.182857,0.081320,0.750000,0.325991,0.182320,35,Sub bacia do Rio das Pedras
6,I_6h,10,15.950527,-0.166316,3.082541,0.525000,0.236025,0.216495,0.086833,0.500000,0.178414,0.213592,35,Sub bacia do Rio das Pedras
8,I_8h,1,11.409776,-0.166316,2.124327,0.350000,0.073864,0.350000,0.113452,0.340909,0.065957,0.326087,35,Sub bacia do Rio das Pedras
8,I_8h,2,3.229544,-0.166316,1.999366,0.550000,0.225714,0.217822,0.092761,0.522727,0.179487,0.214953,35,Sub bacia do Rio das Pedras
8,I_8h,3,3.229544,-0.010000,0.312401,0.575000,0.261494,0.201754,0.085673,0.545455,0.206009,0.200000,35,Sub bacia do Rio das Pedras
8,I_8h,4,3.229544,-0.010000,0.312401,0.575000,0.268786,0.198276,0.083365,0.545455,0.211207,0.196721,35,Sub bacia do Rio das Pedras
8,I_8h,5,6.978817,-0.114211,2.186807,0.425000,0.164740,0.229730,0.081551,0.409091,0.133621,0.225000,35,Sub bacia do Rio das Pedras
8,I_8h,6,3.229544,-0.010000,0.312401,0.575000,0.285714,0.190083,0.078070,0.545455,0.223913,0.188976,35,Sub bacia do Rio das Pedras
8,I_8h,7,7.660503,-0.166316,2.561688,0.475000,0.199413,0.218391,0.083049,0.454545,0.159389,0.215054,35,Sub bacia do Rio das Pedras
8,I_8h,8,12.091462,-0.166316,2.499208,0.500000,0.199413,0.227273,0.090976,0.477273,0.160088,0.223404,35,Sub bacia do Rio das Pedras
8,I_8h,9,4.933759,-0.062105,1.562005,0.600000,0.280236,0.201681,0.087097,0.568182,0.220264,0.200000,35,Sub bacia do Rio das Pedras
8,I_8h,10,9.364718,-0.114211,1.749445,0.650000,0.297935,0.204724,0.093424,0.613636,0.233480,0.203008,35,Sub bacia do Rio das Pedras
10,I_10h,1,7.317529,-0.166316,2.113406,0.325000,0.057377,0.382353,0.117135,0.318182,0.055319,0.350000,35,Sub bacia do Rio das Pedras
10,I_10h,2,2.064786,-0.374737,2.216499,0.525000,0.197802,0.225806,0.095099,0.500000,0.164530,0.222222,35,Sub bacia do Rio das Pedras
10,I_10h,3,2.341246,-0.687368,2.216499,0.575000,0.240331,0.209091,0.091333,0.545455,0.197425,0.206897,35,Sub bacia do Rio das Pedras
10,I_10h,4,2.617706,-0.010000,0.257732,0.600000,0.269444,0.198347,0.086942,0.568182,0.219828,0.196850,35,Sub bacia do Rio das Pedras
10,I_10h,5,10.082130,-0.166316,2.113406,0.400000,0.130556,0.253968,0.088325,0.386364,0.112069,0.246377,35,Sub bacia do Rio das Pedras
10,I_10h,6,2.617706,-0.010000,0.257732,0.600000,0.280899,0.193548,0.083509,0.568182,0.228261,0.192308,35,Sub bacia do Rio das Pedras
10,I_10h,7,13.676112,-0.270526,2.216499,0.475000,0.183616,0.226190,0.087713,0.454545,0.152838,0.222222,35,Sub bacia do Rio das Pedras
10,I_10h,8,13.676112,-0.218421,2.319592,0.450000,0.152542,0.250000,0.095339,0.431818,0.129386,0.243590,35,Sub bacia do Rio das Pedras
10,I_10h,9,6.764608,-0.166316,2.164952,0.500000,0.196023,0.224719,0.090335,0.477273,0.162996,0.221053,35,Sub bacia do Rio das Pedras
10,I_10h,10,8.146909,-0.114211,1.391755,0.650000,0.292614,0.201550,0.092673,0.613636,0.237885,0.200000,35,Sub bacia do Rio das Pedras
12,I_12h,1,9.092977,-0.895789,1.881150,0.475000,0.138889,0.275362,0.112631,0.454545,0.117021,0.266667,35,Sub bacia do Rio das Pedras
12,I_12h,2,1.720872,-0.374737,1.881150,0.525000,0.209497,0.218750,0.090784,0.500000,0.170940,0.215686,35,Sub bacia do Rio das Pedras
12,I_12h,3,1.720872,-0.583158,1.881150,0.575000,0.247191,0.207207,0.089693,0.545455,0.199571,0.205128,35,Sub bacia do Rio das Pedras
12,I_12h,4,2.181629,-0.010000,0.262486,0.600000,0.279661,0.195122,0.084332,0.568182,0.224138,0.193798,35,Sub bacia do Rio das Pedras
12,I_12h,5,11.166381,-0.218421,1.837402,0.400000,0.135593,0.250000,0.086441,0.386364,0.114224,0.242857,35,Sub bacia do Rio das Pedras
12,I_12h,6,2.181629,-0.010000,0.262486,0.600000,0.297143,0.187500,0.079071,0.568182,0.236957,0.186567,35,Sub bacia do Rio das Pedras
12,I_12h,7,6.558816,-0.218421,1.968645,0.450000,0.166667,0.236842,0.088816,0.431818,0.137555,0.231707,35,Sub bacia do Rio das Pedras
12,I_12h,8,10.014490,-0.218421,1.968645,0.475000,0.163793,0.250000,0.099300,0.454545,0.135965,0.243902,35,Sub bacia do Rio das Pedras
12,I_12h,9,10.014490,-0.218421,1.968645,0.475000,0.170520,0.243590,0.095975,0.454545,0.140969,0.238095,35,Sub bacia do Rio das Pedras
12,I_12h,10,10.014490,-0.218421,1.968645,0.475000,0.170520,0.243590,0.095975,0.454545,0.140969,0.238095,35,Sub bacia do Rio das Pedras
24,I_24h,1,5.586730,-0.218421,0.710057,0.400000,0.104790,0.313725,0.112340,0.386364,0.089888,0.298246,35,Sub bacia do Rio das Pedras
24,I_24h,2,3.148183,-0.114211,0.710057,0.375000,0.123494,0.267857,0.088042,0.363636,0.103837,0.258065,35,Sub bacia do Rio das Pedras
24,I_24h,3,4.977094,-0.166316,0.710057,0.425000,0.166667,0.236111,0.083623,0.409091,0.136054,0.230769,35,Sub bacia do Rio das Pedras
24,I_24h,4,3.270111,-0.114211,0.710057,0.425000,0.173252,0.229730,0.080720,0.409091,0.140909,0.225000,35,Sub bacia do Rio das Pedras
24,I_24h,5,4.855166,-0.166316,0.875737,0.425000,0.161094,0.242857,0.086587,0.409091,0.131818,0.236842,35,Sub bacia do Rio das Pedras
24,I_24h,6,1.563128,-0.062105,0.686388,0.475000,0.218462,0.211111,0.078371,0.454545,0.174312,0.208333,35,Sub bacia do Rio das Pedras
24,I_24h,7,3.148183,-0.114211,0.733725,0.500000,0.216718,0.222222,0.087031,0.477273,0.172811,0.218750,35,Sub bacia do Rio das Pedras
24,I_24h,8,5.708658,-0.218421,0.970411,0.500000,0.204334,0.232558,0.092519,0.477273,0.163972,0.228261,35,Sub bacia do Rio das Pedras
24,I_24h,9,1.563128,-0.062105,0.710057,0.550000,0.246106,0.217822,0.090318,0.522727,0.194896,0.214953,35,Sub bacia do Rio das Pedras
24,I_24h,10,5.586730,-0.166316,0.733725,0.625000,0.292835,0.210084,0.092853,0.590909,0.229698,0.208000,35,Sub bacia do Rio das Pedras
1/6,I_15min,1,10.947550,-0.687368,26.880971,0.612245,0.346535,0.222222,0.088907,0.592593,0.208255,0.223776,36,Micro bacia de Copacabana
1/6,I_15min,2,6.151989,-0.114211,30.126342,0.531915,0.310231,0.210084,0.077079,0.519231,0.187617,0.212598,36,Micro bacia de Copacabana
1/6,I_15min,3,212.361084,-0.062105,32.995517,0.127660,0.009967,0.666667,0.084258,0.153846,0.017013,0.470588,36,Micro bacia de Copacabana
1/6,I_15min,4,6.151989,-0.322632,30.843636,0.553191,0.332226,0.206349,0.076227,0.538462,0.200758,0.208955,36,Micro bacia de Copacabana
1/6,I_15min,5,6.151989,-0.322632,30.843636,0.553191,0.335548,0.204724,0.075250,0.538462,0.203036,0.207407,36,Micro bacia de Copacabana
1/6,I_15min,6,6.151989,-0.322632,30.843636,0.553191,0.347826,0.200000,0.072155,0.538462,0.210325,0.202899,36,Micro bacia de Copacabana
1/6,I_15min,7,6.151989,-0.322632,30.843636,0.553191,0.352349,0.198473,0.071108,0.538462,0.213052,0.201439,36,Micro bacia de Copacabana
1/6,I_15min,8,10.947550,-0.166316,26.539873,0.638298,0.416107,0.194805,0.072603,0.615385,0.250482,0.197531,36,Micro bacia de Copacabana
1/6,I_15min,9,126.040998,-0.062105,34.430105,0.255319,0.077441,0.342857,0.080759,0.269231,0.056202,0.325581,36,Micro bacia de Copacabana
1/6,I_15min,10,140.427679,-0.062105,34.430105,0.255319,0.074074,0.352941,0.083438,0.269231,0.054369,0.333333,36,Micro bacia de Copacabana
1/2,I_30min,1,17.156045,-0.010000,15.238350,0.469388,0.181269,0.277108,0.106493,0.462963,0.123827,0.274725,36,Micro bacia de Copacabana
1/2,I_30min,2,0.993759,-1.000000,25.241846,0.574468,0.280967,0.225000,0.092939,0.557692,0.185741,0.226562,36,Micro bacia de Copacabana
1/2,I_30min,3,0.993759,-0.114211,25.241846,0.574468,0.283537,0.225000,0.092607,0.557692,0.187146,0.226562,36,Micro bacia de Copacabana
1/2,I_30min,4,0.993759,-0.062105,25.241846,0.574468,0.284404,0.225000,0.092495,0.557692,0.187500,0.226562,36,Micro bacia de Copacabana
1/2,I_30min,5,9.074902,-0.010000,23.520811,0.446809,0.180428,0.262500,0.096125,0.442308,0.123340,0.261364,36,Micro bacia de Copacabana
1/2,I_30min,6,9.074902,-0.010000,23.520811,0.446809,0.179012,0.265823,0.097510,0.442308,0.122371,0.264368,36,Micro bacia de Copacabana
1/2,I_30min,7,9.074902,-0.010000,23.520811,0.446809,0.183230,0.262500,0.095797,0.442308,0.124760,0.261364,36,Micro bacia de Copacabana
1/2,I_30min,8,9.074902,-0.010000,23.520811,0.446809,0.183230,0.262500,0.095797,0.442308,0.125241,0.261364,36,Micro bacia de Copacabana
1/2,I_30min,9,9.074902,-0.010000,23.520811,0.446809,0.183801,0.262500,0.095730,0.442308,0.125969,0.261364,36,Micro bacia de Copacabana
1/2,I_30min,10,9.074902,-0.010000,23.520811,0.446809,0.183801,0.262500,0.095730,0.442308,0.126214,0.261364,36,Micro bacia de Copacabana
1,I_1h,1,7.189464,-0.166316,18.092387,0.448980,0.141956,0.328358,0.126498,0.444444,0.095685,0.320000,36,Micro bacia de Copacabana
1,I_1h,2,7.189464,-0.166316,18.070769,0.446809,0.151420,0.304348,0.115394,0.442308,0.101313,0.298701,36,Micro bacia de Copacabana
1,I_1h,3,7.189464,-0.010000,13.553077,0.510638,0.213376,0.263736,0.105938,0.500000,0.137996,0.262626,36,Micro bacia de Copacabana
1,I_1h,4,13.619377,-0.010000,9.446084,0.468085,0.182109,0.278481,0.106614,0.461538,0.119318,0.275862,36,Micro bacia de Copacabana
1,I_1h,5,3.974508,-0.218421,20.124265,0.468085,0.175719,0.285714,0.110238,0.461538,0.115750,0.282353,36,Micro bacia de Copacabana
1,I_1h,6,3.974508,-0.218421,20.124265,0.468085,0.174757,0.289474,0.111819,0.461538,0.114723,0.285714,36,Micro bacia de Copacabana
1,I_1h,7,3.974508,-0.010000,18.481468,0.425532,0.143322,0.312500,0.113920,0.423077,0.095969,0.305556,36,Micro bacia de Copacabana
1,I_1h,8,10.404421,-0.010000,12.320979,0.489362,0.175896,0.298701,0.120462,0.480769,0.115607,0.294118,36,Micro bacia de Copacabana
1,I_1h,9,10.404421,-0.010000,12.731678,0.489362,0.173203,0.302632,0.122446,0.480769,0.114341,0.297619,36,Micro bacia de Copacabana
1,I_1h,10,10.404421,-0.010000,12.731678,0.489362,0.176471,0.298701,0.120378,0.480769,0.116505,0.294118,36,Micro bacia de Copacabana
2,I_2h,1,2.108221,-0.218421,11.162345,0.489362,0.155620,0.298701,0.123426,0.500000,0.112570,0.310345,36,Micro bacia de Copacabana
2,I_2h,2,5.344253,-0.426842,10.667224,0.488889,0.158501,0.285714,0.117543,0.500000,0.114447,0.298851,36,Micro bacia de Copacabana
2,I_2h,3,3.726237,-0.478947,11.175187,0.488889,0.171512,0.271605,0.110011,0.500000,0.122873,0.285714,36,Micro bacia de Copacabana
2,I_2h,4,2.108221,-0.322632,11.175187,0.511111,0.195335,0.255556,0.105103,0.519231,0.138258,0.270000,36,Micro bacia de Copacabana
2,I_2h,5,5.344253,-0.062105,10.413242,0.466667,0.166181,0.269231,0.104762,0.480769,0.119545,0.284091,36,Micro bacia de Copacabana
2,I_2h,6,5.344253,-0.062105,10.413242,0.466667,0.167647,0.269231,0.104578,0.480769,0.120459,0.284091,36,Micro bacia de Copacabana
2,I_2h,7,2.108221,-0.270526,11.175187,0.511111,0.198225,0.255556,0.104726,0.519231,0.140115,0.270000,36,Micro bacia de Copacabana
2,I_2h,8,5.344253,-0.062105,10.413242,0.488889,0.177515,0.268293,0.107882,0.500000,0.127168,0.282609,36,Micro bacia de Copacabana
2,I_2h,9,10.198302,-0.010000,4.317686,0.533333,0.204748,0.258065,0.109454,0.538462,0.145349,0.271845,36,Micro bacia de Copacabana
2,I_2h,10,5.344253,-0.062105,10.921205,0.466667,0.160714,0.280000,0.109667,0.480769,0.116505,0.294118,36,Micro bacia de Copacabana
3,I_3h,1,1.696998,-0.478947,7.848991,0.617021,0.202667,0.276190,0.135878,0.611111,0.153846,0.286957,36,Micro bacia de Copacabana
3,I_3h,2,1.696998,-0.531053,7.905127,0.600000,0.205333,0.259615,0.123785,0.596154,0.155722,0.271930,36,Micro bacia de Copacabana
3,I_3h,3,3.045916,-0.114211,8.102755,0.555556,0.147849,0.312500,0.147943,0.557692,0.115312,0.322222,36,Micro bacia de Copacabana
3,I_3h,4,3.045916,-0.114211,8.102755,0.555556,0.153639,0.304878,0.143354,0.557692,0.119318,0.315217,36,Micro bacia de Copacabana
3,I_3h,5,3.045916,-0.114211,8.102755,0.555556,0.161725,0.294118,0.136973,0.557692,0.125237,0.305263,36,Micro bacia de Copacabana
3,I_3h,6,3.045916,-0.114211,8.102755,0.577778,0.166213,0.298851,0.143969,0.576923,0.128107,0.309278,36,Micro bacia de Copacabana
3,I_3h,7,3.045916,-0.114211,8.102755,0.577778,0.178082,0.285714,0.135682,0.576923,0.136276,0.297030,36,Micro bacia de Copacabana
3,I_3h,8,3.045916,-0.010000,6.324102,0.577778,0.183562,0.279570,0.131879,0.576923,0.140655,0.291262,36,Micro bacia de Copacabana
3,I_3h,9,3.045916,-0.010000,6.324102,0.577778,0.184573,0.279570,0.131715,0.576923,0.141473,0.291262,36,Micro bacia de Copacabana
3,I_3h,10,3.045916,-0.062105,7.905127,0.577778,0.182320,0.282609,0.133515,0.576923,0.139806,0.294118,36,Micro bacia de Copacabana
6,I_6h,1,0.200000,-0.531053,5.012017,0.555556,0.202564,0.240385,0.106495,0.574074,0.159475,0.267241,36,Micro bacia de Copacabana
6,I_6h,2,0.200000,-0.218421,4.986090,0.534884,0.205128,0.223301,0.094940,0.557692,0.161351,0.252174,36,Micro bacia de Copacabana
6,I_6h,3,0.200000,-0.218421,4.986090,0.534884,0.206718,0.223301,0.094750,0.557692,0.162571,0.252174,36,Micro bacia de Copacabana
6,I_6h,4,3.454526,-0.010000,2.782934,0.488372,0.160622,0.253012,0.103717,0.519231,0.128788,0.284211,36,Micro bacia de Copacabana
6,I_6h,5,3.454526,-0.010000,2.782934,0.488372,0.165803,0.247059,0.100651,0.519231,0.132827,0.278351,36,Micro bacia de Copacabana
6,I_6h,6,3.454526,-0.010000,2.782934,0.511628,0.164921,0.258824,0.110582,0.538462,0.131931,0.288660,36,Micro bacia de Copacabana
6,I_6h,7,3.454526,-0.010000,2.782934,0.511628,0.163158,0.261905,0.112135,0.538462,0.130518,0.291667,36,Micro bacia de Copacabana
6,I_6h,8,3.454526,-0.010000,2.782934,0.511628,0.168421,0.255814,0.108838,0.538462,0.134875,0.285714,36,Micro bacia de Copacabana
6,I_6h,9,2.640894,-0.010000,3.362712,0.511628,0.168865,0.255814,0.108780,0.538462,0.135659,0.285714,36,Micro bacia de Copacabana
6,I_6h,10,1.013631,-0.062105,4.986090,0.534884,0.177249,0.255556,0.112464,0.557692,0.141748,0.284314,36,Micro bacia de Copacabana
8,I_8h,1,1.489231,-0.010000,3.020066,0.511111,0.190601,0.239583,0.099114,0.537037,0.148218,0.268519,36,Micro bacia de Copacabana
8,I_8h,2,0.170000,-0.010000,4.354544,0.465116,0.174935,0.229885,0.088219,0.500000,0.136961,0.262626,36,Micro bacia de Copacabana
8,I_8h,3,0.170000,-0.583158,4.165216,0.511628,0.202632,0.222222,0.090657,0.538462,0.156900,0.252252,36,Micro bacia de Copacabana
8,I_8h,4,0.829616,-0.010000,3.597232,0.511628,0.195251,0.229167,0.094355,0.538462,0.151515,0.259259,36,Micro bacia de Copacabana
8,I_8h,5,0.829616,-0.010000,3.691896,0.488372,0.184697,0.230769,0.091886,0.519231,0.144213,0.262136,36,Micro bacia de Copacabana
8,I_8h,6,2.148847,-0.010000,2.366600,0.558140,0.216000,0.228571,0.100019,0.576923,0.166348,0.256410,36,Micro bacia de Copacabana
8,I_8h,7,0.829616,-0.062105,3.691896,0.558140,0.217158,0.228571,0.099871,0.576923,0.166987,0.256410,36,Micro bacia de Copacabana
8,I_8h,8,0.829616,-0.062105,3.691896,0.558140,0.225201,0.222222,0.096099,0.576923,0.173410,0.250000,36,Micro bacia de Copacabana
8,I_8h,9,0.829616,-0.010000,3.691896,0.488372,0.180108,0.238636,0.095553,0.519231,0.141473,0.270000,36,Micro bacia de Copacabana
8,I_8h,10,2.148847,-0.010000,2.461264,0.558140,0.221024,0.226415,0.098440,0.576923,0.170874,0.254237,36,Micro bacia de Copacabana
10,I_10h,1,0.693313,-0.166316,3.012969,0.545455,0.224543,0.218182,0.092286,0.574074,0.172608,0.252033,36,Micro bacia de Copacabana
10,I_10h,2,0.144000,-0.062105,3.055087,0.595238,0.268930,0.195312,0.084992,0.615385,0.204503,0.226950,36,Micro bacia de Copacabana
10,I_10h,3,1.242627,-0.062105,2.444069,0.619048,0.281579,0.195489,0.086941,0.634615,0.213611,0.226027,36,Micro bacia de Copacabana
10,I_10h,4,0.693313,-0.010000,2.978709,0.500000,0.195251,0.221053,0.088946,0.538462,0.151515,0.259259,36,Micro bacia de Copacabana
10,I_10h,5,0.693313,-0.010000,2.978709,0.500000,0.195251,0.221053,0.088946,0.538462,0.151803,0.259259,36,Micro bacia de Copacabana
10,I_10h,6,0.693313,-0.010000,2.902332,0.523810,0.208000,0.220000,0.091269,0.557692,0.160612,0.256637,36,Micro bacia de Copacabana
10,I_10h,7,0.693313,-0.062105,2.978709,0.571429,0.235925,0.214286,0.093560,0.596154,0.180422,0.248000,36,Micro bacia de Copacabana
10,I_10h,8,0.693313,-0.010000,2.902332,0.523810,0.209115,0.220000,0.091140,0.557692,0.161850,0.256637,36,Micro bacia de Copacabana
10,I_10h,9,0.693313,-0.062105,2.978709,0.571429,0.241935,0.210526,0.091196,0.596154,0.186047,0.244094,36,Micro bacia de Copacabana
10,I_10h,10,3.989194,-0.166316,3.055087,0.523810,0.207547,0.222222,0.092243,0.557692,0.161165,0.258929,36,Micro bacia de Copacabana
12,I_12h,1,0.125751,-0.010000,2.649198,0.613636,0.262032,0.216000,0.097814,0.629630,0.195122,0.246377,36,Micro bacia de Copacabana
12,I_12h,2,0.125751,-0.374737,2.671500,0.595238,0.262032,0.203252,0.089282,0.615385,0.195122,0.235294,36,Micro bacia de Copacabana
12,I_12h,3,0.125751,-0.218421,2.736659,0.595238,0.256065,0.208333,0.092254,0.615385,0.190926,0.240602,36,Micro bacia de Copacabana
12,I_12h,4,0.592603,-0.166316,2.671500,0.571429,0.232432,0.218182,0.095697,0.596154,0.174242,0.252033,36,Micro bacia de Copacabana
12,I_12h,5,0.125751,-0.010000,2.736659,0.571429,0.237838,0.214286,0.093326,0.596154,0.178368,0.248000,36,Micro bacia de Copacabana
12,I_12h,6,1.059454,-0.010000,1.954756,0.571429,0.234973,0.218182,0.095380,0.596154,0.175908,0.252033,36,Micro bacia de Copacabana
12,I_12h,7,1.526305,-0.010000,1.563805,0.619048,0.252747,0.220339,0.101926,0.634615,0.188100,0.251908,36,Micro bacia de Copacabana
12,I_12h,8,1.526305,-0.010000,1.563805,0.619048,0.255495,0.218487,0.100697,0.634615,0.190751,0.250000,36,Micro bacia de Copacabana
12,I_12h,9,1.526305,-0.010000,1.563805,0.619048,0.258953,0.216667,0.099394,0.634615,0.193798,0.248120,36,Micro bacia de Copacabana
12,I_12h,10,0.592603,-0.062105,2.671500,0.595238,0.232044,0.229358,0.104843,0.615385,0.174757,0.262295,36,Micro bacia de Copacabana
24,I_24h,1,0.100000,-0.010000,1.284958,0.627907,0.301837,0.190141,0.083354,0.648148,0.239130,0.224359,36,Micro bacia de Copacabana
24,I_24h,2,0.100000,-0.010000,1.296758,0.619048,0.296588,0.187050,0.081450,0.634615,0.235178,0.217105,36,Micro bacia de Copacabana
24,I_24h,3,0.100000,-0.374737,1.368800,0.619048,0.291005,0.191176,0.083908,0.634615,0.231076,0.221477,36,Micro bacia de Copacabana
24,I_24h,4,0.341973,-0.010000,1.080632,0.642857,0.310345,0.187500,0.083128,0.653846,0.245509,0.216561,36,Micro bacia de Copacabana
24,I_24h,5,0.100000,-0.114211,1.368800,0.619048,0.294430,0.189781,0.082893,0.634615,0.234000,0.220000,36,Micro bacia de Copacabana
24,I_24h,6,0.583946,-0.010000,1.008590,0.595238,0.275401,0.195312,0.084240,0.615385,0.219316,0.226950,36,Micro bacia de Copacabana
24,I_24h,7,0.341973,-0.010000,1.116653,0.642857,0.298387,0.195652,0.088246,0.653846,0.236364,0.225166,36,Micro bacia de Copacabana
24,I_24h,8,0.341973,-0.010000,1.116653,0.642857,0.301075,0.194245,0.087276,0.653846,0.238866,0.223684,36,Micro bacia de Copacabana
24,I_24h,9,0.341973,-0.010000,1.116653,0.642857,0.301075,0.194245,0.087276,0.653846,0.239837,0.223684,36,Micro bacia de Copacabana
24,I_24h,10,0.341973,-0.010000,1.116653,0.642857,0.301887,0.194245,0.087174,0.653846,0.240326,0.223684,36,Micro bacia de Copacabana
1/6,I_15min,1,160.486060,-0.531053,1.059117,0.469231,0.259615,0.429577,0.149240,0.453237,0.232877,0.425676,37,Restinga da Barra
1/6,I_15min,2,151.611894,-0.426842,0.531357,0.531250,0.339744,0.390805,0.137079,0.510949,0.301370,0.388889,37,Restinga da Barra
1/6,I_15min,3,191.546359,-0.478947,0.000000,0.574803,0.424437,0.356098,0.117810,0.551471,0.373626,0.355450,37,Restinga da Barra
1/6,I_15min,4,200.420286,-0.478947,0.534334,0.614173,0.521036,0.326360,0.096004,0.588235,0.455801,0.326531,37,Restinga da Barra
1/6,I_15min,5,173.798505,-0.426842,0.534334,0.645669,0.582524,0.312977,0.084363,0.617647,0.508287,0.313433,37,Restinga da Barra
1/6,I_15min,6,191.546359,-0.270526,10.152347,0.496063,0.431373,0.323077,0.091132,0.477941,0.379888,0.323383,37,Restinga da Barra
1/6,I_15min,7,191.546359,-0.270526,10.205323,0.531746,0.459016,0.323671,0.093109,0.511111,0.403361,0.323944,37,Restinga da Barra
1/6,I_15min,8,147.176724,-0.166316,9.668201,0.507937,0.404605,0.342246,0.103503,0.488889,0.356742,0.341969,37,Restinga da Barra
1/6,I_15min,9,218.168141,-0.166316,9.668201,0.492063,0.370861,0.356322,0.110309,0.474074,0.327684,0.355556,37,Restinga da Barra
1/6,I_15min,10,178.235469,-0.114211,0.000000,0.523810,0.400662,0.352941,0.110802,0.503704,0.353107,0.352332,37,Restinga da Barra
1/2,I_30min,1,117.091530,-1.000000,0.000000,0.541985,0.330128,0.408046,0.148145,0.517986,0.293151,0.402235,37,Restinga da Barra
1/2,I_30min,2,132.121856,-0.426842,0.825901,0.534884,0.342949,0.392045,0.137783,0.510949,0.304110,0.386740,37,Restinga da Barra
1/2,I_30min,3,124.606693,-0.426842,0.830006,0.570312,0.414791,0.361386,0.120613,0.544118,0.365385,0.357488,37,Restinga da Barra
1/2,I_30min,4,139.637020,-0.478947,1.245008,0.617188,0.514563,0.331933,0.099449,0.588235,0.450276,0.329218,37,Restinga da Barra
1/2,I_30min,5,139.637020,-0.426842,0.000000,0.656250,0.582524,0.318182,0.087172,0.625000,0.508287,0.315985,37,Restinga da Barra
1/2,I_30min,6,180.970418,-0.270526,0.830006,0.578125,0.493464,0.328889,0.096312,0.551471,0.432961,0.326087,37,Restinga da Barra
1/2,I_30min,7,177.212837,-0.270526,4.589337,0.582677,0.501639,0.325991,0.094662,0.555556,0.439776,0.323276,37,Restinga da Barra
1/2,I_30min,8,173.455255,-0.166316,2.503275,0.535433,0.421053,0.346939,0.107547,0.511111,0.370787,0.343284,37,Restinga da Barra
1/2,I_30min,9,184.728000,-0.166316,6.258187,0.511811,0.374172,0.365169,0.116966,0.488889,0.330508,0.360656,37,Restinga da Barra
1/2,I_30min,10,128.364275,-0.114211,0.000000,0.527559,0.400662,0.356383,0.112683,0.503704,0.353107,0.352332,37,Restinga da Barra
1,I_1h,1,39.413505,-0.739474,0.841619,0.564885,0.327160,0.411111,0.156254,0.539568,0.301370,0.405405,37,Restinga da Barra
1,I_1h,2,75.802274,-0.426842,0.280671,0.542636,0.339506,0.388889,0.139381,0.518248,0.312329,0.383784,37,Restinga da Barra
1,I_1h,3,109.591845,-0.531053,4.790833,0.546875,0.380805,0.362694,0.122816,0.522059,0.348901,0.358586,37,Restinga da Barra
1,I_1h,4,75.802274,-0.426842,0.281814,0.625000,0.504673,0.330579,0.102340,0.595588,0.458564,0.327935,37,Restinga da Barra
1,I_1h,5,10.822330,-0.322632,9.863480,0.531250,0.445483,0.322275,0.094938,0.507353,0.406077,0.319444,37,Restinga da Barra
1,I_1h,6,125.187032,-0.374737,6.763529,0.515625,0.420063,0.330000,0.098680,0.492647,0.382682,0.328431,37,Restinga da Barra
1,I_1h,7,122.587834,-0.374737,6.794374,0.566929,0.452830,0.333333,0.103402,0.540741,0.411765,0.331818,37,Restinga da Barra
1,I_1h,8,101.794252,-0.218421,6.228176,0.511811,0.381703,0.349462,0.110588,0.488889,0.348315,0.347368,37,Restinga da Barra
1,I_1h,9,86.199065,-0.166316,4.812682,0.535433,0.393651,0.354167,0.114984,0.511111,0.358757,0.352041,37,Restinga da Barra
1,I_1h,10,119.988636,-0.218421,6.794374,0.511811,0.377778,0.353261,0.112500,0.488889,0.344633,0.351064,37,Restinga da Barra
2,I_2h,1,19.035974,-0.687368,2.278469,0.572519,0.306991,0.426136,0.169074,0.546763,0.287671,0.419890,37,Restinga da Barra
2,I_2h,2,20.478151,-0.270526,0.699392,0.581395,0.343465,0.398936,0.152276,0.554745,0.320548,0.393782,37,Restinga da Barra
2,I_2h,3,57.974763,-0.478947,1.402885,0.609375,0.402439,0.371429,0.135252,0.580882,0.373626,0.367442,37,Restinga da Barra
2,I_2h,4,10.382909,-0.635263,5.436179,0.554688,0.404908,0.349754,0.115450,0.529412,0.375691,0.346154,37,Restinga da Barra
2,I_2h,5,10.382909,-0.791579,5.611540,0.593750,0.432515,0.350230,0.118008,0.566176,0.400552,0.346847,37,Restinga da Barra
2,I_2h,6,11.825087,-0.270526,5.611540,0.515625,0.358025,0.362637,0.120040,0.492647,0.332402,0.360215,37,Restinga da Barra
2,I_2h,7,6.056377,-0.218421,5.630756,0.574803,0.411765,0.354369,0.119819,0.548148,0.380952,0.352381,37,Restinga da Barra
2,I_2h,8,30.573393,-0.218421,5.454795,0.472441,0.310559,0.375000,0.122145,0.451852,0.289326,0.371951,37,Restinga da Barra
2,I_2h,9,6.056377,-0.166316,5.454795,0.622047,0.431250,0.364055,0.128799,0.592593,0.398305,0.361991,37,Restinga da Barra
2,I_2h,10,8.940732,-0.322632,5.630756,0.629921,0.434375,0.365297,0.130155,0.600000,0.401130,0.363229,37,Restinga da Barra
3,I_3h,1,10.911777,-0.843684,3.280441,0.511450,0.244048,0.449664,0.173855,0.489209,0.235616,0.441558,37,Restinga da Barra
3,I_3h,2,32.308665,-0.739474,3.141132,0.542636,0.291667,0.416667,0.160153,0.518248,0.279452,0.410405,37,Restinga da Barra
3,I_3h,3,11.981622,-0.478947,3.149487,0.601562,0.370149,0.383085,0.145149,0.573529,0.351648,0.378641,37,Restinga da Barra
3,I_3h,4,6.632400,-0.687368,4.068088,0.570312,0.363363,0.376289,0.136624,0.544118,0.345304,0.371859,37,Restinga da Barra
3,I_3h,5,6.632400,-0.687368,4.068088,0.609375,0.393393,0.373206,0.137956,0.580882,0.372928,0.369159,37,Restinga da Barra
3,I_3h,6,5.562555,-0.635263,4.068088,0.632812,0.421212,0.368182,0.134852,0.602941,0.399441,0.364444,37,Restinga da Barra
3,I_3h,7,1.283178,-0.270526,4.472628,0.606299,0.410334,0.363208,0.129852,0.577778,0.389356,0.359447,37,Restinga da Barra
3,I_3h,8,5.562555,-0.010000,0.394644,0.590551,0.390244,0.369458,0.133039,0.562963,0.370787,0.365385,37,Restinga da Barra
3,I_3h,9,4.492711,-0.374737,4.867271,0.551181,0.346626,0.382514,0.137754,0.525926,0.330508,0.377660,37,Restinga da Barra
3,I_3h,10,6.632400,-0.478947,4.867271,0.559055,0.340491,0.390110,0.143834,0.533333,0.324859,0.385027,37,Restinga da Barra
6,I_6h,1,5.388146,-0.374737,1.952955,0.480916,0.179331,0.516393,0.203806,0.460432,0.172603,0.503937,37,Restinga da Barra
6,I_6h,2,5.388146,-0.583158,1.947475,0.581395,0.279635,0.449102,0.188091,0.554745,0.263014,0.441860,37,Restinga da Barra
6,I_6h,3,8.009395,-0.687368,1.952991,0.625000,0.335366,0.421053,0.174904,0.595588,0.313187,0.415385,37,Restinga da Barra
6,I_6h,4,8.009395,-0.635263,2.031111,0.632812,0.380368,0.395122,0.154932,0.602941,0.353591,0.390476,37,Restinga da Barra
6,I_6h,5,4.077521,-0.374737,2.031111,0.671875,0.417178,0.387387,0.151695,0.639706,0.386740,0.383260,37,Restinga da Barra
6,I_6h,6,4.077521,-0.374737,2.031111,0.695312,0.424149,0.393805,0.157678,0.661765,0.393855,0.389610,37,Restinga da Barra
6,I_6h,7,3.422208,-0.114211,1.956359,0.622047,0.369565,0.398990,0.156468,0.592593,0.344538,0.394089,37,Restinga da Barra
6,I_6h,8,3.422208,-0.114211,1.956359,0.645669,0.370717,0.407960,0.165758,0.614815,0.345506,0.402913,37,Restinga da Barra
6,I_6h,9,3.422208,-0.114211,1.956359,0.645669,0.382445,0.401961,0.160276,0.614815,0.355932,0.397129,37,Restinga da Barra
6,I_6h,10,2.111584,-0.062105,1.799850,0.700787,0.423197,0.397321,0.160604,0.666667,0.392655,0.393013,37,Restinga da Barra
8,I_8h,1,3.801451,-0.426842,1.733971,0.465649,0.174174,0.512605,0.197120,0.446043,0.169863,0.500000,37,Restinga da Barra
8,I_8h,2,4.327373,-0.374737,1.790498,0.472868,0.204204,0.472868,0.177943,0.452555,0.197260,0.462687,37,Restinga da Barra
8,I_8h,3,3.801451,-0.374737,1.733791,0.546875,0.289157,0.421687,0.163928,0.522059,0.274725,0.415205,37,Restinga da Barra
8,I_8h,4,3.801451,-0.426842,1.733791,0.578125,0.345455,0.393617,0.148948,0.551471,0.325967,0.388601,37,Restinga da Barra
8,I_8h,5,1.697765,-0.635263,2.291080,0.539062,0.300000,0.410714,0.154980,0.514706,0.284530,0.404624,37,Restinga da Barra
8,I_8h,6,2.223686,-0.843684,2.291080,0.539062,0.296636,0.415663,0.157601,0.514706,0.282123,0.409357,37,Restinga da Barra
8,I_8h,7,1.697765,-0.114211,1.674796,0.645669,0.389571,0.392344,0.154637,0.614815,0.366947,0.387850,37,Restinga da Barra
8,I_8h,8,23.260550,-0.322632,1.736826,0.551181,0.295385,0.421687,0.163771,0.525926,0.280899,0.415205,37,Restinga da Barra
8,I_8h,9,10.638432,-0.218421,1.674796,0.551181,0.297214,0.421687,0.163346,0.525926,0.282486,0.415205,37,Restinga da Barra
8,I_8h,10,1.697765,-0.114211,1.674796,0.685039,0.405573,0.399083,0.162509,0.651852,0.381356,0.394619,37,Restinga da Barra
10,I_10h,1,3.157489,-0.478947,1.380604,0.473282,0.180473,0.504065,0.195510,0.453237,0.178082,0.492188,37,Restinga da Barra
10,I_10h,2,2.720705,-0.374737,1.731706,0.441860,0.171598,0.495652,0.181428,0.423358,0.169863,0.483333,37,Restinga da Barra
10,I_10h,3,1.847137,-0.583158,1.736179,0.523438,0.264095,0.429487,0.165439,0.500000,0.255495,0.422360,37,Restinga da Barra
10,I_10h,4,1.847137,-0.426842,2.042563,0.421875,0.197015,0.450000,0.152442,0.404412,0.193370,0.440000,37,Restinga da Barra
10,I_10h,5,1.847137,-0.791579,1.838307,0.562500,0.301493,0.416185,0.163523,0.536765,0.290055,0.410112,37,Restinga da Barra
10,I_10h,6,1.847137,-0.791579,1.838307,0.562500,0.298193,0.421053,0.166218,0.536765,0.287709,0.414773,37,Restinga da Barra
10,I_10h,7,1.847137,-0.270526,1.739361,0.559055,0.302115,0.415205,0.161995,0.533333,0.291317,0.409091,37,Restinga da Barra
10,I_10h,8,1.847137,-0.270526,1.739361,0.590551,0.309091,0.423729,0.172889,0.562963,0.297753,0.417582,37,Restinga da Barra
10,I_10h,9,1.847137,-0.270526,1.739361,0.590551,0.317073,0.418994,0.168982,0.562963,0.305085,0.413043,37,Restinga da Barra
10,I_10h,10,1.847137,-0.270526,1.739361,0.606299,0.326220,0.418478,0.170954,0.577778,0.313559,0.412698,37,Restinga da Barra
12,I_12h,1,2.161955,-0.895789,0.971619,0.643939,0.294643,0.461957,0.209824,0.611511,0.282192,0.452128,37,Restinga da Barra
12,I_12h,2,2.574346,-0.478947,1.539442,0.446154,0.160714,0.517857,0.193912,0.423358,0.158904,0.500000,37,Restinga da Barra
12,I_12h,3,2.574346,-0.478947,1.543551,0.472868,0.200000,0.476562,0.180281,0.448529,0.195055,0.462121,37,Restinga da Barra
12,I_12h,4,1.749564,-0.374737,1.543551,0.503876,0.246246,0.442177,0.167938,0.477941,0.237569,0.430464,37,Restinga da Barra
12,I_12h,5,1.337173,-0.791579,1.543551,0.596899,0.309309,0.427778,0.176361,0.566176,0.295580,0.418478,37,Restinga da Barra
12,I_12h,6,1.337173,-0.791579,1.543551,0.596899,0.308157,0.430168,0.177642,0.566176,0.293296,0.423077,37,Restinga da Barra
12,I_12h,7,1.337173,-0.374737,1.546281,0.578125,0.306061,0.422857,0.169643,0.548148,0.291317,0.415730,37,Restinga da Barra
12,I_12h,8,1.337173,-0.270526,1.546281,0.585938,0.291793,0.438596,0.182002,0.555556,0.278090,0.431034,37,Restinga da Barra
12,I_12h,9,1.337173,-0.218421,1.546281,0.578125,0.287462,0.440476,0.181448,0.548148,0.274011,0.432749,37,Restinga da Barra
12,I_12h,10,1.337173,-0.947895,1.546281,0.632812,0.333333,0.426316,0.179852,0.600000,0.316384,0.419689,37,Restinga da Barra
24,I_24h,1,1.235361,-0.426842,0.596907,0.538462,0.226148,0.522388,0.217674,0.514493,0.198830,0.510791,37,Restinga da Barra
24,I_24h,2,0.781217,-0.947895,0.997808,0.421875,0.137809,0.580645,0.211202,0.404412,0.125731,0.561224,37,Restinga da Barra
24,I_24h,3,0.554145,-0.583158,1.000747,0.440945,0.173759,0.533333,0.194308,0.422222,0.155425,0.518182,37,Restinga da Barra
24,I_24h,4,0.554145,-0.531053,1.000747,0.456693,0.181495,0.532110,0.198906,0.437037,0.161765,0.517544,37,Restinga da Barra
24,I_24h,5,0.554145,-0.531053,1.000747,0.464567,0.202847,0.508621,0.188358,0.444444,0.179412,0.495868,37,Restinga da Barra
24,I_24h,6,0.327072,-0.895789,1.000747,0.496063,0.219424,0.508065,0.196730,0.474074,0.190476,0.500000,37,Restinga da Barra
24,I_24h,7,0.554145,-0.478947,1.001660,0.476190,0.205776,0.512821,0.193950,0.455224,0.179104,0.504132,37,Restinga da Barra
24,I_24h,8,0.554145,-0.478947,1.001660,0.484127,0.210145,0.512605,0.196015,0.462687,0.182635,0.504065,37,Restinga da Barra
24,I_24h,9,0.554145,-0.426842,1.001660,0.476190,0.208029,0.512821,0.193399,0.455224,0.180723,0.504132,37,Restinga da Barra
24,I_24h,10,0.554145,-0.478947,1.001660,0.492063,0.222628,0.504065,0.192813,0.470149,0.192771,0.496063,37,Restinga da Barra
1/6,I_15min,1,62.223673,-1.000000,16.000000,0.666667,0.288372,0.060606,0.028753,0.571429,0.228873,0.057971,38,Micro bacia do Rio Muzema
1/6,I_15min,2,62.223673,-1.000000,16.000000,0.666667,0.406542,0.043956,0.017391,0.571429,0.319149,0.042553,38,Micro bacia do Rio Muzema
1/6,I_15min,3,64.800000,-0.426842,12.952381,0.666667,0.443396,0.040816,0.015146,0.571429,0.346429,0.039604,38,Micro bacia do Rio Muzema
1/6,I_15min,4,64.800000,-0.322632,13.714286,0.666667,0.421801,0.043011,0.016579,0.571429,0.329749,0.041667,38,Micro bacia do Rio Muzema
1/6,I_15min,5,62.223673,-0.531053,16.000000,0.833333,0.497630,0.045455,0.019029,0.714286,0.387097,0.044248,38,Micro bacia do Rio Muzema
1/6,I_15min,6,62.223673,-0.531053,16.000000,0.833333,0.533654,0.043103,0.016751,0.714286,0.414545,0.042017,38,Micro bacia do Rio Muzema
1/6,I_15min,7,58.359184,-0.531053,16.380952,0.833333,0.579710,0.040000,0.014010,0.714286,0.450549,0.039062,38,Micro bacia do Rio Muzema
1/6,I_15min,8,64.800000,-0.062105,13.714286,0.500000,0.289855,0.047619,0.016908,0.428571,0.230769,0.045455,38,Micro bacia do Rio Muzema
1/6,I_15min,9,64.800000,-0.062105,13.714286,0.500000,0.297561,0.046875,0.016463,0.428571,0.236162,0.044776,38,Micro bacia do Rio Muzema
1/6,I_15min,10,64.800000,-0.062105,13.714286,0.500000,0.307317,0.045455,0.015743,0.428571,0.243542,0.043478,38,Micro bacia do Rio Muzema
1/2,I_30min,1,47.240816,-0.739474,11.832653,0.666667,0.290323,0.059701,0.028246,0.571429,0.232394,0.057143,38,Micro bacia do Rio Muzema
1/2,I_30min,2,47.240816,-0.739474,11.832653,0.666667,0.393519,0.044944,0.018172,0.571429,0.312057,0.043478,38,Micro bacia do Rio Muzema
1/2,I_30min,3,49.200000,-0.478947,11.832653,0.666667,0.429907,0.041667,0.015836,0.571429,0.339286,0.040404,38,Micro bacia do Rio Muzema
1/2,I_30min,4,48.220408,-0.374737,11.832653,0.666667,0.450704,0.040000,0.014648,0.571429,0.354839,0.038835,38,Micro bacia do Rio Muzema
1/2,I_30min,5,49.200000,-0.531053,11.832653,0.833333,0.516432,0.043478,0.017521,0.714286,0.405018,0.042373,38,Micro bacia do Rio Muzema
1/2,I_30min,6,49.200000,-0.531053,11.832653,0.833333,0.557143,0.040984,0.015125,0.714286,0.436364,0.040000,38,Micro bacia do Rio Muzema
1/2,I_30min,7,49.200000,-0.531053,11.832653,0.833333,0.585714,0.039062,0.013486,0.714286,0.457875,0.038462,38,Micro bacia do Rio Muzema
1/2,I_30min,8,49.200000,-0.062105,9.708844,0.500000,0.290476,0.046875,0.016629,0.428571,0.230769,0.045455,38,Micro bacia do Rio Muzema
1/2,I_30min,9,49.200000,-0.062105,9.708844,0.500000,0.302885,0.045455,0.015844,0.428571,0.239852,0.044118,38,Micro bacia do Rio Muzema
1/2,I_30min,10,49.200000,-0.062105,9.708844,0.500000,0.312500,0.044118,0.015165,0.428571,0.247232,0.042857,38,Micro bacia do Rio Muzema
1,I_1h,1,32.343673,-0.583158,8.339456,0.666667,0.281938,0.058824,0.028159,0.571429,0.235915,0.056338,38,Micro bacia do Rio Muzema
1,I_1h,2,30.374694,-0.583158,8.339456,0.666667,0.384956,0.043956,0.018023,0.571429,0.319149,0.042553,38,Micro bacia do Rio Muzema
1,I_1h,3,27.093061,-0.374737,8.339456,0.666667,0.406250,0.042105,0.016667,0.571429,0.335714,0.040816,38,Micro bacia do Rio Muzema
1,I_1h,4,29.062041,-0.322632,8.339456,0.666667,0.426009,0.040404,0.015461,0.571429,0.351254,0.039216,38,Micro bacia do Rio Muzema
1,I_1h,5,29.062041,-0.322632,8.339456,0.666667,0.448430,0.038462,0.014143,0.571429,0.369176,0.037383,38,Micro bacia do Rio Muzema
1,I_1h,6,31.687347,-0.270526,8.339456,0.666667,0.445455,0.039216,0.014498,0.571429,0.367273,0.038095,38,Micro bacia do Rio Muzema
1,I_1h,7,33.000000,-0.062105,6.102041,0.500000,0.290909,0.044776,0.015875,0.428571,0.241758,0.043478,38,Micro bacia do Rio Muzema
1,I_1h,8,32.343673,-0.062105,7.525850,0.500000,0.268182,0.048387,0.017705,0.428571,0.223443,0.046875,38,Micro bacia do Rio Muzema
1,I_1h,9,32.343673,-0.062105,7.525850,0.500000,0.288991,0.045455,0.016159,0.428571,0.239852,0.044118,38,Micro bacia do Rio Muzema
1,I_1h,10,32.343673,-0.062105,7.525850,0.500000,0.293578,0.044776,0.015815,0.428571,0.243542,0.043478,38,Micro bacia do Rio Muzema
2,I_2h,1,23.120204,-0.426842,3.994558,0.666667,0.253906,0.057971,0.028835,0.571429,0.239437,0.055556,38,Micro bacia do Rio Muzema
2,I_2h,2,24.106735,-0.478947,4.244218,0.666667,0.342520,0.043956,0.019267,0.571429,0.319149,0.042553,38,Micro bacia do Rio Muzema
2,I_2h,3,23.613469,-0.374737,4.244218,0.666667,0.388889,0.039216,0.015977,0.571429,0.360714,0.038095,38,Micro bacia do Rio Muzema
2,I_2h,4,24.106735,-0.322632,4.244218,0.666667,0.418327,0.036697,0.014231,0.571429,0.387097,0.035714,38,Micro bacia do Rio Muzema
2,I_2h,5,20.653878,-0.270526,4.244218,0.666667,0.458167,0.033613,0.012142,0.571429,0.422939,0.032787,38,Micro bacia do Rio Muzema
2,I_2h,6,20.653878,-0.166316,3.869728,0.666667,0.408907,0.038095,0.015012,0.571429,0.378182,0.037037,38,Micro bacia do Rio Muzema
2,I_2h,7,24.600000,-0.062105,2.246939,0.500000,0.260163,0.044776,0.016564,0.428571,0.241758,0.043478,38,Micro bacia do Rio Muzema
2,I_2h,8,24.106735,-0.062105,3.869728,0.500000,0.252033,0.046154,0.017261,0.428571,0.234432,0.044776,38,Micro bacia do Rio Muzema
2,I_2h,9,24.600000,-0.062105,3.869728,0.500000,0.262295,0.044776,0.016516,0.428571,0.243542,0.043478,38,Micro bacia do Rio Muzema
2,I_2h,10,24.600000,-0.062105,3.744898,0.500000,0.270492,0.043478,0.015859,0.428571,0.250923,0.042254,38,Micro bacia do Rio Muzema
3,I_3h,1,21.000000,-0.531053,2.925850,0.666667,0.246154,0.058824,0.029563,0.571429,0.235915,0.056338,38,Micro bacia do Rio Muzema
3,I_3h,2,20.577415,-0.531053,2.925850,0.666667,0.356589,0.041667,0.017873,0.571429,0.336879,0.040404,38,Micro bacia do Rio Muzema
3,I_3h,3,19.309660,-0.374737,2.837188,0.666667,0.425781,0.035398,0.013551,0.571429,0.400000,0.034483,38,Micro bacia do Rio Muzema
3,I_3h,4,20.577415,-0.322632,2.837188,0.666667,0.431373,0.035088,0.013301,0.571429,0.405018,0.034188,38,Micro bacia do Rio Muzema
3,I_3h,5,20.577415,-0.322632,2.837188,0.666667,0.478431,0.031746,0.011038,0.571429,0.448029,0.031008,38,Micro bacia do Rio Muzema
3,I_3h,6,19.732245,-0.166316,2.837188,0.666667,0.380952,0.040000,0.016508,0.571429,0.356364,0.039216,38,Micro bacia do Rio Muzema
3,I_3h,7,20.154830,-0.062105,1.063946,0.500000,0.258964,0.044118,0.016346,0.428571,0.241758,0.043478,38,Micro bacia do Rio Muzema
3,I_3h,8,19.732245,-0.062105,2.482540,0.500000,0.227092,0.050000,0.019323,0.428571,0.212454,0.049180,38,Micro bacia do Rio Muzema
3,I_3h,9,19.732245,-0.062105,2.482540,0.500000,0.240964,0.047619,0.018072,0.428571,0.225092,0.046875,38,Micro bacia do Rio Muzema
3,I_3h,10,19.732245,-0.062105,2.482540,0.500000,0.248996,0.046154,0.017331,0.428571,0.232472,0.045455,38,Micro bacia do Rio Muzema
6,I_6h,1,13.831156,-0.583158,1.515760,0.666667,0.281481,0.050000,0.023951,0.571429,0.278169,0.048193,38,Micro bacia do Rio Muzema
6,I_6h,2,6.491837,-0.114211,1.515760,0.500000,0.231343,0.046154,0.017738,0.428571,0.230496,0.044118,38,Micro bacia do Rio Muzema
6,I_6h,3,8.159864,-0.114211,1.463492,0.500000,0.255639,0.042254,0.015726,0.428571,0.253571,0.040541,38,Micro bacia do Rio Muzema
6,I_6h,4,12.163129,-0.114211,1.306689,0.500000,0.267925,0.040541,0.014839,0.428571,0.265233,0.038961,38,Micro bacia do Rio Muzema
6,I_6h,5,11.829524,-0.114211,1.411224,0.500000,0.305660,0.035714,0.012399,0.428571,0.301075,0.034483,38,Micro bacia do Rio Muzema
6,I_6h,6,11.162313,-0.166316,1.515760,0.666667,0.393130,0.037383,0.015124,0.571429,0.381818,0.036697,38,Micro bacia do Rio Muzema
6,I_6h,7,8.493469,-0.062105,0.784014,0.666667,0.340996,0.043011,0.018896,0.571429,0.329670,0.042553,38,Micro bacia do Rio Muzema
6,I_6h,8,7.826259,-0.062105,1.411224,0.666667,0.318008,0.045977,0.020904,0.571429,0.307692,0.045455,38,Micro bacia do Rio Muzema
6,I_6h,9,7.826259,-0.062105,1.411224,0.666667,0.328185,0.044944,0.020129,0.571429,0.317343,0.044444,38,Micro bacia do Rio Muzema
6,I_6h,10,7.826259,-0.062105,1.411224,0.666667,0.332046,0.044444,0.019791,0.571429,0.321033,0.043956,38,Micro bacia do Rio Muzema
8,I_8h,1,5.608878,-0.114211,1.109864,0.500000,0.179104,0.058824,0.024144,0.428571,0.179577,0.055556,38,Micro bacia do Rio Muzema
8,I_8h,2,4.510102,-0.062105,1.067177,0.500000,0.214286,0.050000,0.019643,0.428571,0.212766,0.047619,38,Micro bacia do Rio Muzema
8,I_8h,3,4.510102,-0.062105,1.067177,0.500000,0.253788,0.042857,0.015990,0.428571,0.250000,0.041096,38,Micro bacia do Rio Muzema
8,I_8h,4,6.707653,-0.062105,0.682993,0.500000,0.247148,0.044118,0.016607,0.428571,0.243728,0.042254,38,Micro bacia do Rio Muzema
8,I_8h,5,6.707653,-0.062105,0.682993,0.500000,0.273764,0.040000,0.014525,0.428571,0.268817,0.038462,38,Micro bacia do Rio Muzema
8,I_8h,6,13.025612,-0.166316,0.811054,0.666667,0.403846,0.036697,0.014585,0.571429,0.389091,0.036036,38,Micro bacia do Rio Muzema
8,I_8h,7,6.158265,-0.062105,1.067177,0.666667,0.281853,0.051948,0.024871,0.571429,0.271062,0.051282,38,Micro bacia do Rio Muzema
8,I_8h,8,6.432959,-0.062105,1.024490,0.666667,0.301158,0.048780,0.022727,0.571429,0.289377,0.048193,38,Micro bacia do Rio Muzema
8,I_8h,9,6.432959,-0.062105,1.024490,0.666667,0.322957,0.045977,0.020752,0.571429,0.309963,0.045455,38,Micro bacia do Rio Muzema
8,I_8h,10,6.432959,-0.062105,1.024490,0.666667,0.330739,0.044944,0.020053,0.571429,0.317343,0.044444,38,Micro bacia do Rio Muzema
10,I_10h,1,11.463388,-0.791579,1.132653,0.666667,0.256506,0.054795,0.027160,0.571429,0.253521,0.052632,38,Micro bacia do Rio Muzema
10,I_10h,2,4.128408,-0.062105,0.717347,0.500000,0.213483,0.050000,0.019663,0.428571,0.212766,0.047619,38,Micro bacia do Rio Muzema
10,I_10h,3,6.021306,-0.114211,1.057143,0.500000,0.222642,0.048387,0.018807,0.428571,0.221429,0.046154,38,Micro bacia do Rio Muzema
10,I_10h,4,6.021306,-0.062105,0.528571,0.500000,0.231061,0.046875,0.018022,0.428571,0.229391,0.044776,38,Micro bacia do Rio Muzema
10,I_10h,5,6.021306,-0.062105,0.528571,0.500000,0.257576,0.042254,0.015685,0.428571,0.254480,0.040541,38,Micro bacia do Rio Muzema
10,I_10h,6,8.150816,-0.218421,1.132653,0.666667,0.360153,0.040816,0.017411,0.571429,0.349091,0.040000,38,Micro bacia do Rio Muzema
10,I_10h,7,6.021306,-0.062105,0.566327,0.666667,0.288462,0.050633,0.024018,0.571429,0.278388,0.050000,38,Micro bacia do Rio Muzema
10,I_10h,8,6.021306,-0.062105,0.717347,0.666667,0.292308,0.050000,0.023590,0.571429,0.282051,0.049383,38,Micro bacia do Rio Muzema
10,I_10h,9,9.097265,-0.114211,1.132653,0.666667,0.302326,0.048780,0.022689,0.571429,0.291513,0.048193,38,Micro bacia do Rio Muzema
10,I_10h,10,9.097265,-0.114211,1.132653,0.666667,0.310078,0.047619,0.021902,0.571429,0.298893,0.047059,38,Micro bacia do Rio Muzema
12,I_12h,1,7.410204,-0.791579,0.998186,0.666667,0.261993,0.053333,0.026240,0.571429,0.260563,0.051282,38,Micro bacia do Rio Muzema
12,I_12h,2,3.552041,-0.062105,0.643991,0.500000,0.200743,0.052632,0.021033,0.428571,0.202128,0.050000,38,Micro bacia do Rio Muzema
12,I_12h,3,4.161224,-0.062105,0.547392,0.500000,0.228464,0.046875,0.018083,0.428571,0.228571,0.044776,38,Micro bacia do Rio Muzema
12,I_12h,4,7.004082,-0.114211,0.901587,0.500000,0.221805,0.048387,0.018827,0.428571,0.222222,0.046154,38,Micro bacia do Rio Muzema
12,I_12h,5,7.207143,-0.114211,0.901587,0.500000,0.255639,0.042254,0.015726,0.428571,0.254480,0.040541,38,Micro bacia do Rio Muzema
12,I_12h,6,9.846939,-0.270526,0.998186,0.666667,0.365019,0.040000,0.016933,0.571429,0.356364,0.039216,38,Micro bacia do Rio Muzema
12,I_12h,7,4.973469,-0.062105,0.579592,0.666667,0.290076,0.050000,0.023664,0.571429,0.282051,0.049383,38,Micro bacia do Rio Muzema
12,I_12h,8,7.816327,-0.114211,0.998186,0.666667,0.278626,0.051948,0.024983,0.571429,0.271062,0.051282,38,Micro bacia do Rio Muzema
12,I_12h,9,7.816327,-0.114211,0.998186,0.666667,0.288462,0.050633,0.024018,0.571429,0.280443,0.050000,38,Micro bacia do Rio Muzema
12,I_12h,10,7.816327,-0.114211,0.998186,0.666667,0.296154,0.049383,0.023172,0.571429,0.287823,0.048780,38,Micro bacia do Rio Muzema
24,I_24h,1,4.450000,-0.583158,0.693452,0.833333,0.265700,0.083333,0.050993,0.714286,0.218045,0.079365,38,Micro bacia do Rio Muzema
24,I_24h,2,5.071429,-0.114211,0.614201,0.500000,0.141463,0.093750,0.040244,0.428571,0.121212,0.085714,38,Micro bacia do Rio Muzema
24,I_24h,3,1.757143,-0.062105,0.515136,0.666667,0.256158,0.071429,0.035421,0.571429,0.209924,0.067797,38,Micro bacia do Rio Muzema
24,I_24h,4,2.171429,-0.062105,0.475510,0.666667,0.251232,0.072727,0.036304,0.571429,0.206107,0.068966,38,Micro bacia do Rio Muzema
24,I_24h,5,3.103571,-0.114211,0.653827,0.666667,0.275862,0.066667,0.032184,0.571429,0.225191,0.063492,38,Micro bacia do Rio Muzema
24,I_24h,6,5.175000,-0.166316,0.594388,0.833333,0.350000,0.066667,0.036111,0.714286,0.279070,0.064935,38,Micro bacia do Rio Muzema
24,I_24h,7,1.964286,-0.062105,0.614201,0.833333,0.301508,0.076923,0.044775,0.714286,0.238281,0.075758,38,Micro bacia do Rio Muzema
24,I_24h,8,1.860714,-0.062105,0.673639,0.833333,0.311558,0.074627,0.042814,0.714286,0.246094,0.073529,38,Micro bacia do Rio Muzema
24,I_24h,9,5.175000,-0.062105,0.396259,0.666667,0.228426,0.081633,0.041990,0.571429,0.181102,0.080000,38,Micro bacia do Rio Muzema
24,I_24h,10,1.964286,-0.062105,0.653827,0.833333,0.324873,0.072464,0.040769,0.714286,0.255906,0.071429,38,Micro bacia do Rio Muzema
1/6,I_15min,1,181.098624,-0.426842,11.878768,0.358491,0.172414,0.213483,0.063337,0.350877,0.165929,0.210526,39,Sub bacia de São Conrado
1/6,I_15min,2,160.597248,-0.166316,1.619832,0.415094,0.227723,0.192982,0.061864,0.403509,0.215556,0.191667,39,Sub bacia de São Conrado
1/6,I_15min,3,53.990091,-0.062105,2.699720,0.490566,0.303483,0.175676,0.060026,0.473684,0.283482,0.175325,39,Sub bacia de São Conrado
1/6,I_15min,4,49.889816,-0.062105,5.939384,0.509434,0.330000,0.169811,0.057960,0.491228,0.307175,0.169697,39,Sub bacia de São Conrado
1/6,I_15min,5,82.692018,-0.114211,13.498599,0.433962,0.262500,0.179688,0.057508,0.421053,0.246637,0.179104,39,Sub bacia de São Conrado
1/6,I_15min,6,86.792293,-0.114211,13.498599,0.452830,0.280303,0.177778,0.057938,0.438596,0.262443,0.177305,39,Sub bacia de São Conrado
1/6,I_15min,7,107.293669,-0.114211,13.498599,0.452830,0.265823,0.186047,0.061853,0.438596,0.247727,0.186567,39,Sub bacia de São Conrado
1/6,I_15min,8,103.193394,-0.114211,14.578487,0.452830,0.281013,0.177778,0.057881,0.438596,0.261959,0.178571,39,Sub bacia de São Conrado
1/6,I_15min,9,111.393945,-0.062105,11.338824,0.377358,0.183206,0.217391,0.067005,0.368421,0.173913,0.216495,39,Sub bacia de São Conrado
1/6,I_15min,10,123.694770,-0.062105,10.798880,0.377358,0.176020,0.224719,0.069873,0.368421,0.167431,0.223404,39,Sub bacia de São Conrado
1/2,I_30min,1,65.738798,-0.062105,11.052776,0.185185,0.029197,0.454545,0.081717,0.175439,0.037611,0.370370,39,Sub bacia de São Conrado
1/2,I_30min,2,98.332693,-0.166316,4.605323,0.425926,0.217604,0.205357,0.068434,0.403509,0.208889,0.196581,39,Sub bacia de São Conrado
1/2,I_30min,3,86.109982,-0.114211,5.986920,0.407407,0.221130,0.196429,0.062330,0.385965,0.212054,0.188034,39,Sub bacia de São Conrado
1/2,I_30min,4,65.738798,-0.114211,9.210646,0.407407,0.224691,0.194690,0.061496,0.385965,0.215247,0.186441,39,Sub bacia de São Conrado
1/2,I_30min,5,57.590324,-0.062105,15.658099,0.277778,0.103704,0.263158,0.065519,0.263158,0.105381,0.241935,39,Sub bacia de São Conrado
1/2,I_30min,6,114.629640,-0.166316,10.592243,0.481481,0.271820,0.192593,0.067524,0.456140,0.257919,0.185714,39,Sub bacia de São Conrado
1/2,I_30min,7,167.594719,-0.114211,18.881825,0.277778,0.102500,0.267857,0.066778,0.263158,0.102273,0.250000,39,Sub bacia de São Conrado
1/2,I_30min,8,94.258456,-0.062105,5.986920,0.388889,0.182500,0.223404,0.071024,0.368421,0.175399,0.214286,39,Sub bacia de São Conrado
1/2,I_30min,9,110.555403,-0.062105,5.986920,0.425926,0.175879,0.247312,0.086810,0.403509,0.169336,0.237113,39,Sub bacia de São Conrado
1/2,I_30min,10,130.926587,-0.062105,5.526388,0.407407,0.171285,0.244444,0.082531,0.385965,0.165138,0.234043,39,Sub bacia de São Conrado
1,I_1h,1,39.182986,-0.062105,6.105405,0.203704,0.047619,0.354839,0.068840,0.192982,0.055310,0.305556,39,Sub bacia de São Conrado
1,I_1h,2,58.586389,-0.114211,1.928023,0.388889,0.186603,0.212121,0.067098,0.368421,0.184444,0.201923,39,Sub bacia de São Conrado
1,I_1h,3,30.867242,-0.062105,0.964011,0.481481,0.278846,0.183099,0.063576,0.456140,0.270089,0.176871,39,Sub bacia de São Conrado
1,I_1h,4,28.095327,-0.062105,5.462730,0.388889,0.195652,0.205882,0.064400,0.368421,0.192825,0.196262,39,Sub bacia de São Conrado
1,I_1h,5,28.095327,-0.062105,5.462730,0.425926,0.222222,0.200000,0.066255,0.403509,0.217489,0.191667,39,Sub bacia de São Conrado
1,I_1h,6,47.498730,-0.114211,5.784068,0.500000,0.282927,0.188811,0.067696,0.473684,0.273756,0.182432,39,Sub bacia de São Conrado
1,I_1h,7,127.884256,-0.114211,5.462730,0.407407,0.200489,0.211538,0.068904,0.385965,0.195455,0.203704,39,Sub bacia de São Conrado
1,I_1h,8,83.533621,-0.114211,13.174821,0.296296,0.110024,0.262295,0.069166,0.280702,0.111617,0.246154,39,Sub bacia de São Conrado
1,I_1h,9,77.989792,-0.062105,5.462730,0.388889,0.140049,0.269231,0.090038,0.368421,0.139588,0.256098,39,Sub bacia de São Conrado
1,I_1h,10,77.989792,-0.062105,5.462730,0.388889,0.150246,0.256098,0.084630,0.368421,0.149083,0.244186,39,Sub bacia de São Conrado
2,I_2h,1,18.369294,-0.062105,7.475032,0.203704,0.028169,0.478261,0.094679,0.192982,0.037611,0.392857,39,Sub bacia de São Conrado
2,I_2h,2,21.991656,-0.010000,4.983355,0.129630,0.007075,0.700000,0.090099,0.122807,0.017778,0.466667,39,Sub bacia de São Conrado
2,I_2h,3,23.802837,-0.062105,4.152795,0.296296,0.097156,0.280702,0.075090,0.280702,0.102679,0.258065,39,Sub bacia de São Conrado
2,I_2h,4,21.991656,-0.166316,4.775715,0.500000,0.259524,0.198529,0.073503,0.473684,0.255605,0.191489,39,Sub bacia de São Conrado
2,I_2h,5,23.802837,-0.062105,3.737516,0.388889,0.140476,0.262500,0.087743,0.368421,0.143498,0.247059,39,Sub bacia de São Conrado
2,I_2h,6,20.180475,-0.062105,4.775715,0.388889,0.148681,0.253012,0.083764,0.368421,0.151584,0.238636,39,Sub bacia de São Conrado
2,I_2h,7,21.991656,-0.062105,4.775715,0.388889,0.158654,0.241379,0.078977,0.368421,0.159091,0.230769,39,Sub bacia de São Conrado
2,I_2h,8,21.991656,-0.062105,4.775715,0.407407,0.170673,0.236559,0.079927,0.385965,0.170843,0.226804,39,Sub bacia de São Conrado
2,I_2h,9,21.991656,-0.062105,4.775715,0.462963,0.173913,0.257732,0.098569,0.438596,0.173913,0.247525,39,Sub bacia de São Conrado
2,I_2h,10,31.047561,-0.062105,4.568075,0.425926,0.150121,0.270588,0.097949,0.403509,0.151376,0.258427,39,Sub bacia de São Conrado
3,I_3h,1,39.405547,-0.531053,1.602174,0.500000,0.289216,0.174825,0.062131,0.508772,0.272124,0.190789,39,Sub bacia de São Conrado
3,I_3h,2,18.731427,-0.166316,3.471377,0.400000,0.169951,0.224719,0.074611,0.421053,0.164444,0.244898,39,Sub bacia de São Conrado
3,I_3h,3,19.819539,-0.166316,3.471377,0.420000,0.215347,0.194444,0.064080,0.438596,0.205357,0.213675,39,Sub bacia de São Conrado
3,I_3h,4,20.907650,-0.166316,3.471377,0.460000,0.248756,0.186992,0.064619,0.473684,0.235426,0.204545,39,Sub bacia de São Conrado
3,I_3h,5,45.934216,-0.374737,4.539492,0.460000,0.238806,0.193277,0.067676,0.473684,0.226457,0.210938,39,Sub bacia de São Conrado
3,I_3h,6,45.934216,-0.374737,4.539492,0.500000,0.258145,0.195312,0.072447,0.508772,0.244344,0.211679,39,Sub bacia de São Conrado
3,I_3h,7,40.493658,-0.062105,3.738406,0.240000,0.060302,0.333333,0.075176,0.280702,0.063636,0.363636,39,Sub bacia de São Conrado
3,I_3h,8,51.374774,-0.270526,4.405978,0.500000,0.266332,0.190840,0.070007,0.508772,0.250569,0.208633,39,Sub bacia de São Conrado
3,I_3h,9,44.846104,-0.114211,4.405978,0.380000,0.151515,0.240506,0.077545,0.403509,0.146453,0.264368,39,Sub bacia de São Conrado
3,I_3h,10,26.348208,-0.062105,3.738406,0.340000,0.121519,0.261538,0.078117,0.368421,0.119266,0.287671,39,Sub bacia de São Conrado
6,I_6h,1,9.488216,-0.322632,0.314810,0.600000,0.335766,0.178571,0.071168,0.596491,0.316372,0.192090,39,Sub bacia de São Conrado
6,I_6h,2,21.934079,-0.947895,2.361072,0.480000,0.256724,0.186047,0.066376,0.491228,0.244444,0.202899,39,Sub bacia de São Conrado
6,I_6h,3,16.333441,-0.791579,2.361072,0.520000,0.314496,0.168831,0.060182,0.526316,0.296875,0.184049,39,Sub bacia de São Conrado
6,I_6h,4,11.977388,-0.114211,0.236107,0.560000,0.335802,0.170732,0.063504,0.561404,0.316143,0.184971,39,Sub bacia de São Conrado
6,I_6h,5,20.067200,-0.583158,2.361072,0.560000,0.333333,0.171779,0.064131,0.561404,0.313901,0.186047,39,Sub bacia de São Conrado
6,I_6h,6,18.822613,-0.322632,2.361072,0.520000,0.293532,0.180556,0.066329,0.526316,0.278281,0.196078,39,Sub bacia de São Conrado
6,I_6h,7,18.822613,-0.062105,2.518477,0.240000,0.054863,0.352941,0.080059,0.280702,0.059091,0.380952,39,Sub bacia de São Conrado
6,I_6h,8,18.822613,-0.062105,2.518477,0.240000,0.062344,0.324324,0.072985,0.280702,0.066059,0.355556,39,Sub bacia de São Conrado
6,I_6h,9,23.178665,-0.062105,2.361072,0.260000,0.060150,0.351351,0.085857,0.298246,0.064073,0.377778,39,Sub bacia de São Conrado
6,I_6h,10,23.178665,-0.062105,2.361072,0.260000,0.062814,0.342105,0.083360,0.298246,0.066514,0.369565,39,Sub bacia de São Conrado
8,I_8h,1,7.122848,-0.322632,0.249241,0.600000,0.346341,0.174419,0.068406,0.596491,0.325221,0.187845,39,Sub bacia de São Conrado
8,I_8h,2,12.254604,-0.791579,1.744687,0.520000,0.293399,0.178082,0.065433,0.526316,0.275556,0.194805,39,Sub bacia de São Conrado
8,I_8h,3,14.120696,-0.062105,2.180859,0.160000,0.031941,0.380952,0.059005,0.210526,0.037946,0.413793,39,Sub bacia de São Conrado
8,I_8h,4,8.988941,-0.010000,0.186931,0.120000,0.009877,0.600000,0.071289,0.175439,0.017937,0.555556,39,Sub bacia de São Conrado
8,I_8h,5,3.390662,-0.218421,1.744687,0.640000,0.390123,0.168421,0.065738,0.631579,0.363229,0.181818,39,Sub bacia de São Conrado
8,I_8h,6,16.919836,-0.374737,1.744687,0.600000,0.348259,0.176471,0.069008,0.596491,0.325792,0.191011,39,Sub bacia de São Conrado
8,I_8h,7,12.721127,-0.062105,2.118549,0.240000,0.054863,0.352941,0.080059,0.280702,0.056818,0.390244,39,Sub bacia de São Conrado
8,I_8h,8,12.721127,-0.062105,2.118549,0.240000,0.062344,0.324324,0.072985,0.280702,0.063781,0.363636,39,Sub bacia de São Conrado
8,I_8h,9,20.185498,-0.114211,1.744687,0.440000,0.177945,0.236559,0.085564,0.456140,0.169336,0.260000,39,Sub bacia de São Conrado
8,I_8h,10,18.319405,-0.062105,1.620067,0.280000,0.077889,0.311111,0.080326,0.315789,0.077982,0.346154,39,Sub bacia de São Conrado
10,I_10h,1,4.580958,-0.635263,2.033405,0.380000,0.134146,0.256757,0.084479,0.403509,0.132743,0.277108,39,Sub bacia de São Conrado
10,I_10h,2,10.178290,-1.000000,2.033405,0.420000,0.178484,0.223404,0.077083,0.438596,0.171111,0.245098,39,Sub bacia de São Conrado
10,I_10h,3,0.476248,-0.010000,1.720573,0.580000,0.339066,0.173653,0.066568,0.578947,0.316964,0.188571,39,Sub bacia de São Conrado
10,I_10h,4,1.968870,-0.739474,2.189820,0.480000,0.254321,0.188976,0.067640,0.491228,0.239910,0.207407,39,Sub bacia de São Conrado
10,I_10h,5,4.954113,-1.000000,2.189820,0.500000,0.259259,0.192308,0.071225,0.508772,0.244395,0.210145,39,Sub bacia de São Conrado
10,I_10h,6,15.402466,-0.322632,1.303465,0.620000,0.356608,0.178161,0.071069,0.614035,0.332579,0.192308,39,Sub bacia de São Conrado
10,I_10h,7,12.790378,-0.062105,1.668435,0.240000,0.057500,0.342857,0.077554,0.280702,0.059091,0.380952,39,Sub bacia de São Conrado
10,I_10h,8,10.551445,-0.114211,1.407742,0.480000,0.235000,0.203390,0.074685,0.491228,0.220957,0.224000,39,Sub bacia de São Conrado
10,I_10h,9,13.163534,-0.062105,1.668435,0.280000,0.060302,0.368421,0.096937,0.315789,0.061785,0.400000,39,Sub bacia de São Conrado
10,I_10h,10,13.536689,-0.062105,1.668435,0.280000,0.065327,0.350000,0.091598,0.315789,0.066514,0.382979,39,Sub bacia de São Conrado
12,I_12h,1,12.425648,-0.843684,1.110087,0.520000,0.236277,0.208000,0.082604,0.526316,0.230088,0.223881,39,Sub bacia de São Conrado
12,I_12h,2,7.685014,-0.947895,1.864946,0.380000,0.143541,0.240506,0.078274,0.403509,0.142222,0.264368,39,Sub bacia de São Conrado
12,I_12h,3,0.100000,-0.114211,1.731735,0.600000,0.350962,0.170455,0.066379,0.596491,0.334821,0.184783,39,Sub bacia de São Conrado
12,I_12h,4,7.052930,-0.270526,1.065683,0.580000,0.311594,0.183544,0.073285,0.578947,0.298206,0.198795,39,Sub bacia de São Conrado
12,I_12h,5,7.685014,-0.270526,1.065683,0.660000,0.362319,0.180328,0.075895,0.649123,0.345291,0.193717,39,Sub bacia de São Conrado
12,I_12h,6,12.109606,-0.322632,1.065683,0.700000,0.378049,0.184211,0.080199,0.684211,0.359729,0.196970,39,Sub bacia de São Conrado
12,I_12h,7,14.953986,-0.426842,1.465315,0.560000,0.283619,0.194444,0.078006,0.561404,0.270455,0.211921,39,Sub bacia de São Conrado
12,I_12h,8,7.368972,-0.166316,1.465315,0.480000,0.234719,0.200000,0.073467,0.491228,0.225513,0.220472,39,Sub bacia de São Conrado
12,I_12h,9,10.845437,-0.062105,1.420911,0.280000,0.063882,0.350000,0.091740,0.315789,0.066362,0.382979,39,Sub bacia de São Conrado
12,I_12h,10,10.845437,-0.062105,1.420911,0.280000,0.071253,0.325581,0.084667,0.315789,0.073394,0.360000,39,Sub bacia de São Conrado
24,I_24h,1,2.513527,-0.895789,0.912359,0.461538,0.171053,0.269663,0.103171,0.456140,0.163551,0.270833,39,Sub bacia de São Conrado
24,I_24h,2,2.513527,-1.000000,0.912359,0.500000,0.214286,0.242991,0.095461,0.491228,0.201878,0.245614,39,Sub bacia de São Conrado
24,I_24h,3,0.100000,-0.010000,0.860225,0.673077,0.369681,0.201149,0.085338,0.649123,0.339623,0.204420,39,Sub bacia de São Conrado
24,I_24h,4,0.100000,-0.010000,0.860225,0.673077,0.373333,0.200000,0.084359,0.649123,0.342790,0.203297,39,Sub bacia de São Conrado
24,I_24h,5,2.294115,-1.000000,0.912359,0.596154,0.314667,0.208054,0.085003,0.578947,0.290780,0.211538,39,Sub bacia de São Conrado
24,I_24h,6,2.294115,-0.010000,0.026067,0.250000,0.059299,0.371429,0.087351,0.263158,0.064439,0.357143,39,Sub bacia de São Conrado
24,I_24h,7,0.100000,-0.270526,0.938427,0.653846,0.354054,0.206061,0.087030,0.631579,0.323741,0.210526,39,Sub bacia de São Conrado
24,I_24h,8,0.100000,-0.010000,0.860225,0.673077,0.370270,0.203488,0.086250,0.649123,0.338129,0.207865,39,Sub bacia de São Conrado
24,I_24h,9,6.024112,-0.062105,0.703820,0.288462,0.078804,0.340909,0.090590,0.298246,0.079518,0.340000,39,Sub bacia de São Conrado
24,I_24h,10,0.100000,-0.010000,0.860225,0.673077,0.366848,0.205882,0.087739,0.649123,0.334940,0.210227,39,Sub bacia de São Conrado
1/6,I_15min,1,13.910204,-1.000000,23.575510,1.000000,0.629032,0.037037,0.013740,0.750000,0.282230,0.035714,41,Micro bacia do Rio da Barra
1/6,I_15min,2,115.200000,-0.426842,23.575510,0.666667,0.290323,0.052632,0.024901,0.500000,0.136842,0.048780,41,Micro bacia do Rio da Barra
1/6,I_15min,3,66.857143,-0.426842,23.575510,1.000000,0.411290,0.055556,0.032706,0.750000,0.190813,0.052632,41,Micro bacia do Rio da Barra
1/6,I_15min,4,66.857143,-0.426842,23.575510,1.000000,0.479675,0.048387,0.025177,0.750000,0.219858,0.046154,41,Micro bacia do Rio da Barra
1/6,I_15min,5,80.669388,-0.478947,23.575510,1.000000,0.528455,0.044118,0.020803,0.750000,0.241135,0.042254,41,Micro bacia do Rio da Barra
1/6,I_15min,6,80.669388,-0.478947,23.575510,1.000000,0.550000,0.043478,0.019565,0.750000,0.248201,0.041667,41,Micro bacia do Rio da Barra
1/6,I_15min,7,78.367347,-0.478947,23.575510,1.000000,0.596639,0.040541,0.016352,0.750000,0.268116,0.038961,41,Micro bacia do Rio da Barra
1/6,I_15min,8,85.273469,-0.478947,23.575510,1.000000,0.613445,0.039474,0.015259,0.750000,0.275362,0.037975,41,Micro bacia do Rio da Barra
1/6,I_15min,9,46.138776,-0.322632,23.575510,1.000000,0.649573,0.037975,0.013307,0.750000,0.288321,0.036585,41,Micro bacia do Rio da Barra
1/6,I_15min,10,25.420408,-0.166316,23.575510,1.000000,0.675214,0.036585,0.011882,0.750000,0.299270,0.035294,41,Micro bacia do Rio da Barra
1/2,I_30min,1,74.348571,-0.218421,19.746939,0.333333,0.131783,0.055556,0.016078,0.250000,0.069686,0.047619,41,Micro bacia do Rio da Barra
1/2,I_30min,2,84.678367,-0.687368,19.746939,0.666667,0.279070,0.052632,0.025296,0.500000,0.136842,0.048780,41,Micro bacia do Rio da Barra
1/2,I_30min,3,69.183673,-0.635263,19.746939,1.000000,0.364341,0.060000,0.038140,0.750000,0.176678,0.056604,41,Micro bacia do Rio da Barra
1/2,I_30min,4,67.462041,-0.635263,19.746939,1.000000,0.414062,0.053571,0.031390,0.750000,0.198582,0.050847,41,Micro bacia do Rio da Barra
1/2,I_30min,5,82.956735,-0.687368,19.746939,1.000000,0.445312,0.050000,0.027734,0.750000,0.212766,0.047619,41,Micro bacia do Rio da Barra
1/2,I_30min,6,79.513469,-0.635263,19.746939,1.000000,0.448000,0.050847,0.028068,0.750000,0.212230,0.048387,41,Micro bacia do Rio da Barra
1/2,I_30min,7,64.018776,-0.531053,19.746939,1.000000,0.504000,0.045455,0.022545,0.750000,0.235507,0.044118,41,Micro bacia do Rio da Barra
1/2,I_30min,8,72.626939,-0.583158,20.228571,1.000000,0.520000,0.044118,0.021176,0.750000,0.242754,0.042857,41,Micro bacia do Rio da Barra
1/2,I_30min,9,45.080816,-0.478947,20.228571,1.000000,0.544715,0.042857,0.019512,0.750000,0.251825,0.041667,41,Micro bacia do Rio da Barra
1/2,I_30min,10,45.080816,-0.478947,20.228571,1.000000,0.560976,0.041667,0.018293,0.750000,0.259124,0.040541,41,Micro bacia do Rio da Barra
1,I_1h,1,6.594286,-0.010000,9.142857,1.000000,0.539568,0.038462,0.017709,0.750000,0.271777,0.037037,41,Micro bacia do Rio da Barra
1,I_1h,2,48.531429,-0.374737,14.040816,0.666667,0.194245,0.068966,0.037046,0.500000,0.105263,0.062500,41,Micro bacia do Rio da Barra
1,I_1h,3,44.440000,-1.000000,14.693878,1.000000,0.340580,0.060000,0.039565,0.750000,0.176678,0.056604,41,Micro bacia do Rio da Barra
1,I_1h,4,51.600000,-1.000000,14.693878,1.000000,0.379562,0.054545,0.033842,0.750000,0.195035,0.051724,41,Micro bacia do Rio da Barra
1,I_1h,5,49.554286,-1.000000,14.693878,1.000000,0.408759,0.050847,0.030063,0.750000,0.209220,0.048387,41,Micro bacia do Rio da Barra
1,I_1h,6,44.440000,-1.000000,14.693878,1.000000,0.425373,0.050000,0.028731,0.750000,0.215827,0.047619,41,Micro bacia do Rio da Barra
1,I_1h,7,33.188571,-0.895789,14.693878,1.000000,0.455224,0.046875,0.025536,0.750000,0.228261,0.045455,41,Micro bacia do Rio da Barra
1,I_1h,8,33.188571,-0.895789,14.693878,1.000000,0.455224,0.046875,0.025536,0.750000,0.228261,0.045455,41,Micro bacia do Rio da Barra
1,I_1h,9,34.211429,-0.895789,14.693878,1.000000,0.469697,0.046154,0.024476,0.750000,0.233577,0.044776,41,Micro bacia do Rio da Barra
1,I_1h,10,23.982857,-0.791579,14.693878,1.000000,0.484848,0.044776,0.023066,0.750000,0.240876,0.043478,41,Micro bacia do Rio da Barra
2,I_2h,1,34.202449,-0.114211,9.120408,0.333333,0.047297,0.125000,0.039696,0.250000,0.034843,0.090909,41,Micro bacia do Rio da Barra
2,I_2h,2,33.369388,-0.114211,10.232653,0.333333,0.061224,0.100000,0.031293,0.250000,0.042105,0.076923,41,Micro bacia do Rio da Barra
2,I_2h,3,35.868571,-0.895789,8.675510,1.000000,0.315068,0.061224,0.041935,0.750000,0.173145,0.057692,41,Micro bacia do Rio da Barra
2,I_2h,4,35.868571,-0.895789,8.675510,1.000000,0.351724,0.055556,0.036015,0.750000,0.191489,0.052632,41,Micro bacia do Rio da Barra
2,I_2h,5,35.868571,-0.895789,8.675510,1.000000,0.372414,0.052632,0.033031,0.750000,0.202128,0.050000,41,Micro bacia do Rio da Barra
2,I_2h,6,35.868571,-0.895789,8.675510,1.000000,0.380282,0.052632,0.032617,0.750000,0.205036,0.050000,41,Micro bacia do Rio da Barra
2,I_2h,7,11.709796,-0.635263,8.675510,1.000000,0.422535,0.047619,0.027498,0.750000,0.224638,0.046154,41,Micro bacia do Rio da Barra
2,I_2h,8,34.202449,-0.895789,8.675510,1.000000,0.422535,0.047619,0.027498,0.750000,0.224638,0.046154,41,Micro bacia do Rio da Barra
2,I_2h,9,34.202449,-0.895789,8.675510,1.000000,0.435714,0.046875,0.026451,0.750000,0.229927,0.045455,41,Micro bacia do Rio da Barra
2,I_2h,10,34.202449,-0.895789,8.675510,1.000000,0.442857,0.046154,0.025714,0.750000,0.233577,0.044776,41,Micro bacia do Rio da Barra
3,I_3h,1,23.910204,-0.114211,8.183673,0.333333,0.023256,0.200000,0.065116,0.250000,0.024390,0.125000,41,Micro bacia do Rio da Barra
3,I_3h,2,30.770068,-0.114211,8.001814,0.333333,0.035294,0.142857,0.045938,0.250000,0.031579,0.100000,41,Micro bacia do Rio da Barra
3,I_3h,3,31.456054,-0.687368,5.637642,1.000000,0.301775,0.055556,0.038790,0.750000,0.190813,0.052632,41,Micro bacia do Rio da Barra
3,I_3h,4,32.142041,-0.843684,8.001814,0.666667,0.178571,0.062500,0.034226,0.500000,0.117021,0.057143,41,Micro bacia do Rio da Barra
3,I_3h,5,32.142041,-0.843684,8.001814,0.666667,0.190476,0.058824,0.031746,0.500000,0.124113,0.054054,41,Micro bacia do Rio da Barra
3,I_3h,6,34.200000,-0.635263,5.637642,1.000000,0.373494,0.046154,0.028916,0.750000,0.230216,0.044776,41,Micro bacia do Rio da Barra
3,I_3h,7,21.166259,-0.478947,5.819501,1.000000,0.393939,0.044118,0.026738,0.750000,0.239130,0.043478,41,Micro bacia do Rio da Barra
3,I_3h,8,23.910204,-0.531053,5.819501,1.000000,0.400000,0.043478,0.026087,0.750000,0.242754,0.042857,41,Micro bacia do Rio da Barra
3,I_3h,9,20.480272,-0.478947,5.819501,1.000000,0.411043,0.042857,0.025241,0.750000,0.248175,0.042254,41,Micro bacia do Rio da Barra
3,I_3h,10,20.480272,-0.478947,5.819501,1.000000,0.423313,0.041667,0.024029,0.750000,0.255474,0.041096,41,Micro bacia do Rio da Barra
6,I_6h,1,11.748980,-0.114211,4.688889,0.333333,0.035176,0.125000,0.040201,0.250000,0.034843,0.090909,41,Micro bacia do Rio da Barra
6,I_6h,2,14.802041,-0.114211,4.688889,0.333333,0.040609,0.111111,0.035533,0.250000,0.038596,0.083333,41,Micro bacia do Rio da Barra
6,I_6h,3,17.855102,-0.114211,4.688889,0.333333,0.045918,0.100000,0.031803,0.250000,0.042403,0.076923,41,Micro bacia do Rio da Barra
6,I_6h,4,14.802041,-0.583158,2.775057,1.000000,0.364103,0.040541,0.025780,0.750000,0.262411,0.038961,41,Micro bacia do Rio da Barra
6,I_6h,5,15.565306,-0.583158,2.775057,1.000000,0.400000,0.037037,0.022222,0.750000,0.287234,0.035714,41,Micro bacia do Rio da Barra
6,I_6h,6,18.236735,-0.635263,2.870748,1.000000,0.414508,0.036145,0.021162,0.750000,0.294964,0.035294,41,Micro bacia do Rio da Barra
6,I_6h,7,14.038776,-0.583158,2.966440,1.000000,0.427083,0.035294,0.020221,0.750000,0.300725,0.034884,41,Micro bacia do Rio da Barra
6,I_6h,8,14.038776,-0.583158,2.966440,1.000000,0.427083,0.035294,0.020221,0.750000,0.300725,0.034884,41,Micro bacia do Rio da Barra
6,I_6h,9,2.589796,-1.000000,4.593197,0.666667,0.252632,0.040000,0.019930,0.500000,0.178832,0.039216,41,Micro bacia do Rio da Barra
6,I_6h,10,2.589796,-1.000000,4.593197,0.666667,0.257895,0.039216,0.019401,0.500000,0.182482,0.038462,41,Micro bacia do Rio da Barra
8,I_8h,1,8.712857,-0.114211,3.625000,0.333333,0.038647,0.111111,0.035606,0.250000,0.038328,0.083333,41,Micro bacia do Rio da Barra
8,I_8h,2,13.257245,-0.114211,3.551020,0.333333,0.039024,0.111111,0.035592,0.250000,0.038596,0.083333,41,Micro bacia do Rio da Barra
8,I_8h,3,12.954286,-0.114211,3.625000,0.333333,0.049020,0.090909,0.028818,0.250000,0.045936,0.071429,41,Micro bacia do Rio da Barra
8,I_8h,4,10.530612,-0.583158,2.145408,1.000000,0.379310,0.037500,0.023276,0.750000,0.283688,0.036145,41,Micro bacia do Rio da Barra
8,I_8h,5,11.136531,-0.583158,2.145408,1.000000,0.413793,0.034483,0.020214,0.750000,0.308511,0.033333,41,Micro bacia do Rio da Barra
8,I_8h,6,12.954286,-1.000000,2.293367,1.000000,0.427861,0.033708,0.019286,0.750000,0.316547,0.032967,41,Micro bacia do Rio da Barra
8,I_8h,7,9.924694,-0.583158,2.293367,1.000000,0.435000,0.033333,0.018833,0.750000,0.318841,0.032967,41,Micro bacia do Rio da Barra
8,I_8h,8,10.227653,-0.583158,2.293367,1.000000,0.435000,0.033333,0.018833,0.750000,0.318841,0.032967,41,Micro bacia do Rio da Barra
8,I_8h,9,9.318776,-0.062105,3.625000,0.333333,0.075758,0.062500,0.019255,0.250000,0.058394,0.058824,41,Micro bacia do Rio da Barra
8,I_8h,10,9.318776,-0.062105,3.625000,0.333333,0.075758,0.062500,0.019255,0.250000,0.058394,0.058824,41,Micro bacia do Rio da Barra
10,I_10h,1,6.868245,-0.114211,2.925714,0.333333,0.048544,0.090909,0.028832,0.250000,0.045296,0.071429,41,Micro bacia do Rio da Barra
10,I_10h,2,11.312408,-0.114211,2.803810,0.333333,0.049020,0.090909,0.028818,0.250000,0.045614,0.071429,41,Micro bacia do Rio da Barra
10,I_10h,3,9.831020,-0.687368,1.950476,1.000000,0.300493,0.046875,0.032789,0.750000,0.226148,0.044776,41,Micro bacia do Rio da Barra
10,I_10h,4,9.831020,-0.687368,1.950476,1.000000,0.331683,0.042857,0.028642,0.750000,0.248227,0.041096,41,Micro bacia do Rio da Barra
10,I_10h,5,10.324816,-0.687368,1.950476,1.000000,0.366337,0.038961,0.024688,0.750000,0.273050,0.037500,41,Micro bacia do Rio da Barra
10,I_10h,6,8.349633,-0.635263,1.950476,1.000000,0.395000,0.036585,0.022134,0.750000,0.291367,0.035714,41,Micro bacia do Rio da Barra
10,I_10h,7,7.608939,-0.583158,1.950476,1.000000,0.412060,0.035294,0.020751,0.750000,0.300725,0.034884,41,Micro bacia do Rio da Barra
10,I_10h,8,8.349633,-0.635263,2.011429,1.000000,0.412060,0.035294,0.020751,0.750000,0.300725,0.034884,41,Micro bacia do Rio da Barra
10,I_10h,9,7.855837,-0.635263,2.011429,1.000000,0.421320,0.034884,0.020187,0.750000,0.306569,0.034483,41,Micro bacia do Rio da Barra
10,I_10h,10,8.596531,-0.062105,2.803810,0.333333,0.076142,0.062500,0.019247,0.250000,0.058394,0.058824,41,Micro bacia do Rio da Barra
12,I_12h,1,3.277381,-0.062105,2.577778,0.333333,0.037383,0.111111,0.035652,0.250000,0.038328,0.083333,41,Micro bacia do Rio da Barra
12,I_12h,2,4.387755,-0.062105,2.367347,0.333333,0.042453,0.100000,0.031918,0.250000,0.042105,0.076923,41,Micro bacia do Rio da Barra
12,I_12h,3,10.827925,-0.739474,1.630839,1.000000,0.290476,0.046875,0.033259,0.750000,0.226148,0.044776,41,Micro bacia do Rio da Barra
12,I_12h,4,10.827925,-0.739474,1.630839,1.000000,0.320574,0.042857,0.029118,0.750000,0.248227,0.041096,41,Micro bacia do Rio da Barra
12,I_12h,5,10.161701,-0.739474,1.630839,1.000000,0.354067,0.038961,0.025166,0.750000,0.273050,0.037500,41,Micro bacia do Rio da Barra
12,I_12h,6,6.830578,-0.635263,1.630839,1.000000,0.381643,0.036585,0.022623,0.750000,0.291367,0.035714,41,Micro bacia do Rio da Barra
12,I_12h,7,6.830578,-0.635263,1.630839,1.000000,0.398058,0.035294,0.021245,0.750000,0.300725,0.034884,41,Micro bacia do Rio da Barra
12,I_12h,8,7.052653,-0.635263,1.630839,1.000000,0.398058,0.035294,0.021245,0.750000,0.300725,0.034884,41,Micro bacia do Rio da Barra
12,I_12h,9,7.718878,-0.062105,2.525170,0.333333,0.058824,0.076923,0.024133,0.250000,0.047445,0.071429,41,Micro bacia do Rio da Barra
12,I_12h,10,6.164354,-0.062105,2.577778,0.333333,0.063725,0.071429,0.022292,0.250000,0.051095,0.066667,41,Micro bacia do Rio da Barra
24,I_24h,1,1.944388,-0.062105,1.355556,0.333333,0.037383,0.111111,0.035652,0.250000,0.040892,0.083333,41,Micro bacia do Rio da Barra
24,I_24h,2,5.633163,-0.114211,1.355556,0.333333,0.042453,0.100000,0.031918,0.250000,0.044944,0.076923,41,Micro bacia do Rio da Barra
24,I_24h,3,2.436224,-0.062105,1.355556,0.333333,0.052381,0.083333,0.026323,0.250000,0.052830,0.066667,41,Micro bacia do Rio da Barra
24,I_24h,4,2.559184,-0.062105,1.355556,0.333333,0.057143,0.076923,0.024176,0.250000,0.056604,0.062500,41,Micro bacia do Rio da Barra
24,I_24h,5,2.559184,-0.062105,1.355556,0.333333,0.061905,0.071429,0.022336,0.250000,0.060377,0.058824,41,Micro bacia do Rio da Barra
24,I_24h,6,3.173980,-0.062105,1.327891,0.333333,0.053140,0.083333,0.026302,0.250000,0.049808,0.071429,41,Micro bacia do Rio da Barra
24,I_24h,7,3.173980,-0.062105,1.327891,0.333333,0.063107,0.071429,0.022307,0.250000,0.054054,0.066667,41,Micro bacia do Rio da Barra
24,I_24h,8,3.173980,-0.062105,1.355556,0.333333,0.058252,0.076923,0.024147,0.250000,0.050193,0.071429,41,Micro bacia do Rio da Barra
24,I_24h,9,3.173980,-0.062105,1.355556,0.333333,0.058824,0.076923,0.024133,0.250000,0.050584,0.071429,41,Micro bacia do Rio da Barra
24,I_24h,10,3.173980,-0.062105,1.355556,0.333333,0.058824,0.076923,0.024133,0.250000,0.050584,0.071429,41,Micro bacia do Rio da Barra
1/6,I_15min,1,9.086795,-0.062105,17.894681,0.672956,0.332494,0.447699,0.201107,0.653409,0.305310,0.454545,45,Sub bacia dos Rios Acari/Pavuna/Meriti
1/6,I_15min,2,21.682074,-0.010000,5.121947,0.670886,0.330808,0.447257,0.200797,0.651429,0.303769,0.454183,45,Sub bacia dos Rios Acari/Pavuna/Meriti
1/6,I_15min,3,21.682074,-0.010000,5.776767,0.675159,0.320611,0.456897,0.209577,0.655172,0.294643,0.463415,45,Sub bacia dos Rios Acari/Pavuna/Meriti
1/6,I_15min,4,17.483648,-0.010000,10.269807,0.662420,0.316327,0.456140,0.206576,0.643678,0.290828,0.462810,45,Sub bacia dos Rios Acari/Pavuna/Meriti
1/6,I_15min,5,17.483648,-0.010000,10.269807,0.668790,0.321429,0.454545,0.206283,0.649425,0.295302,0.461224,45,Sub bacia dos Rios Acari/Pavuna/Meriti
1/6,I_15min,6,34.277353,-0.010000,1.928315,0.532051,0.213368,0.500000,0.209264,0.526012,0.200450,0.505556,45,Sub bacia dos Rios Acari/Pavuna/Meriti
1/6,I_15min,7,17.483648,-0.010000,10.927118,0.673077,0.320413,0.458515,0.209731,0.653179,0.294118,0.465021,45,Sub bacia dos Rios Acari/Pavuna/Meriti
1/6,I_15min,8,30.078927,-0.010000,3.213858,0.608974,0.268229,0.479798,0.213812,0.595376,0.248858,0.485849,45,Sub bacia dos Rios Acari/Pavuna/Meriti
1/6,I_15min,9,21.682074,-0.010000,8.356032,0.660256,0.305483,0.468182,0.214689,0.641618,0.282759,0.474359,45,Sub bacia dos Rios Acari/Pavuna/Meriti
1/6,I_15min,10,30.078927,-0.010000,3.213858,0.615385,0.272251,0.480000,0.214966,0.601156,0.253456,0.485981,45,Sub bacia dos Rios Acari/Pavuna/Meriti
1/2,I_30min,1,20.518988,-0.010000,0.473073,0.625806,0.284689,0.449074,0.201026,0.619318,0.274336,0.467811,45,Sub bacia dos Rios Acari/Pavuna/Meriti
1/2,I_30min,2,17.661840,-0.010000,3.313080,0.629870,0.287770,0.447005,0.200532,0.622857,0.277162,0.465812,45,Sub bacia dos Rios Acari/Pavuna/Meriti
1/2,I_30min,3,9.090398,-0.010000,10.440324,0.673203,0.318841,0.438298,0.200985,0.660920,0.305804,0.456349,45,Sub bacia dos Rios Acari/Pavuna/Meriti
1/2,I_30min,4,3.376104,-0.583158,18.507847,0.640523,0.297821,0.443439,0.199442,0.632184,0.286353,0.462185,45,Sub bacia dos Rios Acari/Pavuna/Meriti
1/2,I_30min,5,23.376135,-0.010000,2.372801,0.555556,0.225182,0.477528,0.205554,0.557471,0.219239,0.497436,45,Sub bacia dos Rios Acari/Pavuna/Meriti
1/2,I_30min,6,17.661840,-0.010000,8.067878,0.526316,0.207317,0.484848,0.202280,0.531792,0.202703,0.505495,45,Sub bacia dos Rios Acari/Pavuna/Meriti
1/2,I_30min,7,23.376135,-0.010000,2.372905,0.572368,0.235294,0.475410,0.208084,0.572254,0.228507,0.495000,45,Sub bacia dos Rios Acari/Pavuna/Meriti
1/2,I_30min,8,9.090398,-0.166316,18.034081,0.618421,0.269802,0.463054,0.209101,0.612717,0.260274,0.481818,45,Sub bacia dos Rios Acari/Pavuna/Meriti
1/2,I_30min,9,9.090398,-0.010000,11.389946,0.657895,0.300995,0.452489,0.208087,0.647399,0.289655,0.470588,45,Sub bacia dos Rios Acari/Pavuna/Meriti
1/2,I_30min,10,9.090398,-0.010000,11.389946,0.657895,0.301746,0.452489,0.207863,0.647399,0.290323,0.470588,45,Sub bacia dos Rios Acari/Pavuna/Meriti
1,I_1h,1,2.494004,-0.010000,11.928210,0.563291,0.220874,0.494444,0.216999,0.556818,0.212389,0.505155,45,Sub bacia dos Rios Acari/Pavuna/Meriti
1,I_1h,2,4.568016,-0.010000,9.981465,0.566879,0.218978,0.497207,0.220136,0.560000,0.210643,0.507772,45,Sub bacia dos Rios Acari/Pavuna/Meriti
1,I_1h,3,12.864064,-0.010000,2.581217,0.576923,0.225490,0.494505,0.220961,0.568966,0.216518,0.505102,45,Sub bacia dos Rios Acari/Pavuna/Meriti
1,I_1h,4,4.568016,-0.426842,13.874042,0.519231,0.174447,0.532895,0.228427,0.517241,0.170022,0.542169,45,Sub bacia dos Rios Acari/Pavuna/Meriti
1,I_1h,5,4.568016,-0.426842,13.874042,0.532051,0.179361,0.532051,0.232305,0.528736,0.174497,0.541176,45,Sub bacia dos Rios Acari/Pavuna/Meriti
1,I_1h,6,4.568016,-0.322632,13.855602,0.522581,0.180693,0.525974,0.225198,0.520231,0.175676,0.535714,45,Sub bacia dos Rios Acari/Pavuna/Meriti
1,I_1h,7,12.864064,-0.010000,2.900010,0.593548,0.236318,0.491979,0.223005,0.583815,0.226244,0.502488,45,Sub bacia dos Rios Acari/Pavuna/Meriti
1,I_1h,8,12.864064,-0.010000,2.900010,0.593548,0.235589,0.494624,0.224418,0.583815,0.226027,0.505000,45,Sub bacia dos Rios Acari/Pavuna/Meriti
1,I_1h,9,2.494004,-0.114211,13.855602,0.541935,0.196474,0.518519,0.225794,0.537572,0.190805,0.528409,45,Sub bacia dos Rios Acari/Pavuna/Meriti
1,I_1h,10,2.494004,-0.114211,13.855602,0.541935,0.196970,0.518519,0.225654,0.537572,0.191244,0.528409,45,Sub bacia dos Rios Acari/Pavuna/Meriti
2,I_2h,1,6.263446,-0.010000,2.059449,0.597403,0.265509,0.462312,0.202856,0.596591,0.247788,0.483871,45,Sub bacia dos Rios Acari/Pavuna/Meriti
2,I_2h,2,6.263446,-0.010000,2.052941,0.614379,0.271144,0.463054,0.207353,0.611429,0.252772,0.484163,45,Sub bacia dos Rios Acari/Pavuna/Meriti
2,I_2h,3,2.693586,-0.166316,6.912039,0.565789,0.242500,0.469945,0.201412,0.568966,0.227679,0.492537,45,Sub bacia dos Rios Acari/Pavuna/Meriti
2,I_2h,4,5.073493,-0.010000,3.736237,0.578947,0.250627,0.468085,0.203078,0.580460,0.234899,0.490291,45,Sub bacia dos Rios Acari/Pavuna/Meriti
2,I_2h,5,7.453400,-0.010000,1.868119,0.559211,0.240602,0.469613,0.199428,0.563218,0.225951,0.492462,45,Sub bacia dos Rios Acari/Pavuna/Meriti
2,I_2h,6,2.693586,-0.010000,5.778195,0.576159,0.251889,0.465241,0.200533,0.578035,0.236486,0.487805,45,Sub bacia dos Rios Acari/Pavuna/Meriti
2,I_2h,7,2.693586,-0.062105,7.082949,0.543046,0.222785,0.482353,0.203584,0.549133,0.210407,0.505319,45,Sub bacia dos Rios Acari/Pavuna/Meriti
2,I_2h,8,6.263446,-0.010000,3.355081,0.536424,0.219388,0.485030,0.203101,0.543353,0.207763,0.508108,45,Sub bacia dos Rios Acari/Pavuna/Meriti
2,I_2h,9,2.693586,-0.062105,7.082949,0.556291,0.231362,0.482759,0.206421,0.560694,0.218391,0.505208,45,Sub bacia dos Rios Acari/Pavuna/Meriti
2,I_2h,10,2.693586,-0.062105,7.269342,0.536424,0.216495,0.490909,0.206325,0.543353,0.205069,0.513661,45,Sub bacia dos Rios Acari/Pavuna/Meriti
3,I_3h,1,1.238807,-0.374737,4.891626,0.612500,0.292500,0.455814,0.197524,0.596591,0.269912,0.462555,45,Sub bacia dos Rios Acari/Pavuna/Meriti
3,I_3h,2,7.151651,-0.010000,0.717319,0.427673,0.142857,0.544000,0.199418,0.428571,0.137472,0.547445,45,Sub bacia dos Rios Acari/Pavuna/Meriti
3,I_3h,3,6.166177,-0.010000,1.723206,0.430380,0.143577,0.544000,0.200511,0.431034,0.138393,0.547445,45,Sub bacia dos Rios Acari/Pavuna/Meriti
3,I_3h,4,5.180703,-0.218421,4.882416,0.506329,0.207071,0.493827,0.198263,0.500000,0.194631,0.500000,45,Sub bacia dos Rios Acari/Pavuna/Meriti
3,I_3h,5,3.209755,-0.062105,4.738815,0.512658,0.207071,0.496933,0.202004,0.505747,0.194631,0.502857,45,Sub bacia dos Rios Acari/Pavuna/Meriti
3,I_3h,6,4.195229,-0.114211,5.161787,0.490446,0.190840,0.506579,0.201036,0.485549,0.180180,0.512195,45,Sub bacia dos Rios Acari/Pavuna/Meriti
3,I_3h,7,4.195229,-0.114211,5.305170,0.490446,0.189258,0.509934,0.202762,0.485549,0.178733,0.515337,45,Sub bacia dos Rios Acari/Pavuna/Meriti
3,I_3h,8,4.195229,-0.114211,5.305170,0.496815,0.193299,0.509804,0.204320,0.491329,0.182648,0.515152,45,Sub bacia dos Rios Acari/Pavuna/Meriti
3,I_3h,9,6.166177,-0.010000,2.580894,0.401274,0.114286,0.588785,0.209262,0.404624,0.112644,0.588235,45,Sub bacia dos Rios Acari/Pavuna/Meriti
3,I_3h,10,45.585136,-0.374737,5.878702,0.445860,0.148438,0.551181,0.209271,0.445087,0.142857,0.553957,45,Sub bacia dos Rios Acari/Pavuna/Meriti
6,I_6h,1,2.467953,-0.010000,1.396223,0.490566,0.196030,0.496815,0.195944,0.488636,0.185841,0.505882,45,Sub bacia dos Rios Acari/Pavuna/Meriti
6,I_6h,2,2.467953,-0.010000,1.472849,0.493671,0.196517,0.496815,0.197065,0.491429,0.186253,0.505882,45,Sub bacia dos Rios Acari/Pavuna/Meriti
6,I_6h,3,1.890132,-0.010000,2.047972,0.490446,0.190000,0.503268,0.199929,0.488506,0.180804,0.512048,45,Sub bacia dos Rios Acari/Pavuna/Meriti
6,I_6h,4,1.890132,-0.010000,2.047972,0.496815,0.203008,0.490566,0.194244,0.494253,0.192394,0.500000,45,Sub bacia dos Rios Acari/Pavuna/Meriti
6,I_6h,5,2.467953,-0.010000,1.474540,0.515924,0.218045,0.482143,0.194510,0.511494,0.205817,0.491713,45,Sub bacia dos Rios Acari/Pavuna/Meriti
6,I_6h,6,3.045773,-0.010000,1.309446,0.455128,0.164141,0.522059,0.198603,0.456647,0.157658,0.530201,45,Sub bacia dos Rios Acari/Pavuna/Meriti
6,I_6h,7,3.045773,-0.010000,1.309446,0.461538,0.164975,0.525547,0.202544,0.462428,0.158371,0.533333,45,Sub bacia dos Rios Acari/Pavuna/Meriti
6,I_6h,8,3.045773,-0.010000,1.309446,0.461538,0.166240,0.525547,0.202237,0.462428,0.159817,0.533333,45,Sub bacia dos Rios Acari/Pavuna/Meriti
6,I_6h,9,3.045773,-0.010000,1.309446,0.467949,0.170103,0.525180,0.203953,0.468208,0.163218,0.532895,45,Sub bacia dos Rios Acari/Pavuna/Meriti
6,I_6h,10,3.045773,-0.010000,1.309446,0.474359,0.170543,0.528571,0.207972,0.473988,0.163594,0.535948,45,Sub bacia dos Rios Acari/Pavuna/Meriti
8,I_8h,1,1.042537,-0.062105,2.218661,0.478261,0.178049,0.513333,0.201795,0.471591,0.172566,0.515528,45,Sub bacia dos Rios Acari/Pavuna/Meriti
8,I_8h,2,2.418842,-0.010000,0.844278,0.468750,0.168704,0.520833,0.202953,0.462857,0.164080,0.522581,45,Sub bacia dos Rios Acari/Pavuna/Meriti
8,I_8h,3,2.418842,-0.010000,0.910321,0.465409,0.164619,0.524823,0.204048,0.459770,0.160714,0.526316,45,Sub bacia dos Rios Acari/Pavuna/Meriti
8,I_8h,4,2.418842,-0.010000,0.845298,0.477987,0.177340,0.513514,0.201924,0.471264,0.172260,0.515723,45,Sub bacia dos Rios Acari/Pavuna/Meriti
8,I_8h,5,2.418842,-0.010000,0.910321,0.477987,0.177340,0.513514,0.201924,0.471264,0.172260,0.515723,45,Sub bacia dos Rios Acari/Pavuna/Meriti
8,I_8h,6,1.960073,-0.010000,1.299689,0.487342,0.178660,0.516779,0.206853,0.479769,0.173423,0.518750,45,Sub bacia dos Rios Acari/Pavuna/Meriti
8,I_8h,7,2.877610,-0.010000,0.584860,0.487342,0.172070,0.527397,0.212797,0.479769,0.167421,0.528662,45,Sub bacia dos Rios Acari/Pavuna/Meriti
8,I_8h,8,2.877610,-0.010000,0.584860,0.487342,0.175879,0.523810,0.210377,0.479769,0.171233,0.525316,45,Sub bacia dos Rios Acari/Pavuna/Meriti
8,I_8h,9,2.877610,-0.010000,0.584860,0.500000,0.179747,0.526667,0.216000,0.491329,0.174713,0.527950,45,Sub bacia dos Rios Acari/Pavuna/Meriti
8,I_8h,10,2.418842,-0.010000,0.974767,0.493671,0.172589,0.534247,0.218223,0.485549,0.168203,0.535032,45,Sub bacia dos Rios Acari/Pavuna/Meriti
10,I_10h,1,2.699929,-0.010000,0.105998,0.437500,0.162500,0.518519,0.189988,0.437500,0.154867,0.523810,45,Sub bacia dos Rios Acari/Pavuna/Meriti
10,I_10h,2,2.699929,-0.010000,0.105366,0.452830,0.167920,0.517986,0.195172,0.451429,0.159645,0.523179,45,Sub bacia dos Rios Acari/Pavuna/Meriti
10,I_10h,3,2.699929,-0.010000,0.158176,0.443038,0.161209,0.522388,0.194128,0.442529,0.154018,0.527397,45,Sub bacia dos Rios Acari/Pavuna/Meriti
10,I_10h,4,1.958235,-0.010000,0.685429,0.487342,0.207071,0.484277,0.187138,0.482759,0.194631,0.491228,45,Sub bacia dos Rios Acari/Pavuna/Meriti
10,I_10h,5,1.958235,-0.010000,0.843605,0.462025,0.176768,0.510490,0.194167,0.459770,0.167785,0.516129,45,Sub bacia dos Rios Acari/Pavuna/Meriti
10,I_10h,6,1.958235,-0.010000,0.842961,0.464968,0.178117,0.510490,0.195083,0.462428,0.168919,0.516129,45,Sub bacia dos Rios Acari/Pavuna/Meriti
10,I_10h,7,1.958235,-0.010000,0.842961,0.477707,0.176471,0.520833,0.204899,0.473988,0.167421,0.525641,45,Sub bacia dos Rios Acari/Pavuna/Meriti
10,I_10h,8,1.958235,-0.010000,0.842961,0.484076,0.177835,0.524138,0.208602,0.479769,0.168950,0.528662,45,Sub bacia dos Rios Acari/Pavuna/Meriti
10,I_10h,9,1.958235,-0.010000,0.842961,0.484076,0.176166,0.527778,0.210477,0.479769,0.167816,0.532051,45,Sub bacia dos Rios Acari/Pavuna/Meriti
10,I_10h,10,1.958235,-0.010000,0.842961,0.496815,0.181818,0.527027,0.214229,0.491329,0.172811,0.531250,45,Sub bacia dos Rios Acari/Pavuna/Meriti
12,I_12h,1,0.745997,-0.062105,1.621355,0.438272,0.168704,0.507143,0.184769,0.437500,0.163717,0.509934,45,Sub bacia dos Rios Acari/Pavuna/Meriti
12,I_12h,2,2.360991,-0.010000,0.134224,0.416149,0.144608,0.531746,0.189286,0.417143,0.141907,0.532847,45,Sub bacia dos Rios Acari/Pavuna/Meriti
12,I_12h,3,1.714994,-0.010000,0.626764,0.450000,0.169951,0.510638,0.190735,0.448276,0.165179,0.513158,45,Sub bacia dos Rios Acari/Pavuna/Meriti
12,I_12h,4,1.391995,-0.010000,0.895378,0.456250,0.182716,0.496599,0.185175,0.454023,0.176734,0.500000,45,Sub bacia dos Rios Acari/Pavuna/Meriti
12,I_12h,5,2.683990,-0.166316,1.298298,0.537500,0.249383,0.459893,0.185547,0.528736,0.237136,0.464646,45,Sub bacia dos Rios Acari/Pavuna/Meriti
12,I_12h,6,1.714994,-0.062105,1.474727,0.427673,0.156716,0.519084,0.187207,0.427746,0.153153,0.521127,45,Sub bacia dos Rios Acari/Pavuna/Meriti
12,I_12h,7,1.714994,-0.010000,0.670330,0.471698,0.180000,0.510204,0.197343,0.468208,0.174208,0.512658,45,Sub bacia dos Rios Acari/Pavuna/Meriti
12,I_12h,8,2.360991,-0.010000,0.134066,0.471698,0.176322,0.517241,0.200962,0.468208,0.171233,0.519231,45,Sub bacia dos Rios Acari/Pavuna/Meriti
12,I_12h,9,2.037992,-0.010000,0.446887,0.459119,0.167089,0.525180,0.200832,0.456647,0.163218,0.526667,45,Sub bacia dos Rios Acari/Pavuna/Meriti
12,I_12h,10,2.037992,-0.010000,0.402198,0.490566,0.187817,0.513158,0.204457,0.485549,0.182028,0.515337,45,Sub bacia dos Rios Acari/Pavuna/Meriti
24,I_24h,1,1.120595,-0.010000,0.071642,0.477987,0.200514,0.493506,0.188591,0.477011,0.194836,0.500000,45,Sub bacia dos Rios Acari/Pavuna/Meriti
24,I_24h,2,0.610298,-0.270526,0.854510,0.487342,0.195373,0.503268,0.197346,0.485549,0.188235,0.512195,45,Sub bacia dos Rios Acari/Pavuna/Meriti
24,I_24h,3,0.440198,-0.062105,0.831144,0.490446,0.204134,0.493590,0.192662,0.488372,0.196682,0.502994,45,Sub bacia dos Rios Acari/Pavuna/Meriti
24,I_24h,4,1.290694,-0.426842,0.854891,0.496815,0.211886,0.487500,0.190879,0.494186,0.203791,0.497076,45,Sub bacia dos Rios Acari/Pavuna/Meriti
24,I_24h,5,0.440198,-0.062105,0.831144,0.509554,0.227390,0.476190,0.187470,0.505814,0.218009,0.486034,45,Sub bacia dos Rios Acari/Pavuna/Meriti
24,I_24h,6,0.440198,-0.062105,0.829962,0.519231,0.231169,0.476471,0.190207,0.514620,0.221957,0.486188,45,Sub bacia dos Rios Acari/Pavuna/Meriti
24,I_24h,7,0.950496,-0.114211,0.853675,0.474359,0.187990,0.506849,0.195230,0.473684,0.182254,0.515924,45,Sub bacia dos Rios Acari/Pavuna/Meriti
24,I_24h,8,0.950496,-0.114211,0.877388,0.474359,0.178478,0.521127,0.203081,0.473684,0.173913,0.529412,45,Sub bacia dos Rios Acari/Pavuna/Meriti
24,I_24h,9,0.610298,-0.062105,0.806248,0.519231,0.210526,0.503106,0.206233,0.514620,0.203883,0.511628,45,Sub bacia dos Rios Acari/Pavuna/Meriti
24,I_24h,10,0.950496,-0.010000,0.308271,0.500000,0.197889,0.509804,0.204460,0.497076,0.192214,0.518293,45,Sub bacia dos Rios Acari/Pavuna/Meriti
1/6,I_15min,1,61.560856,-0.062105,13.625087,0.333333,0.069136,0.282051,0.087517,0.314286,0.064639,0.244444,46,Sub bacia do Rio Irajá/Canal da Penha
1/6,I_15min,2,182.922569,-0.114211,16.350104,0.303030,0.062035,0.285714,0.081209,0.285714,0.059160,0.243902,46,Sub bacia do Rio Irajá/Canal da Penha
1/6,I_15min,3,198.092783,-0.114211,16.350104,0.363636,0.089776,0.250000,0.082748,0.342857,0.080769,0.222222,46,Sub bacia do Rio Irajá/Canal da Penha
1/6,I_15min,4,107.071499,-0.635263,17.031358,0.757576,0.329177,0.159236,0.080923,0.714286,0.265385,0.153374,46,Sub bacia do Rio Irajá/Canal da Penha
1/6,I_15min,5,182.922569,-0.114211,16.350104,0.454545,0.142145,0.208333,0.081236,0.428571,0.121154,0.192308,46,Sub bacia do Rio Irajá/Canal da Penha
1/6,I_15min,6,31.220428,-0.010000,13.766030,0.468750,0.170426,0.180723,0.070276,0.441176,0.143133,0.168539,46,Sub bacia do Rio Irajá/Canal da Penha
1/6,I_15min,7,86.844547,-0.010000,1.376603,0.156250,0.015075,0.454545,0.069952,0.147059,0.023301,0.294118,46,Sub bacia do Rio Irajá/Canal da Penha
1/6,I_15min,8,31.431040,-0.010000,13.389518,0.483871,0.178841,0.174419,0.069303,0.454545,0.150391,0.163043,46,Sub bacia do Rio Irajá/Canal da Penha
1/6,I_15min,9,31.431040,-0.010000,13.389518,0.483871,0.181818,0.172414,0.068258,0.454545,0.153242,0.161290,46,Sub bacia do Rio Irajá/Canal da Penha
1/6,I_15min,10,31.431040,-0.010000,14.094230,0.483871,0.176768,0.176471,0.070295,0.454545,0.149606,0.164835,46,Sub bacia do Rio Irajá/Canal da Penha
1/2,I_30min,1,52.807975,-0.062105,11.726399,0.333333,0.044156,0.392857,0.125170,0.314286,0.043726,0.323529,46,Sub bacia do Rio Irajá/Canal da Penha
1/2,I_30min,2,188.933450,-0.114211,13.959999,0.303030,0.041775,0.384615,0.111681,0.285714,0.041985,0.312500,46,Sub bacia do Rio Irajá/Canal da Penha
1/2,I_30min,3,188.933450,-0.114211,13.959999,0.363636,0.062992,0.333333,0.113577,0.342857,0.057692,0.285714,46,Sub bacia do Rio Irajá/Canal da Penha
1/2,I_30min,4,184.929759,-0.114211,13.959999,0.393939,0.083990,0.288889,0.104246,0.371429,0.073077,0.254902,46,Sub bacia do Rio Irajá/Canal da Penha
1/2,I_30min,5,28.785833,-0.062105,13.959999,0.636364,0.217848,0.201923,0.100504,0.600000,0.171154,0.190909,46,Sub bacia do Rio Irajá/Canal da Penha
1/2,I_30min,6,36.793214,-0.010000,1.687247,0.500000,0.163588,0.205128,0.085786,0.470588,0.131528,0.190476,46,Sub bacia do Rio Irajá/Canal da Penha
1/2,I_30min,7,28.785833,-0.010000,7.873820,0.500000,0.171958,0.197531,0.081782,0.470588,0.137864,0.183908,46,Sub bacia do Rio Irajá/Canal da Penha
1/2,I_30min,8,28.785833,-0.010000,7.873820,0.500000,0.175066,0.195122,0.080481,0.484848,0.140625,0.181818,46,Sub bacia do Rio Irajá/Canal da Penha
1/2,I_30min,9,32.789523,-0.010000,6.186573,0.500000,0.164894,0.205128,0.085652,0.484848,0.133595,0.190476,46,Sub bacia do Rio Irajá/Canal da Penha
1/2,I_30min,10,32.789523,-0.010000,6.186573,0.500000,0.167553,0.202532,0.084298,0.484848,0.135827,0.188235,46,Sub bacia do Rio Irajá/Canal da Penha
1,I_1h,1,35.804129,-0.062105,7.366647,0.333333,0.057692,0.343750,0.107973,0.314286,0.051331,0.289474,46,Sub bacia do Rio Irajá/Canal da Penha
1,I_1h,2,14.152357,-0.114211,11.243829,0.515152,0.176796,0.209877,0.089003,0.485714,0.133588,0.195402,46,Sub bacia do Rio Irajá/Canal da Penha
1,I_1h,3,16.858829,-0.062105,8.917519,0.575758,0.206128,0.204301,0.093381,0.542857,0.153846,0.191919,46,Sub bacia do Rio Irajá/Canal da Penha
1,I_1h,4,16.858829,-0.114211,11.243829,0.606061,0.217270,0.204082,0.096813,0.571429,0.161538,0.192308,46,Sub bacia do Rio Irajá/Canal da Penha
1,I_1h,5,14.152357,-0.062105,13.570138,0.484848,0.155989,0.222222,0.090937,0.457143,0.119231,0.205128,46,Sub bacia do Rio Irajá/Canal da Penha
1,I_1h,6,16.858829,-0.010000,3.112286,0.593750,0.252101,0.174312,0.077406,0.558824,0.185687,0.165217,46,Sub bacia do Rio Irajá/Canal da Penha
1,I_1h,7,16.858829,-0.010000,3.112286,0.593750,0.261972,0.169643,0.074338,0.558824,0.192233,0.161017,46,Sub bacia do Rio Irajá/Canal da Penha
1,I_1h,8,35.804129,-0.010000,5.960581,0.225806,0.028249,0.411765,0.090353,0.212121,0.031250,0.304348,46,Sub bacia do Rio Irajá/Canal da Penha
1,I_1h,9,35.804129,-0.010000,5.960581,0.225806,0.031161,0.388889,0.085077,0.212121,0.033399,0.291667,46,Sub bacia do Rio Irajá/Canal da Penha
1,I_1h,10,24.978243,-0.218421,17.484370,0.516129,0.169972,0.210526,0.090190,0.484848,0.129921,0.195122,46,Sub bacia do Rio Irajá/Canal da Penha
2,I_2h,1,7.406322,-0.218421,8.988091,0.468750,0.102564,0.254237,0.106951,0.457143,0.095057,0.242424,46,Sub bacia do Rio Irajá/Canal da Penha
2,I_2h,2,15.850526,-0.010000,0.230464,0.406250,0.086651,0.260000,0.096472,0.400000,0.082061,0.245614,46,Sub bacia do Rio Irajá/Canal da Penha
2,I_2h,3,15.850526,-0.010000,0.460928,0.406250,0.084906,0.265306,0.098629,0.400000,0.080769,0.250000,46,Sub bacia do Rio Irajá/Canal da Penha
2,I_2h,4,15.850526,-0.010000,0.460928,0.437500,0.101415,0.245614,0.096558,0.428571,0.094231,0.234375,46,Sub bacia do Rio Irajá/Canal da Penha
2,I_2h,5,5.998955,-0.010000,10.140410,0.375000,0.080189,0.260870,0.089982,0.371429,0.076923,0.245283,46,Sub bacia do Rio Irajá/Canal da Penha
2,I_2h,6,5.998955,-0.010000,10.150732,0.387097,0.082938,0.255319,0.090636,0.382353,0.079304,0.240741,46,Sub bacia do Rio Irajá/Canal da Penha
2,I_2h,7,4.591587,-0.010000,11.304224,0.387097,0.083333,0.255319,0.090597,0.382353,0.079612,0.240741,46,Sub bacia do Rio Irajá/Canal da Penha
2,I_2h,8,4.591587,-0.010000,11.279378,0.400000,0.083732,0.255319,0.093576,0.393939,0.080078,0.240741,46,Sub bacia do Rio Irajá/Canal da Penha
2,I_2h,9,4.591587,-0.010000,11.279378,0.400000,0.084135,0.255319,0.093535,0.393939,0.080550,0.240741,46,Sub bacia do Rio Irajá/Canal da Penha
2,I_2h,10,4.591587,-0.010000,11.279378,0.400000,0.084337,0.255319,0.093514,0.393939,0.080709,0.240741,46,Sub bacia do Rio Irajá/Canal da Penha
3,I_3h,1,9.173432,-0.062105,4.093100,0.406250,0.078603,0.265306,0.099309,0.400000,0.079848,0.250000,46,Sub bacia do Rio Irajá/Canal da Penha
3,I_3h,2,5.832571,-0.010000,7.333471,0.312500,0.048246,0.312500,0.092945,0.314286,0.053435,0.282051,46,Sub bacia do Rio Irajá/Canal da Penha
3,I_3h,3,4.718950,-0.010000,8.356746,0.312500,0.046358,0.322581,0.096133,0.314286,0.051923,0.289474,46,Sub bacia do Rio Irajá/Canal da Penha
3,I_3h,4,12.514294,-0.010000,0.000000,0.406250,0.083885,0.254902,0.094867,0.400000,0.084615,0.241379,46,Sub bacia do Rio Irajá/Canal da Penha
3,I_3h,5,4.718950,-0.010000,8.356746,0.312500,0.048565,0.312500,0.092914,0.314286,0.053846,0.282051,46,Sub bacia do Rio Irajá/Canal da Penha
3,I_3h,6,4.718950,-0.010000,8.359327,0.322581,0.053215,0.294118,0.089828,0.323529,0.058027,0.268293,46,Sub bacia do Rio Irajá/Canal da Penha
3,I_3h,7,4.718950,-0.010000,8.359327,0.322581,0.053452,0.294118,0.089805,0.323529,0.058252,0.268293,46,Sub bacia do Rio Irajá/Canal da Penha
3,I_3h,8,5.832571,-0.010000,7.478855,0.333333,0.053691,0.294118,0.092775,0.333333,0.058594,0.268293,46,Sub bacia do Rio Irajá/Canal da Penha
3,I_3h,9,4.718950,-0.010000,7.826709,0.366667,0.065169,0.275000,0.094262,0.363636,0.068762,0.255319,46,Sub bacia do Rio Irajá/Canal da Penha
3,I_3h,10,4.718950,-0.010000,7.826709,0.366667,0.067568,0.268293,0.091727,0.363636,0.070866,0.250000,46,Sub bacia do Rio Irajá/Canal da Penha
6,I_6h,1,4.262674,-0.010000,3.199591,0.312500,0.054167,0.277778,0.082104,0.314286,0.060837,0.255814,46,Sub bacia do Rio Irajá/Canal da Penha
6,I_6h,2,7.002656,-0.010000,0.484787,0.343750,0.069038,0.250000,0.080005,0.342857,0.074427,0.235294,46,Sub bacia do Rio Irajá/Canal da Penha
6,I_6h,3,7.002656,-0.010000,0.484787,0.343750,0.073684,0.239130,0.076144,0.342857,0.078846,0.226415,46,Sub bacia do Rio Irajá/Canal da Penha
6,I_6h,4,4.262674,-0.010000,3.199591,0.312500,0.061053,0.256410,0.075236,0.314286,0.067308,0.239130,46,Sub bacia do Rio Irajá/Canal da Penha
6,I_6h,5,4.947670,-0.010000,2.617847,0.312500,0.061053,0.256410,0.075236,0.314286,0.067308,0.239130,46,Sub bacia do Rio Irajá/Canal da Penha
6,I_6h,6,4.947670,-0.010000,2.622724,0.322581,0.061311,0.256410,0.077642,0.323529,0.067698,0.239130,46,Sub bacia do Rio Irajá/Canal da Penha
6,I_6h,7,4.947670,-0.010000,2.719862,0.322581,0.061571,0.256410,0.077620,0.323529,0.067961,0.239130,46,Sub bacia do Rio Irajá/Canal da Penha
6,I_6h,8,4.947670,-0.010000,2.678311,0.333333,0.066098,0.243902,0.075927,0.333333,0.072266,0.229167,46,Sub bacia do Rio Irajá/Canal da Penha
6,I_6h,9,2.207688,-0.010000,4.563049,0.366667,0.081545,0.224490,0.075601,0.363636,0.086444,0.214286,46,Sub bacia do Rio Irajá/Canal da Penha
6,I_6h,10,5.632665,-0.010000,2.281524,0.333333,0.066667,0.243902,0.075881,0.333333,0.072835,0.229167,46,Sub bacia do Rio Irajá/Canal da Penha
8,I_8h,1,2.998001,-0.322632,2.685733,0.468750,0.139875,0.182927,0.073753,0.457143,0.138783,0.179775,46,Sub bacia do Rio Irajá/Canal da Penha
8,I_8h,2,5.292402,-0.010000,0.460411,0.343750,0.071279,0.244444,0.078038,0.342857,0.076336,0.230769,46,Sub bacia do Rio Irajá/Canal da Penha
8,I_8h,3,5.292402,-0.010000,0.460411,0.343750,0.075949,0.234043,0.074342,0.342857,0.080769,0.222222,46,Sub bacia do Rio Irajá/Canal da Penha
8,I_8h,4,1.850801,-0.010000,3.529821,0.312500,0.067511,0.238095,0.069382,0.314286,0.073077,0.224490,46,Sub bacia do Rio Irajá/Canal da Penha
8,I_8h,5,2.998001,-0.114211,2.608998,0.531250,0.177215,0.168317,0.073572,0.514286,0.173077,0.166667,46,Sub bacia do Rio Irajá/Canal da Penha
8,I_8h,6,1.850801,-0.010000,3.541664,0.322581,0.067941,0.238095,0.071587,0.323529,0.073501,0.224490,46,Sub bacia do Rio Irajá/Canal da Penha
8,I_8h,7,2.424401,-0.010000,3.156701,0.322581,0.068230,0.238095,0.071564,0.323529,0.073786,0.224490,46,Sub bacia do Rio Irajá/Canal da Penha
8,I_8h,8,1.283525,-0.010000,3.697714,0.366667,0.087794,0.211538,0.070754,0.363636,0.091797,0.203390,46,Sub bacia do Rio Irajá/Canal da Penha
8,I_8h,9,1.283525,-0.010000,3.776389,0.366667,0.083871,0.220000,0.073901,0.363636,0.088409,0.210526,46,Sub bacia do Rio Irajá/Canal da Penha
8,I_8h,10,1.283525,-0.010000,3.776389,0.366667,0.084052,0.220000,0.073886,0.363636,0.088583,0.210526,46,Sub bacia do Rio Irajá/Canal da Penha
10,I_10h,1,2.107013,-0.166316,2.149424,0.468750,0.130879,0.189873,0.077354,0.457143,0.133080,0.186047,46,Sub bacia do Rio Irajá/Canal da Penha
10,I_10h,2,4.110025,-0.010000,0.505747,0.343750,0.073922,0.234043,0.074505,0.342857,0.080153,0.222222,46,Sub bacia do Rio Irajá/Canal da Penha
10,I_10h,3,4.110025,-0.010000,0.505747,0.343750,0.076446,0.229167,0.072754,0.342857,0.082692,0.218182,46,Sub bacia do Rio Irajá/Canal da Penha
10,I_10h,4,1.606259,-0.010000,3.034482,0.312500,0.066116,0.238095,0.069485,0.314286,0.073077,0.224490,46,Sub bacia do Rio Irajá/Canal da Penha
10,I_10h,5,2.607766,-0.062105,1.580459,0.562500,0.196281,0.159292,0.072015,0.542857,0.194231,0.158333,46,Sub bacia do Rio Irajá/Canal da Penha
10,I_10h,6,1.606259,-0.010000,3.046901,0.322581,0.064449,0.243902,0.073607,0.323529,0.071567,0.229167,46,Sub bacia do Rio Irajá/Canal da Penha
10,I_10h,7,1.606259,-0.010000,3.046901,0.322581,0.062630,0.250000,0.075594,0.323529,0.069903,0.234043,46,Sub bacia do Rio Irajá/Canal da Penha
10,I_10h,8,1.611212,-0.010000,3.049619,0.333333,0.062893,0.250000,0.078092,0.333333,0.070312,0.234043,46,Sub bacia do Rio Irajá/Canal da Penha
10,I_10h,9,1.611212,-0.010000,3.114505,0.333333,0.063158,0.250000,0.078070,0.333333,0.070727,0.234043,46,Sub bacia do Rio Irajá/Canal da Penha
10,I_10h,10,1.611212,-0.010000,3.049619,0.333333,0.065401,0.243902,0.075984,0.333333,0.072835,0.229167,46,Sub bacia do Rio Irajá/Canal da Penha
12,I_12h,1,1.790625,-0.166316,1.803851,0.468750,0.145161,0.172414,0.069087,0.457143,0.148289,0.170213,46,Sub bacia do Rio Irajá/Canal da Penha
12,I_12h,2,3.481251,-0.010000,0.318327,0.343750,0.076923,0.224490,0.071232,0.342857,0.083969,0.214286,46,Sub bacia do Rio Irajá/Canal da Penha
12,I_12h,3,3.481251,-0.010000,0.371381,0.343750,0.081466,0.215686,0.068102,0.342857,0.088462,0.206897,46,Sub bacia do Rio Irajá/Canal da Penha
12,I_12h,4,1.367969,-0.010000,2.493559,0.312500,0.069246,0.227273,0.066105,0.314286,0.076923,0.215686,46,Sub bacia do Rio Irajá/Canal da Penha
12,I_12h,5,2.213282,-0.062105,1.326361,0.562500,0.201629,0.153846,0.069090,0.542857,0.201923,0.153226,46,Sub bacia do Rio Irajá/Canal da Penha
12,I_12h,6,1.367969,-0.010000,2.500763,0.322581,0.067623,0.232558,0.069946,0.323529,0.075435,0.220000,46,Sub bacia do Rio Irajá/Canal da Penha
12,I_12h,7,1.367969,-0.010000,2.500763,0.322581,0.065844,0.238095,0.071748,0.323529,0.073786,0.224490,46,Sub bacia do Rio Irajá/Canal da Penha
12,I_12h,8,1.367969,-0.010000,2.556412,0.333333,0.066116,0.238095,0.074118,0.333333,0.074219,0.224490,46,Sub bacia do Rio Irajá/Canal da Penha
12,I_12h,9,1.367969,-0.010000,2.556412,0.333333,0.068465,0.232558,0.072212,0.333333,0.076621,0.220000,46,Sub bacia do Rio Irajá/Canal da Penha
12,I_12h,10,1.367969,-0.010000,2.556412,0.333333,0.068607,0.232558,0.072201,0.333333,0.076772,0.220000,46,Sub bacia do Rio Irajá/Canal da Penha
24,I_24h,1,3.296618,-0.010000,1.375262,0.062500,0.000000,1.000000,0.062500,0.085714,0.011928,0.333333,46,Sub bacia do Rio Irajá/Canal da Penha
24,I_24h,2,0.556660,-0.010000,1.375262,0.312500,0.078603,0.217391,0.062595,0.314286,0.083832,0.207547,46,Sub bacia do Rio Irajá/Canal da Penha
24,I_24h,3,0.556660,-0.010000,1.375262,0.312500,0.079121,0.217391,0.062560,0.314286,0.084507,0.207547,46,Sub bacia do Rio Irajá/Canal da Penha
24,I_24h,4,0.556660,-0.010000,1.403914,0.312500,0.079121,0.217391,0.062560,0.314286,0.084507,0.207547,46,Sub bacia do Rio Irajá/Canal da Penha
24,I_24h,5,0.556660,-0.010000,1.403914,0.312500,0.079121,0.217391,0.062560,0.314286,0.084507,0.207547,46,Sub bacia do Rio Irajá/Canal da Penha
24,I_24h,6,0.556660,-0.010000,1.410984,0.322581,0.079470,0.217391,0.064553,0.323529,0.085020,0.207547,46,Sub bacia do Rio Irajá/Canal da Penha
24,I_24h,7,0.556660,-0.010000,1.410984,0.322581,0.077605,0.222222,0.066121,0.323529,0.083333,0.211538,46,Sub bacia do Rio Irajá/Canal da Penha
24,I_24h,8,0.556660,-0.010000,1.410984,0.322581,0.077778,0.222222,0.066109,0.333333,0.083673,0.211538,46,Sub bacia do Rio Irajá/Canal da Penha
24,I_24h,9,0.556660,-0.010000,1.410984,0.322581,0.077951,0.222222,0.066097,0.333333,0.084016,0.211538,46,Sub bacia do Rio Irajá/Canal da Penha
24,I_24h,10,0.556660,-0.010000,1.410984,0.322581,0.078125,0.222222,0.066084,0.333333,0.084189,0.211538,46,Sub bacia do Rio Irajá/Canal da Penha
1/6,I_15min,1,60.821224,-0.270526,32.809225,0.388889,0.077465,0.241379,0.086598,0.368421,0.061785,0.205882,47,Sub bacia do Rio Sarapuí
1/6,I_15min,2,88.375635,-0.478947,32.809225,0.388889,0.109541,0.184211,0.063790,0.368421,0.082759,0.162791,47,Sub bacia do Rio Sarapuí
1/6,I_15min,3,33.266813,-0.114211,31.351037,0.444444,0.166667,0.145455,0.053872,0.421053,0.120370,0.133333,47,Sub bacia do Rio Sarapuí
1/6,I_15min,4,65.413626,-0.166316,32.809225,0.388889,0.145390,0.145833,0.048467,0.368421,0.106481,0.132075,47,Sub bacia do Rio Sarapuí
1/6,I_15min,5,79.190832,-0.062105,18.956441,0.388889,0.141844,0.148936,0.049704,0.368421,0.104167,0.134615,47,Sub bacia do Rio Sarapuí
1/6,I_15min,6,111.337645,-0.062105,8.749127,0.500000,0.211470,0.132353,0.052182,0.473684,0.149533,0.123288,47,Sub bacia do Rio Sarapuí
1/6,I_15min,7,106.745243,-0.062105,10.936408,0.500000,0.219424,0.128571,0.050180,0.473684,0.154930,0.120000,47,Sub bacia do Rio Sarapuí
1/6,I_15min,8,152.669261,-0.062105,0.729094,0.555556,0.244604,0.128205,0.053803,0.526316,0.171362,0.120482,47,Sub bacia do Rio Sarapuí
1/6,I_15min,9,157.261663,-0.062105,4.374563,0.555556,0.233813,0.133333,0.056755,0.526316,0.164706,0.125000,47,Sub bacia do Rio Sarapuí
1/6,I_15min,10,148.076859,-0.062105,6.561845,0.555556,0.248201,0.126582,0.052869,0.526316,0.174118,0.119048,47,Sub bacia do Rio Sarapuí
1/2,I_30min,1,60.999419,-0.218421,17.807604,0.444444,0.118321,0.205128,0.080381,0.421053,0.082380,0.181818,47,Sub bacia do Rio Sarapuí
1/2,I_30min,2,193.086141,-1.000000,16.620431,0.555556,0.218391,0.149254,0.064810,0.526316,0.142529,0.138889,47,Sub bacia do Rio Sarapuí
1/2,I_30min,3,44.988907,-0.062105,9.497389,0.500000,0.215385,0.138462,0.054320,0.473684,0.141204,0.128571,47,Sub bacia do Rio Sarapuí
1/2,I_30min,4,48.991535,-0.114211,26.711406,0.333333,0.107692,0.176471,0.052489,0.315789,0.076389,0.153846,47,Sub bacia do Rio Sarapuí
1/2,I_30min,5,52.994163,-0.062105,24.930646,0.333333,0.084615,0.214286,0.065385,0.315789,0.062500,0.181818,47,Sub bacia do Rio Sarapuí
1/2,I_30min,6,65.002047,-0.062105,25.524233,0.333333,0.097276,0.193548,0.058240,0.315789,0.070093,0.166667,47,Sub bacia do Rio Sarapuí
1/2,I_30min,7,197.088769,-0.062105,8.903802,0.388889,0.128906,0.175000,0.059283,0.368421,0.089202,0.155556,47,Sub bacia do Rio Sarapuí
1/2,I_30min,8,89.017815,-0.062105,25.524233,0.333333,0.089844,0.206897,0.062769,0.315789,0.065728,0.176471,47,Sub bacia do Rio Sarapuí
1/2,I_30min,9,97.023070,-0.062105,25.524233,0.333333,0.093750,0.200000,0.060417,0.315789,0.068235,0.171429,47,Sub bacia do Rio Sarapuí
1/2,I_30min,10,97.023070,-0.062105,26.117819,0.333333,0.097656,0.193548,0.058216,0.315789,0.070588,0.166667,47,Sub bacia do Rio Sarapuí
1,I_1h,1,36.744322,-0.426842,16.579546,0.388889,0.087121,0.233333,0.082835,0.368421,0.064073,0.200000,47,Sub bacia do Rio Sarapuí
1,I_1h,2,33.970895,-0.374737,16.579546,0.388889,0.114504,0.189189,0.065149,0.368421,0.080460,0.166667,47,Sub bacia do Rio Sarapuí
1,I_1h,3,20.103761,-0.062105,8.087583,0.555556,0.245211,0.135135,0.056666,0.526316,0.159722,0.126582,47,Sub bacia do Rio Sarapuí
1,I_1h,4,97.759711,-0.114211,8.087583,0.444444,0.164751,0.156863,0.058231,0.421053,0.111111,0.142857,47,Sub bacia do Rio Sarapuí
1,I_1h,5,39.517749,-0.114211,14.962029,0.388889,0.122605,0.179487,0.061243,0.368421,0.085648,0.159091,47,Sub bacia do Rio Sarapuí
1,I_1h,6,56.158309,-0.114211,13.748892,0.444444,0.143411,0.177778,0.067681,0.421053,0.098131,0.160000,47,Sub bacia do Rio Sarapuí
1,I_1h,7,136.587686,-0.062105,7.683204,0.388889,0.105469,0.205882,0.071621,0.368421,0.075117,0.179487,47,Sub bacia do Rio Sarapuí
1,I_1h,8,136.587686,-0.062105,7.683204,0.388889,0.117188,0.189189,0.064952,0.368421,0.082160,0.166667,47,Sub bacia do Rio Sarapuí
1,I_1h,9,22.877188,-0.010000,0.404379,0.611111,0.246094,0.148649,0.068485,0.578947,0.160000,0.139241,47,Sub bacia do Rio Sarapuí
1,I_1h,10,22.877188,-0.010000,0.404379,0.611111,0.253906,0.144737,0.065992,0.578947,0.164706,0.135802,47,Sub bacia do Rio Sarapuí
2,I_2h,1,44.249062,-0.895789,8.365647,0.500000,0.152263,0.195652,0.082931,0.473684,0.096110,0.176471,47,Sub bacia do Rio Sarapuí
2,I_2h,2,35.839627,-1.000000,8.619151,0.555556,0.190871,0.178571,0.080271,0.526316,0.117241,0.163934,47,Sub bacia do Rio Sarapuí
2,I_2h,3,5.565661,-0.947895,8.619151,0.722222,0.330544,0.141304,0.068320,0.684211,0.194444,0.134021,47,Sub bacia do Rio Sarapuí
2,I_2h,4,13.975096,-0.010000,0.253504,0.555556,0.225941,0.156250,0.067193,0.526316,0.136574,0.144928,47,Sub bacia do Rio Sarapuí
2,I_2h,5,0.520000,-0.218421,8.619151,0.833333,0.410042,0.132743,0.065261,0.789474,0.238426,0.127119,47,Sub bacia do Rio Sarapuí
2,I_2h,6,0.520000,-0.062105,8.619151,0.833333,0.402542,0.136364,0.067893,0.789474,0.233645,0.130435,47,Sub bacia do Rio Sarapuí
2,I_2h,7,82.932463,-0.062105,5.070089,0.388889,0.106838,0.218750,0.075981,0.368421,0.070423,0.189189,47,Sub bacia do Rio Sarapuí
2,I_2h,8,82.932463,-0.062105,5.070089,0.388889,0.106838,0.218750,0.075981,0.368421,0.070423,0.189189,47,Sub bacia do Rio Sarapuí
2,I_2h,9,71.159254,-0.062105,5.070089,0.444444,0.141026,0.195122,0.074491,0.421053,0.089412,0.173913,47,Sub bacia do Rio Sarapuí
2,I_2h,10,45.930949,-0.218421,8.619151,0.611111,0.243590,0.161765,0.074776,0.578947,0.145882,0.150685,47,Sub bacia do Rio Sarapuí
3,I_3h,1,17.028044,-0.739474,6.518119,0.500000,0.133588,0.204545,0.088610,0.473684,0.091533,0.183673,47,Sub bacia do Rio Sarapuí
3,I_3h,2,19.409194,-0.791579,6.518119,0.555556,0.161538,0.192308,0.089579,0.526316,0.108046,0.175439,47,Sub bacia do Rio Sarapuí
3,I_3h,3,2.741149,-0.426842,6.518119,0.777778,0.286822,0.159091,0.088247,0.736842,0.182870,0.150538,47,Sub bacia do Rio Sarapuí
3,I_3h,4,2.741149,-0.426842,6.518119,0.777778,0.302326,0.152174,0.082575,0.736842,0.192130,0.144330,47,Sub bacia do Rio Sarapuí
3,I_3h,5,1.550575,-0.739474,6.709828,0.833333,0.337209,0.147059,0.081224,0.789474,0.212963,0.140187,47,Sub bacia do Rio Sarapuí
3,I_3h,6,1.550575,-0.739474,6.709828,0.833333,0.337255,0.148515,0.082023,0.789474,0.212617,0.141509,47,Sub bacia do Rio Sarapuí
3,I_3h,7,1.550575,-0.739474,6.709828,0.833333,0.335968,0.150000,0.083004,0.789474,0.211268,0.142857,47,Sub bacia do Rio Sarapuí
3,I_3h,8,1.550575,-0.374737,6.709828,0.833333,0.335968,0.150000,0.083004,0.789474,0.211268,0.142857,47,Sub bacia do Rio Sarapuí
3,I_3h,9,1.550575,-0.531053,6.709828,0.833333,0.339921,0.148515,0.081693,0.789474,0.214118,0.141509,47,Sub bacia do Rio Sarapuí
3,I_3h,10,2.741149,-0.218421,6.709828,0.833333,0.324111,0.154639,0.087099,0.789474,0.204706,0.147059,47,Sub bacia do Rio Sarapuí
6,I_6h,1,7.057223,-1.000000,4.086007,0.611111,0.181416,0.211538,0.105821,0.578947,0.105263,0.192982,47,Sub bacia do Rio Sarapuí
6,I_6h,2,6.375200,-1.000000,4.086007,0.666667,0.205357,0.206897,0.109606,0.631579,0.117241,0.190476,47,Sub bacia do Rio Sarapuí
6,I_6h,3,5.693177,-0.947895,4.086007,0.666667,0.234234,0.187500,0.095721,0.631579,0.131944,0.173913,47,Sub bacia do Rio Sarapuí
6,I_6h,4,5.693177,-0.583158,4.086007,0.666667,0.238739,0.184615,0.093694,0.631579,0.134259,0.171429,47,Sub bacia do Rio Sarapuí
6,I_6h,5,2.283060,-0.010000,2.283357,0.833333,0.346847,0.163043,0.088744,0.789474,0.189815,0.154639,47,Sub bacia do Rio Sarapuí
6,I_6h,6,6.375200,-0.062105,3.605301,0.555556,0.168950,0.212766,0.098233,0.526316,0.098131,0.192308,47,Sub bacia do Rio Sarapuí
6,I_6h,7,6.375200,-0.062105,3.605301,0.555556,0.175115,0.208333,0.095473,0.526316,0.100939,0.188679,47,Sub bacia do Rio Sarapuí
6,I_6h,8,0.236990,-0.010000,3.845654,0.888889,0.382488,0.161616,0.088711,0.842105,0.206573,0.153846,47,Sub bacia do Rio Sarapuí
6,I_6h,9,0.236990,-0.010000,3.845654,0.888889,0.382488,0.161616,0.088711,0.842105,0.207059,0.153846,47,Sub bacia do Rio Sarapuí
6,I_6h,10,0.919013,-0.062105,3.965831,0.833333,0.331797,0.172414,0.096006,0.789474,0.181176,0.163043,47,Sub bacia do Rio Sarapuí
8,I_8h,1,3.934585,-1.000000,4.736972,0.444444,0.080808,0.333333,0.136177,0.421053,0.048055,0.275862,47,Sub bacia do Rio Sarapuí
8,I_8h,2,3.401787,-1.000000,4.736972,0.444444,0.091837,0.307692,0.124193,0.421053,0.052874,0.258065,47,Sub bacia do Rio Sarapuí
8,I_8h,3,3.401787,-1.000000,4.736972,0.444444,0.103093,0.285714,0.113893,0.421053,0.057870,0.242424,47,Sub bacia do Rio Sarapuí
8,I_8h,4,3.401787,-0.374737,4.736972,0.444444,0.108247,0.275862,0.109334,0.421053,0.060185,0.235294,47,Sub bacia do Rio Sarapuí
8,I_8h,5,3.934585,-0.374737,4.736972,0.444444,0.108247,0.275862,0.109334,0.421053,0.060185,0.235294,47,Sub bacia do Rio Sarapuí
8,I_8h,6,2.868988,-0.114211,4.736972,0.444444,0.109948,0.275862,0.109125,0.421053,0.060748,0.235294,47,Sub bacia do Rio Sarapuí
8,I_8h,7,2.868988,-0.114211,4.736972,0.444444,0.116402,0.266667,0.104723,0.421053,0.063380,0.228571,47,Sub bacia do Rio Sarapuí
8,I_8h,8,2.868988,-0.114211,4.736972,0.444444,0.121693,0.258065,0.100738,0.421053,0.065728,0.222222,47,Sub bacia do Rio Sarapuí
8,I_8h,9,2.868988,-0.114211,4.736972,0.444444,0.121693,0.258065,0.100738,0.421053,0.065882,0.222222,47,Sub bacia do Rio Sarapuí
8,I_8h,10,2.868988,-0.114211,4.736972,0.444444,0.121693,0.258065,0.100738,0.421053,0.065882,0.222222,47,Sub bacia do Rio Sarapuí
10,I_10h,1,3.180695,-0.062105,3.892317,0.333333,0.039216,0.428571,0.137255,0.315789,0.029748,0.315789,47,Sub bacia do Rio Sarapuí
10,I_10h,2,3.180695,-0.322632,3.892317,0.388889,0.069307,0.333333,0.120645,0.368421,0.043678,0.269231,47,Sub bacia do Rio Sarapuí
10,I_10h,3,3.180695,-1.000000,3.892317,0.444444,0.110000,0.266667,0.105481,0.421053,0.062500,0.228571,47,Sub bacia do Rio Sarapuí
10,I_10h,4,1.887825,-0.218421,3.892317,0.444444,0.110000,0.266667,0.105481,0.421053,0.062500,0.228571,47,Sub bacia do Rio Sarapuí
10,I_10h,5,3.180695,-0.322632,3.892317,0.444444,0.110000,0.266667,0.105481,0.421053,0.062500,0.228571,47,Sub bacia do Rio Sarapuí
10,I_10h,6,3.180695,-0.062105,3.892317,0.388889,0.086294,0.291667,0.103638,0.368421,0.051402,0.241379,47,Sub bacia do Rio Sarapuí
10,I_10h,7,3.180695,-0.062105,3.892317,0.388889,0.087179,0.291667,0.103538,0.368421,0.051643,0.241379,47,Sub bacia do Rio Sarapuí
10,I_10h,8,1.887825,-0.010000,3.097967,0.444444,0.117949,0.258065,0.101167,0.421053,0.065728,0.222222,47,Sub bacia do Rio Sarapuí
10,I_10h,9,2.318782,-0.062105,3.892317,0.444444,0.112821,0.266667,0.105147,0.421053,0.063529,0.228571,47,Sub bacia do Rio Sarapuí
10,I_10h,10,3.180695,-0.062105,3.654012,0.444444,0.107692,0.275862,0.109402,0.421053,0.061176,0.235294,47,Sub bacia do Rio Sarapuí
12,I_12h,1,3.009710,-0.583158,2.746569,0.500000,0.113744,0.272727,0.120853,0.473684,0.066362,0.236842,47,Sub bacia do Rio Sarapuí
12,I_12h,2,1.932318,-0.947895,3.282485,0.444444,0.100478,0.275862,0.110286,0.421053,0.059770,0.235294,47,Sub bacia do Rio Sarapuí
12,I_12h,3,1.573187,-0.895789,3.282485,0.444444,0.111111,0.258065,0.101951,0.421053,0.064815,0.222222,47,Sub bacia do Rio Sarapuí
12,I_12h,4,1.573187,-0.218421,3.215495,0.444444,0.111111,0.258065,0.101951,0.421053,0.064815,0.222222,47,Sub bacia do Rio Sarapuí
12,I_12h,5,2.291449,-0.218421,3.282485,0.444444,0.115942,0.250000,0.098229,0.421053,0.067130,0.216216,47,Sub bacia do Rio Sarapuí
12,I_12h,6,3.727971,-0.010000,1.339790,0.388889,0.083333,0.291667,0.103974,0.368421,0.051402,0.241379,47,Sub bacia do Rio Sarapuí
12,I_12h,7,3.727971,-0.010000,1.339790,0.388889,0.084158,0.291667,0.103880,0.368421,0.051643,0.241379,47,Sub bacia do Rio Sarapuí
12,I_12h,8,3.727971,-0.010000,1.339790,0.388889,0.089109,0.280000,0.099186,0.368421,0.053991,0.233333,47,Sub bacia do Rio Sarapuí
12,I_12h,9,1.932318,-0.062105,3.282485,0.444444,0.113861,0.258065,0.101636,0.421053,0.065882,0.222222,47,Sub bacia do Rio Sarapuí
12,I_12h,10,1.932318,-0.062105,3.282485,0.444444,0.113861,0.258065,0.101636,0.421053,0.065882,0.222222,47,Sub bacia do Rio Sarapuí
24,I_24h,1,1.544804,-0.583158,1.364107,0.555556,0.146552,0.227273,0.107759,0.526316,0.093750,0.204082,47,Sub bacia do Rio Sarapuí
24,I_24h,2,0.822402,-1.000000,1.758981,0.444444,0.112554,0.235294,0.092805,0.421053,0.072464,0.210526,47,Sub bacia do Rio Sarapuí
24,I_24h,3,0.641801,-1.000000,1.758981,0.444444,0.122271,0.222222,0.086689,0.421053,0.077859,0.200000,47,Sub bacia do Rio Sarapuí
24,I_24h,4,1.183603,-0.478947,1.758981,0.444444,0.117904,0.228571,0.089610,0.421053,0.075426,0.205128,47,Sub bacia do Rio Sarapuí
24,I_24h,5,1.544804,-0.010000,1.184620,0.333333,0.065502,0.285714,0.089000,0.315789,0.046229,0.240000,47,Sub bacia do Rio Sarapuí
24,I_24h,6,7.865820,-0.062105,1.220517,0.333333,0.062222,0.300000,0.093778,0.315789,0.044226,0.250000,47,Sub bacia do Rio Sarapuí
24,I_24h,7,3.350808,-0.062105,1.758981,0.333333,0.053812,0.333333,0.105132,0.315789,0.039506,0.272727,47,Sub bacia do Rio Sarapuí
24,I_24h,8,6.782217,-0.062105,1.220517,0.388889,0.085202,0.269231,0.095780,0.368421,0.056790,0.233333,47,Sub bacia do Rio Sarapuí
24,I_24h,9,0.280600,-0.010000,1.758981,0.444444,0.121076,0.228571,0.089287,0.421053,0.076543,0.205128,47,Sub bacia do Rio Sarapuí
24,I_24h,10,0.280600,-0.010000,1.758981,0.444444,0.121076,0.228571,0.089287,0.421053,0.076543,0.205128,47,Sub bacia do Rio Sarapuí
1/6,I_15min,1,19.873551,-0.166316,21.141083,0.606061,0.277628,0.162602,0.071187,0.594595,0.228814,0.169231,48,Sub bacia do Rio Ramos
1/6,I_15min,2,19.873551,-0.114211,17.617570,0.727273,0.344173,0.158940,0.075809,0.702703,0.280851,0.164557,48,Sub bacia do Rio Ramos
1/6,I_15min,3,24.641938,-0.166316,18.322272,0.727273,0.349727,0.157895,0.074673,0.702703,0.286022,0.163522,48,Sub bacia do Rio Ramos
1/6,I_15min,4,24.641938,-0.062105,18.322272,0.666667,0.315068,0.160584,0.073326,0.648649,0.258621,0.166667,48,Sub bacia do Rio Ramos
1/6,I_15min,5,24.641938,-0.062105,18.322272,0.666667,0.328767,0.154930,0.069329,0.648649,0.269397,0.161074,48,Sub bacia do Rio Ramos
1/6,I_15min,6,24.641938,-0.062105,18.322272,0.696970,0.341598,0.156463,0.071799,0.675676,0.279826,0.162338,48,Sub bacia do Rio Ramos
1/6,I_15min,7,24.641938,-0.062105,18.322272,0.696970,0.350829,0.153333,0.069376,0.675676,0.287582,0.159236,48,Sub bacia do Rio Ramos
1/6,I_15min,8,29.410326,-0.166316,25.369300,0.606061,0.298343,0.156250,0.066445,0.594595,0.246187,0.162963,48,Sub bacia do Rio Ramos
1/6,I_15min,9,19.873551,-0.062105,21.845786,0.666667,0.337017,0.152778,0.067526,0.648649,0.277293,0.158940,48,Sub bacia do Rio Ramos
1/6,I_15min,10,77.094203,-0.166316,21.141083,0.636364,0.306630,0.159091,0.070197,0.621622,0.253275,0.165468,48,Sub bacia do Rio Ramos
1/2,I_30min,1,52.710922,-0.062105,15.630282,0.242424,0.040698,0.363636,0.084567,0.270270,0.040254,0.344828,48,Sub bacia do Rio Ramos
1/2,I_30min,2,13.758278,-0.374737,17.366980,0.696970,0.336257,0.166667,0.077101,0.675676,0.255319,0.172414,48,Sub bacia do Rio Ramos
1/2,I_30min,3,18.086350,-0.374737,17.366980,0.666667,0.345133,0.158273,0.069099,0.648649,0.262366,0.164384,48,Sub bacia do Rio Ramos
1/2,I_30min,4,35.398636,-0.478947,17.366980,0.636364,0.315634,0.164062,0.071450,0.621622,0.239224,0.171642,48,Sub bacia do Rio Ramos
1/2,I_30min,5,57.038993,-0.062105,15.630282,0.363636,0.123894,0.222222,0.070796,0.378378,0.099138,0.233333,48,Sub bacia do Rio Ramos
1/2,I_30min,6,31.070564,-0.062105,21.419275,0.393939,0.142433,0.213115,0.071996,0.405405,0.112798,0.223881,48,Sub bacia do Rio Ramos
1/2,I_30min,7,57.038993,-0.114211,17.366980,0.515152,0.241071,0.173469,0.067820,0.513514,0.185185,0.182692,48,Sub bacia do Rio Ramos
1/2,I_30min,8,130.616209,-0.062105,28.366067,0.151515,0.014881,0.500000,0.074630,0.189189,0.019608,0.437500,48,Sub bacia do Rio Ramos
1/2,I_30min,9,61.367065,-0.062105,16.209181,0.393939,0.142857,0.213115,0.071961,0.405405,0.113537,0.223881,48,Sub bacia do Rio Ramos
1/2,I_30min,10,212.849567,-0.062105,26.629369,0.181818,0.017857,0.500000,0.089286,0.216216,0.021834,0.444444,48,Sub bacia do Rio Ramos
1,I_1h,1,24.572047,-0.010000,2.924922,0.411765,0.094675,0.304348,0.113455,0.405405,0.078390,0.288462,48,Sub bacia do Rio Ramos
1,I_1h,2,24.572047,-0.010000,2.924922,0.411765,0.104167,0.285714,0.105392,0.405405,0.085106,0.272727,48,Sub bacia do Rio Ramos
1,I_1h,3,24.572047,-0.010000,2.924922,0.411765,0.108108,0.280000,0.102830,0.405405,0.088172,0.267857,48,Sub bacia do Rio Ramos
1,I_1h,4,15.570001,-0.062105,11.281843,0.588235,0.204204,0.227273,0.106390,0.567568,0.155172,0.225806,48,Sub bacia do Rio Ramos
1,I_1h,5,12.569319,-0.062105,14.624611,0.529412,0.174174,0.236842,0.103548,0.513514,0.133621,0.234568,48,Sub bacia do Rio Ramos
1,I_1h,6,21.571365,-0.010000,5.431999,0.441176,0.123867,0.267857,0.103535,0.432432,0.097614,0.262295,48,Sub bacia do Rio Ramos
1,I_1h,7,18.570683,-0.062105,16.713842,0.441176,0.115152,0.283019,0.110483,0.432432,0.091503,0.275862,48,Sub bacia do Rio Ramos
1,I_1h,8,21.571365,-0.062105,16.713842,0.441176,0.103030,0.306122,0.121139,0.432432,0.082789,0.296296,48,Sub bacia do Rio Ramos
1,I_1h,9,21.571365,-0.062105,16.713842,0.441176,0.106061,0.300000,0.118316,0.432432,0.085153,0.290909,48,Sub bacia do Rio Ramos
1,I_1h,10,21.571365,-0.062105,16.713842,0.441176,0.106061,0.300000,0.118316,0.432432,0.085153,0.290909,48,Sub bacia do Rio Ramos
2,I_2h,1,13.889130,-0.010000,4.680980,0.333333,0.072727,0.314286,0.097143,0.351351,0.061441,0.309524,48,Sub bacia do Rio Ramos
2,I_2h,2,13.889130,-0.010000,4.680980,0.333333,0.082317,0.289474,0.088548,0.351351,0.068085,0.288889,48,Sub bacia do Rio Ramos
2,I_2h,3,7.898043,-0.114211,10.101063,0.393939,0.120370,0.250000,0.086630,0.405405,0.094624,0.254237,48,Sub bacia do Rio Ramos
2,I_2h,4,7.898043,-0.114211,10.101063,0.424242,0.135802,0.241379,0.088497,0.432432,0.103448,0.250000,48,Sub bacia do Rio Ramos
2,I_2h,5,7.898043,-0.062105,12.072002,0.363636,0.092593,0.285714,0.094276,0.378378,0.073276,0.291667,48,Sub bacia do Rio Ramos
2,I_2h,6,9.395815,-0.062105,12.072002,0.363636,0.096273,0.279070,0.091710,0.378378,0.075922,0.285714,48,Sub bacia do Rio Ramos
2,I_2h,7,9.395815,-0.114211,11.579267,0.424242,0.125000,0.259259,0.096240,0.432432,0.095861,0.266667,48,Sub bacia do Rio Ramos
2,I_2h,8,13.889130,-0.010000,6.159185,0.333333,0.078125,0.305556,0.093895,0.351351,0.063181,0.309524,48,Sub bacia do Rio Ramos
2,I_2h,9,12.391358,-0.114211,10.101063,0.454545,0.147335,0.241935,0.093768,0.459459,0.111354,0.250000,48,Sub bacia do Rio Ramos
2,I_2h,10,9.395815,-0.062105,12.072002,0.393939,0.103448,0.282609,0.099814,0.405405,0.080786,0.288462,48,Sub bacia do Rio Ramos
3,I_3h,1,11.516444,-0.010000,1.990944,0.333333,0.069638,0.305556,0.094759,0.351351,0.063559,0.302326,48,Sub bacia do Rio Ramos
3,I_3h,2,9.025382,-0.010000,4.524872,0.333333,0.072829,0.297297,0.091882,0.351351,0.065957,0.295455,48,Sub bacia do Rio Ramos
3,I_3h,3,9.025382,-0.010000,4.524872,0.333333,0.076487,0.289474,0.089111,0.351351,0.068817,0.288889,48,Sub bacia do Rio Ramos
3,I_3h,4,9.025382,-0.010000,4.524872,0.333333,0.079545,0.282051,0.086538,0.351351,0.071121,0.282609,48,Sub bacia do Rio Ramos
3,I_3h,5,9.025382,-0.010000,4.886862,0.333333,0.079545,0.282051,0.086538,0.351351,0.071121,0.282609,48,Sub bacia do Rio Ramos
3,I_3h,6,9.025382,-0.010000,5.067857,0.333333,0.071429,0.305556,0.094577,0.351351,0.065076,0.302326,48,Sub bacia do Rio Ramos
3,I_3h,7,9.025382,-0.010000,5.067857,0.333333,0.074713,0.297297,0.091695,0.351351,0.067538,0.295455,48,Sub bacia do Rio Ramos
3,I_3h,8,9.025382,-0.010000,5.067857,0.333333,0.074713,0.297297,0.091695,0.351351,0.067538,0.295455,48,Sub bacia do Rio Ramos
3,I_3h,9,6.534321,-0.114211,7.601786,0.454545,0.144092,0.230769,0.089781,0.459459,0.120087,0.236111,48,Sub bacia do Rio Ramos
3,I_3h,10,10.270913,-0.010000,4.886862,0.303030,0.057637,0.333333,0.095188,0.324324,0.054585,0.324324,48,Sub bacia do Rio Ramos
6,I_6h,1,0.852780,-0.218421,3.444252,0.625000,0.281579,0.157480,0.070711,0.621622,0.237288,0.170370,48,Sub bacia do Rio Ramos
6,I_6h,2,0.852780,-0.322632,3.444252,0.625000,0.293651,0.152672,0.067400,0.621622,0.246809,0.165468,48,Sub bacia do Rio Ramos
6,I_6h,3,0.852780,-0.478947,3.739474,0.593750,0.278075,0.154472,0.066213,0.594595,0.234409,0.167939,48,Sub bacia do Rio Ramos
6,I_6h,4,0.852780,-0.322632,3.739474,0.625000,0.284182,0.158730,0.071014,0.621622,0.239224,0.171642,48,Sub bacia do Rio Ramos
6,I_6h,5,0.852780,-0.322632,3.739474,0.625000,0.292225,0.155039,0.068583,0.621622,0.245690,0.167883,48,Sub bacia do Rio Ramos
6,I_6h,6,0.852780,-0.114211,3.739474,0.593750,0.264151,0.162393,0.070951,0.594595,0.223427,0.176000,48,Sub bacia do Rio Ramos
6,I_6h,7,3.572455,-0.114211,3.641067,0.500000,0.189702,0.186047,0.075377,0.513514,0.163399,0.202128,48,Sub bacia do Rio Ramos
6,I_6h,8,0.852780,-0.218421,3.739474,0.625000,0.287263,0.158730,0.070708,0.621622,0.241830,0.171642,48,Sub bacia do Rio Ramos
6,I_6h,9,0.172861,-1.000000,4.329917,0.531250,0.225543,0.170000,0.069943,0.540541,0.192140,0.185185,48,Sub bacia do Rio Ramos
6,I_6h,10,0.852780,-0.010000,3.739474,0.531250,0.220109,0.173469,0.071871,0.540541,0.187773,0.188679,48,Sub bacia do Rio Ramos
8,I_8h,1,0.142500,-0.010000,3.084870,0.593750,0.275000,0.161017,0.069313,0.594595,0.220339,0.174603,48,Sub bacia do Rio Ramos
8,I_8h,2,0.142500,-0.010000,3.084870,0.593750,0.270950,0.163793,0.070902,0.594595,0.217021,0.177419,48,Sub bacia do Rio Ramos
8,I_8h,3,0.142500,-0.062105,3.161992,0.593750,0.271186,0.165217,0.071495,0.594595,0.217204,0.178862,48,Sub bacia do Rio Ramos
8,I_8h,4,0.670911,-0.166316,3.084870,0.593750,0.263456,0.169643,0.074189,0.594595,0.211207,0.183333,48,Sub bacia do Rio Ramos
8,I_8h,5,0.670911,-0.166316,3.084870,0.593750,0.266289,0.168142,0.073249,0.594595,0.213362,0.181818,48,Sub bacia do Rio Ramos
8,I_8h,6,1.199322,-0.062105,2.545018,0.656250,0.286932,0.172131,0.080549,0.648649,0.227766,0.186047,48,Sub bacia do Rio Ramos
8,I_8h,7,1.199322,-0.062105,2.545018,0.656250,0.285714,0.173554,0.081353,0.648649,0.226580,0.187500,48,Sub bacia do Rio Ramos
8,I_8h,8,1.199322,-0.062105,2.545018,0.656250,0.297143,0.168000,0.077490,0.648649,0.235294,0.181818,48,Sub bacia do Rio Ramos
8,I_8h,9,1.199322,-0.010000,2.390775,0.593750,0.252149,0.177570,0.078848,0.594595,0.200873,0.192982,48,Sub bacia do Rio Ramos
8,I_8h,10,1.199322,-0.010000,2.390775,0.593750,0.257880,0.174312,0.076808,0.594595,0.205240,0.189655,48,Sub bacia do Rio Ramos
10,I_10h,1,0.114000,-1.000000,2.342130,0.656250,0.324397,0.147887,0.065568,0.648649,0.266949,0.160000,48,Sub bacia do Rio Ramos
10,I_10h,2,0.114000,-1.000000,2.342130,0.656250,0.320755,0.150000,0.066863,0.648649,0.263830,0.162162,48,Sub bacia do Rio Ramos
10,I_10h,3,0.537991,-0.583158,2.342130,0.625000,0.286104,0.160000,0.071390,0.621622,0.236559,0.172932,48,Sub bacia do Rio Ramos
10,I_10h,4,0.537991,-0.322632,2.278830,0.656250,0.297814,0.161538,0.074438,0.648649,0.245690,0.173913,48,Sub bacia do Rio Ramos
10,I_10h,5,0.537991,-0.218421,2.278830,0.656250,0.303279,0.159091,0.072740,0.648649,0.250000,0.171429,48,Sub bacia do Rio Ramos
10,I_10h,6,0.961981,-0.062105,2.025626,0.656250,0.282192,0.169355,0.079777,0.648649,0.232104,0.183206,48,Sub bacia do Rio Ramos
10,I_10h,7,0.961981,-0.062105,2.088927,0.656250,0.278237,0.172131,0.081531,0.648649,0.228758,0.186047,48,Sub bacia do Rio Ramos
10,I_10h,8,0.961981,-0.062105,2.088927,0.656250,0.286501,0.168000,0.078663,0.648649,0.235294,0.181818,48,Sub bacia do Rio Ramos
10,I_10h,9,0.961981,-0.062105,2.088927,0.656250,0.287293,0.168000,0.078576,0.648649,0.235808,0.181818,48,Sub bacia do Rio Ramos
10,I_10h,10,1.385972,-0.010000,1.645821,0.593750,0.245856,0.175926,0.078775,0.594595,0.203057,0.191304,48,Sub bacia do Rio Ramos
12,I_12h,1,0.454166,-0.010000,1.703266,0.593750,0.289817,0.146154,0.061629,0.594595,0.245763,0.159420,48,Sub bacia do Rio Ramos
12,I_12h,2,0.100000,-0.895789,2.022628,0.625000,0.299213,0.149254,0.065372,0.621622,0.253191,0.161972,48,Sub bacia do Rio Ramos
12,I_12h,3,0.454166,-0.374737,2.022628,0.593750,0.270557,0.157025,0.068009,0.594595,0.230108,0.170543,48,Sub bacia do Rio Ramos
12,I_12h,4,0.454166,-0.270526,2.022628,0.625000,0.279255,0.160000,0.072074,0.621622,0.237069,0.172932,48,Sub bacia do Rio Ramos
12,I_12h,5,0.454166,-0.114211,1.969401,0.625000,0.281915,0.158730,0.071239,0.621622,0.239224,0.171642,48,Sub bacia do Rio Ramos
12,I_12h,6,0.808332,-0.062105,1.703266,0.656250,0.282667,0.165354,0.077841,0.648649,0.238612,0.179104,48,Sub bacia do Rio Ramos
12,I_12h,7,0.808332,-0.062105,1.703266,0.656250,0.281501,0.166667,0.078586,0.648649,0.237473,0.180451,48,Sub bacia do Rio Ramos
12,I_12h,8,0.454166,-0.062105,2.075855,0.593750,0.246649,0.171171,0.076565,0.594595,0.209150,0.186441,48,Sub bacia do Rio Ramos
12,I_12h,9,1.162499,-0.010000,1.330676,0.593750,0.250000,0.169643,0.075544,0.594595,0.211790,0.184874,48,Sub bacia do Rio Ramos
12,I_12h,10,1.162499,-0.010000,1.330676,0.593750,0.250000,0.169643,0.075544,0.594595,0.211790,0.184874,48,Sub bacia do Rio Ramos
24,I_24h,1,0.100000,-0.010000,0.921774,0.677419,0.337563,0.136364,0.061193,0.675676,0.308036,0.153374,48,Sub bacia do Rio Ramos
24,I_24h,2,0.100000,-1.000000,0.949707,0.709677,0.344388,0.140127,0.065198,0.702703,0.313901,0.156627,48,Sub bacia do Rio Ramos
24,I_24h,3,0.100000,-0.374737,0.977640,0.677419,0.322165,0.143836,0.066046,0.675676,0.294785,0.161290,48,Sub bacia do Rio Ramos
24,I_24h,4,0.276068,-0.166316,0.977640,0.645161,0.288660,0.151515,0.069535,0.648649,0.265306,0.170213,48,Sub bacia do Rio Ramos
24,I_24h,5,0.276068,-0.166316,0.977640,0.645161,0.296392,0.148148,0.067250,0.648649,0.272109,0.166667,48,Sub bacia do Rio Ramos
24,I_24h,6,0.276068,-0.114211,0.977640,0.645161,0.285714,0.153846,0.070897,0.648649,0.262557,0.172662,48,Sub bacia do Rio Ramos
24,I_24h,7,0.276068,-0.114211,0.977640,0.645161,0.284595,0.155039,0.071558,0.648649,0.261468,0.173913,48,Sub bacia do Rio Ramos
24,I_24h,8,0.276068,-0.114211,0.977640,0.645161,0.287206,0.153846,0.070749,0.648649,0.263761,0.172662,48,Sub bacia do Rio Ramos
24,I_24h,9,0.276068,-0.114211,0.977640,0.645161,0.287206,0.153846,0.070749,0.648649,0.263761,0.172662,48,Sub bacia do Rio Ramos
24,I_24h,10,0.452136,-0.010000,0.782112,0.612903,0.261097,0.159664,0.072308,0.621622,0.240826,0.179688,48,Sub bacia do Rio Ramos
1/6,I_15min,1,5.810248,-0.114211,28.593473,0.490196,0.239024,0.433526,0.161717,0.482143,0.207585,0.437838,49,Sub bacia do Canal do Cunha
1/6,I_15min,2,20.776988,-0.010000,13.944708,0.467105,0.227384,0.432927,0.156240,0.461078,0.198000,0.437500,49,Sub bacia do Canal do Cunha
1/6,I_15min,3,15.788075,-0.218421,18.592944,0.677632,0.387654,0.396154,0.164382,0.652695,0.328629,0.400735,49,Sub bacia do Canal do Cunha
1/6,I_15min,4,15.788075,-0.062105,17.928910,0.605263,0.341584,0.400000,0.159406,0.586826,0.289474,0.406639,49,Sub bacia do Canal do Cunha
1/6,I_15min,5,5.810248,-0.114211,26.561349,0.559211,0.316832,0.399061,0.152455,0.544910,0.269231,0.406250,49,Sub bacia do Canal do Cunha
1/6,I_15min,6,20.776988,-0.010000,13.269529,0.520000,0.283582,0.406250,0.151343,0.509091,0.241870,0.413793,49,Sub bacia do Canal do Cunha
1/6,I_15min,7,20.776988,-0.010000,13.269529,0.540000,0.290000,0.411168,0.157642,0.527273,0.246939,0.418269,49,Sub bacia do Canal do Cunha
1/6,I_15min,8,10.799161,-0.426842,23.885152,0.646667,0.384422,0.388000,0.154453,0.624242,0.324435,0.394636,49,Sub bacia do Canal do Cunha
1/6,I_15min,9,0.821335,-0.114211,31.846870,0.506667,0.270202,0.415301,0.153563,0.496970,0.230928,0.422680,49,Sub bacia do Canal do Cunha
1/6,I_15min,10,0.821335,-0.114211,31.846870,0.506667,0.270202,0.415301,0.153563,0.496970,0.230928,0.422680,49,Sub bacia do Canal do Cunha
1/2,I_30min,1,0.680862,-0.010000,23.200806,0.490196,0.253659,0.418994,0.153291,0.482143,0.219561,0.424084,49,Sub bacia do Canal do Cunha
1/2,I_30min,2,0.680862,-0.010000,23.172596,0.493421,0.256724,0.416667,0.152812,0.485030,0.222000,0.421875,49,Sub bacia do Canal do Cunha
1/2,I_30min,3,0.680862,-0.010000,23.172596,0.493421,0.256790,0.418994,0.153652,0.485030,0.221774,0.424084,49,Sub bacia do Canal do Cunha
1/2,I_30min,4,127.335219,-0.843684,13.601306,0.618421,0.351485,0.398305,0.159742,0.598802,0.297571,0.404858,49,Sub bacia do Canal do Cunha
1/2,I_30min,5,0.680862,-0.010000,23.172596,0.493421,0.259901,0.416667,0.152159,0.485030,0.222672,0.424084,49,Sub bacia do Canal do Cunha
1/2,I_30min,6,0.680862,-0.010000,23.127842,0.493333,0.258706,0.415730,0.152035,0.484848,0.221545,0.423280,49,Sub bacia do Canal do Cunha
1/2,I_30min,7,23.708927,-0.010000,0.000000,0.640000,0.380000,0.387097,0.153600,0.618182,0.320408,0.393822,49,Sub bacia do Canal do Cunha
1/2,I_30min,8,4.518873,-0.114211,19.105608,0.600000,0.346734,0.394737,0.154721,0.581818,0.293634,0.401674,49,Sub bacia do Canal do Cunha
1/2,I_30min,9,4.518873,-0.114211,19.105608,0.600000,0.348485,0.394737,0.154306,0.581818,0.294845,0.401674,49,Sub bacia do Canal do Cunha
1/2,I_30min,10,23.708927,-0.010000,0.000000,0.660000,0.398990,0.385214,0.152802,0.636364,0.336082,0.391791,49,Sub bacia do Canal do Cunha
1,I_1h,1,10.464013,-0.374737,9.650300,0.506579,0.275689,0.411765,0.151085,0.500000,0.231537,0.420000,49,Sub bacia do Canal do Cunha
1,I_1h,2,10.464013,-0.270526,9.635175,0.562914,0.301508,0.414634,0.163030,0.550898,0.252000,0.422018,49,Sub bacia do Canal do Cunha
1,I_1h,3,10.464013,-0.426842,9.302928,0.642384,0.390863,0.386454,0.151220,0.622754,0.322581,0.393939,49,Sub bacia do Canal do Cunha
1,I_1h,4,104.775301,-0.895789,9.635175,0.596026,0.320611,0.416667,0.168723,0.580838,0.265182,0.425439,49,Sub bacia do Canal do Cunha
1,I_1h,5,15.427765,-0.010000,0.000000,0.582781,0.343511,0.394619,0.150977,0.568862,0.283401,0.404255,49,Sub bacia do Canal do Cunha
1,I_1h,6,10.464013,-0.270526,9.602125,0.684564,0.418367,0.383459,0.152680,0.660606,0.343496,0.392086,49,Sub bacia do Canal do Cunha
1,I_1h,7,15.427765,-0.010000,0.331108,0.597315,0.351282,0.393805,0.152595,0.581818,0.289796,0.403361,49,Sub bacia do Canal do Cunha
1,I_1h,8,5.500261,-0.062105,9.602125,0.657718,0.402062,0.385827,0.151736,0.636364,0.330595,0.394737,49,Sub bacia do Canal do Cunha
1,I_1h,9,15.427765,-0.010000,0.331108,0.610738,0.365285,0.392241,0.152050,0.593939,0.301031,0.401639,49,Sub bacia do Canal do Cunha
1,I_1h,10,15.427765,-0.010000,0.331108,0.617450,0.373057,0.389831,0.150906,0.600000,0.307216,0.399194,49,Sub bacia do Canal do Cunha
2,I_2h,1,4.443516,-0.062105,4.973429,0.562914,0.292162,0.408654,0.162829,0.553571,0.257485,0.418919,49,Sub bacia do Canal do Cunha
2,I_2h,2,9.914128,-0.635263,5.366346,0.566667,0.309524,0.395349,0.154688,0.556886,0.272000,0.406114,49,Sub bacia do Canal do Cunha
2,I_2h,3,5.811169,-0.010000,3.577564,0.513333,0.264423,0.411765,0.155481,0.508982,0.233871,0.422886,49,Sub bacia do Canal do Cunha
2,I_2h,4,7.178822,-0.062105,6.161360,0.413333,0.168675,0.469697,0.161395,0.419162,0.151822,0.482759,49,Sub bacia do Canal do Cunha
2,I_2h,5,5.811169,-0.010000,3.577564,0.540000,0.281928,0.409091,0.158629,0.532934,0.246964,0.421801,49,Sub bacia do Canal do Cunha
2,I_2h,6,4.443516,-0.062105,5.339084,0.635135,0.369565,0.380567,0.152383,0.618182,0.319106,0.393822,49,Sub bacia do Canal do Cunha
2,I_2h,7,4.443516,-0.062105,5.339084,0.655405,0.378641,0.383399,0.156136,0.636364,0.326531,0.396226,49,Sub bacia do Canal do Cunha
2,I_2h,8,4.443516,-0.062105,5.339084,0.668919,0.388753,0.383721,0.156894,0.648485,0.334702,0.396296,49,Sub bacia do Canal do Cunha
2,I_2h,9,5.811169,-0.062105,5.339084,0.635135,0.361179,0.390041,0.158254,0.618182,0.311340,0.403162,49,Sub bacia do Canal do Cunha
2,I_2h,10,5.811169,-0.062105,5.339084,0.635135,0.363636,0.388430,0.156994,0.618182,0.313402,0.401575,49,Sub bacia do Canal do Cunha
3,I_3h,1,4.343613,-0.270526,4.060379,0.526667,0.257075,0.420213,0.164418,0.523810,0.229541,0.433498,49,Sub bacia do Canal do Cunha
3,I_3h,2,6.380573,-0.166316,3.618549,0.536913,0.257683,0.423280,0.168702,0.532934,0.230000,0.436275,49,Sub bacia do Canal do Cunha
3,I_3h,3,3.325133,-0.114211,5.644937,0.402685,0.157143,0.476190,0.161622,0.413174,0.145161,0.489362,49,Sub bacia do Canal do Cunha
3,I_3h,4,2.306654,-0.062105,5.789679,0.436242,0.171838,0.474453,0.171410,0.443114,0.155870,0.490066,49,Sub bacia do Canal do Cunha
3,I_3h,5,4.343613,-0.062105,5.644937,0.389262,0.145585,0.487395,0.162103,0.401198,0.133603,0.503759,49,Sub bacia do Canal do Cunha
3,I_3h,6,4.343613,-0.010000,3.166283,0.469388,0.215311,0.433962,0.159838,0.472727,0.191057,0.453488,49,Sub bacia do Canal do Cunha
3,I_3h,7,4.343613,-0.010000,3.166283,0.469388,0.221154,0.428571,0.156678,0.472727,0.195918,0.448276,49,Sub bacia do Canal do Cunha
3,I_3h,8,4.343613,-0.010000,3.166283,0.482993,0.225182,0.432927,0.162015,0.484848,0.199179,0.451977,49,Sub bacia do Canal do Cunha
3,I_3h,9,4.343613,-0.010000,3.166283,0.482993,0.228710,0.430303,0.160300,0.484848,0.202062,0.449438,49,Sub bacia do Canal do Cunha
3,I_3h,10,4.343613,-0.010000,3.166283,0.489796,0.233577,0.428571,0.160882,0.490909,0.206186,0.447514,49,Sub bacia do Canal do Cunha
6,I_6h,1,0.725035,-0.947895,3.056665,0.564626,0.288732,0.402913,0.161810,0.565476,0.257485,0.424107,49,Sub bacia do Canal do Cunha
6,I_6h,2,3.500211,-0.218421,2.482666,0.452055,0.190588,0.448980,0.164281,0.467066,0.174000,0.472727,49,Sub bacia do Canal do Cunha
6,I_6h,3,2.945176,-0.218421,2.482666,0.541096,0.260664,0.417989,0.167217,0.544910,0.233871,0.439614,49,Sub bacia do Canal do Cunha
6,I_6h,4,1.835106,-0.166316,2.963182,0.520548,0.244656,0.424581,0.166942,0.526946,0.218623,0.448980,49,Sub bacia do Canal do Cunha
6,I_6h,5,1.280070,-0.166316,3.203441,0.527397,0.251781,0.420765,0.166037,0.532934,0.224696,0.445000,49,Sub bacia do Canal do Cunha
6,I_6h,6,0.725035,-0.062105,3.107121,0.562500,0.276190,0.411168,0.167404,0.563636,0.243902,0.436620,49,Sub bacia do Canal do Cunha
6,I_6h,7,0.725035,-0.114211,3.266460,0.548611,0.270335,0.411458,0.164708,0.551515,0.238776,0.437500,49,Sub bacia do Canal do Cunha
6,I_6h,8,2.390141,-0.010000,1.434056,0.569444,0.284337,0.410000,0.167087,0.569697,0.250513,0.435185,49,Sub bacia do Canal do Cunha
6,I_6h,9,2.390141,-0.010000,1.434056,0.569444,0.288136,0.407960,0.165374,0.569697,0.253608,0.433180,49,Sub bacia do Canal do Cunha
6,I_6h,10,2.390141,-0.010000,1.593395,0.541667,0.263923,0.417112,0.166306,0.545455,0.232990,0.443350,49,Sub bacia do Canal do Cunha
8,I_8h,1,0.953702,-0.114211,1.857814,0.609589,0.308046,0.399103,0.168345,0.607143,0.279441,0.421488,49,Sub bacia do Canal do Cunha
8,I_8h,2,2.601105,-0.010000,0.493213,0.503448,0.232719,0.419540,0.162063,0.514970,0.214000,0.445596,49,Sub bacia do Canal do Cunha
8,I_8h,3,1.777403,-0.010000,1.171380,0.524138,0.248260,0.415301,0.163635,0.532934,0.227823,0.440594,49,Sub bacia do Canal do Cunha
8,I_8h,4,0.953702,-0.218421,2.404413,0.551724,0.267442,0.410256,0.165813,0.556886,0.242915,0.436620,49,Sub bacia do Canal do Cunha
8,I_8h,5,0.541851,-0.114211,2.404413,0.579310,0.290698,0.401914,0.165149,0.580838,0.263158,0.427313,49,Sub bacia do Canal do Cunha
8,I_8h,6,1.777403,-0.010000,1.104470,0.573427,0.282051,0.403941,0.166299,0.575758,0.254065,0.431818,49,Sub bacia do Canal do Cunha
8,I_8h,7,0.541851,-0.062105,2.331658,0.587413,0.299766,0.396226,0.162978,0.587879,0.269388,0.423581,49,Sub bacia do Canal do Cunha
8,I_8h,8,1.777403,-0.010000,1.104470,0.594406,0.297170,0.402844,0.168294,0.593939,0.266940,0.429825,49,Sub bacia do Canal do Cunha
8,I_8h,9,1.777403,-0.010000,1.104470,0.594406,0.300948,0.400943,0.166600,0.593939,0.270103,0.427948,49,Sub bacia do Canal do Cunha
8,I_8h,10,3.012956,-0.062105,1.902142,0.496503,0.213270,0.440994,0.172258,0.509091,0.193814,0.471910,49,Sub bacia do Canal do Cunha
10,I_10h,1,1.926359,-0.010000,0.558986,0.506757,0.226457,0.426136,0.167045,0.517857,0.213573,0.448454,49,Sub bacia do Canal do Cunha
10,I_10h,2,1.561887,-0.114211,1.416651,0.544218,0.262921,0.406091,0.162896,0.550898,0.246000,0.427907,49,Sub bacia do Canal do Cunha
10,I_10h,3,0.468472,-0.114211,1.872003,0.585034,0.287330,0.403756,0.168340,0.586826,0.268145,0.424242,49,Sub bacia do Canal do Cunha
10,I_10h,4,0.832943,-0.218421,1.922597,0.557823,0.263636,0.414141,0.170113,0.562874,0.246964,0.435185,49,Sub bacia do Canal do Cunha
10,I_10h,5,0.832943,-0.114211,1.872003,0.564626,0.270455,0.410891,0.169254,0.568862,0.253036,0.431818,49,Sub bacia do Canal do Cunha
10,I_10h,6,1.561887,-0.010000,0.755297,0.606897,0.307517,0.394619,0.165845,0.606061,0.284553,0.416667,49,Sub bacia do Canal do Cunha
10,I_10h,7,1.561887,-0.010000,0.805650,0.593103,0.288330,0.405660,0.171227,0.593939,0.267347,0.427948,49,Sub bacia do Canal do Cunha
10,I_10h,8,1.561887,-0.010000,0.805650,0.613793,0.297235,0.408257,0.176103,0.612121,0.275154,0.429787,49,Sub bacia do Canal do Cunha
10,I_10h,9,1.561887,-0.010000,0.805650,0.613793,0.300926,0.406393,0.174378,0.612121,0.278351,0.427966,49,Sub bacia do Canal do Cunha
10,I_10h,10,2.290830,-0.062105,1.611299,0.496552,0.201389,0.452830,0.179571,0.509091,0.189691,0.477273,49,Sub bacia do Canal do Cunha
12,I_12h,1,1.084971,-0.166316,1.303938,0.533784,0.240991,0.424731,0.172078,0.535714,0.225549,0.443350,49,Sub bacia do Canal do Cunha
12,I_12h,2,0.756647,-0.114211,1.558289,0.503401,0.232506,0.418079,0.161528,0.508982,0.218000,0.438144,49,Sub bacia do Canal do Cunha
12,I_12h,3,0.756647,-0.062105,1.385146,0.551020,0.268182,0.407035,0.164136,0.550898,0.250000,0.425926,49,Sub bacia do Canal do Cunha
12,I_12h,4,1.084971,-0.010000,0.865716,0.578231,0.283105,0.406699,0.168589,0.574850,0.263158,0.424779,49,Sub bacia do Canal do Cunha
12,I_12h,5,0.428324,-0.062105,1.515003,0.605442,0.310502,0.395556,0.165125,0.598802,0.287449,0.413223,49,Sub bacia do Canal do Cunha
12,I_12h,6,0.756647,-0.062105,1.505692,0.558621,0.274600,0.402985,0.163299,0.557576,0.254065,0.423963,49,Sub bacia do Canal do Cunha
12,I_12h,7,0.756647,-0.062105,1.505692,0.572414,0.278161,0.406863,0.168112,0.569697,0.257143,0.427273,49,Sub bacia do Canal do Cunha
12,I_12h,8,0.756647,-0.062105,1.505692,0.586207,0.281755,0.410628,0.172891,0.581818,0.260780,0.430493,49,Sub bacia do Canal do Cunha
12,I_12h,9,2.069941,-0.062105,1.247573,0.503448,0.225058,0.429412,0.167532,0.509091,0.210309,0.451613,49,Sub bacia do Canal do Cunha
12,I_12h,10,1.741618,-0.062105,1.419652,0.496552,0.204176,0.450000,0.177825,0.503030,0.191753,0.471591,49,Sub bacia do Canal do Cunha
24,I_24h,1,0.986515,-0.270526,0.643233,0.500000,0.237374,0.437126,0.166682,0.500000,0.208421,0.453039,49,Sub bacia do Canal do Cunha
24,I_24h,2,0.809212,-0.114211,0.782074,0.455172,0.197468,0.458333,0.167425,0.460123,0.175105,0.474684,49,Sub bacia do Canal do Cunha
24,I_24h,3,0.454606,-0.062105,0.758375,0.565517,0.288265,0.420513,0.169256,0.558282,0.251064,0.435407,49,Sub bacia do Canal do Cunha
24,I_24h,4,0.454606,-0.166316,0.758375,0.627586,0.335038,0.409910,0.171064,0.613497,0.289979,0.423729,49,Sub bacia do Canal do Cunha
24,I_24h,5,0.631909,-0.062105,0.639879,0.606897,0.317136,0.415094,0.172027,0.595092,0.275053,0.429204,49,Sub bacia do Canal do Cunha
24,I_24h,6,1.695726,-0.114211,0.635868,0.534722,0.266667,0.425414,0.166818,0.534161,0.231263,0.443299,49,Sub bacia do Canal do Cunha
24,I_24h,7,0.277303,-0.062105,0.871374,0.555556,0.280928,0.423280,0.169094,0.552795,0.243011,0.440594,49,Sub bacia do Canal do Cunha
24,I_24h,8,0.454606,-0.062105,0.730070,0.625000,0.337629,0.407240,0.168590,0.614907,0.291577,0.423077,49,Sub bacia do Canal do Cunha
24,I_24h,9,0.454606,-0.062105,0.753621,0.611111,0.325581,0.411215,0.169480,0.602484,0.281385,0.427313,49,Sub bacia do Canal do Cunha
24,I_24h,10,0.454606,-0.062105,0.753621,0.625000,0.328165,0.414747,0.174151,0.614907,0.283550,0.430435,49,Sub bacia do Canal do Cunha
1/6,I_15min,1,36.413972,-0.114211,6.031329,0.607692,0.252964,0.552448,0.250793,0.585714,0.202941,0.543046,50,Micro bacia do Centro
1/6,I_15min,2,27.536604,-0.114211,16.030548,0.550388,0.230159,0.550388,0.233205,0.532374,0.185841,0.540146,50,Micro bacia do Centro
1/6,I_15min,3,27.536604,-0.114211,16.038338,0.578125,0.281746,0.510345,0.211916,0.557971,0.224852,0.503268,50,Micro bacia do Centro
1/6,I_15min,4,27.536604,-0.426842,23.389243,0.546875,0.265873,0.510949,0.205134,0.528986,0.213018,0.503448,50,Micro bacia do Centro
1/6,I_15min,5,54.168706,-0.687368,24.057507,0.554688,0.257937,0.522059,0.214886,0.536232,0.207101,0.513889,50,Micro bacia do Centro
1/6,I_15min,6,63.046073,-0.531053,23.389243,0.570312,0.262097,0.528986,0.222616,0.550725,0.209581,0.520548,50,Micro bacia do Centro
1/6,I_15min,7,80.800808,-0.635263,25.394035,0.554688,0.268293,0.518248,0.210341,0.536232,0.213855,0.510345,50,Micro bacia do Centro
1/6,I_15min,8,120.748960,-0.583158,23.389243,0.585938,0.282787,0.520833,0.218876,0.565217,0.224242,0.513158,50,Micro bacia do Centro
1/6,I_15min,9,71.923441,-0.478947,23.389243,0.601562,0.288066,0.523810,0.224333,0.579710,0.227964,0.516129,50,Micro bacia do Centro
1/6,I_15min,10,63.046073,-0.426842,23.389243,0.601562,0.288066,0.523810,0.224333,0.579710,0.227964,0.516129,50,Micro bacia do Centro
1/2,I_30min,1,21.982471,-0.895789,12.765929,0.614173,0.232283,0.569343,0.268451,0.600000,0.185294,0.571429,50,Micro bacia do Centro
1/2,I_30min,2,14.904284,-0.583158,15.267475,0.634921,0.288538,0.522876,0.236195,0.618705,0.227139,0.527607,50,Micro bacia do Centro
1/2,I_30min,3,14.904284,-0.062105,13.257709,0.568000,0.260870,0.518248,0.217574,0.557971,0.207101,0.523810,50,Micro bacia do Centro
1/2,I_30min,4,11.365190,-0.374737,15.297356,0.704000,0.363636,0.488889,0.219022,0.681159,0.284024,0.494737,50,Micro bacia do Centro
1/2,I_30min,5,29.060658,-0.583158,15.297356,0.672000,0.332016,0.500000,0.224443,0.652174,0.260355,0.505618,50,Micro bacia do Centro
1/2,I_30min,6,14.904284,-0.062105,13.767620,0.608000,0.297189,0.506667,0.216503,0.594203,0.233533,0.512500,50,Micro bacia do Centro
1/2,I_30min,7,18.443377,-0.114211,14.787444,0.592000,0.295547,0.503401,0.209937,0.579710,0.231928,0.509554,50,Micro bacia do Centro
1/2,I_30min,8,18.443377,-0.114211,14.787444,0.624000,0.306122,0.509804,0.220735,0.608696,0.239394,0.515337,50,Micro bacia do Centro
1/2,I_30min,9,82.147062,-0.374737,15.297356,0.648000,0.307377,0.519231,0.233041,0.630435,0.240122,0.524096,50,Micro bacia do Centro
1/2,I_30min,10,53.834313,-0.218421,14.787444,0.632000,0.290984,0.526667,0.235998,0.615942,0.227964,0.531250,50,Micro bacia do Centro
1,I_1h,1,12.367864,-0.062105,7.497637,0.535433,0.153226,0.641509,0.290855,0.528571,0.123529,0.637931,50,Micro bacia do Centro
1,I_1h,2,12.367864,-0.062105,7.446164,0.555556,0.182186,0.608696,0.276555,0.546763,0.144543,0.608000,50,Micro bacia do Centro
1,I_1h,3,5.283414,-0.270526,12.090279,0.648000,0.267206,0.551020,0.261652,0.630435,0.207101,0.554140,50,Micro bacia do Centro
1,I_1h,4,7.644897,-0.166316,12.090279,0.608000,0.238866,0.562963,0.260522,0.594203,0.186391,0.565517,50,Micro bacia do Centro
1,I_1h,5,7.644897,-0.166316,12.090279,0.624000,0.246964,0.561151,0.263682,0.608696,0.192308,0.563758,50,Micro bacia do Centro
1,I_1h,6,7.644897,-0.166316,12.090279,0.632000,0.259259,0.556338,0.260449,0.615942,0.200599,0.559211,50,Micro bacia do Centro
1,I_1h,7,7.644897,-0.114211,12.090279,0.608000,0.248963,0.558824,0.255176,0.594203,0.192771,0.561644,50,Micro bacia do Centro
1,I_1h,8,7.644897,-0.114211,12.090279,0.608000,0.251046,0.558824,0.254468,0.594203,0.193939,0.561644,50,Micro bacia do Centro
1,I_1h,9,7.644897,-0.114211,12.090279,0.624000,0.260504,0.557143,0.257091,0.608696,0.200608,0.560000,50,Micro bacia do Centro
1,I_1h,10,10.006381,-0.114211,12.090279,0.608000,0.239496,0.571429,0.264221,0.594203,0.185410,0.573427,50,Micro bacia do Centro
2,I_2h,1,7.958527,-0.322632,5.823411,0.614754,0.186813,0.595238,0.297565,0.614286,0.161765,0.609929,50,Micro bacia do Centro
2,I_2h,2,7.958527,-0.114211,6.004503,0.570248,0.165441,0.605263,0.288048,0.575540,0.144543,0.620155,50,Micro bacia do Centro
2,I_2h,3,6.691631,-0.114211,6.669027,0.566667,0.180147,0.581197,0.270014,0.572464,0.156805,0.598485,50,Micro bacia do Centro
2,I_2h,4,6.691631,-0.114211,6.669027,0.608333,0.198529,0.574803,0.280252,0.608696,0.171598,0.591549,50,Micro bacia do Centro
2,I_2h,5,7.958527,-0.114211,6.453897,0.616667,0.205882,0.569231,0.278756,0.615942,0.177515,0.586207,50,Micro bacia do Centro
2,I_2h,6,5.424736,-0.114211,7.314417,0.608333,0.201493,0.574803,0.279216,0.608696,0.173653,0.591549,50,Micro bacia do Centro
2,I_2h,7,5.424736,-0.114211,7.314417,0.608333,0.203008,0.574803,0.278686,0.608696,0.174699,0.591549,50,Micro bacia do Centro
2,I_2h,8,6.691631,-0.374737,7.529547,0.675000,0.246212,0.554795,0.282283,0.666667,0.209091,0.571429,50,Micro bacia do Centro
2,I_2h,9,5.424736,-0.270526,7.529547,0.675000,0.243346,0.558621,0.285311,0.666667,0.206687,0.575000,50,Micro bacia do Centro
2,I_2h,10,5.424736,-0.270526,7.529547,0.683333,0.243346,0.561644,0.290396,0.673913,0.206687,0.577640,50,Micro bacia do Centro
3,I_3h,1,5.357220,-0.583158,4.429642,0.617391,0.195804,0.559055,0.277573,0.635714,0.176471,0.597315,50,Micro bacia do Centro
3,I_3h,2,5.357220,-0.062105,4.550697,0.482456,0.115789,0.625000,0.266620,0.525180,0.109145,0.663636,50,Micro bacia do Centro
3,I_3h,3,3.656910,-0.062105,5.632476,0.469027,0.108772,0.630952,0.263744,0.514493,0.103550,0.669811,50,Micro bacia do Centro
3,I_3h,4,1.106447,-0.270526,5.936934,0.619469,0.214035,0.534351,0.260165,0.637681,0.192308,0.575163,50,Micro bacia do Centro
3,I_3h,5,3.656910,-1.000000,5.936934,0.610619,0.200000,0.547619,0.267509,0.630435,0.180473,0.587838,50,Micro bacia do Centro
3,I_3h,6,4.507065,-0.114211,5.784705,0.530973,0.138790,0.606061,0.277139,0.565217,0.128743,0.644628,50,Micro bacia do Centro
3,I_3h,7,4.507065,-0.114211,5.784705,0.548673,0.143369,0.607843,0.285692,0.579710,0.132530,0.645161,50,Micro bacia do Centro
3,I_3h,8,2.806756,-0.062105,5.632476,0.566372,0.151625,0.603774,0.290111,0.594203,0.139394,0.640625,50,Micro bacia do Centro
3,I_3h,9,3.656910,-0.062105,5.480247,0.566372,0.148551,0.609524,0.293935,0.594203,0.136778,0.645669,50,Micro bacia do Centro
3,I_3h,10,3.656910,-0.062105,5.480247,0.575221,0.148551,0.613208,0.300332,0.601449,0.136778,0.648438,50,Micro bacia do Centro
6,I_6h,1,4.026574,-0.270526,2.595576,0.535714,0.144487,0.612245,0.280598,0.578571,0.123529,0.658537,50,Micro bacia do Centro
6,I_6h,2,2.101153,-0.062105,2.855134,0.526786,0.145038,0.608247,0.273943,0.568345,0.123894,0.652893,50,Micro bacia do Centro
6,I_6h,3,1.619798,-0.062105,2.953724,0.576577,0.195402,0.556522,0.258177,0.608696,0.162722,0.604317,50,Micro bacia do Centro
6,I_6h,4,1.138443,-0.114211,3.561843,0.549550,0.172414,0.575472,0.261724,0.586957,0.144970,0.623077,50,Micro bacia do Centro
6,I_6h,5,1.619798,-0.062105,3.040598,0.594595,0.195402,0.564103,0.269872,0.623188,0.162722,0.609929,50,Micro bacia do Centro
6,I_6h,6,2.101153,-0.374737,3.388095,0.603604,0.198444,0.567797,0.274713,0.630435,0.164671,0.612676,50,Micro bacia do Centro
6,I_6h,7,3.063864,-0.218421,3.301221,0.576577,0.176471,0.587156,0.278798,0.608696,0.147590,0.631579,50,Micro bacia do Centro
6,I_6h,8,3.063864,-0.218421,3.301221,0.594595,0.181818,0.589286,0.286680,0.623188,0.151515,0.632353,50,Micro bacia do Centro
6,I_6h,9,2.582508,-0.114211,2.953724,0.639640,0.214286,0.568000,0.285462,0.659420,0.176292,0.610738,50,Micro bacia do Centro
6,I_6h,10,3.063864,-0.114211,2.953724,0.639640,0.206349,0.577236,0.293034,0.659420,0.170213,0.619048,50,Micro bacia do Centro
8,I_8h,1,2.187094,-0.374737,2.831394,0.474576,0.092527,0.682927,0.294113,0.507143,0.088235,0.702970,50,Micro bacia do Centro
8,I_8h,2,0.954941,-0.218421,2.902179,0.559322,0.139286,0.628571,0.302605,0.575540,0.126844,0.650407,50,Micro bacia do Centro
8,I_8h,3,0.954941,-0.062105,2.700073,0.555556,0.146953,0.613208,0.290608,0.572464,0.133136,0.637097,50,Micro bacia do Centro
8,I_8h,4,0.954941,-0.114211,2.842182,0.555556,0.146953,0.613208,0.290608,0.572464,0.133136,0.637097,50,Micro bacia do Centro
8,I_8h,5,1.365658,-0.270526,2.913237,0.555556,0.143369,0.619048,0.294608,0.572464,0.130178,0.642276,50,Micro bacia do Centro
8,I_8h,6,0.954941,-0.114211,2.842182,0.572650,0.149091,0.620370,0.302290,0.586957,0.134731,0.642857,50,Micro bacia do Centro
8,I_8h,7,1.776376,-0.166316,2.486910,0.632479,0.186813,0.592000,0.304479,0.637681,0.165663,0.615385,50,Micro bacia do Centro
8,I_8h,8,1.365658,-0.166316,2.700073,0.615385,0.173432,0.605042,0.307759,0.623188,0.154545,0.627737,50,Micro bacia do Centro
8,I_8h,9,1.365658,-0.062105,2.344800,0.649573,0.192593,0.593750,0.311404,0.652174,0.170213,0.616438,50,Micro bacia do Centro
8,I_8h,10,1.365658,-0.062105,2.344800,0.649573,0.192593,0.593750,0.311404,0.652174,0.170213,0.616438,50,Micro bacia do Centro
10,I_10h,1,1.525569,-0.374737,2.365341,0.483333,0.100719,0.674419,0.293138,0.507143,0.094118,0.689320,50,Micro bacia do Centro
10,I_10h,2,0.819754,-0.062105,2.010540,0.600000,0.176895,0.595041,0.293869,0.604317,0.156342,0.613139,50,Micro bacia do Centro
10,I_10h,3,0.819754,-0.062105,2.017843,0.605042,0.184783,0.585366,0.288726,0.608696,0.162722,0.604317,50,Micro bacia do Centro
10,I_10h,4,0.819754,-0.062105,2.077191,0.588235,0.173913,0.593220,0.288266,0.594203,0.153846,0.611940,50,Micro bacia do Centro
10,I_10h,5,1.525569,-0.374737,2.373933,0.554622,0.148551,0.616822,0.291284,0.565217,0.133136,0.634146,50,Micro bacia do Centro
10,I_10h,6,0.819754,-0.114211,2.255236,0.588235,0.169118,0.603448,0.294938,0.594203,0.149701,0.621212,50,Micro bacia do Centro
10,I_10h,7,1.525569,-0.010000,1.246315,0.588235,0.166667,0.608696,0.298380,0.594203,0.147590,0.625954,50,Micro bacia do Centro
10,I_10h,8,1.878476,-0.322632,2.195888,0.630252,0.194030,0.590551,0.299979,0.630435,0.169697,0.608392,50,Micro bacia do Centro
10,I_10h,9,0.819754,-0.218421,2.433281,0.579832,0.161049,0.616071,0.299688,0.586957,0.142857,0.632812,50,Micro bacia do Centro
10,I_10h,10,1.525569,-0.374737,2.492630,0.563025,0.146067,0.632075,0.303893,0.572464,0.130699,0.647541,50,Micro bacia do Centro
12,I_12h,1,1.921033,-0.218421,1.308896,0.586777,0.178182,0.591667,0.285316,0.592857,0.155882,0.610294,50,Micro bacia do Centro
12,I_12h,2,0.707011,-0.062105,1.661291,0.611570,0.186131,0.592000,0.294661,0.611511,0.162242,0.607143,50,Micro bacia do Centro
12,I_12h,3,0.707011,-0.062105,1.717777,0.600000,0.179487,0.595041,0.292943,0.601449,0.156805,0.610294,50,Micro bacia do Centro
12,I_12h,4,0.707011,-0.062105,1.717777,0.600000,0.183150,0.590164,0.289245,0.601449,0.159763,0.605839,50,Micro bacia do Centro
12,I_12h,5,1.314022,-0.739474,2.020915,0.583333,0.175824,0.593220,0.285202,0.586957,0.153846,0.609023,50,Micro bacia do Centro
12,I_12h,6,0.707011,-0.062105,1.818823,0.583333,0.167286,0.608696,0.295674,0.586957,0.146707,0.623077,50,Micro bacia do Centro
12,I_12h,7,0.403506,-0.062105,1.919869,0.591667,0.176030,0.601695,0.293336,0.594203,0.153614,0.616541,50,Micro bacia do Centro
12,I_12h,8,0.403506,-0.010000,1.717777,0.616667,0.192453,0.592000,0.294809,0.615942,0.166667,0.607143,50,Micro bacia do Centro
12,I_12h,9,1.314022,-0.374737,2.071437,0.566667,0.155303,0.623853,0.298615,0.572464,0.136778,0.637097,50,Micro bacia do Centro
12,I_12h,10,1.314022,-0.374737,2.071437,0.575000,0.155303,0.627273,0.304667,0.579710,0.136778,0.640000,50,Micro bacia do Centro
24,I_24h,1,0.607757,-0.322632,0.972369,0.583333,0.186364,0.630631,0.299311,0.583942,0.141066,0.640000,50,Micro bacia do Centro
24,I_24h,2,0.438504,-0.166316,0.972369,0.633333,0.219178,0.612903,0.303093,0.625000,0.163522,0.620438,50,Micro bacia do Centro
24,I_24h,3,0.438504,-0.166316,0.975958,0.638655,0.232877,0.598425,0.293185,0.629630,0.173502,0.607143,50,Micro bacia do Centro
24,I_24h,4,0.607757,-0.062105,0.920189,0.588235,0.187215,0.630631,0.301510,0.585185,0.141956,0.637097,50,Micro bacia do Centro
24,I_24h,5,0.607757,-0.062105,0.920189,0.588235,0.196347,0.619469,0.292846,0.585185,0.148265,0.626984,50,Micro bacia do Centro
24,I_24h,6,0.438504,-0.062105,0.920189,0.638655,0.223256,0.612903,0.304044,0.629630,0.166134,0.620438,50,Micro bacia do Centro
24,I_24h,7,0.438504,-0.062105,0.920189,0.655462,0.225352,0.619048,0.314323,0.644444,0.167203,0.625899,50,Micro bacia do Centro
24,I_24h,8,0.438504,-0.062105,0.975958,0.630252,0.202830,0.635593,0.319333,0.622222,0.152104,0.641221,50,Micro bacia do Centro
24,I_24h,9,0.438504,-0.062105,0.975958,0.630252,0.202830,0.635593,0.319333,0.622222,0.152104,0.641221,50,Micro bacia do Centro
24,I_24h,10,0.438504,-0.062105,0.975958,0.630252,0.202830,0.635593,0.319333,0.622222,0.152104,0.641221,50,Micro bacia do Centro
1/6,I_15min,1,52.216866,-1.000000,16.384238,0.500000,0.284404,0.415094,0.148520,0.493151,0.205821,0.421053,51,Sub bacia do Canal do Mangue
1/6,I_15min,2,24.406473,-0.947895,21.078253,0.592308,0.388379,0.377451,0.136738,0.576389,0.276507,0.384259,51,Sub bacia do Canal do Mangue
1/6,I_15min,3,1.231146,-0.426842,24.477972,0.676923,0.506173,0.349206,0.116734,0.652778,0.355649,0.356061,51,Sub bacia do Canal do Mangue
1/6,I_15min,4,61.486997,-0.687368,21.078253,0.576923,0.402477,0.365854,0.126119,0.562500,0.283613,0.375000,51,Sub bacia do Canal do Mangue
1/6,I_15min,5,29.041539,-0.374737,21.078253,0.638462,0.458204,0.359307,0.124290,0.618056,0.321429,0.367769,51,Sub bacia do Canal do Mangue
1/6,I_15min,6,223.714285,-0.114211,24.477972,0.223077,0.062500,0.591837,0.123774,0.243056,0.052966,0.583333,51,Sub bacia do Canal do Mangue
1/6,I_15min,7,98.567520,-0.062105,23.798028,0.207692,0.047022,0.642857,0.127238,0.229167,0.042553,0.622642,51,Sub bacia do Canal do Mangue
1/6,I_15min,8,107.837650,-0.270526,21.078253,0.553846,0.389937,0.367347,0.124120,0.541667,0.275641,0.376812,51,Sub bacia do Canal do Mangue
1/6,I_15min,9,24.406473,-0.531053,24.477972,0.615385,0.446541,0.360360,0.122735,0.601399,0.312634,0.370690,51,Sub bacia do Canal do Mangue
1/6,I_15min,10,38.311670,-0.739474,24.477972,0.623077,0.452830,0.360000,0.122734,0.608392,0.316916,0.370213,51,Sub bacia do Canal do Mangue
1/2,I_30min,1,19.830895,-0.739474,12.138069,0.651515,0.407855,0.389140,0.150127,0.630137,0.293139,0.394850,51,Sub bacia do Canal do Mangue
1/2,I_30min,2,16.062933,-0.947895,16.788185,0.584615,0.371601,0.381910,0.140303,0.569444,0.268191,0.388626,51,Sub bacia do Canal do Mangue
1/2,I_30min,3,4.759045,-0.166316,16.788185,0.692308,0.487805,0.360000,0.127655,0.666667,0.347280,0.366412,51,Sub bacia do Canal do Mangue
1/2,I_30min,4,12.294970,-0.791579,18.362078,0.607692,0.412844,0.369159,0.131720,0.590278,0.294118,0.377778,51,Sub bacia do Canal do Mangue
1/2,I_30min,5,23.598858,-0.270526,16.263555,0.607692,0.406728,0.372642,0.134347,0.590278,0.289916,0.381166,51,Sub bacia do Canal do Mangue
1/2,I_30min,6,121.565882,-0.062105,2.623154,0.323077,0.141975,0.477273,0.132304,0.333333,0.108051,0.484848,51,Sub bacia do Canal do Mangue
1/2,I_30min,7,27.366820,-0.374737,16.788185,0.646154,0.440994,0.371681,0.134253,0.625000,0.312766,0.379747,51,Sub bacia do Canal do Mangue
1/2,I_30min,8,163.013470,-0.062105,2.623154,0.323077,0.143302,0.477273,0.132099,0.333333,0.108974,0.484848,51,Sub bacia do Canal do Mangue
1/2,I_30min,9,155.477885,-0.062105,10.542596,0.263566,0.090343,0.539683,0.129391,0.279720,0.070664,0.547945,51,Sub bacia do Canal do Mangue
1/2,I_30min,10,23.600689,-0.322632,16.868153,0.674419,0.473520,0.364017,0.129251,0.650350,0.334047,0.373494,51,Sub bacia do Canal do Mangue
1,I_1h,1,8.385816,-0.322632,8.628854,0.696970,0.391045,0.412556,0.175098,0.671233,0.282744,0.418803,51,Sub bacia do Canal do Mangue
1,I_1h,2,16.095437,-0.010000,0.359703,0.580153,0.325373,0.410811,0.160786,0.562500,0.237006,0.415385,51,Sub bacia do Canal do Mangue
1,I_1h,3,16.095437,-0.010000,0.359703,0.580153,0.343373,0.400000,0.152377,0.562500,0.248954,0.405000,51,Sub bacia do Canal do Mangue
1,I_1h,4,16.095437,-0.010000,0.359703,0.603053,0.347432,0.407216,0.160253,0.583333,0.250000,0.413793,51,Sub bacia do Canal do Mangue
1,I_1h,5,16.095437,-0.010000,0.000000,0.648855,0.389728,0.397196,0.157281,0.625000,0.279412,0.403587,51,Sub bacia do Canal do Mangue
1,I_1h,6,16.095437,-0.010000,0.000000,0.648855,0.390244,0.399061,0.157886,0.625000,0.279661,0.405405,51,Sub bacia do Canal do Mangue
1,I_1h,7,16.095437,-0.010000,0.719406,0.618321,0.361963,0.407035,0.160580,0.597222,0.259574,0.413462,51,Sub bacia do Canal do Mangue
1,I_1h,8,16.095437,-0.010000,1.079109,0.610687,0.350769,0.412371,0.163496,0.590278,0.252137,0.418719,51,Sub bacia do Canal do Mangue
1,I_1h,9,13.525563,-0.010000,3.612315,0.607692,0.341538,0.415789,0.166375,0.587413,0.244111,0.424242,51,Sub bacia do Canal do Mangue
1,I_1h,10,13.525563,-0.010000,3.612315,0.607692,0.344615,0.413613,0.164730,0.587413,0.246253,0.422111,51,Sub bacia do Canal do Mangue
2,I_2h,1,3.316395,-0.739474,7.378585,0.589147,0.295129,0.424581,0.176317,0.582192,0.224532,0.440415,51,Sub bacia do Canal do Mangue
2,I_2h,2,6.200803,-0.322632,7.167544,0.531250,0.249284,0.438710,0.174965,0.527778,0.191268,0.452381,51,Sub bacia do Canal do Mangue
2,I_2h,3,3.316395,-0.374737,7.384742,0.617188,0.332370,0.407216,0.167795,0.604167,0.251046,0.420290,51,Sub bacia do Canal do Mangue
2,I_2h,4,4.758599,-0.062105,5.864354,0.648438,0.330435,0.421320,0.182925,0.631944,0.247899,0.435407,51,Sub bacia do Canal do Mangue
2,I_2h,5,3.316395,-0.218421,7.384742,0.648438,0.347826,0.408867,0.172907,0.631944,0.260504,0.423256,51,Sub bacia do Canal do Mangue
2,I_2h,6,3.316395,-0.218421,7.384742,0.656250,0.348974,0.413793,0.176787,0.638889,0.260593,0.427907,51,Sub bacia do Canal do Mangue
2,I_2h,7,3.316395,-0.218421,7.384742,0.656250,0.353982,0.411765,0.174567,0.638889,0.263830,0.425926,51,Sub bacia do Canal do Mangue
2,I_2h,8,13.411825,-0.478947,7.384742,0.632812,0.334320,0.417526,0.175883,0.618056,0.250000,0.432039,51,Sub bacia do Canal do Mangue
2,I_2h,9,9.085212,-0.010000,1.961022,0.559055,0.272189,0.435583,0.177233,0.552448,0.203426,0.454023,51,Sub bacia do Canal do Mangue
2,I_2h,10,4.758599,-0.010000,4.139935,0.677165,0.369822,0.407583,0.173930,0.657343,0.274090,0.423423,51,Sub bacia do Canal do Mangue
3,I_3h,1,5.206035,-0.062105,2.290456,0.626016,0.310440,0.405263,0.174942,0.630137,0.245322,0.438095,51,Sub bacia do Canal do Mangue
3,I_3h,2,6.182479,-0.010000,0.609809,0.614754,0.296703,0.409836,0.177194,0.618056,0.234927,0.440594,51,Sub bacia do Canal do Mangue
3,I_3h,3,6.182479,-0.010000,0.609809,0.639344,0.313019,0.408377,0.179366,0.638889,0.246862,0.438095,51,Sub bacia do Canal do Mangue
3,I_3h,4,6.182479,-0.010000,0.609809,0.655738,0.327778,0.404040,0.178102,0.652778,0.256303,0.435185,51,Sub bacia do Canal do Mangue
3,I_3h,5,5.206035,-0.010000,1.524521,0.639344,0.327778,0.397959,0.171035,0.638889,0.256303,0.429907,51,Sub bacia do Canal do Mangue
3,I_3h,6,3.253147,-0.062105,4.573564,0.622951,0.322129,0.397906,0.168028,0.625000,0.250000,0.432692,51,Sub bacia do Canal do Mangue
3,I_3h,7,3.253147,-0.062105,4.573564,0.647541,0.335211,0.398990,0.171756,0.645833,0.259574,0.432558,51,Sub bacia do Canal do Mangue
3,I_3h,8,3.253147,-0.062105,4.573564,0.663934,0.344633,0.399015,0.173620,0.659722,0.267094,0.431818,51,Sub bacia do Canal do Mangue
3,I_3h,9,6.182479,-0.010000,1.070489,0.652893,0.333333,0.401015,0.174547,0.650350,0.256959,0.436620,51,Sub bacia do Canal do Mangue
3,I_3h,10,6.182479,-0.010000,1.070489,0.652893,0.341808,0.395000,0.169743,0.650350,0.263383,0.430556,51,Sub bacia do Canal do Mangue
6,I_6h,1,2.759065,-0.114211,2.254394,0.512821,0.218487,0.434783,0.174250,0.554795,0.172557,0.493902,51,Sub bacia do Canal do Mangue
6,I_6h,2,3.786692,-0.010000,0.000000,0.620690,0.316527,0.389189,0.165104,0.638889,0.245322,0.438095,51,Sub bacia do Canal do Mangue
6,I_6h,3,3.786692,-0.010000,0.166599,0.603448,0.293785,0.402299,0.171445,0.625000,0.228033,0.452261,51,Sub bacia do Canal do Mangue
6,I_6h,4,3.786692,-0.010000,0.166599,0.620690,0.305949,0.400000,0.172316,0.638889,0.235294,0.450980,51,Sub bacia do Canal do Mangue
6,I_6h,5,3.786692,-0.010000,0.166599,0.646552,0.337110,0.386598,0.165693,0.659722,0.258403,0.435780,51,Sub bacia do Canal do Mangue
6,I_6h,6,1.217626,-0.322632,3.665187,0.508621,0.222857,0.430657,0.170226,0.548611,0.171610,0.493750,51,Sub bacia do Canal do Mangue
6,I_6h,7,1.217626,-0.166316,3.498588,0.525862,0.229885,0.432624,0.175202,0.562500,0.176596,0.493902,51,Sub bacia do Canal do Mangue
6,I_6h,8,1.217626,-0.270526,3.665187,0.517241,0.221902,0.437956,0.176262,0.555556,0.170940,0.500000,51,Sub bacia do Canal do Mangue
6,I_6h,9,1.217626,-0.270526,3.678626,0.521739,0.224784,0.434783,0.175852,0.559441,0.171306,0.500000,51,Sub bacia do Canal do Mangue
6,I_6h,10,1.217626,-0.270526,3.678626,0.530435,0.230548,0.432624,0.176573,0.566434,0.175589,0.496933,51,Sub bacia do Canal do Mangue
8,I_8h,1,2.105677,-0.062105,1.493105,0.543103,0.241758,0.417219,0.171812,0.582192,0.193347,0.477528,51,Sub bacia do Canal do Mangue
8,I_8h,2,1.714340,-0.062105,1.877583,0.547826,0.241758,0.417219,0.173306,0.583333,0.193347,0.474576,51,Sub bacia do Canal do Mangue
8,I_8h,3,1.714340,-0.062105,1.877583,0.565217,0.263158,0.406250,0.169193,0.597222,0.209205,0.462366,51,Sub bacia do Canal do Mangue
8,I_8h,4,1.714340,-0.062105,1.942327,0.565217,0.263889,0.406250,0.169026,0.597222,0.207983,0.464865,51,Sub bacia do Canal do Mangue
8,I_8h,5,1.714340,-0.062105,1.942327,0.591304,0.288889,0.395349,0.166238,0.618056,0.226891,0.451777,51,Sub bacia do Canal do Mangue
8,I_8h,6,0.931668,-0.218421,2.719258,0.539130,0.240896,0.418919,0.171445,0.576389,0.188559,0.482558,51,Sub bacia do Canal do Mangue
8,I_8h,7,0.931668,-0.114211,2.654513,0.539130,0.233803,0.427586,0.176627,0.576389,0.182979,0.491124,51,Sub bacia do Canal do Mangue
8,I_8h,8,0.931668,-0.218421,2.719258,0.547826,0.242938,0.422819,0.175359,0.583333,0.190171,0.485549,51,Sub bacia do Canal do Mangue
8,I_8h,9,0.931668,-0.218421,2.729799,0.552632,0.240793,0.425676,0.178597,0.587413,0.188437,0.488372,51,Sub bacia do Canal do Mangue
8,I_8h,10,0.931668,-0.218421,2.729799,0.561404,0.249292,0.421053,0.177453,0.594406,0.194861,0.482955,51,Sub bacia do Canal do Mangue
10,I_10h,1,1.693904,-0.062105,1.228141,0.551724,0.275964,0.407643,0.162840,0.589041,0.203742,0.467391,51,Sub bacia do Canal do Mangue
10,I_10h,2,1.381048,-0.062105,1.702532,0.495652,0.234421,0.419118,0.159039,0.541667,0.174636,0.481481,51,Sub bacia do Canal do Mangue
10,I_10h,3,1.381048,-0.062105,1.542920,0.565217,0.305389,0.389222,0.152811,0.597222,0.223849,0.445596,51,Sub bacia do Canal do Mangue
10,I_10h,4,1.381048,-0.062105,1.542920,0.591304,0.318318,0.390805,0.157526,0.618056,0.231092,0.447236,51,Sub bacia do Canal do Mangue
10,I_10h,5,1.068191,-0.270526,2.181370,0.530435,0.276276,0.398693,0.153053,0.569444,0.201681,0.460674,51,Sub bacia do Canal do Mangue
10,I_10h,6,1.068191,-0.062105,1.862145,0.573913,0.300000,0.400000,0.160696,0.604167,0.216102,0.460317,51,Sub bacia do Canal do Mangue
10,I_10h,7,1.068191,-0.062105,1.862145,0.582609,0.301829,0.403614,0.164174,0.611111,0.217021,0.463158,51,Sub bacia do Canal do Mangue
10,I_10h,8,1.068191,-0.062105,1.862145,0.600000,0.314985,0.401163,0.164882,0.625000,0.226496,0.459184,51,Sub bacia do Canal do Mangue
10,I_10h,9,3.571042,-0.062105,1.282015,0.570175,0.285276,0.411392,0.167650,0.601399,0.205567,0.472527,51,Sub bacia do Canal do Mangue
10,I_10h,10,1.068191,-0.166316,2.190108,0.561404,0.276074,0.415584,0.168900,0.594406,0.199143,0.477528,51,Sub bacia do Canal do Mangue
12,I_12h,1,1.152117,-0.583158,1.493307,0.594828,0.319527,0.389831,0.157789,0.623288,0.234927,0.446078,51,Sub bacia do Canal do Mangue
12,I_12h,2,1.412803,-0.114211,1.487735,0.486957,0.224852,0.424242,0.160136,0.534722,0.168399,0.487342,51,Sub bacia do Canal do Mangue
12,I_12h,3,1.412803,-0.010000,0.901657,0.513043,0.259701,0.404110,0.153483,0.555556,0.192469,0.465116,51,Sub bacia do Canal do Mangue
12,I_12h,4,1.673488,-0.062105,1.217237,0.565217,0.284431,0.406250,0.164309,0.597222,0.207983,0.464865,51,Sub bacia do Canal do Mangue
12,I_12h,5,0.891431,-0.270526,1.803315,0.556522,0.302395,0.387879,0.150587,0.590278,0.220588,0.447368,51,Sub bacia do Canal do Mangue
12,I_12h,6,0.891431,-0.218421,1.803315,0.556522,0.299094,0.392638,0.153156,0.590278,0.216102,0.454545,51,Sub bacia do Canal do Mangue
12,I_12h,7,0.630745,-0.166316,1.848398,0.565217,0.303951,0.393939,0.154983,0.597222,0.219149,0.455026,51,Sub bacia do Canal do Mangue
12,I_12h,8,1.152117,-0.218421,1.803315,0.582609,0.310976,0.396450,0.159147,0.611111,0.224359,0.455959,51,Sub bacia do Canal do Mangue
12,I_12h,9,1.152117,-0.218421,1.810593,0.587719,0.314985,0.394118,0.158670,0.615385,0.226981,0.453608,51,Sub bacia do Canal do Mangue
12,I_12h,10,1.152117,-0.218421,1.810593,0.596491,0.318043,0.395349,0.160821,0.622378,0.229122,0.454082,51,Sub bacia do Canal do Mangue
24,I_24h,1,0.714403,-0.114211,0.750263,0.537815,0.215569,0.470588,0.198531,0.562500,0.169231,0.512658,51,Sub bacia do Canal do Mangue
24,I_24h,2,0.714403,-0.114211,0.769830,0.559322,0.239521,0.452055,0.192283,0.577465,0.186813,0.491018,51,Sub bacia do Canal do Mangue
24,I_24h,3,0.407202,-0.114211,0.872474,0.610169,0.283988,0.433735,0.189494,0.619718,0.219027,0.470588,51,Sub bacia do Canal do Mangue
24,I_24h,4,0.714403,-0.062105,0.744169,0.593220,0.254545,0.454545,0.201009,0.605634,0.197339,0.491429,51,Sub bacia do Canal do Mangue
24,I_24h,5,0.714403,-0.270526,0.898135,0.618644,0.284848,0.437126,0.193395,0.626761,0.219512,0.473404,51,Sub bacia do Canal do Mangue
24,I_24h,6,0.560802,-0.218421,0.898135,0.644068,0.302752,0.434286,0.195027,0.647887,0.230425,0.471795,51,Sub bacia do Canal do Mangue
24,I_24h,7,0.868004,-0.062105,0.744169,0.601695,0.255385,0.461039,0.206560,0.612676,0.195506,0.500000,51,Sub bacia do Canal do Mangue
24,I_24h,8,0.868004,-0.062105,0.769830,0.610169,0.253086,0.467532,0.213075,0.619718,0.193694,0.505747,51,Sub bacia do Canal do Mangue
24,I_24h,9,0.868004,-0.062105,0.769830,0.610169,0.256966,0.464516,0.210601,0.619718,0.196388,0.502857,51,Sub bacia do Canal do Mangue
24,I_24h,10,0.868004,-0.062105,0.769830,0.610169,0.260062,0.461538,0.208379,0.619718,0.198646,0.500000,51,Sub bacia do Canal do Mangue
1/6,I_15min,1,48.746951,-0.010000,12.876974,0.258065,0.033951,0.421053,0.104970,0.264706,0.036364,0.360000,52,Sub bacia do Rio Carioca
1/6,I_15min,2,24.968708,-0.010000,36.361832,0.233333,0.034056,0.388889,0.087650,0.242424,0.036446,0.333333,52,Sub bacia do Rio Carioca
1/6,I_15min,3,24.968708,-0.010000,36.361832,0.233333,0.037267,0.368421,0.082761,0.242424,0.038991,0.320000,52,Sub bacia do Rio Carioca
1/6,I_15min,4,24.968708,-0.010000,36.361832,0.266667,0.040373,0.380952,0.097486,0.272727,0.041284,0.333333,52,Sub bacia do Rio Carioca
1/6,I_15min,5,24.968708,-0.010000,37.169873,0.266667,0.043478,0.363636,0.092754,0.272727,0.043578,0.321429,52,Sub bacia do Rio Carioca
1/6,I_15min,6,24.968708,-0.010000,39.593995,0.266667,0.031348,0.444444,0.114803,0.272727,0.034722,0.375000,52,Sub bacia do Rio Carioca
1/6,I_15min,7,24.968708,-0.010000,39.593995,0.266667,0.031447,0.444444,0.114792,0.272727,0.034884,0.375000,52,Sub bacia do Rio Carioca
1/6,I_15min,8,24.968708,-0.010000,39.593995,0.266667,0.031546,0.444444,0.114780,0.272727,0.034965,0.375000,52,Sub bacia do Rio Carioca
1/6,I_15min,9,24.968708,-0.010000,39.593995,0.266667,0.034700,0.421053,0.108385,0.272727,0.037383,0.360000,52,Sub bacia do Rio Carioca
1/6,I_15min,10,24.968708,-0.010000,39.593995,0.266667,0.034700,0.421053,0.108385,0.272727,0.037383,0.360000,52,Sub bacia do Rio Carioca
1/2,I_30min,1,36.605824,-0.010000,14.700947,0.266667,0.015337,0.615385,0.161586,0.294118,0.025000,0.476190,52,Sub bacia do Rio Carioca
1/2,I_30min,2,36.605824,-0.010000,14.831437,0.275862,0.024615,0.500000,0.134536,0.303030,0.031891,0.416667,52,Sub bacia do Rio Carioca
1/2,I_30min,3,36.605824,-0.010000,14.831437,0.275862,0.024691,0.500000,0.134525,0.303030,0.032110,0.416667,52,Sub bacia do Rio Carioca
1/2,I_30min,4,33.041242,-0.010000,17.921320,0.275862,0.027778,0.470588,0.126211,0.303030,0.034404,0.400000,52,Sub bacia do Rio Carioca
1/2,I_30min,5,22.347494,-0.010000,29.044898,0.241379,0.021605,0.500000,0.118082,0.272727,0.029817,0.409091,52,Sub bacia do Rio Carioca
1/2,I_30min,6,22.347494,-0.010000,29.662874,0.241379,0.018692,0.538462,0.127544,0.272727,0.027778,0.428571,52,Sub bacia do Rio Carioca
1/2,I_30min,7,25.912077,-0.010000,26.572991,0.241379,0.021875,0.500000,0.118050,0.272727,0.030233,0.409091,52,Sub bacia do Rio Carioca
1/2,I_30min,8,22.347494,-0.010000,29.662874,0.241379,0.025078,0.466667,0.109819,0.272727,0.032634,0.391304,52,Sub bacia do Rio Carioca
1/2,I_30min,9,22.347494,-0.010000,29.662874,0.241379,0.025157,0.466667,0.109810,0.272727,0.032710,0.391304,52,Sub bacia do Rio Carioca
1/2,I_30min,10,22.347494,-0.010000,29.662874,0.241379,0.025157,0.466667,0.109810,0.272727,0.032710,0.391304,52,Sub bacia do Rio Carioca
1,I_1h,1,22.812144,-0.010000,16.941681,0.107143,0.000000,1.000000,0.107143,0.205882,0.011364,0.583333,52,Sub bacia do Rio Carioca
1,I_1h,2,10.583175,-0.010000,17.880468,0.333333,0.080386,0.264706,0.081142,0.393939,0.068337,0.302326,52,Sub bacia do Rio Carioca
1,I_1h,3,10.583175,-0.010000,17.880468,0.333333,0.080645,0.264706,0.081120,0.393939,0.068807,0.302326,52,Sub bacia do Rio Carioca
1,I_1h,4,10.583175,-0.010000,17.880468,0.333333,0.080645,0.264706,0.081120,0.393939,0.068807,0.302326,52,Sub bacia do Rio Carioca
1,I_1h,5,10.583175,-0.010000,17.880468,0.333333,0.083871,0.257143,0.078525,0.393939,0.071101,0.295455,52,Sub bacia do Rio Carioca
1,I_1h,6,10.583175,-0.010000,17.880468,0.333333,0.091205,0.243243,0.073686,0.393939,0.076389,0.282609,52,Sub bacia do Rio Carioca
1,I_1h,7,10.583175,-0.010000,17.880468,0.333333,0.091503,0.243243,0.073662,0.393939,0.076744,0.282609,52,Sub bacia do Rio Carioca
1,I_1h,8,10.583175,-0.010000,17.880468,0.333333,0.091803,0.243243,0.073638,0.393939,0.076923,0.282609,52,Sub bacia do Rio Carioca
1,I_1h,9,10.583175,-0.010000,17.880468,0.333333,0.092105,0.243243,0.073613,0.393939,0.077103,0.282609,52,Sub bacia do Rio Carioca
1,I_1h,10,10.583175,-0.010000,17.880468,0.333333,0.092105,0.243243,0.073613,0.393939,0.077103,0.282609,52,Sub bacia do Rio Carioca
2,I_2h,1,14.708369,-0.010000,7.574141,0.172414,0.006270,0.714286,0.122381,0.235294,0.015909,0.533333,52,Sub bacia do Rio Carioca
2,I_2h,2,10.434350,-0.010000,11.852968,0.178571,0.012579,0.555556,0.097958,0.242424,0.020501,0.470588,52,Sub bacia do Rio Carioca
2,I_2h,3,6.160332,-0.010000,8.395852,0.428571,0.119874,0.240000,0.090527,0.454545,0.098624,0.258621,52,Sub bacia do Rio Carioca
2,I_2h,4,11.859023,-0.010000,11.359094,0.178571,0.015773,0.500000,0.087877,0.242424,0.022936,0.444444,52,Sub bacia do Rio Carioca
2,I_2h,5,11.859023,-0.010000,11.606031,0.178571,0.015773,0.500000,0.087877,0.242424,0.022936,0.444444,52,Sub bacia do Rio Carioca
2,I_2h,6,3.310986,-0.218421,12.099905,0.464286,0.143312,0.224138,0.089150,0.484848,0.115741,0.242424,52,Sub bacia do Rio Carioca
2,I_2h,7,1.886314,-0.062105,12.099905,0.464286,0.144231,0.224138,0.089055,0.484848,0.116279,0.242424,52,Sub bacia do Rio Carioca
2,I_2h,8,3.310986,-0.218421,12.099905,0.464286,0.147910,0.220339,0.087169,0.484848,0.118881,0.238806,52,Sub bacia do Rio Carioca
2,I_2h,9,6.160332,-0.010000,8.395852,0.464286,0.141935,0.228070,0.090860,0.484848,0.114486,0.246154,52,Sub bacia do Rio Carioca
2,I_2h,10,6.160332,-0.010000,8.395852,0.464286,0.141935,0.228070,0.090860,0.484848,0.114486,0.246154,52,Sub bacia do Rio Carioca
3,I_3h,1,1.439057,-0.218421,8.507861,0.464286,0.161812,0.206349,0.080303,0.500000,0.125000,0.236111,52,Sub bacia do Rio Carioca
3,I_3h,2,1.439057,-0.218421,8.530877,0.481481,0.159091,0.209677,0.084895,0.515152,0.123007,0.239437,52,Sub bacia do Rio Carioca
3,I_3h,3,2.511448,-0.010000,7.486280,0.444444,0.144262,0.214286,0.081499,0.484848,0.112385,0.246154,52,Sub bacia do Rio Carioca
3,I_3h,4,1.439057,-0.010000,7.834479,0.481481,0.173770,0.196970,0.078357,0.515152,0.133028,0.226667,52,Sub bacia do Rio Carioca
3,I_3h,5,4.656230,-1.000000,8.530877,0.481481,0.160656,0.209677,0.084737,0.515152,0.123853,0.239437,52,Sub bacia do Rio Carioca
3,I_3h,6,4.656230,-0.531053,8.530877,0.481481,0.155629,0.216667,0.088086,0.515152,0.120370,0.246377,52,Sub bacia do Rio Carioca
3,I_3h,7,4.656230,-0.791579,8.530877,0.481481,0.163333,0.209677,0.084466,0.515152,0.125581,0.239437,52,Sub bacia do Rio Carioca
3,I_3h,8,4.656230,-0.478947,8.530877,0.481481,0.163880,0.209677,0.084411,0.515152,0.125874,0.239437,52,Sub bacia do Rio Carioca
3,I_3h,9,4.656230,-0.478947,8.530877,0.481481,0.164430,0.209677,0.084356,0.515152,0.126168,0.239437,52,Sub bacia do Rio Carioca
3,I_3h,10,4.656230,-0.478947,8.530877,0.481481,0.171141,0.203125,0.081063,0.515152,0.130841,0.232877,52,Sub bacia do Rio Carioca
6,I_6h,1,0.196839,-0.010000,4.599083,0.612903,0.183976,0.234568,0.117318,0.588235,0.152273,0.229885,52,Sub bacia do Rio Carioca
6,I_6h,2,0.876146,-0.635263,4.939727,0.533333,0.136905,0.258065,0.118792,0.515152,0.116173,0.250000,52,Sub bacia do Rio Carioca
6,I_6h,3,0.876146,-0.635263,4.939727,0.533333,0.138138,0.258065,0.118622,0.515152,0.116972,0.250000,52,Sub bacia do Rio Carioca
6,I_6h,4,0.876146,-0.635263,4.939727,0.533333,0.138138,0.258065,0.118622,0.515152,0.116972,0.250000,52,Sub bacia do Rio Carioca
6,I_6h,5,2.234760,-1.000000,4.939727,0.533333,0.132132,0.266667,0.123430,0.515152,0.112385,0.257576,52,Sub bacia do Rio Carioca
6,I_6h,6,2.234760,-0.843684,4.939727,0.533333,0.139394,0.258065,0.118449,0.515152,0.118056,0.250000,52,Sub bacia do Rio Carioca
6,I_6h,7,1.555453,-1.000000,5.276526,0.500000,0.125000,0.267857,0.117188,0.484848,0.106977,0.258065,52,Sub bacia do Rio Carioca
6,I_6h,8,2.234760,-0.843684,4.715194,0.600000,0.165138,0.250000,0.125229,0.575758,0.137529,0.243590,52,Sub bacia do Rio Carioca
6,I_6h,9,2.234760,-0.843684,4.715194,0.600000,0.165644,0.250000,0.125153,0.575758,0.137850,0.243590,52,Sub bacia do Rio Carioca
6,I_6h,10,2.234760,-0.843684,4.715194,0.600000,0.168712,0.246575,0.122985,0.575758,0.140187,0.240506,52,Sub bacia do Rio Carioca
8,I_8h,1,0.148618,-1.000000,4.017417,0.516129,0.142450,0.242424,0.107299,0.500000,0.125000,0.236111,52,Sub bacia do Rio Carioca
8,I_8h,2,0.658078,-0.010000,3.932947,0.433333,0.094286,0.282609,0.110917,0.424242,0.086560,0.269231,52,Sub bacia do Rio Carioca
8,I_8h,3,0.658078,-0.010000,4.020346,0.433333,0.095101,0.282609,0.110817,0.424242,0.087156,0.269231,52,Sub bacia do Rio Carioca
8,I_8h,4,0.658078,-0.010000,4.020346,0.433333,0.095101,0.282609,0.110817,0.424242,0.087156,0.269231,52,Sub bacia do Rio Carioca
8,I_8h,5,0.658078,-0.062105,4.195143,0.433333,0.089337,0.295455,0.116592,0.424242,0.082569,0.280000,52,Sub bacia do Rio Carioca
8,I_8h,6,0.658078,-0.062105,4.195143,0.433333,0.087209,0.302326,0.119583,0.424242,0.081019,0.285714,52,Sub bacia do Rio Carioca
8,I_8h,7,0.658078,-0.062105,4.195143,0.433333,0.090643,0.295455,0.116425,0.424242,0.083721,0.280000,52,Sub bacia do Rio Carioca
8,I_8h,8,0.658078,-0.062105,4.195143,0.433333,0.090909,0.295455,0.116391,0.424242,0.083916,0.280000,52,Sub bacia do Rio Carioca
8,I_8h,9,0.658078,-0.062105,4.282542,0.433333,0.091176,0.295455,0.116357,0.424242,0.084112,0.280000,52,Sub bacia do Rio Carioca
8,I_8h,10,0.658078,-0.062105,4.282542,0.433333,0.091176,0.295455,0.116357,0.424242,0.084112,0.280000,52,Sub bacia do Rio Carioca
10,I_10h,1,0.530016,-0.010000,3.052826,0.483871,0.125356,0.254237,0.107597,0.470588,0.111364,0.246154,52,Sub bacia do Rio Carioca
10,I_10h,2,0.122522,-0.010000,3.475078,0.466667,0.111429,0.264151,0.109535,0.454545,0.100228,0.254237,52,Sub bacia do Rio Carioca
10,I_10h,3,0.122522,-0.010000,3.475078,0.466667,0.112392,0.264151,0.109416,0.454545,0.100917,0.254237,52,Sub bacia do Rio Carioca
10,I_10h,4,0.122522,-0.010000,3.475078,0.466667,0.112392,0.264151,0.109416,0.454545,0.100917,0.254237,52,Sub bacia do Rio Carioca
10,I_10h,5,0.122522,-0.010000,3.475078,0.466667,0.112392,0.264151,0.109416,0.454545,0.100917,0.254237,52,Sub bacia do Rio Carioca
10,I_10h,6,0.122522,-0.010000,3.475078,0.466667,0.110787,0.269231,0.111722,0.454545,0.099537,0.258621,52,Sub bacia do Rio Carioca
10,I_10h,7,0.122522,-0.010000,3.475078,0.466667,0.111437,0.269231,0.111640,0.454545,0.100000,0.258621,52,Sub bacia do Rio Carioca
10,I_10h,8,1.345004,-1.000000,2.907718,0.600000,0.179412,0.227848,0.112182,0.575758,0.153846,0.223529,52,Sub bacia do Rio Carioca
10,I_10h,9,1.345004,-1.000000,2.907718,0.600000,0.179941,0.227848,0.112109,0.575758,0.154206,0.223529,52,Sub bacia do Rio Carioca
10,I_10h,10,0.122522,-0.010000,3.475078,0.466667,0.112094,0.269231,0.111557,0.454545,0.100467,0.258621,52,Sub bacia do Rio Carioca
12,I_12h,1,0.120000,-0.010000,2.338836,0.645161,0.230284,0.215054,0.106794,0.617647,0.177273,0.212121,52,Sub bacia do Rio Carioca
12,I_12h,2,0.120000,-0.010000,2.935845,0.466667,0.129747,0.254545,0.103376,0.454545,0.104784,0.245902,52,Sub bacia do Rio Carioca
12,I_12h,3,0.120000,-0.010000,2.935845,0.466667,0.130990,0.254545,0.103228,0.454545,0.105505,0.245902,52,Sub bacia do Rio Carioca
12,I_12h,4,0.120000,-0.010000,2.935845,0.466667,0.130990,0.254545,0.103228,0.454545,0.105505,0.245902,52,Sub bacia do Rio Carioca
12,I_12h,5,0.459213,-0.635263,2.935845,0.466667,0.127796,0.259259,0.105526,0.454545,0.103211,0.250000,52,Sub bacia do Rio Carioca
12,I_12h,6,0.120000,-0.010000,2.935845,0.466667,0.129450,0.259259,0.105326,0.454545,0.104167,0.250000,52,Sub bacia do Rio Carioca
12,I_12h,7,0.120000,-0.010000,2.935845,0.466667,0.130293,0.259259,0.105224,0.454545,0.104651,0.250000,52,Sub bacia do Rio Carioca
12,I_12h,8,0.120000,-0.010000,2.935845,0.466667,0.130719,0.259259,0.105172,0.454545,0.104895,0.250000,52,Sub bacia do Rio Carioca
12,I_12h,9,0.120000,-0.010000,2.935845,0.466667,0.131148,0.259259,0.105120,0.454545,0.105140,0.250000,52,Sub bacia do Rio Carioca
12,I_12h,10,0.120000,-0.010000,2.935845,0.466667,0.131148,0.259259,0.105120,0.454545,0.105140,0.250000,52,Sub bacia do Rio Carioca
24,I_24h,1,0.100000,-0.218421,1.224416,0.645161,0.240741,0.204082,0.099968,0.617647,0.198565,0.201923,52,Sub bacia do Rio Carioca
24,I_24h,2,0.306618,-0.062105,1.023189,0.700000,0.287926,0.184211,0.091820,0.666667,0.235012,0.183333,52,Sub bacia do Rio Carioca
24,I_24h,3,0.306618,-0.062105,1.023189,0.700000,0.290625,0.184211,0.091472,0.666667,0.236715,0.183333,52,Sub bacia do Rio Carioca
24,I_24h,4,0.100000,-0.062105,1.215037,0.633333,0.246875,0.193878,0.092476,0.606061,0.202899,0.192308,52,Sub bacia do Rio Carioca
24,I_24h,5,0.100000,-0.687368,1.534783,0.466667,0.146875,0.229508,0.091373,0.454545,0.125604,0.223881,52,Sub bacia do Rio Carioca
24,I_24h,6,0.100000,-0.583158,1.534783,0.466667,0.145570,0.233333,0.093038,0.454545,0.124390,0.227273,52,Sub bacia do Rio Carioca
24,I_24h,7,0.513236,-0.114211,1.566758,0.400000,0.108280,0.260870,0.093049,0.393939,0.095588,0.250000,52,Sub bacia do Rio Carioca
24,I_24h,8,0.513236,-1.000000,1.310961,0.566667,0.207006,0.207317,0.093161,0.545455,0.171990,0.204545,52,Sub bacia do Rio Carioca
24,I_24h,9,0.513236,-0.947895,1.310961,0.566667,0.207006,0.207317,0.093161,0.545455,0.171990,0.204545,52,Sub bacia do Rio Carioca
24,I_24h,10,0.513236,-0.062105,1.534783,0.400000,0.108280,0.260870,0.093049,0.393939,0.095823,0.250000,52,Sub bacia do Rio Carioca
1/6,I_15min,1,56.283325,-0.114211,13.064072,0.370968,0.104762,0.343284,0.114006,0.367647,0.106061,0.337838,53,Sub bacia de Botafogo
1/6,I_15min,2,56.283325,-0.062105,15.063508,0.295082,0.076372,0.360000,0.098117,0.298507,0.080260,0.350877,53,Sub bacia de Botafogo
1/6,I_15min,3,56.283325,-0.062105,16.432918,0.295082,0.090909,0.321429,0.086225,0.298507,0.093682,0.317460,53,Sub bacia de Botafogo
1/6,I_15min,4,45.140545,-0.062105,16.432918,0.377049,0.155502,0.261364,0.083223,0.373134,0.152505,0.263158,53,Sub bacia de Botafogo
1/6,I_15min,5,45.140545,-0.010000,0.000000,0.393443,0.181818,0.240000,0.077258,0.388060,0.176471,0.242991,53,Sub bacia de Botafogo
1/6,I_15min,6,72.997495,-0.062105,15.068064,0.350000,0.132530,0.276316,0.083893,0.348485,0.131579,0.277108,53,Sub bacia de Botafogo
1/6,I_15min,7,156.568344,-0.062105,21.232272,0.233333,0.053269,0.388889,0.085907,0.242424,0.059471,0.372093,53,Sub bacia de Botafogo
1/6,I_15min,8,39.569155,-0.062105,19.862448,0.450000,0.204380,0.243243,0.087088,0.439394,0.196903,0.245763,53,Sub bacia de Botafogo
1/6,I_15min,9,45.140545,-0.062105,16.437888,0.483333,0.227384,0.237705,0.088766,0.469697,0.217778,0.240310,53,Sub bacia de Botafogo
1/6,I_15min,10,45.140545,-0.062105,16.437888,0.483333,0.237164,0.230159,0.084860,0.469697,0.226667,0.233083,53,Sub bacia de Botafogo
1/2,I_30min,1,37.994442,-0.218421,15.065424,0.360656,0.087963,0.366667,0.120608,0.367647,0.093074,0.367647,53,Sub bacia de Botafogo
1/2,I_30min,2,37.994442,-0.218421,15.036604,0.400000,0.134571,0.292683,0.101319,0.402985,0.136659,0.300000,53,Sub bacia de Botafogo
1/2,I_30min,3,25.492352,-0.010000,5.185036,0.450000,0.176744,0.262136,0.097112,0.447761,0.176471,0.270270,53,Sub bacia de Botafogo
1/2,I_30min,4,29.659715,-0.010000,4.666532,0.383333,0.137209,0.280488,0.092768,0.388060,0.139434,0.288889,53,Sub bacia de Botafogo
1/2,I_30min,5,88.002803,-0.062105,12.444086,0.266667,0.062791,0.372093,0.092994,0.283582,0.069717,0.372549,53,Sub bacia de Botafogo
1/2,I_30min,6,88.002803,-0.062105,12.387907,0.288136,0.070258,0.361702,0.096897,0.303030,0.076754,0.363636,53,Sub bacia de Botafogo
1/2,I_30min,7,100.504894,-0.062105,13.936395,0.288136,0.063529,0.386364,0.104253,0.303030,0.070485,0.384615,53,Sub bacia de Botafogo
1/2,I_30min,8,42.161806,-0.114211,20.130348,0.406780,0.153664,0.269663,0.092837,0.409091,0.154867,0.278351,53,Sub bacia de Botafogo
1/2,I_30min,9,42.161806,-0.114211,20.130348,0.423729,0.161520,0.268817,0.095508,0.424242,0.162222,0.277228,53,Sub bacia de Botafogo
1/2,I_30min,10,42.161806,-0.114211,20.130348,0.423729,0.166271,0.263158,0.092967,0.424242,0.166667,0.271845,53,Sub bacia de Botafogo
1,I_1h,1,126.017282,-0.270526,7.637619,0.333333,0.075472,0.384615,0.118529,0.352941,0.080087,0.393443,53,Sub bacia de Botafogo
1,I_1h,2,18.318804,-0.114211,7.646340,0.474576,0.184397,0.264151,0.102244,0.477612,0.180043,0.278261,53,Sub bacia de Botafogo
1,I_1h,3,10.626056,-0.062105,15.957579,0.322034,0.092417,0.327586,0.095744,0.343284,0.095861,0.343284,53,Sub bacia de Botafogo
1,I_1h,4,15.754555,-0.062105,10.970835,0.389831,0.139810,0.280488,0.094055,0.402985,0.139434,0.296703,53,Sub bacia de Botafogo
1,I_1h,5,15.754555,-0.062105,11.303285,0.406780,0.146919,0.279070,0.096842,0.417910,0.145969,0.294737,53,Sub bacia de Botafogo
1,I_1h,6,82.425041,-0.218421,8.239620,0.517241,0.233890,0.234375,0.092874,0.515152,0.225877,0.248175,53,Sub bacia de Botafogo
1,I_1h,7,110.631785,-0.270526,9.557959,0.534483,0.237410,0.238462,0.097195,0.530303,0.229075,0.251799,53,Sub bacia de Botafogo
1,I_1h,8,102.939037,-0.218421,8.569205,0.551724,0.245783,0.238806,0.099372,0.545455,0.236726,0.251748,53,Sub bacia de Botafogo
1,I_1h,9,105.503286,-0.166316,7.910035,0.517241,0.225182,0.243902,0.097748,0.515152,0.217778,0.257576,53,Sub bacia de Botafogo
1,I_1h,10,72.168043,-0.114211,7.580450,0.482759,0.193705,0.259259,0.100916,0.484848,0.188889,0.273504,53,Sub bacia de Botafogo
2,I_2h,1,46.444317,-0.270526,5.962151,0.350000,0.060241,0.456522,0.150157,0.367647,0.064935,0.454545,53,Sub bacia de Botafogo
2,I_2h,2,10.378444,-0.010000,0.206231,0.559322,0.195652,0.289474,0.130231,0.552239,0.186551,0.300813,53,Sub bacia de Botafogo
2,I_2h,3,7.493175,-0.062105,5.980702,0.508475,0.162228,0.309278,0.131748,0.507463,0.156863,0.320755,53,Sub bacia de Botafogo
2,I_2h,4,8.935809,-0.010000,1.856080,0.542373,0.188862,0.290909,0.127982,0.537313,0.180828,0.302521,53,Sub bacia de Botafogo
2,I_2h,5,8.935809,-0.010000,1.856080,0.542373,0.198547,0.280702,0.122017,0.537313,0.189542,0.292683,53,Sub bacia de Botafogo
2,I_2h,6,21.919524,-0.062105,5.955040,0.362069,0.090024,0.362069,0.119292,0.378788,0.092105,0.373134,53,Sub bacia de Botafogo
2,I_2h,7,30.575333,-0.062105,5.133655,0.362069,0.083130,0.381818,0.126752,0.378788,0.085903,0.390625,53,Sub bacia de Botafogo
2,I_2h,8,11.821079,-0.062105,5.955040,0.500000,0.169533,0.295918,0.122875,0.500000,0.163717,0.308411,53,Sub bacia de Botafogo
2,I_2h,9,10.378444,-0.062105,6.365733,0.500000,0.167901,0.298969,0.124386,0.500000,0.162222,0.311321,53,Sub bacia de Botafogo
2,I_2h,10,7.493175,-0.010000,2.874847,0.586207,0.229630,0.267717,0.120900,0.575758,0.217778,0.279412,53,Sub bacia de Botafogo
3,I_3h,1,20.187254,-0.166316,4.835082,0.316667,0.047619,0.500000,0.150794,0.338235,0.051948,0.489362,53,Sub bacia de Botafogo
3,I_3h,2,6.536968,-0.010000,1.364037,0.542373,0.178392,0.310680,0.138444,0.537313,0.164859,0.321429,53,Sub bacia de Botafogo
3,I_3h,3,6.536968,-0.010000,1.364037,0.542373,0.181360,0.307692,0.136618,0.537313,0.167756,0.318584,53,Sub bacia de Botafogo
3,I_3h,4,7.586990,-0.010000,1.060918,0.508475,0.168766,0.309278,0.130720,0.507463,0.156863,0.320755,53,Sub bacia de Botafogo
3,I_3h,5,0.236836,-0.114211,6.971744,0.525424,0.188917,0.292453,0.124632,0.522388,0.174292,0.304348,53,Sub bacia de Botafogo
3,I_3h,6,19.137232,-0.062105,3.931044,0.362069,0.088608,0.375000,0.123745,0.378788,0.087719,0.384615,53,Sub bacia de Botafogo
3,I_3h,7,48.537847,-0.114211,5.140596,0.344828,0.078880,0.392157,0.124560,0.363636,0.079295,0.400000,53,Sub bacia de Botafogo
3,I_3h,8,1.286858,-0.166316,6.652536,0.517241,0.186701,0.291262,0.122526,0.515152,0.172566,0.303571,53,Sub bacia de Botafogo
3,I_3h,9,5.486946,-0.010000,1.965522,0.603448,0.236504,0.275591,0.126973,0.590909,0.215556,0.286765,53,Sub bacia de Botafogo
3,I_3h,10,6.536968,-0.010000,1.209552,0.603448,0.231362,0.280000,0.129873,0.590909,0.211111,0.291045,53,Sub bacia de Botafogo
6,I_6h,1,2.626697,-0.010000,2.249467,0.483333,0.125301,0.358025,0.151362,0.485294,0.123377,0.366667,53,Sub bacia de Botafogo
6,I_6h,2,2.626697,-0.010000,2.331464,0.474576,0.125604,0.350000,0.145239,0.477612,0.123644,0.359551,53,Sub bacia de Botafogo
6,I_6h,3,1.387670,-1.000000,3.407524,0.593220,0.199029,0.299145,0.142140,0.582090,0.189542,0.309524,53,Sub bacia de Botafogo
6,I_6h,4,3.865724,-0.010000,1.165732,0.491525,0.131068,0.349398,0.149228,0.492537,0.128540,0.358696,53,Sub bacia de Botafogo
6,I_6h,5,3.246211,-0.010000,1.614090,0.508475,0.150485,0.326087,0.140855,0.507463,0.145969,0.336634,53,Sub bacia de Botafogo
6,I_6h,6,2.626697,-0.010000,2.243018,0.517241,0.146341,0.333333,0.147183,0.515152,0.142544,0.343434,53,Sub bacia de Botafogo
6,I_6h,7,17.495020,-0.114211,3.588829,0.344828,0.058824,0.454545,0.147520,0.363636,0.063877,0.452830,53,Sub bacia de Botafogo
6,I_6h,8,2.626697,-0.010000,2.243018,0.517241,0.150246,0.329670,0.144899,0.515152,0.146018,0.340000,53,Sub bacia de Botafogo
6,I_6h,9,2.626697,-0.010000,2.243018,0.517241,0.150990,0.329670,0.144772,0.515152,0.146667,0.340000,53,Sub bacia de Botafogo
6,I_6h,10,2.626697,-0.010000,2.243018,0.517241,0.153465,0.326087,0.142781,0.515152,0.148889,0.336634,53,Sub bacia de Botafogo
8,I_8h,1,1.969900,-0.010000,1.788955,0.448276,0.126190,0.329114,0.128916,0.470588,0.125541,0.355556,53,Sub bacia de Botafogo
8,I_8h,2,1.969900,-0.010000,0.891291,0.631579,0.236277,0.266667,0.128627,0.626866,0.225597,0.287671,53,Sub bacia de Botafogo
8,I_8h,3,1.047632,-0.531053,2.673873,0.561404,0.182254,0.296296,0.136025,0.567164,0.176471,0.319328,53,Sub bacia de Botafogo
8,I_8h,4,1.047632,-0.478947,2.605312,0.578947,0.201439,0.282051,0.130399,0.582090,0.193900,0.304688,53,Sub bacia de Botafogo
8,I_8h,5,0.586498,-0.218421,2.673873,0.578947,0.211031,0.272727,0.124574,0.582090,0.202614,0.295455,53,Sub bacia de Botafogo
8,I_8h,6,1.508766,-0.010000,2.126785,0.500000,0.146988,0.314607,0.134182,0.515152,0.144737,0.340000,53,Sub bacia de Botafogo
8,I_8h,7,1.508766,-0.010000,2.126785,0.500000,0.147700,0.314607,0.134070,0.515152,0.145374,0.340000,53,Sub bacia de Botafogo
8,I_8h,8,1.508766,-0.010000,2.126785,0.500000,0.150852,0.311111,0.132090,0.515152,0.148230,0.336634,53,Sub bacia de Botafogo
8,I_8h,9,1.508766,-0.010000,2.126785,0.500000,0.151589,0.311111,0.131975,0.515152,0.148889,0.336634,53,Sub bacia de Botafogo
8,I_8h,10,0.586498,-0.166316,2.675633,0.607143,0.215159,0.278689,0.132798,0.606061,0.206667,0.300752,53,Sub bacia de Botafogo
10,I_10h,1,0.489392,-0.062105,2.097792,0.568966,0.182243,0.297297,0.138325,0.573529,0.180043,0.319672,53,Sub bacia de Botafogo
10,I_10h,2,2.026865,-0.010000,0.565204,0.578947,0.185012,0.294643,0.139023,0.582090,0.182609,0.317073,53,Sub bacia de Botafogo
10,I_10h,3,0.489392,-0.478947,2.373856,0.543860,0.164706,0.306931,0.139433,0.552239,0.163755,0.330357,53,Sub bacia de Botafogo
10,I_10h,4,0.489392,-0.478947,2.373856,0.543860,0.169412,0.300971,0.135956,0.552239,0.168122,0.324561,53,Sub bacia de Botafogo
10,I_10h,5,0.873760,-0.010000,1.752132,0.543860,0.174118,0.295238,0.132610,0.552239,0.172489,0.318966,53,Sub bacia de Botafogo
10,I_10h,6,0.105023,-1.000000,2.596972,0.517857,0.161137,0.298969,0.129875,0.530303,0.160440,0.324074,53,Sub bacia de Botafogo
10,I_10h,7,0.873760,-0.010000,1.750133,0.535714,0.171429,0.294118,0.130552,0.545455,0.169978,0.318584,53,Sub bacia de Botafogo
10,I_10h,8,0.489392,-0.062105,2.145324,0.571429,0.191388,0.285714,0.132018,0.575758,0.188470,0.308943,53,Sub bacia de Botafogo
10,I_10h,9,0.489392,-0.062105,2.145324,0.571429,0.192308,0.285714,0.131868,0.575758,0.189310,0.308943,53,Sub bacia de Botafogo
10,I_10h,10,3.179969,-0.010000,0.000000,0.535714,0.168269,0.300000,0.133671,0.545455,0.167038,0.324324,53,Sub bacia de Botafogo
12,I_12h,1,1.020072,-0.010000,1.082803,0.578947,0.193237,0.292035,0.136402,0.588235,0.184382,0.320000,53,Sub bacia de Botafogo
12,I_12h,2,1.940144,-0.010000,0.281537,0.589286,0.196126,0.289474,0.137127,0.597015,0.186957,0.317460,53,Sub bacia de Botafogo
12,I_12h,3,1.326763,-0.010000,0.938456,0.553571,0.180049,0.295238,0.134009,0.567164,0.172489,0.324786,53,Sub bacia de Botafogo
12,I_12h,4,1.020072,-0.010000,1.219993,0.553571,0.182482,0.292453,0.132351,0.567164,0.174672,0.322034,53,Sub bacia de Botafogo
12,I_12h,5,0.100000,-0.270526,2.111527,0.535714,0.175182,0.294118,0.129961,0.552239,0.168122,0.324561,53,Sub bacia de Botafogo
12,I_12h,6,0.713381,-0.010000,1.494303,0.545455,0.178922,0.291262,0.130445,0.560606,0.171429,0.321739,53,Sub bacia de Botafogo
12,I_12h,7,0.713381,-0.010000,1.494303,0.545455,0.177340,0.294118,0.131978,0.560606,0.169978,0.324561,53,Sub bacia de Botafogo
12,I_12h,8,0.713381,-0.010000,1.541000,0.545455,0.175743,0.297030,0.133543,0.560606,0.168514,0.327434,53,Sub bacia de Botafogo
12,I_12h,9,0.713381,-0.010000,1.541000,0.545455,0.176617,0.297030,0.133401,0.560606,0.169265,0.327434,53,Sub bacia de Botafogo
12,I_12h,10,1.633454,-0.583158,1.961273,0.545455,0.176617,0.297030,0.133401,0.560606,0.169265,0.327434,53,Sub bacia de Botafogo
24,I_24h,1,0.100000,-0.426842,0.973470,0.611111,0.254848,0.264000,0.120218,0.621212,0.222989,0.297101,53,Sub bacia de Botafogo
24,I_24h,2,0.100000,-0.010000,0.985218,0.584906,0.236111,0.267241,0.119404,0.600000,0.207373,0.302326,53,Sub bacia de Botafogo
24,I_24h,3,0.100000,-0.010000,0.985218,0.584906,0.236769,0.267241,0.119301,0.600000,0.208333,0.302326,53,Sub bacia de Botafogo
24,I_24h,4,0.100000,-0.010000,0.985218,0.584906,0.236769,0.267241,0.119301,0.600000,0.208333,0.302326,53,Sub bacia de Botafogo
24,I_24h,5,0.100000,-0.010000,0.985218,0.584906,0.236769,0.267241,0.119301,0.600000,0.208333,0.302326,53,Sub bacia de Botafogo
24,I_24h,6,0.100000,-0.010000,0.981568,0.576923,0.235955,0.263158,0.115999,0.593750,0.207459,0.299213,53,Sub bacia de Botafogo
24,I_24h,7,0.100000,-0.635263,1.082242,0.557692,0.214689,0.276190,0.120961,0.578125,0.189696,0.313559,53,Sub bacia de Botafogo
24,I_24h,8,0.100000,-0.635263,1.082242,0.576923,0.215909,0.283019,0.128026,0.593750,0.190588,0.319328,53,Sub bacia de Botafogo
24,I_24h,9,0.100000,-0.531053,1.082242,0.576923,0.216524,0.283019,0.127926,0.593750,0.191038,0.319328,53,Sub bacia de Botafogo
24,I_24h,10,0.630928,-0.635263,1.082242,0.538462,0.193732,0.291667,0.126625,0.562500,0.172170,0.330275,53,Sub bacia de Botafogo
1/6,I_15min,1,146.693236,-0.010000,3.225650,0.285714,0.000000,1.000000,0.285714,0.250000,0.010256,0.333333,54,Micro bacia da Urca
1/6,I_15min,2,111.966859,-0.010000,17.203468,0.285714,0.004566,0.666667,0.189606,0.250000,0.012887,0.285714,54,Micro bacia da Urca
1/6,I_15min,3,117.754588,-0.010000,18.278685,0.285714,0.004587,0.666667,0.189602,0.250000,0.012953,0.285714,54,Micro bacia da Urca
1/6,I_15min,4,117.754588,-0.010000,18.278685,0.285714,0.009174,0.500000,0.141547,0.250000,0.015544,0.250000,54,Micro bacia da Urca
1/6,I_15min,5,100.391400,-0.010000,21.504335,0.285714,0.013761,0.400000,0.112713,0.250000,0.018135,0.222222,54,Micro bacia da Urca
1/6,I_15min,6,100.391400,-0.010000,21.504335,0.285714,0.018519,0.333333,0.093474,0.250000,0.020942,0.200000,54,Micro bacia da Urca
1/6,I_15min,7,100.391400,-0.010000,21.504335,0.285714,0.018519,0.333333,0.093474,0.250000,0.021053,0.200000,54,Micro bacia da Urca
1/6,I_15min,8,245.084636,-0.010000,2.150434,0.142857,0.000000,1.000000,0.142857,0.125000,0.010554,0.200000,54,Micro bacia da Urca
1/6,I_15min,9,245.084636,-0.010000,2.150434,0.142857,0.000000,1.000000,0.142857,0.125000,0.010582,0.200000,54,Micro bacia da Urca
1/6,I_15min,10,245.084636,-0.010000,2.150434,0.142857,0.000000,1.000000,0.142857,0.125000,0.010582,0.200000,54,Micro bacia da Urca
1/2,I_30min,1,103.285560,-0.010000,7.040806,0.333333,0.004739,0.666667,0.221169,0.375000,0.012821,0.375000,54,Micro bacia da Urca
1/2,I_30min,2,128.656950,-0.010000,11.734677,0.166667,0.000000,1.000000,0.166667,0.250000,0.010309,0.333333,54,Micro bacia da Urca
1/2,I_30min,3,147.685493,-0.010000,8.605430,0.166667,0.000000,1.000000,0.166667,0.250000,0.010363,0.333333,54,Micro bacia da Urca
1/2,I_30min,4,84.257018,-0.010000,15.646236,0.333333,0.019231,0.333333,0.108974,0.375000,0.020725,0.272727,54,Micro bacia da Urca
1/2,I_30min,5,84.257018,-0.010000,15.646236,0.333333,0.019231,0.333333,0.108974,0.375000,0.020725,0.272727,54,Micro bacia da Urca
1/2,I_30min,6,84.257018,-0.010000,15.646236,0.333333,0.019417,0.333333,0.108954,0.375000,0.020942,0.272727,54,Micro bacia da Urca
1/2,I_30min,7,90.599865,-0.010000,12.516989,0.333333,0.019417,0.333333,0.108954,0.375000,0.021053,0.272727,54,Micro bacia da Urca
1/2,I_30min,8,90.599865,-0.010000,12.516989,0.333333,0.019417,0.333333,0.108954,0.375000,0.021108,0.272727,54,Micro bacia da Urca
1/2,I_30min,9,90.599865,-0.010000,12.516989,0.333333,0.019417,0.333333,0.108954,0.375000,0.021164,0.272727,54,Micro bacia da Urca
1/2,I_30min,10,90.599865,-0.010000,12.516989,0.333333,0.019417,0.333333,0.108954,0.375000,0.021164,0.272727,54,Micro bacia da Urca
1,I_1h,1,52.543509,-0.062105,24.424454,0.333333,0.011628,0.500000,0.164729,0.375000,0.015385,0.333333,54,Micro bacia da Urca
1,I_1h,2,63.904289,-0.010000,0.508843,0.333333,0.023529,0.333333,0.108497,0.375000,0.020619,0.272727,54,Micro bacia da Urca
1,I_1h,3,63.904289,-0.010000,0.508843,0.333333,0.023669,0.333333,0.108481,0.375000,0.020725,0.272727,54,Micro bacia da Urca
1,I_1h,4,63.904289,-0.010000,0.508843,0.333333,0.029586,0.285714,0.092420,0.375000,0.023316,0.250000,54,Micro bacia da Urca
1,I_1h,5,63.904289,-0.010000,0.508843,0.333333,0.029586,0.285714,0.092420,0.375000,0.023316,0.250000,54,Micro bacia da Urca
1,I_1h,6,92.306239,-0.010000,10.685699,0.166667,0.005988,0.500000,0.082834,0.250000,0.013089,0.285714,54,Micro bacia da Urca
1,I_1h,7,90.412775,-0.010000,11.194542,0.166667,0.006024,0.500000,0.082831,0.250000,0.013158,0.285714,54,Micro bacia da Urca
1,I_1h,8,88.519312,-0.010000,12.212227,0.166667,0.006024,0.500000,0.082831,0.250000,0.013193,0.285714,54,Micro bacia da Urca
1,I_1h,9,88.519312,-0.010000,12.212227,0.166667,0.006024,0.500000,0.082831,0.250000,0.013228,0.285714,54,Micro bacia da Urca
1,I_1h,10,88.519312,-0.010000,12.212227,0.166667,0.006024,0.500000,0.082831,0.250000,0.013228,0.285714,54,Micro bacia da Urca
2,I_2h,1,39.284612,-0.010000,6.936726,0.166667,0.000000,1.000000,0.166667,0.250000,0.010256,0.333333,54,Micro bacia da Urca
2,I_2h,2,34.800540,-0.010000,10.405089,0.166667,0.000000,1.000000,0.166667,0.250000,0.010309,0.333333,54,Micro bacia da Urca
2,I_2h,3,37.042576,-0.010000,10.405089,0.166667,0.000000,1.000000,0.166667,0.250000,0.010363,0.333333,54,Micro bacia da Urca
2,I_2h,4,53.857846,-0.062105,15.449980,0.333333,0.036496,0.285714,0.091762,0.375000,0.023316,0.250000,54,Micro bacia da Urca
2,I_2h,5,37.042576,-0.010000,10.405089,0.166667,0.007299,0.500000,0.082725,0.250000,0.012953,0.285714,54,Micro bacia da Urca
2,I_2h,6,37.042576,-0.010000,10.405089,0.166667,0.007407,0.500000,0.082716,0.250000,0.013089,0.285714,54,Micro bacia da Urca
2,I_2h,7,35.921558,-0.010000,11.035700,0.166667,0.007463,0.500000,0.082711,0.250000,0.013158,0.285714,54,Micro bacia da Urca
2,I_2h,8,34.800540,-0.010000,11.351006,0.166667,0.007463,0.500000,0.082711,0.250000,0.013193,0.285714,54,Micro bacia da Urca
2,I_2h,9,34.800540,-0.010000,11.351006,0.166667,0.007463,0.500000,0.082711,0.250000,0.013228,0.285714,54,Micro bacia da Urca
2,I_2h,10,35.921558,-0.010000,11.035700,0.166667,0.007463,0.500000,0.082711,0.250000,0.013228,0.285714,54,Micro bacia da Urca
3,I_3h,1,27.330320,-0.010000,4.847613,0.166667,0.000000,1.000000,0.166667,0.250000,0.010256,0.333333,54,Micro bacia da Urca
3,I_3h,2,23.308554,-0.010000,8.079355,0.166667,0.000000,1.000000,0.166667,0.250000,0.010309,0.333333,54,Micro bacia da Urca
3,I_3h,3,25.721614,-0.010000,7.386839,0.166667,0.000000,1.000000,0.166667,0.250000,0.010363,0.333333,54,Micro bacia da Urca
3,I_3h,4,28.134673,-0.010000,0.692516,0.333333,0.028777,0.333333,0.107914,0.375000,0.020725,0.272727,54,Micro bacia da Urca
3,I_3h,5,30.547733,-0.010000,0.000000,0.333333,0.028777,0.333333,0.107914,0.375000,0.020725,0.272727,54,Micro bacia da Urca
3,I_3h,6,30.547733,-0.010000,0.000000,0.333333,0.029197,0.333333,0.107867,0.375000,0.020942,0.272727,54,Micro bacia da Urca
3,I_3h,7,30.547733,-0.010000,0.000000,0.333333,0.029630,0.333333,0.107819,0.375000,0.021053,0.272727,54,Micro bacia da Urca
3,I_3h,8,30.547733,-0.010000,0.000000,0.333333,0.029630,0.333333,0.107819,0.375000,0.021108,0.272727,54,Micro bacia da Urca
3,I_3h,9,29.743380,-0.010000,0.230839,0.333333,0.037037,0.285714,0.091711,0.375000,0.023810,0.250000,54,Micro bacia da Urca
3,I_3h,10,29.743380,-0.010000,0.230839,0.333333,0.037037,0.285714,0.091711,0.375000,0.023810,0.250000,54,Micro bacia da Urca
6,I_6h,1,17.346054,-0.010000,1.484254,0.285714,0.009009,0.666667,0.188760,0.250000,0.012821,0.285714,54,Micro bacia da Urca
6,I_6h,2,10.421796,-0.010000,4.287844,0.428571,0.045872,0.375000,0.153342,0.375000,0.023196,0.250000,54,Micro bacia da Urca
6,I_6h,3,10.421796,-0.010000,4.287844,0.428571,0.046296,0.375000,0.153274,0.375000,0.023316,0.250000,54,Micro bacia da Urca
6,I_6h,4,10.421796,-0.010000,4.287844,0.428571,0.046296,0.375000,0.153274,0.375000,0.023316,0.250000,54,Micro bacia da Urca
6,I_6h,5,10.421796,-0.010000,4.452761,0.428571,0.046296,0.375000,0.153274,0.375000,0.023316,0.250000,54,Micro bacia da Urca
6,I_6h,6,10.421796,-0.010000,4.452761,0.428571,0.047170,0.375000,0.153133,0.375000,0.023560,0.250000,54,Micro bacia da Urca
6,I_6h,7,10.421796,-0.010000,4.452761,0.428571,0.048077,0.375000,0.152988,0.375000,0.023684,0.250000,54,Micro bacia da Urca
6,I_6h,8,10.421796,-0.010000,4.452761,0.428571,0.048077,0.375000,0.152988,0.375000,0.023747,0.250000,54,Micro bacia da Urca
6,I_6h,9,11.410976,-0.010000,3.958010,0.428571,0.048077,0.375000,0.152988,0.375000,0.023810,0.250000,54,Micro bacia da Urca
6,I_6h,10,27.237850,-0.010000,2.473756,0.142857,0.000000,1.000000,0.142857,0.125000,0.010582,0.200000,54,Micro bacia da Urca
8,I_8h,1,15.235195,-0.010000,1.319969,0.285714,0.010309,0.666667,0.188513,0.250000,0.012821,0.285714,54,Micro bacia da Urca
8,I_8h,2,8.558232,-0.010000,3.563915,0.428571,0.052632,0.375000,0.152256,0.375000,0.023196,0.250000,54,Micro bacia da Urca
8,I_8h,3,8.558232,-0.010000,3.563915,0.428571,0.053191,0.375000,0.152166,0.375000,0.023316,0.250000,54,Micro bacia da Urca
8,I_8h,4,8.558232,-0.010000,3.563915,0.428571,0.053191,0.375000,0.152166,0.375000,0.023316,0.250000,54,Micro bacia da Urca
8,I_8h,5,8.558232,-0.010000,3.563915,0.428571,0.053191,0.375000,0.152166,0.375000,0.023316,0.250000,54,Micro bacia da Urca
8,I_8h,6,8.558232,-0.010000,3.563915,0.428571,0.054348,0.375000,0.151980,0.375000,0.023560,0.250000,54,Micro bacia da Urca
8,I_8h,7,8.558232,-0.010000,3.563915,0.428571,0.065934,0.333333,0.133438,0.375000,0.026316,0.230769,54,Micro bacia da Urca
8,I_8h,8,8.558232,-0.010000,3.563915,0.428571,0.065934,0.333333,0.133438,0.375000,0.026385,0.230769,54,Micro bacia da Urca
8,I_8h,9,7.074462,-0.010000,4.091902,0.428571,0.076923,0.300000,0.118681,0.375000,0.029101,0.214286,54,Micro bacia da Urca
8,I_8h,10,8.558232,-0.010000,3.827909,0.428571,0.065934,0.333333,0.133438,0.375000,0.026455,0.230769,54,Micro bacia da Urca
10,I_10h,1,13.969740,-0.010000,0.753468,0.285714,0.000000,1.000000,0.285714,0.250000,0.010256,0.333333,54,Micro bacia da Urca
10,I_10h,2,13.376273,-0.010000,1.184021,0.285714,0.027778,0.500000,0.138889,0.250000,0.015464,0.250000,54,Micro bacia da Urca
10,I_10h,3,13.376273,-0.010000,1.184021,0.285714,0.027778,0.500000,0.138889,0.250000,0.015544,0.250000,54,Micro bacia da Urca
10,I_10h,4,6.254669,-0.010000,3.121510,0.428571,0.083333,0.333333,0.130952,0.375000,0.025907,0.230769,54,Micro bacia da Urca
10,I_10h,5,6.254669,-0.010000,3.121510,0.428571,0.097222,0.300000,0.116071,0.375000,0.028497,0.214286,54,Micro bacia da Urca
10,I_10h,6,6.254669,-0.010000,3.121510,0.428571,0.098592,0.300000,0.115895,0.375000,0.028796,0.214286,54,Micro bacia da Urca
10,I_10h,7,6.254669,-0.010000,3.121510,0.428571,0.098592,0.300000,0.115895,0.375000,0.028947,0.214286,54,Micro bacia da Urca
10,I_10h,8,5.661202,-0.010000,3.336787,0.428571,0.098592,0.300000,0.115895,0.375000,0.029024,0.214286,54,Micro bacia da Urca
10,I_10h,9,6.254669,-0.010000,3.121510,0.428571,0.098592,0.300000,0.115895,0.375000,0.029101,0.214286,54,Micro bacia da Urca
10,I_10h,10,6.254669,-0.010000,3.121510,0.428571,0.098592,0.300000,0.115895,0.375000,0.029101,0.214286,54,Micro bacia da Urca
12,I_12h,1,11.658253,-0.010000,0.637754,0.285714,0.000000,1.000000,0.285714,0.250000,0.010256,0.333333,54,Micro bacia da Urca
12,I_12h,2,10.176524,-0.010000,1.548831,0.285714,0.027778,0.500000,0.138889,0.250000,0.015464,0.250000,54,Micro bacia da Urca
12,I_12h,3,10.176524,-0.010000,1.548831,0.285714,0.027778,0.500000,0.138889,0.250000,0.015544,0.250000,54,Micro bacia da Urca
12,I_12h,4,10.176524,-0.010000,1.548831,0.285714,0.041667,0.400000,0.109524,0.250000,0.018135,0.222222,54,Micro bacia da Urca
12,I_12h,5,11.164343,-0.010000,1.093292,0.285714,0.041667,0.400000,0.109524,0.250000,0.018135,0.222222,54,Micro bacia da Urca
12,I_12h,6,12.646072,-0.010000,0.455538,0.285714,0.042254,0.400000,0.109457,0.250000,0.018325,0.222222,54,Micro bacia da Urca
12,I_12h,7,4.743519,-0.010000,2.733231,0.428571,0.126761,0.250000,0.093561,0.375000,0.034211,0.187500,54,Micro bacia da Urca
12,I_12h,8,5.237428,-0.010000,2.733231,0.428571,0.112676,0.272727,0.103713,0.375000,0.031662,0.200000,54,Micro bacia da Urca
12,I_12h,9,5.237428,-0.010000,2.733231,0.428571,0.112676,0.272727,0.103713,0.375000,0.031746,0.200000,54,Micro bacia da Urca
12,I_12h,10,5.237428,-0.010000,2.733231,0.428571,0.112676,0.272727,0.103713,0.375000,0.031746,0.200000,54,Micro bacia da Urca
24,I_24h,1,5.342836,-0.010000,1.283404,0.285714,0.012658,0.666667,0.188065,0.250000,0.013514,0.285714,54,Micro bacia da Urca
24,I_24h,2,5.096153,-0.010000,1.488748,0.285714,0.025974,0.500000,0.139147,0.250000,0.016304,0.250000,54,Micro bacia da Urca
24,I_24h,3,5.096153,-0.010000,1.488748,0.285714,0.026316,0.500000,0.139098,0.250000,0.016393,0.250000,54,Micro bacia da Urca
24,I_24h,4,5.096153,-0.010000,1.488748,0.285714,0.026316,0.500000,0.139098,0.250000,0.016393,0.250000,54,Micro bacia da Urca
24,I_24h,5,5.096153,-0.010000,1.488748,0.285714,0.026316,0.500000,0.139098,0.250000,0.016393,0.250000,54,Micro bacia da Urca
24,I_24h,6,5.096153,-0.010000,1.488748,0.285714,0.026667,0.500000,0.139048,0.250000,0.016529,0.250000,54,Micro bacia da Urca
24,I_24h,7,5.096153,-0.010000,1.488748,0.285714,0.027027,0.500000,0.138996,0.250000,0.016620,0.250000,54,Micro bacia da Urca
24,I_24h,8,5.096153,-0.010000,1.488748,0.285714,0.027027,0.500000,0.138996,0.250000,0.016667,0.250000,54,Micro bacia da Urca
24,I_24h,9,5.096153,-0.010000,1.488748,0.285714,0.027027,0.500000,0.138996,0.250000,0.016667,0.250000,54,Micro bacia da Urca
24,I_24h,10,5.096153,-0.010000,1.488748,0.285714,0.027027,0.500000,0.138996,0.250000,0.016667,0.250000,54,Micro bacia da Urca
